input_hex,golden_hex
0000,3F80
0001,3F80
0002,3F80
0003,3F80
0004,3F80
0005,3F80
0006,3F80
0007,3F80
0008,3F80
0009,3F80
000A,3F80
000B,3F80
000C,3F80
000D,3F80
000E,3F80
000F,3F80
0010,3F80
0011,3F80
0012,3F80
0013,3F80
0014,3F80
0015,3F80
0016,3F80
0017,3F80
0018,3F80
0019,3F80
001A,3F80
001B,3F80
001C,3F80
001D,3F80
001E,3F80
001F,3F80
0020,3F80
0021,3F80
0022,3F80
0023,3F80
0024,3F80
0025,3F80
0026,3F80
0027,3F80
0028,3F80
0029,3F80
002A,3F80
002B,3F80
002C,3F80
002D,3F80
002E,3F80
002F,3F80
0030,3F80
0031,3F80
0032,3F80
0033,3F80
0034,3F80
0035,3F80
0036,3F80
0037,3F80
0038,3F80
0039,3F80
003A,3F80
003B,3F80
003C,3F80
003D,3F80
003E,3F80
003F,3F80
0040,3F80
0041,3F80
0042,3F80
0043,3F80
0044,3F80
0045,3F80
0046,3F80
0047,3F80
0048,3F80
0049,3F80
004A,3F80
004B,3F80
004C,3F80
004D,3F80
004E,3F80
004F,3F80
0050,3F80
0051,3F80
0052,3F80
0053,3F80
0054,3F80
0055,3F80
0056,3F80
0057,3F80
0058,3F80
0059,3F80
005A,3F80
005B,3F80
005C,3F80
005D,3F80
005E,3F80
005F,3F80
0060,3F80
0061,3F80
0062,3F80
0063,3F80
0064,3F80
0065,3F80
0066,3F80
0067,3F80
0068,3F80
0069,3F80
006A,3F80
006B,3F80
006C,3F80
006D,3F80
006E,3F80
006F,3F80
0070,3F80
0071,3F80
0072,3F80
0073,3F80
0074,3F80
0075,3F80
0076,3F80
0077,3F80
0078,3F80
0079,3F80
007A,3F80
007B,3F80
007C,3F80
007D,3F80
007E,3F80
007F,3F80
0080,3F80
0081,3F80
0082,3F80
0083,3F80
0084,3F80
0085,3F80
0086,3F80
0087,3F80
0088,3F80
0089,3F80
008A,3F80
008B,3F80
008C,3F80
008D,3F80
008E,3F80
008F,3F80
0090,3F80
0091,3F80
0092,3F80
0093,3F80
0094,3F80
0095,3F80
0096,3F80
0097,3F80
0098,3F80
0099,3F80
009A,3F80
009B,3F80
009C,3F80
009D,3F80
009E,3F80
009F,3F80
00A0,3F80
00A1,3F80
00A2,3F80
00A3,3F80
00A4,3F80
00A5,3F80
00A6,3F80
00A7,3F80
00A8,3F80
00A9,3F80
00AA,3F80
00AB,3F80
00AC,3F80
00AD,3F80
00AE,3F80
00AF,3F80
00B0,3F80
00B1,3F80
00B2,3F80
00B3,3F80
00B4,3F80
00B5,3F80
00B6,3F80
00B7,3F80
00B8,3F80
00B9,3F80
00BA,3F80
00BB,3F80
00BC,3F80
00BD,3F80
00BE,3F80
00BF,3F80
00C0,3F80
00C1,3F80
00C2,3F80
00C3,3F80
00C4,3F80
00C5,3F80
00C6,3F80
00C7,3F80
00C8,3F80
00C9,3F80
00CA,3F80
00CB,3F80
00CC,3F80
00CD,3F80
00CE,3F80
00CF,3F80
00D0,3F80
00D1,3F80
00D2,3F80
00D3,3F80
00D4,3F80
00D5,3F80
00D6,3F80
00D7,3F80
00D8,3F80
00D9,3F80
00DA,3F80
00DB,3F80
00DC,3F80
00DD,3F80
00DE,3F80
00DF,3F80
00E0,3F80
00E1,3F80
00E2,3F80
00E3,3F80
00E4,3F80
00E5,3F80
00E6,3F80
00E7,3F80
00E8,3F80
00E9,3F80
00EA,3F80
00EB,3F80
00EC,3F80
00ED,3F80
00EE,3F80
00EF,3F80
00F0,3F80
00F1,3F80
00F2,3F80
00F3,3F80
00F4,3F80
00F5,3F80
00F6,3F80
00F7,3F80
00F8,3F80
00F9,3F80
00FA,3F80
00FB,3F80
00FC,3F80
00FD,3F80
00FE,3F80
00FF,3F80
0100,3F80
0101,3F80
0102,3F80
0103,3F80
0104,3F80
0105,3F80
0106,3F80
0107,3F80
0108,3F80
0109,3F80
010A,3F80
010B,3F80
010C,3F80
010D,3F80
010E,3F80
010F,3F80
0110,3F80
0111,3F80
0112,3F80
0113,3F80
0114,3F80
0115,3F80
0116,3F80
0117,3F80
0118,3F80
0119,3F80
011A,3F80
011B,3F80
011C,3F80
011D,3F80
011E,3F80
011F,3F80
0120,3F80
0121,3F80
0122,3F80
0123,3F80
0124,3F80
0125,3F80
0126,3F80
0127,3F80
0128,3F80
0129,3F80
012A,3F80
012B,3F80
012C,3F80
012D,3F80
012E,3F80
012F,3F80
0130,3F80
0131,3F80
0132,3F80
0133,3F80
0134,3F80
0135,3F80
0136,3F80
0137,3F80
0138,3F80
0139,3F80
013A,3F80
013B,3F80
013C,3F80
013D,3F80
013E,3F80
013F,3F80
0140,3F80
0141,3F80
0142,3F80
0143,3F80
0144,3F80
0145,3F80
0146,3F80
0147,3F80
0148,3F80
0149,3F80
014A,3F80
014B,3F80
014C,3F80
014D,3F80
014E,3F80
014F,3F80
0150,3F80
0151,3F80
0152,3F80
0153,3F80
0154,3F80
0155,3F80
0156,3F80
0157,3F80
0158,3F80
0159,3F80
015A,3F80
015B,3F80
015C,3F80
015D,3F80
015E,3F80
015F,3F80
0160,3F80
0161,3F80
0162,3F80
0163,3F80
0164,3F80
0165,3F80
0166,3F80
0167,3F80
0168,3F80
0169,3F80
016A,3F80
016B,3F80
016C,3F80
016D,3F80
016E,3F80
016F,3F80
0170,3F80
0171,3F80
0172,3F80
0173,3F80
0174,3F80
0175,3F80
0176,3F80
0177,3F80
0178,3F80
0179,3F80
017A,3F80
017B,3F80
017C,3F80
017D,3F80
017E,3F80
017F,3F80
0180,3F80
0181,3F80
0182,3F80
0183,3F80
0184,3F80
0185,3F80
0186,3F80
0187,3F80
0188,3F80
0189,3F80
018A,3F80
018B,3F80
018C,3F80
018D,3F80
018E,3F80
018F,3F80
0190,3F80
0191,3F80
0192,3F80
0193,3F80
0194,3F80
0195,3F80
0196,3F80
0197,3F80
0198,3F80
0199,3F80
019A,3F80
019B,3F80
019C,3F80
019D,3F80
019E,3F80
019F,3F80
01A0,3F80
01A1,3F80
01A2,3F80
01A3,3F80
01A4,3F80
01A5,3F80
01A6,3F80
01A7,3F80
01A8,3F80
01A9,3F80
01AA,3F80
01AB,3F80
01AC,3F80
01AD,3F80
01AE,3F80
01AF,3F80
01B0,3F80
01B1,3F80
01B2,3F80
01B3,3F80
01B4,3F80
01B5,3F80
01B6,3F80
01B7,3F80
01B8,3F80
01B9,3F80
01BA,3F80
01BB,3F80
01BC,3F80
01BD,3F80
01BE,3F80
01BF,3F80
01C0,3F80
01C1,3F80
01C2,3F80
01C3,3F80
01C4,3F80
01C5,3F80
01C6,3F80
01C7,3F80
01C8,3F80
01C9,3F80
01CA,3F80
01CB,3F80
01CC,3F80
01CD,3F80
01CE,3F80
01CF,3F80
01D0,3F80
01D1,3F80
01D2,3F80
01D3,3F80
01D4,3F80
01D5,3F80
01D6,3F80
01D7,3F80
01D8,3F80
01D9,3F80
01DA,3F80
01DB,3F80
01DC,3F80
01DD,3F80
01DE,3F80
01DF,3F80
01E0,3F80
01E1,3F80
01E2,3F80
01E3,3F80
01E4,3F80
01E5,3F80
01E6,3F80
01E7,3F80
01E8,3F80
01E9,3F80
01EA,3F80
01EB,3F80
01EC,3F80
01ED,3F80
01EE,3F80
01EF,3F80
01F0,3F80
01F1,3F80
01F2,3F80
01F3,3F80
01F4,3F80
01F5,3F80
01F6,3F80
01F7,3F80
01F8,3F80
01F9,3F80
01FA,3F80
01FB,3F80
01FC,3F80
01FD,3F80
01FE,3F80
01FF,3F80
0200,3F80
0201,3F80
0202,3F80
0203,3F80
0204,3F80
0205,3F80
0206,3F80
0207,3F80
0208,3F80
0209,3F80
020A,3F80
020B,3F80
020C,3F80
020D,3F80
020E,3F80
020F,3F80
0210,3F80
0211,3F80
0212,3F80
0213,3F80
0214,3F80
0215,3F80
0216,3F80
0217,3F80
0218,3F80
0219,3F80
021A,3F80
021B,3F80
021C,3F80
021D,3F80
021E,3F80
021F,3F80
0220,3F80
0221,3F80
0222,3F80
0223,3F80
0224,3F80
0225,3F80
0226,3F80
0227,3F80
0228,3F80
0229,3F80
022A,3F80
022B,3F80
022C,3F80
022D,3F80
022E,3F80
022F,3F80
0230,3F80
0231,3F80
0232,3F80
0233,3F80
0234,3F80
0235,3F80
0236,3F80
0237,3F80
0238,3F80
0239,3F80
023A,3F80
023B,3F80
023C,3F80
023D,3F80
023E,3F80
023F,3F80
0240,3F80
0241,3F80
0242,3F80
0243,3F80
0244,3F80
0245,3F80
0246,3F80
0247,3F80
0248,3F80
0249,3F80
024A,3F80
024B,3F80
024C,3F80
024D,3F80
024E,3F80
024F,3F80
0250,3F80
0251,3F80
0252,3F80
0253,3F80
0254,3F80
0255,3F80
0256,3F80
0257,3F80
0258,3F80
0259,3F80
025A,3F80
025B,3F80
025C,3F80
025D,3F80
025E,3F80
025F,3F80
0260,3F80
0261,3F80
0262,3F80
0263,3F80
0264,3F80
0265,3F80
0266,3F80
0267,3F80
0268,3F80
0269,3F80
026A,3F80
026B,3F80
026C,3F80
026D,3F80
026E,3F80
026F,3F80
0270,3F80
0271,3F80
0272,3F80
0273,3F80
0274,3F80
0275,3F80
0276,3F80
0277,3F80
0278,3F80
0279,3F80
027A,3F80
027B,3F80
027C,3F80
027D,3F80
027E,3F80
027F,3F80
0280,3F80
0281,3F80
0282,3F80
0283,3F80
0284,3F80
0285,3F80
0286,3F80
0287,3F80
0288,3F80
0289,3F80
028A,3F80
028B,3F80
028C,3F80
028D,3F80
028E,3F80
028F,3F80
0290,3F80
0291,3F80
0292,3F80
0293,3F80
0294,3F80
0295,3F80
0296,3F80
0297,3F80
0298,3F80
0299,3F80
029A,3F80
029B,3F80
029C,3F80
029D,3F80
029E,3F80
029F,3F80
02A0,3F80
02A1,3F80
02A2,3F80
02A3,3F80
02A4,3F80
02A5,3F80
02A6,3F80
02A7,3F80
02A8,3F80
02A9,3F80
02AA,3F80
02AB,3F80
02AC,3F80
02AD,3F80
02AE,3F80
02AF,3F80
02B0,3F80
02B1,3F80
02B2,3F80
02B3,3F80
02B4,3F80
02B5,3F80
02B6,3F80
02B7,3F80
02B8,3F80
02B9,3F80
02BA,3F80
02BB,3F80
02BC,3F80
02BD,3F80
02BE,3F80
02BF,3F80
02C0,3F80
02C1,3F80
02C2,3F80
02C3,3F80
02C4,3F80
02C5,3F80
02C6,3F80
02C7,3F80
02C8,3F80
02C9,3F80
02CA,3F80
02CB,3F80
02CC,3F80
02CD,3F80
02CE,3F80
02CF,3F80
02D0,3F80
02D1,3F80
02D2,3F80
02D3,3F80
02D4,3F80
02D5,3F80
02D6,3F80
02D7,3F80
02D8,3F80
02D9,3F80
02DA,3F80
02DB,3F80
02DC,3F80
02DD,3F80
02DE,3F80
02DF,3F80
02E0,3F80
02E1,3F80
02E2,3F80
02E3,3F80
02E4,3F80
02E5,3F80
02E6,3F80
02E7,3F80
02E8,3F80
02E9,3F80
02EA,3F80
02EB,3F80
02EC,3F80
02ED,3F80
02EE,3F80
02EF,3F80
02F0,3F80
02F1,3F80
02F2,3F80
02F3,3F80
02F4,3F80
02F5,3F80
02F6,3F80
02F7,3F80
02F8,3F80
02F9,3F80
02FA,3F80
02FB,3F80
02FC,3F80
02FD,3F80
02FE,3F80
02FF,3F80
0300,3F80
0301,3F80
0302,3F80
0303,3F80
0304,3F80
0305,3F80
0306,3F80
0307,3F80
0308,3F80
0309,3F80
030A,3F80
030B,3F80
030C,3F80
030D,3F80
030E,3F80
030F,3F80
0310,3F80
0311,3F80
0312,3F80
0313,3F80
0314,3F80
0315,3F80
0316,3F80
0317,3F80
0318,3F80
0319,3F80
031A,3F80
031B,3F80
031C,3F80
031D,3F80
031E,3F80
031F,3F80
0320,3F80
0321,3F80
0322,3F80
0323,3F80
0324,3F80
0325,3F80
0326,3F80
0327,3F80
0328,3F80
0329,3F80
032A,3F80
032B,3F80
032C,3F80
032D,3F80
032E,3F80
032F,3F80
0330,3F80
0331,3F80
0332,3F80
0333,3F80
0334,3F80
0335,3F80
0336,3F80
0337,3F80
0338,3F80
0339,3F80
033A,3F80
033B,3F80
033C,3F80
033D,3F80
033E,3F80
033F,3F80
0340,3F80
0341,3F80
0342,3F80
0343,3F80
0344,3F80
0345,3F80
0346,3F80
0347,3F80
0348,3F80
0349,3F80
034A,3F80
034B,3F80
034C,3F80
034D,3F80
034E,3F80
034F,3F80
0350,3F80
0351,3F80
0352,3F80
0353,3F80
0354,3F80
0355,3F80
0356,3F80
0357,3F80
0358,3F80
0359,3F80
035A,3F80
035B,3F80
035C,3F80
035D,3F80
035E,3F80
035F,3F80
0360,3F80
0361,3F80
0362,3F80
0363,3F80
0364,3F80
0365,3F80
0366,3F80
0367,3F80
0368,3F80
0369,3F80
036A,3F80
036B,3F80
036C,3F80
036D,3F80
036E,3F80
036F,3F80
0370,3F80
0371,3F80
0372,3F80
0373,3F80
0374,3F80
0375,3F80
0376,3F80
0377,3F80
0378,3F80
0379,3F80
037A,3F80
037B,3F80
037C,3F80
037D,3F80
037E,3F80
037F,3F80
0380,3F80
0381,3F80
0382,3F80
0383,3F80
0384,3F80
0385,3F80
0386,3F80
0387,3F80
0388,3F80
0389,3F80
038A,3F80
038B,3F80
038C,3F80
038D,3F80
038E,3F80
038F,3F80
0390,3F80
0391,3F80
0392,3F80
0393,3F80
0394,3F80
0395,3F80
0396,3F80
0397,3F80
0398,3F80
0399,3F80
039A,3F80
039B,3F80
039C,3F80
039D,3F80
039E,3F80
039F,3F80
03A0,3F80
03A1,3F80
03A2,3F80
03A3,3F80
03A4,3F80
03A5,3F80
03A6,3F80
03A7,3F80
03A8,3F80
03A9,3F80
03AA,3F80
03AB,3F80
03AC,3F80
03AD,3F80
03AE,3F80
03AF,3F80
03B0,3F80
03B1,3F80
03B2,3F80
03B3,3F80
03B4,3F80
03B5,3F80
03B6,3F80
03B7,3F80
03B8,3F80
03B9,3F80
03BA,3F80
03BB,3F80
03BC,3F80
03BD,3F80
03BE,3F80
03BF,3F80
03C0,3F80
03C1,3F80
03C2,3F80
03C3,3F80
03C4,3F80
03C5,3F80
03C6,3F80
03C7,3F80
03C8,3F80
03C9,3F80
03CA,3F80
03CB,3F80
03CC,3F80
03CD,3F80
03CE,3F80
03CF,3F80
03D0,3F80
03D1,3F80
03D2,3F80
03D3,3F80
03D4,3F80
03D5,3F80
03D6,3F80
03D7,3F80
03D8,3F80
03D9,3F80
03DA,3F80
03DB,3F80
03DC,3F80
03DD,3F80
03DE,3F80
03DF,3F80
03E0,3F80
03E1,3F80
03E2,3F80
03E3,3F80
03E4,3F80
03E5,3F80
03E6,3F80
03E7,3F80
03E8,3F80
03E9,3F80
03EA,3F80
03EB,3F80
03EC,3F80
03ED,3F80
03EE,3F80
03EF,3F80
03F0,3F80
03F1,3F80
03F2,3F80
03F3,3F80
03F4,3F80
03F5,3F80
03F6,3F80
03F7,3F80
03F8,3F80
03F9,3F80
03FA,3F80
03FB,3F80
03FC,3F80
03FD,3F80
03FE,3F80
03FF,3F80
0400,3F80
0401,3F80
0402,3F80
0403,3F80
0404,3F80
0405,3F80
0406,3F80
0407,3F80
0408,3F80
0409,3F80
040A,3F80
040B,3F80
040C,3F80
040D,3F80
040E,3F80
040F,3F80
0410,3F80
0411,3F80
0412,3F80
0413,3F80
0414,3F80
0415,3F80
0416,3F80
0417,3F80
0418,3F80
0419,3F80
041A,3F80
041B,3F80
041C,3F80
041D,3F80
041E,3F80
041F,3F80
0420,3F80
0421,3F80
0422,3F80
0423,3F80
0424,3F80
0425,3F80
0426,3F80
0427,3F80
0428,3F80
0429,3F80
042A,3F80
042B,3F80
042C,3F80
042D,3F80
042E,3F80
042F,3F80
0430,3F80
0431,3F80
0432,3F80
0433,3F80
0434,3F80
0435,3F80
0436,3F80
0437,3F80
0438,3F80
0439,3F80
043A,3F80
043B,3F80
043C,3F80
043D,3F80
043E,3F80
043F,3F80
0440,3F80
0441,3F80
0442,3F80
0443,3F80
0444,3F80
0445,3F80
0446,3F80
0447,3F80
0448,3F80
0449,3F80
044A,3F80
044B,3F80
044C,3F80
044D,3F80
044E,3F80
044F,3F80
0450,3F80
0451,3F80
0452,3F80
0453,3F80
0454,3F80
0455,3F80
0456,3F80
0457,3F80
0458,3F80
0459,3F80
045A,3F80
045B,3F80
045C,3F80
045D,3F80
045E,3F80
045F,3F80
0460,3F80
0461,3F80
0462,3F80
0463,3F80
0464,3F80
0465,3F80
0466,3F80
0467,3F80
0468,3F80
0469,3F80
046A,3F80
046B,3F80
046C,3F80
046D,3F80
046E,3F80
046F,3F80
0470,3F80
0471,3F80
0472,3F80
0473,3F80
0474,3F80
0475,3F80
0476,3F80
0477,3F80
0478,3F80
0479,3F80
047A,3F80
047B,3F80
047C,3F80
047D,3F80
047E,3F80
047F,3F80
0480,3F80
0481,3F80
0482,3F80
0483,3F80
0484,3F80
0485,3F80
0486,3F80
0487,3F80
0488,3F80
0489,3F80
048A,3F80
048B,3F80
048C,3F80
048D,3F80
048E,3F80
048F,3F80
0490,3F80
0491,3F80
0492,3F80
0493,3F80
0494,3F80
0495,3F80
0496,3F80
0497,3F80
0498,3F80
0499,3F80
049A,3F80
049B,3F80
049C,3F80
049D,3F80
049E,3F80
049F,3F80
04A0,3F80
04A1,3F80
04A2,3F80
04A3,3F80
04A4,3F80
04A5,3F80
04A6,3F80
04A7,3F80
04A8,3F80
04A9,3F80
04AA,3F80
04AB,3F80
04AC,3F80
04AD,3F80
04AE,3F80
04AF,3F80
04B0,3F80
04B1,3F80
04B2,3F80
04B3,3F80
04B4,3F80
04B5,3F80
04B6,3F80
04B7,3F80
04B8,3F80
04B9,3F80
04BA,3F80
04BB,3F80
04BC,3F80
04BD,3F80
04BE,3F80
04BF,3F80
04C0,3F80
04C1,3F80
04C2,3F80
04C3,3F80
04C4,3F80
04C5,3F80
04C6,3F80
04C7,3F80
04C8,3F80
04C9,3F80
04CA,3F80
04CB,3F80
04CC,3F80
04CD,3F80
04CE,3F80
04CF,3F80
04D0,3F80
04D1,3F80
04D2,3F80
04D3,3F80
04D4,3F80
04D5,3F80
04D6,3F80
04D7,3F80
04D8,3F80
04D9,3F80
04DA,3F80
04DB,3F80
04DC,3F80
04DD,3F80
04DE,3F80
04DF,3F80
04E0,3F80
04E1,3F80
04E2,3F80
04E3,3F80
04E4,3F80
04E5,3F80
04E6,3F80
04E7,3F80
04E8,3F80
04E9,3F80
04EA,3F80
04EB,3F80
04EC,3F80
04ED,3F80
04EE,3F80
04EF,3F80
04F0,3F80
04F1,3F80
04F2,3F80
04F3,3F80
04F4,3F80
04F5,3F80
04F6,3F80
04F7,3F80
04F8,3F80
04F9,3F80
04FA,3F80
04FB,3F80
04FC,3F80
04FD,3F80
04FE,3F80
04FF,3F80
0500,3F80
0501,3F80
0502,3F80
0503,3F80
0504,3F80
0505,3F80
0506,3F80
0507,3F80
0508,3F80
0509,3F80
050A,3F80
050B,3F80
050C,3F80
050D,3F80
050E,3F80
050F,3F80
0510,3F80
0511,3F80
0512,3F80
0513,3F80
0514,3F80
0515,3F80
0516,3F80
0517,3F80
0518,3F80
0519,3F80
051A,3F80
051B,3F80
051C,3F80
051D,3F80
051E,3F80
051F,3F80
0520,3F80
0521,3F80
0522,3F80
0523,3F80
0524,3F80
0525,3F80
0526,3F80
0527,3F80
0528,3F80
0529,3F80
052A,3F80
052B,3F80
052C,3F80
052D,3F80
052E,3F80
052F,3F80
0530,3F80
0531,3F80
0532,3F80
0533,3F80
0534,3F80
0535,3F80
0536,3F80
0537,3F80
0538,3F80
0539,3F80
053A,3F80
053B,3F80
053C,3F80
053D,3F80
053E,3F80
053F,3F80
0540,3F80
0541,3F80
0542,3F80
0543,3F80
0544,3F80
0545,3F80
0546,3F80
0547,3F80
0548,3F80
0549,3F80
054A,3F80
054B,3F80
054C,3F80
054D,3F80
054E,3F80
054F,3F80
0550,3F80
0551,3F80
0552,3F80
0553,3F80
0554,3F80
0555,3F80
0556,3F80
0557,3F80
0558,3F80
0559,3F80
055A,3F80
055B,3F80
055C,3F80
055D,3F80
055E,3F80
055F,3F80
0560,3F80
0561,3F80
0562,3F80
0563,3F80
0564,3F80
0565,3F80
0566,3F80
0567,3F80
0568,3F80
0569,3F80
056A,3F80
056B,3F80
056C,3F80
056D,3F80
056E,3F80
056F,3F80
0570,3F80
0571,3F80
0572,3F80
0573,3F80
0574,3F80
0575,3F80
0576,3F80
0577,3F80
0578,3F80
0579,3F80
057A,3F80
057B,3F80
057C,3F80
057D,3F80
057E,3F80
057F,3F80
0580,3F80
0581,3F80
0582,3F80
0583,3F80
0584,3F80
0585,3F80
0586,3F80
0587,3F80
0588,3F80
0589,3F80
058A,3F80
058B,3F80
058C,3F80
058D,3F80
058E,3F80
058F,3F80
0590,3F80
0591,3F80
0592,3F80
0593,3F80
0594,3F80
0595,3F80
0596,3F80
0597,3F80
0598,3F80
0599,3F80
059A,3F80
059B,3F80
059C,3F80
059D,3F80
059E,3F80
059F,3F80
05A0,3F80
05A1,3F80
05A2,3F80
05A3,3F80
05A4,3F80
05A5,3F80
05A6,3F80
05A7,3F80
05A8,3F80
05A9,3F80
05AA,3F80
05AB,3F80
05AC,3F80
05AD,3F80
05AE,3F80
05AF,3F80
05B0,3F80
05B1,3F80
05B2,3F80
05B3,3F80
05B4,3F80
05B5,3F80
05B6,3F80
05B7,3F80
05B8,3F80
05B9,3F80
05BA,3F80
05BB,3F80
05BC,3F80
05BD,3F80
05BE,3F80
05BF,3F80
05C0,3F80
05C1,3F80
05C2,3F80
05C3,3F80
05C4,3F80
05C5,3F80
05C6,3F80
05C7,3F80
05C8,3F80
05C9,3F80
05CA,3F80
05CB,3F80
05CC,3F80
05CD,3F80
05CE,3F80
05CF,3F80
05D0,3F80
05D1,3F80
05D2,3F80
05D3,3F80
05D4,3F80
05D5,3F80
05D6,3F80
05D7,3F80
05D8,3F80
05D9,3F80
05DA,3F80
05DB,3F80
05DC,3F80
05DD,3F80
05DE,3F80
05DF,3F80
05E0,3F80
05E1,3F80
05E2,3F80
05E3,3F80
05E4,3F80
05E5,3F80
05E6,3F80
05E7,3F80
05E8,3F80
05E9,3F80
05EA,3F80
05EB,3F80
05EC,3F80
05ED,3F80
05EE,3F80
05EF,3F80
05F0,3F80
05F1,3F80
05F2,3F80
05F3,3F80
05F4,3F80
05F5,3F80
05F6,3F80
05F7,3F80
05F8,3F80
05F9,3F80
05FA,3F80
05FB,3F80
05FC,3F80
05FD,3F80
05FE,3F80
05FF,3F80
0600,3F80
0601,3F80
0602,3F80
0603,3F80
0604,3F80
0605,3F80
0606,3F80
0607,3F80
0608,3F80
0609,3F80
060A,3F80
060B,3F80
060C,3F80
060D,3F80
060E,3F80
060F,3F80
0610,3F80
0611,3F80
0612,3F80
0613,3F80
0614,3F80
0615,3F80
0616,3F80
0617,3F80
0618,3F80
0619,3F80
061A,3F80
061B,3F80
061C,3F80
061D,3F80
061E,3F80
061F,3F80
0620,3F80
0621,3F80
0622,3F80
0623,3F80
0624,3F80
0625,3F80
0626,3F80
0627,3F80
0628,3F80
0629,3F80
062A,3F80
062B,3F80
062C,3F80
062D,3F80
062E,3F80
062F,3F80
0630,3F80
0631,3F80
0632,3F80
0633,3F80
0634,3F80
0635,3F80
0636,3F80
0637,3F80
0638,3F80
0639,3F80
063A,3F80
063B,3F80
063C,3F80
063D,3F80
063E,3F80
063F,3F80
0640,3F80
0641,3F80
0642,3F80
0643,3F80
0644,3F80
0645,3F80
0646,3F80
0647,3F80
0648,3F80
0649,3F80
064A,3F80
064B,3F80
064C,3F80
064D,3F80
064E,3F80
064F,3F80
0650,3F80
0651,3F80
0652,3F80
0653,3F80
0654,3F80
0655,3F80
0656,3F80
0657,3F80
0658,3F80
0659,3F80
065A,3F80
065B,3F80
065C,3F80
065D,3F80
065E,3F80
065F,3F80
0660,3F80
0661,3F80
0662,3F80
0663,3F80
0664,3F80
0665,3F80
0666,3F80
0667,3F80
0668,3F80
0669,3F80
066A,3F80
066B,3F80
066C,3F80
066D,3F80
066E,3F80
066F,3F80
0670,3F80
0671,3F80
0672,3F80
0673,3F80
0674,3F80
0675,3F80
0676,3F80
0677,3F80
0678,3F80
0679,3F80
067A,3F80
067B,3F80
067C,3F80
067D,3F80
067E,3F80
067F,3F80
0680,3F80
0681,3F80
0682,3F80
0683,3F80
0684,3F80
0685,3F80
0686,3F80
0687,3F80
0688,3F80
0689,3F80
068A,3F80
068B,3F80
068C,3F80
068D,3F80
068E,3F80
068F,3F80
0690,3F80
0691,3F80
0692,3F80
0693,3F80
0694,3F80
0695,3F80
0696,3F80
0697,3F80
0698,3F80
0699,3F80
069A,3F80
069B,3F80
069C,3F80
069D,3F80
069E,3F80
069F,3F80
06A0,3F80
06A1,3F80
06A2,3F80
06A3,3F80
06A4,3F80
06A5,3F80
06A6,3F80
06A7,3F80
06A8,3F80
06A9,3F80
06AA,3F80
06AB,3F80
06AC,3F80
06AD,3F80
06AE,3F80
06AF,3F80
06B0,3F80
06B1,3F80
06B2,3F80
06B3,3F80
06B4,3F80
06B5,3F80
06B6,3F80
06B7,3F80
06B8,3F80
06B9,3F80
06BA,3F80
06BB,3F80
06BC,3F80
06BD,3F80
06BE,3F80
06BF,3F80
06C0,3F80
06C1,3F80
06C2,3F80
06C3,3F80
06C4,3F80
06C5,3F80
06C6,3F80
06C7,3F80
06C8,3F80
06C9,3F80
06CA,3F80
06CB,3F80
06CC,3F80
06CD,3F80
06CE,3F80
06CF,3F80
06D0,3F80
06D1,3F80
06D2,3F80
06D3,3F80
06D4,3F80
06D5,3F80
06D6,3F80
06D7,3F80
06D8,3F80
06D9,3F80
06DA,3F80
06DB,3F80
06DC,3F80
06DD,3F80
06DE,3F80
06DF,3F80
06E0,3F80
06E1,3F80
06E2,3F80
06E3,3F80
06E4,3F80
06E5,3F80
06E6,3F80
06E7,3F80
06E8,3F80
06E9,3F80
06EA,3F80
06EB,3F80
06EC,3F80
06ED,3F80
06EE,3F80
06EF,3F80
06F0,3F80
06F1,3F80
06F2,3F80
06F3,3F80
06F4,3F80
06F5,3F80
06F6,3F80
06F7,3F80
06F8,3F80
06F9,3F80
06FA,3F80
06FB,3F80
06FC,3F80
06FD,3F80
06FE,3F80
06FF,3F80
0700,3F80
0701,3F80
0702,3F80
0703,3F80
0704,3F80
0705,3F80
0706,3F80
0707,3F80
0708,3F80
0709,3F80
070A,3F80
070B,3F80
070C,3F80
070D,3F80
070E,3F80
070F,3F80
0710,3F80
0711,3F80
0712,3F80
0713,3F80
0714,3F80
0715,3F80
0716,3F80
0717,3F80
0718,3F80
0719,3F80
071A,3F80
071B,3F80
071C,3F80
071D,3F80
071E,3F80
071F,3F80
0720,3F80
0721,3F80
0722,3F80
0723,3F80
0724,3F80
0725,3F80
0726,3F80
0727,3F80
0728,3F80
0729,3F80
072A,3F80
072B,3F80
072C,3F80
072D,3F80
072E,3F80
072F,3F80
0730,3F80
0731,3F80
0732,3F80
0733,3F80
0734,3F80
0735,3F80
0736,3F80
0737,3F80
0738,3F80
0739,3F80
073A,3F80
073B,3F80
073C,3F80
073D,3F80
073E,3F80
073F,3F80
0740,3F80
0741,3F80
0742,3F80
0743,3F80
0744,3F80
0745,3F80
0746,3F80
0747,3F80
0748,3F80
0749,3F80
074A,3F80
074B,3F80
074C,3F80
074D,3F80
074E,3F80
074F,3F80
0750,3F80
0751,3F80
0752,3F80
0753,3F80
0754,3F80
0755,3F80
0756,3F80
0757,3F80
0758,3F80
0759,3F80
075A,3F80
075B,3F80
075C,3F80
075D,3F80
075E,3F80
075F,3F80
0760,3F80
0761,3F80
0762,3F80
0763,3F80
0764,3F80
0765,3F80
0766,3F80
0767,3F80
0768,3F80
0769,3F80
076A,3F80
076B,3F80
076C,3F80
076D,3F80
076E,3F80
076F,3F80
0770,3F80
0771,3F80
0772,3F80
0773,3F80
0774,3F80
0775,3F80
0776,3F80
0777,3F80
0778,3F80
0779,3F80
077A,3F80
077B,3F80
077C,3F80
077D,3F80
077E,3F80
077F,3F80
0780,3F80
0781,3F80
0782,3F80
0783,3F80
0784,3F80
0785,3F80
0786,3F80
0787,3F80
0788,3F80
0789,3F80
078A,3F80
078B,3F80
078C,3F80
078D,3F80
078E,3F80
078F,3F80
0790,3F80
0791,3F80
0792,3F80
0793,3F80
0794,3F80
0795,3F80
0796,3F80
0797,3F80
0798,3F80
0799,3F80
079A,3F80
079B,3F80
079C,3F80
079D,3F80
079E,3F80
079F,3F80
07A0,3F80
07A1,3F80
07A2,3F80
07A3,3F80
07A4,3F80
07A5,3F80
07A6,3F80
07A7,3F80
07A8,3F80
07A9,3F80
07AA,3F80
07AB,3F80
07AC,3F80
07AD,3F80
07AE,3F80
07AF,3F80
07B0,3F80
07B1,3F80
07B2,3F80
07B3,3F80
07B4,3F80
07B5,3F80
07B6,3F80
07B7,3F80
07B8,3F80
07B9,3F80
07BA,3F80
07BB,3F80
07BC,3F80
07BD,3F80
07BE,3F80
07BF,3F80
07C0,3F80
07C1,3F80
07C2,3F80
07C3,3F80
07C4,3F80
07C5,3F80
07C6,3F80
07C7,3F80
07C8,3F80
07C9,3F80
07CA,3F80
07CB,3F80
07CC,3F80
07CD,3F80
07CE,3F80
07CF,3F80
07D0,3F80
07D1,3F80
07D2,3F80
07D3,3F80
07D4,3F80
07D5,3F80
07D6,3F80
07D7,3F80
07D8,3F80
07D9,3F80
07DA,3F80
07DB,3F80
07DC,3F80
07DD,3F80
07DE,3F80
07DF,3F80
07E0,3F80
07E1,3F80
07E2,3F80
07E3,3F80
07E4,3F80
07E5,3F80
07E6,3F80
07E7,3F80
07E8,3F80
07E9,3F80
07EA,3F80
07EB,3F80
07EC,3F80
07ED,3F80
07EE,3F80
07EF,3F80
07F0,3F80
07F1,3F80
07F2,3F80
07F3,3F80
07F4,3F80
07F5,3F80
07F6,3F80
07F7,3F80
07F8,3F80
07F9,3F80
07FA,3F80
07FB,3F80
07FC,3F80
07FD,3F80
07FE,3F80
07FF,3F80
0800,3F80
0801,3F80
0802,3F80
0803,3F80
0804,3F80
0805,3F80
0806,3F80
0807,3F80
0808,3F80
0809,3F80
080A,3F80
080B,3F80
080C,3F80
080D,3F80
080E,3F80
080F,3F80
0810,3F80
0811,3F80
0812,3F80
0813,3F80
0814,3F80
0815,3F80
0816,3F80
0817,3F80
0818,3F80
0819,3F80
081A,3F80
081B,3F80
081C,3F80
081D,3F80
081E,3F80
081F,3F80
0820,3F80
0821,3F80
0822,3F80
0823,3F80
0824,3F80
0825,3F80
0826,3F80
0827,3F80
0828,3F80
0829,3F80
082A,3F80
082B,3F80
082C,3F80
082D,3F80
082E,3F80
082F,3F80
0830,3F80
0831,3F80
0832,3F80
0833,3F80
0834,3F80
0835,3F80
0836,3F80
0837,3F80
0838,3F80
0839,3F80
083A,3F80
083B,3F80
083C,3F80
083D,3F80
083E,3F80
083F,3F80
0840,3F80
0841,3F80
0842,3F80
0843,3F80
0844,3F80
0845,3F80
0846,3F80
0847,3F80
0848,3F80
0849,3F80
084A,3F80
084B,3F80
084C,3F80
084D,3F80
084E,3F80
084F,3F80
0850,3F80
0851,3F80
0852,3F80
0853,3F80
0854,3F80
0855,3F80
0856,3F80
0857,3F80
0858,3F80
0859,3F80
085A,3F80
085B,3F80
085C,3F80
085D,3F80
085E,3F80
085F,3F80
0860,3F80
0861,3F80
0862,3F80
0863,3F80
0864,3F80
0865,3F80
0866,3F80
0867,3F80
0868,3F80
0869,3F80
086A,3F80
086B,3F80
086C,3F80
086D,3F80
086E,3F80
086F,3F80
0870,3F80
0871,3F80
0872,3F80
0873,3F80
0874,3F80
0875,3F80
0876,3F80
0877,3F80
0878,3F80
0879,3F80
087A,3F80
087B,3F80
087C,3F80
087D,3F80
087E,3F80
087F,3F80
0880,3F80
0881,3F80
0882,3F80
0883,3F80
0884,3F80
0885,3F80
0886,3F80
0887,3F80
0888,3F80
0889,3F80
088A,3F80
088B,3F80
088C,3F80
088D,3F80
088E,3F80
088F,3F80
0890,3F80
0891,3F80
0892,3F80
0893,3F80
0894,3F80
0895,3F80
0896,3F80
0897,3F80
0898,3F80
0899,3F80
089A,3F80
089B,3F80
089C,3F80
089D,3F80
089E,3F80
089F,3F80
08A0,3F80
08A1,3F80
08A2,3F80
08A3,3F80
08A4,3F80
08A5,3F80
08A6,3F80
08A7,3F80
08A8,3F80
08A9,3F80
08AA,3F80
08AB,3F80
08AC,3F80
08AD,3F80
08AE,3F80
08AF,3F80
08B0,3F80
08B1,3F80
08B2,3F80
08B3,3F80
08B4,3F80
08B5,3F80
08B6,3F80
08B7,3F80
08B8,3F80
08B9,3F80
08BA,3F80
08BB,3F80
08BC,3F80
08BD,3F80
08BE,3F80
08BF,3F80
08C0,3F80
08C1,3F80
08C2,3F80
08C3,3F80
08C4,3F80
08C5,3F80
08C6,3F80
08C7,3F80
08C8,3F80
08C9,3F80
08CA,3F80
08CB,3F80
08CC,3F80
08CD,3F80
08CE,3F80
08CF,3F80
08D0,3F80
08D1,3F80
08D2,3F80
08D3,3F80
08D4,3F80
08D5,3F80
08D6,3F80
08D7,3F80
08D8,3F80
08D9,3F80
08DA,3F80
08DB,3F80
08DC,3F80
08DD,3F80
08DE,3F80
08DF,3F80
08E0,3F80
08E1,3F80
08E2,3F80
08E3,3F80
08E4,3F80
08E5,3F80
08E6,3F80
08E7,3F80
08E8,3F80
08E9,3F80
08EA,3F80
08EB,3F80
08EC,3F80
08ED,3F80
08EE,3F80
08EF,3F80
08F0,3F80
08F1,3F80
08F2,3F80
08F3,3F80
08F4,3F80
08F5,3F80
08F6,3F80
08F7,3F80
08F8,3F80
08F9,3F80
08FA,3F80
08FB,3F80
08FC,3F80
08FD,3F80
08FE,3F80
08FF,3F80
0900,3F80
0901,3F80
0902,3F80
0903,3F80
0904,3F80
0905,3F80
0906,3F80
0907,3F80
0908,3F80
0909,3F80
090A,3F80
090B,3F80
090C,3F80
090D,3F80
090E,3F80
090F,3F80
0910,3F80
0911,3F80
0912,3F80
0913,3F80
0914,3F80
0915,3F80
0916,3F80
0917,3F80
0918,3F80
0919,3F80
091A,3F80
091B,3F80
091C,3F80
091D,3F80
091E,3F80
091F,3F80
0920,3F80
0921,3F80
0922,3F80
0923,3F80
0924,3F80
0925,3F80
0926,3F80
0927,3F80
0928,3F80
0929,3F80
092A,3F80
092B,3F80
092C,3F80
092D,3F80
092E,3F80
092F,3F80
0930,3F80
0931,3F80
0932,3F80
0933,3F80
0934,3F80
0935,3F80
0936,3F80
0937,3F80
0938,3F80
0939,3F80
093A,3F80
093B,3F80
093C,3F80
093D,3F80
093E,3F80
093F,3F80
0940,3F80
0941,3F80
0942,3F80
0943,3F80
0944,3F80
0945,3F80
0946,3F80
0947,3F80
0948,3F80
0949,3F80
094A,3F80
094B,3F80
094C,3F80
094D,3F80
094E,3F80
094F,3F80
0950,3F80
0951,3F80
0952,3F80
0953,3F80
0954,3F80
0955,3F80
0956,3F80
0957,3F80
0958,3F80
0959,3F80
095A,3F80
095B,3F80
095C,3F80
095D,3F80
095E,3F80
095F,3F80
0960,3F80
0961,3F80
0962,3F80
0963,3F80
0964,3F80
0965,3F80
0966,3F80
0967,3F80
0968,3F80
0969,3F80
096A,3F80
096B,3F80
096C,3F80
096D,3F80
096E,3F80
096F,3F80
0970,3F80
0971,3F80
0972,3F80
0973,3F80
0974,3F80
0975,3F80
0976,3F80
0977,3F80
0978,3F80
0979,3F80
097A,3F80
097B,3F80
097C,3F80
097D,3F80
097E,3F80
097F,3F80
0980,3F80
0981,3F80
0982,3F80
0983,3F80
0984,3F80
0985,3F80
0986,3F80
0987,3F80
0988,3F80
0989,3F80
098A,3F80
098B,3F80
098C,3F80
098D,3F80
098E,3F80
098F,3F80
0990,3F80
0991,3F80
0992,3F80
0993,3F80
0994,3F80
0995,3F80
0996,3F80
0997,3F80
0998,3F80
0999,3F80
099A,3F80
099B,3F80
099C,3F80
099D,3F80
099E,3F80
099F,3F80
09A0,3F80
09A1,3F80
09A2,3F80
09A3,3F80
09A4,3F80
09A5,3F80
09A6,3F80
09A7,3F80
09A8,3F80
09A9,3F80
09AA,3F80
09AB,3F80
09AC,3F80
09AD,3F80
09AE,3F80
09AF,3F80
09B0,3F80
09B1,3F80
09B2,3F80
09B3,3F80
09B4,3F80
09B5,3F80
09B6,3F80
09B7,3F80
09B8,3F80
09B9,3F80
09BA,3F80
09BB,3F80
09BC,3F80
09BD,3F80
09BE,3F80
09BF,3F80
09C0,3F80
09C1,3F80
09C2,3F80
09C3,3F80
09C4,3F80
09C5,3F80
09C6,3F80
09C7,3F80
09C8,3F80
09C9,3F80
09CA,3F80
09CB,3F80
09CC,3F80
09CD,3F80
09CE,3F80
09CF,3F80
09D0,3F80
09D1,3F80
09D2,3F80
09D3,3F80
09D4,3F80
09D5,3F80
09D6,3F80
09D7,3F80
09D8,3F80
09D9,3F80
09DA,3F80
09DB,3F80
09DC,3F80
09DD,3F80
09DE,3F80
09DF,3F80
09E0,3F80
09E1,3F80
09E2,3F80
09E3,3F80
09E4,3F80
09E5,3F80
09E6,3F80
09E7,3F80
09E8,3F80
09E9,3F80
09EA,3F80
09EB,3F80
09EC,3F80
09ED,3F80
09EE,3F80
09EF,3F80
09F0,3F80
09F1,3F80
09F2,3F80
09F3,3F80
09F4,3F80
09F5,3F80
09F6,3F80
09F7,3F80
09F8,3F80
09F9,3F80
09FA,3F80
09FB,3F80
09FC,3F80
09FD,3F80
09FE,3F80
09FF,3F80
0A00,3F80
0A01,3F80
0A02,3F80
0A03,3F80
0A04,3F80
0A05,3F80
0A06,3F80
0A07,3F80
0A08,3F80
0A09,3F80
0A0A,3F80
0A0B,3F80
0A0C,3F80
0A0D,3F80
0A0E,3F80
0A0F,3F80
0A10,3F80
0A11,3F80
0A12,3F80
0A13,3F80
0A14,3F80
0A15,3F80
0A16,3F80
0A17,3F80
0A18,3F80
0A19,3F80
0A1A,3F80
0A1B,3F80
0A1C,3F80
0A1D,3F80
0A1E,3F80
0A1F,3F80
0A20,3F80
0A21,3F80
0A22,3F80
0A23,3F80
0A24,3F80
0A25,3F80
0A26,3F80
0A27,3F80
0A28,3F80
0A29,3F80
0A2A,3F80
0A2B,3F80
0A2C,3F80
0A2D,3F80
0A2E,3F80
0A2F,3F80
0A30,3F80
0A31,3F80
0A32,3F80
0A33,3F80
0A34,3F80
0A35,3F80
0A36,3F80
0A37,3F80
0A38,3F80
0A39,3F80
0A3A,3F80
0A3B,3F80
0A3C,3F80
0A3D,3F80
0A3E,3F80
0A3F,3F80
0A40,3F80
0A41,3F80
0A42,3F80
0A43,3F80
0A44,3F80
0A45,3F80
0A46,3F80
0A47,3F80
0A48,3F80
0A49,3F80
0A4A,3F80
0A4B,3F80
0A4C,3F80
0A4D,3F80
0A4E,3F80
0A4F,3F80
0A50,3F80
0A51,3F80
0A52,3F80
0A53,3F80
0A54,3F80
0A55,3F80
0A56,3F80
0A57,3F80
0A58,3F80
0A59,3F80
0A5A,3F80
0A5B,3F80
0A5C,3F80
0A5D,3F80
0A5E,3F80
0A5F,3F80
0A60,3F80
0A61,3F80
0A62,3F80
0A63,3F80
0A64,3F80
0A65,3F80
0A66,3F80
0A67,3F80
0A68,3F80
0A69,3F80
0A6A,3F80
0A6B,3F80
0A6C,3F80
0A6D,3F80
0A6E,3F80
0A6F,3F80
0A70,3F80
0A71,3F80
0A72,3F80
0A73,3F80
0A74,3F80
0A75,3F80
0A76,3F80
0A77,3F80
0A78,3F80
0A79,3F80
0A7A,3F80
0A7B,3F80
0A7C,3F80
0A7D,3F80
0A7E,3F80
0A7F,3F80
0A80,3F80
0A81,3F80
0A82,3F80
0A83,3F80
0A84,3F80
0A85,3F80
0A86,3F80
0A87,3F80
0A88,3F80
0A89,3F80
0A8A,3F80
0A8B,3F80
0A8C,3F80
0A8D,3F80
0A8E,3F80
0A8F,3F80
0A90,3F80
0A91,3F80
0A92,3F80
0A93,3F80
0A94,3F80
0A95,3F80
0A96,3F80
0A97,3F80
0A98,3F80
0A99,3F80
0A9A,3F80
0A9B,3F80
0A9C,3F80
0A9D,3F80
0A9E,3F80
0A9F,3F80
0AA0,3F80
0AA1,3F80
0AA2,3F80
0AA3,3F80
0AA4,3F80
0AA5,3F80
0AA6,3F80
0AA7,3F80
0AA8,3F80
0AA9,3F80
0AAA,3F80
0AAB,3F80
0AAC,3F80
0AAD,3F80
0AAE,3F80
0AAF,3F80
0AB0,3F80
0AB1,3F80
0AB2,3F80
0AB3,3F80
0AB4,3F80
0AB5,3F80
0AB6,3F80
0AB7,3F80
0AB8,3F80
0AB9,3F80
0ABA,3F80
0ABB,3F80
0ABC,3F80
0ABD,3F80
0ABE,3F80
0ABF,3F80
0AC0,3F80
0AC1,3F80
0AC2,3F80
0AC3,3F80
0AC4,3F80
0AC5,3F80
0AC6,3F80
0AC7,3F80
0AC8,3F80
0AC9,3F80
0ACA,3F80
0ACB,3F80
0ACC,3F80
0ACD,3F80
0ACE,3F80
0ACF,3F80
0AD0,3F80
0AD1,3F80
0AD2,3F80
0AD3,3F80
0AD4,3F80
0AD5,3F80
0AD6,3F80
0AD7,3F80
0AD8,3F80
0AD9,3F80
0ADA,3F80
0ADB,3F80
0ADC,3F80
0ADD,3F80
0ADE,3F80
0ADF,3F80
0AE0,3F80
0AE1,3F80
0AE2,3F80
0AE3,3F80
0AE4,3F80
0AE5,3F80
0AE6,3F80
0AE7,3F80
0AE8,3F80
0AE9,3F80
0AEA,3F80
0AEB,3F80
0AEC,3F80
0AED,3F80
0AEE,3F80
0AEF,3F80
0AF0,3F80
0AF1,3F80
0AF2,3F80
0AF3,3F80
0AF4,3F80
0AF5,3F80
0AF6,3F80
0AF7,3F80
0AF8,3F80
0AF9,3F80
0AFA,3F80
0AFB,3F80
0AFC,3F80
0AFD,3F80
0AFE,3F80
0AFF,3F80
0B00,3F80
0B01,3F80
0B02,3F80
0B03,3F80
0B04,3F80
0B05,3F80
0B06,3F80
0B07,3F80
0B08,3F80
0B09,3F80
0B0A,3F80
0B0B,3F80
0B0C,3F80
0B0D,3F80
0B0E,3F80
0B0F,3F80
0B10,3F80
0B11,3F80
0B12,3F80
0B13,3F80
0B14,3F80
0B15,3F80
0B16,3F80
0B17,3F80
0B18,3F80
0B19,3F80
0B1A,3F80
0B1B,3F80
0B1C,3F80
0B1D,3F80
0B1E,3F80
0B1F,3F80
0B20,3F80
0B21,3F80
0B22,3F80
0B23,3F80
0B24,3F80
0B25,3F80
0B26,3F80
0B27,3F80
0B28,3F80
0B29,3F80
0B2A,3F80
0B2B,3F80
0B2C,3F80
0B2D,3F80
0B2E,3F80
0B2F,3F80
0B30,3F80
0B31,3F80
0B32,3F80
0B33,3F80
0B34,3F80
0B35,3F80
0B36,3F80
0B37,3F80
0B38,3F80
0B39,3F80
0B3A,3F80
0B3B,3F80
0B3C,3F80
0B3D,3F80
0B3E,3F80
0B3F,3F80
0B40,3F80
0B41,3F80
0B42,3F80
0B43,3F80
0B44,3F80
0B45,3F80
0B46,3F80
0B47,3F80
0B48,3F80
0B49,3F80
0B4A,3F80
0B4B,3F80
0B4C,3F80
0B4D,3F80
0B4E,3F80
0B4F,3F80
0B50,3F80
0B51,3F80
0B52,3F80
0B53,3F80
0B54,3F80
0B55,3F80
0B56,3F80
0B57,3F80
0B58,3F80
0B59,3F80
0B5A,3F80
0B5B,3F80
0B5C,3F80
0B5D,3F80
0B5E,3F80
0B5F,3F80
0B60,3F80
0B61,3F80
0B62,3F80
0B63,3F80
0B64,3F80
0B65,3F80
0B66,3F80
0B67,3F80
0B68,3F80
0B69,3F80
0B6A,3F80
0B6B,3F80
0B6C,3F80
0B6D,3F80
0B6E,3F80
0B6F,3F80
0B70,3F80
0B71,3F80
0B72,3F80
0B73,3F80
0B74,3F80
0B75,3F80
0B76,3F80
0B77,3F80
0B78,3F80
0B79,3F80
0B7A,3F80
0B7B,3F80
0B7C,3F80
0B7D,3F80
0B7E,3F80
0B7F,3F80
0B80,3F80
0B81,3F80
0B82,3F80
0B83,3F80
0B84,3F80
0B85,3F80
0B86,3F80
0B87,3F80
0B88,3F80
0B89,3F80
0B8A,3F80
0B8B,3F80
0B8C,3F80
0B8D,3F80
0B8E,3F80
0B8F,3F80
0B90,3F80
0B91,3F80
0B92,3F80
0B93,3F80
0B94,3F80
0B95,3F80
0B96,3F80
0B97,3F80
0B98,3F80
0B99,3F80
0B9A,3F80
0B9B,3F80
0B9C,3F80
0B9D,3F80
0B9E,3F80
0B9F,3F80
0BA0,3F80
0BA1,3F80
0BA2,3F80
0BA3,3F80
0BA4,3F80
0BA5,3F80
0BA6,3F80
0BA7,3F80
0BA8,3F80
0BA9,3F80
0BAA,3F80
0BAB,3F80
0BAC,3F80
0BAD,3F80
0BAE,3F80
0BAF,3F80
0BB0,3F80
0BB1,3F80
0BB2,3F80
0BB3,3F80
0BB4,3F80
0BB5,3F80
0BB6,3F80
0BB7,3F80
0BB8,3F80
0BB9,3F80
0BBA,3F80
0BBB,3F80
0BBC,3F80
0BBD,3F80
0BBE,3F80
0BBF,3F80
0BC0,3F80
0BC1,3F80
0BC2,3F80
0BC3,3F80
0BC4,3F80
0BC5,3F80
0BC6,3F80
0BC7,3F80
0BC8,3F80
0BC9,3F80
0BCA,3F80
0BCB,3F80
0BCC,3F80
0BCD,3F80
0BCE,3F80
0BCF,3F80
0BD0,3F80
0BD1,3F80
0BD2,3F80
0BD3,3F80
0BD4,3F80
0BD5,3F80
0BD6,3F80
0BD7,3F80
0BD8,3F80
0BD9,3F80
0BDA,3F80
0BDB,3F80
0BDC,3F80
0BDD,3F80
0BDE,3F80
0BDF,3F80
0BE0,3F80
0BE1,3F80
0BE2,3F80
0BE3,3F80
0BE4,3F80
0BE5,3F80
0BE6,3F80
0BE7,3F80
0BE8,3F80
0BE9,3F80
0BEA,3F80
0BEB,3F80
0BEC,3F80
0BED,3F80
0BEE,3F80
0BEF,3F80
0BF0,3F80
0BF1,3F80
0BF2,3F80
0BF3,3F80
0BF4,3F80
0BF5,3F80
0BF6,3F80
0BF7,3F80
0BF8,3F80
0BF9,3F80
0BFA,3F80
0BFB,3F80
0BFC,3F80
0BFD,3F80
0BFE,3F80
0BFF,3F80
0C00,3F80
0C01,3F80
0C02,3F80
0C03,3F80
0C04,3F80
0C05,3F80
0C06,3F80
0C07,3F80
0C08,3F80
0C09,3F80
0C0A,3F80
0C0B,3F80
0C0C,3F80
0C0D,3F80
0C0E,3F80
0C0F,3F80
0C10,3F80
0C11,3F80
0C12,3F80
0C13,3F80
0C14,3F80
0C15,3F80
0C16,3F80
0C17,3F80
0C18,3F80
0C19,3F80
0C1A,3F80
0C1B,3F80
0C1C,3F80
0C1D,3F80
0C1E,3F80
0C1F,3F80
0C20,3F80
0C21,3F80
0C22,3F80
0C23,3F80
0C24,3F80
0C25,3F80
0C26,3F80
0C27,3F80
0C28,3F80
0C29,3F80
0C2A,3F80
0C2B,3F80
0C2C,3F80
0C2D,3F80
0C2E,3F80
0C2F,3F80
0C30,3F80
0C31,3F80
0C32,3F80
0C33,3F80
0C34,3F80
0C35,3F80
0C36,3F80
0C37,3F80
0C38,3F80
0C39,3F80
0C3A,3F80
0C3B,3F80
0C3C,3F80
0C3D,3F80
0C3E,3F80
0C3F,3F80
0C40,3F80
0C41,3F80
0C42,3F80
0C43,3F80
0C44,3F80
0C45,3F80
0C46,3F80
0C47,3F80
0C48,3F80
0C49,3F80
0C4A,3F80
0C4B,3F80
0C4C,3F80
0C4D,3F80
0C4E,3F80
0C4F,3F80
0C50,3F80
0C51,3F80
0C52,3F80
0C53,3F80
0C54,3F80
0C55,3F80
0C56,3F80
0C57,3F80
0C58,3F80
0C59,3F80
0C5A,3F80
0C5B,3F80
0C5C,3F80
0C5D,3F80
0C5E,3F80
0C5F,3F80
0C60,3F80
0C61,3F80
0C62,3F80
0C63,3F80
0C64,3F80
0C65,3F80
0C66,3F80
0C67,3F80
0C68,3F80
0C69,3F80
0C6A,3F80
0C6B,3F80
0C6C,3F80
0C6D,3F80
0C6E,3F80
0C6F,3F80
0C70,3F80
0C71,3F80
0C72,3F80
0C73,3F80
0C74,3F80
0C75,3F80
0C76,3F80
0C77,3F80
0C78,3F80
0C79,3F80
0C7A,3F80
0C7B,3F80
0C7C,3F80
0C7D,3F80
0C7E,3F80
0C7F,3F80
0C80,3F80
0C81,3F80
0C82,3F80
0C83,3F80
0C84,3F80
0C85,3F80
0C86,3F80
0C87,3F80
0C88,3F80
0C89,3F80
0C8A,3F80
0C8B,3F80
0C8C,3F80
0C8D,3F80
0C8E,3F80
0C8F,3F80
0C90,3F80
0C91,3F80
0C92,3F80
0C93,3F80
0C94,3F80
0C95,3F80
0C96,3F80
0C97,3F80
0C98,3F80
0C99,3F80
0C9A,3F80
0C9B,3F80
0C9C,3F80
0C9D,3F80
0C9E,3F80
0C9F,3F80
0CA0,3F80
0CA1,3F80
0CA2,3F80
0CA3,3F80
0CA4,3F80
0CA5,3F80
0CA6,3F80
0CA7,3F80
0CA8,3F80
0CA9,3F80
0CAA,3F80
0CAB,3F80
0CAC,3F80
0CAD,3F80
0CAE,3F80
0CAF,3F80
0CB0,3F80
0CB1,3F80
0CB2,3F80
0CB3,3F80
0CB4,3F80
0CB5,3F80
0CB6,3F80
0CB7,3F80
0CB8,3F80
0CB9,3F80
0CBA,3F80
0CBB,3F80
0CBC,3F80
0CBD,3F80
0CBE,3F80
0CBF,3F80
0CC0,3F80
0CC1,3F80
0CC2,3F80
0CC3,3F80
0CC4,3F80
0CC5,3F80
0CC6,3F80
0CC7,3F80
0CC8,3F80
0CC9,3F80
0CCA,3F80
0CCB,3F80
0CCC,3F80
0CCD,3F80
0CCE,3F80
0CCF,3F80
0CD0,3F80
0CD1,3F80
0CD2,3F80
0CD3,3F80
0CD4,3F80
0CD5,3F80
0CD6,3F80
0CD7,3F80
0CD8,3F80
0CD9,3F80
0CDA,3F80
0CDB,3F80
0CDC,3F80
0CDD,3F80
0CDE,3F80
0CDF,3F80
0CE0,3F80
0CE1,3F80
0CE2,3F80
0CE3,3F80
0CE4,3F80
0CE5,3F80
0CE6,3F80
0CE7,3F80
0CE8,3F80
0CE9,3F80
0CEA,3F80
0CEB,3F80
0CEC,3F80
0CED,3F80
0CEE,3F80
0CEF,3F80
0CF0,3F80
0CF1,3F80
0CF2,3F80
0CF3,3F80
0CF4,3F80
0CF5,3F80
0CF6,3F80
0CF7,3F80
0CF8,3F80
0CF9,3F80
0CFA,3F80
0CFB,3F80
0CFC,3F80
0CFD,3F80
0CFE,3F80
0CFF,3F80
0D00,3F80
0D01,3F80
0D02,3F80
0D03,3F80
0D04,3F80
0D05,3F80
0D06,3F80
0D07,3F80
0D08,3F80
0D09,3F80
0D0A,3F80
0D0B,3F80
0D0C,3F80
0D0D,3F80
0D0E,3F80
0D0F,3F80
0D10,3F80
0D11,3F80
0D12,3F80
0D13,3F80
0D14,3F80
0D15,3F80
0D16,3F80
0D17,3F80
0D18,3F80
0D19,3F80
0D1A,3F80
0D1B,3F80
0D1C,3F80
0D1D,3F80
0D1E,3F80
0D1F,3F80
0D20,3F80
0D21,3F80
0D22,3F80
0D23,3F80
0D24,3F80
0D25,3F80
0D26,3F80
0D27,3F80
0D28,3F80
0D29,3F80
0D2A,3F80
0D2B,3F80
0D2C,3F80
0D2D,3F80
0D2E,3F80
0D2F,3F80
0D30,3F80
0D31,3F80
0D32,3F80
0D33,3F80
0D34,3F80
0D35,3F80
0D36,3F80
0D37,3F80
0D38,3F80
0D39,3F80
0D3A,3F80
0D3B,3F80
0D3C,3F80
0D3D,3F80
0D3E,3F80
0D3F,3F80
0D40,3F80
0D41,3F80
0D42,3F80
0D43,3F80
0D44,3F80
0D45,3F80
0D46,3F80
0D47,3F80
0D48,3F80
0D49,3F80
0D4A,3F80
0D4B,3F80
0D4C,3F80
0D4D,3F80
0D4E,3F80
0D4F,3F80
0D50,3F80
0D51,3F80
0D52,3F80
0D53,3F80
0D54,3F80
0D55,3F80
0D56,3F80
0D57,3F80
0D58,3F80
0D59,3F80
0D5A,3F80
0D5B,3F80
0D5C,3F80
0D5D,3F80
0D5E,3F80
0D5F,3F80
0D60,3F80
0D61,3F80
0D62,3F80
0D63,3F80
0D64,3F80
0D65,3F80
0D66,3F80
0D67,3F80
0D68,3F80
0D69,3F80
0D6A,3F80
0D6B,3F80
0D6C,3F80
0D6D,3F80
0D6E,3F80
0D6F,3F80
0D70,3F80
0D71,3F80
0D72,3F80
0D73,3F80
0D74,3F80
0D75,3F80
0D76,3F80
0D77,3F80
0D78,3F80
0D79,3F80
0D7A,3F80
0D7B,3F80
0D7C,3F80
0D7D,3F80
0D7E,3F80
0D7F,3F80
0D80,3F80
0D81,3F80
0D82,3F80
0D83,3F80
0D84,3F80
0D85,3F80
0D86,3F80
0D87,3F80
0D88,3F80
0D89,3F80
0D8A,3F80
0D8B,3F80
0D8C,3F80
0D8D,3F80
0D8E,3F80
0D8F,3F80
0D90,3F80
0D91,3F80
0D92,3F80
0D93,3F80
0D94,3F80
0D95,3F80
0D96,3F80
0D97,3F80
0D98,3F80
0D99,3F80
0D9A,3F80
0D9B,3F80
0D9C,3F80
0D9D,3F80
0D9E,3F80
0D9F,3F80
0DA0,3F80
0DA1,3F80
0DA2,3F80
0DA3,3F80
0DA4,3F80
0DA5,3F80
0DA6,3F80
0DA7,3F80
0DA8,3F80
0DA9,3F80
0DAA,3F80
0DAB,3F80
0DAC,3F80
0DAD,3F80
0DAE,3F80
0DAF,3F80
0DB0,3F80
0DB1,3F80
0DB2,3F80
0DB3,3F80
0DB4,3F80
0DB5,3F80
0DB6,3F80
0DB7,3F80
0DB8,3F80
0DB9,3F80
0DBA,3F80
0DBB,3F80
0DBC,3F80
0DBD,3F80
0DBE,3F80
0DBF,3F80
0DC0,3F80
0DC1,3F80
0DC2,3F80
0DC3,3F80
0DC4,3F80
0DC5,3F80
0DC6,3F80
0DC7,3F80
0DC8,3F80
0DC9,3F80
0DCA,3F80
0DCB,3F80
0DCC,3F80
0DCD,3F80
0DCE,3F80
0DCF,3F80
0DD0,3F80
0DD1,3F80
0DD2,3F80
0DD3,3F80
0DD4,3F80
0DD5,3F80
0DD6,3F80
0DD7,3F80
0DD8,3F80
0DD9,3F80
0DDA,3F80
0DDB,3F80
0DDC,3F80
0DDD,3F80
0DDE,3F80
0DDF,3F80
0DE0,3F80
0DE1,3F80
0DE2,3F80
0DE3,3F80
0DE4,3F80
0DE5,3F80
0DE6,3F80
0DE7,3F80
0DE8,3F80
0DE9,3F80
0DEA,3F80
0DEB,3F80
0DEC,3F80
0DED,3F80
0DEE,3F80
0DEF,3F80
0DF0,3F80
0DF1,3F80
0DF2,3F80
0DF3,3F80
0DF4,3F80
0DF5,3F80
0DF6,3F80
0DF7,3F80
0DF8,3F80
0DF9,3F80
0DFA,3F80
0DFB,3F80
0DFC,3F80
0DFD,3F80
0DFE,3F80
0DFF,3F80
0E00,3F80
0E01,3F80
0E02,3F80
0E03,3F80
0E04,3F80
0E05,3F80
0E06,3F80
0E07,3F80
0E08,3F80
0E09,3F80
0E0A,3F80
0E0B,3F80
0E0C,3F80
0E0D,3F80
0E0E,3F80
0E0F,3F80
0E10,3F80
0E11,3F80
0E12,3F80
0E13,3F80
0E14,3F80
0E15,3F80
0E16,3F80
0E17,3F80
0E18,3F80
0E19,3F80
0E1A,3F80
0E1B,3F80
0E1C,3F80
0E1D,3F80
0E1E,3F80
0E1F,3F80
0E20,3F80
0E21,3F80
0E22,3F80
0E23,3F80
0E24,3F80
0E25,3F80
0E26,3F80
0E27,3F80
0E28,3F80
0E29,3F80
0E2A,3F80
0E2B,3F80
0E2C,3F80
0E2D,3F80
0E2E,3F80
0E2F,3F80
0E30,3F80
0E31,3F80
0E32,3F80
0E33,3F80
0E34,3F80
0E35,3F80
0E36,3F80
0E37,3F80
0E38,3F80
0E39,3F80
0E3A,3F80
0E3B,3F80
0E3C,3F80
0E3D,3F80
0E3E,3F80
0E3F,3F80
0E40,3F80
0E41,3F80
0E42,3F80
0E43,3F80
0E44,3F80
0E45,3F80
0E46,3F80
0E47,3F80
0E48,3F80
0E49,3F80
0E4A,3F80
0E4B,3F80
0E4C,3F80
0E4D,3F80
0E4E,3F80
0E4F,3F80
0E50,3F80
0E51,3F80
0E52,3F80
0E53,3F80
0E54,3F80
0E55,3F80
0E56,3F80
0E57,3F80
0E58,3F80
0E59,3F80
0E5A,3F80
0E5B,3F80
0E5C,3F80
0E5D,3F80
0E5E,3F80
0E5F,3F80
0E60,3F80
0E61,3F80
0E62,3F80
0E63,3F80
0E64,3F80
0E65,3F80
0E66,3F80
0E67,3F80
0E68,3F80
0E69,3F80
0E6A,3F80
0E6B,3F80
0E6C,3F80
0E6D,3F80
0E6E,3F80
0E6F,3F80
0E70,3F80
0E71,3F80
0E72,3F80
0E73,3F80
0E74,3F80
0E75,3F80
0E76,3F80
0E77,3F80
0E78,3F80
0E79,3F80
0E7A,3F80
0E7B,3F80
0E7C,3F80
0E7D,3F80
0E7E,3F80
0E7F,3F80
0E80,3F80
0E81,3F80
0E82,3F80
0E83,3F80
0E84,3F80
0E85,3F80
0E86,3F80
0E87,3F80
0E88,3F80
0E89,3F80
0E8A,3F80
0E8B,3F80
0E8C,3F80
0E8D,3F80
0E8E,3F80
0E8F,3F80
0E90,3F80
0E91,3F80
0E92,3F80
0E93,3F80
0E94,3F80
0E95,3F80
0E96,3F80
0E97,3F80
0E98,3F80
0E99,3F80
0E9A,3F80
0E9B,3F80
0E9C,3F80
0E9D,3F80
0E9E,3F80
0E9F,3F80
0EA0,3F80
0EA1,3F80
0EA2,3F80
0EA3,3F80
0EA4,3F80
0EA5,3F80
0EA6,3F80
0EA7,3F80
0EA8,3F80
0EA9,3F80
0EAA,3F80
0EAB,3F80
0EAC,3F80
0EAD,3F80
0EAE,3F80
0EAF,3F80
0EB0,3F80
0EB1,3F80
0EB2,3F80
0EB3,3F80
0EB4,3F80
0EB5,3F80
0EB6,3F80
0EB7,3F80
0EB8,3F80
0EB9,3F80
0EBA,3F80
0EBB,3F80
0EBC,3F80
0EBD,3F80
0EBE,3F80
0EBF,3F80
0EC0,3F80
0EC1,3F80
0EC2,3F80
0EC3,3F80
0EC4,3F80
0EC5,3F80
0EC6,3F80
0EC7,3F80
0EC8,3F80
0EC9,3F80
0ECA,3F80
0ECB,3F80
0ECC,3F80
0ECD,3F80
0ECE,3F80
0ECF,3F80
0ED0,3F80
0ED1,3F80
0ED2,3F80
0ED3,3F80
0ED4,3F80
0ED5,3F80
0ED6,3F80
0ED7,3F80
0ED8,3F80
0ED9,3F80
0EDA,3F80
0EDB,3F80
0EDC,3F80
0EDD,3F80
0EDE,3F80
0EDF,3F80
0EE0,3F80
0EE1,3F80
0EE2,3F80
0EE3,3F80
0EE4,3F80
0EE5,3F80
0EE6,3F80
0EE7,3F80
0EE8,3F80
0EE9,3F80
0EEA,3F80
0EEB,3F80
0EEC,3F80
0EED,3F80
0EEE,3F80
0EEF,3F80
0EF0,3F80
0EF1,3F80
0EF2,3F80
0EF3,3F80
0EF4,3F80
0EF5,3F80
0EF6,3F80
0EF7,3F80
0EF8,3F80
0EF9,3F80
0EFA,3F80
0EFB,3F80
0EFC,3F80
0EFD,3F80
0EFE,3F80
0EFF,3F80
0F00,3F80
0F01,3F80
0F02,3F80
0F03,3F80
0F04,3F80
0F05,3F80
0F06,3F80
0F07,3F80
0F08,3F80
0F09,3F80
0F0A,3F80
0F0B,3F80
0F0C,3F80
0F0D,3F80
0F0E,3F80
0F0F,3F80
0F10,3F80
0F11,3F80
0F12,3F80
0F13,3F80
0F14,3F80
0F15,3F80
0F16,3F80
0F17,3F80
0F18,3F80
0F19,3F80
0F1A,3F80
0F1B,3F80
0F1C,3F80
0F1D,3F80
0F1E,3F80
0F1F,3F80
0F20,3F80
0F21,3F80
0F22,3F80
0F23,3F80
0F24,3F80
0F25,3F80
0F26,3F80
0F27,3F80
0F28,3F80
0F29,3F80
0F2A,3F80
0F2B,3F80
0F2C,3F80
0F2D,3F80
0F2E,3F80
0F2F,3F80
0F30,3F80
0F31,3F80
0F32,3F80
0F33,3F80
0F34,3F80
0F35,3F80
0F36,3F80
0F37,3F80
0F38,3F80
0F39,3F80
0F3A,3F80
0F3B,3F80
0F3C,3F80
0F3D,3F80
0F3E,3F80
0F3F,3F80
0F40,3F80
0F41,3F80
0F42,3F80
0F43,3F80
0F44,3F80
0F45,3F80
0F46,3F80
0F47,3F80
0F48,3F80
0F49,3F80
0F4A,3F80
0F4B,3F80
0F4C,3F80
0F4D,3F80
0F4E,3F80
0F4F,3F80
0F50,3F80
0F51,3F80
0F52,3F80
0F53,3F80
0F54,3F80
0F55,3F80
0F56,3F80
0F57,3F80
0F58,3F80
0F59,3F80
0F5A,3F80
0F5B,3F80
0F5C,3F80
0F5D,3F80
0F5E,3F80
0F5F,3F80
0F60,3F80
0F61,3F80
0F62,3F80
0F63,3F80
0F64,3F80
0F65,3F80
0F66,3F80
0F67,3F80
0F68,3F80
0F69,3F80
0F6A,3F80
0F6B,3F80
0F6C,3F80
0F6D,3F80
0F6E,3F80
0F6F,3F80
0F70,3F80
0F71,3F80
0F72,3F80
0F73,3F80
0F74,3F80
0F75,3F80
0F76,3F80
0F77,3F80
0F78,3F80
0F79,3F80
0F7A,3F80
0F7B,3F80
0F7C,3F80
0F7D,3F80
0F7E,3F80
0F7F,3F80
0F80,3F80
0F81,3F80
0F82,3F80
0F83,3F80
0F84,3F80
0F85,3F80
0F86,3F80
0F87,3F80
0F88,3F80
0F89,3F80
0F8A,3F80
0F8B,3F80
0F8C,3F80
0F8D,3F80
0F8E,3F80
0F8F,3F80
0F90,3F80
0F91,3F80
0F92,3F80
0F93,3F80
0F94,3F80
0F95,3F80
0F96,3F80
0F97,3F80
0F98,3F80
0F99,3F80
0F9A,3F80
0F9B,3F80
0F9C,3F80
0F9D,3F80
0F9E,3F80
0F9F,3F80
0FA0,3F80
0FA1,3F80
0FA2,3F80
0FA3,3F80
0FA4,3F80
0FA5,3F80
0FA6,3F80
0FA7,3F80
0FA8,3F80
0FA9,3F80
0FAA,3F80
0FAB,3F80
0FAC,3F80
0FAD,3F80
0FAE,3F80
0FAF,3F80
0FB0,3F80
0FB1,3F80
0FB2,3F80
0FB3,3F80
0FB4,3F80
0FB5,3F80
0FB6,3F80
0FB7,3F80
0FB8,3F80
0FB9,3F80
0FBA,3F80
0FBB,3F80
0FBC,3F80
0FBD,3F80
0FBE,3F80
0FBF,3F80
0FC0,3F80
0FC1,3F80
0FC2,3F80
0FC3,3F80
0FC4,3F80
0FC5,3F80
0FC6,3F80
0FC7,3F80
0FC8,3F80
0FC9,3F80
0FCA,3F80
0FCB,3F80
0FCC,3F80
0FCD,3F80
0FCE,3F80
0FCF,3F80
0FD0,3F80
0FD1,3F80
0FD2,3F80
0FD3,3F80
0FD4,3F80
0FD5,3F80
0FD6,3F80
0FD7,3F80
0FD8,3F80
0FD9,3F80
0FDA,3F80
0FDB,3F80
0FDC,3F80
0FDD,3F80
0FDE,3F80
0FDF,3F80
0FE0,3F80
0FE1,3F80
0FE2,3F80
0FE3,3F80
0FE4,3F80
0FE5,3F80
0FE6,3F80
0FE7,3F80
0FE8,3F80
0FE9,3F80
0FEA,3F80
0FEB,3F80
0FEC,3F80
0FED,3F80
0FEE,3F80
0FEF,3F80
0FF0,3F80
0FF1,3F80
0FF2,3F80
0FF3,3F80
0FF4,3F80
0FF5,3F80
0FF6,3F80
0FF7,3F80
0FF8,3F80
0FF9,3F80
0FFA,3F80
0FFB,3F80
0FFC,3F80
0FFD,3F80
0FFE,3F80
0FFF,3F80
1000,3F80
1001,3F80
1002,3F80
1003,3F80
1004,3F80
1005,3F80
1006,3F80
1007,3F80
1008,3F80
1009,3F80
100A,3F80
100B,3F80
100C,3F80
100D,3F80
100E,3F80
100F,3F80
1010,3F80
1011,3F80
1012,3F80
1013,3F80
1014,3F80
1015,3F80
1016,3F80
1017,3F80
1018,3F80
1019,3F80
101A,3F80
101B,3F80
101C,3F80
101D,3F80
101E,3F80
101F,3F80
1020,3F80
1021,3F80
1022,3F80
1023,3F80
1024,3F80
1025,3F80
1026,3F80
1027,3F80
1028,3F80
1029,3F80
102A,3F80
102B,3F80
102C,3F80
102D,3F80
102E,3F80
102F,3F80
1030,3F80
1031,3F80
1032,3F80
1033,3F80
1034,3F80
1035,3F80
1036,3F80
1037,3F80
1038,3F80
1039,3F80
103A,3F80
103B,3F80
103C,3F80
103D,3F80
103E,3F80
103F,3F80
1040,3F80
1041,3F80
1042,3F80
1043,3F80
1044,3F80
1045,3F80
1046,3F80
1047,3F80
1048,3F80
1049,3F80
104A,3F80
104B,3F80
104C,3F80
104D,3F80
104E,3F80
104F,3F80
1050,3F80
1051,3F80
1052,3F80
1053,3F80
1054,3F80
1055,3F80
1056,3F80
1057,3F80
1058,3F80
1059,3F80
105A,3F80
105B,3F80
105C,3F80
105D,3F80
105E,3F80
105F,3F80
1060,3F80
1061,3F80
1062,3F80
1063,3F80
1064,3F80
1065,3F80
1066,3F80
1067,3F80
1068,3F80
1069,3F80
106A,3F80
106B,3F80
106C,3F80
106D,3F80
106E,3F80
106F,3F80
1070,3F80
1071,3F80
1072,3F80
1073,3F80
1074,3F80
1075,3F80
1076,3F80
1077,3F80
1078,3F80
1079,3F80
107A,3F80
107B,3F80
107C,3F80
107D,3F80
107E,3F80
107F,3F80
1080,3F80
1081,3F80
1082,3F80
1083,3F80
1084,3F80
1085,3F80
1086,3F80
1087,3F80
1088,3F80
1089,3F80
108A,3F80
108B,3F80
108C,3F80
108D,3F80
108E,3F80
108F,3F80
1090,3F80
1091,3F80
1092,3F80
1093,3F80
1094,3F80
1095,3F80
1096,3F80
1097,3F80
1098,3F80
1099,3F80
109A,3F80
109B,3F80
109C,3F80
109D,3F80
109E,3F80
109F,3F80
10A0,3F80
10A1,3F80
10A2,3F80
10A3,3F80
10A4,3F80
10A5,3F80
10A6,3F80
10A7,3F80
10A8,3F80
10A9,3F80
10AA,3F80
10AB,3F80
10AC,3F80
10AD,3F80
10AE,3F80
10AF,3F80
10B0,3F80
10B1,3F80
10B2,3F80
10B3,3F80
10B4,3F80
10B5,3F80
10B6,3F80
10B7,3F80
10B8,3F80
10B9,3F80
10BA,3F80
10BB,3F80
10BC,3F80
10BD,3F80
10BE,3F80
10BF,3F80
10C0,3F80
10C1,3F80
10C2,3F80
10C3,3F80
10C4,3F80
10C5,3F80
10C6,3F80
10C7,3F80
10C8,3F80
10C9,3F80
10CA,3F80
10CB,3F80
10CC,3F80
10CD,3F80
10CE,3F80
10CF,3F80
10D0,3F80
10D1,3F80
10D2,3F80
10D3,3F80
10D4,3F80
10D5,3F80
10D6,3F80
10D7,3F80
10D8,3F80
10D9,3F80
10DA,3F80
10DB,3F80
10DC,3F80
10DD,3F80
10DE,3F80
10DF,3F80
10E0,3F80
10E1,3F80
10E2,3F80
10E3,3F80
10E4,3F80
10E5,3F80
10E6,3F80
10E7,3F80
10E8,3F80
10E9,3F80
10EA,3F80
10EB,3F80
10EC,3F80
10ED,3F80
10EE,3F80
10EF,3F80
10F0,3F80
10F1,3F80
10F2,3F80
10F3,3F80
10F4,3F80
10F5,3F80
10F6,3F80
10F7,3F80
10F8,3F80
10F9,3F80
10FA,3F80
10FB,3F80
10FC,3F80
10FD,3F80
10FE,3F80
10FF,3F80
1100,3F80
1101,3F80
1102,3F80
1103,3F80
1104,3F80
1105,3F80
1106,3F80
1107,3F80
1108,3F80
1109,3F80
110A,3F80
110B,3F80
110C,3F80
110D,3F80
110E,3F80
110F,3F80
1110,3F80
1111,3F80
1112,3F80
1113,3F80
1114,3F80
1115,3F80
1116,3F80
1117,3F80
1118,3F80
1119,3F80
111A,3F80
111B,3F80
111C,3F80
111D,3F80
111E,3F80
111F,3F80
1120,3F80
1121,3F80
1122,3F80
1123,3F80
1124,3F80
1125,3F80
1126,3F80
1127,3F80
1128,3F80
1129,3F80
112A,3F80
112B,3F80
112C,3F80
112D,3F80
112E,3F80
112F,3F80
1130,3F80
1131,3F80
1132,3F80
1133,3F80
1134,3F80
1135,3F80
1136,3F80
1137,3F80
1138,3F80
1139,3F80
113A,3F80
113B,3F80
113C,3F80
113D,3F80
113E,3F80
113F,3F80
1140,3F80
1141,3F80
1142,3F80
1143,3F80
1144,3F80
1145,3F80
1146,3F80
1147,3F80
1148,3F80
1149,3F80
114A,3F80
114B,3F80
114C,3F80
114D,3F80
114E,3F80
114F,3F80
1150,3F80
1151,3F80
1152,3F80
1153,3F80
1154,3F80
1155,3F80
1156,3F80
1157,3F80
1158,3F80
1159,3F80
115A,3F80
115B,3F80
115C,3F80
115D,3F80
115E,3F80
115F,3F80
1160,3F80
1161,3F80
1162,3F80
1163,3F80
1164,3F80
1165,3F80
1166,3F80
1167,3F80
1168,3F80
1169,3F80
116A,3F80
116B,3F80
116C,3F80
116D,3F80
116E,3F80
116F,3F80
1170,3F80
1171,3F80
1172,3F80
1173,3F80
1174,3F80
1175,3F80
1176,3F80
1177,3F80
1178,3F80
1179,3F80
117A,3F80
117B,3F80
117C,3F80
117D,3F80
117E,3F80
117F,3F80
1180,3F80
1181,3F80
1182,3F80
1183,3F80
1184,3F80
1185,3F80
1186,3F80
1187,3F80
1188,3F80
1189,3F80
118A,3F80
118B,3F80
118C,3F80
118D,3F80
118E,3F80
118F,3F80
1190,3F80
1191,3F80
1192,3F80
1193,3F80
1194,3F80
1195,3F80
1196,3F80
1197,3F80
1198,3F80
1199,3F80
119A,3F80
119B,3F80
119C,3F80
119D,3F80
119E,3F80
119F,3F80
11A0,3F80
11A1,3F80
11A2,3F80
11A3,3F80
11A4,3F80
11A5,3F80
11A6,3F80
11A7,3F80
11A8,3F80
11A9,3F80
11AA,3F80
11AB,3F80
11AC,3F80
11AD,3F80
11AE,3F80
11AF,3F80
11B0,3F80
11B1,3F80
11B2,3F80
11B3,3F80
11B4,3F80
11B5,3F80
11B6,3F80
11B7,3F80
11B8,3F80
11B9,3F80
11BA,3F80
11BB,3F80
11BC,3F80
11BD,3F80
11BE,3F80
11BF,3F80
11C0,3F80
11C1,3F80
11C2,3F80
11C3,3F80
11C4,3F80
11C5,3F80
11C6,3F80
11C7,3F80
11C8,3F80
11C9,3F80
11CA,3F80
11CB,3F80
11CC,3F80
11CD,3F80
11CE,3F80
11CF,3F80
11D0,3F80
11D1,3F80
11D2,3F80
11D3,3F80
11D4,3F80
11D5,3F80
11D6,3F80
11D7,3F80
11D8,3F80
11D9,3F80
11DA,3F80
11DB,3F80
11DC,3F80
11DD,3F80
11DE,3F80
11DF,3F80
11E0,3F80
11E1,3F80
11E2,3F80
11E3,3F80
11E4,3F80
11E5,3F80
11E6,3F80
11E7,3F80
11E8,3F80
11E9,3F80
11EA,3F80
11EB,3F80
11EC,3F80
11ED,3F80
11EE,3F80
11EF,3F80
11F0,3F80
11F1,3F80
11F2,3F80
11F3,3F80
11F4,3F80
11F5,3F80
11F6,3F80
11F7,3F80
11F8,3F80
11F9,3F80
11FA,3F80
11FB,3F80
11FC,3F80
11FD,3F80
11FE,3F80
11FF,3F80
1200,3F80
1201,3F80
1202,3F80
1203,3F80
1204,3F80
1205,3F80
1206,3F80
1207,3F80
1208,3F80
1209,3F80
120A,3F80
120B,3F80
120C,3F80
120D,3F80
120E,3F80
120F,3F80
1210,3F80
1211,3F80
1212,3F80
1213,3F80
1214,3F80
1215,3F80
1216,3F80
1217,3F80
1218,3F80
1219,3F80
121A,3F80
121B,3F80
121C,3F80
121D,3F80
121E,3F80
121F,3F80
1220,3F80
1221,3F80
1222,3F80
1223,3F80
1224,3F80
1225,3F80
1226,3F80
1227,3F80
1228,3F80
1229,3F80
122A,3F80
122B,3F80
122C,3F80
122D,3F80
122E,3F80
122F,3F80
1230,3F80
1231,3F80
1232,3F80
1233,3F80
1234,3F80
1235,3F80
1236,3F80
1237,3F80
1238,3F80
1239,3F80
123A,3F80
123B,3F80
123C,3F80
123D,3F80
123E,3F80
123F,3F80
1240,3F80
1241,3F80
1242,3F80
1243,3F80
1244,3F80
1245,3F80
1246,3F80
1247,3F80
1248,3F80
1249,3F80
124A,3F80
124B,3F80
124C,3F80
124D,3F80
124E,3F80
124F,3F80
1250,3F80
1251,3F80
1252,3F80
1253,3F80
1254,3F80
1255,3F80
1256,3F80
1257,3F80
1258,3F80
1259,3F80
125A,3F80
125B,3F80
125C,3F80
125D,3F80
125E,3F80
125F,3F80
1260,3F80
1261,3F80
1262,3F80
1263,3F80
1264,3F80
1265,3F80
1266,3F80
1267,3F80
1268,3F80
1269,3F80
126A,3F80
126B,3F80
126C,3F80
126D,3F80
126E,3F80
126F,3F80
1270,3F80
1271,3F80
1272,3F80
1273,3F80
1274,3F80
1275,3F80
1276,3F80
1277,3F80
1278,3F80
1279,3F80
127A,3F80
127B,3F80
127C,3F80
127D,3F80
127E,3F80
127F,3F80
1280,3F80
1281,3F80
1282,3F80
1283,3F80
1284,3F80
1285,3F80
1286,3F80
1287,3F80
1288,3F80
1289,3F80
128A,3F80
128B,3F80
128C,3F80
128D,3F80
128E,3F80
128F,3F80
1290,3F80
1291,3F80
1292,3F80
1293,3F80
1294,3F80
1295,3F80
1296,3F80
1297,3F80
1298,3F80
1299,3F80
129A,3F80
129B,3F80
129C,3F80
129D,3F80
129E,3F80
129F,3F80
12A0,3F80
12A1,3F80
12A2,3F80
12A3,3F80
12A4,3F80
12A5,3F80
12A6,3F80
12A7,3F80
12A8,3F80
12A9,3F80
12AA,3F80
12AB,3F80
12AC,3F80
12AD,3F80
12AE,3F80
12AF,3F80
12B0,3F80
12B1,3F80
12B2,3F80
12B3,3F80
12B4,3F80
12B5,3F80
12B6,3F80
12B7,3F80
12B8,3F80
12B9,3F80
12BA,3F80
12BB,3F80
12BC,3F80
12BD,3F80
12BE,3F80
12BF,3F80
12C0,3F80
12C1,3F80
12C2,3F80
12C3,3F80
12C4,3F80
12C5,3F80
12C6,3F80
12C7,3F80
12C8,3F80
12C9,3F80
12CA,3F80
12CB,3F80
12CC,3F80
12CD,3F80
12CE,3F80
12CF,3F80
12D0,3F80
12D1,3F80
12D2,3F80
12D3,3F80
12D4,3F80
12D5,3F80
12D6,3F80
12D7,3F80
12D8,3F80
12D9,3F80
12DA,3F80
12DB,3F80
12DC,3F80
12DD,3F80
12DE,3F80
12DF,3F80
12E0,3F80
12E1,3F80
12E2,3F80
12E3,3F80
12E4,3F80
12E5,3F80
12E6,3F80
12E7,3F80
12E8,3F80
12E9,3F80
12EA,3F80
12EB,3F80
12EC,3F80
12ED,3F80
12EE,3F80
12EF,3F80
12F0,3F80
12F1,3F80
12F2,3F80
12F3,3F80
12F4,3F80
12F5,3F80
12F6,3F80
12F7,3F80
12F8,3F80
12F9,3F80
12FA,3F80
12FB,3F80
12FC,3F80
12FD,3F80
12FE,3F80
12FF,3F80
1300,3F80
1301,3F80
1302,3F80
1303,3F80
1304,3F80
1305,3F80
1306,3F80
1307,3F80
1308,3F80
1309,3F80
130A,3F80
130B,3F80
130C,3F80
130D,3F80
130E,3F80
130F,3F80
1310,3F80
1311,3F80
1312,3F80
1313,3F80
1314,3F80
1315,3F80
1316,3F80
1317,3F80
1318,3F80
1319,3F80
131A,3F80
131B,3F80
131C,3F80
131D,3F80
131E,3F80
131F,3F80
1320,3F80
1321,3F80
1322,3F80
1323,3F80
1324,3F80
1325,3F80
1326,3F80
1327,3F80
1328,3F80
1329,3F80
132A,3F80
132B,3F80
132C,3F80
132D,3F80
132E,3F80
132F,3F80
1330,3F80
1331,3F80
1332,3F80
1333,3F80
1334,3F80
1335,3F80
1336,3F80
1337,3F80
1338,3F80
1339,3F80
133A,3F80
133B,3F80
133C,3F80
133D,3F80
133E,3F80
133F,3F80
1340,3F80
1341,3F80
1342,3F80
1343,3F80
1344,3F80
1345,3F80
1346,3F80
1347,3F80
1348,3F80
1349,3F80
134A,3F80
134B,3F80
134C,3F80
134D,3F80
134E,3F80
134F,3F80
1350,3F80
1351,3F80
1352,3F80
1353,3F80
1354,3F80
1355,3F80
1356,3F80
1357,3F80
1358,3F80
1359,3F80
135A,3F80
135B,3F80
135C,3F80
135D,3F80
135E,3F80
135F,3F80
1360,3F80
1361,3F80
1362,3F80
1363,3F80
1364,3F80
1365,3F80
1366,3F80
1367,3F80
1368,3F80
1369,3F80
136A,3F80
136B,3F80
136C,3F80
136D,3F80
136E,3F80
136F,3F80
1370,3F80
1371,3F80
1372,3F80
1373,3F80
1374,3F80
1375,3F80
1376,3F80
1377,3F80
1378,3F80
1379,3F80
137A,3F80
137B,3F80
137C,3F80
137D,3F80
137E,3F80
137F,3F80
1380,3F80
1381,3F80
1382,3F80
1383,3F80
1384,3F80
1385,3F80
1386,3F80
1387,3F80
1388,3F80
1389,3F80
138A,3F80
138B,3F80
138C,3F80
138D,3F80
138E,3F80
138F,3F80
1390,3F80
1391,3F80
1392,3F80
1393,3F80
1394,3F80
1395,3F80
1396,3F80
1397,3F80
1398,3F80
1399,3F80
139A,3F80
139B,3F80
139C,3F80
139D,3F80
139E,3F80
139F,3F80
13A0,3F80
13A1,3F80
13A2,3F80
13A3,3F80
13A4,3F80
13A5,3F80
13A6,3F80
13A7,3F80
13A8,3F80
13A9,3F80
13AA,3F80
13AB,3F80
13AC,3F80
13AD,3F80
13AE,3F80
13AF,3F80
13B0,3F80
13B1,3F80
13B2,3F80
13B3,3F80
13B4,3F80
13B5,3F80
13B6,3F80
13B7,3F80
13B8,3F80
13B9,3F80
13BA,3F80
13BB,3F80
13BC,3F80
13BD,3F80
13BE,3F80
13BF,3F80
13C0,3F80
13C1,3F80
13C2,3F80
13C3,3F80
13C4,3F80
13C5,3F80
13C6,3F80
13C7,3F80
13C8,3F80
13C9,3F80
13CA,3F80
13CB,3F80
13CC,3F80
13CD,3F80
13CE,3F80
13CF,3F80
13D0,3F80
13D1,3F80
13D2,3F80
13D3,3F80
13D4,3F80
13D5,3F80
13D6,3F80
13D7,3F80
13D8,3F80
13D9,3F80
13DA,3F80
13DB,3F80
13DC,3F80
13DD,3F80
13DE,3F80
13DF,3F80
13E0,3F80
13E1,3F80
13E2,3F80
13E3,3F80
13E4,3F80
13E5,3F80
13E6,3F80
13E7,3F80
13E8,3F80
13E9,3F80
13EA,3F80
13EB,3F80
13EC,3F80
13ED,3F80
13EE,3F80
13EF,3F80
13F0,3F80
13F1,3F80
13F2,3F80
13F3,3F80
13F4,3F80
13F5,3F80
13F6,3F80
13F7,3F80
13F8,3F80
13F9,3F80
13FA,3F80
13FB,3F80
13FC,3F80
13FD,3F80
13FE,3F80
13FF,3F80
1400,3F80
1401,3F80
1402,3F80
1403,3F80
1404,3F80
1405,3F80
1406,3F80
1407,3F80
1408,3F80
1409,3F80
140A,3F80
140B,3F80
140C,3F80
140D,3F80
140E,3F80
140F,3F80
1410,3F80
1411,3F80
1412,3F80
1413,3F80
1414,3F80
1415,3F80
1416,3F80
1417,3F80
1418,3F80
1419,3F80
141A,3F80
141B,3F80
141C,3F80
141D,3F80
141E,3F80
141F,3F80
1420,3F80
1421,3F80
1422,3F80
1423,3F80
1424,3F80
1425,3F80
1426,3F80
1427,3F80
1428,3F80
1429,3F80
142A,3F80
142B,3F80
142C,3F80
142D,3F80
142E,3F80
142F,3F80
1430,3F80
1431,3F80
1432,3F80
1433,3F80
1434,3F80
1435,3F80
1436,3F80
1437,3F80
1438,3F80
1439,3F80
143A,3F80
143B,3F80
143C,3F80
143D,3F80
143E,3F80
143F,3F80
1440,3F80
1441,3F80
1442,3F80
1443,3F80
1444,3F80
1445,3F80
1446,3F80
1447,3F80
1448,3F80
1449,3F80
144A,3F80
144B,3F80
144C,3F80
144D,3F80
144E,3F80
144F,3F80
1450,3F80
1451,3F80
1452,3F80
1453,3F80
1454,3F80
1455,3F80
1456,3F80
1457,3F80
1458,3F80
1459,3F80
145A,3F80
145B,3F80
145C,3F80
145D,3F80
145E,3F80
145F,3F80
1460,3F80
1461,3F80
1462,3F80
1463,3F80
1464,3F80
1465,3F80
1466,3F80
1467,3F80
1468,3F80
1469,3F80
146A,3F80
146B,3F80
146C,3F80
146D,3F80
146E,3F80
146F,3F80
1470,3F80
1471,3F80
1472,3F80
1473,3F80
1474,3F80
1475,3F80
1476,3F80
1477,3F80
1478,3F80
1479,3F80
147A,3F80
147B,3F80
147C,3F80
147D,3F80
147E,3F80
147F,3F80
1480,3F80
1481,3F80
1482,3F80
1483,3F80
1484,3F80
1485,3F80
1486,3F80
1487,3F80
1488,3F80
1489,3F80
148A,3F80
148B,3F80
148C,3F80
148D,3F80
148E,3F80
148F,3F80
1490,3F80
1491,3F80
1492,3F80
1493,3F80
1494,3F80
1495,3F80
1496,3F80
1497,3F80
1498,3F80
1499,3F80
149A,3F80
149B,3F80
149C,3F80
149D,3F80
149E,3F80
149F,3F80
14A0,3F80
14A1,3F80
14A2,3F80
14A3,3F80
14A4,3F80
14A5,3F80
14A6,3F80
14A7,3F80
14A8,3F80
14A9,3F80
14AA,3F80
14AB,3F80
14AC,3F80
14AD,3F80
14AE,3F80
14AF,3F80
14B0,3F80
14B1,3F80
14B2,3F80
14B3,3F80
14B4,3F80
14B5,3F80
14B6,3F80
14B7,3F80
14B8,3F80
14B9,3F80
14BA,3F80
14BB,3F80
14BC,3F80
14BD,3F80
14BE,3F80
14BF,3F80
14C0,3F80
14C1,3F80
14C2,3F80
14C3,3F80
14C4,3F80
14C5,3F80
14C6,3F80
14C7,3F80
14C8,3F80
14C9,3F80
14CA,3F80
14CB,3F80
14CC,3F80
14CD,3F80
14CE,3F80
14CF,3F80
14D0,3F80
14D1,3F80
14D2,3F80
14D3,3F80
14D4,3F80
14D5,3F80
14D6,3F80
14D7,3F80
14D8,3F80
14D9,3F80
14DA,3F80
14DB,3F80
14DC,3F80
14DD,3F80
14DE,3F80
14DF,3F80
14E0,3F80
14E1,3F80
14E2,3F80
14E3,3F80
14E4,3F80
14E5,3F80
14E6,3F80
14E7,3F80
14E8,3F80
14E9,3F80
14EA,3F80
14EB,3F80
14EC,3F80
14ED,3F80
14EE,3F80
14EF,3F80
14F0,3F80
14F1,3F80
14F2,3F80
14F3,3F80
14F4,3F80
14F5,3F80
14F6,3F80
14F7,3F80
14F8,3F80
14F9,3F80
14FA,3F80
14FB,3F80
14FC,3F80
14FD,3F80
14FE,3F80
14FF,3F80
1500,3F80
1501,3F80
1502,3F80
1503,3F80
1504,3F80
1505,3F80
1506,3F80
1507,3F80
1508,3F80
1509,3F80
150A,3F80
150B,3F80
150C,3F80
150D,3F80
150E,3F80
150F,3F80
1510,3F80
1511,3F80
1512,3F80
1513,3F80
1514,3F80
1515,3F80
1516,3F80
1517,3F80
1518,3F80
1519,3F80
151A,3F80
151B,3F80
151C,3F80
151D,3F80
151E,3F80
151F,3F80
1520,3F80
1521,3F80
1522,3F80
1523,3F80
1524,3F80
1525,3F80
1526,3F80
1527,3F80
1528,3F80
1529,3F80
152A,3F80
152B,3F80
152C,3F80
152D,3F80
152E,3F80
152F,3F80
1530,3F80
1531,3F80
1532,3F80
1533,3F80
1534,3F80
1535,3F80
1536,3F80
1537,3F80
1538,3F80
1539,3F80
153A,3F80
153B,3F80
153C,3F80
153D,3F80
153E,3F80
153F,3F80
1540,3F80
1541,3F80
1542,3F80
1543,3F80
1544,3F80
1545,3F80
1546,3F80
1547,3F80
1548,3F80
1549,3F80
154A,3F80
154B,3F80
154C,3F80
154D,3F80
154E,3F80
154F,3F80
1550,3F80
1551,3F80
1552,3F80
1553,3F80
1554,3F80
1555,3F80
1556,3F80
1557,3F80
1558,3F80
1559,3F80
155A,3F80
155B,3F80
155C,3F80
155D,3F80
155E,3F80
155F,3F80
1560,3F80
1561,3F80
1562,3F80
1563,3F80
1564,3F80
1565,3F80
1566,3F80
1567,3F80
1568,3F80
1569,3F80
156A,3F80
156B,3F80
156C,3F80
156D,3F80
156E,3F80
156F,3F80
1570,3F80
1571,3F80
1572,3F80
1573,3F80
1574,3F80
1575,3F80
1576,3F80
1577,3F80
1578,3F80
1579,3F80
157A,3F80
157B,3F80
157C,3F80
157D,3F80
157E,3F80
157F,3F80
1580,3F80
1581,3F80
1582,3F80
1583,3F80
1584,3F80
1585,3F80
1586,3F80
1587,3F80
1588,3F80
1589,3F80
158A,3F80
158B,3F80
158C,3F80
158D,3F80
158E,3F80
158F,3F80
1590,3F80
1591,3F80
1592,3F80
1593,3F80
1594,3F80
1595,3F80
1596,3F80
1597,3F80
1598,3F80
1599,3F80
159A,3F80
159B,3F80
159C,3F80
159D,3F80
159E,3F80
159F,3F80
15A0,3F80
15A1,3F80
15A2,3F80
15A3,3F80
15A4,3F80
15A5,3F80
15A6,3F80
15A7,3F80
15A8,3F80
15A9,3F80
15AA,3F80
15AB,3F80
15AC,3F80
15AD,3F80
15AE,3F80
15AF,3F80
15B0,3F80
15B1,3F80
15B2,3F80
15B3,3F80
15B4,3F80
15B5,3F80
15B6,3F80
15B7,3F80
15B8,3F80
15B9,3F80
15BA,3F80
15BB,3F80
15BC,3F80
15BD,3F80
15BE,3F80
15BF,3F80
15C0,3F80
15C1,3F80
15C2,3F80
15C3,3F80
15C4,3F80
15C5,3F80
15C6,3F80
15C7,3F80
15C8,3F80
15C9,3F80
15CA,3F80
15CB,3F80
15CC,3F80
15CD,3F80
15CE,3F80
15CF,3F80
15D0,3F80
15D1,3F80
15D2,3F80
15D3,3F80
15D4,3F80
15D5,3F80
15D6,3F80
15D7,3F80
15D8,3F80
15D9,3F80
15DA,3F80
15DB,3F80
15DC,3F80
15DD,3F80
15DE,3F80
15DF,3F80
15E0,3F80
15E1,3F80
15E2,3F80
15E3,3F80
15E4,3F80
15E5,3F80
15E6,3F80
15E7,3F80
15E8,3F80
15E9,3F80
15EA,3F80
15EB,3F80
15EC,3F80
15ED,3F80
15EE,3F80
15EF,3F80
15F0,3F80
15F1,3F80
15F2,3F80
15F3,3F80
15F4,3F80
15F5,3F80
15F6,3F80
15F7,3F80
15F8,3F80
15F9,3F80
15FA,3F80
15FB,3F80
15FC,3F80
15FD,3F80
15FE,3F80
15FF,3F80
1600,3F80
1601,3F80
1602,3F80
1603,3F80
1604,3F80
1605,3F80
1606,3F80
1607,3F80
1608,3F80
1609,3F80
160A,3F80
160B,3F80
160C,3F80
160D,3F80
160E,3F80
160F,3F80
1610,3F80
1611,3F80
1612,3F80
1613,3F80
1614,3F80
1615,3F80
1616,3F80
1617,3F80
1618,3F80
1619,3F80
161A,3F80
161B,3F80
161C,3F80
161D,3F80
161E,3F80
161F,3F80
1620,3F80
1621,3F80
1622,3F80
1623,3F80
1624,3F80
1625,3F80
1626,3F80
1627,3F80
1628,3F80
1629,3F80
162A,3F80
162B,3F80
162C,3F80
162D,3F80
162E,3F80
162F,3F80
1630,3F80
1631,3F80
1632,3F80
1633,3F80
1634,3F80
1635,3F80
1636,3F80
1637,3F80
1638,3F80
1639,3F80
163A,3F80
163B,3F80
163C,3F80
163D,3F80
163E,3F80
163F,3F80
1640,3F80
1641,3F80
1642,3F80
1643,3F80
1644,3F80
1645,3F80
1646,3F80
1647,3F80
1648,3F80
1649,3F80
164A,3F80
164B,3F80
164C,3F80
164D,3F80
164E,3F80
164F,3F80
1650,3F80
1651,3F80
1652,3F80
1653,3F80
1654,3F80
1655,3F80
1656,3F80
1657,3F80
1658,3F80
1659,3F80
165A,3F80
165B,3F80
165C,3F80
165D,3F80
165E,3F80
165F,3F80
1660,3F80
1661,3F80
1662,3F80
1663,3F80
1664,3F80
1665,3F80
1666,3F80
1667,3F80
1668,3F80
1669,3F80
166A,3F80
166B,3F80
166C,3F80
166D,3F80
166E,3F80
166F,3F80
1670,3F80
1671,3F80
1672,3F80
1673,3F80
1674,3F80
1675,3F80
1676,3F80
1677,3F80
1678,3F80
1679,3F80
167A,3F80
167B,3F80
167C,3F80
167D,3F80
167E,3F80
167F,3F80
1680,3F80
1681,3F80
1682,3F80
1683,3F80
1684,3F80
1685,3F80
1686,3F80
1687,3F80
1688,3F80
1689,3F80
168A,3F80
168B,3F80
168C,3F80
168D,3F80
168E,3F80
168F,3F80
1690,3F80
1691,3F80
1692,3F80
1693,3F80
1694,3F80
1695,3F80
1696,3F80
1697,3F80
1698,3F80
1699,3F80
169A,3F80
169B,3F80
169C,3F80
169D,3F80
169E,3F80
169F,3F80
16A0,3F80
16A1,3F80
16A2,3F80
16A3,3F80
16A4,3F80
16A5,3F80
16A6,3F80
16A7,3F80
16A8,3F80
16A9,3F80
16AA,3F80
16AB,3F80
16AC,3F80
16AD,3F80
16AE,3F80
16AF,3F80
16B0,3F80
16B1,3F80
16B2,3F80
16B3,3F80
16B4,3F80
16B5,3F80
16B6,3F80
16B7,3F80
16B8,3F80
16B9,3F80
16BA,3F80
16BB,3F80
16BC,3F80
16BD,3F80
16BE,3F80
16BF,3F80
16C0,3F80
16C1,3F80
16C2,3F80
16C3,3F80
16C4,3F80
16C5,3F80
16C6,3F80
16C7,3F80
16C8,3F80
16C9,3F80
16CA,3F80
16CB,3F80
16CC,3F80
16CD,3F80
16CE,3F80
16CF,3F80
16D0,3F80
16D1,3F80
16D2,3F80
16D3,3F80
16D4,3F80
16D5,3F80
16D6,3F80
16D7,3F80
16D8,3F80
16D9,3F80
16DA,3F80
16DB,3F80
16DC,3F80
16DD,3F80
16DE,3F80
16DF,3F80
16E0,3F80
16E1,3F80
16E2,3F80
16E3,3F80
16E4,3F80
16E5,3F80
16E6,3F80
16E7,3F80
16E8,3F80
16E9,3F80
16EA,3F80
16EB,3F80
16EC,3F80
16ED,3F80
16EE,3F80
16EF,3F80
16F0,3F80
16F1,3F80
16F2,3F80
16F3,3F80
16F4,3F80
16F5,3F80
16F6,3F80
16F7,3F80
16F8,3F80
16F9,3F80
16FA,3F80
16FB,3F80
16FC,3F80
16FD,3F80
16FE,3F80
16FF,3F80
1700,3F80
1701,3F80
1702,3F80
1703,3F80
1704,3F80
1705,3F80
1706,3F80
1707,3F80
1708,3F80
1709,3F80
170A,3F80
170B,3F80
170C,3F80
170D,3F80
170E,3F80
170F,3F80
1710,3F80
1711,3F80
1712,3F80
1713,3F80
1714,3F80
1715,3F80
1716,3F80
1717,3F80
1718,3F80
1719,3F80
171A,3F80
171B,3F80
171C,3F80
171D,3F80
171E,3F80
171F,3F80
1720,3F80
1721,3F80
1722,3F80
1723,3F80
1724,3F80
1725,3F80
1726,3F80
1727,3F80
1728,3F80
1729,3F80
172A,3F80
172B,3F80
172C,3F80
172D,3F80
172E,3F80
172F,3F80
1730,3F80
1731,3F80
1732,3F80
1733,3F80
1734,3F80
1735,3F80
1736,3F80
1737,3F80
1738,3F80
1739,3F80
173A,3F80
173B,3F80
173C,3F80
173D,3F80
173E,3F80
173F,3F80
1740,3F80
1741,3F80
1742,3F80
1743,3F80
1744,3F80
1745,3F80
1746,3F80
1747,3F80
1748,3F80
1749,3F80
174A,3F80
174B,3F80
174C,3F80
174D,3F80
174E,3F80
174F,3F80
1750,3F80
1751,3F80
1752,3F80
1753,3F80
1754,3F80
1755,3F80
1756,3F80
1757,3F80
1758,3F80
1759,3F80
175A,3F80
175B,3F80
175C,3F80
175D,3F80
175E,3F80
175F,3F80
1760,3F80
1761,3F80
1762,3F80
1763,3F80
1764,3F80
1765,3F80
1766,3F80
1767,3F80
1768,3F80
1769,3F80
176A,3F80
176B,3F80
176C,3F80
176D,3F80
176E,3F80
176F,3F80
1770,3F80
1771,3F80
1772,3F80
1773,3F80
1774,3F80
1775,3F80
1776,3F80
1777,3F80
1778,3F80
1779,3F80
177A,3F80
177B,3F80
177C,3F80
177D,3F80
177E,3F80
177F,3F80
1780,3F80
1781,3F80
1782,3F80
1783,3F80
1784,3F80
1785,3F80
1786,3F80
1787,3F80
1788,3F80
1789,3F80
178A,3F80
178B,3F80
178C,3F80
178D,3F80
178E,3F80
178F,3F80
1790,3F80
1791,3F80
1792,3F80
1793,3F80
1794,3F80
1795,3F80
1796,3F80
1797,3F80
1798,3F80
1799,3F80
179A,3F80
179B,3F80
179C,3F80
179D,3F80
179E,3F80
179F,3F80
17A0,3F80
17A1,3F80
17A2,3F80
17A3,3F80
17A4,3F80
17A5,3F80
17A6,3F80
17A7,3F80
17A8,3F80
17A9,3F80
17AA,3F80
17AB,3F80
17AC,3F80
17AD,3F80
17AE,3F80
17AF,3F80
17B0,3F80
17B1,3F80
17B2,3F80
17B3,3F80
17B4,3F80
17B5,3F80
17B6,3F80
17B7,3F80
17B8,3F80
17B9,3F80
17BA,3F80
17BB,3F80
17BC,3F80
17BD,3F80
17BE,3F80
17BF,3F80
17C0,3F80
17C1,3F80
17C2,3F80
17C3,3F80
17C4,3F80
17C5,3F80
17C6,3F80
17C7,3F80
17C8,3F80
17C9,3F80
17CA,3F80
17CB,3F80
17CC,3F80
17CD,3F80
17CE,3F80
17CF,3F80
17D0,3F80
17D1,3F80
17D2,3F80
17D3,3F80
17D4,3F80
17D5,3F80
17D6,3F80
17D7,3F80
17D8,3F80
17D9,3F80
17DA,3F80
17DB,3F80
17DC,3F80
17DD,3F80
17DE,3F80
17DF,3F80
17E0,3F80
17E1,3F80
17E2,3F80
17E3,3F80
17E4,3F80
17E5,3F80
17E6,3F80
17E7,3F80
17E8,3F80
17E9,3F80
17EA,3F80
17EB,3F80
17EC,3F80
17ED,3F80
17EE,3F80
17EF,3F80
17F0,3F80
17F1,3F80
17F2,3F80
17F3,3F80
17F4,3F80
17F5,3F80
17F6,3F80
17F7,3F80
17F8,3F80
17F9,3F80
17FA,3F80
17FB,3F80
17FC,3F80
17FD,3F80
17FE,3F80
17FF,3F80
1800,3F80
1801,3F80
1802,3F80
1803,3F80
1804,3F80
1805,3F80
1806,3F80
1807,3F80
1808,3F80
1809,3F80
180A,3F80
180B,3F80
180C,3F80
180D,3F80
180E,3F80
180F,3F80
1810,3F80
1811,3F80
1812,3F80
1813,3F80
1814,3F80
1815,3F80
1816,3F80
1817,3F80
1818,3F80
1819,3F80
181A,3F80
181B,3F80
181C,3F80
181D,3F80
181E,3F80
181F,3F80
1820,3F80
1821,3F80
1822,3F80
1823,3F80
1824,3F80
1825,3F80
1826,3F80
1827,3F80
1828,3F80
1829,3F80
182A,3F80
182B,3F80
182C,3F80
182D,3F80
182E,3F80
182F,3F80
1830,3F80
1831,3F80
1832,3F80
1833,3F80
1834,3F80
1835,3F80
1836,3F80
1837,3F80
1838,3F80
1839,3F80
183A,3F80
183B,3F80
183C,3F80
183D,3F80
183E,3F80
183F,3F80
1840,3F80
1841,3F80
1842,3F80
1843,3F80
1844,3F80
1845,3F80
1846,3F80
1847,3F80
1848,3F80
1849,3F80
184A,3F80
184B,3F80
184C,3F80
184D,3F80
184E,3F80
184F,3F80
1850,3F80
1851,3F80
1852,3F80
1853,3F80
1854,3F80
1855,3F80
1856,3F80
1857,3F80
1858,3F80
1859,3F80
185A,3F80
185B,3F80
185C,3F80
185D,3F80
185E,3F80
185F,3F80
1860,3F80
1861,3F80
1862,3F80
1863,3F80
1864,3F80
1865,3F80
1866,3F80
1867,3F80
1868,3F80
1869,3F80
186A,3F80
186B,3F80
186C,3F80
186D,3F80
186E,3F80
186F,3F80
1870,3F80
1871,3F80
1872,3F80
1873,3F80
1874,3F80
1875,3F80
1876,3F80
1877,3F80
1878,3F80
1879,3F80
187A,3F80
187B,3F80
187C,3F80
187D,3F80
187E,3F80
187F,3F80
1880,3F80
1881,3F80
1882,3F80
1883,3F80
1884,3F80
1885,3F80
1886,3F80
1887,3F80
1888,3F80
1889,3F80
188A,3F80
188B,3F80
188C,3F80
188D,3F80
188E,3F80
188F,3F80
1890,3F80
1891,3F80
1892,3F80
1893,3F80
1894,3F80
1895,3F80
1896,3F80
1897,3F80
1898,3F80
1899,3F80
189A,3F80
189B,3F80
189C,3F80
189D,3F80
189E,3F80
189F,3F80
18A0,3F80
18A1,3F80
18A2,3F80
18A3,3F80
18A4,3F80
18A5,3F80
18A6,3F80
18A7,3F80
18A8,3F80
18A9,3F80
18AA,3F80
18AB,3F80
18AC,3F80
18AD,3F80
18AE,3F80
18AF,3F80
18B0,3F80
18B1,3F80
18B2,3F80
18B3,3F80
18B4,3F80
18B5,3F80
18B6,3F80
18B7,3F80
18B8,3F80
18B9,3F80
18BA,3F80
18BB,3F80
18BC,3F80
18BD,3F80
18BE,3F80
18BF,3F80
18C0,3F80
18C1,3F80
18C2,3F80
18C3,3F80
18C4,3F80
18C5,3F80
18C6,3F80
18C7,3F80
18C8,3F80
18C9,3F80
18CA,3F80
18CB,3F80
18CC,3F80
18CD,3F80
18CE,3F80
18CF,3F80
18D0,3F80
18D1,3F80
18D2,3F80
18D3,3F80
18D4,3F80
18D5,3F80
18D6,3F80
18D7,3F80
18D8,3F80
18D9,3F80
18DA,3F80
18DB,3F80
18DC,3F80
18DD,3F80
18DE,3F80
18DF,3F80
18E0,3F80
18E1,3F80
18E2,3F80
18E3,3F80
18E4,3F80
18E5,3F80
18E6,3F80
18E7,3F80
18E8,3F80
18E9,3F80
18EA,3F80
18EB,3F80
18EC,3F80
18ED,3F80
18EE,3F80
18EF,3F80
18F0,3F80
18F1,3F80
18F2,3F80
18F3,3F80
18F4,3F80
18F5,3F80
18F6,3F80
18F7,3F80
18F8,3F80
18F9,3F80
18FA,3F80
18FB,3F80
18FC,3F80
18FD,3F80
18FE,3F80
18FF,3F80
1900,3F80
1901,3F80
1902,3F80
1903,3F80
1904,3F80
1905,3F80
1906,3F80
1907,3F80
1908,3F80
1909,3F80
190A,3F80
190B,3F80
190C,3F80
190D,3F80
190E,3F80
190F,3F80
1910,3F80
1911,3F80
1912,3F80
1913,3F80
1914,3F80
1915,3F80
1916,3F80
1917,3F80
1918,3F80
1919,3F80
191A,3F80
191B,3F80
191C,3F80
191D,3F80
191E,3F80
191F,3F80
1920,3F80
1921,3F80
1922,3F80
1923,3F80
1924,3F80
1925,3F80
1926,3F80
1927,3F80
1928,3F80
1929,3F80
192A,3F80
192B,3F80
192C,3F80
192D,3F80
192E,3F80
192F,3F80
1930,3F80
1931,3F80
1932,3F80
1933,3F80
1934,3F80
1935,3F80
1936,3F80
1937,3F80
1938,3F80
1939,3F80
193A,3F80
193B,3F80
193C,3F80
193D,3F80
193E,3F80
193F,3F80
1940,3F80
1941,3F80
1942,3F80
1943,3F80
1944,3F80
1945,3F80
1946,3F80
1947,3F80
1948,3F80
1949,3F80
194A,3F80
194B,3F80
194C,3F80
194D,3F80
194E,3F80
194F,3F80
1950,3F80
1951,3F80
1952,3F80
1953,3F80
1954,3F80
1955,3F80
1956,3F80
1957,3F80
1958,3F80
1959,3F80
195A,3F80
195B,3F80
195C,3F80
195D,3F80
195E,3F80
195F,3F80
1960,3F80
1961,3F80
1962,3F80
1963,3F80
1964,3F80
1965,3F80
1966,3F80
1967,3F80
1968,3F80
1969,3F80
196A,3F80
196B,3F80
196C,3F80
196D,3F80
196E,3F80
196F,3F80
1970,3F80
1971,3F80
1972,3F80
1973,3F80
1974,3F80
1975,3F80
1976,3F80
1977,3F80
1978,3F80
1979,3F80
197A,3F80
197B,3F80
197C,3F80
197D,3F80
197E,3F80
197F,3F80
1980,3F80
1981,3F80
1982,3F80
1983,3F80
1984,3F80
1985,3F80
1986,3F80
1987,3F80
1988,3F80
1989,3F80
198A,3F80
198B,3F80
198C,3F80
198D,3F80
198E,3F80
198F,3F80
1990,3F80
1991,3F80
1992,3F80
1993,3F80
1994,3F80
1995,3F80
1996,3F80
1997,3F80
1998,3F80
1999,3F80
199A,3F80
199B,3F80
199C,3F80
199D,3F80
199E,3F80
199F,3F80
19A0,3F80
19A1,3F80
19A2,3F80
19A3,3F80
19A4,3F80
19A5,3F80
19A6,3F80
19A7,3F80
19A8,3F80
19A9,3F80
19AA,3F80
19AB,3F80
19AC,3F80
19AD,3F80
19AE,3F80
19AF,3F80
19B0,3F80
19B1,3F80
19B2,3F80
19B3,3F80
19B4,3F80
19B5,3F80
19B6,3F80
19B7,3F80
19B8,3F80
19B9,3F80
19BA,3F80
19BB,3F80
19BC,3F80
19BD,3F80
19BE,3F80
19BF,3F80
19C0,3F80
19C1,3F80
19C2,3F80
19C3,3F80
19C4,3F80
19C5,3F80
19C6,3F80
19C7,3F80
19C8,3F80
19C9,3F80
19CA,3F80
19CB,3F80
19CC,3F80
19CD,3F80
19CE,3F80
19CF,3F80
19D0,3F80
19D1,3F80
19D2,3F80
19D3,3F80
19D4,3F80
19D5,3F80
19D6,3F80
19D7,3F80
19D8,3F80
19D9,3F80
19DA,3F80
19DB,3F80
19DC,3F80
19DD,3F80
19DE,3F80
19DF,3F80
19E0,3F80
19E1,3F80
19E2,3F80
19E3,3F80
19E4,3F80
19E5,3F80
19E6,3F80
19E7,3F80
19E8,3F80
19E9,3F80
19EA,3F80
19EB,3F80
19EC,3F80
19ED,3F80
19EE,3F80
19EF,3F80
19F0,3F80
19F1,3F80
19F2,3F80
19F3,3F80
19F4,3F80
19F5,3F80
19F6,3F80
19F7,3F80
19F8,3F80
19F9,3F80
19FA,3F80
19FB,3F80
19FC,3F80
19FD,3F80
19FE,3F80
19FF,3F80
1A00,3F80
1A01,3F80
1A02,3F80
1A03,3F80
1A04,3F80
1A05,3F80
1A06,3F80
1A07,3F80
1A08,3F80
1A09,3F80
1A0A,3F80
1A0B,3F80
1A0C,3F80
1A0D,3F80
1A0E,3F80
1A0F,3F80
1A10,3F80
1A11,3F80
1A12,3F80
1A13,3F80
1A14,3F80
1A15,3F80
1A16,3F80
1A17,3F80
1A18,3F80
1A19,3F80
1A1A,3F80
1A1B,3F80
1A1C,3F80
1A1D,3F80
1A1E,3F80
1A1F,3F80
1A20,3F80
1A21,3F80
1A22,3F80
1A23,3F80
1A24,3F80
1A25,3F80
1A26,3F80
1A27,3F80
1A28,3F80
1A29,3F80
1A2A,3F80
1A2B,3F80
1A2C,3F80
1A2D,3F80
1A2E,3F80
1A2F,3F80
1A30,3F80
1A31,3F80
1A32,3F80
1A33,3F80
1A34,3F80
1A35,3F80
1A36,3F80
1A37,3F80
1A38,3F80
1A39,3F80
1A3A,3F80
1A3B,3F80
1A3C,3F80
1A3D,3F80
1A3E,3F80
1A3F,3F80
1A40,3F80
1A41,3F80
1A42,3F80
1A43,3F80
1A44,3F80
1A45,3F80
1A46,3F80
1A47,3F80
1A48,3F80
1A49,3F80
1A4A,3F80
1A4B,3F80
1A4C,3F80
1A4D,3F80
1A4E,3F80
1A4F,3F80
1A50,3F80
1A51,3F80
1A52,3F80
1A53,3F80
1A54,3F80
1A55,3F80
1A56,3F80
1A57,3F80
1A58,3F80
1A59,3F80
1A5A,3F80
1A5B,3F80
1A5C,3F80
1A5D,3F80
1A5E,3F80
1A5F,3F80
1A60,3F80
1A61,3F80
1A62,3F80
1A63,3F80
1A64,3F80
1A65,3F80
1A66,3F80
1A67,3F80
1A68,3F80
1A69,3F80
1A6A,3F80
1A6B,3F80
1A6C,3F80
1A6D,3F80
1A6E,3F80
1A6F,3F80
1A70,3F80
1A71,3F80
1A72,3F80
1A73,3F80
1A74,3F80
1A75,3F80
1A76,3F80
1A77,3F80
1A78,3F80
1A79,3F80
1A7A,3F80
1A7B,3F80
1A7C,3F80
1A7D,3F80
1A7E,3F80
1A7F,3F80
1A80,3F80
1A81,3F80
1A82,3F80
1A83,3F80
1A84,3F80
1A85,3F80
1A86,3F80
1A87,3F80
1A88,3F80
1A89,3F80
1A8A,3F80
1A8B,3F80
1A8C,3F80
1A8D,3F80
1A8E,3F80
1A8F,3F80
1A90,3F80
1A91,3F80
1A92,3F80
1A93,3F80
1A94,3F80
1A95,3F80
1A96,3F80
1A97,3F80
1A98,3F80
1A99,3F80
1A9A,3F80
1A9B,3F80
1A9C,3F80
1A9D,3F80
1A9E,3F80
1A9F,3F80
1AA0,3F80
1AA1,3F80
1AA2,3F80
1AA3,3F80
1AA4,3F80
1AA5,3F80
1AA6,3F80
1AA7,3F80
1AA8,3F80
1AA9,3F80
1AAA,3F80
1AAB,3F80
1AAC,3F80
1AAD,3F80
1AAE,3F80
1AAF,3F80
1AB0,3F80
1AB1,3F80
1AB2,3F80
1AB3,3F80
1AB4,3F80
1AB5,3F80
1AB6,3F80
1AB7,3F80
1AB8,3F80
1AB9,3F80
1ABA,3F80
1ABB,3F80
1ABC,3F80
1ABD,3F80
1ABE,3F80
1ABF,3F80
1AC0,3F80
1AC1,3F80
1AC2,3F80
1AC3,3F80
1AC4,3F80
1AC5,3F80
1AC6,3F80
1AC7,3F80
1AC8,3F80
1AC9,3F80
1ACA,3F80
1ACB,3F80
1ACC,3F80
1ACD,3F80
1ACE,3F80
1ACF,3F80
1AD0,3F80
1AD1,3F80
1AD2,3F80
1AD3,3F80
1AD4,3F80
1AD5,3F80
1AD6,3F80
1AD7,3F80
1AD8,3F80
1AD9,3F80
1ADA,3F80
1ADB,3F80
1ADC,3F80
1ADD,3F80
1ADE,3F80
1ADF,3F80
1AE0,3F80
1AE1,3F80
1AE2,3F80
1AE3,3F80
1AE4,3F80
1AE5,3F80
1AE6,3F80
1AE7,3F80
1AE8,3F80
1AE9,3F80
1AEA,3F80
1AEB,3F80
1AEC,3F80
1AED,3F80
1AEE,3F80
1AEF,3F80
1AF0,3F80
1AF1,3F80
1AF2,3F80
1AF3,3F80
1AF4,3F80
1AF5,3F80
1AF6,3F80
1AF7,3F80
1AF8,3F80
1AF9,3F80
1AFA,3F80
1AFB,3F80
1AFC,3F80
1AFD,3F80
1AFE,3F80
1AFF,3F80
1B00,3F80
1B01,3F80
1B02,3F80
1B03,3F80
1B04,3F80
1B05,3F80
1B06,3F80
1B07,3F80
1B08,3F80
1B09,3F80
1B0A,3F80
1B0B,3F80
1B0C,3F80
1B0D,3F80
1B0E,3F80
1B0F,3F80
1B10,3F80
1B11,3F80
1B12,3F80
1B13,3F80
1B14,3F80
1B15,3F80
1B16,3F80
1B17,3F80
1B18,3F80
1B19,3F80
1B1A,3F80
1B1B,3F80
1B1C,3F80
1B1D,3F80
1B1E,3F80
1B1F,3F80
1B20,3F80
1B21,3F80
1B22,3F80
1B23,3F80
1B24,3F80
1B25,3F80
1B26,3F80
1B27,3F80
1B28,3F80
1B29,3F80
1B2A,3F80
1B2B,3F80
1B2C,3F80
1B2D,3F80
1B2E,3F80
1B2F,3F80
1B30,3F80
1B31,3F80
1B32,3F80
1B33,3F80
1B34,3F80
1B35,3F80
1B36,3F80
1B37,3F80
1B38,3F80
1B39,3F80
1B3A,3F80
1B3B,3F80
1B3C,3F80
1B3D,3F80
1B3E,3F80
1B3F,3F80
1B40,3F80
1B41,3F80
1B42,3F80
1B43,3F80
1B44,3F80
1B45,3F80
1B46,3F80
1B47,3F80
1B48,3F80
1B49,3F80
1B4A,3F80
1B4B,3F80
1B4C,3F80
1B4D,3F80
1B4E,3F80
1B4F,3F80
1B50,3F80
1B51,3F80
1B52,3F80
1B53,3F80
1B54,3F80
1B55,3F80
1B56,3F80
1B57,3F80
1B58,3F80
1B59,3F80
1B5A,3F80
1B5B,3F80
1B5C,3F80
1B5D,3F80
1B5E,3F80
1B5F,3F80
1B60,3F80
1B61,3F80
1B62,3F80
1B63,3F80
1B64,3F80
1B65,3F80
1B66,3F80
1B67,3F80
1B68,3F80
1B69,3F80
1B6A,3F80
1B6B,3F80
1B6C,3F80
1B6D,3F80
1B6E,3F80
1B6F,3F80
1B70,3F80
1B71,3F80
1B72,3F80
1B73,3F80
1B74,3F80
1B75,3F80
1B76,3F80
1B77,3F80
1B78,3F80
1B79,3F80
1B7A,3F80
1B7B,3F80
1B7C,3F80
1B7D,3F80
1B7E,3F80
1B7F,3F80
1B80,3F80
1B81,3F80
1B82,3F80
1B83,3F80
1B84,3F80
1B85,3F80
1B86,3F80
1B87,3F80
1B88,3F80
1B89,3F80
1B8A,3F80
1B8B,3F80
1B8C,3F80
1B8D,3F80
1B8E,3F80
1B8F,3F80
1B90,3F80
1B91,3F80
1B92,3F80
1B93,3F80
1B94,3F80
1B95,3F80
1B96,3F80
1B97,3F80
1B98,3F80
1B99,3F80
1B9A,3F80
1B9B,3F80
1B9C,3F80
1B9D,3F80
1B9E,3F80
1B9F,3F80
1BA0,3F80
1BA1,3F80
1BA2,3F80
1BA3,3F80
1BA4,3F80
1BA5,3F80
1BA6,3F80
1BA7,3F80
1BA8,3F80
1BA9,3F80
1BAA,3F80
1BAB,3F80
1BAC,3F80
1BAD,3F80
1BAE,3F80
1BAF,3F80
1BB0,3F80
1BB1,3F80
1BB2,3F80
1BB3,3F80
1BB4,3F80
1BB5,3F80
1BB6,3F80
1BB7,3F80
1BB8,3F80
1BB9,3F80
1BBA,3F80
1BBB,3F80
1BBC,3F80
1BBD,3F80
1BBE,3F80
1BBF,3F80
1BC0,3F80
1BC1,3F80
1BC2,3F80
1BC3,3F80
1BC4,3F80
1BC5,3F80
1BC6,3F80
1BC7,3F80
1BC8,3F80
1BC9,3F80
1BCA,3F80
1BCB,3F80
1BCC,3F80
1BCD,3F80
1BCE,3F80
1BCF,3F80
1BD0,3F80
1BD1,3F80
1BD2,3F80
1BD3,3F80
1BD4,3F80
1BD5,3F80
1BD6,3F80
1BD7,3F80
1BD8,3F80
1BD9,3F80
1BDA,3F80
1BDB,3F80
1BDC,3F80
1BDD,3F80
1BDE,3F80
1BDF,3F80
1BE0,3F80
1BE1,3F80
1BE2,3F80
1BE3,3F80
1BE4,3F80
1BE5,3F80
1BE6,3F80
1BE7,3F80
1BE8,3F80
1BE9,3F80
1BEA,3F80
1BEB,3F80
1BEC,3F80
1BED,3F80
1BEE,3F80
1BEF,3F80
1BF0,3F80
1BF1,3F80
1BF2,3F80
1BF3,3F80
1BF4,3F80
1BF5,3F80
1BF6,3F80
1BF7,3F80
1BF8,3F80
1BF9,3F80
1BFA,3F80
1BFB,3F80
1BFC,3F80
1BFD,3F80
1BFE,3F80
1BFF,3F80
1C00,3F80
1C01,3F80
1C02,3F80
1C03,3F80
1C04,3F80
1C05,3F80
1C06,3F80
1C07,3F80
1C08,3F80
1C09,3F80
1C0A,3F80
1C0B,3F80
1C0C,3F80
1C0D,3F80
1C0E,3F80
1C0F,3F80
1C10,3F80
1C11,3F80
1C12,3F80
1C13,3F80
1C14,3F80
1C15,3F80
1C16,3F80
1C17,3F80
1C18,3F80
1C19,3F80
1C1A,3F80
1C1B,3F80
1C1C,3F80
1C1D,3F80
1C1E,3F80
1C1F,3F80
1C20,3F80
1C21,3F80
1C22,3F80
1C23,3F80
1C24,3F80
1C25,3F80
1C26,3F80
1C27,3F80
1C28,3F80
1C29,3F80
1C2A,3F80
1C2B,3F80
1C2C,3F80
1C2D,3F80
1C2E,3F80
1C2F,3F80
1C30,3F80
1C31,3F80
1C32,3F80
1C33,3F80
1C34,3F80
1C35,3F80
1C36,3F80
1C37,3F80
1C38,3F80
1C39,3F80
1C3A,3F80
1C3B,3F80
1C3C,3F80
1C3D,3F80
1C3E,3F80
1C3F,3F80
1C40,3F80
1C41,3F80
1C42,3F80
1C43,3F80
1C44,3F80
1C45,3F80
1C46,3F80
1C47,3F80
1C48,3F80
1C49,3F80
1C4A,3F80
1C4B,3F80
1C4C,3F80
1C4D,3F80
1C4E,3F80
1C4F,3F80
1C50,3F80
1C51,3F80
1C52,3F80
1C53,3F80
1C54,3F80
1C55,3F80
1C56,3F80
1C57,3F80
1C58,3F80
1C59,3F80
1C5A,3F80
1C5B,3F80
1C5C,3F80
1C5D,3F80
1C5E,3F80
1C5F,3F80
1C60,3F80
1C61,3F80
1C62,3F80
1C63,3F80
1C64,3F80
1C65,3F80
1C66,3F80
1C67,3F80
1C68,3F80
1C69,3F80
1C6A,3F80
1C6B,3F80
1C6C,3F80
1C6D,3F80
1C6E,3F80
1C6F,3F80
1C70,3F80
1C71,3F80
1C72,3F80
1C73,3F80
1C74,3F80
1C75,3F80
1C76,3F80
1C77,3F80
1C78,3F80
1C79,3F80
1C7A,3F80
1C7B,3F80
1C7C,3F80
1C7D,3F80
1C7E,3F80
1C7F,3F80
1C80,3F80
1C81,3F80
1C82,3F80
1C83,3F80
1C84,3F80
1C85,3F80
1C86,3F80
1C87,3F80
1C88,3F80
1C89,3F80
1C8A,3F80
1C8B,3F80
1C8C,3F80
1C8D,3F80
1C8E,3F80
1C8F,3F80
1C90,3F80
1C91,3F80
1C92,3F80
1C93,3F80
1C94,3F80
1C95,3F80
1C96,3F80
1C97,3F80
1C98,3F80
1C99,3F80
1C9A,3F80
1C9B,3F80
1C9C,3F80
1C9D,3F80
1C9E,3F80
1C9F,3F80
1CA0,3F80
1CA1,3F80
1CA2,3F80
1CA3,3F80
1CA4,3F80
1CA5,3F80
1CA6,3F80
1CA7,3F80
1CA8,3F80
1CA9,3F80
1CAA,3F80
1CAB,3F80
1CAC,3F80
1CAD,3F80
1CAE,3F80
1CAF,3F80
1CB0,3F80
1CB1,3F80
1CB2,3F80
1CB3,3F80
1CB4,3F80
1CB5,3F80
1CB6,3F80
1CB7,3F80
1CB8,3F80
1CB9,3F80
1CBA,3F80
1CBB,3F80
1CBC,3F80
1CBD,3F80
1CBE,3F80
1CBF,3F80
1CC0,3F80
1CC1,3F80
1CC2,3F80
1CC3,3F80
1CC4,3F80
1CC5,3F80
1CC6,3F80
1CC7,3F80
1CC8,3F80
1CC9,3F80
1CCA,3F80
1CCB,3F80
1CCC,3F80
1CCD,3F80
1CCE,3F80
1CCF,3F80
1CD0,3F80
1CD1,3F80
1CD2,3F80
1CD3,3F80
1CD4,3F80
1CD5,3F80
1CD6,3F80
1CD7,3F80
1CD8,3F80
1CD9,3F80
1CDA,3F80
1CDB,3F80
1CDC,3F80
1CDD,3F80
1CDE,3F80
1CDF,3F80
1CE0,3F80
1CE1,3F80
1CE2,3F80
1CE3,3F80
1CE4,3F80
1CE5,3F80
1CE6,3F80
1CE7,3F80
1CE8,3F80
1CE9,3F80
1CEA,3F80
1CEB,3F80
1CEC,3F80
1CED,3F80
1CEE,3F80
1CEF,3F80
1CF0,3F80
1CF1,3F80
1CF2,3F80
1CF3,3F80
1CF4,3F80
1CF5,3F80
1CF6,3F80
1CF7,3F80
1CF8,3F80
1CF9,3F80
1CFA,3F80
1CFB,3F80
1CFC,3F80
1CFD,3F80
1CFE,3F80
1CFF,3F80
1D00,3F80
1D01,3F80
1D02,3F80
1D03,3F80
1D04,3F80
1D05,3F80
1D06,3F80
1D07,3F80
1D08,3F80
1D09,3F80
1D0A,3F80
1D0B,3F80
1D0C,3F80
1D0D,3F80
1D0E,3F80
1D0F,3F80
1D10,3F80
1D11,3F80
1D12,3F80
1D13,3F80
1D14,3F80
1D15,3F80
1D16,3F80
1D17,3F80
1D18,3F80
1D19,3F80
1D1A,3F80
1D1B,3F80
1D1C,3F80
1D1D,3F80
1D1E,3F80
1D1F,3F80
1D20,3F80
1D21,3F80
1D22,3F80
1D23,3F80
1D24,3F80
1D25,3F80
1D26,3F80
1D27,3F80
1D28,3F80
1D29,3F80
1D2A,3F80
1D2B,3F80
1D2C,3F80
1D2D,3F80
1D2E,3F80
1D2F,3F80
1D30,3F80
1D31,3F80
1D32,3F80
1D33,3F80
1D34,3F80
1D35,3F80
1D36,3F80
1D37,3F80
1D38,3F80
1D39,3F80
1D3A,3F80
1D3B,3F80
1D3C,3F80
1D3D,3F80
1D3E,3F80
1D3F,3F80
1D40,3F80
1D41,3F80
1D42,3F80
1D43,3F80
1D44,3F80
1D45,3F80
1D46,3F80
1D47,3F80
1D48,3F80
1D49,3F80
1D4A,3F80
1D4B,3F80
1D4C,3F80
1D4D,3F80
1D4E,3F80
1D4F,3F80
1D50,3F80
1D51,3F80
1D52,3F80
1D53,3F80
1D54,3F80
1D55,3F80
1D56,3F80
1D57,3F80
1D58,3F80
1D59,3F80
1D5A,3F80
1D5B,3F80
1D5C,3F80
1D5D,3F80
1D5E,3F80
1D5F,3F80
1D60,3F80
1D61,3F80
1D62,3F80
1D63,3F80
1D64,3F80
1D65,3F80
1D66,3F80
1D67,3F80
1D68,3F80
1D69,3F80
1D6A,3F80
1D6B,3F80
1D6C,3F80
1D6D,3F80
1D6E,3F80
1D6F,3F80
1D70,3F80
1D71,3F80
1D72,3F80
1D73,3F80
1D74,3F80
1D75,3F80
1D76,3F80
1D77,3F80
1D78,3F80
1D79,3F80
1D7A,3F80
1D7B,3F80
1D7C,3F80
1D7D,3F80
1D7E,3F80
1D7F,3F80
1D80,3F80
1D81,3F80
1D82,3F80
1D83,3F80
1D84,3F80
1D85,3F80
1D86,3F80
1D87,3F80
1D88,3F80
1D89,3F80
1D8A,3F80
1D8B,3F80
1D8C,3F80
1D8D,3F80
1D8E,3F80
1D8F,3F80
1D90,3F80
1D91,3F80
1D92,3F80
1D93,3F80
1D94,3F80
1D95,3F80
1D96,3F80
1D97,3F80
1D98,3F80
1D99,3F80
1D9A,3F80
1D9B,3F80
1D9C,3F80
1D9D,3F80
1D9E,3F80
1D9F,3F80
1DA0,3F80
1DA1,3F80
1DA2,3F80
1DA3,3F80
1DA4,3F80
1DA5,3F80
1DA6,3F80
1DA7,3F80
1DA8,3F80
1DA9,3F80
1DAA,3F80
1DAB,3F80
1DAC,3F80
1DAD,3F80
1DAE,3F80
1DAF,3F80
1DB0,3F80
1DB1,3F80
1DB2,3F80
1DB3,3F80
1DB4,3F80
1DB5,3F80
1DB6,3F80
1DB7,3F80
1DB8,3F80
1DB9,3F80
1DBA,3F80
1DBB,3F80
1DBC,3F80
1DBD,3F80
1DBE,3F80
1DBF,3F80
1DC0,3F80
1DC1,3F80
1DC2,3F80
1DC3,3F80
1DC4,3F80
1DC5,3F80
1DC6,3F80
1DC7,3F80
1DC8,3F80
1DC9,3F80
1DCA,3F80
1DCB,3F80
1DCC,3F80
1DCD,3F80
1DCE,3F80
1DCF,3F80
1DD0,3F80
1DD1,3F80
1DD2,3F80
1DD3,3F80
1DD4,3F80
1DD5,3F80
1DD6,3F80
1DD7,3F80
1DD8,3F80
1DD9,3F80
1DDA,3F80
1DDB,3F80
1DDC,3F80
1DDD,3F80
1DDE,3F80
1DDF,3F80
1DE0,3F80
1DE1,3F80
1DE2,3F80
1DE3,3F80
1DE4,3F80
1DE5,3F80
1DE6,3F80
1DE7,3F80
1DE8,3F80
1DE9,3F80
1DEA,3F80
1DEB,3F80
1DEC,3F80
1DED,3F80
1DEE,3F80
1DEF,3F80
1DF0,3F80
1DF1,3F80
1DF2,3F80
1DF3,3F80
1DF4,3F80
1DF5,3F80
1DF6,3F80
1DF7,3F80
1DF8,3F80
1DF9,3F80
1DFA,3F80
1DFB,3F80
1DFC,3F80
1DFD,3F80
1DFE,3F80
1DFF,3F80
1E00,3F80
1E01,3F80
1E02,3F80
1E03,3F80
1E04,3F80
1E05,3F80
1E06,3F80
1E07,3F80
1E08,3F80
1E09,3F80
1E0A,3F80
1E0B,3F80
1E0C,3F80
1E0D,3F80
1E0E,3F80
1E0F,3F80
1E10,3F80
1E11,3F80
1E12,3F80
1E13,3F80
1E14,3F80
1E15,3F80
1E16,3F80
1E17,3F80
1E18,3F80
1E19,3F80
1E1A,3F80
1E1B,3F80
1E1C,3F80
1E1D,3F80
1E1E,3F80
1E1F,3F80
1E20,3F80
1E21,3F80
1E22,3F80
1E23,3F80
1E24,3F80
1E25,3F80
1E26,3F80
1E27,3F80
1E28,3F80
1E29,3F80
1E2A,3F80
1E2B,3F80
1E2C,3F80
1E2D,3F80
1E2E,3F80
1E2F,3F80
1E30,3F80
1E31,3F80
1E32,3F80
1E33,3F80
1E34,3F80
1E35,3F80
1E36,3F80
1E37,3F80
1E38,3F80
1E39,3F80
1E3A,3F80
1E3B,3F80
1E3C,3F80
1E3D,3F80
1E3E,3F80
1E3F,3F80
1E40,3F80
1E41,3F80
1E42,3F80
1E43,3F80
1E44,3F80
1E45,3F80
1E46,3F80
1E47,3F80
1E48,3F80
1E49,3F80
1E4A,3F80
1E4B,3F80
1E4C,3F80
1E4D,3F80
1E4E,3F80
1E4F,3F80
1E50,3F80
1E51,3F80
1E52,3F80
1E53,3F80
1E54,3F80
1E55,3F80
1E56,3F80
1E57,3F80
1E58,3F80
1E59,3F80
1E5A,3F80
1E5B,3F80
1E5C,3F80
1E5D,3F80
1E5E,3F80
1E5F,3F80
1E60,3F80
1E61,3F80
1E62,3F80
1E63,3F80
1E64,3F80
1E65,3F80
1E66,3F80
1E67,3F80
1E68,3F80
1E69,3F80
1E6A,3F80
1E6B,3F80
1E6C,3F80
1E6D,3F80
1E6E,3F80
1E6F,3F80
1E70,3F80
1E71,3F80
1E72,3F80
1E73,3F80
1E74,3F80
1E75,3F80
1E76,3F80
1E77,3F80
1E78,3F80
1E79,3F80
1E7A,3F80
1E7B,3F80
1E7C,3F80
1E7D,3F80
1E7E,3F80
1E7F,3F80
1E80,3F80
1E81,3F80
1E82,3F80
1E83,3F80
1E84,3F80
1E85,3F80
1E86,3F80
1E87,3F80
1E88,3F80
1E89,3F80
1E8A,3F80
1E8B,3F80
1E8C,3F80
1E8D,3F80
1E8E,3F80
1E8F,3F80
1E90,3F80
1E91,3F80
1E92,3F80
1E93,3F80
1E94,3F80
1E95,3F80
1E96,3F80
1E97,3F80
1E98,3F80
1E99,3F80
1E9A,3F80
1E9B,3F80
1E9C,3F80
1E9D,3F80
1E9E,3F80
1E9F,3F80
1EA0,3F80
1EA1,3F80
1EA2,3F80
1EA3,3F80
1EA4,3F80
1EA5,3F80
1EA6,3F80
1EA7,3F80
1EA8,3F80
1EA9,3F80
1EAA,3F80
1EAB,3F80
1EAC,3F80
1EAD,3F80
1EAE,3F80
1EAF,3F80
1EB0,3F80
1EB1,3F80
1EB2,3F80
1EB3,3F80
1EB4,3F80
1EB5,3F80
1EB6,3F80
1EB7,3F80
1EB8,3F80
1EB9,3F80
1EBA,3F80
1EBB,3F80
1EBC,3F80
1EBD,3F80
1EBE,3F80
1EBF,3F80
1EC0,3F80
1EC1,3F80
1EC2,3F80
1EC3,3F80
1EC4,3F80
1EC5,3F80
1EC6,3F80
1EC7,3F80
1EC8,3F80
1EC9,3F80
1ECA,3F80
1ECB,3F80
1ECC,3F80
1ECD,3F80
1ECE,3F80
1ECF,3F80
1ED0,3F80
1ED1,3F80
1ED2,3F80
1ED3,3F80
1ED4,3F80
1ED5,3F80
1ED6,3F80
1ED7,3F80
1ED8,3F80
1ED9,3F80
1EDA,3F80
1EDB,3F80
1EDC,3F80
1EDD,3F80
1EDE,3F80
1EDF,3F80
1EE0,3F80
1EE1,3F80
1EE2,3F80
1EE3,3F80
1EE4,3F80
1EE5,3F80
1EE6,3F80
1EE7,3F80
1EE8,3F80
1EE9,3F80
1EEA,3F80
1EEB,3F80
1EEC,3F80
1EED,3F80
1EEE,3F80
1EEF,3F80
1EF0,3F80
1EF1,3F80
1EF2,3F80
1EF3,3F80
1EF4,3F80
1EF5,3F80
1EF6,3F80
1EF7,3F80
1EF8,3F80
1EF9,3F80
1EFA,3F80
1EFB,3F80
1EFC,3F80
1EFD,3F80
1EFE,3F80
1EFF,3F80
1F00,3F80
1F01,3F80
1F02,3F80
1F03,3F80
1F04,3F80
1F05,3F80
1F06,3F80
1F07,3F80
1F08,3F80
1F09,3F80
1F0A,3F80
1F0B,3F80
1F0C,3F80
1F0D,3F80
1F0E,3F80
1F0F,3F80
1F10,3F80
1F11,3F80
1F12,3F80
1F13,3F80
1F14,3F80
1F15,3F80
1F16,3F80
1F17,3F80
1F18,3F80
1F19,3F80
1F1A,3F80
1F1B,3F80
1F1C,3F80
1F1D,3F80
1F1E,3F80
1F1F,3F80
1F20,3F80
1F21,3F80
1F22,3F80
1F23,3F80
1F24,3F80
1F25,3F80
1F26,3F80
1F27,3F80
1F28,3F80
1F29,3F80
1F2A,3F80
1F2B,3F80
1F2C,3F80
1F2D,3F80
1F2E,3F80
1F2F,3F80
1F30,3F80
1F31,3F80
1F32,3F80
1F33,3F80
1F34,3F80
1F35,3F80
1F36,3F80
1F37,3F80
1F38,3F80
1F39,3F80
1F3A,3F80
1F3B,3F80
1F3C,3F80
1F3D,3F80
1F3E,3F80
1F3F,3F80
1F40,3F80
1F41,3F80
1F42,3F80
1F43,3F80
1F44,3F80
1F45,3F80
1F46,3F80
1F47,3F80
1F48,3F80
1F49,3F80
1F4A,3F80
1F4B,3F80
1F4C,3F80
1F4D,3F80
1F4E,3F80
1F4F,3F80
1F50,3F80
1F51,3F80
1F52,3F80
1F53,3F80
1F54,3F80
1F55,3F80
1F56,3F80
1F57,3F80
1F58,3F80
1F59,3F80
1F5A,3F80
1F5B,3F80
1F5C,3F80
1F5D,3F80
1F5E,3F80
1F5F,3F80
1F60,3F80
1F61,3F80
1F62,3F80
1F63,3F80
1F64,3F80
1F65,3F80
1F66,3F80
1F67,3F80
1F68,3F80
1F69,3F80
1F6A,3F80
1F6B,3F80
1F6C,3F80
1F6D,3F80
1F6E,3F80
1F6F,3F80
1F70,3F80
1F71,3F80
1F72,3F80
1F73,3F80
1F74,3F80
1F75,3F80
1F76,3F80
1F77,3F80
1F78,3F80
1F79,3F80
1F7A,3F80
1F7B,3F80
1F7C,3F80
1F7D,3F80
1F7E,3F80
1F7F,3F80
1F80,3F80
1F81,3F80
1F82,3F80
1F83,3F80
1F84,3F80
1F85,3F80
1F86,3F80
1F87,3F80
1F88,3F80
1F89,3F80
1F8A,3F80
1F8B,3F80
1F8C,3F80
1F8D,3F80
1F8E,3F80
1F8F,3F80
1F90,3F80
1F91,3F80
1F92,3F80
1F93,3F80
1F94,3F80
1F95,3F80
1F96,3F80
1F97,3F80
1F98,3F80
1F99,3F80
1F9A,3F80
1F9B,3F80
1F9C,3F80
1F9D,3F80
1F9E,3F80
1F9F,3F80
1FA0,3F80
1FA1,3F80
1FA2,3F80
1FA3,3F80
1FA4,3F80
1FA5,3F80
1FA6,3F80
1FA7,3F80
1FA8,3F80
1FA9,3F80
1FAA,3F80
1FAB,3F80
1FAC,3F80
1FAD,3F80
1FAE,3F80
1FAF,3F80
1FB0,3F80
1FB1,3F80
1FB2,3F80
1FB3,3F80
1FB4,3F80
1FB5,3F80
1FB6,3F80
1FB7,3F80
1FB8,3F80
1FB9,3F80
1FBA,3F80
1FBB,3F80
1FBC,3F80
1FBD,3F80
1FBE,3F80
1FBF,3F80
1FC0,3F80
1FC1,3F80
1FC2,3F80
1FC3,3F80
1FC4,3F80
1FC5,3F80
1FC6,3F80
1FC7,3F80
1FC8,3F80
1FC9,3F80
1FCA,3F80
1FCB,3F80
1FCC,3F80
1FCD,3F80
1FCE,3F80
1FCF,3F80
1FD0,3F80
1FD1,3F80
1FD2,3F80
1FD3,3F80
1FD4,3F80
1FD5,3F80
1FD6,3F80
1FD7,3F80
1FD8,3F80
1FD9,3F80
1FDA,3F80
1FDB,3F80
1FDC,3F80
1FDD,3F80
1FDE,3F80
1FDF,3F80
1FE0,3F80
1FE1,3F80
1FE2,3F80
1FE3,3F80
1FE4,3F80
1FE5,3F80
1FE6,3F80
1FE7,3F80
1FE8,3F80
1FE9,3F80
1FEA,3F80
1FEB,3F80
1FEC,3F80
1FED,3F80
1FEE,3F80
1FEF,3F80
1FF0,3F80
1FF1,3F80
1FF2,3F80
1FF3,3F80
1FF4,3F80
1FF5,3F80
1FF6,3F80
1FF7,3F80
1FF8,3F80
1FF9,3F80
1FFA,3F80
1FFB,3F80
1FFC,3F80
1FFD,3F80
1FFE,3F80
1FFF,3F80
2000,3F80
2001,3F80
2002,3F80
2003,3F80
2004,3F80
2005,3F80
2006,3F80
2007,3F80
2008,3F80
2009,3F80
200A,3F80
200B,3F80
200C,3F80
200D,3F80
200E,3F80
200F,3F80
2010,3F80
2011,3F80
2012,3F80
2013,3F80
2014,3F80
2015,3F80
2016,3F80
2017,3F80
2018,3F80
2019,3F80
201A,3F80
201B,3F80
201C,3F80
201D,3F80
201E,3F80
201F,3F80
2020,3F80
2021,3F80
2022,3F80
2023,3F80
2024,3F80
2025,3F80
2026,3F80
2027,3F80
2028,3F80
2029,3F80
202A,3F80
202B,3F80
202C,3F80
202D,3F80
202E,3F80
202F,3F80
2030,3F80
2031,3F80
2032,3F80
2033,3F80
2034,3F80
2035,3F80
2036,3F80
2037,3F80
2038,3F80
2039,3F80
203A,3F80
203B,3F80
203C,3F80
203D,3F80
203E,3F80
203F,3F80
2040,3F80
2041,3F80
2042,3F80
2043,3F80
2044,3F80
2045,3F80
2046,3F80
2047,3F80
2048,3F80
2049,3F80
204A,3F80
204B,3F80
204C,3F80
204D,3F80
204E,3F80
204F,3F80
2050,3F80
2051,3F80
2052,3F80
2053,3F80
2054,3F80
2055,3F80
2056,3F80
2057,3F80
2058,3F80
2059,3F80
205A,3F80
205B,3F80
205C,3F80
205D,3F80
205E,3F80
205F,3F80
2060,3F80
2061,3F80
2062,3F80
2063,3F80
2064,3F80
2065,3F80
2066,3F80
2067,3F80
2068,3F80
2069,3F80
206A,3F80
206B,3F80
206C,3F80
206D,3F80
206E,3F80
206F,3F80
2070,3F80
2071,3F80
2072,3F80
2073,3F80
2074,3F80
2075,3F80
2076,3F80
2077,3F80
2078,3F80
2079,3F80
207A,3F80
207B,3F80
207C,3F80
207D,3F80
207E,3F80
207F,3F80
2080,3F80
2081,3F80
2082,3F80
2083,3F80
2084,3F80
2085,3F80
2086,3F80
2087,3F80
2088,3F80
2089,3F80
208A,3F80
208B,3F80
208C,3F80
208D,3F80
208E,3F80
208F,3F80
2090,3F80
2091,3F80
2092,3F80
2093,3F80
2094,3F80
2095,3F80
2096,3F80
2097,3F80
2098,3F80
2099,3F80
209A,3F80
209B,3F80
209C,3F80
209D,3F80
209E,3F80
209F,3F80
20A0,3F80
20A1,3F80
20A2,3F80
20A3,3F80
20A4,3F80
20A5,3F80
20A6,3F80
20A7,3F80
20A8,3F80
20A9,3F80
20AA,3F80
20AB,3F80
20AC,3F80
20AD,3F80
20AE,3F80
20AF,3F80
20B0,3F80
20B1,3F80
20B2,3F80
20B3,3F80
20B4,3F80
20B5,3F80
20B6,3F80
20B7,3F80
20B8,3F80
20B9,3F80
20BA,3F80
20BB,3F80
20BC,3F80
20BD,3F80
20BE,3F80
20BF,3F80
20C0,3F80
20C1,3F80
20C2,3F80
20C3,3F80
20C4,3F80
20C5,3F80
20C6,3F80
20C7,3F80
20C8,3F80
20C9,3F80
20CA,3F80
20CB,3F80
20CC,3F80
20CD,3F80
20CE,3F80
20CF,3F80
20D0,3F80
20D1,3F80
20D2,3F80
20D3,3F80
20D4,3F80
20D5,3F80
20D6,3F80
20D7,3F80
20D8,3F80
20D9,3F80
20DA,3F80
20DB,3F80
20DC,3F80
20DD,3F80
20DE,3F80
20DF,3F80
20E0,3F80
20E1,3F80
20E2,3F80
20E3,3F80
20E4,3F80
20E5,3F80
20E6,3F80
20E7,3F80
20E8,3F80
20E9,3F80
20EA,3F80
20EB,3F80
20EC,3F80
20ED,3F80
20EE,3F80
20EF,3F80
20F0,3F80
20F1,3F80
20F2,3F80
20F3,3F80
20F4,3F80
20F5,3F80
20F6,3F80
20F7,3F80
20F8,3F80
20F9,3F80
20FA,3F80
20FB,3F80
20FC,3F80
20FD,3F80
20FE,3F80
20FF,3F80
2100,3F80
2101,3F80
2102,3F80
2103,3F80
2104,3F80
2105,3F80
2106,3F80
2107,3F80
2108,3F80
2109,3F80
210A,3F80
210B,3F80
210C,3F80
210D,3F80
210E,3F80
210F,3F80
2110,3F80
2111,3F80
2112,3F80
2113,3F80
2114,3F80
2115,3F80
2116,3F80
2117,3F80
2118,3F80
2119,3F80
211A,3F80
211B,3F80
211C,3F80
211D,3F80
211E,3F80
211F,3F80
2120,3F80
2121,3F80
2122,3F80
2123,3F80
2124,3F80
2125,3F80
2126,3F80
2127,3F80
2128,3F80
2129,3F80
212A,3F80
212B,3F80
212C,3F80
212D,3F80
212E,3F80
212F,3F80
2130,3F80
2131,3F80
2132,3F80
2133,3F80
2134,3F80
2135,3F80
2136,3F80
2137,3F80
2138,3F80
2139,3F80
213A,3F80
213B,3F80
213C,3F80
213D,3F80
213E,3F80
213F,3F80
2140,3F80
2141,3F80
2142,3F80
2143,3F80
2144,3F80
2145,3F80
2146,3F80
2147,3F80
2148,3F80
2149,3F80
214A,3F80
214B,3F80
214C,3F80
214D,3F80
214E,3F80
214F,3F80
2150,3F80
2151,3F80
2152,3F80
2153,3F80
2154,3F80
2155,3F80
2156,3F80
2157,3F80
2158,3F80
2159,3F80
215A,3F80
215B,3F80
215C,3F80
215D,3F80
215E,3F80
215F,3F80
2160,3F80
2161,3F80
2162,3F80
2163,3F80
2164,3F80
2165,3F80
2166,3F80
2167,3F80
2168,3F80
2169,3F80
216A,3F80
216B,3F80
216C,3F80
216D,3F80
216E,3F80
216F,3F80
2170,3F80
2171,3F80
2172,3F80
2173,3F80
2174,3F80
2175,3F80
2176,3F80
2177,3F80
2178,3F80
2179,3F80
217A,3F80
217B,3F80
217C,3F80
217D,3F80
217E,3F80
217F,3F80
2180,3F80
2181,3F80
2182,3F80
2183,3F80
2184,3F80
2185,3F80
2186,3F80
2187,3F80
2188,3F80
2189,3F80
218A,3F80
218B,3F80
218C,3F80
218D,3F80
218E,3F80
218F,3F80
2190,3F80
2191,3F80
2192,3F80
2193,3F80
2194,3F80
2195,3F80
2196,3F80
2197,3F80
2198,3F80
2199,3F80
219A,3F80
219B,3F80
219C,3F80
219D,3F80
219E,3F80
219F,3F80
21A0,3F80
21A1,3F80
21A2,3F80
21A3,3F80
21A4,3F80
21A5,3F80
21A6,3F80
21A7,3F80
21A8,3F80
21A9,3F80
21AA,3F80
21AB,3F80
21AC,3F80
21AD,3F80
21AE,3F80
21AF,3F80
21B0,3F80
21B1,3F80
21B2,3F80
21B3,3F80
21B4,3F80
21B5,3F80
21B6,3F80
21B7,3F80
21B8,3F80
21B9,3F80
21BA,3F80
21BB,3F80
21BC,3F80
21BD,3F80
21BE,3F80
21BF,3F80
21C0,3F80
21C1,3F80
21C2,3F80
21C3,3F80
21C4,3F80
21C5,3F80
21C6,3F80
21C7,3F80
21C8,3F80
21C9,3F80
21CA,3F80
21CB,3F80
21CC,3F80
21CD,3F80
21CE,3F80
21CF,3F80
21D0,3F80
21D1,3F80
21D2,3F80
21D3,3F80
21D4,3F80
21D5,3F80
21D6,3F80
21D7,3F80
21D8,3F80
21D9,3F80
21DA,3F80
21DB,3F80
21DC,3F80
21DD,3F80
21DE,3F80
21DF,3F80
21E0,3F80
21E1,3F80
21E2,3F80
21E3,3F80
21E4,3F80
21E5,3F80
21E6,3F80
21E7,3F80
21E8,3F80
21E9,3F80
21EA,3F80
21EB,3F80
21EC,3F80
21ED,3F80
21EE,3F80
21EF,3F80
21F0,3F80
21F1,3F80
21F2,3F80
21F3,3F80
21F4,3F80
21F5,3F80
21F6,3F80
21F7,3F80
21F8,3F80
21F9,3F80
21FA,3F80
21FB,3F80
21FC,3F80
21FD,3F80
21FE,3F80
21FF,3F80
2200,3F80
2201,3F80
2202,3F80
2203,3F80
2204,3F80
2205,3F80
2206,3F80
2207,3F80
2208,3F80
2209,3F80
220A,3F80
220B,3F80
220C,3F80
220D,3F80
220E,3F80
220F,3F80
2210,3F80
2211,3F80
2212,3F80
2213,3F80
2214,3F80
2215,3F80
2216,3F80
2217,3F80
2218,3F80
2219,3F80
221A,3F80
221B,3F80
221C,3F80
221D,3F80
221E,3F80
221F,3F80
2220,3F80
2221,3F80
2222,3F80
2223,3F80
2224,3F80
2225,3F80
2226,3F80
2227,3F80
2228,3F80
2229,3F80
222A,3F80
222B,3F80
222C,3F80
222D,3F80
222E,3F80
222F,3F80
2230,3F80
2231,3F80
2232,3F80
2233,3F80
2234,3F80
2235,3F80
2236,3F80
2237,3F80
2238,3F80
2239,3F80
223A,3F80
223B,3F80
223C,3F80
223D,3F80
223E,3F80
223F,3F80
2240,3F80
2241,3F80
2242,3F80
2243,3F80
2244,3F80
2245,3F80
2246,3F80
2247,3F80
2248,3F80
2249,3F80
224A,3F80
224B,3F80
224C,3F80
224D,3F80
224E,3F80
224F,3F80
2250,3F80
2251,3F80
2252,3F80
2253,3F80
2254,3F80
2255,3F80
2256,3F80
2257,3F80
2258,3F80
2259,3F80
225A,3F80
225B,3F80
225C,3F80
225D,3F80
225E,3F80
225F,3F80
2260,3F80
2261,3F80
2262,3F80
2263,3F80
2264,3F80
2265,3F80
2266,3F80
2267,3F80
2268,3F80
2269,3F80
226A,3F80
226B,3F80
226C,3F80
226D,3F80
226E,3F80
226F,3F80
2270,3F80
2271,3F80
2272,3F80
2273,3F80
2274,3F80
2275,3F80
2276,3F80
2277,3F80
2278,3F80
2279,3F80
227A,3F80
227B,3F80
227C,3F80
227D,3F80
227E,3F80
227F,3F80
2280,3F80
2281,3F80
2282,3F80
2283,3F80
2284,3F80
2285,3F80
2286,3F80
2287,3F80
2288,3F80
2289,3F80
228A,3F80
228B,3F80
228C,3F80
228D,3F80
228E,3F80
228F,3F80
2290,3F80
2291,3F80
2292,3F80
2293,3F80
2294,3F80
2295,3F80
2296,3F80
2297,3F80
2298,3F80
2299,3F80
229A,3F80
229B,3F80
229C,3F80
229D,3F80
229E,3F80
229F,3F80
22A0,3F80
22A1,3F80
22A2,3F80
22A3,3F80
22A4,3F80
22A5,3F80
22A6,3F80
22A7,3F80
22A8,3F80
22A9,3F80
22AA,3F80
22AB,3F80
22AC,3F80
22AD,3F80
22AE,3F80
22AF,3F80
22B0,3F80
22B1,3F80
22B2,3F80
22B3,3F80
22B4,3F80
22B5,3F80
22B6,3F80
22B7,3F80
22B8,3F80
22B9,3F80
22BA,3F80
22BB,3F80
22BC,3F80
22BD,3F80
22BE,3F80
22BF,3F80
22C0,3F80
22C1,3F80
22C2,3F80
22C3,3F80
22C4,3F80
22C5,3F80
22C6,3F80
22C7,3F80
22C8,3F80
22C9,3F80
22CA,3F80
22CB,3F80
22CC,3F80
22CD,3F80
22CE,3F80
22CF,3F80
22D0,3F80
22D1,3F80
22D2,3F80
22D3,3F80
22D4,3F80
22D5,3F80
22D6,3F80
22D7,3F80
22D8,3F80
22D9,3F80
22DA,3F80
22DB,3F80
22DC,3F80
22DD,3F80
22DE,3F80
22DF,3F80
22E0,3F80
22E1,3F80
22E2,3F80
22E3,3F80
22E4,3F80
22E5,3F80
22E6,3F80
22E7,3F80
22E8,3F80
22E9,3F80
22EA,3F80
22EB,3F80
22EC,3F80
22ED,3F80
22EE,3F80
22EF,3F80
22F0,3F80
22F1,3F80
22F2,3F80
22F3,3F80
22F4,3F80
22F5,3F80
22F6,3F80
22F7,3F80
22F8,3F80
22F9,3F80
22FA,3F80
22FB,3F80
22FC,3F80
22FD,3F80
22FE,3F80
22FF,3F80
2300,3F80
2301,3F80
2302,3F80
2303,3F80
2304,3F80
2305,3F80
2306,3F80
2307,3F80
2308,3F80
2309,3F80
230A,3F80
230B,3F80
230C,3F80
230D,3F80
230E,3F80
230F,3F80
2310,3F80
2311,3F80
2312,3F80
2313,3F80
2314,3F80
2315,3F80
2316,3F80
2317,3F80
2318,3F80
2319,3F80
231A,3F80
231B,3F80
231C,3F80
231D,3F80
231E,3F80
231F,3F80
2320,3F80
2321,3F80
2322,3F80
2323,3F80
2324,3F80
2325,3F80
2326,3F80
2327,3F80
2328,3F80
2329,3F80
232A,3F80
232B,3F80
232C,3F80
232D,3F80
232E,3F80
232F,3F80
2330,3F80
2331,3F80
2332,3F80
2333,3F80
2334,3F80
2335,3F80
2336,3F80
2337,3F80
2338,3F80
2339,3F80
233A,3F80
233B,3F80
233C,3F80
233D,3F80
233E,3F80
233F,3F80
2340,3F80
2341,3F80
2342,3F80
2343,3F80
2344,3F80
2345,3F80
2346,3F80
2347,3F80
2348,3F80
2349,3F80
234A,3F80
234B,3F80
234C,3F80
234D,3F80
234E,3F80
234F,3F80
2350,3F80
2351,3F80
2352,3F80
2353,3F80
2354,3F80
2355,3F80
2356,3F80
2357,3F80
2358,3F80
2359,3F80
235A,3F80
235B,3F80
235C,3F80
235D,3F80
235E,3F80
235F,3F80
2360,3F80
2361,3F80
2362,3F80
2363,3F80
2364,3F80
2365,3F80
2366,3F80
2367,3F80
2368,3F80
2369,3F80
236A,3F80
236B,3F80
236C,3F80
236D,3F80
236E,3F80
236F,3F80
2370,3F80
2371,3F80
2372,3F80
2373,3F80
2374,3F80
2375,3F80
2376,3F80
2377,3F80
2378,3F80
2379,3F80
237A,3F80
237B,3F80
237C,3F80
237D,3F80
237E,3F80
237F,3F80
2380,3F80
2381,3F80
2382,3F80
2383,3F80
2384,3F80
2385,3F80
2386,3F80
2387,3F80
2388,3F80
2389,3F80
238A,3F80
238B,3F80
238C,3F80
238D,3F80
238E,3F80
238F,3F80
2390,3F80
2391,3F80
2392,3F80
2393,3F80
2394,3F80
2395,3F80
2396,3F80
2397,3F80
2398,3F80
2399,3F80
239A,3F80
239B,3F80
239C,3F80
239D,3F80
239E,3F80
239F,3F80
23A0,3F80
23A1,3F80
23A2,3F80
23A3,3F80
23A4,3F80
23A5,3F80
23A6,3F80
23A7,3F80
23A8,3F80
23A9,3F80
23AA,3F80
23AB,3F80
23AC,3F80
23AD,3F80
23AE,3F80
23AF,3F80
23B0,3F80
23B1,3F80
23B2,3F80
23B3,3F80
23B4,3F80
23B5,3F80
23B6,3F80
23B7,3F80
23B8,3F80
23B9,3F80
23BA,3F80
23BB,3F80
23BC,3F80
23BD,3F80
23BE,3F80
23BF,3F80
23C0,3F80
23C1,3F80
23C2,3F80
23C3,3F80
23C4,3F80
23C5,3F80
23C6,3F80
23C7,3F80
23C8,3F80
23C9,3F80
23CA,3F80
23CB,3F80
23CC,3F80
23CD,3F80
23CE,3F80
23CF,3F80
23D0,3F80
23D1,3F80
23D2,3F80
23D3,3F80
23D4,3F80
23D5,3F80
23D6,3F80
23D7,3F80
23D8,3F80
23D9,3F80
23DA,3F80
23DB,3F80
23DC,3F80
23DD,3F80
23DE,3F80
23DF,3F80
23E0,3F80
23E1,3F80
23E2,3F80
23E3,3F80
23E4,3F80
23E5,3F80
23E6,3F80
23E7,3F80
23E8,3F80
23E9,3F80
23EA,3F80
23EB,3F80
23EC,3F80
23ED,3F80
23EE,3F80
23EF,3F80
23F0,3F80
23F1,3F80
23F2,3F80
23F3,3F80
23F4,3F80
23F5,3F80
23F6,3F80
23F7,3F80
23F8,3F80
23F9,3F80
23FA,3F80
23FB,3F80
23FC,3F80
23FD,3F80
23FE,3F80
23FF,3F80
2400,3F80
2401,3F80
2402,3F80
2403,3F80
2404,3F80
2405,3F80
2406,3F80
2407,3F80
2408,3F80
2409,3F80
240A,3F80
240B,3F80
240C,3F80
240D,3F80
240E,3F80
240F,3F80
2410,3F80
2411,3F80
2412,3F80
2413,3F80
2414,3F80
2415,3F80
2416,3F80
2417,3F80
2418,3F80
2419,3F80
241A,3F80
241B,3F80
241C,3F80
241D,3F80
241E,3F80
241F,3F80
2420,3F80
2421,3F80
2422,3F80
2423,3F80
2424,3F80
2425,3F80
2426,3F80
2427,3F80
2428,3F80
2429,3F80
242A,3F80
242B,3F80
242C,3F80
242D,3F80
242E,3F80
242F,3F80
2430,3F80
2431,3F80
2432,3F80
2433,3F80
2434,3F80
2435,3F80
2436,3F80
2437,3F80
2438,3F80
2439,3F80
243A,3F80
243B,3F80
243C,3F80
243D,3F80
243E,3F80
243F,3F80
2440,3F80
2441,3F80
2442,3F80
2443,3F80
2444,3F80
2445,3F80
2446,3F80
2447,3F80
2448,3F80
2449,3F80
244A,3F80
244B,3F80
244C,3F80
244D,3F80
244E,3F80
244F,3F80
2450,3F80
2451,3F80
2452,3F80
2453,3F80
2454,3F80
2455,3F80
2456,3F80
2457,3F80
2458,3F80
2459,3F80
245A,3F80
245B,3F80
245C,3F80
245D,3F80
245E,3F80
245F,3F80
2460,3F80
2461,3F80
2462,3F80
2463,3F80
2464,3F80
2465,3F80
2466,3F80
2467,3F80
2468,3F80
2469,3F80
246A,3F80
246B,3F80
246C,3F80
246D,3F80
246E,3F80
246F,3F80
2470,3F80
2471,3F80
2472,3F80
2473,3F80
2474,3F80
2475,3F80
2476,3F80
2477,3F80
2478,3F80
2479,3F80
247A,3F80
247B,3F80
247C,3F80
247D,3F80
247E,3F80
247F,3F80
2480,3F80
2481,3F80
2482,3F80
2483,3F80
2484,3F80
2485,3F80
2486,3F80
2487,3F80
2488,3F80
2489,3F80
248A,3F80
248B,3F80
248C,3F80
248D,3F80
248E,3F80
248F,3F80
2490,3F80
2491,3F80
2492,3F80
2493,3F80
2494,3F80
2495,3F80
2496,3F80
2497,3F80
2498,3F80
2499,3F80
249A,3F80
249B,3F80
249C,3F80
249D,3F80
249E,3F80
249F,3F80
24A0,3F80
24A1,3F80
24A2,3F80
24A3,3F80
24A4,3F80
24A5,3F80
24A6,3F80
24A7,3F80
24A8,3F80
24A9,3F80
24AA,3F80
24AB,3F80
24AC,3F80
24AD,3F80
24AE,3F80
24AF,3F80
24B0,3F80
24B1,3F80
24B2,3F80
24B3,3F80
24B4,3F80
24B5,3F80
24B6,3F80
24B7,3F80
24B8,3F80
24B9,3F80
24BA,3F80
24BB,3F80
24BC,3F80
24BD,3F80
24BE,3F80
24BF,3F80
24C0,3F80
24C1,3F80
24C2,3F80
24C3,3F80
24C4,3F80
24C5,3F80
24C6,3F80
24C7,3F80
24C8,3F80
24C9,3F80
24CA,3F80
24CB,3F80
24CC,3F80
24CD,3F80
24CE,3F80
24CF,3F80
24D0,3F80
24D1,3F80
24D2,3F80
24D3,3F80
24D4,3F80
24D5,3F80
24D6,3F80
24D7,3F80
24D8,3F80
24D9,3F80
24DA,3F80
24DB,3F80
24DC,3F80
24DD,3F80
24DE,3F80
24DF,3F80
24E0,3F80
24E1,3F80
24E2,3F80
24E3,3F80
24E4,3F80
24E5,3F80
24E6,3F80
24E7,3F80
24E8,3F80
24E9,3F80
24EA,3F80
24EB,3F80
24EC,3F80
24ED,3F80
24EE,3F80
24EF,3F80
24F0,3F80
24F1,3F80
24F2,3F80
24F3,3F80
24F4,3F80
24F5,3F80
24F6,3F80
24F7,3F80
24F8,3F80
24F9,3F80
24FA,3F80
24FB,3F80
24FC,3F80
24FD,3F80
24FE,3F80
24FF,3F80
2500,3F80
2501,3F80
2502,3F80
2503,3F80
2504,3F80
2505,3F80
2506,3F80
2507,3F80
2508,3F80
2509,3F80
250A,3F80
250B,3F80
250C,3F80
250D,3F80
250E,3F80
250F,3F80
2510,3F80
2511,3F80
2512,3F80
2513,3F80
2514,3F80
2515,3F80
2516,3F80
2517,3F80
2518,3F80
2519,3F80
251A,3F80
251B,3F80
251C,3F80
251D,3F80
251E,3F80
251F,3F80
2520,3F80
2521,3F80
2522,3F80
2523,3F80
2524,3F80
2525,3F80
2526,3F80
2527,3F80
2528,3F80
2529,3F80
252A,3F80
252B,3F80
252C,3F80
252D,3F80
252E,3F80
252F,3F80
2530,3F80
2531,3F80
2532,3F80
2533,3F80
2534,3F80
2535,3F80
2536,3F80
2537,3F80
2538,3F80
2539,3F80
253A,3F80
253B,3F80
253C,3F80
253D,3F80
253E,3F80
253F,3F80
2540,3F80
2541,3F80
2542,3F80
2543,3F80
2544,3F80
2545,3F80
2546,3F80
2547,3F80
2548,3F80
2549,3F80
254A,3F80
254B,3F80
254C,3F80
254D,3F80
254E,3F80
254F,3F80
2550,3F80
2551,3F80
2552,3F80
2553,3F80
2554,3F80
2555,3F80
2556,3F80
2557,3F80
2558,3F80
2559,3F80
255A,3F80
255B,3F80
255C,3F80
255D,3F80
255E,3F80
255F,3F80
2560,3F80
2561,3F80
2562,3F80
2563,3F80
2564,3F80
2565,3F80
2566,3F80
2567,3F80
2568,3F80
2569,3F80
256A,3F80
256B,3F80
256C,3F80
256D,3F80
256E,3F80
256F,3F80
2570,3F80
2571,3F80
2572,3F80
2573,3F80
2574,3F80
2575,3F80
2576,3F80
2577,3F80
2578,3F80
2579,3F80
257A,3F80
257B,3F80
257C,3F80
257D,3F80
257E,3F80
257F,3F80
2580,3F80
2581,3F80
2582,3F80
2583,3F80
2584,3F80
2585,3F80
2586,3F80
2587,3F80
2588,3F80
2589,3F80
258A,3F80
258B,3F80
258C,3F80
258D,3F80
258E,3F80
258F,3F80
2590,3F80
2591,3F80
2592,3F80
2593,3F80
2594,3F80
2595,3F80
2596,3F80
2597,3F80
2598,3F80
2599,3F80
259A,3F80
259B,3F80
259C,3F80
259D,3F80
259E,3F80
259F,3F80
25A0,3F80
25A1,3F80
25A2,3F80
25A3,3F80
25A4,3F80
25A5,3F80
25A6,3F80
25A7,3F80
25A8,3F80
25A9,3F80
25AA,3F80
25AB,3F80
25AC,3F80
25AD,3F80
25AE,3F80
25AF,3F80
25B0,3F80
25B1,3F80
25B2,3F80
25B3,3F80
25B4,3F80
25B5,3F80
25B6,3F80
25B7,3F80
25B8,3F80
25B9,3F80
25BA,3F80
25BB,3F80
25BC,3F80
25BD,3F80
25BE,3F80
25BF,3F80
25C0,3F80
25C1,3F80
25C2,3F80
25C3,3F80
25C4,3F80
25C5,3F80
25C6,3F80
25C7,3F80
25C8,3F80
25C9,3F80
25CA,3F80
25CB,3F80
25CC,3F80
25CD,3F80
25CE,3F80
25CF,3F80
25D0,3F80
25D1,3F80
25D2,3F80
25D3,3F80
25D4,3F80
25D5,3F80
25D6,3F80
25D7,3F80
25D8,3F80
25D9,3F80
25DA,3F80
25DB,3F80
25DC,3F80
25DD,3F80
25DE,3F80
25DF,3F80
25E0,3F80
25E1,3F80
25E2,3F80
25E3,3F80
25E4,3F80
25E5,3F80
25E6,3F80
25E7,3F80
25E8,3F80
25E9,3F80
25EA,3F80
25EB,3F80
25EC,3F80
25ED,3F80
25EE,3F80
25EF,3F80
25F0,3F80
25F1,3F80
25F2,3F80
25F3,3F80
25F4,3F80
25F5,3F80
25F6,3F80
25F7,3F80
25F8,3F80
25F9,3F80
25FA,3F80
25FB,3F80
25FC,3F80
25FD,3F80
25FE,3F80
25FF,3F80
2600,3F80
2601,3F80
2602,3F80
2603,3F80
2604,3F80
2605,3F80
2606,3F80
2607,3F80
2608,3F80
2609,3F80
260A,3F80
260B,3F80
260C,3F80
260D,3F80
260E,3F80
260F,3F80
2610,3F80
2611,3F80
2612,3F80
2613,3F80
2614,3F80
2615,3F80
2616,3F80
2617,3F80
2618,3F80
2619,3F80
261A,3F80
261B,3F80
261C,3F80
261D,3F80
261E,3F80
261F,3F80
2620,3F80
2621,3F80
2622,3F80
2623,3F80
2624,3F80
2625,3F80
2626,3F80
2627,3F80
2628,3F80
2629,3F80
262A,3F80
262B,3F80
262C,3F80
262D,3F80
262E,3F80
262F,3F80
2630,3F80
2631,3F80
2632,3F80
2633,3F80
2634,3F80
2635,3F80
2636,3F80
2637,3F80
2638,3F80
2639,3F80
263A,3F80
263B,3F80
263C,3F80
263D,3F80
263E,3F80
263F,3F80
2640,3F80
2641,3F80
2642,3F80
2643,3F80
2644,3F80
2645,3F80
2646,3F80
2647,3F80
2648,3F80
2649,3F80
264A,3F80
264B,3F80
264C,3F80
264D,3F80
264E,3F80
264F,3F80
2650,3F80
2651,3F80
2652,3F80
2653,3F80
2654,3F80
2655,3F80
2656,3F80
2657,3F80
2658,3F80
2659,3F80
265A,3F80
265B,3F80
265C,3F80
265D,3F80
265E,3F80
265F,3F80
2660,3F80
2661,3F80
2662,3F80
2663,3F80
2664,3F80
2665,3F80
2666,3F80
2667,3F80
2668,3F80
2669,3F80
266A,3F80
266B,3F80
266C,3F80
266D,3F80
266E,3F80
266F,3F80
2670,3F80
2671,3F80
2672,3F80
2673,3F80
2674,3F80
2675,3F80
2676,3F80
2677,3F80
2678,3F80
2679,3F80
267A,3F80
267B,3F80
267C,3F80
267D,3F80
267E,3F80
267F,3F80
2680,3F80
2681,3F80
2682,3F80
2683,3F80
2684,3F80
2685,3F80
2686,3F80
2687,3F80
2688,3F80
2689,3F80
268A,3F80
268B,3F80
268C,3F80
268D,3F80
268E,3F80
268F,3F80
2690,3F80
2691,3F80
2692,3F80
2693,3F80
2694,3F80
2695,3F80
2696,3F80
2697,3F80
2698,3F80
2699,3F80
269A,3F80
269B,3F80
269C,3F80
269D,3F80
269E,3F80
269F,3F80
26A0,3F80
26A1,3F80
26A2,3F80
26A3,3F80
26A4,3F80
26A5,3F80
26A6,3F80
26A7,3F80
26A8,3F80
26A9,3F80
26AA,3F80
26AB,3F80
26AC,3F80
26AD,3F80
26AE,3F80
26AF,3F80
26B0,3F80
26B1,3F80
26B2,3F80
26B3,3F80
26B4,3F80
26B5,3F80
26B6,3F80
26B7,3F80
26B8,3F80
26B9,3F80
26BA,3F80
26BB,3F80
26BC,3F80
26BD,3F80
26BE,3F80
26BF,3F80
26C0,3F80
26C1,3F80
26C2,3F80
26C3,3F80
26C4,3F80
26C5,3F80
26C6,3F80
26C7,3F80
26C8,3F80
26C9,3F80
26CA,3F80
26CB,3F80
26CC,3F80
26CD,3F80
26CE,3F80
26CF,3F80
26D0,3F80
26D1,3F80
26D2,3F80
26D3,3F80
26D4,3F80
26D5,3F80
26D6,3F80
26D7,3F80
26D8,3F80
26D9,3F80
26DA,3F80
26DB,3F80
26DC,3F80
26DD,3F80
26DE,3F80
26DF,3F80
26E0,3F80
26E1,3F80
26E2,3F80
26E3,3F80
26E4,3F80
26E5,3F80
26E6,3F80
26E7,3F80
26E8,3F80
26E9,3F80
26EA,3F80
26EB,3F80
26EC,3F80
26ED,3F80
26EE,3F80
26EF,3F80
26F0,3F80
26F1,3F80
26F2,3F80
26F3,3F80
26F4,3F80
26F5,3F80
26F6,3F80
26F7,3F80
26F8,3F80
26F9,3F80
26FA,3F80
26FB,3F80
26FC,3F80
26FD,3F80
26FE,3F80
26FF,3F80
2700,3F80
2701,3F80
2702,3F80
2703,3F80
2704,3F80
2705,3F80
2706,3F80
2707,3F80
2708,3F80
2709,3F80
270A,3F80
270B,3F80
270C,3F80
270D,3F80
270E,3F80
270F,3F80
2710,3F80
2711,3F80
2712,3F80
2713,3F80
2714,3F80
2715,3F80
2716,3F80
2717,3F80
2718,3F80
2719,3F80
271A,3F80
271B,3F80
271C,3F80
271D,3F80
271E,3F80
271F,3F80
2720,3F80
2721,3F80
2722,3F80
2723,3F80
2724,3F80
2725,3F80
2726,3F80
2727,3F80
2728,3F80
2729,3F80
272A,3F80
272B,3F80
272C,3F80
272D,3F80
272E,3F80
272F,3F80
2730,3F80
2731,3F80
2732,3F80
2733,3F80
2734,3F80
2735,3F80
2736,3F80
2737,3F80
2738,3F80
2739,3F80
273A,3F80
273B,3F80
273C,3F80
273D,3F80
273E,3F80
273F,3F80
2740,3F80
2741,3F80
2742,3F80
2743,3F80
2744,3F80
2745,3F80
2746,3F80
2747,3F80
2748,3F80
2749,3F80
274A,3F80
274B,3F80
274C,3F80
274D,3F80
274E,3F80
274F,3F80
2750,3F80
2751,3F80
2752,3F80
2753,3F80
2754,3F80
2755,3F80
2756,3F80
2757,3F80
2758,3F80
2759,3F80
275A,3F80
275B,3F80
275C,3F80
275D,3F80
275E,3F80
275F,3F80
2760,3F80
2761,3F80
2762,3F80
2763,3F80
2764,3F80
2765,3F80
2766,3F80
2767,3F80
2768,3F80
2769,3F80
276A,3F80
276B,3F80
276C,3F80
276D,3F80
276E,3F80
276F,3F80
2770,3F80
2771,3F80
2772,3F80
2773,3F80
2774,3F80
2775,3F80
2776,3F80
2777,3F80
2778,3F80
2779,3F80
277A,3F80
277B,3F80
277C,3F80
277D,3F80
277E,3F80
277F,3F80
2780,3F80
2781,3F80
2782,3F80
2783,3F80
2784,3F80
2785,3F80
2786,3F80
2787,3F80
2788,3F80
2789,3F80
278A,3F80
278B,3F80
278C,3F80
278D,3F80
278E,3F80
278F,3F80
2790,3F80
2791,3F80
2792,3F80
2793,3F80
2794,3F80
2795,3F80
2796,3F80
2797,3F80
2798,3F80
2799,3F80
279A,3F80
279B,3F80
279C,3F80
279D,3F80
279E,3F80
279F,3F80
27A0,3F80
27A1,3F80
27A2,3F80
27A3,3F80
27A4,3F80
27A5,3F80
27A6,3F80
27A7,3F80
27A8,3F80
27A9,3F80
27AA,3F80
27AB,3F80
27AC,3F80
27AD,3F80
27AE,3F80
27AF,3F80
27B0,3F80
27B1,3F80
27B2,3F80
27B3,3F80
27B4,3F80
27B5,3F80
27B6,3F80
27B7,3F80
27B8,3F80
27B9,3F80
27BA,3F80
27BB,3F80
27BC,3F80
27BD,3F80
27BE,3F80
27BF,3F80
27C0,3F80
27C1,3F80
27C2,3F80
27C3,3F80
27C4,3F80
27C5,3F80
27C6,3F80
27C7,3F80
27C8,3F80
27C9,3F80
27CA,3F80
27CB,3F80
27CC,3F80
27CD,3F80
27CE,3F80
27CF,3F80
27D0,3F80
27D1,3F80
27D2,3F80
27D3,3F80
27D4,3F80
27D5,3F80
27D6,3F80
27D7,3F80
27D8,3F80
27D9,3F80
27DA,3F80
27DB,3F80
27DC,3F80
27DD,3F80
27DE,3F80
27DF,3F80
27E0,3F80
27E1,3F80
27E2,3F80
27E3,3F80
27E4,3F80
27E5,3F80
27E6,3F80
27E7,3F80
27E8,3F80
27E9,3F80
27EA,3F80
27EB,3F80
27EC,3F80
27ED,3F80
27EE,3F80
27EF,3F80
27F0,3F80
27F1,3F80
27F2,3F80
27F3,3F80
27F4,3F80
27F5,3F80
27F6,3F80
27F7,3F80
27F8,3F80
27F9,3F80
27FA,3F80
27FB,3F80
27FC,3F80
27FD,3F80
27FE,3F80
27FF,3F80
2800,3F80
2801,3F80
2802,3F80
2803,3F80
2804,3F80
2805,3F80
2806,3F80
2807,3F80
2808,3F80
2809,3F80
280A,3F80
280B,3F80
280C,3F80
280D,3F80
280E,3F80
280F,3F80
2810,3F80
2811,3F80
2812,3F80
2813,3F80
2814,3F80
2815,3F80
2816,3F80
2817,3F80
2818,3F80
2819,3F80
281A,3F80
281B,3F80
281C,3F80
281D,3F80
281E,3F80
281F,3F80
2820,3F80
2821,3F80
2822,3F80
2823,3F80
2824,3F80
2825,3F80
2826,3F80
2827,3F80
2828,3F80
2829,3F80
282A,3F80
282B,3F80
282C,3F80
282D,3F80
282E,3F80
282F,3F80
2830,3F80
2831,3F80
2832,3F80
2833,3F80
2834,3F80
2835,3F80
2836,3F80
2837,3F80
2838,3F80
2839,3F80
283A,3F80
283B,3F80
283C,3F80
283D,3F80
283E,3F80
283F,3F80
2840,3F80
2841,3F80
2842,3F80
2843,3F80
2844,3F80
2845,3F80
2846,3F80
2847,3F80
2848,3F80
2849,3F80
284A,3F80
284B,3F80
284C,3F80
284D,3F80
284E,3F80
284F,3F80
2850,3F80
2851,3F80
2852,3F80
2853,3F80
2854,3F80
2855,3F80
2856,3F80
2857,3F80
2858,3F80
2859,3F80
285A,3F80
285B,3F80
285C,3F80
285D,3F80
285E,3F80
285F,3F80
2860,3F80
2861,3F80
2862,3F80
2863,3F80
2864,3F80
2865,3F80
2866,3F80
2867,3F80
2868,3F80
2869,3F80
286A,3F80
286B,3F80
286C,3F80
286D,3F80
286E,3F80
286F,3F80
2870,3F80
2871,3F80
2872,3F80
2873,3F80
2874,3F80
2875,3F80
2876,3F80
2877,3F80
2878,3F80
2879,3F80
287A,3F80
287B,3F80
287C,3F80
287D,3F80
287E,3F80
287F,3F80
2880,3F80
2881,3F80
2882,3F80
2883,3F80
2884,3F80
2885,3F80
2886,3F80
2887,3F80
2888,3F80
2889,3F80
288A,3F80
288B,3F80
288C,3F80
288D,3F80
288E,3F80
288F,3F80
2890,3F80
2891,3F80
2892,3F80
2893,3F80
2894,3F80
2895,3F80
2896,3F80
2897,3F80
2898,3F80
2899,3F80
289A,3F80
289B,3F80
289C,3F80
289D,3F80
289E,3F80
289F,3F80
28A0,3F80
28A1,3F80
28A2,3F80
28A3,3F80
28A4,3F80
28A5,3F80
28A6,3F80
28A7,3F80
28A8,3F80
28A9,3F80
28AA,3F80
28AB,3F80
28AC,3F80
28AD,3F80
28AE,3F80
28AF,3F80
28B0,3F80
28B1,3F80
28B2,3F80
28B3,3F80
28B4,3F80
28B5,3F80
28B6,3F80
28B7,3F80
28B8,3F80
28B9,3F80
28BA,3F80
28BB,3F80
28BC,3F80
28BD,3F80
28BE,3F80
28BF,3F80
28C0,3F80
28C1,3F80
28C2,3F80
28C3,3F80
28C4,3F80
28C5,3F80
28C6,3F80
28C7,3F80
28C8,3F80
28C9,3F80
28CA,3F80
28CB,3F80
28CC,3F80
28CD,3F80
28CE,3F80
28CF,3F80
28D0,3F80
28D1,3F80
28D2,3F80
28D3,3F80
28D4,3F80
28D5,3F80
28D6,3F80
28D7,3F80
28D8,3F80
28D9,3F80
28DA,3F80
28DB,3F80
28DC,3F80
28DD,3F80
28DE,3F80
28DF,3F80
28E0,3F80
28E1,3F80
28E2,3F80
28E3,3F80
28E4,3F80
28E5,3F80
28E6,3F80
28E7,3F80
28E8,3F80
28E9,3F80
28EA,3F80
28EB,3F80
28EC,3F80
28ED,3F80
28EE,3F80
28EF,3F80
28F0,3F80
28F1,3F80
28F2,3F80
28F3,3F80
28F4,3F80
28F5,3F80
28F6,3F80
28F7,3F80
28F8,3F80
28F9,3F80
28FA,3F80
28FB,3F80
28FC,3F80
28FD,3F80
28FE,3F80
28FF,3F80
2900,3F80
2901,3F80
2902,3F80
2903,3F80
2904,3F80
2905,3F80
2906,3F80
2907,3F80
2908,3F80
2909,3F80
290A,3F80
290B,3F80
290C,3F80
290D,3F80
290E,3F80
290F,3F80
2910,3F80
2911,3F80
2912,3F80
2913,3F80
2914,3F80
2915,3F80
2916,3F80
2917,3F80
2918,3F80
2919,3F80
291A,3F80
291B,3F80
291C,3F80
291D,3F80
291E,3F80
291F,3F80
2920,3F80
2921,3F80
2922,3F80
2923,3F80
2924,3F80
2925,3F80
2926,3F80
2927,3F80
2928,3F80
2929,3F80
292A,3F80
292B,3F80
292C,3F80
292D,3F80
292E,3F80
292F,3F80
2930,3F80
2931,3F80
2932,3F80
2933,3F80
2934,3F80
2935,3F80
2936,3F80
2937,3F80
2938,3F80
2939,3F80
293A,3F80
293B,3F80
293C,3F80
293D,3F80
293E,3F80
293F,3F80
2940,3F80
2941,3F80
2942,3F80
2943,3F80
2944,3F80
2945,3F80
2946,3F80
2947,3F80
2948,3F80
2949,3F80
294A,3F80
294B,3F80
294C,3F80
294D,3F80
294E,3F80
294F,3F80
2950,3F80
2951,3F80
2952,3F80
2953,3F80
2954,3F80
2955,3F80
2956,3F80
2957,3F80
2958,3F80
2959,3F80
295A,3F80
295B,3F80
295C,3F80
295D,3F80
295E,3F80
295F,3F80
2960,3F80
2961,3F80
2962,3F80
2963,3F80
2964,3F80
2965,3F80
2966,3F80
2967,3F80
2968,3F80
2969,3F80
296A,3F80
296B,3F80
296C,3F80
296D,3F80
296E,3F80
296F,3F80
2970,3F80
2971,3F80
2972,3F80
2973,3F80
2974,3F80
2975,3F80
2976,3F80
2977,3F80
2978,3F80
2979,3F80
297A,3F80
297B,3F80
297C,3F80
297D,3F80
297E,3F80
297F,3F80
2980,3F80
2981,3F80
2982,3F80
2983,3F80
2984,3F80
2985,3F80
2986,3F80
2987,3F80
2988,3F80
2989,3F80
298A,3F80
298B,3F80
298C,3F80
298D,3F80
298E,3F80
298F,3F80
2990,3F80
2991,3F80
2992,3F80
2993,3F80
2994,3F80
2995,3F80
2996,3F80
2997,3F80
2998,3F80
2999,3F80
299A,3F80
299B,3F80
299C,3F80
299D,3F80
299E,3F80
299F,3F80
29A0,3F80
29A1,3F80
29A2,3F80
29A3,3F80
29A4,3F80
29A5,3F80
29A6,3F80
29A7,3F80
29A8,3F80
29A9,3F80
29AA,3F80
29AB,3F80
29AC,3F80
29AD,3F80
29AE,3F80
29AF,3F80
29B0,3F80
29B1,3F80
29B2,3F80
29B3,3F80
29B4,3F80
29B5,3F80
29B6,3F80
29B7,3F80
29B8,3F80
29B9,3F80
29BA,3F80
29BB,3F80
29BC,3F80
29BD,3F80
29BE,3F80
29BF,3F80
29C0,3F80
29C1,3F80
29C2,3F80
29C3,3F80
29C4,3F80
29C5,3F80
29C6,3F80
29C7,3F80
29C8,3F80
29C9,3F80
29CA,3F80
29CB,3F80
29CC,3F80
29CD,3F80
29CE,3F80
29CF,3F80
29D0,3F80
29D1,3F80
29D2,3F80
29D3,3F80
29D4,3F80
29D5,3F80
29D6,3F80
29D7,3F80
29D8,3F80
29D9,3F80
29DA,3F80
29DB,3F80
29DC,3F80
29DD,3F80
29DE,3F80
29DF,3F80
29E0,3F80
29E1,3F80
29E2,3F80
29E3,3F80
29E4,3F80
29E5,3F80
29E6,3F80
29E7,3F80
29E8,3F80
29E9,3F80
29EA,3F80
29EB,3F80
29EC,3F80
29ED,3F80
29EE,3F80
29EF,3F80
29F0,3F80
29F1,3F80
29F2,3F80
29F3,3F80
29F4,3F80
29F5,3F80
29F6,3F80
29F7,3F80
29F8,3F80
29F9,3F80
29FA,3F80
29FB,3F80
29FC,3F80
29FD,3F80
29FE,3F80
29FF,3F80
2A00,3F80
2A01,3F80
2A02,3F80
2A03,3F80
2A04,3F80
2A05,3F80
2A06,3F80
2A07,3F80
2A08,3F80
2A09,3F80
2A0A,3F80
2A0B,3F80
2A0C,3F80
2A0D,3F80
2A0E,3F80
2A0F,3F80
2A10,3F80
2A11,3F80
2A12,3F80
2A13,3F80
2A14,3F80
2A15,3F80
2A16,3F80
2A17,3F80
2A18,3F80
2A19,3F80
2A1A,3F80
2A1B,3F80
2A1C,3F80
2A1D,3F80
2A1E,3F80
2A1F,3F80
2A20,3F80
2A21,3F80
2A22,3F80
2A23,3F80
2A24,3F80
2A25,3F80
2A26,3F80
2A27,3F80
2A28,3F80
2A29,3F80
2A2A,3F80
2A2B,3F80
2A2C,3F80
2A2D,3F80
2A2E,3F80
2A2F,3F80
2A30,3F80
2A31,3F80
2A32,3F80
2A33,3F80
2A34,3F80
2A35,3F80
2A36,3F80
2A37,3F80
2A38,3F80
2A39,3F80
2A3A,3F80
2A3B,3F80
2A3C,3F80
2A3D,3F80
2A3E,3F80
2A3F,3F80
2A40,3F80
2A41,3F80
2A42,3F80
2A43,3F80
2A44,3F80
2A45,3F80
2A46,3F80
2A47,3F80
2A48,3F80
2A49,3F80
2A4A,3F80
2A4B,3F80
2A4C,3F80
2A4D,3F80
2A4E,3F80
2A4F,3F80
2A50,3F80
2A51,3F80
2A52,3F80
2A53,3F80
2A54,3F80
2A55,3F80
2A56,3F80
2A57,3F80
2A58,3F80
2A59,3F80
2A5A,3F80
2A5B,3F80
2A5C,3F80
2A5D,3F80
2A5E,3F80
2A5F,3F80
2A60,3F80
2A61,3F80
2A62,3F80
2A63,3F80
2A64,3F80
2A65,3F80
2A66,3F80
2A67,3F80
2A68,3F80
2A69,3F80
2A6A,3F80
2A6B,3F80
2A6C,3F80
2A6D,3F80
2A6E,3F80
2A6F,3F80
2A70,3F80
2A71,3F80
2A72,3F80
2A73,3F80
2A74,3F80
2A75,3F80
2A76,3F80
2A77,3F80
2A78,3F80
2A79,3F80
2A7A,3F80
2A7B,3F80
2A7C,3F80
2A7D,3F80
2A7E,3F80
2A7F,3F80
2A80,3F80
2A81,3F80
2A82,3F80
2A83,3F80
2A84,3F80
2A85,3F80
2A86,3F80
2A87,3F80
2A88,3F80
2A89,3F80
2A8A,3F80
2A8B,3F80
2A8C,3F80
2A8D,3F80
2A8E,3F80
2A8F,3F80
2A90,3F80
2A91,3F80
2A92,3F80
2A93,3F80
2A94,3F80
2A95,3F80
2A96,3F80
2A97,3F80
2A98,3F80
2A99,3F80
2A9A,3F80
2A9B,3F80
2A9C,3F80
2A9D,3F80
2A9E,3F80
2A9F,3F80
2AA0,3F80
2AA1,3F80
2AA2,3F80
2AA3,3F80
2AA4,3F80
2AA5,3F80
2AA6,3F80
2AA7,3F80
2AA8,3F80
2AA9,3F80
2AAA,3F80
2AAB,3F80
2AAC,3F80
2AAD,3F80
2AAE,3F80
2AAF,3F80
2AB0,3F80
2AB1,3F80
2AB2,3F80
2AB3,3F80
2AB4,3F80
2AB5,3F80
2AB6,3F80
2AB7,3F80
2AB8,3F80
2AB9,3F80
2ABA,3F80
2ABB,3F80
2ABC,3F80
2ABD,3F80
2ABE,3F80
2ABF,3F80
2AC0,3F80
2AC1,3F80
2AC2,3F80
2AC3,3F80
2AC4,3F80
2AC5,3F80
2AC6,3F80
2AC7,3F80
2AC8,3F80
2AC9,3F80
2ACA,3F80
2ACB,3F80
2ACC,3F80
2ACD,3F80
2ACE,3F80
2ACF,3F80
2AD0,3F80
2AD1,3F80
2AD2,3F80
2AD3,3F80
2AD4,3F80
2AD5,3F80
2AD6,3F80
2AD7,3F80
2AD8,3F80
2AD9,3F80
2ADA,3F80
2ADB,3F80
2ADC,3F80
2ADD,3F80
2ADE,3F80
2ADF,3F80
2AE0,3F80
2AE1,3F80
2AE2,3F80
2AE3,3F80
2AE4,3F80
2AE5,3F80
2AE6,3F80
2AE7,3F80
2AE8,3F80
2AE9,3F80
2AEA,3F80
2AEB,3F80
2AEC,3F80
2AED,3F80
2AEE,3F80
2AEF,3F80
2AF0,3F80
2AF1,3F80
2AF2,3F80
2AF3,3F80
2AF4,3F80
2AF5,3F80
2AF6,3F80
2AF7,3F80
2AF8,3F80
2AF9,3F80
2AFA,3F80
2AFB,3F80
2AFC,3F80
2AFD,3F80
2AFE,3F80
2AFF,3F80
2B00,3F80
2B01,3F80
2B02,3F80
2B03,3F80
2B04,3F80
2B05,3F80
2B06,3F80
2B07,3F80
2B08,3F80
2B09,3F80
2B0A,3F80
2B0B,3F80
2B0C,3F80
2B0D,3F80
2B0E,3F80
2B0F,3F80
2B10,3F80
2B11,3F80
2B12,3F80
2B13,3F80
2B14,3F80
2B15,3F80
2B16,3F80
2B17,3F80
2B18,3F80
2B19,3F80
2B1A,3F80
2B1B,3F80
2B1C,3F80
2B1D,3F80
2B1E,3F80
2B1F,3F80
2B20,3F80
2B21,3F80
2B22,3F80
2B23,3F80
2B24,3F80
2B25,3F80
2B26,3F80
2B27,3F80
2B28,3F80
2B29,3F80
2B2A,3F80
2B2B,3F80
2B2C,3F80
2B2D,3F80
2B2E,3F80
2B2F,3F80
2B30,3F80
2B31,3F80
2B32,3F80
2B33,3F80
2B34,3F80
2B35,3F80
2B36,3F80
2B37,3F80
2B38,3F80
2B39,3F80
2B3A,3F80
2B3B,3F80
2B3C,3F80
2B3D,3F80
2B3E,3F80
2B3F,3F80
2B40,3F80
2B41,3F80
2B42,3F80
2B43,3F80
2B44,3F80
2B45,3F80
2B46,3F80
2B47,3F80
2B48,3F80
2B49,3F80
2B4A,3F80
2B4B,3F80
2B4C,3F80
2B4D,3F80
2B4E,3F80
2B4F,3F80
2B50,3F80
2B51,3F80
2B52,3F80
2B53,3F80
2B54,3F80
2B55,3F80
2B56,3F80
2B57,3F80
2B58,3F80
2B59,3F80
2B5A,3F80
2B5B,3F80
2B5C,3F80
2B5D,3F80
2B5E,3F80
2B5F,3F80
2B60,3F80
2B61,3F80
2B62,3F80
2B63,3F80
2B64,3F80
2B65,3F80
2B66,3F80
2B67,3F80
2B68,3F80
2B69,3F80
2B6A,3F80
2B6B,3F80
2B6C,3F80
2B6D,3F80
2B6E,3F80
2B6F,3F80
2B70,3F80
2B71,3F80
2B72,3F80
2B73,3F80
2B74,3F80
2B75,3F80
2B76,3F80
2B77,3F80
2B78,3F80
2B79,3F80
2B7A,3F80
2B7B,3F80
2B7C,3F80
2B7D,3F80
2B7E,3F80
2B7F,3F80
2B80,3F80
2B81,3F80
2B82,3F80
2B83,3F80
2B84,3F80
2B85,3F80
2B86,3F80
2B87,3F80
2B88,3F80
2B89,3F80
2B8A,3F80
2B8B,3F80
2B8C,3F80
2B8D,3F80
2B8E,3F80
2B8F,3F80
2B90,3F80
2B91,3F80
2B92,3F80
2B93,3F80
2B94,3F80
2B95,3F80
2B96,3F80
2B97,3F80
2B98,3F80
2B99,3F80
2B9A,3F80
2B9B,3F80
2B9C,3F80
2B9D,3F80
2B9E,3F80
2B9F,3F80
2BA0,3F80
2BA1,3F80
2BA2,3F80
2BA3,3F80
2BA4,3F80
2BA5,3F80
2BA6,3F80
2BA7,3F80
2BA8,3F80
2BA9,3F80
2BAA,3F80
2BAB,3F80
2BAC,3F80
2BAD,3F80
2BAE,3F80
2BAF,3F80
2BB0,3F80
2BB1,3F80
2BB2,3F80
2BB3,3F80
2BB4,3F80
2BB5,3F80
2BB6,3F80
2BB7,3F80
2BB8,3F80
2BB9,3F80
2BBA,3F80
2BBB,3F80
2BBC,3F80
2BBD,3F80
2BBE,3F80
2BBF,3F80
2BC0,3F80
2BC1,3F80
2BC2,3F80
2BC3,3F80
2BC4,3F80
2BC5,3F80
2BC6,3F80
2BC7,3F80
2BC8,3F80
2BC9,3F80
2BCA,3F80
2BCB,3F80
2BCC,3F80
2BCD,3F80
2BCE,3F80
2BCF,3F80
2BD0,3F80
2BD1,3F80
2BD2,3F80
2BD3,3F80
2BD4,3F80
2BD5,3F80
2BD6,3F80
2BD7,3F80
2BD8,3F80
2BD9,3F80
2BDA,3F80
2BDB,3F80
2BDC,3F80
2BDD,3F80
2BDE,3F80
2BDF,3F80
2BE0,3F80
2BE1,3F80
2BE2,3F80
2BE3,3F80
2BE4,3F80
2BE5,3F80
2BE6,3F80
2BE7,3F80
2BE8,3F80
2BE9,3F80
2BEA,3F80
2BEB,3F80
2BEC,3F80
2BED,3F80
2BEE,3F80
2BEF,3F80
2BF0,3F80
2BF1,3F80
2BF2,3F80
2BF3,3F80
2BF4,3F80
2BF5,3F80
2BF6,3F80
2BF7,3F80
2BF8,3F80
2BF9,3F80
2BFA,3F80
2BFB,3F80
2BFC,3F80
2BFD,3F80
2BFE,3F80
2BFF,3F80
2C00,3F80
2C01,3F80
2C02,3F80
2C03,3F80
2C04,3F80
2C05,3F80
2C06,3F80
2C07,3F80
2C08,3F80
2C09,3F80
2C0A,3F80
2C0B,3F80
2C0C,3F80
2C0D,3F80
2C0E,3F80
2C0F,3F80
2C10,3F80
2C11,3F80
2C12,3F80
2C13,3F80
2C14,3F80
2C15,3F80
2C16,3F80
2C17,3F80
2C18,3F80
2C19,3F80
2C1A,3F80
2C1B,3F80
2C1C,3F80
2C1D,3F80
2C1E,3F80
2C1F,3F80
2C20,3F80
2C21,3F80
2C22,3F80
2C23,3F80
2C24,3F80
2C25,3F80
2C26,3F80
2C27,3F80
2C28,3F80
2C29,3F80
2C2A,3F80
2C2B,3F80
2C2C,3F80
2C2D,3F80
2C2E,3F80
2C2F,3F80
2C30,3F80
2C31,3F80
2C32,3F80
2C33,3F80
2C34,3F80
2C35,3F80
2C36,3F80
2C37,3F80
2C38,3F80
2C39,3F80
2C3A,3F80
2C3B,3F80
2C3C,3F80
2C3D,3F80
2C3E,3F80
2C3F,3F80
2C40,3F80
2C41,3F80
2C42,3F80
2C43,3F80
2C44,3F80
2C45,3F80
2C46,3F80
2C47,3F80
2C48,3F80
2C49,3F80
2C4A,3F80
2C4B,3F80
2C4C,3F80
2C4D,3F80
2C4E,3F80
2C4F,3F80
2C50,3F80
2C51,3F80
2C52,3F80
2C53,3F80
2C54,3F80
2C55,3F80
2C56,3F80
2C57,3F80
2C58,3F80
2C59,3F80
2C5A,3F80
2C5B,3F80
2C5C,3F80
2C5D,3F80
2C5E,3F80
2C5F,3F80
2C60,3F80
2C61,3F80
2C62,3F80
2C63,3F80
2C64,3F80
2C65,3F80
2C66,3F80
2C67,3F80
2C68,3F80
2C69,3F80
2C6A,3F80
2C6B,3F80
2C6C,3F80
2C6D,3F80
2C6E,3F80
2C6F,3F80
2C70,3F80
2C71,3F80
2C72,3F80
2C73,3F80
2C74,3F80
2C75,3F80
2C76,3F80
2C77,3F80
2C78,3F80
2C79,3F80
2C7A,3F80
2C7B,3F80
2C7C,3F80
2C7D,3F80
2C7E,3F80
2C7F,3F80
2C80,3F80
2C81,3F80
2C82,3F80
2C83,3F80
2C84,3F80
2C85,3F80
2C86,3F80
2C87,3F80
2C88,3F80
2C89,3F80
2C8A,3F80
2C8B,3F80
2C8C,3F80
2C8D,3F80
2C8E,3F80
2C8F,3F80
2C90,3F80
2C91,3F80
2C92,3F80
2C93,3F80
2C94,3F80
2C95,3F80
2C96,3F80
2C97,3F80
2C98,3F80
2C99,3F80
2C9A,3F80
2C9B,3F80
2C9C,3F80
2C9D,3F80
2C9E,3F80
2C9F,3F80
2CA0,3F80
2CA1,3F80
2CA2,3F80
2CA3,3F80
2CA4,3F80
2CA5,3F80
2CA6,3F80
2CA7,3F80
2CA8,3F80
2CA9,3F80
2CAA,3F80
2CAB,3F80
2CAC,3F80
2CAD,3F80
2CAE,3F80
2CAF,3F80
2CB0,3F80
2CB1,3F80
2CB2,3F80
2CB3,3F80
2CB4,3F80
2CB5,3F80
2CB6,3F80
2CB7,3F80
2CB8,3F80
2CB9,3F80
2CBA,3F80
2CBB,3F80
2CBC,3F80
2CBD,3F80
2CBE,3F80
2CBF,3F80
2CC0,3F80
2CC1,3F80
2CC2,3F80
2CC3,3F80
2CC4,3F80
2CC5,3F80
2CC6,3F80
2CC7,3F80
2CC8,3F80
2CC9,3F80
2CCA,3F80
2CCB,3F80
2CCC,3F80
2CCD,3F80
2CCE,3F80
2CCF,3F80
2CD0,3F80
2CD1,3F80
2CD2,3F80
2CD3,3F80
2CD4,3F80
2CD5,3F80
2CD6,3F80
2CD7,3F80
2CD8,3F80
2CD9,3F80
2CDA,3F80
2CDB,3F80
2CDC,3F80
2CDD,3F80
2CDE,3F80
2CDF,3F80
2CE0,3F80
2CE1,3F80
2CE2,3F80
2CE3,3F80
2CE4,3F80
2CE5,3F80
2CE6,3F80
2CE7,3F80
2CE8,3F80
2CE9,3F80
2CEA,3F80
2CEB,3F80
2CEC,3F80
2CED,3F80
2CEE,3F80
2CEF,3F80
2CF0,3F80
2CF1,3F80
2CF2,3F80
2CF3,3F80
2CF4,3F80
2CF5,3F80
2CF6,3F80
2CF7,3F80
2CF8,3F80
2CF9,3F80
2CFA,3F80
2CFB,3F80
2CFC,3F80
2CFD,3F80
2CFE,3F80
2CFF,3F80
2D00,3F80
2D01,3F80
2D02,3F80
2D03,3F80
2D04,3F80
2D05,3F80
2D06,3F80
2D07,3F80
2D08,3F80
2D09,3F80
2D0A,3F80
2D0B,3F80
2D0C,3F80
2D0D,3F80
2D0E,3F80
2D0F,3F80
2D10,3F80
2D11,3F80
2D12,3F80
2D13,3F80
2D14,3F80
2D15,3F80
2D16,3F80
2D17,3F80
2D18,3F80
2D19,3F80
2D1A,3F80
2D1B,3F80
2D1C,3F80
2D1D,3F80
2D1E,3F80
2D1F,3F80
2D20,3F80
2D21,3F80
2D22,3F80
2D23,3F80
2D24,3F80
2D25,3F80
2D26,3F80
2D27,3F80
2D28,3F80
2D29,3F80
2D2A,3F80
2D2B,3F80
2D2C,3F80
2D2D,3F80
2D2E,3F80
2D2F,3F80
2D30,3F80
2D31,3F80
2D32,3F80
2D33,3F80
2D34,3F80
2D35,3F80
2D36,3F80
2D37,3F80
2D38,3F80
2D39,3F80
2D3A,3F80
2D3B,3F80
2D3C,3F80
2D3D,3F80
2D3E,3F80
2D3F,3F80
2D40,3F80
2D41,3F80
2D42,3F80
2D43,3F80
2D44,3F80
2D45,3F80
2D46,3F80
2D47,3F80
2D48,3F80
2D49,3F80
2D4A,3F80
2D4B,3F80
2D4C,3F80
2D4D,3F80
2D4E,3F80
2D4F,3F80
2D50,3F80
2D51,3F80
2D52,3F80
2D53,3F80
2D54,3F80
2D55,3F80
2D56,3F80
2D57,3F80
2D58,3F80
2D59,3F80
2D5A,3F80
2D5B,3F80
2D5C,3F80
2D5D,3F80
2D5E,3F80
2D5F,3F80
2D60,3F80
2D61,3F80
2D62,3F80
2D63,3F80
2D64,3F80
2D65,3F80
2D66,3F80
2D67,3F80
2D68,3F80
2D69,3F80
2D6A,3F80
2D6B,3F80
2D6C,3F80
2D6D,3F80
2D6E,3F80
2D6F,3F80
2D70,3F80
2D71,3F80
2D72,3F80
2D73,3F80
2D74,3F80
2D75,3F80
2D76,3F80
2D77,3F80
2D78,3F80
2D79,3F80
2D7A,3F80
2D7B,3F80
2D7C,3F80
2D7D,3F80
2D7E,3F80
2D7F,3F80
2D80,3F80
2D81,3F80
2D82,3F80
2D83,3F80
2D84,3F80
2D85,3F80
2D86,3F80
2D87,3F80
2D88,3F80
2D89,3F80
2D8A,3F80
2D8B,3F80
2D8C,3F80
2D8D,3F80
2D8E,3F80
2D8F,3F80
2D90,3F80
2D91,3F80
2D92,3F80
2D93,3F80
2D94,3F80
2D95,3F80
2D96,3F80
2D97,3F80
2D98,3F80
2D99,3F80
2D9A,3F80
2D9B,3F80
2D9C,3F80
2D9D,3F80
2D9E,3F80
2D9F,3F80
2DA0,3F80
2DA1,3F80
2DA2,3F80
2DA3,3F80
2DA4,3F80
2DA5,3F80
2DA6,3F80
2DA7,3F80
2DA8,3F80
2DA9,3F80
2DAA,3F80
2DAB,3F80
2DAC,3F80
2DAD,3F80
2DAE,3F80
2DAF,3F80
2DB0,3F80
2DB1,3F80
2DB2,3F80
2DB3,3F80
2DB4,3F80
2DB5,3F80
2DB6,3F80
2DB7,3F80
2DB8,3F80
2DB9,3F80
2DBA,3F80
2DBB,3F80
2DBC,3F80
2DBD,3F80
2DBE,3F80
2DBF,3F80
2DC0,3F80
2DC1,3F80
2DC2,3F80
2DC3,3F80
2DC4,3F80
2DC5,3F80
2DC6,3F80
2DC7,3F80
2DC8,3F80
2DC9,3F80
2DCA,3F80
2DCB,3F80
2DCC,3F80
2DCD,3F80
2DCE,3F80
2DCF,3F80
2DD0,3F80
2DD1,3F80
2DD2,3F80
2DD3,3F80
2DD4,3F80
2DD5,3F80
2DD6,3F80
2DD7,3F80
2DD8,3F80
2DD9,3F80
2DDA,3F80
2DDB,3F80
2DDC,3F80
2DDD,3F80
2DDE,3F80
2DDF,3F80
2DE0,3F80
2DE1,3F80
2DE2,3F80
2DE3,3F80
2DE4,3F80
2DE5,3F80
2DE6,3F80
2DE7,3F80
2DE8,3F80
2DE9,3F80
2DEA,3F80
2DEB,3F80
2DEC,3F80
2DED,3F80
2DEE,3F80
2DEF,3F80
2DF0,3F80
2DF1,3F80
2DF2,3F80
2DF3,3F80
2DF4,3F80
2DF5,3F80
2DF6,3F80
2DF7,3F80
2DF8,3F80
2DF9,3F80
2DFA,3F80
2DFB,3F80
2DFC,3F80
2DFD,3F80
2DFE,3F80
2DFF,3F80
2E00,3F80
2E01,3F80
2E02,3F80
2E03,3F80
2E04,3F80
2E05,3F80
2E06,3F80
2E07,3F80
2E08,3F80
2E09,3F80
2E0A,3F80
2E0B,3F80
2E0C,3F80
2E0D,3F80
2E0E,3F80
2E0F,3F80
2E10,3F80
2E11,3F80
2E12,3F80
2E13,3F80
2E14,3F80
2E15,3F80
2E16,3F80
2E17,3F80
2E18,3F80
2E19,3F80
2E1A,3F80
2E1B,3F80
2E1C,3F80
2E1D,3F80
2E1E,3F80
2E1F,3F80
2E20,3F80
2E21,3F80
2E22,3F80
2E23,3F80
2E24,3F80
2E25,3F80
2E26,3F80
2E27,3F80
2E28,3F80
2E29,3F80
2E2A,3F80
2E2B,3F80
2E2C,3F80
2E2D,3F80
2E2E,3F80
2E2F,3F80
2E30,3F80
2E31,3F80
2E32,3F80
2E33,3F80
2E34,3F80
2E35,3F80
2E36,3F80
2E37,3F80
2E38,3F80
2E39,3F80
2E3A,3F80
2E3B,3F80
2E3C,3F80
2E3D,3F80
2E3E,3F80
2E3F,3F80
2E40,3F80
2E41,3F80
2E42,3F80
2E43,3F80
2E44,3F80
2E45,3F80
2E46,3F80
2E47,3F80
2E48,3F80
2E49,3F80
2E4A,3F80
2E4B,3F80
2E4C,3F80
2E4D,3F80
2E4E,3F80
2E4F,3F80
2E50,3F80
2E51,3F80
2E52,3F80
2E53,3F80
2E54,3F80
2E55,3F80
2E56,3F80
2E57,3F80
2E58,3F80
2E59,3F80
2E5A,3F80
2E5B,3F80
2E5C,3F80
2E5D,3F80
2E5E,3F80
2E5F,3F80
2E60,3F80
2E61,3F80
2E62,3F80
2E63,3F80
2E64,3F80
2E65,3F80
2E66,3F80
2E67,3F80
2E68,3F80
2E69,3F80
2E6A,3F80
2E6B,3F80
2E6C,3F80
2E6D,3F80
2E6E,3F80
2E6F,3F80
2E70,3F80
2E71,3F80
2E72,3F80
2E73,3F80
2E74,3F80
2E75,3F80
2E76,3F80
2E77,3F80
2E78,3F80
2E79,3F80
2E7A,3F80
2E7B,3F80
2E7C,3F80
2E7D,3F80
2E7E,3F80
2E7F,3F80
2E80,3F80
2E81,3F80
2E82,3F80
2E83,3F80
2E84,3F80
2E85,3F80
2E86,3F80
2E87,3F80
2E88,3F80
2E89,3F80
2E8A,3F80
2E8B,3F80
2E8C,3F80
2E8D,3F80
2E8E,3F80
2E8F,3F80
2E90,3F80
2E91,3F80
2E92,3F80
2E93,3F80
2E94,3F80
2E95,3F80
2E96,3F80
2E97,3F80
2E98,3F80
2E99,3F80
2E9A,3F80
2E9B,3F80
2E9C,3F80
2E9D,3F80
2E9E,3F80
2E9F,3F80
2EA0,3F80
2EA1,3F80
2EA2,3F80
2EA3,3F80
2EA4,3F80
2EA5,3F80
2EA6,3F80
2EA7,3F80
2EA8,3F80
2EA9,3F80
2EAA,3F80
2EAB,3F80
2EAC,3F80
2EAD,3F80
2EAE,3F80
2EAF,3F80
2EB0,3F80
2EB1,3F80
2EB2,3F80
2EB3,3F80
2EB4,3F80
2EB5,3F80
2EB6,3F80
2EB7,3F80
2EB8,3F80
2EB9,3F80
2EBA,3F80
2EBB,3F80
2EBC,3F80
2EBD,3F80
2EBE,3F80
2EBF,3F80
2EC0,3F80
2EC1,3F80
2EC2,3F80
2EC3,3F80
2EC4,3F80
2EC5,3F80
2EC6,3F80
2EC7,3F80
2EC8,3F80
2EC9,3F80
2ECA,3F80
2ECB,3F80
2ECC,3F80
2ECD,3F80
2ECE,3F80
2ECF,3F80
2ED0,3F80
2ED1,3F80
2ED2,3F80
2ED3,3F80
2ED4,3F80
2ED5,3F80
2ED6,3F80
2ED7,3F80
2ED8,3F80
2ED9,3F80
2EDA,3F80
2EDB,3F80
2EDC,3F80
2EDD,3F80
2EDE,3F80
2EDF,3F80
2EE0,3F80
2EE1,3F80
2EE2,3F80
2EE3,3F80
2EE4,3F80
2EE5,3F80
2EE6,3F80
2EE7,3F80
2EE8,3F80
2EE9,3F80
2EEA,3F80
2EEB,3F80
2EEC,3F80
2EED,3F80
2EEE,3F80
2EEF,3F80
2EF0,3F80
2EF1,3F80
2EF2,3F80
2EF3,3F80
2EF4,3F80
2EF5,3F80
2EF6,3F80
2EF7,3F80
2EF8,3F80
2EF9,3F80
2EFA,3F80
2EFB,3F80
2EFC,3F80
2EFD,3F80
2EFE,3F80
2EFF,3F80
2F00,3F80
2F01,3F80
2F02,3F80
2F03,3F80
2F04,3F80
2F05,3F80
2F06,3F80
2F07,3F80
2F08,3F80
2F09,3F80
2F0A,3F80
2F0B,3F80
2F0C,3F80
2F0D,3F80
2F0E,3F80
2F0F,3F80
2F10,3F80
2F11,3F80
2F12,3F80
2F13,3F80
2F14,3F80
2F15,3F80
2F16,3F80
2F17,3F80
2F18,3F80
2F19,3F80
2F1A,3F80
2F1B,3F80
2F1C,3F80
2F1D,3F80
2F1E,3F80
2F1F,3F80
2F20,3F80
2F21,3F80
2F22,3F80
2F23,3F80
2F24,3F80
2F25,3F80
2F26,3F80
2F27,3F80
2F28,3F80
2F29,3F80
2F2A,3F80
2F2B,3F80
2F2C,3F80
2F2D,3F80
2F2E,3F80
2F2F,3F80
2F30,3F80
2F31,3F80
2F32,3F80
2F33,3F80
2F34,3F80
2F35,3F80
2F36,3F80
2F37,3F80
2F38,3F80
2F39,3F80
2F3A,3F80
2F3B,3F80
2F3C,3F80
2F3D,3F80
2F3E,3F80
2F3F,3F80
2F40,3F80
2F41,3F80
2F42,3F80
2F43,3F80
2F44,3F80
2F45,3F80
2F46,3F80
2F47,3F80
2F48,3F80
2F49,3F80
2F4A,3F80
2F4B,3F80
2F4C,3F80
2F4D,3F80
2F4E,3F80
2F4F,3F80
2F50,3F80
2F51,3F80
2F52,3F80
2F53,3F80
2F54,3F80
2F55,3F80
2F56,3F80
2F57,3F80
2F58,3F80
2F59,3F80
2F5A,3F80
2F5B,3F80
2F5C,3F80
2F5D,3F80
2F5E,3F80
2F5F,3F80
2F60,3F80
2F61,3F80
2F62,3F80
2F63,3F80
2F64,3F80
2F65,3F80
2F66,3F80
2F67,3F80
2F68,3F80
2F69,3F80
2F6A,3F80
2F6B,3F80
2F6C,3F80
2F6D,3F80
2F6E,3F80
2F6F,3F80
2F70,3F80
2F71,3F80
2F72,3F80
2F73,3F80
2F74,3F80
2F75,3F80
2F76,3F80
2F77,3F80
2F78,3F80
2F79,3F80
2F7A,3F80
2F7B,3F80
2F7C,3F80
2F7D,3F80
2F7E,3F80
2F7F,3F80
2F80,3F80
2F81,3F80
2F82,3F80
2F83,3F80
2F84,3F80
2F85,3F80
2F86,3F80
2F87,3F80
2F88,3F80
2F89,3F80
2F8A,3F80
2F8B,3F80
2F8C,3F80
2F8D,3F80
2F8E,3F80
2F8F,3F80
2F90,3F80
2F91,3F80
2F92,3F80
2F93,3F80
2F94,3F80
2F95,3F80
2F96,3F80
2F97,3F80
2F98,3F80
2F99,3F80
2F9A,3F80
2F9B,3F80
2F9C,3F80
2F9D,3F80
2F9E,3F80
2F9F,3F80
2FA0,3F80
2FA1,3F80
2FA2,3F80
2FA3,3F80
2FA4,3F80
2FA5,3F80
2FA6,3F80
2FA7,3F80
2FA8,3F80
2FA9,3F80
2FAA,3F80
2FAB,3F80
2FAC,3F80
2FAD,3F80
2FAE,3F80
2FAF,3F80
2FB0,3F80
2FB1,3F80
2FB2,3F80
2FB3,3F80
2FB4,3F80
2FB5,3F80
2FB6,3F80
2FB7,3F80
2FB8,3F80
2FB9,3F80
2FBA,3F80
2FBB,3F80
2FBC,3F80
2FBD,3F80
2FBE,3F80
2FBF,3F80
2FC0,3F80
2FC1,3F80
2FC2,3F80
2FC3,3F80
2FC4,3F80
2FC5,3F80
2FC6,3F80
2FC7,3F80
2FC8,3F80
2FC9,3F80
2FCA,3F80
2FCB,3F80
2FCC,3F80
2FCD,3F80
2FCE,3F80
2FCF,3F80
2FD0,3F80
2FD1,3F80
2FD2,3F80
2FD3,3F80
2FD4,3F80
2FD5,3F80
2FD6,3F80
2FD7,3F80
2FD8,3F80
2FD9,3F80
2FDA,3F80
2FDB,3F80
2FDC,3F80
2FDD,3F80
2FDE,3F80
2FDF,3F80
2FE0,3F80
2FE1,3F80
2FE2,3F80
2FE3,3F80
2FE4,3F80
2FE5,3F80
2FE6,3F80
2FE7,3F80
2FE8,3F80
2FE9,3F80
2FEA,3F80
2FEB,3F80
2FEC,3F80
2FED,3F80
2FEE,3F80
2FEF,3F80
2FF0,3F80
2FF1,3F80
2FF2,3F80
2FF3,3F80
2FF4,3F80
2FF5,3F80
2FF6,3F80
2FF7,3F80
2FF8,3F80
2FF9,3F80
2FFA,3F80
2FFB,3F80
2FFC,3F80
2FFD,3F80
2FFE,3F80
2FFF,3F80
3000,3F80
3001,3F80
3002,3F80
3003,3F80
3004,3F80
3005,3F80
3006,3F80
3007,3F80
3008,3F80
3009,3F80
300A,3F80
300B,3F80
300C,3F80
300D,3F80
300E,3F80
300F,3F80
3010,3F80
3011,3F80
3012,3F80
3013,3F80
3014,3F80
3015,3F80
3016,3F80
3017,3F80
3018,3F80
3019,3F80
301A,3F80
301B,3F80
301C,3F80
301D,3F80
301E,3F80
301F,3F80
3020,3F80
3021,3F80
3022,3F80
3023,3F80
3024,3F80
3025,3F80
3026,3F80
3027,3F80
3028,3F80
3029,3F80
302A,3F80
302B,3F80
302C,3F80
302D,3F80
302E,3F80
302F,3F80
3030,3F80
3031,3F80
3032,3F80
3033,3F80
3034,3F80
3035,3F80
3036,3F80
3037,3F80
3038,3F80
3039,3F80
303A,3F80
303B,3F80
303C,3F80
303D,3F80
303E,3F80
303F,3F80
3040,3F80
3041,3F80
3042,3F80
3043,3F80
3044,3F80
3045,3F80
3046,3F80
3047,3F80
3048,3F80
3049,3F80
304A,3F80
304B,3F80
304C,3F80
304D,3F80
304E,3F80
304F,3F80
3050,3F80
3051,3F80
3052,3F80
3053,3F80
3054,3F80
3055,3F80
3056,3F80
3057,3F80
3058,3F80
3059,3F80
305A,3F80
305B,3F80
305C,3F80
305D,3F80
305E,3F80
305F,3F80
3060,3F80
3061,3F80
3062,3F80
3063,3F80
3064,3F80
3065,3F80
3066,3F80
3067,3F80
3068,3F80
3069,3F80
306A,3F80
306B,3F80
306C,3F80
306D,3F80
306E,3F80
306F,3F80
3070,3F80
3071,3F80
3072,3F80
3073,3F80
3074,3F80
3075,3F80
3076,3F80
3077,3F80
3078,3F80
3079,3F80
307A,3F80
307B,3F80
307C,3F80
307D,3F80
307E,3F80
307F,3F80
3080,3F80
3081,3F80
3082,3F80
3083,3F80
3084,3F80
3085,3F80
3086,3F80
3087,3F80
3088,3F80
3089,3F80
308A,3F80
308B,3F80
308C,3F80
308D,3F80
308E,3F80
308F,3F80
3090,3F80
3091,3F80
3092,3F80
3093,3F80
3094,3F80
3095,3F80
3096,3F80
3097,3F80
3098,3F80
3099,3F80
309A,3F80
309B,3F80
309C,3F80
309D,3F80
309E,3F80
309F,3F80
30A0,3F80
30A1,3F80
30A2,3F80
30A3,3F80
30A4,3F80
30A5,3F80
30A6,3F80
30A7,3F80
30A8,3F80
30A9,3F80
30AA,3F80
30AB,3F80
30AC,3F80
30AD,3F80
30AE,3F80
30AF,3F80
30B0,3F80
30B1,3F80
30B2,3F80
30B3,3F80
30B4,3F80
30B5,3F80
30B6,3F80
30B7,3F80
30B8,3F80
30B9,3F80
30BA,3F80
30BB,3F80
30BC,3F80
30BD,3F80
30BE,3F80
30BF,3F80
30C0,3F80
30C1,3F80
30C2,3F80
30C3,3F80
30C4,3F80
30C5,3F80
30C6,3F80
30C7,3F80
30C8,3F80
30C9,3F80
30CA,3F80
30CB,3F80
30CC,3F80
30CD,3F80
30CE,3F80
30CF,3F80
30D0,3F80
30D1,3F80
30D2,3F80
30D3,3F80
30D4,3F80
30D5,3F80
30D6,3F80
30D7,3F80
30D8,3F80
30D9,3F80
30DA,3F80
30DB,3F80
30DC,3F80
30DD,3F80
30DE,3F80
30DF,3F80
30E0,3F80
30E1,3F80
30E2,3F80
30E3,3F80
30E4,3F80
30E5,3F80
30E6,3F80
30E7,3F80
30E8,3F80
30E9,3F80
30EA,3F80
30EB,3F80
30EC,3F80
30ED,3F80
30EE,3F80
30EF,3F80
30F0,3F80
30F1,3F80
30F2,3F80
30F3,3F80
30F4,3F80
30F5,3F80
30F6,3F80
30F7,3F80
30F8,3F80
30F9,3F80
30FA,3F80
30FB,3F80
30FC,3F80
30FD,3F80
30FE,3F80
30FF,3F80
3100,3F80
3101,3F80
3102,3F80
3103,3F80
3104,3F80
3105,3F80
3106,3F80
3107,3F80
3108,3F80
3109,3F80
310A,3F80
310B,3F80
310C,3F80
310D,3F80
310E,3F80
310F,3F80
3110,3F80
3111,3F80
3112,3F80
3113,3F80
3114,3F80
3115,3F80
3116,3F80
3117,3F80
3118,3F80
3119,3F80
311A,3F80
311B,3F80
311C,3F80
311D,3F80
311E,3F80
311F,3F80
3120,3F80
3121,3F80
3122,3F80
3123,3F80
3124,3F80
3125,3F80
3126,3F80
3127,3F80
3128,3F80
3129,3F80
312A,3F80
312B,3F80
312C,3F80
312D,3F80
312E,3F80
312F,3F80
3130,3F80
3131,3F80
3132,3F80
3133,3F80
3134,3F80
3135,3F80
3136,3F80
3137,3F80
3138,3F80
3139,3F80
313A,3F80
313B,3F80
313C,3F80
313D,3F80
313E,3F80
313F,3F80
3140,3F80
3141,3F80
3142,3F80
3143,3F80
3144,3F80
3145,3F80
3146,3F80
3147,3F80
3148,3F80
3149,3F80
314A,3F80
314B,3F80
314C,3F80
314D,3F80
314E,3F80
314F,3F80
3150,3F80
3151,3F80
3152,3F80
3153,3F80
3154,3F80
3155,3F80
3156,3F80
3157,3F80
3158,3F80
3159,3F80
315A,3F80
315B,3F80
315C,3F80
315D,3F80
315E,3F80
315F,3F80
3160,3F80
3161,3F80
3162,3F80
3163,3F80
3164,3F80
3165,3F80
3166,3F80
3167,3F80
3168,3F80
3169,3F80
316A,3F80
316B,3F80
316C,3F80
316D,3F80
316E,3F80
316F,3F80
3170,3F80
3171,3F80
3172,3F80
3173,3F80
3174,3F80
3175,3F80
3176,3F80
3177,3F80
3178,3F80
3179,3F80
317A,3F80
317B,3F80
317C,3F80
317D,3F80
317E,3F80
317F,3F80
3180,3F80
3181,3F80
3182,3F80
3183,3F80
3184,3F80
3185,3F80
3186,3F80
3187,3F80
3188,3F80
3189,3F80
318A,3F80
318B,3F80
318C,3F80
318D,3F80
318E,3F80
318F,3F80
3190,3F80
3191,3F80
3192,3F80
3193,3F80
3194,3F80
3195,3F80
3196,3F80
3197,3F80
3198,3F80
3199,3F80
319A,3F80
319B,3F80
319C,3F80
319D,3F80
319E,3F80
319F,3F80
31A0,3F80
31A1,3F80
31A2,3F80
31A3,3F80
31A4,3F80
31A5,3F80
31A6,3F80
31A7,3F80
31A8,3F80
31A9,3F80
31AA,3F80
31AB,3F80
31AC,3F80
31AD,3F80
31AE,3F80
31AF,3F80
31B0,3F80
31B1,3F80
31B2,3F80
31B3,3F80
31B4,3F80
31B5,3F80
31B6,3F80
31B7,3F80
31B8,3F80
31B9,3F80
31BA,3F80
31BB,3F80
31BC,3F80
31BD,3F80
31BE,3F80
31BF,3F80
31C0,3F80
31C1,3F80
31C2,3F80
31C3,3F80
31C4,3F80
31C5,3F80
31C6,3F80
31C7,3F80
31C8,3F80
31C9,3F80
31CA,3F80
31CB,3F80
31CC,3F80
31CD,3F80
31CE,3F80
31CF,3F80
31D0,3F80
31D1,3F80
31D2,3F80
31D3,3F80
31D4,3F80
31D5,3F80
31D6,3F80
31D7,3F80
31D8,3F80
31D9,3F80
31DA,3F80
31DB,3F80
31DC,3F80
31DD,3F80
31DE,3F80
31DF,3F80
31E0,3F80
31E1,3F80
31E2,3F80
31E3,3F80
31E4,3F80
31E5,3F80
31E6,3F80
31E7,3F80
31E8,3F80
31E9,3F80
31EA,3F80
31EB,3F80
31EC,3F80
31ED,3F80
31EE,3F80
31EF,3F80
31F0,3F80
31F1,3F80
31F2,3F80
31F3,3F80
31F4,3F80
31F5,3F80
31F6,3F80
31F7,3F80
31F8,3F80
31F9,3F80
31FA,3F80
31FB,3F80
31FC,3F80
31FD,3F80
31FE,3F80
31FF,3F80
3200,3F80
3201,3F80
3202,3F80
3203,3F80
3204,3F80
3205,3F80
3206,3F80
3207,3F80
3208,3F80
3209,3F80
320A,3F80
320B,3F80
320C,3F80
320D,3F80
320E,3F80
320F,3F80
3210,3F80
3211,3F80
3212,3F80
3213,3F80
3214,3F80
3215,3F80
3216,3F80
3217,3F80
3218,3F80
3219,3F80
321A,3F80
321B,3F80
321C,3F80
321D,3F80
321E,3F80
321F,3F80
3220,3F80
3221,3F80
3222,3F80
3223,3F80
3224,3F80
3225,3F80
3226,3F80
3227,3F80
3228,3F80
3229,3F80
322A,3F80
322B,3F80
322C,3F80
322D,3F80
322E,3F80
322F,3F80
3230,3F80
3231,3F80
3232,3F80
3233,3F80
3234,3F80
3235,3F80
3236,3F80
3237,3F80
3238,3F80
3239,3F80
323A,3F80
323B,3F80
323C,3F80
323D,3F80
323E,3F80
323F,3F80
3240,3F80
3241,3F80
3242,3F80
3243,3F80
3244,3F80
3245,3F80
3246,3F80
3247,3F80
3248,3F80
3249,3F80
324A,3F80
324B,3F80
324C,3F80
324D,3F80
324E,3F80
324F,3F80
3250,3F80
3251,3F80
3252,3F80
3253,3F80
3254,3F80
3255,3F80
3256,3F80
3257,3F80
3258,3F80
3259,3F80
325A,3F80
325B,3F80
325C,3F80
325D,3F80
325E,3F80
325F,3F80
3260,3F80
3261,3F80
3262,3F80
3263,3F80
3264,3F80
3265,3F80
3266,3F80
3267,3F80
3268,3F80
3269,3F80
326A,3F80
326B,3F80
326C,3F80
326D,3F80
326E,3F80
326F,3F80
3270,3F80
3271,3F80
3272,3F80
3273,3F80
3274,3F80
3275,3F80
3276,3F80
3277,3F80
3278,3F80
3279,3F80
327A,3F80
327B,3F80
327C,3F80
327D,3F80
327E,3F80
327F,3F80
3280,3F80
3281,3F80
3282,3F80
3283,3F80
3284,3F80
3285,3F80
3286,3F80
3287,3F80
3288,3F80
3289,3F80
328A,3F80
328B,3F80
328C,3F80
328D,3F80
328E,3F80
328F,3F80
3290,3F80
3291,3F80
3292,3F80
3293,3F80
3294,3F80
3295,3F80
3296,3F80
3297,3F80
3298,3F80
3299,3F80
329A,3F80
329B,3F80
329C,3F80
329D,3F80
329E,3F80
329F,3F80
32A0,3F80
32A1,3F80
32A2,3F80
32A3,3F80
32A4,3F80
32A5,3F80
32A6,3F80
32A7,3F80
32A8,3F80
32A9,3F80
32AA,3F80
32AB,3F80
32AC,3F80
32AD,3F80
32AE,3F80
32AF,3F80
32B0,3F80
32B1,3F80
32B2,3F80
32B3,3F80
32B4,3F80
32B5,3F80
32B6,3F80
32B7,3F80
32B8,3F80
32B9,3F80
32BA,3F80
32BB,3F80
32BC,3F80
32BD,3F80
32BE,3F80
32BF,3F80
32C0,3F80
32C1,3F80
32C2,3F80
32C3,3F80
32C4,3F80
32C5,3F80
32C6,3F80
32C7,3F80
32C8,3F80
32C9,3F80
32CA,3F80
32CB,3F80
32CC,3F80
32CD,3F80
32CE,3F80
32CF,3F80
32D0,3F80
32D1,3F80
32D2,3F80
32D3,3F80
32D4,3F80
32D5,3F80
32D6,3F80
32D7,3F80
32D8,3F80
32D9,3F80
32DA,3F80
32DB,3F80
32DC,3F80
32DD,3F80
32DE,3F80
32DF,3F80
32E0,3F80
32E1,3F80
32E2,3F80
32E3,3F80
32E4,3F80
32E5,3F80
32E6,3F80
32E7,3F80
32E8,3F80
32E9,3F80
32EA,3F80
32EB,3F80
32EC,3F80
32ED,3F80
32EE,3F80
32EF,3F80
32F0,3F80
32F1,3F80
32F2,3F80
32F3,3F80
32F4,3F80
32F5,3F80
32F6,3F80
32F7,3F80
32F8,3F80
32F9,3F80
32FA,3F80
32FB,3F80
32FC,3F80
32FD,3F80
32FE,3F80
32FF,3F80
3300,3F80
3301,3F80
3302,3F80
3303,3F80
3304,3F80
3305,3F80
3306,3F80
3307,3F80
3308,3F80
3309,3F80
330A,3F80
330B,3F80
330C,3F80
330D,3F80
330E,3F80
330F,3F80
3310,3F80
3311,3F80
3312,3F80
3313,3F80
3314,3F80
3315,3F80
3316,3F80
3317,3F80
3318,3F80
3319,3F80
331A,3F80
331B,3F80
331C,3F80
331D,3F80
331E,3F80
331F,3F80
3320,3F80
3321,3F80
3322,3F80
3323,3F80
3324,3F80
3325,3F80
3326,3F80
3327,3F80
3328,3F80
3329,3F80
332A,3F80
332B,3F80
332C,3F80
332D,3F80
332E,3F80
332F,3F80
3330,3F80
3331,3F80
3332,3F80
3333,3F80
3334,3F80
3335,3F80
3336,3F80
3337,3F80
3338,3F80
3339,3F80
333A,3F80
333B,3F80
333C,3F80
333D,3F80
333E,3F80
333F,3F80
3340,3F80
3341,3F80
3342,3F80
3343,3F80
3344,3F80
3345,3F80
3346,3F80
3347,3F80
3348,3F80
3349,3F80
334A,3F80
334B,3F80
334C,3F80
334D,3F80
334E,3F80
334F,3F80
3350,3F80
3351,3F80
3352,3F80
3353,3F80
3354,3F80
3355,3F80
3356,3F80
3357,3F80
3358,3F80
3359,3F80
335A,3F80
335B,3F80
335C,3F80
335D,3F80
335E,3F80
335F,3F80
3360,3F80
3361,3F80
3362,3F80
3363,3F80
3364,3F80
3365,3F80
3366,3F80
3367,3F80
3368,3F80
3369,3F80
336A,3F80
336B,3F80
336C,3F80
336D,3F80
336E,3F80
336F,3F80
3370,3F80
3371,3F80
3372,3F80
3373,3F80
3374,3F80
3375,3F80
3376,3F80
3377,3F80
3378,3F80
3379,3F80
337A,3F80
337B,3F80
337C,3F80
337D,3F80
337E,3F80
337F,3F80
3380,3F80
3381,3F80
3382,3F80
3383,3F80
3384,3F80
3385,3F80
3386,3F80
3387,3F80
3388,3F80
3389,3F80
338A,3F80
338B,3F80
338C,3F80
338D,3F80
338E,3F80
338F,3F80
3390,3F80
3391,3F80
3392,3F80
3393,3F80
3394,3F80
3395,3F80
3396,3F80
3397,3F80
3398,3F80
3399,3F80
339A,3F80
339B,3F80
339C,3F80
339D,3F80
339E,3F80
339F,3F80
33A0,3F80
33A1,3F80
33A2,3F80
33A3,3F80
33A4,3F80
33A5,3F80
33A6,3F80
33A7,3F80
33A8,3F80
33A9,3F80
33AA,3F80
33AB,3F80
33AC,3F80
33AD,3F80
33AE,3F80
33AF,3F80
33B0,3F80
33B1,3F80
33B2,3F80
33B3,3F80
33B4,3F80
33B5,3F80
33B6,3F80
33B7,3F80
33B8,3F80
33B9,3F80
33BA,3F80
33BB,3F80
33BC,3F80
33BD,3F80
33BE,3F80
33BF,3F80
33C0,3F80
33C1,3F80
33C2,3F80
33C3,3F80
33C4,3F80
33C5,3F80
33C6,3F80
33C7,3F80
33C8,3F80
33C9,3F80
33CA,3F80
33CB,3F80
33CC,3F80
33CD,3F80
33CE,3F80
33CF,3F80
33D0,3F80
33D1,3F80
33D2,3F80
33D3,3F80
33D4,3F80
33D5,3F80
33D6,3F80
33D7,3F80
33D8,3F80
33D9,3F80
33DA,3F80
33DB,3F80
33DC,3F80
33DD,3F80
33DE,3F80
33DF,3F80
33E0,3F80
33E1,3F80
33E2,3F80
33E3,3F80
33E4,3F80
33E5,3F80
33E6,3F80
33E7,3F80
33E8,3F80
33E9,3F80
33EA,3F80
33EB,3F80
33EC,3F80
33ED,3F80
33EE,3F80
33EF,3F80
33F0,3F80
33F1,3F80
33F2,3F80
33F3,3F80
33F4,3F80
33F5,3F80
33F6,3F80
33F7,3F80
33F8,3F80
33F9,3F80
33FA,3F80
33FB,3F80
33FC,3F80
33FD,3F80
33FE,3F80
33FF,3F80
3400,3F80
3401,3F80
3402,3F80
3403,3F80
3404,3F80
3405,3F80
3406,3F80
3407,3F80
3408,3F80
3409,3F80
340A,3F80
340B,3F80
340C,3F80
340D,3F80
340E,3F80
340F,3F80
3410,3F80
3411,3F80
3412,3F80
3413,3F80
3414,3F80
3415,3F80
3416,3F80
3417,3F80
3418,3F80
3419,3F80
341A,3F80
341B,3F80
341C,3F80
341D,3F80
341E,3F80
341F,3F80
3420,3F80
3421,3F80
3422,3F80
3423,3F80
3424,3F80
3425,3F80
3426,3F80
3427,3F80
3428,3F80
3429,3F80
342A,3F80
342B,3F80
342C,3F80
342D,3F80
342E,3F80
342F,3F80
3430,3F80
3431,3F80
3432,3F80
3433,3F80
3434,3F80
3435,3F80
3436,3F80
3437,3F80
3438,3F80
3439,3F80
343A,3F80
343B,3F80
343C,3F80
343D,3F80
343E,3F80
343F,3F80
3440,3F80
3441,3F80
3442,3F80
3443,3F80
3444,3F80
3445,3F80
3446,3F80
3447,3F80
3448,3F80
3449,3F80
344A,3F80
344B,3F80
344C,3F80
344D,3F80
344E,3F80
344F,3F80
3450,3F80
3451,3F80
3452,3F80
3453,3F80
3454,3F80
3455,3F80
3456,3F80
3457,3F80
3458,3F80
3459,3F80
345A,3F80
345B,3F80
345C,3F80
345D,3F80
345E,3F80
345F,3F80
3460,3F80
3461,3F80
3462,3F80
3463,3F80
3464,3F80
3465,3F80
3466,3F80
3467,3F80
3468,3F80
3469,3F80
346A,3F80
346B,3F80
346C,3F80
346D,3F80
346E,3F80
346F,3F80
3470,3F80
3471,3F80
3472,3F80
3473,3F80
3474,3F80
3475,3F80
3476,3F80
3477,3F80
3478,3F80
3479,3F80
347A,3F80
347B,3F80
347C,3F80
347D,3F80
347E,3F80
347F,3F80
3480,3F80
3481,3F80
3482,3F80
3483,3F80
3484,3F80
3485,3F80
3486,3F80
3487,3F80
3488,3F80
3489,3F80
348A,3F80
348B,3F80
348C,3F80
348D,3F80
348E,3F80
348F,3F80
3490,3F80
3491,3F80
3492,3F80
3493,3F80
3494,3F80
3495,3F80
3496,3F80
3497,3F80
3498,3F80
3499,3F80
349A,3F80
349B,3F80
349C,3F80
349D,3F80
349E,3F80
349F,3F80
34A0,3F80
34A1,3F80
34A2,3F80
34A3,3F80
34A4,3F80
34A5,3F80
34A6,3F80
34A7,3F80
34A8,3F80
34A9,3F80
34AA,3F80
34AB,3F80
34AC,3F80
34AD,3F80
34AE,3F80
34AF,3F80
34B0,3F80
34B1,3F80
34B2,3F80
34B3,3F80
34B4,3F80
34B5,3F80
34B6,3F80
34B7,3F80
34B8,3F80
34B9,3F80
34BA,3F80
34BB,3F80
34BC,3F80
34BD,3F80
34BE,3F80
34BF,3F80
34C0,3F80
34C1,3F80
34C2,3F80
34C3,3F80
34C4,3F80
34C5,3F80
34C6,3F80
34C7,3F80
34C8,3F80
34C9,3F80
34CA,3F80
34CB,3F80
34CC,3F80
34CD,3F80
34CE,3F80
34CF,3F80
34D0,3F80
34D1,3F80
34D2,3F80
34D3,3F80
34D4,3F80
34D5,3F80
34D6,3F80
34D7,3F80
34D8,3F80
34D9,3F80
34DA,3F80
34DB,3F80
34DC,3F80
34DD,3F80
34DE,3F80
34DF,3F80
34E0,3F80
34E1,3F80
34E2,3F80
34E3,3F80
34E4,3F80
34E5,3F80
34E6,3F80
34E7,3F80
34E8,3F80
34E9,3F80
34EA,3F80
34EB,3F80
34EC,3F80
34ED,3F80
34EE,3F80
34EF,3F80
34F0,3F80
34F1,3F80
34F2,3F80
34F3,3F80
34F4,3F80
34F5,3F80
34F6,3F80
34F7,3F80
34F8,3F80
34F9,3F80
34FA,3F80
34FB,3F80
34FC,3F80
34FD,3F80
34FE,3F80
34FF,3F80
3500,3F80
3501,3F80
3502,3F80
3503,3F80
3504,3F80
3505,3F80
3506,3F80
3507,3F80
3508,3F80
3509,3F80
350A,3F80
350B,3F80
350C,3F80
350D,3F80
350E,3F80
350F,3F80
3510,3F80
3511,3F80
3512,3F80
3513,3F80
3514,3F80
3515,3F80
3516,3F80
3517,3F80
3518,3F80
3519,3F80
351A,3F80
351B,3F80
351C,3F80
351D,3F80
351E,3F80
351F,3F80
3520,3F80
3521,3F80
3522,3F80
3523,3F80
3524,3F80
3525,3F80
3526,3F80
3527,3F80
3528,3F80
3529,3F80
352A,3F80
352B,3F80
352C,3F80
352D,3F80
352E,3F80
352F,3F80
3530,3F80
3531,3F80
3532,3F80
3533,3F80
3534,3F80
3535,3F80
3536,3F80
3537,3F80
3538,3F80
3539,3F80
353A,3F80
353B,3F80
353C,3F80
353D,3F80
353E,3F80
353F,3F80
3540,3F80
3541,3F80
3542,3F80
3543,3F80
3544,3F80
3545,3F80
3546,3F80
3547,3F80
3548,3F80
3549,3F80
354A,3F80
354B,3F80
354C,3F80
354D,3F80
354E,3F80
354F,3F80
3550,3F80
3551,3F80
3552,3F80
3553,3F80
3554,3F80
3555,3F80
3556,3F80
3557,3F80
3558,3F80
3559,3F80
355A,3F80
355B,3F80
355C,3F80
355D,3F80
355E,3F80
355F,3F80
3560,3F80
3561,3F80
3562,3F80
3563,3F80
3564,3F80
3565,3F80
3566,3F80
3567,3F80
3568,3F80
3569,3F80
356A,3F80
356B,3F80
356C,3F80
356D,3F80
356E,3F80
356F,3F80
3570,3F80
3571,3F80
3572,3F80
3573,3F80
3574,3F80
3575,3F80
3576,3F80
3577,3F80
3578,3F80
3579,3F80
357A,3F80
357B,3F80
357C,3F80
357D,3F80
357E,3F80
357F,3F80
3580,3F80
3581,3F80
3582,3F80
3583,3F80
3584,3F80
3585,3F80
3586,3F80
3587,3F80
3588,3F80
3589,3F80
358A,3F80
358B,3F80
358C,3F80
358D,3F80
358E,3F80
358F,3F80
3590,3F80
3591,3F80
3592,3F80
3593,3F80
3594,3F80
3595,3F80
3596,3F80
3597,3F80
3598,3F80
3599,3F80
359A,3F80
359B,3F80
359C,3F80
359D,3F80
359E,3F80
359F,3F80
35A0,3F80
35A1,3F80
35A2,3F80
35A3,3F80
35A4,3F80
35A5,3F80
35A6,3F80
35A7,3F80
35A8,3F80
35A9,3F80
35AA,3F80
35AB,3F80
35AC,3F80
35AD,3F80
35AE,3F80
35AF,3F80
35B0,3F80
35B1,3F80
35B2,3F80
35B3,3F80
35B4,3F80
35B5,3F80
35B6,3F80
35B7,3F80
35B8,3F80
35B9,3F80
35BA,3F80
35BB,3F80
35BC,3F80
35BD,3F80
35BE,3F80
35BF,3F80
35C0,3F80
35C1,3F80
35C2,3F80
35C3,3F80
35C4,3F80
35C5,3F80
35C6,3F80
35C7,3F80
35C8,3F80
35C9,3F80
35CA,3F80
35CB,3F80
35CC,3F80
35CD,3F80
35CE,3F80
35CF,3F80
35D0,3F80
35D1,3F80
35D2,3F80
35D3,3F80
35D4,3F80
35D5,3F80
35D6,3F80
35D7,3F80
35D8,3F80
35D9,3F80
35DA,3F80
35DB,3F80
35DC,3F80
35DD,3F80
35DE,3F80
35DF,3F80
35E0,3F80
35E1,3F80
35E2,3F80
35E3,3F80
35E4,3F80
35E5,3F80
35E6,3F80
35E7,3F80
35E8,3F80
35E9,3F80
35EA,3F80
35EB,3F80
35EC,3F80
35ED,3F80
35EE,3F80
35EF,3F80
35F0,3F80
35F1,3F80
35F2,3F80
35F3,3F80
35F4,3F80
35F5,3F80
35F6,3F80
35F7,3F80
35F8,3F80
35F9,3F80
35FA,3F80
35FB,3F80
35FC,3F80
35FD,3F80
35FE,3F80
35FF,3F80
3600,3F80
3601,3F80
3602,3F80
3603,3F80
3604,3F80
3605,3F80
3606,3F80
3607,3F80
3608,3F80
3609,3F80
360A,3F80
360B,3F80
360C,3F80
360D,3F80
360E,3F80
360F,3F80
3610,3F80
3611,3F80
3612,3F80
3613,3F80
3614,3F80
3615,3F80
3616,3F80
3617,3F80
3618,3F80
3619,3F80
361A,3F80
361B,3F80
361C,3F80
361D,3F80
361E,3F80
361F,3F80
3620,3F80
3621,3F80
3622,3F80
3623,3F80
3624,3F80
3625,3F80
3626,3F80
3627,3F80
3628,3F80
3629,3F80
362A,3F80
362B,3F80
362C,3F80
362D,3F80
362E,3F80
362F,3F80
3630,3F80
3631,3F80
3632,3F80
3633,3F80
3634,3F80
3635,3F80
3636,3F80
3637,3F80
3638,3F80
3639,3F80
363A,3F80
363B,3F80
363C,3F80
363D,3F80
363E,3F80
363F,3F80
3640,3F80
3641,3F80
3642,3F80
3643,3F80
3644,3F80
3645,3F80
3646,3F80
3647,3F80
3648,3F80
3649,3F80
364A,3F80
364B,3F80
364C,3F80
364D,3F80
364E,3F80
364F,3F80
3650,3F80
3651,3F80
3652,3F80
3653,3F80
3654,3F80
3655,3F80
3656,3F80
3657,3F80
3658,3F80
3659,3F80
365A,3F80
365B,3F80
365C,3F80
365D,3F80
365E,3F80
365F,3F80
3660,3F80
3661,3F80
3662,3F80
3663,3F80
3664,3F80
3665,3F80
3666,3F80
3667,3F80
3668,3F80
3669,3F80
366A,3F80
366B,3F80
366C,3F80
366D,3F80
366E,3F80
366F,3F80
3670,3F80
3671,3F80
3672,3F80
3673,3F80
3674,3F80
3675,3F80
3676,3F80
3677,3F80
3678,3F80
3679,3F80
367A,3F80
367B,3F80
367C,3F80
367D,3F80
367E,3F80
367F,3F80
3680,3F80
3681,3F80
3682,3F80
3683,3F80
3684,3F80
3685,3F80
3686,3F80
3687,3F80
3688,3F80
3689,3F80
368A,3F80
368B,3F80
368C,3F80
368D,3F80
368E,3F80
368F,3F80
3690,3F80
3691,3F80
3692,3F80
3693,3F80
3694,3F80
3695,3F80
3696,3F80
3697,3F80
3698,3F80
3699,3F80
369A,3F80
369B,3F80
369C,3F80
369D,3F80
369E,3F80
369F,3F80
36A0,3F80
36A1,3F80
36A2,3F80
36A3,3F80
36A4,3F80
36A5,3F80
36A6,3F80
36A7,3F80
36A8,3F80
36A9,3F80
36AA,3F80
36AB,3F80
36AC,3F80
36AD,3F80
36AE,3F80
36AF,3F80
36B0,3F80
36B1,3F80
36B2,3F80
36B3,3F80
36B4,3F80
36B5,3F80
36B6,3F80
36B7,3F80
36B8,3F80
36B9,3F80
36BA,3F80
36BB,3F80
36BC,3F80
36BD,3F80
36BE,3F80
36BF,3F80
36C0,3F80
36C1,3F80
36C2,3F80
36C3,3F80
36C4,3F80
36C5,3F80
36C6,3F80
36C7,3F80
36C8,3F80
36C9,3F80
36CA,3F80
36CB,3F80
36CC,3F80
36CD,3F80
36CE,3F80
36CF,3F80
36D0,3F80
36D1,3F80
36D2,3F80
36D3,3F80
36D4,3F80
36D5,3F80
36D6,3F80
36D7,3F80
36D8,3F80
36D9,3F80
36DA,3F80
36DB,3F80
36DC,3F80
36DD,3F80
36DE,3F80
36DF,3F80
36E0,3F80
36E1,3F80
36E2,3F80
36E3,3F80
36E4,3F80
36E5,3F80
36E6,3F80
36E7,3F80
36E8,3F80
36E9,3F80
36EA,3F80
36EB,3F80
36EC,3F80
36ED,3F80
36EE,3F80
36EF,3F80
36F0,3F80
36F1,3F80
36F2,3F80
36F3,3F80
36F4,3F80
36F5,3F80
36F6,3F80
36F7,3F80
36F8,3F80
36F9,3F80
36FA,3F80
36FB,3F80
36FC,3F80
36FD,3F80
36FE,3F80
36FF,3F80
3700,3F80
3701,3F80
3702,3F80
3703,3F80
3704,3F80
3705,3F80
3706,3F80
3707,3F80
3708,3F80
3709,3F80
370A,3F80
370B,3F80
370C,3F80
370D,3F80
370E,3F80
370F,3F80
3710,3F80
3711,3F80
3712,3F80
3713,3F80
3714,3F80
3715,3F80
3716,3F80
3717,3F80
3718,3F80
3719,3F80
371A,3F80
371B,3F80
371C,3F80
371D,3F80
371E,3F80
371F,3F80
3720,3F80
3721,3F80
3722,3F80
3723,3F80
3724,3F80
3725,3F80
3726,3F80
3727,3F80
3728,3F80
3729,3F80
372A,3F80
372B,3F80
372C,3F80
372D,3F80
372E,3F80
372F,3F80
3730,3F80
3731,3F80
3732,3F80
3733,3F80
3734,3F80
3735,3F80
3736,3F80
3737,3F80
3738,3F80
3739,3F80
373A,3F80
373B,3F80
373C,3F80
373D,3F80
373E,3F80
373F,3F80
3740,3F80
3741,3F80
3742,3F80
3743,3F80
3744,3F80
3745,3F80
3746,3F80
3747,3F80
3748,3F80
3749,3F80
374A,3F80
374B,3F80
374C,3F80
374D,3F80
374E,3F80
374F,3F80
3750,3F80
3751,3F80
3752,3F80
3753,3F80
3754,3F80
3755,3F80
3756,3F80
3757,3F80
3758,3F80
3759,3F80
375A,3F80
375B,3F80
375C,3F80
375D,3F80
375E,3F80
375F,3F80
3760,3F80
3761,3F80
3762,3F80
3763,3F80
3764,3F80
3765,3F80
3766,3F80
3767,3F80
3768,3F80
3769,3F80
376A,3F80
376B,3F80
376C,3F80
376D,3F80
376E,3F80
376F,3F80
3770,3F80
3771,3F80
3772,3F80
3773,3F80
3774,3F80
3775,3F80
3776,3F80
3777,3F80
3778,3F80
3779,3F80
377A,3F80
377B,3F80
377C,3F80
377D,3F80
377E,3F80
377F,3F80
3780,3F80
3781,3F80
3782,3F80
3783,3F80
3784,3F80
3785,3F80
3786,3F80
3787,3F80
3788,3F80
3789,3F80
378A,3F80
378B,3F80
378C,3F80
378D,3F80
378E,3F80
378F,3F80
3790,3F80
3791,3F80
3792,3F80
3793,3F80
3794,3F80
3795,3F80
3796,3F80
3797,3F80
3798,3F80
3799,3F80
379A,3F80
379B,3F80
379C,3F80
379D,3F80
379E,3F80
379F,3F80
37A0,3F80
37A1,3F80
37A2,3F80
37A3,3F80
37A4,3F80
37A5,3F80
37A6,3F80
37A7,3F80
37A8,3F80
37A9,3F80
37AA,3F80
37AB,3F80
37AC,3F80
37AD,3F80
37AE,3F80
37AF,3F80
37B0,3F80
37B1,3F80
37B2,3F80
37B3,3F80
37B4,3F80
37B5,3F80
37B6,3F80
37B7,3F80
37B8,3F80
37B9,3F80
37BA,3F80
37BB,3F80
37BC,3F80
37BD,3F80
37BE,3F80
37BF,3F80
37C0,3F80
37C1,3F80
37C2,3F80
37C3,3F80
37C4,3F80
37C5,3F80
37C6,3F80
37C7,3F80
37C8,3F80
37C9,3F80
37CA,3F80
37CB,3F80
37CC,3F80
37CD,3F80
37CE,3F80
37CF,3F80
37D0,3F80
37D1,3F80
37D2,3F80
37D3,3F80
37D4,3F80
37D5,3F80
37D6,3F80
37D7,3F80
37D8,3F80
37D9,3F80
37DA,3F80
37DB,3F80
37DC,3F80
37DD,3F80
37DE,3F80
37DF,3F80
37E0,3F80
37E1,3F80
37E2,3F80
37E3,3F80
37E4,3F80
37E5,3F80
37E6,3F80
37E7,3F80
37E8,3F80
37E9,3F80
37EA,3F80
37EB,3F80
37EC,3F80
37ED,3F80
37EE,3F80
37EF,3F80
37F0,3F80
37F1,3F80
37F2,3F80
37F3,3F80
37F4,3F80
37F5,3F80
37F6,3F80
37F7,3F80
37F8,3F80
37F9,3F80
37FA,3F80
37FB,3F80
37FC,3F80
37FD,3F80
37FE,3F80
37FF,3F80
3800,3F80
3801,3F80
3802,3F80
3803,3F80
3804,3F80
3805,3F80
3806,3F80
3807,3F80
3808,3F80
3809,3F80
380A,3F80
380B,3F80
380C,3F80
380D,3F80
380E,3F80
380F,3F80
3810,3F80
3811,3F80
3812,3F80
3813,3F80
3814,3F80
3815,3F80
3816,3F80
3817,3F80
3818,3F80
3819,3F80
381A,3F80
381B,3F80
381C,3F80
381D,3F80
381E,3F80
381F,3F80
3820,3F80
3821,3F80
3822,3F80
3823,3F80
3824,3F80
3825,3F80
3826,3F80
3827,3F80
3828,3F80
3829,3F80
382A,3F80
382B,3F80
382C,3F80
382D,3F80
382E,3F80
382F,3F80
3830,3F80
3831,3F80
3832,3F80
3833,3F80
3834,3F80
3835,3F80
3836,3F80
3837,3F80
3838,3F80
3839,3F80
383A,3F80
383B,3F80
383C,3F80
383D,3F80
383E,3F80
383F,3F80
3840,3F80
3841,3F80
3842,3F80
3843,3F80
3844,3F80
3845,3F80
3846,3F80
3847,3F80
3848,3F80
3849,3F80
384A,3F80
384B,3F80
384C,3F80
384D,3F80
384E,3F80
384F,3F80
3850,3F80
3851,3F80
3852,3F80
3853,3F80
3854,3F80
3855,3F80
3856,3F80
3857,3F80
3858,3F80
3859,3F80
385A,3F80
385B,3F80
385C,3F80
385D,3F80
385E,3F80
385F,3F80
3860,3F80
3861,3F80
3862,3F80
3863,3F80
3864,3F80
3865,3F80
3866,3F80
3867,3F80
3868,3F80
3869,3F80
386A,3F80
386B,3F80
386C,3F80
386D,3F80
386E,3F80
386F,3F80
3870,3F80
3871,3F80
3872,3F80
3873,3F80
3874,3F80
3875,3F80
3876,3F80
3877,3F80
3878,3F80
3879,3F80
387A,3F80
387B,3F80
387C,3F80
387D,3F80
387E,3F80
387F,3F80
3880,3F80
3881,3F80
3882,3F80
3883,3F80
3884,3F80
3885,3F80
3886,3F80
3887,3F80
3888,3F80
3889,3F80
388A,3F80
388B,3F80
388C,3F80
388D,3F80
388E,3F80
388F,3F80
3890,3F80
3891,3F80
3892,3F80
3893,3F80
3894,3F80
3895,3F80
3896,3F80
3897,3F80
3898,3F80
3899,3F80
389A,3F80
389B,3F80
389C,3F80
389D,3F80
389E,3F80
389F,3F80
38A0,3F80
38A1,3F80
38A2,3F80
38A3,3F80
38A4,3F80
38A5,3F80
38A6,3F80
38A7,3F80
38A8,3F80
38A9,3F80
38AA,3F80
38AB,3F80
38AC,3F80
38AD,3F80
38AE,3F80
38AF,3F80
38B0,3F80
38B1,3F80
38B2,3F80
38B3,3F80
38B4,3F80
38B5,3F80
38B6,3F80
38B7,3F80
38B8,3F80
38B9,3F80
38BA,3F80
38BB,3F80
38BC,3F80
38BD,3F80
38BE,3F80
38BF,3F80
38C0,3F80
38C1,3F80
38C2,3F80
38C3,3F80
38C4,3F80
38C5,3F80
38C6,3F80
38C7,3F80
38C8,3F80
38C9,3F80
38CA,3F80
38CB,3F80
38CC,3F80
38CD,3F80
38CE,3F80
38CF,3F80
38D0,3F80
38D1,3F80
38D2,3F80
38D3,3F80
38D4,3F80
38D5,3F80
38D6,3F80
38D7,3F80
38D8,3F80
38D9,3F80
38DA,3F80
38DB,3F80
38DC,3F80
38DD,3F80
38DE,3F80
38DF,3F80
38E0,3F80
38E1,3F80
38E2,3F80
38E3,3F80
38E4,3F80
38E5,3F80
38E6,3F80
38E7,3F80
38E8,3F80
38E9,3F80
38EA,3F80
38EB,3F80
38EC,3F80
38ED,3F80
38EE,3F80
38EF,3F80
38F0,3F80
38F1,3F80
38F2,3F80
38F3,3F80
38F4,3F80
38F5,3F80
38F6,3F80
38F7,3F80
38F8,3F80
38F9,3F80
38FA,3F80
38FB,3F80
38FC,3F80
38FD,3F80
38FE,3F80
38FF,3F80
3900,3F80
3901,3F80
3902,3F80
3903,3F80
3904,3F80
3905,3F80
3906,3F80
3907,3F80
3908,3F80
3909,3F80
390A,3F80
390B,3F80
390C,3F80
390D,3F80
390E,3F80
390F,3F80
3910,3F80
3911,3F80
3912,3F80
3913,3F80
3914,3F80
3915,3F80
3916,3F80
3917,3F80
3918,3F80
3919,3F80
391A,3F80
391B,3F80
391C,3F80
391D,3F80
391E,3F80
391F,3F80
3920,3F80
3921,3F80
3922,3F80
3923,3F80
3924,3F80
3925,3F80
3926,3F80
3927,3F80
3928,3F80
3929,3F80
392A,3F80
392B,3F80
392C,3F80
392D,3F80
392E,3F80
392F,3F80
3930,3F80
3931,3F80
3932,3F80
3933,3F80
3934,3F80
3935,3F80
3936,3F80
3937,3F80
3938,3F80
3939,3F80
393A,3F80
393B,3F80
393C,3F80
393D,3F80
393E,3F80
393F,3F80
3940,3F80
3941,3F80
3942,3F80
3943,3F80
3944,3F80
3945,3F80
3946,3F80
3947,3F80
3948,3F80
3949,3F80
394A,3F80
394B,3F80
394C,3F80
394D,3F80
394E,3F80
394F,3F80
3950,3F80
3951,3F80
3952,3F80
3953,3F80
3954,3F80
3955,3F80
3956,3F80
3957,3F80
3958,3F80
3959,3F80
395A,3F80
395B,3F80
395C,3F80
395D,3F80
395E,3F80
395F,3F80
3960,3F80
3961,3F80
3962,3F80
3963,3F80
3964,3F80
3965,3F80
3966,3F80
3967,3F80
3968,3F80
3969,3F80
396A,3F80
396B,3F80
396C,3F80
396D,3F80
396E,3F80
396F,3F80
3970,3F80
3971,3F80
3972,3F80
3973,3F80
3974,3F80
3975,3F80
3976,3F80
3977,3F80
3978,3F80
3979,3F80
397A,3F80
397B,3F80
397C,3F80
397D,3F80
397E,3F80
397F,3F80
3980,3F80
3981,3F80
3982,3F80
3983,3F80
3984,3F80
3985,3F80
3986,3F80
3987,3F80
3988,3F80
3989,3F80
398A,3F80
398B,3F80
398C,3F80
398D,3F80
398E,3F80
398F,3F80
3990,3F80
3991,3F80
3992,3F80
3993,3F80
3994,3F80
3995,3F80
3996,3F80
3997,3F80
3998,3F80
3999,3F80
399A,3F80
399B,3F80
399C,3F80
399D,3F80
399E,3F80
399F,3F80
39A0,3F80
39A1,3F80
39A2,3F80
39A3,3F80
39A4,3F80
39A5,3F80
39A6,3F80
39A7,3F80
39A8,3F80
39A9,3F80
39AA,3F80
39AB,3F80
39AC,3F80
39AD,3F80
39AE,3F80
39AF,3F80
39B0,3F80
39B1,3F80
39B2,3F80
39B3,3F80
39B4,3F80
39B5,3F80
39B6,3F80
39B7,3F80
39B8,3F80
39B9,3F80
39BA,3F80
39BB,3F80
39BC,3F80
39BD,3F80
39BE,3F80
39BF,3F80
39C0,3F80
39C1,3F80
39C2,3F80
39C3,3F80
39C4,3F80
39C5,3F80
39C6,3F80
39C7,3F80
39C8,3F80
39C9,3F80
39CA,3F80
39CB,3F80
39CC,3F80
39CD,3F80
39CE,3F80
39CF,3F80
39D0,3F80
39D1,3F80
39D2,3F80
39D3,3F80
39D4,3F80
39D5,3F80
39D6,3F80
39D7,3F80
39D8,3F80
39D9,3F80
39DA,3F80
39DB,3F80
39DC,3F80
39DD,3F80
39DE,3F80
39DF,3F80
39E0,3F80
39E1,3F80
39E2,3F80
39E3,3F80
39E4,3F80
39E5,3F80
39E6,3F80
39E7,3F80
39E8,3F80
39E9,3F80
39EA,3F80
39EB,3F80
39EC,3F80
39ED,3F80
39EE,3F80
39EF,3F80
39F0,3F80
39F1,3F80
39F2,3F80
39F3,3F80
39F4,3F80
39F5,3F80
39F6,3F80
39F7,3F80
39F8,3F80
39F9,3F80
39FA,3F80
39FB,3F80
39FC,3F80
39FD,3F80
39FE,3F80
39FF,3F80
3A00,3F80
3A01,3F80
3A02,3F80
3A03,3F80
3A04,3F80
3A05,3F80
3A06,3F80
3A07,3F80
3A08,3F80
3A09,3F80
3A0A,3F80
3A0B,3F80
3A0C,3F80
3A0D,3F80
3A0E,3F80
3A0F,3F80
3A10,3F80
3A11,3F80
3A12,3F80
3A13,3F80
3A14,3F80
3A15,3F80
3A16,3F80
3A17,3F80
3A18,3F80
3A19,3F80
3A1A,3F80
3A1B,3F80
3A1C,3F80
3A1D,3F80
3A1E,3F80
3A1F,3F80
3A20,3F80
3A21,3F80
3A22,3F80
3A23,3F80
3A24,3F80
3A25,3F80
3A26,3F80
3A27,3F80
3A28,3F80
3A29,3F80
3A2A,3F80
3A2B,3F80
3A2C,3F80
3A2D,3F80
3A2E,3F80
3A2F,3F80
3A30,3F80
3A31,3F80
3A32,3F80
3A33,3F80
3A34,3F80
3A35,3F80
3A36,3F80
3A37,3F80
3A38,3F80
3A39,3F80
3A3A,3F80
3A3B,3F80
3A3C,3F80
3A3D,3F80
3A3E,3F80
3A3F,3F80
3A40,3F80
3A41,3F80
3A42,3F80
3A43,3F80
3A44,3F80
3A45,3F80
3A46,3F80
3A47,3F80
3A48,3F80
3A49,3F80
3A4A,3F80
3A4B,3F80
3A4C,3F80
3A4D,3F80
3A4E,3F80
3A4F,3F80
3A50,3F80
3A51,3F80
3A52,3F80
3A53,3F80
3A54,3F80
3A55,3F80
3A56,3F80
3A57,3F80
3A58,3F80
3A59,3F80
3A5A,3F80
3A5B,3F80
3A5C,3F80
3A5D,3F80
3A5E,3F80
3A5F,3F80
3A60,3F80
3A61,3F80
3A62,3F80
3A63,3F80
3A64,3F80
3A65,3F80
3A66,3F80
3A67,3F80
3A68,3F80
3A69,3F80
3A6A,3F80
3A6B,3F80
3A6C,3F80
3A6D,3F80
3A6E,3F80
3A6F,3F80
3A70,3F80
3A71,3F80
3A72,3F80
3A73,3F80
3A74,3F80
3A75,3F80
3A76,3F80
3A77,3F80
3A78,3F80
3A79,3F80
3A7A,3F80
3A7B,3F80
3A7C,3F80
3A7D,3F80
3A7E,3F80
3A7F,3F80
3A80,3F80
3A81,3F80
3A82,3F80
3A83,3F80
3A84,3F80
3A85,3F80
3A86,3F80
3A87,3F80
3A88,3F80
3A89,3F80
3A8A,3F80
3A8B,3F80
3A8C,3F80
3A8D,3F80
3A8E,3F80
3A8F,3F80
3A90,3F80
3A91,3F80
3A92,3F80
3A93,3F80
3A94,3F80
3A95,3F80
3A96,3F80
3A97,3F80
3A98,3F80
3A99,3F80
3A9A,3F80
3A9B,3F80
3A9C,3F80
3A9D,3F80
3A9E,3F80
3A9F,3F80
3AA0,3F80
3AA1,3F80
3AA2,3F80
3AA3,3F80
3AA4,3F80
3AA5,3F80
3AA6,3F80
3AA7,3F80
3AA8,3F80
3AA9,3F80
3AAA,3F80
3AAB,3F80
3AAC,3F80
3AAD,3F80
3AAE,3F80
3AAF,3F80
3AB0,3F80
3AB1,3F80
3AB2,3F80
3AB3,3F80
3AB4,3F80
3AB5,3F80
3AB6,3F80
3AB7,3F80
3AB8,3F80
3AB9,3F80
3ABA,3F80
3ABB,3F80
3ABC,3F80
3ABD,3F80
3ABE,3F80
3ABF,3F80
3AC0,3F80
3AC1,3F80
3AC2,3F80
3AC3,3F80
3AC4,3F80
3AC5,3F80
3AC6,3F80
3AC7,3F80
3AC8,3F80
3AC9,3F80
3ACA,3F80
3ACB,3F80
3ACC,3F80
3ACD,3F80
3ACE,3F80
3ACF,3F80
3AD0,3F80
3AD1,3F80
3AD2,3F80
3AD3,3F80
3AD4,3F80
3AD5,3F80
3AD6,3F80
3AD7,3F80
3AD8,3F80
3AD9,3F80
3ADA,3F80
3ADB,3F80
3ADC,3F80
3ADD,3F80
3ADE,3F80
3ADF,3F80
3AE0,3F80
3AE1,3F80
3AE2,3F80
3AE3,3F80
3AE4,3F80
3AE5,3F80
3AE6,3F80
3AE7,3F80
3AE8,3F80
3AE9,3F80
3AEA,3F80
3AEB,3F80
3AEC,3F80
3AED,3F80
3AEE,3F80
3AEF,3F80
3AF0,3F80
3AF1,3F80
3AF2,3F80
3AF3,3F80
3AF4,3F80
3AF5,3F80
3AF6,3F80
3AF7,3F80
3AF8,3F80
3AF9,3F80
3AFA,3F80
3AFB,3F80
3AFC,3F80
3AFD,3F80
3AFE,3F80
3AFF,3F80
3B00,3F80
3B01,3F80
3B02,3F80
3B03,3F80
3B04,3F80
3B05,3F80
3B06,3F80
3B07,3F80
3B08,3F80
3B09,3F80
3B0A,3F80
3B0B,3F80
3B0C,3F80
3B0D,3F80
3B0E,3F80
3B0F,3F80
3B10,3F80
3B11,3F80
3B12,3F80
3B13,3F80
3B14,3F80
3B15,3F80
3B16,3F80
3B17,3F80
3B18,3F80
3B19,3F80
3B1A,3F80
3B1B,3F80
3B1C,3F80
3B1D,3F80
3B1E,3F80
3B1F,3F80
3B20,3F80
3B21,3F80
3B22,3F80
3B23,3F80
3B24,3F80
3B25,3F80
3B26,3F80
3B27,3F80
3B28,3F80
3B29,3F80
3B2A,3F80
3B2B,3F80
3B2C,3F80
3B2D,3F80
3B2E,3F80
3B2F,3F80
3B30,3F80
3B31,3F80
3B32,3F80
3B33,3F80
3B34,3F80
3B35,3F80
3B36,3F80
3B37,3F80
3B38,3F80
3B39,3F80
3B3A,3F80
3B3B,3F80
3B3C,3F80
3B3D,3F80
3B3E,3F80
3B3F,3F80
3B40,3F80
3B41,3F80
3B42,3F80
3B43,3F80
3B44,3F80
3B45,3F80
3B46,3F80
3B47,3F80
3B48,3F80
3B49,3F80
3B4A,3F80
3B4B,3F80
3B4C,3F80
3B4D,3F80
3B4E,3F80
3B4F,3F80
3B50,3F80
3B51,3F80
3B52,3F80
3B53,3F80
3B54,3F80
3B55,3F80
3B56,3F80
3B57,3F80
3B58,3F80
3B59,3F80
3B5A,3F80
3B5B,3F80
3B5C,3F80
3B5D,3F80
3B5E,3F80
3B5F,3F80
3B60,3F80
3B61,3F80
3B62,3F80
3B63,3F80
3B64,3F80
3B65,3F80
3B66,3F80
3B67,3F80
3B68,3F80
3B69,3F80
3B6A,3F80
3B6B,3F80
3B6C,3F80
3B6D,3F80
3B6E,3F80
3B6F,3F80
3B70,3F80
3B71,3F80
3B72,3F80
3B73,3F80
3B74,3F80
3B75,3F80
3B76,3F80
3B77,3F80
3B78,3F80
3B79,3F80
3B7A,3F80
3B7B,3F80
3B7C,3F80
3B7D,3F80
3B7E,3F80
3B7F,3F80
3B80,3F80
3B81,3F80
3B82,3F80
3B83,3F80
3B84,3F80
3B85,3F80
3B86,3F80
3B87,3F80
3B88,3F80
3B89,3F80
3B8A,3F80
3B8B,3F80
3B8C,3F80
3B8D,3F80
3B8E,3F80
3B8F,3F80
3B90,3F80
3B91,3F80
3B92,3F80
3B93,3F80
3B94,3F80
3B95,3F80
3B96,3F80
3B97,3F80
3B98,3F80
3B99,3F80
3B9A,3F80
3B9B,3F80
3B9C,3F80
3B9D,3F80
3B9E,3F80
3B9F,3F80
3BA0,3F80
3BA1,3F80
3BA2,3F80
3BA3,3F80
3BA4,3F80
3BA5,3F80
3BA6,3F80
3BA7,3F80
3BA8,3F80
3BA9,3F80
3BAA,3F80
3BAB,3F80
3BAC,3F80
3BAD,3F80
3BAE,3F80
3BAF,3F80
3BB0,3F80
3BB1,3F80
3BB2,3F80
3BB3,3F80
3BB4,3F80
3BB5,3F80
3BB6,3F80
3BB7,3F80
3BB8,3F80
3BB9,3F80
3BBA,3F80
3BBB,3F80
3BBC,3F80
3BBD,3F80
3BBE,3F80
3BBF,3F80
3BC0,3F80
3BC1,3F80
3BC2,3F80
3BC3,3F80
3BC4,3F80
3BC5,3F80
3BC6,3F80
3BC7,3F80
3BC8,3F80
3BC9,3F80
3BCA,3F80
3BCB,3F80
3BCC,3F80
3BCD,3F80
3BCE,3F80
3BCF,3F80
3BD0,3F80
3BD1,3F80
3BD2,3F80
3BD3,3F80
3BD4,3F80
3BD5,3F80
3BD6,3F80
3BD7,3F80
3BD8,3F80
3BD9,3F80
3BDA,3F80
3BDB,3F80
3BDC,3F80
3BDD,3F80
3BDE,3F80
3BDF,3F80
3BE0,3F80
3BE1,3F80
3BE2,3F80
3BE3,3F80
3BE4,3F80
3BE5,3F80
3BE6,3F80
3BE7,3F80
3BE8,3F80
3BE9,3F80
3BEA,3F80
3BEB,3F80
3BEC,3F80
3BED,3F80
3BEE,3F80
3BEF,3F80
3BF0,3F80
3BF1,3F80
3BF2,3F80
3BF3,3F80
3BF4,3F80
3BF5,3F80
3BF6,3F80
3BF7,3F80
3BF8,3F80
3BF9,3F80
3BFA,3F80
3BFB,3F80
3BFC,3F80
3BFD,3F80
3BFE,3F80
3BFF,3F80
3C00,3F81
3C01,3F81
3C02,3F81
3C03,3F81
3C04,3F81
3C05,3F81
3C06,3F81
3C07,3F81
3C08,3F81
3C09,3F81
3C0A,3F81
3C0B,3F81
3C0C,3F81
3C0D,3F81
3C0E,3F81
3C0F,3F81
3C10,3F81
3C11,3F81
3C12,3F81
3C13,3F81
3C14,3F81
3C15,3F81
3C16,3F81
3C17,3F81
3C18,3F81
3C19,3F81
3C1A,3F81
3C1B,3F81
3C1C,3F81
3C1D,3F81
3C1E,3F81
3C1F,3F81
3C20,3F81
3C21,3F81
3C22,3F81
3C23,3F81
3C24,3F81
3C25,3F81
3C26,3F81
3C27,3F81
3C28,3F81
3C29,3F81
3C2A,3F81
3C2B,3F81
3C2C,3F81
3C2D,3F81
3C2E,3F81
3C2F,3F81
3C30,3F81
3C31,3F81
3C32,3F81
3C33,3F81
3C34,3F81
3C35,3F81
3C36,3F81
3C37,3F81
3C38,3F81
3C39,3F81
3C3A,3F81
3C3B,3F81
3C3C,3F81
3C3D,3F81
3C3E,3F81
3C3F,3F81
3C40,3F81
3C41,3F81
3C42,3F81
3C43,3F81
3C44,3F81
3C45,3F81
3C46,3F81
3C47,3F81
3C48,3F81
3C49,3F81
3C4A,3F81
3C4B,3F81
3C4C,3F81
3C4D,3F81
3C4E,3F81
3C4F,3F81
3C50,3F81
3C51,3F81
3C52,3F81
3C53,3F81
3C54,3F81
3C55,3F81
3C56,3F81
3C57,3F81
3C58,3F81
3C59,3F81
3C5A,3F81
3C5B,3F81
3C5C,3F81
3C5D,3F81
3C5E,3F81
3C5F,3F81
3C60,3F81
3C61,3F81
3C62,3F81
3C63,3F81
3C64,3F81
3C65,3F81
3C66,3F81
3C67,3F81
3C68,3F81
3C69,3F81
3C6A,3F81
3C6B,3F81
3C6C,3F81
3C6D,3F81
3C6E,3F81
3C6F,3F81
3C70,3F81
3C71,3F81
3C72,3F81
3C73,3F81
3C74,3F81
3C75,3F81
3C76,3F81
3C77,3F81
3C78,3F81
3C79,3F81
3C7A,3F81
3C7B,3F81
3C7C,3F81
3C7D,3F81
3C7E,3F81
3C7F,3F82
3C80,3F82
3C81,3F82
3C82,3F82
3C83,3F82
3C84,3F82
3C85,3F82
3C86,3F82
3C87,3F82
3C88,3F82
3C89,3F82
3C8A,3F82
3C8B,3F82
3C8C,3F82
3C8D,3F82
3C8E,3F82
3C8F,3F82
3C90,3F82
3C91,3F82
3C92,3F82
3C93,3F82
3C94,3F82
3C95,3F82
3C96,3F82
3C97,3F82
3C98,3F82
3C99,3F82
3C9A,3F82
3C9B,3F82
3C9C,3F82
3C9D,3F82
3C9E,3F82
3C9F,3F82
3CA0,3F82
3CA1,3F82
3CA2,3F82
3CA3,3F82
3CA4,3F82
3CA5,3F82
3CA6,3F82
3CA7,3F82
3CA8,3F82
3CA9,3F82
3CAA,3F82
3CAB,3F82
3CAC,3F82
3CAD,3F82
3CAE,3F82
3CAF,3F82
3CB0,3F82
3CB1,3F82
3CB2,3F82
3CB3,3F82
3CB4,3F82
3CB5,3F82
3CB6,3F82
3CB7,3F82
3CB8,3F82
3CB9,3F82
3CBA,3F82
3CBB,3F82
3CBC,3F82
3CBD,3F82
3CBE,3F83
3CBF,3F83
3CC0,3F83
3CC1,3F83
3CC2,3F83
3CC3,3F83
3CC4,3F83
3CC5,3F83
3CC6,3F83
3CC7,3F83
3CC8,3F83
3CC9,3F83
3CCA,3F83
3CCB,3F83
3CCC,3F83
3CCD,3F83
3CCE,3F83
3CCF,3F83
3CD0,3F83
3CD1,3F83
3CD2,3F83
3CD3,3F83
3CD4,3F83
3CD5,3F83
3CD6,3F83
3CD7,3F83
3CD8,3F83
3CD9,3F83
3CDA,3F83
3CDB,3F83
3CDC,3F83
3CDD,3F83
3CDE,3F83
3CDF,3F83
3CE0,3F83
3CE1,3F83
3CE2,3F83
3CE3,3F83
3CE4,3F83
3CE5,3F83
3CE6,3F83
3CE7,3F83
3CE8,3F83
3CE9,3F83
3CEA,3F83
3CEB,3F83
3CEC,3F83
3CED,3F83
3CEE,3F83
3CEF,3F83
3CF0,3F83
3CF1,3F83
3CF2,3F83
3CF3,3F83
3CF4,3F83
3CF5,3F83
3CF6,3F83
3CF7,3F83
3CF8,3F83
3CF9,3F83
3CFA,3F83
3CFB,3F83
3CFC,3F83
3CFD,3F84
3CFE,3F84
3CFF,3F84
3D00,3F84
3D01,3F84
3D02,3F84
3D03,3F84
3D04,3F84
3D05,3F84
3D06,3F84
3D07,3F84
3D08,3F84
3D09,3F84
3D0A,3F84
3D0B,3F84
3D0C,3F84
3D0D,3F84
3D0E,3F84
3D0F,3F84
3D10,3F84
3D11,3F84
3D12,3F84
3D13,3F84
3D14,3F84
3D15,3F84
3D16,3F84
3D17,3F84
3D18,3F84
3D19,3F84
3D1A,3F84
3D1B,3F84
3D1C,3F84
3D1D,3F85
3D1E,3F85
3D1F,3F85
3D20,3F85
3D21,3F85
3D22,3F85
3D23,3F85
3D24,3F85
3D25,3F85
3D26,3F85
3D27,3F85
3D28,3F85
3D29,3F85
3D2A,3F85
3D2B,3F85
3D2C,3F85
3D2D,3F85
3D2E,3F85
3D2F,3F85
3D30,3F85
3D31,3F85
3D32,3F85
3D33,3F85
3D34,3F85
3D35,3F85
3D36,3F85
3D37,3F85
3D38,3F85
3D39,3F85
3D3A,3F85
3D3B,3F85
3D3C,3F86
3D3D,3F86
3D3E,3F86
3D3F,3F86
3D40,3F86
3D41,3F86
3D42,3F86
3D43,3F86
3D44,3F86
3D45,3F86
3D46,3F86
3D47,3F86
3D48,3F86
3D49,3F86
3D4A,3F86
3D4B,3F86
3D4C,3F86
3D4D,3F86
3D4E,3F86
3D4F,3F86
3D50,3F86
3D51,3F86
3D52,3F86
3D53,3F86
3D54,3F86
3D55,3F86
3D56,3F86
3D57,3F86
3D58,3F86
3D59,3F86
3D5A,3F86
3D5B,3F87
3D5C,3F87
3D5D,3F87
3D5E,3F87
3D5F,3F87
3D60,3F87
3D61,3F87
3D62,3F87
3D63,3F87
3D64,3F87
3D65,3F87
3D66,3F87
3D67,3F87
3D68,3F87
3D69,3F87
3D6A,3F87
3D6B,3F87
3D6C,3F87
3D6D,3F87
3D6E,3F87
3D6F,3F87
3D70,3F87
3D71,3F87
3D72,3F87
3D73,3F87
3D74,3F87
3D75,3F87
3D76,3F87
3D77,3F87
3D78,3F87
3D79,3F88
3D7A,3F88
3D7B,3F88
3D7C,3F88
3D7D,3F88
3D7E,3F88
3D7F,3F88
3D80,3F88
3D81,3F88
3D82,3F88
3D83,3F88
3D84,3F88
3D85,3F88
3D86,3F88
3D87,3F88
3D88,3F88
3D89,3F88
3D8A,3F88
3D8B,3F88
3D8C,3F89
3D8D,3F89
3D8E,3F89
3D8F,3F89
3D90,3F89
3D91,3F89
3D92,3F89
3D93,3F89
3D94,3F89
3D95,3F89
3D96,3F89
3D97,3F89
3D98,3F89
3D99,3F89
3D9A,3F89
3D9B,3F8A
3D9C,3F8A
3D9D,3F8A
3D9E,3F8A
3D9F,3F8A
3DA0,3F8A
3DA1,3F8A
3DA2,3F8A
3DA3,3F8A
3DA4,3F8A
3DA5,3F8A
3DA6,3F8A
3DA7,3F8A
3DA8,3F8A
3DA9,3F8B
3DAA,3F8B
3DAB,3F8B
3DAC,3F8B
3DAD,3F8B
3DAE,3F8B
3DAF,3F8B
3DB0,3F8B
3DB1,3F8B
3DB2,3F8B
3DB3,3F8B
3DB4,3F8B
3DB5,3F8B
3DB6,3F8B
3DB7,3F8B
3DB8,3F8C
3DB9,3F8C
3DBA,3F8C
3DBB,3F8C
3DBC,3F8C
3DBD,3F8C
3DBE,3F8C
3DBF,3F8C
3DC0,3F8C
3DC1,3F8C
3DC2,3F8C
3DC3,3F8C
3DC4,3F8C
3DC5,3F8C
3DC6,3F8C
3DC7,3F8D
3DC8,3F8D
3DC9,3F8D
3DCA,3F8D
3DCB,3F8D
3DCC,3F8D
3DCD,3F8D
3DCE,3F8D
3DCF,3F8D
3DD0,3F8D
3DD1,3F8D
3DD2,3F8D
3DD3,3F8D
3DD4,3F8D
3DD5,3F8E
3DD6,3F8E
3DD7,3F8E
3DD8,3F8E
3DD9,3F8E
3DDA,3F8E
3DDB,3F8E
3DDC,3F8E
3DDD,3F8E
3DDE,3F8E
3DDF,3F8E
3DE0,3F8E
3DE1,3F8E
3DE2,3F8E
3DE3,3F8F
3DE4,3F8F
3DE5,3F8F
3DE6,3F8F
3DE7,3F8F
3DE8,3F8F
3DE9,3F8F
3DEA,3F8F
3DEB,3F8F
3DEC,3F8F
3DED,3F8F
3DEE,3F8F
3DEF,3F8F
3DF0,3F8F
3DF1,3F8F
3DF2,3F90
3DF3,3F90
3DF4,3F90
3DF5,3F90
3DF6,3F90
3DF7,3F90
3DF8,3F90
3DF9,3F90
3DFA,3F90
3DFB,3F90
3DFC,3F90
3DFD,3F90
3DFE,3F90
3DFF,3F90
3E00,3F91
3E01,3F91
3E02,3F91
3E03,3F91
3E04,3F91
3E05,3F91
3E06,3F91
3E07,3F92
3E08,3F92
3E09,3F92
3E0A,3F92
3E0B,3F92
3E0C,3F92
3E0D,3F92
3E0E,3F93
3E0F,3F93
3E10,3F93
3E11,3F93
3E12,3F93
3E13,3F93
3E14,3F93
3E15,3F94
3E16,3F94
3E17,3F94
3E18,3F94
3E19,3F94
3E1A,3F94
3E1B,3F94
3E1C,3F95
3E1D,3F95
3E1E,3F95
3E1F,3F95
3E20,3F95
3E21,3F95
3E22,3F95
3E23,3F96
3E24,3F96
3E25,3F96
3E26,3F96
3E27,3F96
3E28,3F96
3E29,3F96
3E2A,3F97
3E2B,3F97
3E2C,3F97
3E2D,3F97
3E2E,3F97
3E2F,3F97
3E30,3F98
3E31,3F98
3E32,3F98
3E33,3F98
3E34,3F98
3E35,3F98
3E36,3F98
3E37,3F99
3E38,3F99
3E39,3F99
3E3A,3F99
3E3B,3F99
3E3C,3F99
3E3D,3F99
3E3E,3F9A
3E3F,3F9A
3E40,3F9A
3E41,3F9A
3E42,3F9A
3E43,3F9A
3E44,3F9B
3E45,3F9B
3E46,3F9B
3E47,3F9B
3E48,3F9B
3E49,3F9B
3E4A,3F9B
3E4B,3F9C
3E4C,3F9C
3E4D,3F9C
3E4E,3F9C
3E4F,3F9C
3E50,3F9C
3E51,3F9C
3E52,3F9D
3E53,3F9D
3E54,3F9D
3E55,3F9D
3E56,3F9D
3E57,3F9D
3E58,3F9E
3E59,3F9E
3E5A,3F9E
3E5B,3F9E
3E5C,3F9E
3E5D,3F9E
3E5E,3F9E
3E5F,3F9F
3E60,3F9F
3E61,3F9F
3E62,3F9F
3E63,3F9F
3E64,3F9F
3E65,3FA0
3E66,3FA0
3E67,3FA0
3E68,3FA0
3E69,3FA0
3E6A,3FA0
3E6B,3FA1
3E6C,3FA1
3E6D,3FA1
3E6E,3FA1
3E6F,3FA1
3E70,3FA1
3E71,3FA1
3E72,3FA2
3E73,3FA2
3E74,3FA2
3E75,3FA2
3E76,3FA2
3E77,3FA2
3E78,3FA3
3E79,3FA3
3E7A,3FA3
3E7B,3FA3
3E7C,3FA3
3E7D,3FA3
3E7E,3FA4
3E7F,3FA4
3E80,3FA4
3E81,3FA4
3E82,3FA4
3E83,3FA5
3E84,3FA5
3E85,3FA5
3E86,3FA6
3E87,3FA6
3E88,3FA6
3E89,3FA7
3E8A,3FA7
3E8B,3FA7
3E8C,3FA8
3E8D,3FA8
3E8E,3FA8
3E8F,3FA9
3E90,3FA9
3E91,3FA9
3E92,3FAA
3E93,3FAA
3E94,3FAA
3E95,3FAB
3E96,3FAB
3E97,3FAB
3E98,3FAC
3E99,3FAC
3E9A,3FAC
3E9B,3FAD
3E9C,3FAD
3E9D,3FAD
3E9E,3FAE
3E9F,3FAE
3EA0,3FAE
3EA1,3FAF
3EA2,3FAF
3EA3,3FAF
3EA4,3FB0
3EA5,3FB0
3EA6,3FB1
3EA7,3FB1
3EA8,3FB1
3EA9,3FB2
3EAA,3FB2
3EAB,3FB2
3EAC,3FB3
3EAD,3FB3
3EAE,3FB3
3EAF,3FB4
3EB0,3FB4
3EB1,3FB4
3EB2,3FB5
3EB3,3FB5
3EB4,3FB5
3EB5,3FB6
3EB6,3FB6
3EB7,3FB6
3EB8,3FB7
3EB9,3FB7
3EBA,3FB8
3EBB,3FB8
3EBC,3FB8
3EBD,3FB9
3EBE,3FB9
3EBF,3FB9
3EC0,3FBA
3EC1,3FBA
3EC2,3FBA
3EC3,3FBB
3EC4,3FBB
3EC5,3FBC
3EC6,3FBC
3EC7,3FBC
3EC8,3FBD
3EC9,3FBD
3ECA,3FBD
3ECB,3FBE
3ECC,3FBE
3ECD,3FBF
3ECE,3FBF
3ECF,3FBF
3ED0,3FC0
3ED1,3FC0
3ED2,3FC0
3ED3,3FC1
3ED4,3FC1
3ED5,3FC2
3ED6,3FC2
3ED7,3FC2
3ED8,3FC3
3ED9,3FC3
3EDA,3FC3
3EDB,3FC4
3EDC,3FC4
3EDD,3FC5
3EDE,3FC5
3EDF,3FC5
3EE0,3FC6
3EE1,3FC6
3EE2,3FC7
3EE3,3FC7
3EE4,3FC7
3EE5,3FC8
3EE6,3FC8
3EE7,3FC8
3EE8,3FC9
3EE9,3FC9
3EEA,3FCA
3EEB,3FCA
3EEC,3FCA
3EED,3FCB
3EEE,3FCB
3EEF,3FCC
3EF0,3FCC
3EF1,3FCC
3EF2,3FCD
3EF3,3FCD
3EF4,3FCE
3EF5,3FCE
3EF6,3FCE
3EF7,3FCF
3EF8,3FCF
3EF9,3FD0
3EFA,3FD0
3EFB,3FD0
3EFC,3FD1
3EFD,3FD1
3EFE,3FD2
3EFF,3FD2
3F00,3FD3
3F01,3FD3
3F02,3FD4
3F03,3FD5
3F04,3FD6
3F05,3FD7
3F06,3FD8
3F07,3FD8
3F08,3FD9
3F09,3FDA
3F0A,3FDB
3F0B,3FDC
3F0C,3FDD
3F0D,3FDE
3F0E,3FDE
3F0F,3FDF
3F10,3FE0
3F11,3FE1
3F12,3FE2
3F13,3FE3
3F14,3FE4
3F15,3FE5
3F16,3FE5
3F17,3FE6
3F18,3FE7
3F19,3FE8
3F1A,3FE9
3F1B,3FEA
3F1C,3FEB
3F1D,3FEC
3F1E,3FED
3F1F,3FEE
3F20,3FEF
3F21,3FF0
3F22,3FF1
3F23,3FF1
3F24,3FF2
3F25,3FF3
3F26,3FF4
3F27,3FF5
3F28,3FF6
3F29,3FF7
3F2A,3FF8
3F2B,3FF9
3F2C,3FFA
3F2D,3FFB
3F2E,3FFC
3F2F,3FFD
3F30,3FFE
3F31,3FFF
3F32,4000
3F33,4000
3F34,4001
3F35,4001
3F36,4002
3F37,4002
3F38,4003
3F39,4003
3F3A,4004
3F3B,4004
3F3C,4005
3F3D,4005
3F3E,4006
3F3F,4006
3F40,4007
3F41,4008
3F42,4008
3F43,4009
3F44,4009
3F45,400A
3F46,400A
3F47,400B
3F48,400B
3F49,400C
3F4A,400C
3F4B,400D
3F4C,400D
3F4D,400E
3F4E,400F
3F4F,400F
3F50,4010
3F51,4010
3F52,4011
3F53,4011
3F54,4012
3F55,4013
3F56,4013
3F57,4014
3F58,4014
3F59,4015
3F5A,4015
3F5B,4016
3F5C,4017
3F5D,4017
3F5E,4018
3F5F,4018
3F60,4019
3F61,401A
3F62,401A
3F63,401B
3F64,401B
3F65,401C
3F66,401D
3F67,401D
3F68,401E
3F69,401F
3F6A,401F
3F6B,4020
3F6C,4020
3F6D,4021
3F6E,4022
3F6F,4022
3F70,4023
3F71,4024
3F72,4024
3F73,4025
3F74,4026
3F75,4026
3F76,4027
3F77,4027
3F78,4028
3F79,4029
3F7A,4029
3F7B,402A
3F7C,402B
3F7D,402B
3F7E,402C
3F7F,402D
3F80,402D
3F81,402F
3F82,4030
3F83,4032
3F84,4033
3F85,4034
3F86,4036
3F87,4037
3F88,4039
3F89,403A
3F8A,403C
3F8B,403D
3F8C,403F
3F8D,4040
3F8E,4042
3F8F,4043
3F90,4045
3F91,4046
3F92,4048
3F93,4049
3F94,404B
3F95,404C
3F96,404E
3F97,4050
3F98,4051
3F99,4053
3F9A,4055
3F9B,4056
3F9C,4058
3F9D,405A
3F9E,405B
3F9F,405D
3FA0,405F
3FA1,4061
3FA2,4062
3FA3,4064
3FA4,4066
3FA5,4068
3FA6,406A
3FA7,406B
3FA8,406D
3FA9,406F
3FAA,4071
3FAB,4073
3FAC,4075
3FAD,4077
3FAE,4079
3FAF,407B
3FB0,407D
3FB1,407F
3FB2,4080
3FB3,4081
3FB4,4082
3FB5,4083
3FB6,4084
3FB7,4085
3FB8,4086
3FB9,4087
3FBA,4088
3FBB,4089
3FBC,408B
3FBD,408C
3FBE,408D
3FBF,408E
3FC0,408F
3FC1,4090
3FC2,4091
3FC3,4092
3FC4,4093
3FC5,4095
3FC6,4096
3FC7,4097
3FC8,4098
3FC9,4099
3FCA,409B
3FCB,409C
3FCC,409D
3FCD,409E
3FCE,409F
3FCF,40A1
3FD0,40A2
3FD1,40A3
3FD2,40A5
3FD3,40A6
3FD4,40A7
3FD5,40A8
3FD6,40AA
3FD7,40AB
3FD8,40AC
3FD9,40AE
3FDA,40AF
3FDB,40B1
3FDC,40B2
3FDD,40B3
3FDE,40B5
3FDF,40B6
3FE0,40B8
3FE1,40B9
3FE2,40BB
3FE3,40BC
3FE4,40BD
3FE5,40BF
3FE6,40C0
3FE7,40C2
3FE8,40C4
3FE9,40C5
3FEA,40C7
3FEB,40C8
3FEC,40CA
3FED,40CB
3FEE,40CD
3FEF,40CF
3FF0,40D0
3FF1,40D2
3FF2,40D3
3FF3,40D5
3FF4,40D7
3FF5,40D8
3FF6,40DA
3FF7,40DC
3FF8,40DE
3FF9,40DF
3FFA,40E1
3FFB,40E3
3FFC,40E5
3FFD,40E6
3FFE,40E8
3FFF,40EA
4000,40EC
4001,40F0
4002,40F3
4003,40F7
4004,40FB
4005,40FF
4006,4101
4007,4103
4008,4105
4009,4108
400A,410A
400B,410C
400C,410E
400D,4110
400E,4113
400F,4115
4010,4117
4011,411A
4012,411C
4013,411F
4014,4121
4015,4124
4016,4126
4017,4129
4018,412C
4019,412E
401A,4131
401B,4134
401C,4137
401D,4139
401E,413C
401F,413F
4020,4142
4021,4145
4022,4149
4023,414C
4024,414F
4025,4152
4026,4156
4027,4159
4028,415C
4029,4160
402A,4163
402B,4167
402C,416B
402D,416E
402E,4172
402F,4176
4030,417A
4031,417E
4032,4181
4033,4183
4034,4185
4035,4187
4036,4189
4037,418B
4038,418D
4039,4190
403A,4192
403B,4194
403C,4196
403D,4199
403E,419B
403F,419E
4040,41A0
4041,41A3
4042,41A5
4043,41A8
4044,41AB
4045,41AD
4046,41B0
4047,41B3
4048,41B6
4049,41B8
404A,41BB
404B,41BE
404C,41C1
404D,41C4
404E,41C7
404F,41CB
4050,41CE
4051,41D1
4052,41D4
4053,41D8
4054,41DB
4055,41DF
4056,41E2
4057,41E6
4058,41E9
4059,41ED
405A,41F1
405B,41F5
405C,41F8
405D,41FC
405E,4200
405F,4202
4060,4204
4061,4206
4062,4208
4063,420A
4064,420D
4065,420F
4066,4211
4067,4213
4068,4216
4069,4218
406A,421A
406B,421D
406C,421F
406D,4222
406E,4224
406F,4227
4070,422A
4071,422C
4072,422F
4073,4232
4074,4235
4075,4237
4076,423A
4077,423D
4078,4240
4079,4243
407A,4246
407B,4249
407C,424D
407D,4250
407E,4253
407F,4257
4080,425A
4081,4261
4082,4268
4083,426F
4084,4277
4085,427F
4086,4283
4087,4287
4088,428C
4089,4290
408A,4295
408B,4299
408C,429E
408D,42A3
408E,42A9
408F,42AE
4090,42B4
4091,42B9
4092,42BF
4093,42C5
4094,42CC
4095,42D2
4096,42D9
4097,42E0
4098,42E7
4099,42EE
409A,42F6
409B,42FD
409C,4302
409D,4307
409E,430B
409F,430F
40A0,4314
40A1,4319
40A2,431D
40A3,4322
40A4,4328
40A5,432D
40A6,4333
40A7,4338
40A8,433E
40A9,4344
40AA,434A
40AB,4351
40AC,4357
40AD,435E
40AE,4365
40AF,436D
40B0,4374
40B1,437C
40B2,4382
40B3,4386
40B4,438A
40B5,438F
40B6,4393
40B7,4398
40B8,439D
40B9,43A2
40BA,43A7
40BB,43AC
40BC,43B2
40BD,43B7
40BE,43BD
40BF,43C3
40C0,43C9
40C1,43D0
40C2,43D6
40C3,43DD
40C4,43E4
40C5,43EB
40C6,43F3
40C7,43FB
40C8,4401
40C9,4405
40CA,4409
40CB,440E
40CC,4412
40CD,4417
40CE,441C
40CF,4421
40D0,4426
40D1,442B
40D2,4431
40D3,4436
40D4,443C
40D5,4442
40D6,4448
40D7,444E
40D8,4455
40D9,445C
40DA,4463
40DB,446A
40DC,4471
40DD,4479
40DE,4480
40DF,4484
40E0,4489
40E1,448D
40E2,4491
40E3,4496
40E4,449B
40E5,44A0
40E6,44A5
40E7,44AA
40E8,44B0
40E9,44B5
40EA,44BB
40EB,44C1
40EC,44C7
40ED,44CD
40EE,44D4
40EF,44DB
40F0,44E2
40F1,44E9
40F2,44F0
40F3,44F8
40F4,4500
40F5,4504
40F6,4508
40F7,450C
40F8,4511
40F9,4515
40FA,451A
40FB,451F
40FC,4524
40FD,4529
40FE,452F
40FF,4534
4100,453A
4101,4546
4102,4553
4103,4560
4104,456F
4105,457E
4106,4587
4107,4590
4108,4599
4109,45A3
410A,45AE
410B,45B9
410C,45C5
410D,45D1
410E,45DF
410F,45ED
4110,45FD
4111,4606
4112,460F
4113,4618
4114,4622
4115,462D
4116,4638
4117,4644
4118,4650
4119,465E
411A,466C
411B,467B
411C,4686
411D,468E
411E,4697
411F,46A1
4120,46AC
4121,46B7
4122,46C2
4123,46CF
4124,46DC
4125,46EB
4126,46FA
4127,4705
4128,470D
4129,4717
412A,4720
412B,472B
412C,4736
412D,4741
412E,474E
412F,475B
4130,4769
4131,4778
4132,4784
4133,478D
4134,4796
4135,479F
4136,47AA
4137,47B5
4138,47C0
4139,47CD
413A,47DA
413B,47E8
413C,47F7
413D,4803
413E,480C
413F,4815
4140,481E
4141,4829
4142,4834
4143,483F
4144,484C
4145,4859
4146,4867
4147,4876
4148,4883
4149,488B
414A,4894
414B,489E
414C,48A8
414D,48B3
414E,48BE
414F,48CA
4150,48D8
4151,48E5
4152,48F4
4153,4902
4154,490A
4155,4913
4156,491D
4157,4927
4158,4932
4159,493D
415A,4949
415B,4956
415C,4964
415D,4973
415E,4981
415F,4989
4160,4992
4161,499C
4162,49A6
4163,49B1
4164,49BC
4165,49C8
4166,49D5
4167,49E3
4168,49F2
4169,4A00
416A,4A09
416B,4A11
416C,4A1B
416D,4A25
416E,4A30
416F,4A3B
4170,4A47
4171,4A54
4172,4A62
4173,4A70
4174,4A80
4175,4A88
4176,4A91
4177,4A9A
4178,4AA4
4179,4AAF
417A,4ABA
417B,4AC6
417C,4AD3
417D,4AE0
417E,4AEF
417F,4AFE
4180,4B07
4181,4B19
4182,4B2E
4183,4B45
4184,4B5F
4185,4B7D
4186,4B8F
4187,4BA2
4188,4BB8
4189,4BD0
418A,4BEC
418B,4C06
418C,4C17
418D,4C2C
418E,4C43
418F,4C5D
4190,4C7A
4191,4C8D
4192,4CA0
4193,4CB6
4194,4CCE
4195,4CE9
4196,4D04
4197,4D16
4198,4D2A
4199,4D40
419A,4D5A
419B,4D77
419C,4D8C
419D,4D9F
419E,4DB4
419F,4DCC
41A0,4DE7
41A1,4E03
41A2,4E14
41A3,4E28
41A4,4E3E
41A5,4E58
41A6,4E74
41A7,4E8A
41A8,4E9D
41A9,4EB2
41AA,4EC9
41AB,4EE4
41AC,4F01
41AD,4F12
41AE,4F26
41AF,4F3C
41B0,4F55
41B1,4F72
41B2,4F89
41B3,4F9B
41B4,4FB0
41B5,4FC7
41B6,4FE2
41B7,5000
41B8,5011
41B9,5024
41BA,503A
41BB,5053
41BC,506F
41BD,5087
41BE,5099
41BF,50AE
41C0,50C5
41C1,50DF
41C2,50FD
41C3,510F
41C4,5122
41C5,5138
41C6,5150
41C7,516C
41C8,5186
41C9,5197
41CA,51AC
41CB,51C3
41CC,51DD
41CD,51FA
41CE,520D
41CF,5220
41D0,5236
41D1,524E
41D2,526A
41D3,5284
41D4,5296
41D5,52AA
41D6,52C0
41D7,52DA
41D8,52F7
41D9,530C
41DA,531F
41DB,5334
41DC,534C
41DD,5367
41DE,5383
41DF,5394
41E0,53A8
41E1,53BE
41E2,53D8
41E3,53F4
41E4,540A
41E5,541D
41E6,5432
41E7,5449
41E8,5464
41E9,5481
41EA,5492
41EB,54A6
41EC,54BC
41ED,54D5
41EE,54F2
41EF,5509
41F0,551B
41F1,5530
41F2,5547
41F3,5562
41F4,5580
41F5,5591
41F6,55A4
41F7,55BA
41F8,55D3
41F9,55EF
41FA,5607
41FB,5619
41FC,562E
41FD,5645
41FE,565F
41FF,567D
4200,568F
4201,56B8
4202,56EC
4203,5718
4204,5743
4205,577A
4206,57A0
4207,57CE
4208,5804
4209,582A
420A,585A
420B,588C
420C,58B4
420D,58E7
420E,5914
420F,593E
4210,5975
4211,599D
4212,59CA
4213,5A01
4214,5A26
4215,5A55
4216,5A89
4217,5AB0
4218,5AE2
4219,5B11
421A,5B3A
421B,5B6F
421C,5B99
421D,5BC5
421E,5BFD
421F,5C22
4220,5C51
4221,5C86
4222,5CAC
4223,5CDD
4224,5D0E
4225,5D36
4226,5D6A
4227,5D96
4228,5DC1
4229,5DF7
422A,5E1F
422B,5E4C
422C,5E83
422D,5EA8
422E,5ED8
422F,5F0A
4230,5F32
4231,5F65
4232,5F93
4233,5FBC
4234,5FF2
4235,601B
4236,6047
4237,6080
4238,60A4
4239,60D3
423A,6107
423B,612E
423C,615F
423D,618F
423E,61B8
423F,61EC
4240,6218
4241,6243
4242,627A
4243,62A1
4244,62CE
4245,6304
4246,632A
4247,635A
4248,638C
4249,63B4
424A,63E7
424B,6414
424C,643F
424D,6475
424E,649D
424F,64CA
4250,6501
4251,6526
4252,6556
4253,6589
4254,65B0
4255,65E2
4256,6611
4257,663A
4258,666F
4259,6699
425A,66C5
425B,66FD
425C,6722
425D,6751
425E,6786
425F,67AC
4260,67DD
4261,680E
4262,6836
4263,686A
4264,6896
4265,68C1
4266,68F8
4267,691F
4268,694C
4269,6983
426A,69A8
426B,69D8
426C,6A0B
426D,6A32
426E,6A65
426F,6A93
4270,6ABC
4271,6AF2
4272,6B1B
4273,6B47
4274,6B80
4275,6BA4
4276,6BD3
4277,6C07
4278,6C2E
4279,6C60
427A,6C8F
427B,6CB8
427C,6CED
427D,6D18
427E,6D43
427F,6D7B
4280,6DA1
4281,6E04
4282,6E5B
4283,6EB4
4284,6F14
4285,6F75
4286,6FCA
4287,7026
4288,7089
4289,70E2
428A,713A
428B,719A
428C,71FD
428D,7251
428E,72AC
428F,730E
4290,736A
4291,73C1
4292,741F
4293,7483
4294,74D8
4295,7532
4296,7593
4297,75F2
4298,7648
4299,76A4
429A,7708
429B,7760
429C,77B8
429D,7818
429E,787B
429F,78CF
42A0,792A
42A1,798C
42A2,79E8
42A3,7A3F
42A4,7A9D
42A5,7B01
42A6,7B56
42A7,7BB0
42A8,7C11
42A9,7C70
42AA,7CC5
42AB,7D23
42AC,7D86
42AD,7DDD
42AE,7E36
42AF,7E96
42B0,7EF8
42B1,7F4C
42B2,7F80
42B3,7F80
42B4,7F80
42B5,7F80
42B6,7F80
42B7,7F80
42B8,7F80
42B9,7F80
42BA,7F80
42BB,7F80
42BC,7F80
42BD,7F80
42BE,7F80
42BF,7F80
42C0,7F80
42C1,7F80
42C2,7F80
42C3,7F80
42C4,7F80
42C5,7F80
42C6,7F80
42C7,7F80
42C8,7F80
42C9,7F80
42CA,7F80
42CB,7F80
42CC,7F80
42CD,7F80
42CE,7F80
42CF,7F80
42D0,7F80
42D1,7F80
42D2,7F80
42D3,7F80
42D4,7F80
42D5,7F80
42D6,7F80
42D7,7F80
42D8,7F80
42D9,7F80
42DA,7F80
42DB,7F80
42DC,7F80
42DD,7F80
42DE,7F80
42DF,7F80
42E0,7F80
42E1,7F80
42E2,7F80
42E3,7F80
42E4,7F80
42E5,7F80
42E6,7F80
42E7,7F80
42E8,7F80
42E9,7F80
42EA,7F80
42EB,7F80
42EC,7F80
42ED,7F80
42EE,7F80
42EF,7F80
42F0,7F80
42F1,7F80
42F2,7F80
42F3,7F80
42F4,7F80
42F5,7F80
42F6,7F80
42F7,7F80
42F8,7F80
42F9,7F80
42FA,7F80
42FB,7F80
42FC,7F80
42FD,7F80
42FE,7F80
42FF,7F80
4300,7F80
4301,7F80
4302,7F80
4303,7F80
4304,7F80
4305,7F80
4306,7F80
4307,7F80
4308,7F80
4309,7F80
430A,7F80
430B,7F80
430C,7F80
430D,7F80
430E,7F80
430F,7F80
4310,7F80
4311,7F80
4312,7F80
4313,7F80
4314,7F80
4315,7F80
4316,7F80
4317,7F80
4318,7F80
4319,7F80
431A,7F80
431B,7F80
431C,7F80
431D,7F80
431E,7F80
431F,7F80
4320,7F80
4321,7F80
4322,7F80
4323,7F80
4324,7F80
4325,7F80
4326,7F80
4327,7F80
4328,7F80
4329,7F80
432A,7F80
432B,7F80
432C,7F80
432D,7F80
432E,7F80
432F,7F80
4330,7F80
4331,7F80
4332,7F80
4333,7F80
4334,7F80
4335,7F80
4336,7F80
4337,7F80
4338,7F80
4339,7F80
433A,7F80
433B,7F80
433C,7F80
433D,7F80
433E,7F80
433F,7F80
4340,7F80
4341,7F80
4342,7F80
4343,7F80
4344,7F80
4345,7F80
4346,7F80
4347,7F80
4348,7F80
4349,7F80
434A,7F80
434B,7F80
434C,7F80
434D,7F80
434E,7F80
434F,7F80
4350,7F80
4351,7F80
4352,7F80
4353,7F80
4354,7F80
4355,7F80
4356,7F80
4357,7F80
4358,7F80
4359,7F80
435A,7F80
435B,7F80
435C,7F80
435D,7F80
435E,7F80
435F,7F80
4360,7F80
4361,7F80
4362,7F80
4363,7F80
4364,7F80
4365,7F80
4366,7F80
4367,7F80
4368,7F80
4369,7F80
436A,7F80
436B,7F80
436C,7F80
436D,7F80
436E,7F80
436F,7F80
4370,7F80
4371,7F80
4372,7F80
4373,7F80
4374,7F80
4375,7F80
4376,7F80
4377,7F80
4378,7F80
4379,7F80
437A,7F80
437B,7F80
437C,7F80
437D,7F80
437E,7F80
437F,7F80
4380,7F80
4381,7F80
4382,7F80
4383,7F80
4384,7F80
4385,7F80
4386,7F80
4387,7F80
4388,7F80
4389,7F80
438A,7F80
438B,7F80
438C,7F80
438D,7F80
438E,7F80
438F,7F80
4390,7F80
4391,7F80
4392,7F80
4393,7F80
4394,7F80
4395,7F80
4396,7F80
4397,7F80
4398,7F80
4399,7F80
439A,7F80
439B,7F80
439C,7F80
439D,7F80
439E,7F80
439F,7F80
43A0,7F80
43A1,7F80
43A2,7F80
43A3,7F80
43A4,7F80
43A5,7F80
43A6,7F80
43A7,7F80
43A8,7F80
43A9,7F80
43AA,7F80
43AB,7F80
43AC,7F80
43AD,7F80
43AE,7F80
43AF,7F80
43B0,7F80
43B1,7F80
43B2,7F80
43B3,7F80
43B4,7F80
43B5,7F80
43B6,7F80
43B7,7F80
43B8,7F80
43B9,7F80
43BA,7F80
43BB,7F80
43BC,7F80
43BD,7F80
43BE,7F80
43BF,7F80
43C0,7F80
43C1,7F80
43C2,7F80
43C3,7F80
43C4,7F80
43C5,7F80
43C6,7F80
43C7,7F80
43C8,7F80
43C9,7F80
43CA,7F80
43CB,7F80
43CC,7F80
43CD,7F80
43CE,7F80
43CF,7F80
43D0,7F80
43D1,7F80
43D2,7F80
43D3,7F80
43D4,7F80
43D5,7F80
43D6,7F80
43D7,7F80
43D8,7F80
43D9,7F80
43DA,7F80
43DB,7F80
43DC,7F80
43DD,7F80
43DE,7F80
43DF,7F80
43E0,7F80
43E1,7F80
43E2,7F80
43E3,7F80
43E4,7F80
43E5,7F80
43E6,7F80
43E7,7F80
43E8,7F80
43E9,7F80
43EA,7F80
43EB,7F80
43EC,7F80
43ED,7F80
43EE,7F80
43EF,7F80
43F0,7F80
43F1,7F80
43F2,7F80
43F3,7F80
43F4,7F80
43F5,7F80
43F6,7F80
43F7,7F80
43F8,7F80
43F9,7F80
43FA,7F80
43FB,7F80
43FC,7F80
43FD,7F80
43FE,7F80
43FF,7F80
4400,7F80
4401,7F80
4402,7F80
4403,7F80
4404,7F80
4405,7F80
4406,7F80
4407,7F80
4408,7F80
4409,7F80
440A,7F80
440B,7F80
440C,7F80
440D,7F80
440E,7F80
440F,7F80
4410,7F80
4411,7F80
4412,7F80
4413,7F80
4414,7F80
4415,7F80
4416,7F80
4417,7F80
4418,7F80
4419,7F80
441A,7F80
441B,7F80
441C,7F80
441D,7F80
441E,7F80
441F,7F80
4420,7F80
4421,7F80
4422,7F80
4423,7F80
4424,7F80
4425,7F80
4426,7F80
4427,7F80
4428,7F80
4429,7F80
442A,7F80
442B,7F80
442C,7F80
442D,7F80
442E,7F80
442F,7F80
4430,7F80
4431,7F80
4432,7F80
4433,7F80
4434,7F80
4435,7F80
4436,7F80
4437,7F80
4438,7F80
4439,7F80
443A,7F80
443B,7F80
443C,7F80
443D,7F80
443E,7F80
443F,7F80
4440,7F80
4441,7F80
4442,7F80
4443,7F80
4444,7F80
4445,7F80
4446,7F80
4447,7F80
4448,7F80
4449,7F80
444A,7F80
444B,7F80
444C,7F80
444D,7F80
444E,7F80
444F,7F80
4450,7F80
4451,7F80
4452,7F80
4453,7F80
4454,7F80
4455,7F80
4456,7F80
4457,7F80
4458,7F80
4459,7F80
445A,7F80
445B,7F80
445C,7F80
445D,7F80
445E,7F80
445F,7F80
4460,7F80
4461,7F80
4462,7F80
4463,7F80
4464,7F80
4465,7F80
4466,7F80
4467,7F80
4468,7F80
4469,7F80
446A,7F80
446B,7F80
446C,7F80
446D,7F80
446E,7F80
446F,7F80
4470,7F80
4471,7F80
4472,7F80
4473,7F80
4474,7F80
4475,7F80
4476,7F80
4477,7F80
4478,7F80
4479,7F80
447A,7F80
447B,7F80
447C,7F80
447D,7F80
447E,7F80
447F,7F80
4480,7F80
4481,7F80
4482,7F80
4483,7F80
4484,7F80
4485,7F80
4486,7F80
4487,7F80
4488,7F80
4489,7F80
448A,7F80
448B,7F80
448C,7F80
448D,7F80
448E,7F80
448F,7F80
4490,7F80
4491,7F80
4492,7F80
4493,7F80
4494,7F80
4495,7F80
4496,7F80
4497,7F80
4498,7F80
4499,7F80
449A,7F80
449B,7F80
449C,7F80
449D,7F80
449E,7F80
449F,7F80
44A0,7F80
44A1,7F80
44A2,7F80
44A3,7F80
44A4,7F80
44A5,7F80
44A6,7F80
44A7,7F80
44A8,7F80
44A9,7F80
44AA,7F80
44AB,7F80
44AC,7F80
44AD,7F80
44AE,7F80
44AF,7F80
44B0,7F80
44B1,7F80
44B2,7F80
44B3,7F80
44B4,7F80
44B5,7F80
44B6,7F80
44B7,7F80
44B8,7F80
44B9,7F80
44BA,7F80
44BB,7F80
44BC,7F80
44BD,7F80
44BE,7F80
44BF,7F80
44C0,7F80
44C1,7F80
44C2,7F80
44C3,7F80
44C4,7F80
44C5,7F80
44C6,7F80
44C7,7F80
44C8,7F80
44C9,7F80
44CA,7F80
44CB,7F80
44CC,7F80
44CD,7F80
44CE,7F80
44CF,7F80
44D0,7F80
44D1,7F80
44D2,7F80
44D3,7F80
44D4,7F80
44D5,7F80
44D6,7F80
44D7,7F80
44D8,7F80
44D9,7F80
44DA,7F80
44DB,7F80
44DC,7F80
44DD,7F80
44DE,7F80
44DF,7F80
44E0,7F80
44E1,7F80
44E2,7F80
44E3,7F80
44E4,7F80
44E5,7F80
44E6,7F80
44E7,7F80
44E8,7F80
44E9,7F80
44EA,7F80
44EB,7F80
44EC,7F80
44ED,7F80
44EE,7F80
44EF,7F80
44F0,7F80
44F1,7F80
44F2,7F80
44F3,7F80
44F4,7F80
44F5,7F80
44F6,7F80
44F7,7F80
44F8,7F80
44F9,7F80
44FA,7F80
44FB,7F80
44FC,7F80
44FD,7F80
44FE,7F80
44FF,7F80
4500,7F80
4501,7F80
4502,7F80
4503,7F80
4504,7F80
4505,7F80
4506,7F80
4507,7F80
4508,7F80
4509,7F80
450A,7F80
450B,7F80
450C,7F80
450D,7F80
450E,7F80
450F,7F80
4510,7F80
4511,7F80
4512,7F80
4513,7F80
4514,7F80
4515,7F80
4516,7F80
4517,7F80
4518,7F80
4519,7F80
451A,7F80
451B,7F80
451C,7F80
451D,7F80
451E,7F80
451F,7F80
4520,7F80
4521,7F80
4522,7F80
4523,7F80
4524,7F80
4525,7F80
4526,7F80
4527,7F80
4528,7F80
4529,7F80
452A,7F80
452B,7F80
452C,7F80
452D,7F80
452E,7F80
452F,7F80
4530,7F80
4531,7F80
4532,7F80
4533,7F80
4534,7F80
4535,7F80
4536,7F80
4537,7F80
4538,7F80
4539,7F80
453A,7F80
453B,7F80
453C,7F80
453D,7F80
453E,7F80
453F,7F80
4540,7F80
4541,7F80
4542,7F80
4543,7F80
4544,7F80
4545,7F80
4546,7F80
4547,7F80
4548,7F80
4549,7F80
454A,7F80
454B,7F80
454C,7F80
454D,7F80
454E,7F80
454F,7F80
4550,7F80
4551,7F80
4552,7F80
4553,7F80
4554,7F80
4555,7F80
4556,7F80
4557,7F80
4558,7F80
4559,7F80
455A,7F80
455B,7F80
455C,7F80
455D,7F80
455E,7F80
455F,7F80
4560,7F80
4561,7F80
4562,7F80
4563,7F80
4564,7F80
4565,7F80
4566,7F80
4567,7F80
4568,7F80
4569,7F80
456A,7F80
456B,7F80
456C,7F80
456D,7F80
456E,7F80
456F,7F80
4570,7F80
4571,7F80
4572,7F80
4573,7F80
4574,7F80
4575,7F80
4576,7F80
4577,7F80
4578,7F80
4579,7F80
457A,7F80
457B,7F80
457C,7F80
457D,7F80
457E,7F80
457F,7F80
4580,7F80
4581,7F80
4582,7F80
4583,7F80
4584,7F80
4585,7F80
4586,7F80
4587,7F80
4588,7F80
4589,7F80
458A,7F80
458B,7F80
458C,7F80
458D,7F80
458E,7F80
458F,7F80
4590,7F80
4591,7F80
4592,7F80
4593,7F80
4594,7F80
4595,7F80
4596,7F80
4597,7F80
4598,7F80
4599,7F80
459A,7F80
459B,7F80
459C,7F80
459D,7F80
459E,7F80
459F,7F80
45A0,7F80
45A1,7F80
45A2,7F80
45A3,7F80
45A4,7F80
45A5,7F80
45A6,7F80
45A7,7F80
45A8,7F80
45A9,7F80
45AA,7F80
45AB,7F80
45AC,7F80
45AD,7F80
45AE,7F80
45AF,7F80
45B0,7F80
45B1,7F80
45B2,7F80
45B3,7F80
45B4,7F80
45B5,7F80
45B6,7F80
45B7,7F80
45B8,7F80
45B9,7F80
45BA,7F80
45BB,7F80
45BC,7F80
45BD,7F80
45BE,7F80
45BF,7F80
45C0,7F80
45C1,7F80
45C2,7F80
45C3,7F80
45C4,7F80
45C5,7F80
45C6,7F80
45C7,7F80
45C8,7F80
45C9,7F80
45CA,7F80
45CB,7F80
45CC,7F80
45CD,7F80
45CE,7F80
45CF,7F80
45D0,7F80
45D1,7F80
45D2,7F80
45D3,7F80
45D4,7F80
45D5,7F80
45D6,7F80
45D7,7F80
45D8,7F80
45D9,7F80
45DA,7F80
45DB,7F80
45DC,7F80
45DD,7F80
45DE,7F80
45DF,7F80
45E0,7F80
45E1,7F80
45E2,7F80
45E3,7F80
45E4,7F80
45E5,7F80
45E6,7F80
45E7,7F80
45E8,7F80
45E9,7F80
45EA,7F80
45EB,7F80
45EC,7F80
45ED,7F80
45EE,7F80
45EF,7F80
45F0,7F80
45F1,7F80
45F2,7F80
45F3,7F80
45F4,7F80
45F5,7F80
45F6,7F80
45F7,7F80
45F8,7F80
45F9,7F80
45FA,7F80
45FB,7F80
45FC,7F80
45FD,7F80
45FE,7F80
45FF,7F80
4600,7F80
4601,7F80
4602,7F80
4603,7F80
4604,7F80
4605,7F80
4606,7F80
4607,7F80
4608,7F80
4609,7F80
460A,7F80
460B,7F80
460C,7F80
460D,7F80
460E,7F80
460F,7F80
4610,7F80
4611,7F80
4612,7F80
4613,7F80
4614,7F80
4615,7F80
4616,7F80
4617,7F80
4618,7F80
4619,7F80
461A,7F80
461B,7F80
461C,7F80
461D,7F80
461E,7F80
461F,7F80
4620,7F80
4621,7F80
4622,7F80
4623,7F80
4624,7F80
4625,7F80
4626,7F80
4627,7F80
4628,7F80
4629,7F80
462A,7F80
462B,7F80
462C,7F80
462D,7F80
462E,7F80
462F,7F80
4630,7F80
4631,7F80
4632,7F80
4633,7F80
4634,7F80
4635,7F80
4636,7F80
4637,7F80
4638,7F80
4639,7F80
463A,7F80
463B,7F80
463C,7F80
463D,7F80
463E,7F80
463F,7F80
4640,7F80
4641,7F80
4642,7F80
4643,7F80
4644,7F80
4645,7F80
4646,7F80
4647,7F80
4648,7F80
4649,7F80
464A,7F80
464B,7F80
464C,7F80
464D,7F80
464E,7F80
464F,7F80
4650,7F80
4651,7F80
4652,7F80
4653,7F80
4654,7F80
4655,7F80
4656,7F80
4657,7F80
4658,7F80
4659,7F80
465A,7F80
465B,7F80
465C,7F80
465D,7F80
465E,7F80
465F,7F80
4660,7F80
4661,7F80
4662,7F80
4663,7F80
4664,7F80
4665,7F80
4666,7F80
4667,7F80
4668,7F80
4669,7F80
466A,7F80
466B,7F80
466C,7F80
466D,7F80
466E,7F80
466F,7F80
4670,7F80
4671,7F80
4672,7F80
4673,7F80
4674,7F80
4675,7F80
4676,7F80
4677,7F80
4678,7F80
4679,7F80
467A,7F80
467B,7F80
467C,7F80
467D,7F80
467E,7F80
467F,7F80
4680,7F80
4681,7F80
4682,7F80
4683,7F80
4684,7F80
4685,7F80
4686,7F80
4687,7F80
4688,7F80
4689,7F80
468A,7F80
468B,7F80
468C,7F80
468D,7F80
468E,7F80
468F,7F80
4690,7F80
4691,7F80
4692,7F80
4693,7F80
4694,7F80
4695,7F80
4696,7F80
4697,7F80
4698,7F80
4699,7F80
469A,7F80
469B,7F80
469C,7F80
469D,7F80
469E,7F80
469F,7F80
46A0,7F80
46A1,7F80
46A2,7F80
46A3,7F80
46A4,7F80
46A5,7F80
46A6,7F80
46A7,7F80
46A8,7F80
46A9,7F80
46AA,7F80
46AB,7F80
46AC,7F80
46AD,7F80
46AE,7F80
46AF,7F80
46B0,7F80
46B1,7F80
46B2,7F80
46B3,7F80
46B4,7F80
46B5,7F80
46B6,7F80
46B7,7F80
46B8,7F80
46B9,7F80
46BA,7F80
46BB,7F80
46BC,7F80
46BD,7F80
46BE,7F80
46BF,7F80
46C0,7F80
46C1,7F80
46C2,7F80
46C3,7F80
46C4,7F80
46C5,7F80
46C6,7F80
46C7,7F80
46C8,7F80
46C9,7F80
46CA,7F80
46CB,7F80
46CC,7F80
46CD,7F80
46CE,7F80
46CF,7F80
46D0,7F80
46D1,7F80
46D2,7F80
46D3,7F80
46D4,7F80
46D5,7F80
46D6,7F80
46D7,7F80
46D8,7F80
46D9,7F80
46DA,7F80
46DB,7F80
46DC,7F80
46DD,7F80
46DE,7F80
46DF,7F80
46E0,7F80
46E1,7F80
46E2,7F80
46E3,7F80
46E4,7F80
46E5,7F80
46E6,7F80
46E7,7F80
46E8,7F80
46E9,7F80
46EA,7F80
46EB,7F80
46EC,7F80
46ED,7F80
46EE,7F80
46EF,7F80
46F0,7F80
46F1,7F80
46F2,7F80
46F3,7F80
46F4,7F80
46F5,7F80
46F6,7F80
46F7,7F80
46F8,7F80
46F9,7F80
46FA,7F80
46FB,7F80
46FC,7F80
46FD,7F80
46FE,7F80
46FF,7F80
4700,7F80
4701,7F80
4702,7F80
4703,7F80
4704,7F80
4705,7F80
4706,7F80
4707,7F80
4708,7F80
4709,7F80
470A,7F80
470B,7F80
470C,7F80
470D,7F80
470E,7F80
470F,7F80
4710,7F80
4711,7F80
4712,7F80
4713,7F80
4714,7F80
4715,7F80
4716,7F80
4717,7F80
4718,7F80
4719,7F80
471A,7F80
471B,7F80
471C,7F80
471D,7F80
471E,7F80
471F,7F80
4720,7F80
4721,7F80
4722,7F80
4723,7F80
4724,7F80
4725,7F80
4726,7F80
4727,7F80
4728,7F80
4729,7F80
472A,7F80
472B,7F80
472C,7F80
472D,7F80
472E,7F80
472F,7F80
4730,7F80
4731,7F80
4732,7F80
4733,7F80
4734,7F80
4735,7F80
4736,7F80
4737,7F80
4738,7F80
4739,7F80
473A,7F80
473B,7F80
473C,7F80
473D,7F80
473E,7F80
473F,7F80
4740,7F80
4741,7F80
4742,7F80
4743,7F80
4744,7F80
4745,7F80
4746,7F80
4747,7F80
4748,7F80
4749,7F80
474A,7F80
474B,7F80
474C,7F80
474D,7F80
474E,7F80
474F,7F80
4750,7F80
4751,7F80
4752,7F80
4753,7F80
4754,7F80
4755,7F80
4756,7F80
4757,7F80
4758,7F80
4759,7F80
475A,7F80
475B,7F80
475C,7F80
475D,7F80
475E,7F80
475F,7F80
4760,7F80
4761,7F80
4762,7F80
4763,7F80
4764,7F80
4765,7F80
4766,7F80
4767,7F80
4768,7F80
4769,7F80
476A,7F80
476B,7F80
476C,7F80
476D,7F80
476E,7F80
476F,7F80
4770,7F80
4771,7F80
4772,7F80
4773,7F80
4774,7F80
4775,7F80
4776,7F80
4777,7F80
4778,7F80
4779,7F80
477A,7F80
477B,7F80
477C,7F80
477D,7F80
477E,7F80
477F,7F80
4780,7F80
4781,7F80
4782,7F80
4783,7F80
4784,7F80
4785,7F80
4786,7F80
4787,7F80
4788,7F80
4789,7F80
478A,7F80
478B,7F80
478C,7F80
478D,7F80
478E,7F80
478F,7F80
4790,7F80
4791,7F80
4792,7F80
4793,7F80
4794,7F80
4795,7F80
4796,7F80
4797,7F80
4798,7F80
4799,7F80
479A,7F80
479B,7F80
479C,7F80
479D,7F80
479E,7F80
479F,7F80
47A0,7F80
47A1,7F80
47A2,7F80
47A3,7F80
47A4,7F80
47A5,7F80
47A6,7F80
47A7,7F80
47A8,7F80
47A9,7F80
47AA,7F80
47AB,7F80
47AC,7F80
47AD,7F80
47AE,7F80
47AF,7F80
47B0,7F80
47B1,7F80
47B2,7F80
47B3,7F80
47B4,7F80
47B5,7F80
47B6,7F80
47B7,7F80
47B8,7F80
47B9,7F80
47BA,7F80
47BB,7F80
47BC,7F80
47BD,7F80
47BE,7F80
47BF,7F80
47C0,7F80
47C1,7F80
47C2,7F80
47C3,7F80
47C4,7F80
47C5,7F80
47C6,7F80
47C7,7F80
47C8,7F80
47C9,7F80
47CA,7F80
47CB,7F80
47CC,7F80
47CD,7F80
47CE,7F80
47CF,7F80
47D0,7F80
47D1,7F80
47D2,7F80
47D3,7F80
47D4,7F80
47D5,7F80
47D6,7F80
47D7,7F80
47D8,7F80
47D9,7F80
47DA,7F80
47DB,7F80
47DC,7F80
47DD,7F80
47DE,7F80
47DF,7F80
47E0,7F80
47E1,7F80
47E2,7F80
47E3,7F80
47E4,7F80
47E5,7F80
47E6,7F80
47E7,7F80
47E8,7F80
47E9,7F80
47EA,7F80
47EB,7F80
47EC,7F80
47ED,7F80
47EE,7F80
47EF,7F80
47F0,7F80
47F1,7F80
47F2,7F80
47F3,7F80
47F4,7F80
47F5,7F80
47F6,7F80
47F7,7F80
47F8,7F80
47F9,7F80
47FA,7F80
47FB,7F80
47FC,7F80
47FD,7F80
47FE,7F80
47FF,7F80
4800,7F80
4801,7F80
4802,7F80
4803,7F80
4804,7F80
4805,7F80
4806,7F80
4807,7F80
4808,7F80
4809,7F80
480A,7F80
480B,7F80
480C,7F80
480D,7F80
480E,7F80
480F,7F80
4810,7F80
4811,7F80
4812,7F80
4813,7F80
4814,7F80
4815,7F80
4816,7F80
4817,7F80
4818,7F80
4819,7F80
481A,7F80
481B,7F80
481C,7F80
481D,7F80
481E,7F80
481F,7F80
4820,7F80
4821,7F80
4822,7F80
4823,7F80
4824,7F80
4825,7F80
4826,7F80
4827,7F80
4828,7F80
4829,7F80
482A,7F80
482B,7F80
482C,7F80
482D,7F80
482E,7F80
482F,7F80
4830,7F80
4831,7F80
4832,7F80
4833,7F80
4834,7F80
4835,7F80
4836,7F80
4837,7F80
4838,7F80
4839,7F80
483A,7F80
483B,7F80
483C,7F80
483D,7F80
483E,7F80
483F,7F80
4840,7F80
4841,7F80
4842,7F80
4843,7F80
4844,7F80
4845,7F80
4846,7F80
4847,7F80
4848,7F80
4849,7F80
484A,7F80
484B,7F80
484C,7F80
484D,7F80
484E,7F80
484F,7F80
4850,7F80
4851,7F80
4852,7F80
4853,7F80
4854,7F80
4855,7F80
4856,7F80
4857,7F80
4858,7F80
4859,7F80
485A,7F80
485B,7F80
485C,7F80
485D,7F80
485E,7F80
485F,7F80
4860,7F80
4861,7F80
4862,7F80
4863,7F80
4864,7F80
4865,7F80
4866,7F80
4867,7F80
4868,7F80
4869,7F80
486A,7F80
486B,7F80
486C,7F80
486D,7F80
486E,7F80
486F,7F80
4870,7F80
4871,7F80
4872,7F80
4873,7F80
4874,7F80
4875,7F80
4876,7F80
4877,7F80
4878,7F80
4879,7F80
487A,7F80
487B,7F80
487C,7F80
487D,7F80
487E,7F80
487F,7F80
4880,7F80
4881,7F80
4882,7F80
4883,7F80
4884,7F80
4885,7F80
4886,7F80
4887,7F80
4888,7F80
4889,7F80
488A,7F80
488B,7F80
488C,7F80
488D,7F80
488E,7F80
488F,7F80
4890,7F80
4891,7F80
4892,7F80
4893,7F80
4894,7F80
4895,7F80
4896,7F80
4897,7F80
4898,7F80
4899,7F80
489A,7F80
489B,7F80
489C,7F80
489D,7F80
489E,7F80
489F,7F80
48A0,7F80
48A1,7F80
48A2,7F80
48A3,7F80
48A4,7F80
48A5,7F80
48A6,7F80
48A7,7F80
48A8,7F80
48A9,7F80
48AA,7F80
48AB,7F80
48AC,7F80
48AD,7F80
48AE,7F80
48AF,7F80
48B0,7F80
48B1,7F80
48B2,7F80
48B3,7F80
48B4,7F80
48B5,7F80
48B6,7F80
48B7,7F80
48B8,7F80
48B9,7F80
48BA,7F80
48BB,7F80
48BC,7F80
48BD,7F80
48BE,7F80
48BF,7F80
48C0,7F80
48C1,7F80
48C2,7F80
48C3,7F80
48C4,7F80
48C5,7F80
48C6,7F80
48C7,7F80
48C8,7F80
48C9,7F80
48CA,7F80
48CB,7F80
48CC,7F80
48CD,7F80
48CE,7F80
48CF,7F80
48D0,7F80
48D1,7F80
48D2,7F80
48D3,7F80
48D4,7F80
48D5,7F80
48D6,7F80
48D7,7F80
48D8,7F80
48D9,7F80
48DA,7F80
48DB,7F80
48DC,7F80
48DD,7F80
48DE,7F80
48DF,7F80
48E0,7F80
48E1,7F80
48E2,7F80
48E3,7F80
48E4,7F80
48E5,7F80
48E6,7F80
48E7,7F80
48E8,7F80
48E9,7F80
48EA,7F80
48EB,7F80
48EC,7F80
48ED,7F80
48EE,7F80
48EF,7F80
48F0,7F80
48F1,7F80
48F2,7F80
48F3,7F80
48F4,7F80
48F5,7F80
48F6,7F80
48F7,7F80
48F8,7F80
48F9,7F80
48FA,7F80
48FB,7F80
48FC,7F80
48FD,7F80
48FE,7F80
48FF,7F80
4900,7F80
4901,7F80
4902,7F80
4903,7F80
4904,7F80
4905,7F80
4906,7F80
4907,7F80
4908,7F80
4909,7F80
490A,7F80
490B,7F80
490C,7F80
490D,7F80
490E,7F80
490F,7F80
4910,7F80
4911,7F80
4912,7F80
4913,7F80
4914,7F80
4915,7F80
4916,7F80
4917,7F80
4918,7F80
4919,7F80
491A,7F80
491B,7F80
491C,7F80
491D,7F80
491E,7F80
491F,7F80
4920,7F80
4921,7F80
4922,7F80
4923,7F80
4924,7F80
4925,7F80
4926,7F80
4927,7F80
4928,7F80
4929,7F80
492A,7F80
492B,7F80
492C,7F80
492D,7F80
492E,7F80
492F,7F80
4930,7F80
4931,7F80
4932,7F80
4933,7F80
4934,7F80
4935,7F80
4936,7F80
4937,7F80
4938,7F80
4939,7F80
493A,7F80
493B,7F80
493C,7F80
493D,7F80
493E,7F80
493F,7F80
4940,7F80
4941,7F80
4942,7F80
4943,7F80
4944,7F80
4945,7F80
4946,7F80
4947,7F80
4948,7F80
4949,7F80
494A,7F80
494B,7F80
494C,7F80
494D,7F80
494E,7F80
494F,7F80
4950,7F80
4951,7F80
4952,7F80
4953,7F80
4954,7F80
4955,7F80
4956,7F80
4957,7F80
4958,7F80
4959,7F80
495A,7F80
495B,7F80
495C,7F80
495D,7F80
495E,7F80
495F,7F80
4960,7F80
4961,7F80
4962,7F80
4963,7F80
4964,7F80
4965,7F80
4966,7F80
4967,7F80
4968,7F80
4969,7F80
496A,7F80
496B,7F80
496C,7F80
496D,7F80
496E,7F80
496F,7F80
4970,7F80
4971,7F80
4972,7F80
4973,7F80
4974,7F80
4975,7F80
4976,7F80
4977,7F80
4978,7F80
4979,7F80
497A,7F80
497B,7F80
497C,7F80
497D,7F80
497E,7F80
497F,7F80
4980,7F80
4981,7F80
4982,7F80
4983,7F80
4984,7F80
4985,7F80
4986,7F80
4987,7F80
4988,7F80
4989,7F80
498A,7F80
498B,7F80
498C,7F80
498D,7F80
498E,7F80
498F,7F80
4990,7F80
4991,7F80
4992,7F80
4993,7F80
4994,7F80
4995,7F80
4996,7F80
4997,7F80
4998,7F80
4999,7F80
499A,7F80
499B,7F80
499C,7F80
499D,7F80
499E,7F80
499F,7F80
49A0,7F80
49A1,7F80
49A2,7F80
49A3,7F80
49A4,7F80
49A5,7F80
49A6,7F80
49A7,7F80
49A8,7F80
49A9,7F80
49AA,7F80
49AB,7F80
49AC,7F80
49AD,7F80
49AE,7F80
49AF,7F80
49B0,7F80
49B1,7F80
49B2,7F80
49B3,7F80
49B4,7F80
49B5,7F80
49B6,7F80
49B7,7F80
49B8,7F80
49B9,7F80
49BA,7F80
49BB,7F80
49BC,7F80
49BD,7F80
49BE,7F80
49BF,7F80
49C0,7F80
49C1,7F80
49C2,7F80
49C3,7F80
49C4,7F80
49C5,7F80
49C6,7F80
49C7,7F80
49C8,7F80
49C9,7F80
49CA,7F80
49CB,7F80
49CC,7F80
49CD,7F80
49CE,7F80
49CF,7F80
49D0,7F80
49D1,7F80
49D2,7F80
49D3,7F80
49D4,7F80
49D5,7F80
49D6,7F80
49D7,7F80
49D8,7F80
49D9,7F80
49DA,7F80
49DB,7F80
49DC,7F80
49DD,7F80
49DE,7F80
49DF,7F80
49E0,7F80
49E1,7F80
49E2,7F80
49E3,7F80
49E4,7F80
49E5,7F80
49E6,7F80
49E7,7F80
49E8,7F80
49E9,7F80
49EA,7F80
49EB,7F80
49EC,7F80
49ED,7F80
49EE,7F80
49EF,7F80
49F0,7F80
49F1,7F80
49F2,7F80
49F3,7F80
49F4,7F80
49F5,7F80
49F6,7F80
49F7,7F80
49F8,7F80
49F9,7F80
49FA,7F80
49FB,7F80
49FC,7F80
49FD,7F80
49FE,7F80
49FF,7F80
4A00,7F80
4A01,7F80
4A02,7F80
4A03,7F80
4A04,7F80
4A05,7F80
4A06,7F80
4A07,7F80
4A08,7F80
4A09,7F80
4A0A,7F80
4A0B,7F80
4A0C,7F80
4A0D,7F80
4A0E,7F80
4A0F,7F80
4A10,7F80
4A11,7F80
4A12,7F80
4A13,7F80
4A14,7F80
4A15,7F80
4A16,7F80
4A17,7F80
4A18,7F80
4A19,7F80
4A1A,7F80
4A1B,7F80
4A1C,7F80
4A1D,7F80
4A1E,7F80
4A1F,7F80
4A20,7F80
4A21,7F80
4A22,7F80
4A23,7F80
4A24,7F80
4A25,7F80
4A26,7F80
4A27,7F80
4A28,7F80
4A29,7F80
4A2A,7F80
4A2B,7F80
4A2C,7F80
4A2D,7F80
4A2E,7F80
4A2F,7F80
4A30,7F80
4A31,7F80
4A32,7F80
4A33,7F80
4A34,7F80
4A35,7F80
4A36,7F80
4A37,7F80
4A38,7F80
4A39,7F80
4A3A,7F80
4A3B,7F80
4A3C,7F80
4A3D,7F80
4A3E,7F80
4A3F,7F80
4A40,7F80
4A41,7F80
4A42,7F80
4A43,7F80
4A44,7F80
4A45,7F80
4A46,7F80
4A47,7F80
4A48,7F80
4A49,7F80
4A4A,7F80
4A4B,7F80
4A4C,7F80
4A4D,7F80
4A4E,7F80
4A4F,7F80
4A50,7F80
4A51,7F80
4A52,7F80
4A53,7F80
4A54,7F80
4A55,7F80
4A56,7F80
4A57,7F80
4A58,7F80
4A59,7F80
4A5A,7F80
4A5B,7F80
4A5C,7F80
4A5D,7F80
4A5E,7F80
4A5F,7F80
4A60,7F80
4A61,7F80
4A62,7F80
4A63,7F80
4A64,7F80
4A65,7F80
4A66,7F80
4A67,7F80
4A68,7F80
4A69,7F80
4A6A,7F80
4A6B,7F80
4A6C,7F80
4A6D,7F80
4A6E,7F80
4A6F,7F80
4A70,7F80
4A71,7F80
4A72,7F80
4A73,7F80
4A74,7F80
4A75,7F80
4A76,7F80
4A77,7F80
4A78,7F80
4A79,7F80
4A7A,7F80
4A7B,7F80
4A7C,7F80
4A7D,7F80
4A7E,7F80
4A7F,7F80
4A80,7F80
4A81,7F80
4A82,7F80
4A83,7F80
4A84,7F80
4A85,7F80
4A86,7F80
4A87,7F80
4A88,7F80
4A89,7F80
4A8A,7F80
4A8B,7F80
4A8C,7F80
4A8D,7F80
4A8E,7F80
4A8F,7F80
4A90,7F80
4A91,7F80
4A92,7F80
4A93,7F80
4A94,7F80
4A95,7F80
4A96,7F80
4A97,7F80
4A98,7F80
4A99,7F80
4A9A,7F80
4A9B,7F80
4A9C,7F80
4A9D,7F80
4A9E,7F80
4A9F,7F80
4AA0,7F80
4AA1,7F80
4AA2,7F80
4AA3,7F80
4AA4,7F80
4AA5,7F80
4AA6,7F80
4AA7,7F80
4AA8,7F80
4AA9,7F80
4AAA,7F80
4AAB,7F80
4AAC,7F80
4AAD,7F80
4AAE,7F80
4AAF,7F80
4AB0,7F80
4AB1,7F80
4AB2,7F80
4AB3,7F80
4AB4,7F80
4AB5,7F80
4AB6,7F80
4AB7,7F80
4AB8,7F80
4AB9,7F80
4ABA,7F80
4ABB,7F80
4ABC,7F80
4ABD,7F80
4ABE,7F80
4ABF,7F80
4AC0,7F80
4AC1,7F80
4AC2,7F80
4AC3,7F80
4AC4,7F80
4AC5,7F80
4AC6,7F80
4AC7,7F80
4AC8,7F80
4AC9,7F80
4ACA,7F80
4ACB,7F80
4ACC,7F80
4ACD,7F80
4ACE,7F80
4ACF,7F80
4AD0,7F80
4AD1,7F80
4AD2,7F80
4AD3,7F80
4AD4,7F80
4AD5,7F80
4AD6,7F80
4AD7,7F80
4AD8,7F80
4AD9,7F80
4ADA,7F80
4ADB,7F80
4ADC,7F80
4ADD,7F80
4ADE,7F80
4ADF,7F80
4AE0,7F80
4AE1,7F80
4AE2,7F80
4AE3,7F80
4AE4,7F80
4AE5,7F80
4AE6,7F80
4AE7,7F80
4AE8,7F80
4AE9,7F80
4AEA,7F80
4AEB,7F80
4AEC,7F80
4AED,7F80
4AEE,7F80
4AEF,7F80
4AF0,7F80
4AF1,7F80
4AF2,7F80
4AF3,7F80
4AF4,7F80
4AF5,7F80
4AF6,7F80
4AF7,7F80
4AF8,7F80
4AF9,7F80
4AFA,7F80
4AFB,7F80
4AFC,7F80
4AFD,7F80
4AFE,7F80
4AFF,7F80
4B00,7F80
4B01,7F80
4B02,7F80
4B03,7F80
4B04,7F80
4B05,7F80
4B06,7F80
4B07,7F80
4B08,7F80
4B09,7F80
4B0A,7F80
4B0B,7F80
4B0C,7F80
4B0D,7F80
4B0E,7F80
4B0F,7F80
4B10,7F80
4B11,7F80
4B12,7F80
4B13,7F80
4B14,7F80
4B15,7F80
4B16,7F80
4B17,7F80
4B18,7F80
4B19,7F80
4B1A,7F80
4B1B,7F80
4B1C,7F80
4B1D,7F80
4B1E,7F80
4B1F,7F80
4B20,7F80
4B21,7F80
4B22,7F80
4B23,7F80
4B24,7F80
4B25,7F80
4B26,7F80
4B27,7F80
4B28,7F80
4B29,7F80
4B2A,7F80
4B2B,7F80
4B2C,7F80
4B2D,7F80
4B2E,7F80
4B2F,7F80
4B30,7F80
4B31,7F80
4B32,7F80
4B33,7F80
4B34,7F80
4B35,7F80
4B36,7F80
4B37,7F80
4B38,7F80
4B39,7F80
4B3A,7F80
4B3B,7F80
4B3C,7F80
4B3D,7F80
4B3E,7F80
4B3F,7F80
4B40,7F80
4B41,7F80
4B42,7F80
4B43,7F80
4B44,7F80
4B45,7F80
4B46,7F80
4B47,7F80
4B48,7F80
4B49,7F80
4B4A,7F80
4B4B,7F80
4B4C,7F80
4B4D,7F80
4B4E,7F80
4B4F,7F80
4B50,7F80
4B51,7F80
4B52,7F80
4B53,7F80
4B54,7F80
4B55,7F80
4B56,7F80
4B57,7F80
4B58,7F80
4B59,7F80
4B5A,7F80
4B5B,7F80
4B5C,7F80
4B5D,7F80
4B5E,7F80
4B5F,7F80
4B60,7F80
4B61,7F80
4B62,7F80
4B63,7F80
4B64,7F80
4B65,7F80
4B66,7F80
4B67,7F80
4B68,7F80
4B69,7F80
4B6A,7F80
4B6B,7F80
4B6C,7F80
4B6D,7F80
4B6E,7F80
4B6F,7F80
4B70,7F80
4B71,7F80
4B72,7F80
4B73,7F80
4B74,7F80
4B75,7F80
4B76,7F80
4B77,7F80
4B78,7F80
4B79,7F80
4B7A,7F80
4B7B,7F80
4B7C,7F80
4B7D,7F80
4B7E,7F80
4B7F,7F80
4B80,7F80
4B81,7F80
4B82,7F80
4B83,7F80
4B84,7F80
4B85,7F80
4B86,7F80
4B87,7F80
4B88,7F80
4B89,7F80
4B8A,7F80
4B8B,7F80
4B8C,7F80
4B8D,7F80
4B8E,7F80
4B8F,7F80
4B90,7F80
4B91,7F80
4B92,7F80
4B93,7F80
4B94,7F80
4B95,7F80
4B96,7F80
4B97,7F80
4B98,7F80
4B99,7F80
4B9A,7F80
4B9B,7F80
4B9C,7F80
4B9D,7F80
4B9E,7F80
4B9F,7F80
4BA0,7F80
4BA1,7F80
4BA2,7F80
4BA3,7F80
4BA4,7F80
4BA5,7F80
4BA6,7F80
4BA7,7F80
4BA8,7F80
4BA9,7F80
4BAA,7F80
4BAB,7F80
4BAC,7F80
4BAD,7F80
4BAE,7F80
4BAF,7F80
4BB0,7F80
4BB1,7F80
4BB2,7F80
4BB3,7F80
4BB4,7F80
4BB5,7F80
4BB6,7F80
4BB7,7F80
4BB8,7F80
4BB9,7F80
4BBA,7F80
4BBB,7F80
4BBC,7F80
4BBD,7F80
4BBE,7F80
4BBF,7F80
4BC0,7F80
4BC1,7F80
4BC2,7F80
4BC3,7F80
4BC4,7F80
4BC5,7F80
4BC6,7F80
4BC7,7F80
4BC8,7F80
4BC9,7F80
4BCA,7F80
4BCB,7F80
4BCC,7F80
4BCD,7F80
4BCE,7F80
4BCF,7F80
4BD0,7F80
4BD1,7F80
4BD2,7F80
4BD3,7F80
4BD4,7F80
4BD5,7F80
4BD6,7F80
4BD7,7F80
4BD8,7F80
4BD9,7F80
4BDA,7F80
4BDB,7F80
4BDC,7F80
4BDD,7F80
4BDE,7F80
4BDF,7F80
4BE0,7F80
4BE1,7F80
4BE2,7F80
4BE3,7F80
4BE4,7F80
4BE5,7F80
4BE6,7F80
4BE7,7F80
4BE8,7F80
4BE9,7F80
4BEA,7F80
4BEB,7F80
4BEC,7F80
4BED,7F80
4BEE,7F80
4BEF,7F80
4BF0,7F80
4BF1,7F80
4BF2,7F80
4BF3,7F80
4BF4,7F80
4BF5,7F80
4BF6,7F80
4BF7,7F80
4BF8,7F80
4BF9,7F80
4BFA,7F80
4BFB,7F80
4BFC,7F80
4BFD,7F80
4BFE,7F80
4BFF,7F80
4C00,7F80
4C01,7F80
4C02,7F80
4C03,7F80
4C04,7F80
4C05,7F80
4C06,7F80
4C07,7F80
4C08,7F80
4C09,7F80
4C0A,7F80
4C0B,7F80
4C0C,7F80
4C0D,7F80
4C0E,7F80
4C0F,7F80
4C10,7F80
4C11,7F80
4C12,7F80
4C13,7F80
4C14,7F80
4C15,7F80
4C16,7F80
4C17,7F80
4C18,7F80
4C19,7F80
4C1A,7F80
4C1B,7F80
4C1C,7F80
4C1D,7F80
4C1E,7F80
4C1F,7F80
4C20,7F80
4C21,7F80
4C22,7F80
4C23,7F80
4C24,7F80
4C25,7F80
4C26,7F80
4C27,7F80
4C28,7F80
4C29,7F80
4C2A,7F80
4C2B,7F80
4C2C,7F80
4C2D,7F80
4C2E,7F80
4C2F,7F80
4C30,7F80
4C31,7F80
4C32,7F80
4C33,7F80
4C34,7F80
4C35,7F80
4C36,7F80
4C37,7F80
4C38,7F80
4C39,7F80
4C3A,7F80
4C3B,7F80
4C3C,7F80
4C3D,7F80
4C3E,7F80
4C3F,7F80
4C40,7F80
4C41,7F80
4C42,7F80
4C43,7F80
4C44,7F80
4C45,7F80
4C46,7F80
4C47,7F80
4C48,7F80
4C49,7F80
4C4A,7F80
4C4B,7F80
4C4C,7F80
4C4D,7F80
4C4E,7F80
4C4F,7F80
4C50,7F80
4C51,7F80
4C52,7F80
4C53,7F80
4C54,7F80
4C55,7F80
4C56,7F80
4C57,7F80
4C58,7F80
4C59,7F80
4C5A,7F80
4C5B,7F80
4C5C,7F80
4C5D,7F80
4C5E,7F80
4C5F,7F80
4C60,7F80
4C61,7F80
4C62,7F80
4C63,7F80
4C64,7F80
4C65,7F80
4C66,7F80
4C67,7F80
4C68,7F80
4C69,7F80
4C6A,7F80
4C6B,7F80
4C6C,7F80
4C6D,7F80
4C6E,7F80
4C6F,7F80
4C70,7F80
4C71,7F80
4C72,7F80
4C73,7F80
4C74,7F80
4C75,7F80
4C76,7F80
4C77,7F80
4C78,7F80
4C79,7F80
4C7A,7F80
4C7B,7F80
4C7C,7F80
4C7D,7F80
4C7E,7F80
4C7F,7F80
4C80,7F80
4C81,7F80
4C82,7F80
4C83,7F80
4C84,7F80
4C85,7F80
4C86,7F80
4C87,7F80
4C88,7F80
4C89,7F80
4C8A,7F80
4C8B,7F80
4C8C,7F80
4C8D,7F80
4C8E,7F80
4C8F,7F80
4C90,7F80
4C91,7F80
4C92,7F80
4C93,7F80
4C94,7F80
4C95,7F80
4C96,7F80
4C97,7F80
4C98,7F80
4C99,7F80
4C9A,7F80
4C9B,7F80
4C9C,7F80
4C9D,7F80
4C9E,7F80
4C9F,7F80
4CA0,7F80
4CA1,7F80
4CA2,7F80
4CA3,7F80
4CA4,7F80
4CA5,7F80
4CA6,7F80
4CA7,7F80
4CA8,7F80
4CA9,7F80
4CAA,7F80
4CAB,7F80
4CAC,7F80
4CAD,7F80
4CAE,7F80
4CAF,7F80
4CB0,7F80
4CB1,7F80
4CB2,7F80
4CB3,7F80
4CB4,7F80
4CB5,7F80
4CB6,7F80
4CB7,7F80
4CB8,7F80
4CB9,7F80
4CBA,7F80
4CBB,7F80
4CBC,7F80
4CBD,7F80
4CBE,7F80
4CBF,7F80
4CC0,7F80
4CC1,7F80
4CC2,7F80
4CC3,7F80
4CC4,7F80
4CC5,7F80
4CC6,7F80
4CC7,7F80
4CC8,7F80
4CC9,7F80
4CCA,7F80
4CCB,7F80
4CCC,7F80
4CCD,7F80
4CCE,7F80
4CCF,7F80
4CD0,7F80
4CD1,7F80
4CD2,7F80
4CD3,7F80
4CD4,7F80
4CD5,7F80
4CD6,7F80
4CD7,7F80
4CD8,7F80
4CD9,7F80
4CDA,7F80
4CDB,7F80
4CDC,7F80
4CDD,7F80
4CDE,7F80
4CDF,7F80
4CE0,7F80
4CE1,7F80
4CE2,7F80
4CE3,7F80
4CE4,7F80
4CE5,7F80
4CE6,7F80
4CE7,7F80
4CE8,7F80
4CE9,7F80
4CEA,7F80
4CEB,7F80
4CEC,7F80
4CED,7F80
4CEE,7F80
4CEF,7F80
4CF0,7F80
4CF1,7F80
4CF2,7F80
4CF3,7F80
4CF4,7F80
4CF5,7F80
4CF6,7F80
4CF7,7F80
4CF8,7F80
4CF9,7F80
4CFA,7F80
4CFB,7F80
4CFC,7F80
4CFD,7F80
4CFE,7F80
4CFF,7F80
4D00,7F80
4D01,7F80
4D02,7F80
4D03,7F80
4D04,7F80
4D05,7F80
4D06,7F80
4D07,7F80
4D08,7F80
4D09,7F80
4D0A,7F80
4D0B,7F80
4D0C,7F80
4D0D,7F80
4D0E,7F80
4D0F,7F80
4D10,7F80
4D11,7F80
4D12,7F80
4D13,7F80
4D14,7F80
4D15,7F80
4D16,7F80
4D17,7F80
4D18,7F80
4D19,7F80
4D1A,7F80
4D1B,7F80
4D1C,7F80
4D1D,7F80
4D1E,7F80
4D1F,7F80
4D20,7F80
4D21,7F80
4D22,7F80
4D23,7F80
4D24,7F80
4D25,7F80
4D26,7F80
4D27,7F80
4D28,7F80
4D29,7F80
4D2A,7F80
4D2B,7F80
4D2C,7F80
4D2D,7F80
4D2E,7F80
4D2F,7F80
4D30,7F80
4D31,7F80
4D32,7F80
4D33,7F80
4D34,7F80
4D35,7F80
4D36,7F80
4D37,7F80
4D38,7F80
4D39,7F80
4D3A,7F80
4D3B,7F80
4D3C,7F80
4D3D,7F80
4D3E,7F80
4D3F,7F80
4D40,7F80
4D41,7F80
4D42,7F80
4D43,7F80
4D44,7F80
4D45,7F80
4D46,7F80
4D47,7F80
4D48,7F80
4D49,7F80
4D4A,7F80
4D4B,7F80
4D4C,7F80
4D4D,7F80
4D4E,7F80
4D4F,7F80
4D50,7F80
4D51,7F80
4D52,7F80
4D53,7F80
4D54,7F80
4D55,7F80
4D56,7F80
4D57,7F80
4D58,7F80
4D59,7F80
4D5A,7F80
4D5B,7F80
4D5C,7F80
4D5D,7F80
4D5E,7F80
4D5F,7F80
4D60,7F80
4D61,7F80
4D62,7F80
4D63,7F80
4D64,7F80
4D65,7F80
4D66,7F80
4D67,7F80
4D68,7F80
4D69,7F80
4D6A,7F80
4D6B,7F80
4D6C,7F80
4D6D,7F80
4D6E,7F80
4D6F,7F80
4D70,7F80
4D71,7F80
4D72,7F80
4D73,7F80
4D74,7F80
4D75,7F80
4D76,7F80
4D77,7F80
4D78,7F80
4D79,7F80
4D7A,7F80
4D7B,7F80
4D7C,7F80
4D7D,7F80
4D7E,7F80
4D7F,7F80
4D80,7F80
4D81,7F80
4D82,7F80
4D83,7F80
4D84,7F80
4D85,7F80
4D86,7F80
4D87,7F80
4D88,7F80
4D89,7F80
4D8A,7F80
4D8B,7F80
4D8C,7F80
4D8D,7F80
4D8E,7F80
4D8F,7F80
4D90,7F80
4D91,7F80
4D92,7F80
4D93,7F80
4D94,7F80
4D95,7F80
4D96,7F80
4D97,7F80
4D98,7F80
4D99,7F80
4D9A,7F80
4D9B,7F80
4D9C,7F80
4D9D,7F80
4D9E,7F80
4D9F,7F80
4DA0,7F80
4DA1,7F80
4DA2,7F80
4DA3,7F80
4DA4,7F80
4DA5,7F80
4DA6,7F80
4DA7,7F80
4DA8,7F80
4DA9,7F80
4DAA,7F80
4DAB,7F80
4DAC,7F80
4DAD,7F80
4DAE,7F80
4DAF,7F80
4DB0,7F80
4DB1,7F80
4DB2,7F80
4DB3,7F80
4DB4,7F80
4DB5,7F80
4DB6,7F80
4DB7,7F80
4DB8,7F80
4DB9,7F80
4DBA,7F80
4DBB,7F80
4DBC,7F80
4DBD,7F80
4DBE,7F80
4DBF,7F80
4DC0,7F80
4DC1,7F80
4DC2,7F80
4DC3,7F80
4DC4,7F80
4DC5,7F80
4DC6,7F80
4DC7,7F80
4DC8,7F80
4DC9,7F80
4DCA,7F80
4DCB,7F80
4DCC,7F80
4DCD,7F80
4DCE,7F80
4DCF,7F80
4DD0,7F80
4DD1,7F80
4DD2,7F80
4DD3,7F80
4DD4,7F80
4DD5,7F80
4DD6,7F80
4DD7,7F80
4DD8,7F80
4DD9,7F80
4DDA,7F80
4DDB,7F80
4DDC,7F80
4DDD,7F80
4DDE,7F80
4DDF,7F80
4DE0,7F80
4DE1,7F80
4DE2,7F80
4DE3,7F80
4DE4,7F80
4DE5,7F80
4DE6,7F80
4DE7,7F80
4DE8,7F80
4DE9,7F80
4DEA,7F80
4DEB,7F80
4DEC,7F80
4DED,7F80
4DEE,7F80
4DEF,7F80
4DF0,7F80
4DF1,7F80
4DF2,7F80
4DF3,7F80
4DF4,7F80
4DF5,7F80
4DF6,7F80
4DF7,7F80
4DF8,7F80
4DF9,7F80
4DFA,7F80
4DFB,7F80
4DFC,7F80
4DFD,7F80
4DFE,7F80
4DFF,7F80
4E00,7F80
4E01,7F80
4E02,7F80
4E03,7F80
4E04,7F80
4E05,7F80
4E06,7F80
4E07,7F80
4E08,7F80
4E09,7F80
4E0A,7F80
4E0B,7F80
4E0C,7F80
4E0D,7F80
4E0E,7F80
4E0F,7F80
4E10,7F80
4E11,7F80
4E12,7F80
4E13,7F80
4E14,7F80
4E15,7F80
4E16,7F80
4E17,7F80
4E18,7F80
4E19,7F80
4E1A,7F80
4E1B,7F80
4E1C,7F80
4E1D,7F80
4E1E,7F80
4E1F,7F80
4E20,7F80
4E21,7F80
4E22,7F80
4E23,7F80
4E24,7F80
4E25,7F80
4E26,7F80
4E27,7F80
4E28,7F80
4E29,7F80
4E2A,7F80
4E2B,7F80
4E2C,7F80
4E2D,7F80
4E2E,7F80
4E2F,7F80
4E30,7F80
4E31,7F80
4E32,7F80
4E33,7F80
4E34,7F80
4E35,7F80
4E36,7F80
4E37,7F80
4E38,7F80
4E39,7F80
4E3A,7F80
4E3B,7F80
4E3C,7F80
4E3D,7F80
4E3E,7F80
4E3F,7F80
4E40,7F80
4E41,7F80
4E42,7F80
4E43,7F80
4E44,7F80
4E45,7F80
4E46,7F80
4E47,7F80
4E48,7F80
4E49,7F80
4E4A,7F80
4E4B,7F80
4E4C,7F80
4E4D,7F80
4E4E,7F80
4E4F,7F80
4E50,7F80
4E51,7F80
4E52,7F80
4E53,7F80
4E54,7F80
4E55,7F80
4E56,7F80
4E57,7F80
4E58,7F80
4E59,7F80
4E5A,7F80
4E5B,7F80
4E5C,7F80
4E5D,7F80
4E5E,7F80
4E5F,7F80
4E60,7F80
4E61,7F80
4E62,7F80
4E63,7F80
4E64,7F80
4E65,7F80
4E66,7F80
4E67,7F80
4E68,7F80
4E69,7F80
4E6A,7F80
4E6B,7F80
4E6C,7F80
4E6D,7F80
4E6E,7F80
4E6F,7F80
4E70,7F80
4E71,7F80
4E72,7F80
4E73,7F80
4E74,7F80
4E75,7F80
4E76,7F80
4E77,7F80
4E78,7F80
4E79,7F80
4E7A,7F80
4E7B,7F80
4E7C,7F80
4E7D,7F80
4E7E,7F80
4E7F,7F80
4E80,7F80
4E81,7F80
4E82,7F80
4E83,7F80
4E84,7F80
4E85,7F80
4E86,7F80
4E87,7F80
4E88,7F80
4E89,7F80
4E8A,7F80
4E8B,7F80
4E8C,7F80
4E8D,7F80
4E8E,7F80
4E8F,7F80
4E90,7F80
4E91,7F80
4E92,7F80
4E93,7F80
4E94,7F80
4E95,7F80
4E96,7F80
4E97,7F80
4E98,7F80
4E99,7F80
4E9A,7F80
4E9B,7F80
4E9C,7F80
4E9D,7F80
4E9E,7F80
4E9F,7F80
4EA0,7F80
4EA1,7F80
4EA2,7F80
4EA3,7F80
4EA4,7F80
4EA5,7F80
4EA6,7F80
4EA7,7F80
4EA8,7F80
4EA9,7F80
4EAA,7F80
4EAB,7F80
4EAC,7F80
4EAD,7F80
4EAE,7F80
4EAF,7F80
4EB0,7F80
4EB1,7F80
4EB2,7F80
4EB3,7F80
4EB4,7F80
4EB5,7F80
4EB6,7F80
4EB7,7F80
4EB8,7F80
4EB9,7F80
4EBA,7F80
4EBB,7F80
4EBC,7F80
4EBD,7F80
4EBE,7F80
4EBF,7F80
4EC0,7F80
4EC1,7F80
4EC2,7F80
4EC3,7F80
4EC4,7F80
4EC5,7F80
4EC6,7F80
4EC7,7F80
4EC8,7F80
4EC9,7F80
4ECA,7F80
4ECB,7F80
4ECC,7F80
4ECD,7F80
4ECE,7F80
4ECF,7F80
4ED0,7F80
4ED1,7F80
4ED2,7F80
4ED3,7F80
4ED4,7F80
4ED5,7F80
4ED6,7F80
4ED7,7F80
4ED8,7F80
4ED9,7F80
4EDA,7F80
4EDB,7F80
4EDC,7F80
4EDD,7F80
4EDE,7F80
4EDF,7F80
4EE0,7F80
4EE1,7F80
4EE2,7F80
4EE3,7F80
4EE4,7F80
4EE5,7F80
4EE6,7F80
4EE7,7F80
4EE8,7F80
4EE9,7F80
4EEA,7F80
4EEB,7F80
4EEC,7F80
4EED,7F80
4EEE,7F80
4EEF,7F80
4EF0,7F80
4EF1,7F80
4EF2,7F80
4EF3,7F80
4EF4,7F80
4EF5,7F80
4EF6,7F80
4EF7,7F80
4EF8,7F80
4EF9,7F80
4EFA,7F80
4EFB,7F80
4EFC,7F80
4EFD,7F80
4EFE,7F80
4EFF,7F80
4F00,7F80
4F01,7F80
4F02,7F80
4F03,7F80
4F04,7F80
4F05,7F80
4F06,7F80
4F07,7F80
4F08,7F80
4F09,7F80
4F0A,7F80
4F0B,7F80
4F0C,7F80
4F0D,7F80
4F0E,7F80
4F0F,7F80
4F10,7F80
4F11,7F80
4F12,7F80
4F13,7F80
4F14,7F80
4F15,7F80
4F16,7F80
4F17,7F80
4F18,7F80
4F19,7F80
4F1A,7F80
4F1B,7F80
4F1C,7F80
4F1D,7F80
4F1E,7F80
4F1F,7F80
4F20,7F80
4F21,7F80
4F22,7F80
4F23,7F80
4F24,7F80
4F25,7F80
4F26,7F80
4F27,7F80
4F28,7F80
4F29,7F80
4F2A,7F80
4F2B,7F80
4F2C,7F80
4F2D,7F80
4F2E,7F80
4F2F,7F80
4F30,7F80
4F31,7F80
4F32,7F80
4F33,7F80
4F34,7F80
4F35,7F80
4F36,7F80
4F37,7F80
4F38,7F80
4F39,7F80
4F3A,7F80
4F3B,7F80
4F3C,7F80
4F3D,7F80
4F3E,7F80
4F3F,7F80
4F40,7F80
4F41,7F80
4F42,7F80
4F43,7F80
4F44,7F80
4F45,7F80
4F46,7F80
4F47,7F80
4F48,7F80
4F49,7F80
4F4A,7F80
4F4B,7F80
4F4C,7F80
4F4D,7F80
4F4E,7F80
4F4F,7F80
4F50,7F80
4F51,7F80
4F52,7F80
4F53,7F80
4F54,7F80
4F55,7F80
4F56,7F80
4F57,7F80
4F58,7F80
4F59,7F80
4F5A,7F80
4F5B,7F80
4F5C,7F80
4F5D,7F80
4F5E,7F80
4F5F,7F80
4F60,7F80
4F61,7F80
4F62,7F80
4F63,7F80
4F64,7F80
4F65,7F80
4F66,7F80
4F67,7F80
4F68,7F80
4F69,7F80
4F6A,7F80
4F6B,7F80
4F6C,7F80
4F6D,7F80
4F6E,7F80
4F6F,7F80
4F70,7F80
4F71,7F80
4F72,7F80
4F73,7F80
4F74,7F80
4F75,7F80
4F76,7F80
4F77,7F80
4F78,7F80
4F79,7F80
4F7A,7F80
4F7B,7F80
4F7C,7F80
4F7D,7F80
4F7E,7F80
4F7F,7F80
4F80,7F80
4F81,7F80
4F82,7F80
4F83,7F80
4F84,7F80
4F85,7F80
4F86,7F80
4F87,7F80
4F88,7F80
4F89,7F80
4F8A,7F80
4F8B,7F80
4F8C,7F80
4F8D,7F80
4F8E,7F80
4F8F,7F80
4F90,7F80
4F91,7F80
4F92,7F80
4F93,7F80
4F94,7F80
4F95,7F80
4F96,7F80
4F97,7F80
4F98,7F80
4F99,7F80
4F9A,7F80
4F9B,7F80
4F9C,7F80
4F9D,7F80
4F9E,7F80
4F9F,7F80
4FA0,7F80
4FA1,7F80
4FA2,7F80
4FA3,7F80
4FA4,7F80
4FA5,7F80
4FA6,7F80
4FA7,7F80
4FA8,7F80
4FA9,7F80
4FAA,7F80
4FAB,7F80
4FAC,7F80
4FAD,7F80
4FAE,7F80
4FAF,7F80
4FB0,7F80
4FB1,7F80
4FB2,7F80
4FB3,7F80
4FB4,7F80
4FB5,7F80
4FB6,7F80
4FB7,7F80
4FB8,7F80
4FB9,7F80
4FBA,7F80
4FBB,7F80
4FBC,7F80
4FBD,7F80
4FBE,7F80
4FBF,7F80
4FC0,7F80
4FC1,7F80
4FC2,7F80
4FC3,7F80
4FC4,7F80
4FC5,7F80
4FC6,7F80
4FC7,7F80
4FC8,7F80
4FC9,7F80
4FCA,7F80
4FCB,7F80
4FCC,7F80
4FCD,7F80
4FCE,7F80
4FCF,7F80
4FD0,7F80
4FD1,7F80
4FD2,7F80
4FD3,7F80
4FD4,7F80
4FD5,7F80
4FD6,7F80
4FD7,7F80
4FD8,7F80
4FD9,7F80
4FDA,7F80
4FDB,7F80
4FDC,7F80
4FDD,7F80
4FDE,7F80
4FDF,7F80
4FE0,7F80
4FE1,7F80
4FE2,7F80
4FE3,7F80
4FE4,7F80
4FE5,7F80
4FE6,7F80
4FE7,7F80
4FE8,7F80
4FE9,7F80
4FEA,7F80
4FEB,7F80
4FEC,7F80
4FED,7F80
4FEE,7F80
4FEF,7F80
4FF0,7F80
4FF1,7F80
4FF2,7F80
4FF3,7F80
4FF4,7F80
4FF5,7F80
4FF6,7F80
4FF7,7F80
4FF8,7F80
4FF9,7F80
4FFA,7F80
4FFB,7F80
4FFC,7F80
4FFD,7F80
4FFE,7F80
4FFF,7F80
5000,7F80
5001,7F80
5002,7F80
5003,7F80
5004,7F80
5005,7F80
5006,7F80
5007,7F80
5008,7F80
5009,7F80
500A,7F80
500B,7F80
500C,7F80
500D,7F80
500E,7F80
500F,7F80
5010,7F80
5011,7F80
5012,7F80
5013,7F80
5014,7F80
5015,7F80
5016,7F80
5017,7F80
5018,7F80
5019,7F80
501A,7F80
501B,7F80
501C,7F80
501D,7F80
501E,7F80
501F,7F80
5020,7F80
5021,7F80
5022,7F80
5023,7F80
5024,7F80
5025,7F80
5026,7F80
5027,7F80
5028,7F80
5029,7F80
502A,7F80
502B,7F80
502C,7F80
502D,7F80
502E,7F80
502F,7F80
5030,7F80
5031,7F80
5032,7F80
5033,7F80
5034,7F80
5035,7F80
5036,7F80
5037,7F80
5038,7F80
5039,7F80
503A,7F80
503B,7F80
503C,7F80
503D,7F80
503E,7F80
503F,7F80
5040,7F80
5041,7F80
5042,7F80
5043,7F80
5044,7F80
5045,7F80
5046,7F80
5047,7F80
5048,7F80
5049,7F80
504A,7F80
504B,7F80
504C,7F80
504D,7F80
504E,7F80
504F,7F80
5050,7F80
5051,7F80
5052,7F80
5053,7F80
5054,7F80
5055,7F80
5056,7F80
5057,7F80
5058,7F80
5059,7F80
505A,7F80
505B,7F80
505C,7F80
505D,7F80
505E,7F80
505F,7F80
5060,7F80
5061,7F80
5062,7F80
5063,7F80
5064,7F80
5065,7F80
5066,7F80
5067,7F80
5068,7F80
5069,7F80
506A,7F80
506B,7F80
506C,7F80
506D,7F80
506E,7F80
506F,7F80
5070,7F80
5071,7F80
5072,7F80
5073,7F80
5074,7F80
5075,7F80
5076,7F80
5077,7F80
5078,7F80
5079,7F80
507A,7F80
507B,7F80
507C,7F80
507D,7F80
507E,7F80
507F,7F80
5080,7F80
5081,7F80
5082,7F80
5083,7F80
5084,7F80
5085,7F80
5086,7F80
5087,7F80
5088,7F80
5089,7F80
508A,7F80
508B,7F80
508C,7F80
508D,7F80
508E,7F80
508F,7F80
5090,7F80
5091,7F80
5092,7F80
5093,7F80
5094,7F80
5095,7F80
5096,7F80
5097,7F80
5098,7F80
5099,7F80
509A,7F80
509B,7F80
509C,7F80
509D,7F80
509E,7F80
509F,7F80
50A0,7F80
50A1,7F80
50A2,7F80
50A3,7F80
50A4,7F80
50A5,7F80
50A6,7F80
50A7,7F80
50A8,7F80
50A9,7F80
50AA,7F80
50AB,7F80
50AC,7F80
50AD,7F80
50AE,7F80
50AF,7F80
50B0,7F80
50B1,7F80
50B2,7F80
50B3,7F80
50B4,7F80
50B5,7F80
50B6,7F80
50B7,7F80
50B8,7F80
50B9,7F80
50BA,7F80
50BB,7F80
50BC,7F80
50BD,7F80
50BE,7F80
50BF,7F80
50C0,7F80
50C1,7F80
50C2,7F80
50C3,7F80
50C4,7F80
50C5,7F80
50C6,7F80
50C7,7F80
50C8,7F80
50C9,7F80
50CA,7F80
50CB,7F80
50CC,7F80
50CD,7F80
50CE,7F80
50CF,7F80
50D0,7F80
50D1,7F80
50D2,7F80
50D3,7F80
50D4,7F80
50D5,7F80
50D6,7F80
50D7,7F80
50D8,7F80
50D9,7F80
50DA,7F80
50DB,7F80
50DC,7F80
50DD,7F80
50DE,7F80
50DF,7F80
50E0,7F80
50E1,7F80
50E2,7F80
50E3,7F80
50E4,7F80
50E5,7F80
50E6,7F80
50E7,7F80
50E8,7F80
50E9,7F80
50EA,7F80
50EB,7F80
50EC,7F80
50ED,7F80
50EE,7F80
50EF,7F80
50F0,7F80
50F1,7F80
50F2,7F80
50F3,7F80
50F4,7F80
50F5,7F80
50F6,7F80
50F7,7F80
50F8,7F80
50F9,7F80
50FA,7F80
50FB,7F80
50FC,7F80
50FD,7F80
50FE,7F80
50FF,7F80
5100,7F80
5101,7F80
5102,7F80
5103,7F80
5104,7F80
5105,7F80
5106,7F80
5107,7F80
5108,7F80
5109,7F80
510A,7F80
510B,7F80
510C,7F80
510D,7F80
510E,7F80
510F,7F80
5110,7F80
5111,7F80
5112,7F80
5113,7F80
5114,7F80
5115,7F80
5116,7F80
5117,7F80
5118,7F80
5119,7F80
511A,7F80
511B,7F80
511C,7F80
511D,7F80
511E,7F80
511F,7F80
5120,7F80
5121,7F80
5122,7F80
5123,7F80
5124,7F80
5125,7F80
5126,7F80
5127,7F80
5128,7F80
5129,7F80
512A,7F80
512B,7F80
512C,7F80
512D,7F80
512E,7F80
512F,7F80
5130,7F80
5131,7F80
5132,7F80
5133,7F80
5134,7F80
5135,7F80
5136,7F80
5137,7F80
5138,7F80
5139,7F80
513A,7F80
513B,7F80
513C,7F80
513D,7F80
513E,7F80
513F,7F80
5140,7F80
5141,7F80
5142,7F80
5143,7F80
5144,7F80
5145,7F80
5146,7F80
5147,7F80
5148,7F80
5149,7F80
514A,7F80
514B,7F80
514C,7F80
514D,7F80
514E,7F80
514F,7F80
5150,7F80
5151,7F80
5152,7F80
5153,7F80
5154,7F80
5155,7F80
5156,7F80
5157,7F80
5158,7F80
5159,7F80
515A,7F80
515B,7F80
515C,7F80
515D,7F80
515E,7F80
515F,7F80
5160,7F80
5161,7F80
5162,7F80
5163,7F80
5164,7F80
5165,7F80
5166,7F80
5167,7F80
5168,7F80
5169,7F80
516A,7F80
516B,7F80
516C,7F80
516D,7F80
516E,7F80
516F,7F80
5170,7F80
5171,7F80
5172,7F80
5173,7F80
5174,7F80
5175,7F80
5176,7F80
5177,7F80
5178,7F80
5179,7F80
517A,7F80
517B,7F80
517C,7F80
517D,7F80
517E,7F80
517F,7F80
5180,7F80
5181,7F80
5182,7F80
5183,7F80
5184,7F80
5185,7F80
5186,7F80
5187,7F80
5188,7F80
5189,7F80
518A,7F80
518B,7F80
518C,7F80
518D,7F80
518E,7F80
518F,7F80
5190,7F80
5191,7F80
5192,7F80
5193,7F80
5194,7F80
5195,7F80
5196,7F80
5197,7F80
5198,7F80
5199,7F80
519A,7F80
519B,7F80
519C,7F80
519D,7F80
519E,7F80
519F,7F80
51A0,7F80
51A1,7F80
51A2,7F80
51A3,7F80
51A4,7F80
51A5,7F80
51A6,7F80
51A7,7F80
51A8,7F80
51A9,7F80
51AA,7F80
51AB,7F80
51AC,7F80
51AD,7F80
51AE,7F80
51AF,7F80
51B0,7F80
51B1,7F80
51B2,7F80
51B3,7F80
51B4,7F80
51B5,7F80
51B6,7F80
51B7,7F80
51B8,7F80
51B9,7F80
51BA,7F80
51BB,7F80
51BC,7F80
51BD,7F80
51BE,7F80
51BF,7F80
51C0,7F80
51C1,7F80
51C2,7F80
51C3,7F80
51C4,7F80
51C5,7F80
51C6,7F80
51C7,7F80
51C8,7F80
51C9,7F80
51CA,7F80
51CB,7F80
51CC,7F80
51CD,7F80
51CE,7F80
51CF,7F80
51D0,7F80
51D1,7F80
51D2,7F80
51D3,7F80
51D4,7F80
51D5,7F80
51D6,7F80
51D7,7F80
51D8,7F80
51D9,7F80
51DA,7F80
51DB,7F80
51DC,7F80
51DD,7F80
51DE,7F80
51DF,7F80
51E0,7F80
51E1,7F80
51E2,7F80
51E3,7F80
51E4,7F80
51E5,7F80
51E6,7F80
51E7,7F80
51E8,7F80
51E9,7F80
51EA,7F80
51EB,7F80
51EC,7F80
51ED,7F80
51EE,7F80
51EF,7F80
51F0,7F80
51F1,7F80
51F2,7F80
51F3,7F80
51F4,7F80
51F5,7F80
51F6,7F80
51F7,7F80
51F8,7F80
51F9,7F80
51FA,7F80
51FB,7F80
51FC,7F80
51FD,7F80
51FE,7F80
51FF,7F80
5200,7F80
5201,7F80
5202,7F80
5203,7F80
5204,7F80
5205,7F80
5206,7F80
5207,7F80
5208,7F80
5209,7F80
520A,7F80
520B,7F80
520C,7F80
520D,7F80
520E,7F80
520F,7F80
5210,7F80
5211,7F80
5212,7F80
5213,7F80
5214,7F80
5215,7F80
5216,7F80
5217,7F80
5218,7F80
5219,7F80
521A,7F80
521B,7F80
521C,7F80
521D,7F80
521E,7F80
521F,7F80
5220,7F80
5221,7F80
5222,7F80
5223,7F80
5224,7F80
5225,7F80
5226,7F80
5227,7F80
5228,7F80
5229,7F80
522A,7F80
522B,7F80
522C,7F80
522D,7F80
522E,7F80
522F,7F80
5230,7F80
5231,7F80
5232,7F80
5233,7F80
5234,7F80
5235,7F80
5236,7F80
5237,7F80
5238,7F80
5239,7F80
523A,7F80
523B,7F80
523C,7F80
523D,7F80
523E,7F80
523F,7F80
5240,7F80
5241,7F80
5242,7F80
5243,7F80
5244,7F80
5245,7F80
5246,7F80
5247,7F80
5248,7F80
5249,7F80
524A,7F80
524B,7F80
524C,7F80
524D,7F80
524E,7F80
524F,7F80
5250,7F80
5251,7F80
5252,7F80
5253,7F80
5254,7F80
5255,7F80
5256,7F80
5257,7F80
5258,7F80
5259,7F80
525A,7F80
525B,7F80
525C,7F80
525D,7F80
525E,7F80
525F,7F80
5260,7F80
5261,7F80
5262,7F80
5263,7F80
5264,7F80
5265,7F80
5266,7F80
5267,7F80
5268,7F80
5269,7F80
526A,7F80
526B,7F80
526C,7F80
526D,7F80
526E,7F80
526F,7F80
5270,7F80
5271,7F80
5272,7F80
5273,7F80
5274,7F80
5275,7F80
5276,7F80
5277,7F80
5278,7F80
5279,7F80
527A,7F80
527B,7F80
527C,7F80
527D,7F80
527E,7F80
527F,7F80
5280,7F80
5281,7F80
5282,7F80
5283,7F80
5284,7F80
5285,7F80
5286,7F80
5287,7F80
5288,7F80
5289,7F80
528A,7F80
528B,7F80
528C,7F80
528D,7F80
528E,7F80
528F,7F80
5290,7F80
5291,7F80
5292,7F80
5293,7F80
5294,7F80
5295,7F80
5296,7F80
5297,7F80
5298,7F80
5299,7F80
529A,7F80
529B,7F80
529C,7F80
529D,7F80
529E,7F80
529F,7F80
52A0,7F80
52A1,7F80
52A2,7F80
52A3,7F80
52A4,7F80
52A5,7F80
52A6,7F80
52A7,7F80
52A8,7F80
52A9,7F80
52AA,7F80
52AB,7F80
52AC,7F80
52AD,7F80
52AE,7F80
52AF,7F80
52B0,7F80
52B1,7F80
52B2,7F80
52B3,7F80
52B4,7F80
52B5,7F80
52B6,7F80
52B7,7F80
52B8,7F80
52B9,7F80
52BA,7F80
52BB,7F80
52BC,7F80
52BD,7F80
52BE,7F80
52BF,7F80
52C0,7F80
52C1,7F80
52C2,7F80
52C3,7F80
52C4,7F80
52C5,7F80
52C6,7F80
52C7,7F80
52C8,7F80
52C9,7F80
52CA,7F80
52CB,7F80
52CC,7F80
52CD,7F80
52CE,7F80
52CF,7F80
52D0,7F80
52D1,7F80
52D2,7F80
52D3,7F80
52D4,7F80
52D5,7F80
52D6,7F80
52D7,7F80
52D8,7F80
52D9,7F80
52DA,7F80
52DB,7F80
52DC,7F80
52DD,7F80
52DE,7F80
52DF,7F80
52E0,7F80
52E1,7F80
52E2,7F80
52E3,7F80
52E4,7F80
52E5,7F80
52E6,7F80
52E7,7F80
52E8,7F80
52E9,7F80
52EA,7F80
52EB,7F80
52EC,7F80
52ED,7F80
52EE,7F80
52EF,7F80
52F0,7F80
52F1,7F80
52F2,7F80
52F3,7F80
52F4,7F80
52F5,7F80
52F6,7F80
52F7,7F80
52F8,7F80
52F9,7F80
52FA,7F80
52FB,7F80
52FC,7F80
52FD,7F80
52FE,7F80
52FF,7F80
5300,7F80
5301,7F80
5302,7F80
5303,7F80
5304,7F80
5305,7F80
5306,7F80
5307,7F80
5308,7F80
5309,7F80
530A,7F80
530B,7F80
530C,7F80
530D,7F80
530E,7F80
530F,7F80
5310,7F80
5311,7F80
5312,7F80
5313,7F80
5314,7F80
5315,7F80
5316,7F80
5317,7F80
5318,7F80
5319,7F80
531A,7F80
531B,7F80
531C,7F80
531D,7F80
531E,7F80
531F,7F80
5320,7F80
5321,7F80
5322,7F80
5323,7F80
5324,7F80
5325,7F80
5326,7F80
5327,7F80
5328,7F80
5329,7F80
532A,7F80
532B,7F80
532C,7F80
532D,7F80
532E,7F80
532F,7F80
5330,7F80
5331,7F80
5332,7F80
5333,7F80
5334,7F80
5335,7F80
5336,7F80
5337,7F80
5338,7F80
5339,7F80
533A,7F80
533B,7F80
533C,7F80
533D,7F80
533E,7F80
533F,7F80
5340,7F80
5341,7F80
5342,7F80
5343,7F80
5344,7F80
5345,7F80
5346,7F80
5347,7F80
5348,7F80
5349,7F80
534A,7F80
534B,7F80
534C,7F80
534D,7F80
534E,7F80
534F,7F80
5350,7F80
5351,7F80
5352,7F80
5353,7F80
5354,7F80
5355,7F80
5356,7F80
5357,7F80
5358,7F80
5359,7F80
535A,7F80
535B,7F80
535C,7F80
535D,7F80
535E,7F80
535F,7F80
5360,7F80
5361,7F80
5362,7F80
5363,7F80
5364,7F80
5365,7F80
5366,7F80
5367,7F80
5368,7F80
5369,7F80
536A,7F80
536B,7F80
536C,7F80
536D,7F80
536E,7F80
536F,7F80
5370,7F80
5371,7F80
5372,7F80
5373,7F80
5374,7F80
5375,7F80
5376,7F80
5377,7F80
5378,7F80
5379,7F80
537A,7F80
537B,7F80
537C,7F80
537D,7F80
537E,7F80
537F,7F80
5380,7F80
5381,7F80
5382,7F80
5383,7F80
5384,7F80
5385,7F80
5386,7F80
5387,7F80
5388,7F80
5389,7F80
538A,7F80
538B,7F80
538C,7F80
538D,7F80
538E,7F80
538F,7F80
5390,7F80
5391,7F80
5392,7F80
5393,7F80
5394,7F80
5395,7F80
5396,7F80
5397,7F80
5398,7F80
5399,7F80
539A,7F80
539B,7F80
539C,7F80
539D,7F80
539E,7F80
539F,7F80
53A0,7F80
53A1,7F80
53A2,7F80
53A3,7F80
53A4,7F80
53A5,7F80
53A6,7F80
53A7,7F80
53A8,7F80
53A9,7F80
53AA,7F80
53AB,7F80
53AC,7F80
53AD,7F80
53AE,7F80
53AF,7F80
53B0,7F80
53B1,7F80
53B2,7F80
53B3,7F80
53B4,7F80
53B5,7F80
53B6,7F80
53B7,7F80
53B8,7F80
53B9,7F80
53BA,7F80
53BB,7F80
53BC,7F80
53BD,7F80
53BE,7F80
53BF,7F80
53C0,7F80
53C1,7F80
53C2,7F80
53C3,7F80
53C4,7F80
53C5,7F80
53C6,7F80
53C7,7F80
53C8,7F80
53C9,7F80
53CA,7F80
53CB,7F80
53CC,7F80
53CD,7F80
53CE,7F80
53CF,7F80
53D0,7F80
53D1,7F80
53D2,7F80
53D3,7F80
53D4,7F80
53D5,7F80
53D6,7F80
53D7,7F80
53D8,7F80
53D9,7F80
53DA,7F80
53DB,7F80
53DC,7F80
53DD,7F80
53DE,7F80
53DF,7F80
53E0,7F80
53E1,7F80
53E2,7F80
53E3,7F80
53E4,7F80
53E5,7F80
53E6,7F80
53E7,7F80
53E8,7F80
53E9,7F80
53EA,7F80
53EB,7F80
53EC,7F80
53ED,7F80
53EE,7F80
53EF,7F80
53F0,7F80
53F1,7F80
53F2,7F80
53F3,7F80
53F4,7F80
53F5,7F80
53F6,7F80
53F7,7F80
53F8,7F80
53F9,7F80
53FA,7F80
53FB,7F80
53FC,7F80
53FD,7F80
53FE,7F80
53FF,7F80
5400,7F80
5401,7F80
5402,7F80
5403,7F80
5404,7F80
5405,7F80
5406,7F80
5407,7F80
5408,7F80
5409,7F80
540A,7F80
540B,7F80
540C,7F80
540D,7F80
540E,7F80
540F,7F80
5410,7F80
5411,7F80
5412,7F80
5413,7F80
5414,7F80
5415,7F80
5416,7F80
5417,7F80
5418,7F80
5419,7F80
541A,7F80
541B,7F80
541C,7F80
541D,7F80
541E,7F80
541F,7F80
5420,7F80
5421,7F80
5422,7F80
5423,7F80
5424,7F80
5425,7F80
5426,7F80
5427,7F80
5428,7F80
5429,7F80
542A,7F80
542B,7F80
542C,7F80
542D,7F80
542E,7F80
542F,7F80
5430,7F80
5431,7F80
5432,7F80
5433,7F80
5434,7F80
5435,7F80
5436,7F80
5437,7F80
5438,7F80
5439,7F80
543A,7F80
543B,7F80
543C,7F80
543D,7F80
543E,7F80
543F,7F80
5440,7F80
5441,7F80
5442,7F80
5443,7F80
5444,7F80
5445,7F80
5446,7F80
5447,7F80
5448,7F80
5449,7F80
544A,7F80
544B,7F80
544C,7F80
544D,7F80
544E,7F80
544F,7F80
5450,7F80
5451,7F80
5452,7F80
5453,7F80
5454,7F80
5455,7F80
5456,7F80
5457,7F80
5458,7F80
5459,7F80
545A,7F80
545B,7F80
545C,7F80
545D,7F80
545E,7F80
545F,7F80
5460,7F80
5461,7F80
5462,7F80
5463,7F80
5464,7F80
5465,7F80
5466,7F80
5467,7F80
5468,7F80
5469,7F80
546A,7F80
546B,7F80
546C,7F80
546D,7F80
546E,7F80
546F,7F80
5470,7F80
5471,7F80
5472,7F80
5473,7F80
5474,7F80
5475,7F80
5476,7F80
5477,7F80
5478,7F80
5479,7F80
547A,7F80
547B,7F80
547C,7F80
547D,7F80
547E,7F80
547F,7F80
5480,7F80
5481,7F80
5482,7F80
5483,7F80
5484,7F80
5485,7F80
5486,7F80
5487,7F80
5488,7F80
5489,7F80
548A,7F80
548B,7F80
548C,7F80
548D,7F80
548E,7F80
548F,7F80
5490,7F80
5491,7F80
5492,7F80
5493,7F80
5494,7F80
5495,7F80
5496,7F80
5497,7F80
5498,7F80
5499,7F80
549A,7F80
549B,7F80
549C,7F80
549D,7F80
549E,7F80
549F,7F80
54A0,7F80
54A1,7F80
54A2,7F80
54A3,7F80
54A4,7F80
54A5,7F80
54A6,7F80
54A7,7F80
54A8,7F80
54A9,7F80
54AA,7F80
54AB,7F80
54AC,7F80
54AD,7F80
54AE,7F80
54AF,7F80
54B0,7F80
54B1,7F80
54B2,7F80
54B3,7F80
54B4,7F80
54B5,7F80
54B6,7F80
54B7,7F80
54B8,7F80
54B9,7F80
54BA,7F80
54BB,7F80
54BC,7F80
54BD,7F80
54BE,7F80
54BF,7F80
54C0,7F80
54C1,7F80
54C2,7F80
54C3,7F80
54C4,7F80
54C5,7F80
54C6,7F80
54C7,7F80
54C8,7F80
54C9,7F80
54CA,7F80
54CB,7F80
54CC,7F80
54CD,7F80
54CE,7F80
54CF,7F80
54D0,7F80
54D1,7F80
54D2,7F80
54D3,7F80
54D4,7F80
54D5,7F80
54D6,7F80
54D7,7F80
54D8,7F80
54D9,7F80
54DA,7F80
54DB,7F80
54DC,7F80
54DD,7F80
54DE,7F80
54DF,7F80
54E0,7F80
54E1,7F80
54E2,7F80
54E3,7F80
54E4,7F80
54E5,7F80
54E6,7F80
54E7,7F80
54E8,7F80
54E9,7F80
54EA,7F80
54EB,7F80
54EC,7F80
54ED,7F80
54EE,7F80
54EF,7F80
54F0,7F80
54F1,7F80
54F2,7F80
54F3,7F80
54F4,7F80
54F5,7F80
54F6,7F80
54F7,7F80
54F8,7F80
54F9,7F80
54FA,7F80
54FB,7F80
54FC,7F80
54FD,7F80
54FE,7F80
54FF,7F80
5500,7F80
5501,7F80
5502,7F80
5503,7F80
5504,7F80
5505,7F80
5506,7F80
5507,7F80
5508,7F80
5509,7F80
550A,7F80
550B,7F80
550C,7F80
550D,7F80
550E,7F80
550F,7F80
5510,7F80
5511,7F80
5512,7F80
5513,7F80
5514,7F80
5515,7F80
5516,7F80
5517,7F80
5518,7F80
5519,7F80
551A,7F80
551B,7F80
551C,7F80
551D,7F80
551E,7F80
551F,7F80
5520,7F80
5521,7F80
5522,7F80
5523,7F80
5524,7F80
5525,7F80
5526,7F80
5527,7F80
5528,7F80
5529,7F80
552A,7F80
552B,7F80
552C,7F80
552D,7F80
552E,7F80
552F,7F80
5530,7F80
5531,7F80
5532,7F80
5533,7F80
5534,7F80
5535,7F80
5536,7F80
5537,7F80
5538,7F80
5539,7F80
553A,7F80
553B,7F80
553C,7F80
553D,7F80
553E,7F80
553F,7F80
5540,7F80
5541,7F80
5542,7F80
5543,7F80
5544,7F80
5545,7F80
5546,7F80
5547,7F80
5548,7F80
5549,7F80
554A,7F80
554B,7F80
554C,7F80
554D,7F80
554E,7F80
554F,7F80
5550,7F80
5551,7F80
5552,7F80
5553,7F80
5554,7F80
5555,7F80
5556,7F80
5557,7F80
5558,7F80
5559,7F80
555A,7F80
555B,7F80
555C,7F80
555D,7F80
555E,7F80
555F,7F80
5560,7F80
5561,7F80
5562,7F80
5563,7F80
5564,7F80
5565,7F80
5566,7F80
5567,7F80
5568,7F80
5569,7F80
556A,7F80
556B,7F80
556C,7F80
556D,7F80
556E,7F80
556F,7F80
5570,7F80
5571,7F80
5572,7F80
5573,7F80
5574,7F80
5575,7F80
5576,7F80
5577,7F80
5578,7F80
5579,7F80
557A,7F80
557B,7F80
557C,7F80
557D,7F80
557E,7F80
557F,7F80
5580,7F80
5581,7F80
5582,7F80
5583,7F80
5584,7F80
5585,7F80
5586,7F80
5587,7F80
5588,7F80
5589,7F80
558A,7F80
558B,7F80
558C,7F80
558D,7F80
558E,7F80
558F,7F80
5590,7F80
5591,7F80
5592,7F80
5593,7F80
5594,7F80
5595,7F80
5596,7F80
5597,7F80
5598,7F80
5599,7F80
559A,7F80
559B,7F80
559C,7F80
559D,7F80
559E,7F80
559F,7F80
55A0,7F80
55A1,7F80
55A2,7F80
55A3,7F80
55A4,7F80
55A5,7F80
55A6,7F80
55A7,7F80
55A8,7F80
55A9,7F80
55AA,7F80
55AB,7F80
55AC,7F80
55AD,7F80
55AE,7F80
55AF,7F80
55B0,7F80
55B1,7F80
55B2,7F80
55B3,7F80
55B4,7F80
55B5,7F80
55B6,7F80
55B7,7F80
55B8,7F80
55B9,7F80
55BA,7F80
55BB,7F80
55BC,7F80
55BD,7F80
55BE,7F80
55BF,7F80
55C0,7F80
55C1,7F80
55C2,7F80
55C3,7F80
55C4,7F80
55C5,7F80
55C6,7F80
55C7,7F80
55C8,7F80
55C9,7F80
55CA,7F80
55CB,7F80
55CC,7F80
55CD,7F80
55CE,7F80
55CF,7F80
55D0,7F80
55D1,7F80
55D2,7F80
55D3,7F80
55D4,7F80
55D5,7F80
55D6,7F80
55D7,7F80
55D8,7F80
55D9,7F80
55DA,7F80
55DB,7F80
55DC,7F80
55DD,7F80
55DE,7F80
55DF,7F80
55E0,7F80
55E1,7F80
55E2,7F80
55E3,7F80
55E4,7F80
55E5,7F80
55E6,7F80
55E7,7F80
55E8,7F80
55E9,7F80
55EA,7F80
55EB,7F80
55EC,7F80
55ED,7F80
55EE,7F80
55EF,7F80
55F0,7F80
55F1,7F80
55F2,7F80
55F3,7F80
55F4,7F80
55F5,7F80
55F6,7F80
55F7,7F80
55F8,7F80
55F9,7F80
55FA,7F80
55FB,7F80
55FC,7F80
55FD,7F80
55FE,7F80
55FF,7F80
5600,7F80
5601,7F80
5602,7F80
5603,7F80
5604,7F80
5605,7F80
5606,7F80
5607,7F80
5608,7F80
5609,7F80
560A,7F80
560B,7F80
560C,7F80
560D,7F80
560E,7F80
560F,7F80
5610,7F80
5611,7F80
5612,7F80
5613,7F80
5614,7F80
5615,7F80
5616,7F80
5617,7F80
5618,7F80
5619,7F80
561A,7F80
561B,7F80
561C,7F80
561D,7F80
561E,7F80
561F,7F80
5620,7F80
5621,7F80
5622,7F80
5623,7F80
5624,7F80
5625,7F80
5626,7F80
5627,7F80
5628,7F80
5629,7F80
562A,7F80
562B,7F80
562C,7F80
562D,7F80
562E,7F80
562F,7F80
5630,7F80
5631,7F80
5632,7F80
5633,7F80
5634,7F80
5635,7F80
5636,7F80
5637,7F80
5638,7F80
5639,7F80
563A,7F80
563B,7F80
563C,7F80
563D,7F80
563E,7F80
563F,7F80
5640,7F80
5641,7F80
5642,7F80
5643,7F80
5644,7F80
5645,7F80
5646,7F80
5647,7F80
5648,7F80
5649,7F80
564A,7F80
564B,7F80
564C,7F80
564D,7F80
564E,7F80
564F,7F80
5650,7F80
5651,7F80
5652,7F80
5653,7F80
5654,7F80
5655,7F80
5656,7F80
5657,7F80
5658,7F80
5659,7F80
565A,7F80
565B,7F80
565C,7F80
565D,7F80
565E,7F80
565F,7F80
5660,7F80
5661,7F80
5662,7F80
5663,7F80
5664,7F80
5665,7F80
5666,7F80
5667,7F80
5668,7F80
5669,7F80
566A,7F80
566B,7F80
566C,7F80
566D,7F80
566E,7F80
566F,7F80
5670,7F80
5671,7F80
5672,7F80
5673,7F80
5674,7F80
5675,7F80
5676,7F80
5677,7F80
5678,7F80
5679,7F80
567A,7F80
567B,7F80
567C,7F80
567D,7F80
567E,7F80
567F,7F80
5680,7F80
5681,7F80
5682,7F80
5683,7F80
5684,7F80
5685,7F80
5686,7F80
5687,7F80
5688,7F80
5689,7F80
568A,7F80
568B,7F80
568C,7F80
568D,7F80
568E,7F80
568F,7F80
5690,7F80
5691,7F80
5692,7F80
5693,7F80
5694,7F80
5695,7F80
5696,7F80
5697,7F80
5698,7F80
5699,7F80
569A,7F80
569B,7F80
569C,7F80
569D,7F80
569E,7F80
569F,7F80
56A0,7F80
56A1,7F80
56A2,7F80
56A3,7F80
56A4,7F80
56A5,7F80
56A6,7F80
56A7,7F80
56A8,7F80
56A9,7F80
56AA,7F80
56AB,7F80
56AC,7F80
56AD,7F80
56AE,7F80
56AF,7F80
56B0,7F80
56B1,7F80
56B2,7F80
56B3,7F80
56B4,7F80
56B5,7F80
56B6,7F80
56B7,7F80
56B8,7F80
56B9,7F80
56BA,7F80
56BB,7F80
56BC,7F80
56BD,7F80
56BE,7F80
56BF,7F80
56C0,7F80
56C1,7F80
56C2,7F80
56C3,7F80
56C4,7F80
56C5,7F80
56C6,7F80
56C7,7F80
56C8,7F80
56C9,7F80
56CA,7F80
56CB,7F80
56CC,7F80
56CD,7F80
56CE,7F80
56CF,7F80
56D0,7F80
56D1,7F80
56D2,7F80
56D3,7F80
56D4,7F80
56D5,7F80
56D6,7F80
56D7,7F80
56D8,7F80
56D9,7F80
56DA,7F80
56DB,7F80
56DC,7F80
56DD,7F80
56DE,7F80
56DF,7F80
56E0,7F80
56E1,7F80
56E2,7F80
56E3,7F80
56E4,7F80
56E5,7F80
56E6,7F80
56E7,7F80
56E8,7F80
56E9,7F80
56EA,7F80
56EB,7F80
56EC,7F80
56ED,7F80
56EE,7F80
56EF,7F80
56F0,7F80
56F1,7F80
56F2,7F80
56F3,7F80
56F4,7F80
56F5,7F80
56F6,7F80
56F7,7F80
56F8,7F80
56F9,7F80
56FA,7F80
56FB,7F80
56FC,7F80
56FD,7F80
56FE,7F80
56FF,7F80
5700,7F80
5701,7F80
5702,7F80
5703,7F80
5704,7F80
5705,7F80
5706,7F80
5707,7F80
5708,7F80
5709,7F80
570A,7F80
570B,7F80
570C,7F80
570D,7F80
570E,7F80
570F,7F80
5710,7F80
5711,7F80
5712,7F80
5713,7F80
5714,7F80
5715,7F80
5716,7F80
5717,7F80
5718,7F80
5719,7F80
571A,7F80
571B,7F80
571C,7F80
571D,7F80
571E,7F80
571F,7F80
5720,7F80
5721,7F80
5722,7F80
5723,7F80
5724,7F80
5725,7F80
5726,7F80
5727,7F80
5728,7F80
5729,7F80
572A,7F80
572B,7F80
572C,7F80
572D,7F80
572E,7F80
572F,7F80
5730,7F80
5731,7F80
5732,7F80
5733,7F80
5734,7F80
5735,7F80
5736,7F80
5737,7F80
5738,7F80
5739,7F80
573A,7F80
573B,7F80
573C,7F80
573D,7F80
573E,7F80
573F,7F80
5740,7F80
5741,7F80
5742,7F80
5743,7F80
5744,7F80
5745,7F80
5746,7F80
5747,7F80
5748,7F80
5749,7F80
574A,7F80
574B,7F80
574C,7F80
574D,7F80
574E,7F80
574F,7F80
5750,7F80
5751,7F80
5752,7F80
5753,7F80
5754,7F80
5755,7F80
5756,7F80
5757,7F80
5758,7F80
5759,7F80
575A,7F80
575B,7F80
575C,7F80
575D,7F80
575E,7F80
575F,7F80
5760,7F80
5761,7F80
5762,7F80
5763,7F80
5764,7F80
5765,7F80
5766,7F80
5767,7F80
5768,7F80
5769,7F80
576A,7F80
576B,7F80
576C,7F80
576D,7F80
576E,7F80
576F,7F80
5770,7F80
5771,7F80
5772,7F80
5773,7F80
5774,7F80
5775,7F80
5776,7F80
5777,7F80
5778,7F80
5779,7F80
577A,7F80
577B,7F80
577C,7F80
577D,7F80
577E,7F80
577F,7F80
5780,7F80
5781,7F80
5782,7F80
5783,7F80
5784,7F80
5785,7F80
5786,7F80
5787,7F80
5788,7F80
5789,7F80
578A,7F80
578B,7F80
578C,7F80
578D,7F80
578E,7F80
578F,7F80
5790,7F80
5791,7F80
5792,7F80
5793,7F80
5794,7F80
5795,7F80
5796,7F80
5797,7F80
5798,7F80
5799,7F80
579A,7F80
579B,7F80
579C,7F80
579D,7F80
579E,7F80
579F,7F80
57A0,7F80
57A1,7F80
57A2,7F80
57A3,7F80
57A4,7F80
57A5,7F80
57A6,7F80
57A7,7F80
57A8,7F80
57A9,7F80
57AA,7F80
57AB,7F80
57AC,7F80
57AD,7F80
57AE,7F80
57AF,7F80
57B0,7F80
57B1,7F80
57B2,7F80
57B3,7F80
57B4,7F80
57B5,7F80
57B6,7F80
57B7,7F80
57B8,7F80
57B9,7F80
57BA,7F80
57BB,7F80
57BC,7F80
57BD,7F80
57BE,7F80
57BF,7F80
57C0,7F80
57C1,7F80
57C2,7F80
57C3,7F80
57C4,7F80
57C5,7F80
57C6,7F80
57C7,7F80
57C8,7F80
57C9,7F80
57CA,7F80
57CB,7F80
57CC,7F80
57CD,7F80
57CE,7F80
57CF,7F80
57D0,7F80
57D1,7F80
57D2,7F80
57D3,7F80
57D4,7F80
57D5,7F80
57D6,7F80
57D7,7F80
57D8,7F80
57D9,7F80
57DA,7F80
57DB,7F80
57DC,7F80
57DD,7F80
57DE,7F80
57DF,7F80
57E0,7F80
57E1,7F80
57E2,7F80
57E3,7F80
57E4,7F80
57E5,7F80
57E6,7F80
57E7,7F80
57E8,7F80
57E9,7F80
57EA,7F80
57EB,7F80
57EC,7F80
57ED,7F80
57EE,7F80
57EF,7F80
57F0,7F80
57F1,7F80
57F2,7F80
57F3,7F80
57F4,7F80
57F5,7F80
57F6,7F80
57F7,7F80
57F8,7F80
57F9,7F80
57FA,7F80
57FB,7F80
57FC,7F80
57FD,7F80
57FE,7F80
57FF,7F80
5800,7F80
5801,7F80
5802,7F80
5803,7F80
5804,7F80
5805,7F80
5806,7F80
5807,7F80
5808,7F80
5809,7F80
580A,7F80
580B,7F80
580C,7F80
580D,7F80
580E,7F80
580F,7F80
5810,7F80
5811,7F80
5812,7F80
5813,7F80
5814,7F80
5815,7F80
5816,7F80
5817,7F80
5818,7F80
5819,7F80
581A,7F80
581B,7F80
581C,7F80
581D,7F80
581E,7F80
581F,7F80
5820,7F80
5821,7F80
5822,7F80
5823,7F80
5824,7F80
5825,7F80
5826,7F80
5827,7F80
5828,7F80
5829,7F80
582A,7F80
582B,7F80
582C,7F80
582D,7F80
582E,7F80
582F,7F80
5830,7F80
5831,7F80
5832,7F80
5833,7F80
5834,7F80
5835,7F80
5836,7F80
5837,7F80
5838,7F80
5839,7F80
583A,7F80
583B,7F80
583C,7F80
583D,7F80
583E,7F80
583F,7F80
5840,7F80
5841,7F80
5842,7F80
5843,7F80
5844,7F80
5845,7F80
5846,7F80
5847,7F80
5848,7F80
5849,7F80
584A,7F80
584B,7F80
584C,7F80
584D,7F80
584E,7F80
584F,7F80
5850,7F80
5851,7F80
5852,7F80
5853,7F80
5854,7F80
5855,7F80
5856,7F80
5857,7F80
5858,7F80
5859,7F80
585A,7F80
585B,7F80
585C,7F80
585D,7F80
585E,7F80
585F,7F80
5860,7F80
5861,7F80
5862,7F80
5863,7F80
5864,7F80
5865,7F80
5866,7F80
5867,7F80
5868,7F80
5869,7F80
586A,7F80
586B,7F80
586C,7F80
586D,7F80
586E,7F80
586F,7F80
5870,7F80
5871,7F80
5872,7F80
5873,7F80
5874,7F80
5875,7F80
5876,7F80
5877,7F80
5878,7F80
5879,7F80
587A,7F80
587B,7F80
587C,7F80
587D,7F80
587E,7F80
587F,7F80
5880,7F80
5881,7F80
5882,7F80
5883,7F80
5884,7F80
5885,7F80
5886,7F80
5887,7F80
5888,7F80
5889,7F80
588A,7F80
588B,7F80
588C,7F80
588D,7F80
588E,7F80
588F,7F80
5890,7F80
5891,7F80
5892,7F80
5893,7F80
5894,7F80
5895,7F80
5896,7F80
5897,7F80
5898,7F80
5899,7F80
589A,7F80
589B,7F80
589C,7F80
589D,7F80
589E,7F80
589F,7F80
58A0,7F80
58A1,7F80
58A2,7F80
58A3,7F80
58A4,7F80
58A5,7F80
58A6,7F80
58A7,7F80
58A8,7F80
58A9,7F80
58AA,7F80
58AB,7F80
58AC,7F80
58AD,7F80
58AE,7F80
58AF,7F80
58B0,7F80
58B1,7F80
58B2,7F80
58B3,7F80
58B4,7F80
58B5,7F80
58B6,7F80
58B7,7F80
58B8,7F80
58B9,7F80
58BA,7F80
58BB,7F80
58BC,7F80
58BD,7F80
58BE,7F80
58BF,7F80
58C0,7F80
58C1,7F80
58C2,7F80
58C3,7F80
58C4,7F80
58C5,7F80
58C6,7F80
58C7,7F80
58C8,7F80
58C9,7F80
58CA,7F80
58CB,7F80
58CC,7F80
58CD,7F80
58CE,7F80
58CF,7F80
58D0,7F80
58D1,7F80
58D2,7F80
58D3,7F80
58D4,7F80
58D5,7F80
58D6,7F80
58D7,7F80
58D8,7F80
58D9,7F80
58DA,7F80
58DB,7F80
58DC,7F80
58DD,7F80
58DE,7F80
58DF,7F80
58E0,7F80
58E1,7F80
58E2,7F80
58E3,7F80
58E4,7F80
58E5,7F80
58E6,7F80
58E7,7F80
58E8,7F80
58E9,7F80
58EA,7F80
58EB,7F80
58EC,7F80
58ED,7F80
58EE,7F80
58EF,7F80
58F0,7F80
58F1,7F80
58F2,7F80
58F3,7F80
58F4,7F80
58F5,7F80
58F6,7F80
58F7,7F80
58F8,7F80
58F9,7F80
58FA,7F80
58FB,7F80
58FC,7F80
58FD,7F80
58FE,7F80
58FF,7F80
5900,7F80
5901,7F80
5902,7F80
5903,7F80
5904,7F80
5905,7F80
5906,7F80
5907,7F80
5908,7F80
5909,7F80
590A,7F80
590B,7F80
590C,7F80
590D,7F80
590E,7F80
590F,7F80
5910,7F80
5911,7F80
5912,7F80
5913,7F80
5914,7F80
5915,7F80
5916,7F80
5917,7F80
5918,7F80
5919,7F80
591A,7F80
591B,7F80
591C,7F80
591D,7F80
591E,7F80
591F,7F80
5920,7F80
5921,7F80
5922,7F80
5923,7F80
5924,7F80
5925,7F80
5926,7F80
5927,7F80
5928,7F80
5929,7F80
592A,7F80
592B,7F80
592C,7F80
592D,7F80
592E,7F80
592F,7F80
5930,7F80
5931,7F80
5932,7F80
5933,7F80
5934,7F80
5935,7F80
5936,7F80
5937,7F80
5938,7F80
5939,7F80
593A,7F80
593B,7F80
593C,7F80
593D,7F80
593E,7F80
593F,7F80
5940,7F80
5941,7F80
5942,7F80
5943,7F80
5944,7F80
5945,7F80
5946,7F80
5947,7F80
5948,7F80
5949,7F80
594A,7F80
594B,7F80
594C,7F80
594D,7F80
594E,7F80
594F,7F80
5950,7F80
5951,7F80
5952,7F80
5953,7F80
5954,7F80
5955,7F80
5956,7F80
5957,7F80
5958,7F80
5959,7F80
595A,7F80
595B,7F80
595C,7F80
595D,7F80
595E,7F80
595F,7F80
5960,7F80
5961,7F80
5962,7F80
5963,7F80
5964,7F80
5965,7F80
5966,7F80
5967,7F80
5968,7F80
5969,7F80
596A,7F80
596B,7F80
596C,7F80
596D,7F80
596E,7F80
596F,7F80
5970,7F80
5971,7F80
5972,7F80
5973,7F80
5974,7F80
5975,7F80
5976,7F80
5977,7F80
5978,7F80
5979,7F80
597A,7F80
597B,7F80
597C,7F80
597D,7F80
597E,7F80
597F,7F80
5980,7F80
5981,7F80
5982,7F80
5983,7F80
5984,7F80
5985,7F80
5986,7F80
5987,7F80
5988,7F80
5989,7F80
598A,7F80
598B,7F80
598C,7F80
598D,7F80
598E,7F80
598F,7F80
5990,7F80
5991,7F80
5992,7F80
5993,7F80
5994,7F80
5995,7F80
5996,7F80
5997,7F80
5998,7F80
5999,7F80
599A,7F80
599B,7F80
599C,7F80
599D,7F80
599E,7F80
599F,7F80
59A0,7F80
59A1,7F80
59A2,7F80
59A3,7F80
59A4,7F80
59A5,7F80
59A6,7F80
59A7,7F80
59A8,7F80
59A9,7F80
59AA,7F80
59AB,7F80
59AC,7F80
59AD,7F80
59AE,7F80
59AF,7F80
59B0,7F80
59B1,7F80
59B2,7F80
59B3,7F80
59B4,7F80
59B5,7F80
59B6,7F80
59B7,7F80
59B8,7F80
59B9,7F80
59BA,7F80
59BB,7F80
59BC,7F80
59BD,7F80
59BE,7F80
59BF,7F80
59C0,7F80
59C1,7F80
59C2,7F80
59C3,7F80
59C4,7F80
59C5,7F80
59C6,7F80
59C7,7F80
59C8,7F80
59C9,7F80
59CA,7F80
59CB,7F80
59CC,7F80
59CD,7F80
59CE,7F80
59CF,7F80
59D0,7F80
59D1,7F80
59D2,7F80
59D3,7F80
59D4,7F80
59D5,7F80
59D6,7F80
59D7,7F80
59D8,7F80
59D9,7F80
59DA,7F80
59DB,7F80
59DC,7F80
59DD,7F80
59DE,7F80
59DF,7F80
59E0,7F80
59E1,7F80
59E2,7F80
59E3,7F80
59E4,7F80
59E5,7F80
59E6,7F80
59E7,7F80
59E8,7F80
59E9,7F80
59EA,7F80
59EB,7F80
59EC,7F80
59ED,7F80
59EE,7F80
59EF,7F80
59F0,7F80
59F1,7F80
59F2,7F80
59F3,7F80
59F4,7F80
59F5,7F80
59F6,7F80
59F7,7F80
59F8,7F80
59F9,7F80
59FA,7F80
59FB,7F80
59FC,7F80
59FD,7F80
59FE,7F80
59FF,7F80
5A00,7F80
5A01,7F80
5A02,7F80
5A03,7F80
5A04,7F80
5A05,7F80
5A06,7F80
5A07,7F80
5A08,7F80
5A09,7F80
5A0A,7F80
5A0B,7F80
5A0C,7F80
5A0D,7F80
5A0E,7F80
5A0F,7F80
5A10,7F80
5A11,7F80
5A12,7F80
5A13,7F80
5A14,7F80
5A15,7F80
5A16,7F80
5A17,7F80
5A18,7F80
5A19,7F80
5A1A,7F80
5A1B,7F80
5A1C,7F80
5A1D,7F80
5A1E,7F80
5A1F,7F80
5A20,7F80
5A21,7F80
5A22,7F80
5A23,7F80
5A24,7F80
5A25,7F80
5A26,7F80
5A27,7F80
5A28,7F80
5A29,7F80
5A2A,7F80
5A2B,7F80
5A2C,7F80
5A2D,7F80
5A2E,7F80
5A2F,7F80
5A30,7F80
5A31,7F80
5A32,7F80
5A33,7F80
5A34,7F80
5A35,7F80
5A36,7F80
5A37,7F80
5A38,7F80
5A39,7F80
5A3A,7F80
5A3B,7F80
5A3C,7F80
5A3D,7F80
5A3E,7F80
5A3F,7F80
5A40,7F80
5A41,7F80
5A42,7F80
5A43,7F80
5A44,7F80
5A45,7F80
5A46,7F80
5A47,7F80
5A48,7F80
5A49,7F80
5A4A,7F80
5A4B,7F80
5A4C,7F80
5A4D,7F80
5A4E,7F80
5A4F,7F80
5A50,7F80
5A51,7F80
5A52,7F80
5A53,7F80
5A54,7F80
5A55,7F80
5A56,7F80
5A57,7F80
5A58,7F80
5A59,7F80
5A5A,7F80
5A5B,7F80
5A5C,7F80
5A5D,7F80
5A5E,7F80
5A5F,7F80
5A60,7F80
5A61,7F80
5A62,7F80
5A63,7F80
5A64,7F80
5A65,7F80
5A66,7F80
5A67,7F80
5A68,7F80
5A69,7F80
5A6A,7F80
5A6B,7F80
5A6C,7F80
5A6D,7F80
5A6E,7F80
5A6F,7F80
5A70,7F80
5A71,7F80
5A72,7F80
5A73,7F80
5A74,7F80
5A75,7F80
5A76,7F80
5A77,7F80
5A78,7F80
5A79,7F80
5A7A,7F80
5A7B,7F80
5A7C,7F80
5A7D,7F80
5A7E,7F80
5A7F,7F80
5A80,7F80
5A81,7F80
5A82,7F80
5A83,7F80
5A84,7F80
5A85,7F80
5A86,7F80
5A87,7F80
5A88,7F80
5A89,7F80
5A8A,7F80
5A8B,7F80
5A8C,7F80
5A8D,7F80
5A8E,7F80
5A8F,7F80
5A90,7F80
5A91,7F80
5A92,7F80
5A93,7F80
5A94,7F80
5A95,7F80
5A96,7F80
5A97,7F80
5A98,7F80
5A99,7F80
5A9A,7F80
5A9B,7F80
5A9C,7F80
5A9D,7F80
5A9E,7F80
5A9F,7F80
5AA0,7F80
5AA1,7F80
5AA2,7F80
5AA3,7F80
5AA4,7F80
5AA5,7F80
5AA6,7F80
5AA7,7F80
5AA8,7F80
5AA9,7F80
5AAA,7F80
5AAB,7F80
5AAC,7F80
5AAD,7F80
5AAE,7F80
5AAF,7F80
5AB0,7F80
5AB1,7F80
5AB2,7F80
5AB3,7F80
5AB4,7F80
5AB5,7F80
5AB6,7F80
5AB7,7F80
5AB8,7F80
5AB9,7F80
5ABA,7F80
5ABB,7F80
5ABC,7F80
5ABD,7F80
5ABE,7F80
5ABF,7F80
5AC0,7F80
5AC1,7F80
5AC2,7F80
5AC3,7F80
5AC4,7F80
5AC5,7F80
5AC6,7F80
5AC7,7F80
5AC8,7F80
5AC9,7F80
5ACA,7F80
5ACB,7F80
5ACC,7F80
5ACD,7F80
5ACE,7F80
5ACF,7F80
5AD0,7F80
5AD1,7F80
5AD2,7F80
5AD3,7F80
5AD4,7F80
5AD5,7F80
5AD6,7F80
5AD7,7F80
5AD8,7F80
5AD9,7F80
5ADA,7F80
5ADB,7F80
5ADC,7F80
5ADD,7F80
5ADE,7F80
5ADF,7F80
5AE0,7F80
5AE1,7F80
5AE2,7F80
5AE3,7F80
5AE4,7F80
5AE5,7F80
5AE6,7F80
5AE7,7F80
5AE8,7F80
5AE9,7F80
5AEA,7F80
5AEB,7F80
5AEC,7F80
5AED,7F80
5AEE,7F80
5AEF,7F80
5AF0,7F80
5AF1,7F80
5AF2,7F80
5AF3,7F80
5AF4,7F80
5AF5,7F80
5AF6,7F80
5AF7,7F80
5AF8,7F80
5AF9,7F80
5AFA,7F80
5AFB,7F80
5AFC,7F80
5AFD,7F80
5AFE,7F80
5AFF,7F80
5B00,7F80
5B01,7F80
5B02,7F80
5B03,7F80
5B04,7F80
5B05,7F80
5B06,7F80
5B07,7F80
5B08,7F80
5B09,7F80
5B0A,7F80
5B0B,7F80
5B0C,7F80
5B0D,7F80
5B0E,7F80
5B0F,7F80
5B10,7F80
5B11,7F80
5B12,7F80
5B13,7F80
5B14,7F80
5B15,7F80
5B16,7F80
5B17,7F80
5B18,7F80
5B19,7F80
5B1A,7F80
5B1B,7F80
5B1C,7F80
5B1D,7F80
5B1E,7F80
5B1F,7F80
5B20,7F80
5B21,7F80
5B22,7F80
5B23,7F80
5B24,7F80
5B25,7F80
5B26,7F80
5B27,7F80
5B28,7F80
5B29,7F80
5B2A,7F80
5B2B,7F80
5B2C,7F80
5B2D,7F80
5B2E,7F80
5B2F,7F80
5B30,7F80
5B31,7F80
5B32,7F80
5B33,7F80
5B34,7F80
5B35,7F80
5B36,7F80
5B37,7F80
5B38,7F80
5B39,7F80
5B3A,7F80
5B3B,7F80
5B3C,7F80
5B3D,7F80
5B3E,7F80
5B3F,7F80
5B40,7F80
5B41,7F80
5B42,7F80
5B43,7F80
5B44,7F80
5B45,7F80
5B46,7F80
5B47,7F80
5B48,7F80
5B49,7F80
5B4A,7F80
5B4B,7F80
5B4C,7F80
5B4D,7F80
5B4E,7F80
5B4F,7F80
5B50,7F80
5B51,7F80
5B52,7F80
5B53,7F80
5B54,7F80
5B55,7F80
5B56,7F80
5B57,7F80
5B58,7F80
5B59,7F80
5B5A,7F80
5B5B,7F80
5B5C,7F80
5B5D,7F80
5B5E,7F80
5B5F,7F80
5B60,7F80
5B61,7F80
5B62,7F80
5B63,7F80
5B64,7F80
5B65,7F80
5B66,7F80
5B67,7F80
5B68,7F80
5B69,7F80
5B6A,7F80
5B6B,7F80
5B6C,7F80
5B6D,7F80
5B6E,7F80
5B6F,7F80
5B70,7F80
5B71,7F80
5B72,7F80
5B73,7F80
5B74,7F80
5B75,7F80
5B76,7F80
5B77,7F80
5B78,7F80
5B79,7F80
5B7A,7F80
5B7B,7F80
5B7C,7F80
5B7D,7F80
5B7E,7F80
5B7F,7F80
5B80,7F80
5B81,7F80
5B82,7F80
5B83,7F80
5B84,7F80
5B85,7F80
5B86,7F80
5B87,7F80
5B88,7F80
5B89,7F80
5B8A,7F80
5B8B,7F80
5B8C,7F80
5B8D,7F80
5B8E,7F80
5B8F,7F80
5B90,7F80
5B91,7F80
5B92,7F80
5B93,7F80
5B94,7F80
5B95,7F80
5B96,7F80
5B97,7F80
5B98,7F80
5B99,7F80
5B9A,7F80
5B9B,7F80
5B9C,7F80
5B9D,7F80
5B9E,7F80
5B9F,7F80
5BA0,7F80
5BA1,7F80
5BA2,7F80
5BA3,7F80
5BA4,7F80
5BA5,7F80
5BA6,7F80
5BA7,7F80
5BA8,7F80
5BA9,7F80
5BAA,7F80
5BAB,7F80
5BAC,7F80
5BAD,7F80
5BAE,7F80
5BAF,7F80
5BB0,7F80
5BB1,7F80
5BB2,7F80
5BB3,7F80
5BB4,7F80
5BB5,7F80
5BB6,7F80
5BB7,7F80
5BB8,7F80
5BB9,7F80
5BBA,7F80
5BBB,7F80
5BBC,7F80
5BBD,7F80
5BBE,7F80
5BBF,7F80
5BC0,7F80
5BC1,7F80
5BC2,7F80
5BC3,7F80
5BC4,7F80
5BC5,7F80
5BC6,7F80
5BC7,7F80
5BC8,7F80
5BC9,7F80
5BCA,7F80
5BCB,7F80
5BCC,7F80
5BCD,7F80
5BCE,7F80
5BCF,7F80
5BD0,7F80
5BD1,7F80
5BD2,7F80
5BD3,7F80
5BD4,7F80
5BD5,7F80
5BD6,7F80
5BD7,7F80
5BD8,7F80
5BD9,7F80
5BDA,7F80
5BDB,7F80
5BDC,7F80
5BDD,7F80
5BDE,7F80
5BDF,7F80
5BE0,7F80
5BE1,7F80
5BE2,7F80
5BE3,7F80
5BE4,7F80
5BE5,7F80
5BE6,7F80
5BE7,7F80
5BE8,7F80
5BE9,7F80
5BEA,7F80
5BEB,7F80
5BEC,7F80
5BED,7F80
5BEE,7F80
5BEF,7F80
5BF0,7F80
5BF1,7F80
5BF2,7F80
5BF3,7F80
5BF4,7F80
5BF5,7F80
5BF6,7F80
5BF7,7F80
5BF8,7F80
5BF9,7F80
5BFA,7F80
5BFB,7F80
5BFC,7F80
5BFD,7F80
5BFE,7F80
5BFF,7F80
5C00,7F80
5C01,7F80
5C02,7F80
5C03,7F80
5C04,7F80
5C05,7F80
5C06,7F80
5C07,7F80
5C08,7F80
5C09,7F80
5C0A,7F80
5C0B,7F80
5C0C,7F80
5C0D,7F80
5C0E,7F80
5C0F,7F80
5C10,7F80
5C11,7F80
5C12,7F80
5C13,7F80
5C14,7F80
5C15,7F80
5C16,7F80
5C17,7F80
5C18,7F80
5C19,7F80
5C1A,7F80
5C1B,7F80
5C1C,7F80
5C1D,7F80
5C1E,7F80
5C1F,7F80
5C20,7F80
5C21,7F80
5C22,7F80
5C23,7F80
5C24,7F80
5C25,7F80
5C26,7F80
5C27,7F80
5C28,7F80
5C29,7F80
5C2A,7F80
5C2B,7F80
5C2C,7F80
5C2D,7F80
5C2E,7F80
5C2F,7F80
5C30,7F80
5C31,7F80
5C32,7F80
5C33,7F80
5C34,7F80
5C35,7F80
5C36,7F80
5C37,7F80
5C38,7F80
5C39,7F80
5C3A,7F80
5C3B,7F80
5C3C,7F80
5C3D,7F80
5C3E,7F80
5C3F,7F80
5C40,7F80
5C41,7F80
5C42,7F80
5C43,7F80
5C44,7F80
5C45,7F80
5C46,7F80
5C47,7F80
5C48,7F80
5C49,7F80
5C4A,7F80
5C4B,7F80
5C4C,7F80
5C4D,7F80
5C4E,7F80
5C4F,7F80
5C50,7F80
5C51,7F80
5C52,7F80
5C53,7F80
5C54,7F80
5C55,7F80
5C56,7F80
5C57,7F80
5C58,7F80
5C59,7F80
5C5A,7F80
5C5B,7F80
5C5C,7F80
5C5D,7F80
5C5E,7F80
5C5F,7F80
5C60,7F80
5C61,7F80
5C62,7F80
5C63,7F80
5C64,7F80
5C65,7F80
5C66,7F80
5C67,7F80
5C68,7F80
5C69,7F80
5C6A,7F80
5C6B,7F80
5C6C,7F80
5C6D,7F80
5C6E,7F80
5C6F,7F80
5C70,7F80
5C71,7F80
5C72,7F80
5C73,7F80
5C74,7F80
5C75,7F80
5C76,7F80
5C77,7F80
5C78,7F80
5C79,7F80
5C7A,7F80
5C7B,7F80
5C7C,7F80
5C7D,7F80
5C7E,7F80
5C7F,7F80
5C80,7F80
5C81,7F80
5C82,7F80
5C83,7F80
5C84,7F80
5C85,7F80
5C86,7F80
5C87,7F80
5C88,7F80
5C89,7F80
5C8A,7F80
5C8B,7F80
5C8C,7F80
5C8D,7F80
5C8E,7F80
5C8F,7F80
5C90,7F80
5C91,7F80
5C92,7F80
5C93,7F80
5C94,7F80
5C95,7F80
5C96,7F80
5C97,7F80
5C98,7F80
5C99,7F80
5C9A,7F80
5C9B,7F80
5C9C,7F80
5C9D,7F80
5C9E,7F80
5C9F,7F80
5CA0,7F80
5CA1,7F80
5CA2,7F80
5CA3,7F80
5CA4,7F80
5CA5,7F80
5CA6,7F80
5CA7,7F80
5CA8,7F80
5CA9,7F80
5CAA,7F80
5CAB,7F80
5CAC,7F80
5CAD,7F80
5CAE,7F80
5CAF,7F80
5CB0,7F80
5CB1,7F80
5CB2,7F80
5CB3,7F80
5CB4,7F80
5CB5,7F80
5CB6,7F80
5CB7,7F80
5CB8,7F80
5CB9,7F80
5CBA,7F80
5CBB,7F80
5CBC,7F80
5CBD,7F80
5CBE,7F80
5CBF,7F80
5CC0,7F80
5CC1,7F80
5CC2,7F80
5CC3,7F80
5CC4,7F80
5CC5,7F80
5CC6,7F80
5CC7,7F80
5CC8,7F80
5CC9,7F80
5CCA,7F80
5CCB,7F80
5CCC,7F80
5CCD,7F80
5CCE,7F80
5CCF,7F80
5CD0,7F80
5CD1,7F80
5CD2,7F80
5CD3,7F80
5CD4,7F80
5CD5,7F80
5CD6,7F80
5CD7,7F80
5CD8,7F80
5CD9,7F80
5CDA,7F80
5CDB,7F80
5CDC,7F80
5CDD,7F80
5CDE,7F80
5CDF,7F80
5CE0,7F80
5CE1,7F80
5CE2,7F80
5CE3,7F80
5CE4,7F80
5CE5,7F80
5CE6,7F80
5CE7,7F80
5CE8,7F80
5CE9,7F80
5CEA,7F80
5CEB,7F80
5CEC,7F80
5CED,7F80
5CEE,7F80
5CEF,7F80
5CF0,7F80
5CF1,7F80
5CF2,7F80
5CF3,7F80
5CF4,7F80
5CF5,7F80
5CF6,7F80
5CF7,7F80
5CF8,7F80
5CF9,7F80
5CFA,7F80
5CFB,7F80
5CFC,7F80
5CFD,7F80
5CFE,7F80
5CFF,7F80
5D00,7F80
5D01,7F80
5D02,7F80
5D03,7F80
5D04,7F80
5D05,7F80
5D06,7F80
5D07,7F80
5D08,7F80
5D09,7F80
5D0A,7F80
5D0B,7F80
5D0C,7F80
5D0D,7F80
5D0E,7F80
5D0F,7F80
5D10,7F80
5D11,7F80
5D12,7F80
5D13,7F80
5D14,7F80
5D15,7F80
5D16,7F80
5D17,7F80
5D18,7F80
5D19,7F80
5D1A,7F80
5D1B,7F80
5D1C,7F80
5D1D,7F80
5D1E,7F80
5D1F,7F80
5D20,7F80
5D21,7F80
5D22,7F80
5D23,7F80
5D24,7F80
5D25,7F80
5D26,7F80
5D27,7F80
5D28,7F80
5D29,7F80
5D2A,7F80
5D2B,7F80
5D2C,7F80
5D2D,7F80
5D2E,7F80
5D2F,7F80
5D30,7F80
5D31,7F80
5D32,7F80
5D33,7F80
5D34,7F80
5D35,7F80
5D36,7F80
5D37,7F80
5D38,7F80
5D39,7F80
5D3A,7F80
5D3B,7F80
5D3C,7F80
5D3D,7F80
5D3E,7F80
5D3F,7F80
5D40,7F80
5D41,7F80
5D42,7F80
5D43,7F80
5D44,7F80
5D45,7F80
5D46,7F80
5D47,7F80
5D48,7F80
5D49,7F80
5D4A,7F80
5D4B,7F80
5D4C,7F80
5D4D,7F80
5D4E,7F80
5D4F,7F80
5D50,7F80
5D51,7F80
5D52,7F80
5D53,7F80
5D54,7F80
5D55,7F80
5D56,7F80
5D57,7F80
5D58,7F80
5D59,7F80
5D5A,7F80
5D5B,7F80
5D5C,7F80
5D5D,7F80
5D5E,7F80
5D5F,7F80
5D60,7F80
5D61,7F80
5D62,7F80
5D63,7F80
5D64,7F80
5D65,7F80
5D66,7F80
5D67,7F80
5D68,7F80
5D69,7F80
5D6A,7F80
5D6B,7F80
5D6C,7F80
5D6D,7F80
5D6E,7F80
5D6F,7F80
5D70,7F80
5D71,7F80
5D72,7F80
5D73,7F80
5D74,7F80
5D75,7F80
5D76,7F80
5D77,7F80
5D78,7F80
5D79,7F80
5D7A,7F80
5D7B,7F80
5D7C,7F80
5D7D,7F80
5D7E,7F80
5D7F,7F80
5D80,7F80
5D81,7F80
5D82,7F80
5D83,7F80
5D84,7F80
5D85,7F80
5D86,7F80
5D87,7F80
5D88,7F80
5D89,7F80
5D8A,7F80
5D8B,7F80
5D8C,7F80
5D8D,7F80
5D8E,7F80
5D8F,7F80
5D90,7F80
5D91,7F80
5D92,7F80
5D93,7F80
5D94,7F80
5D95,7F80
5D96,7F80
5D97,7F80
5D98,7F80
5D99,7F80
5D9A,7F80
5D9B,7F80
5D9C,7F80
5D9D,7F80
5D9E,7F80
5D9F,7F80
5DA0,7F80
5DA1,7F80
5DA2,7F80
5DA3,7F80
5DA4,7F80
5DA5,7F80
5DA6,7F80
5DA7,7F80
5DA8,7F80
5DA9,7F80
5DAA,7F80
5DAB,7F80
5DAC,7F80
5DAD,7F80
5DAE,7F80
5DAF,7F80
5DB0,7F80
5DB1,7F80
5DB2,7F80
5DB3,7F80
5DB4,7F80
5DB5,7F80
5DB6,7F80
5DB7,7F80
5DB8,7F80
5DB9,7F80
5DBA,7F80
5DBB,7F80
5DBC,7F80
5DBD,7F80
5DBE,7F80
5DBF,7F80
5DC0,7F80
5DC1,7F80
5DC2,7F80
5DC3,7F80
5DC4,7F80
5DC5,7F80
5DC6,7F80
5DC7,7F80
5DC8,7F80
5DC9,7F80
5DCA,7F80
5DCB,7F80
5DCC,7F80
5DCD,7F80
5DCE,7F80
5DCF,7F80
5DD0,7F80
5DD1,7F80
5DD2,7F80
5DD3,7F80
5DD4,7F80
5DD5,7F80
5DD6,7F80
5DD7,7F80
5DD8,7F80
5DD9,7F80
5DDA,7F80
5DDB,7F80
5DDC,7F80
5DDD,7F80
5DDE,7F80
5DDF,7F80
5DE0,7F80
5DE1,7F80
5DE2,7F80
5DE3,7F80
5DE4,7F80
5DE5,7F80
5DE6,7F80
5DE7,7F80
5DE8,7F80
5DE9,7F80
5DEA,7F80
5DEB,7F80
5DEC,7F80
5DED,7F80
5DEE,7F80
5DEF,7F80
5DF0,7F80
5DF1,7F80
5DF2,7F80
5DF3,7F80
5DF4,7F80
5DF5,7F80
5DF6,7F80
5DF7,7F80
5DF8,7F80
5DF9,7F80
5DFA,7F80
5DFB,7F80
5DFC,7F80
5DFD,7F80
5DFE,7F80
5DFF,7F80
5E00,7F80
5E01,7F80
5E02,7F80
5E03,7F80
5E04,7F80
5E05,7F80
5E06,7F80
5E07,7F80
5E08,7F80
5E09,7F80
5E0A,7F80
5E0B,7F80
5E0C,7F80
5E0D,7F80
5E0E,7F80
5E0F,7F80
5E10,7F80
5E11,7F80
5E12,7F80
5E13,7F80
5E14,7F80
5E15,7F80
5E16,7F80
5E17,7F80
5E18,7F80
5E19,7F80
5E1A,7F80
5E1B,7F80
5E1C,7F80
5E1D,7F80
5E1E,7F80
5E1F,7F80
5E20,7F80
5E21,7F80
5E22,7F80
5E23,7F80
5E24,7F80
5E25,7F80
5E26,7F80
5E27,7F80
5E28,7F80
5E29,7F80
5E2A,7F80
5E2B,7F80
5E2C,7F80
5E2D,7F80
5E2E,7F80
5E2F,7F80
5E30,7F80
5E31,7F80
5E32,7F80
5E33,7F80
5E34,7F80
5E35,7F80
5E36,7F80
5E37,7F80
5E38,7F80
5E39,7F80
5E3A,7F80
5E3B,7F80
5E3C,7F80
5E3D,7F80
5E3E,7F80
5E3F,7F80
5E40,7F80
5E41,7F80
5E42,7F80
5E43,7F80
5E44,7F80
5E45,7F80
5E46,7F80
5E47,7F80
5E48,7F80
5E49,7F80
5E4A,7F80
5E4B,7F80
5E4C,7F80
5E4D,7F80
5E4E,7F80
5E4F,7F80
5E50,7F80
5E51,7F80
5E52,7F80
5E53,7F80
5E54,7F80
5E55,7F80
5E56,7F80
5E57,7F80
5E58,7F80
5E59,7F80
5E5A,7F80
5E5B,7F80
5E5C,7F80
5E5D,7F80
5E5E,7F80
5E5F,7F80
5E60,7F80
5E61,7F80
5E62,7F80
5E63,7F80
5E64,7F80
5E65,7F80
5E66,7F80
5E67,7F80
5E68,7F80
5E69,7F80
5E6A,7F80
5E6B,7F80
5E6C,7F80
5E6D,7F80
5E6E,7F80
5E6F,7F80
5E70,7F80
5E71,7F80
5E72,7F80
5E73,7F80
5E74,7F80
5E75,7F80
5E76,7F80
5E77,7F80
5E78,7F80
5E79,7F80
5E7A,7F80
5E7B,7F80
5E7C,7F80
5E7D,7F80
5E7E,7F80
5E7F,7F80
5E80,7F80
5E81,7F80
5E82,7F80
5E83,7F80
5E84,7F80
5E85,7F80
5E86,7F80
5E87,7F80
5E88,7F80
5E89,7F80
5E8A,7F80
5E8B,7F80
5E8C,7F80
5E8D,7F80
5E8E,7F80
5E8F,7F80
5E90,7F80
5E91,7F80
5E92,7F80
5E93,7F80
5E94,7F80
5E95,7F80
5E96,7F80
5E97,7F80
5E98,7F80
5E99,7F80
5E9A,7F80
5E9B,7F80
5E9C,7F80
5E9D,7F80
5E9E,7F80
5E9F,7F80
5EA0,7F80
5EA1,7F80
5EA2,7F80
5EA3,7F80
5EA4,7F80
5EA5,7F80
5EA6,7F80
5EA7,7F80
5EA8,7F80
5EA9,7F80
5EAA,7F80
5EAB,7F80
5EAC,7F80
5EAD,7F80
5EAE,7F80
5EAF,7F80
5EB0,7F80
5EB1,7F80
5EB2,7F80
5EB3,7F80
5EB4,7F80
5EB5,7F80
5EB6,7F80
5EB7,7F80
5EB8,7F80
5EB9,7F80
5EBA,7F80
5EBB,7F80
5EBC,7F80
5EBD,7F80
5EBE,7F80
5EBF,7F80
5EC0,7F80
5EC1,7F80
5EC2,7F80
5EC3,7F80
5EC4,7F80
5EC5,7F80
5EC6,7F80
5EC7,7F80
5EC8,7F80
5EC9,7F80
5ECA,7F80
5ECB,7F80
5ECC,7F80
5ECD,7F80
5ECE,7F80
5ECF,7F80
5ED0,7F80
5ED1,7F80
5ED2,7F80
5ED3,7F80
5ED4,7F80
5ED5,7F80
5ED6,7F80
5ED7,7F80
5ED8,7F80
5ED9,7F80
5EDA,7F80
5EDB,7F80
5EDC,7F80
5EDD,7F80
5EDE,7F80
5EDF,7F80
5EE0,7F80
5EE1,7F80
5EE2,7F80
5EE3,7F80
5EE4,7F80
5EE5,7F80
5EE6,7F80
5EE7,7F80
5EE8,7F80
5EE9,7F80
5EEA,7F80
5EEB,7F80
5EEC,7F80
5EED,7F80
5EEE,7F80
5EEF,7F80
5EF0,7F80
5EF1,7F80
5EF2,7F80
5EF3,7F80
5EF4,7F80
5EF5,7F80
5EF6,7F80
5EF7,7F80
5EF8,7F80
5EF9,7F80
5EFA,7F80
5EFB,7F80
5EFC,7F80
5EFD,7F80
5EFE,7F80
5EFF,7F80
5F00,7F80
5F01,7F80
5F02,7F80
5F03,7F80
5F04,7F80
5F05,7F80
5F06,7F80
5F07,7F80
5F08,7F80
5F09,7F80
5F0A,7F80
5F0B,7F80
5F0C,7F80
5F0D,7F80
5F0E,7F80
5F0F,7F80
5F10,7F80
5F11,7F80
5F12,7F80
5F13,7F80
5F14,7F80
5F15,7F80
5F16,7F80
5F17,7F80
5F18,7F80
5F19,7F80
5F1A,7F80
5F1B,7F80
5F1C,7F80
5F1D,7F80
5F1E,7F80
5F1F,7F80
5F20,7F80
5F21,7F80
5F22,7F80
5F23,7F80
5F24,7F80
5F25,7F80
5F26,7F80
5F27,7F80
5F28,7F80
5F29,7F80
5F2A,7F80
5F2B,7F80
5F2C,7F80
5F2D,7F80
5F2E,7F80
5F2F,7F80
5F30,7F80
5F31,7F80
5F32,7F80
5F33,7F80
5F34,7F80
5F35,7F80
5F36,7F80
5F37,7F80
5F38,7F80
5F39,7F80
5F3A,7F80
5F3B,7F80
5F3C,7F80
5F3D,7F80
5F3E,7F80
5F3F,7F80
5F40,7F80
5F41,7F80
5F42,7F80
5F43,7F80
5F44,7F80
5F45,7F80
5F46,7F80
5F47,7F80
5F48,7F80
5F49,7F80
5F4A,7F80
5F4B,7F80
5F4C,7F80
5F4D,7F80
5F4E,7F80
5F4F,7F80
5F50,7F80
5F51,7F80
5F52,7F80
5F53,7F80
5F54,7F80
5F55,7F80
5F56,7F80
5F57,7F80
5F58,7F80
5F59,7F80
5F5A,7F80
5F5B,7F80
5F5C,7F80
5F5D,7F80
5F5E,7F80
5F5F,7F80
5F60,7F80
5F61,7F80
5F62,7F80
5F63,7F80
5F64,7F80
5F65,7F80
5F66,7F80
5F67,7F80
5F68,7F80
5F69,7F80
5F6A,7F80
5F6B,7F80
5F6C,7F80
5F6D,7F80
5F6E,7F80
5F6F,7F80
5F70,7F80
5F71,7F80
5F72,7F80
5F73,7F80
5F74,7F80
5F75,7F80
5F76,7F80
5F77,7F80
5F78,7F80
5F79,7F80
5F7A,7F80
5F7B,7F80
5F7C,7F80
5F7D,7F80
5F7E,7F80
5F7F,7F80
5F80,7F80
5F81,7F80
5F82,7F80
5F83,7F80
5F84,7F80
5F85,7F80
5F86,7F80
5F87,7F80
5F88,7F80
5F89,7F80
5F8A,7F80
5F8B,7F80
5F8C,7F80
5F8D,7F80
5F8E,7F80
5F8F,7F80
5F90,7F80
5F91,7F80
5F92,7F80
5F93,7F80
5F94,7F80
5F95,7F80
5F96,7F80
5F97,7F80
5F98,7F80
5F99,7F80
5F9A,7F80
5F9B,7F80
5F9C,7F80
5F9D,7F80
5F9E,7F80
5F9F,7F80
5FA0,7F80
5FA1,7F80
5FA2,7F80
5FA3,7F80
5FA4,7F80
5FA5,7F80
5FA6,7F80
5FA7,7F80
5FA8,7F80
5FA9,7F80
5FAA,7F80
5FAB,7F80
5FAC,7F80
5FAD,7F80
5FAE,7F80
5FAF,7F80
5FB0,7F80
5FB1,7F80
5FB2,7F80
5FB3,7F80
5FB4,7F80
5FB5,7F80
5FB6,7F80
5FB7,7F80
5FB8,7F80
5FB9,7F80
5FBA,7F80
5FBB,7F80
5FBC,7F80
5FBD,7F80
5FBE,7F80
5FBF,7F80
5FC0,7F80
5FC1,7F80
5FC2,7F80
5FC3,7F80
5FC4,7F80
5FC5,7F80
5FC6,7F80
5FC7,7F80
5FC8,7F80
5FC9,7F80
5FCA,7F80
5FCB,7F80
5FCC,7F80
5FCD,7F80
5FCE,7F80
5FCF,7F80
5FD0,7F80
5FD1,7F80
5FD2,7F80
5FD3,7F80
5FD4,7F80
5FD5,7F80
5FD6,7F80
5FD7,7F80
5FD8,7F80
5FD9,7F80
5FDA,7F80
5FDB,7F80
5FDC,7F80
5FDD,7F80
5FDE,7F80
5FDF,7F80
5FE0,7F80
5FE1,7F80
5FE2,7F80
5FE3,7F80
5FE4,7F80
5FE5,7F80
5FE6,7F80
5FE7,7F80
5FE8,7F80
5FE9,7F80
5FEA,7F80
5FEB,7F80
5FEC,7F80
5FED,7F80
5FEE,7F80
5FEF,7F80
5FF0,7F80
5FF1,7F80
5FF2,7F80
5FF3,7F80
5FF4,7F80
5FF5,7F80
5FF6,7F80
5FF7,7F80
5FF8,7F80
5FF9,7F80
5FFA,7F80
5FFB,7F80
5FFC,7F80
5FFD,7F80
5FFE,7F80
5FFF,7F80
6000,7F80
6001,7F80
6002,7F80
6003,7F80
6004,7F80
6005,7F80
6006,7F80
6007,7F80
6008,7F80
6009,7F80
600A,7F80
600B,7F80
600C,7F80
600D,7F80
600E,7F80
600F,7F80
6010,7F80
6011,7F80
6012,7F80
6013,7F80
6014,7F80
6015,7F80
6016,7F80
6017,7F80
6018,7F80
6019,7F80
601A,7F80
601B,7F80
601C,7F80
601D,7F80
601E,7F80
601F,7F80
6020,7F80
6021,7F80
6022,7F80
6023,7F80
6024,7F80
6025,7F80
6026,7F80
6027,7F80
6028,7F80
6029,7F80
602A,7F80
602B,7F80
602C,7F80
602D,7F80
602E,7F80
602F,7F80
6030,7F80
6031,7F80
6032,7F80
6033,7F80
6034,7F80
6035,7F80
6036,7F80
6037,7F80
6038,7F80
6039,7F80
603A,7F80
603B,7F80
603C,7F80
603D,7F80
603E,7F80
603F,7F80
6040,7F80
6041,7F80
6042,7F80
6043,7F80
6044,7F80
6045,7F80
6046,7F80
6047,7F80
6048,7F80
6049,7F80
604A,7F80
604B,7F80
604C,7F80
604D,7F80
604E,7F80
604F,7F80
6050,7F80
6051,7F80
6052,7F80
6053,7F80
6054,7F80
6055,7F80
6056,7F80
6057,7F80
6058,7F80
6059,7F80
605A,7F80
605B,7F80
605C,7F80
605D,7F80
605E,7F80
605F,7F80
6060,7F80
6061,7F80
6062,7F80
6063,7F80
6064,7F80
6065,7F80
6066,7F80
6067,7F80
6068,7F80
6069,7F80
606A,7F80
606B,7F80
606C,7F80
606D,7F80
606E,7F80
606F,7F80
6070,7F80
6071,7F80
6072,7F80
6073,7F80
6074,7F80
6075,7F80
6076,7F80
6077,7F80
6078,7F80
6079,7F80
607A,7F80
607B,7F80
607C,7F80
607D,7F80
607E,7F80
607F,7F80
6080,7F80
6081,7F80
6082,7F80
6083,7F80
6084,7F80
6085,7F80
6086,7F80
6087,7F80
6088,7F80
6089,7F80
608A,7F80
608B,7F80
608C,7F80
608D,7F80
608E,7F80
608F,7F80
6090,7F80
6091,7F80
6092,7F80
6093,7F80
6094,7F80
6095,7F80
6096,7F80
6097,7F80
6098,7F80
6099,7F80
609A,7F80
609B,7F80
609C,7F80
609D,7F80
609E,7F80
609F,7F80
60A0,7F80
60A1,7F80
60A2,7F80
60A3,7F80
60A4,7F80
60A5,7F80
60A6,7F80
60A7,7F80
60A8,7F80
60A9,7F80
60AA,7F80
60AB,7F80
60AC,7F80
60AD,7F80
60AE,7F80
60AF,7F80
60B0,7F80
60B1,7F80
60B2,7F80
60B3,7F80
60B4,7F80
60B5,7F80
60B6,7F80
60B7,7F80
60B8,7F80
60B9,7F80
60BA,7F80
60BB,7F80
60BC,7F80
60BD,7F80
60BE,7F80
60BF,7F80
60C0,7F80
60C1,7F80
60C2,7F80
60C3,7F80
60C4,7F80
60C5,7F80
60C6,7F80
60C7,7F80
60C8,7F80
60C9,7F80
60CA,7F80
60CB,7F80
60CC,7F80
60CD,7F80
60CE,7F80
60CF,7F80
60D0,7F80
60D1,7F80
60D2,7F80
60D3,7F80
60D4,7F80
60D5,7F80
60D6,7F80
60D7,7F80
60D8,7F80
60D9,7F80
60DA,7F80
60DB,7F80
60DC,7F80
60DD,7F80
60DE,7F80
60DF,7F80
60E0,7F80
60E1,7F80
60E2,7F80
60E3,7F80
60E4,7F80
60E5,7F80
60E6,7F80
60E7,7F80
60E8,7F80
60E9,7F80
60EA,7F80
60EB,7F80
60EC,7F80
60ED,7F80
60EE,7F80
60EF,7F80
60F0,7F80
60F1,7F80
60F2,7F80
60F3,7F80
60F4,7F80
60F5,7F80
60F6,7F80
60F7,7F80
60F8,7F80
60F9,7F80
60FA,7F80
60FB,7F80
60FC,7F80
60FD,7F80
60FE,7F80
60FF,7F80
6100,7F80
6101,7F80
6102,7F80
6103,7F80
6104,7F80
6105,7F80
6106,7F80
6107,7F80
6108,7F80
6109,7F80
610A,7F80
610B,7F80
610C,7F80
610D,7F80
610E,7F80
610F,7F80
6110,7F80
6111,7F80
6112,7F80
6113,7F80
6114,7F80
6115,7F80
6116,7F80
6117,7F80
6118,7F80
6119,7F80
611A,7F80
611B,7F80
611C,7F80
611D,7F80
611E,7F80
611F,7F80
6120,7F80
6121,7F80
6122,7F80
6123,7F80
6124,7F80
6125,7F80
6126,7F80
6127,7F80
6128,7F80
6129,7F80
612A,7F80
612B,7F80
612C,7F80
612D,7F80
612E,7F80
612F,7F80
6130,7F80
6131,7F80
6132,7F80
6133,7F80
6134,7F80
6135,7F80
6136,7F80
6137,7F80
6138,7F80
6139,7F80
613A,7F80
613B,7F80
613C,7F80
613D,7F80
613E,7F80
613F,7F80
6140,7F80
6141,7F80
6142,7F80
6143,7F80
6144,7F80
6145,7F80
6146,7F80
6147,7F80
6148,7F80
6149,7F80
614A,7F80
614B,7F80
614C,7F80
614D,7F80
614E,7F80
614F,7F80
6150,7F80
6151,7F80
6152,7F80
6153,7F80
6154,7F80
6155,7F80
6156,7F80
6157,7F80
6158,7F80
6159,7F80
615A,7F80
615B,7F80
615C,7F80
615D,7F80
615E,7F80
615F,7F80
6160,7F80
6161,7F80
6162,7F80
6163,7F80
6164,7F80
6165,7F80
6166,7F80
6167,7F80
6168,7F80
6169,7F80
616A,7F80
616B,7F80
616C,7F80
616D,7F80
616E,7F80
616F,7F80
6170,7F80
6171,7F80
6172,7F80
6173,7F80
6174,7F80
6175,7F80
6176,7F80
6177,7F80
6178,7F80
6179,7F80
617A,7F80
617B,7F80
617C,7F80
617D,7F80
617E,7F80
617F,7F80
6180,7F80
6181,7F80
6182,7F80
6183,7F80
6184,7F80
6185,7F80
6186,7F80
6187,7F80
6188,7F80
6189,7F80
618A,7F80
618B,7F80
618C,7F80
618D,7F80
618E,7F80
618F,7F80
6190,7F80
6191,7F80
6192,7F80
6193,7F80
6194,7F80
6195,7F80
6196,7F80
6197,7F80
6198,7F80
6199,7F80
619A,7F80
619B,7F80
619C,7F80
619D,7F80
619E,7F80
619F,7F80
61A0,7F80
61A1,7F80
61A2,7F80
61A3,7F80
61A4,7F80
61A5,7F80
61A6,7F80
61A7,7F80
61A8,7F80
61A9,7F80
61AA,7F80
61AB,7F80
61AC,7F80
61AD,7F80
61AE,7F80
61AF,7F80
61B0,7F80
61B1,7F80
61B2,7F80
61B3,7F80
61B4,7F80
61B5,7F80
61B6,7F80
61B7,7F80
61B8,7F80
61B9,7F80
61BA,7F80
61BB,7F80
61BC,7F80
61BD,7F80
61BE,7F80
61BF,7F80
61C0,7F80
61C1,7F80
61C2,7F80
61C3,7F80
61C4,7F80
61C5,7F80
61C6,7F80
61C7,7F80
61C8,7F80
61C9,7F80
61CA,7F80
61CB,7F80
61CC,7F80
61CD,7F80
61CE,7F80
61CF,7F80
61D0,7F80
61D1,7F80
61D2,7F80
61D3,7F80
61D4,7F80
61D5,7F80
61D6,7F80
61D7,7F80
61D8,7F80
61D9,7F80
61DA,7F80
61DB,7F80
61DC,7F80
61DD,7F80
61DE,7F80
61DF,7F80
61E0,7F80
61E1,7F80
61E2,7F80
61E3,7F80
61E4,7F80
61E5,7F80
61E6,7F80
61E7,7F80
61E8,7F80
61E9,7F80
61EA,7F80
61EB,7F80
61EC,7F80
61ED,7F80
61EE,7F80
61EF,7F80
61F0,7F80
61F1,7F80
61F2,7F80
61F3,7F80
61F4,7F80
61F5,7F80
61F6,7F80
61F7,7F80
61F8,7F80
61F9,7F80
61FA,7F80
61FB,7F80
61FC,7F80
61FD,7F80
61FE,7F80
61FF,7F80
6200,7F80
6201,7F80
6202,7F80
6203,7F80
6204,7F80
6205,7F80
6206,7F80
6207,7F80
6208,7F80
6209,7F80
620A,7F80
620B,7F80
620C,7F80
620D,7F80
620E,7F80
620F,7F80
6210,7F80
6211,7F80
6212,7F80
6213,7F80
6214,7F80
6215,7F80
6216,7F80
6217,7F80
6218,7F80
6219,7F80
621A,7F80
621B,7F80
621C,7F80
621D,7F80
621E,7F80
621F,7F80
6220,7F80
6221,7F80
6222,7F80
6223,7F80
6224,7F80
6225,7F80
6226,7F80
6227,7F80
6228,7F80
6229,7F80
622A,7F80
622B,7F80
622C,7F80
622D,7F80
622E,7F80
622F,7F80
6230,7F80
6231,7F80
6232,7F80
6233,7F80
6234,7F80
6235,7F80
6236,7F80
6237,7F80
6238,7F80
6239,7F80
623A,7F80
623B,7F80
623C,7F80
623D,7F80
623E,7F80
623F,7F80
6240,7F80
6241,7F80
6242,7F80
6243,7F80
6244,7F80
6245,7F80
6246,7F80
6247,7F80
6248,7F80
6249,7F80
624A,7F80
624B,7F80
624C,7F80
624D,7F80
624E,7F80
624F,7F80
6250,7F80
6251,7F80
6252,7F80
6253,7F80
6254,7F80
6255,7F80
6256,7F80
6257,7F80
6258,7F80
6259,7F80
625A,7F80
625B,7F80
625C,7F80
625D,7F80
625E,7F80
625F,7F80
6260,7F80
6261,7F80
6262,7F80
6263,7F80
6264,7F80
6265,7F80
6266,7F80
6267,7F80
6268,7F80
6269,7F80
626A,7F80
626B,7F80
626C,7F80
626D,7F80
626E,7F80
626F,7F80
6270,7F80
6271,7F80
6272,7F80
6273,7F80
6274,7F80
6275,7F80
6276,7F80
6277,7F80
6278,7F80
6279,7F80
627A,7F80
627B,7F80
627C,7F80
627D,7F80
627E,7F80
627F,7F80
6280,7F80
6281,7F80
6282,7F80
6283,7F80
6284,7F80
6285,7F80
6286,7F80
6287,7F80
6288,7F80
6289,7F80
628A,7F80
628B,7F80
628C,7F80
628D,7F80
628E,7F80
628F,7F80
6290,7F80
6291,7F80
6292,7F80
6293,7F80
6294,7F80
6295,7F80
6296,7F80
6297,7F80
6298,7F80
6299,7F80
629A,7F80
629B,7F80
629C,7F80
629D,7F80
629E,7F80
629F,7F80
62A0,7F80
62A1,7F80
62A2,7F80
62A3,7F80
62A4,7F80
62A5,7F80
62A6,7F80
62A7,7F80
62A8,7F80
62A9,7F80
62AA,7F80
62AB,7F80
62AC,7F80
62AD,7F80
62AE,7F80
62AF,7F80
62B0,7F80
62B1,7F80
62B2,7F80
62B3,7F80
62B4,7F80
62B5,7F80
62B6,7F80
62B7,7F80
62B8,7F80
62B9,7F80
62BA,7F80
62BB,7F80
62BC,7F80
62BD,7F80
62BE,7F80
62BF,7F80
62C0,7F80
62C1,7F80
62C2,7F80
62C3,7F80
62C4,7F80
62C5,7F80
62C6,7F80
62C7,7F80
62C8,7F80
62C9,7F80
62CA,7F80
62CB,7F80
62CC,7F80
62CD,7F80
62CE,7F80
62CF,7F80
62D0,7F80
62D1,7F80
62D2,7F80
62D3,7F80
62D4,7F80
62D5,7F80
62D6,7F80
62D7,7F80
62D8,7F80
62D9,7F80
62DA,7F80
62DB,7F80
62DC,7F80
62DD,7F80
62DE,7F80
62DF,7F80
62E0,7F80
62E1,7F80
62E2,7F80
62E3,7F80
62E4,7F80
62E5,7F80
62E6,7F80
62E7,7F80
62E8,7F80
62E9,7F80
62EA,7F80
62EB,7F80
62EC,7F80
62ED,7F80
62EE,7F80
62EF,7F80
62F0,7F80
62F1,7F80
62F2,7F80
62F3,7F80
62F4,7F80
62F5,7F80
62F6,7F80
62F7,7F80
62F8,7F80
62F9,7F80
62FA,7F80
62FB,7F80
62FC,7F80
62FD,7F80
62FE,7F80
62FF,7F80
6300,7F80
6301,7F80
6302,7F80
6303,7F80
6304,7F80
6305,7F80
6306,7F80
6307,7F80
6308,7F80
6309,7F80
630A,7F80
630B,7F80
630C,7F80
630D,7F80
630E,7F80
630F,7F80
6310,7F80
6311,7F80
6312,7F80
6313,7F80
6314,7F80
6315,7F80
6316,7F80
6317,7F80
6318,7F80
6319,7F80
631A,7F80
631B,7F80
631C,7F80
631D,7F80
631E,7F80
631F,7F80
6320,7F80
6321,7F80
6322,7F80
6323,7F80
6324,7F80
6325,7F80
6326,7F80
6327,7F80
6328,7F80
6329,7F80
632A,7F80
632B,7F80
632C,7F80
632D,7F80
632E,7F80
632F,7F80
6330,7F80
6331,7F80
6332,7F80
6333,7F80
6334,7F80
6335,7F80
6336,7F80
6337,7F80
6338,7F80
6339,7F80
633A,7F80
633B,7F80
633C,7F80
633D,7F80
633E,7F80
633F,7F80
6340,7F80
6341,7F80
6342,7F80
6343,7F80
6344,7F80
6345,7F80
6346,7F80
6347,7F80
6348,7F80
6349,7F80
634A,7F80
634B,7F80
634C,7F80
634D,7F80
634E,7F80
634F,7F80
6350,7F80
6351,7F80
6352,7F80
6353,7F80
6354,7F80
6355,7F80
6356,7F80
6357,7F80
6358,7F80
6359,7F80
635A,7F80
635B,7F80
635C,7F80
635D,7F80
635E,7F80
635F,7F80
6360,7F80
6361,7F80
6362,7F80
6363,7F80
6364,7F80
6365,7F80
6366,7F80
6367,7F80
6368,7F80
6369,7F80
636A,7F80
636B,7F80
636C,7F80
636D,7F80
636E,7F80
636F,7F80
6370,7F80
6371,7F80
6372,7F80
6373,7F80
6374,7F80
6375,7F80
6376,7F80
6377,7F80
6378,7F80
6379,7F80
637A,7F80
637B,7F80
637C,7F80
637D,7F80
637E,7F80
637F,7F80
6380,7F80
6381,7F80
6382,7F80
6383,7F80
6384,7F80
6385,7F80
6386,7F80
6387,7F80
6388,7F80
6389,7F80
638A,7F80
638B,7F80
638C,7F80
638D,7F80
638E,7F80
638F,7F80
6390,7F80
6391,7F80
6392,7F80
6393,7F80
6394,7F80
6395,7F80
6396,7F80
6397,7F80
6398,7F80
6399,7F80
639A,7F80
639B,7F80
639C,7F80
639D,7F80
639E,7F80
639F,7F80
63A0,7F80
63A1,7F80
63A2,7F80
63A3,7F80
63A4,7F80
63A5,7F80
63A6,7F80
63A7,7F80
63A8,7F80
63A9,7F80
63AA,7F80
63AB,7F80
63AC,7F80
63AD,7F80
63AE,7F80
63AF,7F80
63B0,7F80
63B1,7F80
63B2,7F80
63B3,7F80
63B4,7F80
63B5,7F80
63B6,7F80
63B7,7F80
63B8,7F80
63B9,7F80
63BA,7F80
63BB,7F80
63BC,7F80
63BD,7F80
63BE,7F80
63BF,7F80
63C0,7F80
63C1,7F80
63C2,7F80
63C3,7F80
63C4,7F80
63C5,7F80
63C6,7F80
63C7,7F80
63C8,7F80
63C9,7F80
63CA,7F80
63CB,7F80
63CC,7F80
63CD,7F80
63CE,7F80
63CF,7F80
63D0,7F80
63D1,7F80
63D2,7F80
63D3,7F80
63D4,7F80
63D5,7F80
63D6,7F80
63D7,7F80
63D8,7F80
63D9,7F80
63DA,7F80
63DB,7F80
63DC,7F80
63DD,7F80
63DE,7F80
63DF,7F80
63E0,7F80
63E1,7F80
63E2,7F80
63E3,7F80
63E4,7F80
63E5,7F80
63E6,7F80
63E7,7F80
63E8,7F80
63E9,7F80
63EA,7F80
63EB,7F80
63EC,7F80
63ED,7F80
63EE,7F80
63EF,7F80
63F0,7F80
63F1,7F80
63F2,7F80
63F3,7F80
63F4,7F80
63F5,7F80
63F6,7F80
63F7,7F80
63F8,7F80
63F9,7F80
63FA,7F80
63FB,7F80
63FC,7F80
63FD,7F80
63FE,7F80
63FF,7F80
6400,7F80
6401,7F80
6402,7F80
6403,7F80
6404,7F80
6405,7F80
6406,7F80
6407,7F80
6408,7F80
6409,7F80
640A,7F80
640B,7F80
640C,7F80
640D,7F80
640E,7F80
640F,7F80
6410,7F80
6411,7F80
6412,7F80
6413,7F80
6414,7F80
6415,7F80
6416,7F80
6417,7F80
6418,7F80
6419,7F80
641A,7F80
641B,7F80
641C,7F80
641D,7F80
641E,7F80
641F,7F80
6420,7F80
6421,7F80
6422,7F80
6423,7F80
6424,7F80
6425,7F80
6426,7F80
6427,7F80
6428,7F80
6429,7F80
642A,7F80
642B,7F80
642C,7F80
642D,7F80
642E,7F80
642F,7F80
6430,7F80
6431,7F80
6432,7F80
6433,7F80
6434,7F80
6435,7F80
6436,7F80
6437,7F80
6438,7F80
6439,7F80
643A,7F80
643B,7F80
643C,7F80
643D,7F80
643E,7F80
643F,7F80
6440,7F80
6441,7F80
6442,7F80
6443,7F80
6444,7F80
6445,7F80
6446,7F80
6447,7F80
6448,7F80
6449,7F80
644A,7F80
644B,7F80
644C,7F80
644D,7F80
644E,7F80
644F,7F80
6450,7F80
6451,7F80
6452,7F80
6453,7F80
6454,7F80
6455,7F80
6456,7F80
6457,7F80
6458,7F80
6459,7F80
645A,7F80
645B,7F80
645C,7F80
645D,7F80
645E,7F80
645F,7F80
6460,7F80
6461,7F80
6462,7F80
6463,7F80
6464,7F80
6465,7F80
6466,7F80
6467,7F80
6468,7F80
6469,7F80
646A,7F80
646B,7F80
646C,7F80
646D,7F80
646E,7F80
646F,7F80
6470,7F80
6471,7F80
6472,7F80
6473,7F80
6474,7F80
6475,7F80
6476,7F80
6477,7F80
6478,7F80
6479,7F80
647A,7F80
647B,7F80
647C,7F80
647D,7F80
647E,7F80
647F,7F80
6480,7F80
6481,7F80
6482,7F80
6483,7F80
6484,7F80
6485,7F80
6486,7F80
6487,7F80
6488,7F80
6489,7F80
648A,7F80
648B,7F80
648C,7F80
648D,7F80
648E,7F80
648F,7F80
6490,7F80
6491,7F80
6492,7F80
6493,7F80
6494,7F80
6495,7F80
6496,7F80
6497,7F80
6498,7F80
6499,7F80
649A,7F80
649B,7F80
649C,7F80
649D,7F80
649E,7F80
649F,7F80
64A0,7F80
64A1,7F80
64A2,7F80
64A3,7F80
64A4,7F80
64A5,7F80
64A6,7F80
64A7,7F80
64A8,7F80
64A9,7F80
64AA,7F80
64AB,7F80
64AC,7F80
64AD,7F80
64AE,7F80
64AF,7F80
64B0,7F80
64B1,7F80
64B2,7F80
64B3,7F80
64B4,7F80
64B5,7F80
64B6,7F80
64B7,7F80
64B8,7F80
64B9,7F80
64BA,7F80
64BB,7F80
64BC,7F80
64BD,7F80
64BE,7F80
64BF,7F80
64C0,7F80
64C1,7F80
64C2,7F80
64C3,7F80
64C4,7F80
64C5,7F80
64C6,7F80
64C7,7F80
64C8,7F80
64C9,7F80
64CA,7F80
64CB,7F80
64CC,7F80
64CD,7F80
64CE,7F80
64CF,7F80
64D0,7F80
64D1,7F80
64D2,7F80
64D3,7F80
64D4,7F80
64D5,7F80
64D6,7F80
64D7,7F80
64D8,7F80
64D9,7F80
64DA,7F80
64DB,7F80
64DC,7F80
64DD,7F80
64DE,7F80
64DF,7F80
64E0,7F80
64E1,7F80
64E2,7F80
64E3,7F80
64E4,7F80
64E5,7F80
64E6,7F80
64E7,7F80
64E8,7F80
64E9,7F80
64EA,7F80
64EB,7F80
64EC,7F80
64ED,7F80
64EE,7F80
64EF,7F80
64F0,7F80
64F1,7F80
64F2,7F80
64F3,7F80
64F4,7F80
64F5,7F80
64F6,7F80
64F7,7F80
64F8,7F80
64F9,7F80
64FA,7F80
64FB,7F80
64FC,7F80
64FD,7F80
64FE,7F80
64FF,7F80
6500,7F80
6501,7F80
6502,7F80
6503,7F80
6504,7F80
6505,7F80
6506,7F80
6507,7F80
6508,7F80
6509,7F80
650A,7F80
650B,7F80
650C,7F80
650D,7F80
650E,7F80
650F,7F80
6510,7F80
6511,7F80
6512,7F80
6513,7F80
6514,7F80
6515,7F80
6516,7F80
6517,7F80
6518,7F80
6519,7F80
651A,7F80
651B,7F80
651C,7F80
651D,7F80
651E,7F80
651F,7F80
6520,7F80
6521,7F80
6522,7F80
6523,7F80
6524,7F80
6525,7F80
6526,7F80
6527,7F80
6528,7F80
6529,7F80
652A,7F80
652B,7F80
652C,7F80
652D,7F80
652E,7F80
652F,7F80
6530,7F80
6531,7F80
6532,7F80
6533,7F80
6534,7F80
6535,7F80
6536,7F80
6537,7F80
6538,7F80
6539,7F80
653A,7F80
653B,7F80
653C,7F80
653D,7F80
653E,7F80
653F,7F80
6540,7F80
6541,7F80
6542,7F80
6543,7F80
6544,7F80
6545,7F80
6546,7F80
6547,7F80
6548,7F80
6549,7F80
654A,7F80
654B,7F80
654C,7F80
654D,7F80
654E,7F80
654F,7F80
6550,7F80
6551,7F80
6552,7F80
6553,7F80
6554,7F80
6555,7F80
6556,7F80
6557,7F80
6558,7F80
6559,7F80
655A,7F80
655B,7F80
655C,7F80
655D,7F80
655E,7F80
655F,7F80
6560,7F80
6561,7F80
6562,7F80
6563,7F80
6564,7F80
6565,7F80
6566,7F80
6567,7F80
6568,7F80
6569,7F80
656A,7F80
656B,7F80
656C,7F80
656D,7F80
656E,7F80
656F,7F80
6570,7F80
6571,7F80
6572,7F80
6573,7F80
6574,7F80
6575,7F80
6576,7F80
6577,7F80
6578,7F80
6579,7F80
657A,7F80
657B,7F80
657C,7F80
657D,7F80
657E,7F80
657F,7F80
6580,7F80
6581,7F80
6582,7F80
6583,7F80
6584,7F80
6585,7F80
6586,7F80
6587,7F80
6588,7F80
6589,7F80
658A,7F80
658B,7F80
658C,7F80
658D,7F80
658E,7F80
658F,7F80
6590,7F80
6591,7F80
6592,7F80
6593,7F80
6594,7F80
6595,7F80
6596,7F80
6597,7F80
6598,7F80
6599,7F80
659A,7F80
659B,7F80
659C,7F80
659D,7F80
659E,7F80
659F,7F80
65A0,7F80
65A1,7F80
65A2,7F80
65A3,7F80
65A4,7F80
65A5,7F80
65A6,7F80
65A7,7F80
65A8,7F80
65A9,7F80
65AA,7F80
65AB,7F80
65AC,7F80
65AD,7F80
65AE,7F80
65AF,7F80
65B0,7F80
65B1,7F80
65B2,7F80
65B3,7F80
65B4,7F80
65B5,7F80
65B6,7F80
65B7,7F80
65B8,7F80
65B9,7F80
65BA,7F80
65BB,7F80
65BC,7F80
65BD,7F80
65BE,7F80
65BF,7F80
65C0,7F80
65C1,7F80
65C2,7F80
65C3,7F80
65C4,7F80
65C5,7F80
65C6,7F80
65C7,7F80
65C8,7F80
65C9,7F80
65CA,7F80
65CB,7F80
65CC,7F80
65CD,7F80
65CE,7F80
65CF,7F80
65D0,7F80
65D1,7F80
65D2,7F80
65D3,7F80
65D4,7F80
65D5,7F80
65D6,7F80
65D7,7F80
65D8,7F80
65D9,7F80
65DA,7F80
65DB,7F80
65DC,7F80
65DD,7F80
65DE,7F80
65DF,7F80
65E0,7F80
65E1,7F80
65E2,7F80
65E3,7F80
65E4,7F80
65E5,7F80
65E6,7F80
65E7,7F80
65E8,7F80
65E9,7F80
65EA,7F80
65EB,7F80
65EC,7F80
65ED,7F80
65EE,7F80
65EF,7F80
65F0,7F80
65F1,7F80
65F2,7F80
65F3,7F80
65F4,7F80
65F5,7F80
65F6,7F80
65F7,7F80
65F8,7F80
65F9,7F80
65FA,7F80
65FB,7F80
65FC,7F80
65FD,7F80
65FE,7F80
65FF,7F80
6600,7F80
6601,7F80
6602,7F80
6603,7F80
6604,7F80
6605,7F80
6606,7F80
6607,7F80
6608,7F80
6609,7F80
660A,7F80
660B,7F80
660C,7F80
660D,7F80
660E,7F80
660F,7F80
6610,7F80
6611,7F80
6612,7F80
6613,7F80
6614,7F80
6615,7F80
6616,7F80
6617,7F80
6618,7F80
6619,7F80
661A,7F80
661B,7F80
661C,7F80
661D,7F80
661E,7F80
661F,7F80
6620,7F80
6621,7F80
6622,7F80
6623,7F80
6624,7F80
6625,7F80
6626,7F80
6627,7F80
6628,7F80
6629,7F80
662A,7F80
662B,7F80
662C,7F80
662D,7F80
662E,7F80
662F,7F80
6630,7F80
6631,7F80
6632,7F80
6633,7F80
6634,7F80
6635,7F80
6636,7F80
6637,7F80
6638,7F80
6639,7F80
663A,7F80
663B,7F80
663C,7F80
663D,7F80
663E,7F80
663F,7F80
6640,7F80
6641,7F80
6642,7F80
6643,7F80
6644,7F80
6645,7F80
6646,7F80
6647,7F80
6648,7F80
6649,7F80
664A,7F80
664B,7F80
664C,7F80
664D,7F80
664E,7F80
664F,7F80
6650,7F80
6651,7F80
6652,7F80
6653,7F80
6654,7F80
6655,7F80
6656,7F80
6657,7F80
6658,7F80
6659,7F80
665A,7F80
665B,7F80
665C,7F80
665D,7F80
665E,7F80
665F,7F80
6660,7F80
6661,7F80
6662,7F80
6663,7F80
6664,7F80
6665,7F80
6666,7F80
6667,7F80
6668,7F80
6669,7F80
666A,7F80
666B,7F80
666C,7F80
666D,7F80
666E,7F80
666F,7F80
6670,7F80
6671,7F80
6672,7F80
6673,7F80
6674,7F80
6675,7F80
6676,7F80
6677,7F80
6678,7F80
6679,7F80
667A,7F80
667B,7F80
667C,7F80
667D,7F80
667E,7F80
667F,7F80
6680,7F80
6681,7F80
6682,7F80
6683,7F80
6684,7F80
6685,7F80
6686,7F80
6687,7F80
6688,7F80
6689,7F80
668A,7F80
668B,7F80
668C,7F80
668D,7F80
668E,7F80
668F,7F80
6690,7F80
6691,7F80
6692,7F80
6693,7F80
6694,7F80
6695,7F80
6696,7F80
6697,7F80
6698,7F80
6699,7F80
669A,7F80
669B,7F80
669C,7F80
669D,7F80
669E,7F80
669F,7F80
66A0,7F80
66A1,7F80
66A2,7F80
66A3,7F80
66A4,7F80
66A5,7F80
66A6,7F80
66A7,7F80
66A8,7F80
66A9,7F80
66AA,7F80
66AB,7F80
66AC,7F80
66AD,7F80
66AE,7F80
66AF,7F80
66B0,7F80
66B1,7F80
66B2,7F80
66B3,7F80
66B4,7F80
66B5,7F80
66B6,7F80
66B7,7F80
66B8,7F80
66B9,7F80
66BA,7F80
66BB,7F80
66BC,7F80
66BD,7F80
66BE,7F80
66BF,7F80
66C0,7F80
66C1,7F80
66C2,7F80
66C3,7F80
66C4,7F80
66C5,7F80
66C6,7F80
66C7,7F80
66C8,7F80
66C9,7F80
66CA,7F80
66CB,7F80
66CC,7F80
66CD,7F80
66CE,7F80
66CF,7F80
66D0,7F80
66D1,7F80
66D2,7F80
66D3,7F80
66D4,7F80
66D5,7F80
66D6,7F80
66D7,7F80
66D8,7F80
66D9,7F80
66DA,7F80
66DB,7F80
66DC,7F80
66DD,7F80
66DE,7F80
66DF,7F80
66E0,7F80
66E1,7F80
66E2,7F80
66E3,7F80
66E4,7F80
66E5,7F80
66E6,7F80
66E7,7F80
66E8,7F80
66E9,7F80
66EA,7F80
66EB,7F80
66EC,7F80
66ED,7F80
66EE,7F80
66EF,7F80
66F0,7F80
66F1,7F80
66F2,7F80
66F3,7F80
66F4,7F80
66F5,7F80
66F6,7F80
66F7,7F80
66F8,7F80
66F9,7F80
66FA,7F80
66FB,7F80
66FC,7F80
66FD,7F80
66FE,7F80
66FF,7F80
6700,7F80
6701,7F80
6702,7F80
6703,7F80
6704,7F80
6705,7F80
6706,7F80
6707,7F80
6708,7F80
6709,7F80
670A,7F80
670B,7F80
670C,7F80
670D,7F80
670E,7F80
670F,7F80
6710,7F80
6711,7F80
6712,7F80
6713,7F80
6714,7F80
6715,7F80
6716,7F80
6717,7F80
6718,7F80
6719,7F80
671A,7F80
671B,7F80
671C,7F80
671D,7F80
671E,7F80
671F,7F80
6720,7F80
6721,7F80
6722,7F80
6723,7F80
6724,7F80
6725,7F80
6726,7F80
6727,7F80
6728,7F80
6729,7F80
672A,7F80
672B,7F80
672C,7F80
672D,7F80
672E,7F80
672F,7F80
6730,7F80
6731,7F80
6732,7F80
6733,7F80
6734,7F80
6735,7F80
6736,7F80
6737,7F80
6738,7F80
6739,7F80
673A,7F80
673B,7F80
673C,7F80
673D,7F80
673E,7F80
673F,7F80
6740,7F80
6741,7F80
6742,7F80
6743,7F80
6744,7F80
6745,7F80
6746,7F80
6747,7F80
6748,7F80
6749,7F80
674A,7F80
674B,7F80
674C,7F80
674D,7F80
674E,7F80
674F,7F80
6750,7F80
6751,7F80
6752,7F80
6753,7F80
6754,7F80
6755,7F80
6756,7F80
6757,7F80
6758,7F80
6759,7F80
675A,7F80
675B,7F80
675C,7F80
675D,7F80
675E,7F80
675F,7F80
6760,7F80
6761,7F80
6762,7F80
6763,7F80
6764,7F80
6765,7F80
6766,7F80
6767,7F80
6768,7F80
6769,7F80
676A,7F80
676B,7F80
676C,7F80
676D,7F80
676E,7F80
676F,7F80
6770,7F80
6771,7F80
6772,7F80
6773,7F80
6774,7F80
6775,7F80
6776,7F80
6777,7F80
6778,7F80
6779,7F80
677A,7F80
677B,7F80
677C,7F80
677D,7F80
677E,7F80
677F,7F80
6780,7F80
6781,7F80
6782,7F80
6783,7F80
6784,7F80
6785,7F80
6786,7F80
6787,7F80
6788,7F80
6789,7F80
678A,7F80
678B,7F80
678C,7F80
678D,7F80
678E,7F80
678F,7F80
6790,7F80
6791,7F80
6792,7F80
6793,7F80
6794,7F80
6795,7F80
6796,7F80
6797,7F80
6798,7F80
6799,7F80
679A,7F80
679B,7F80
679C,7F80
679D,7F80
679E,7F80
679F,7F80
67A0,7F80
67A1,7F80
67A2,7F80
67A3,7F80
67A4,7F80
67A5,7F80
67A6,7F80
67A7,7F80
67A8,7F80
67A9,7F80
67AA,7F80
67AB,7F80
67AC,7F80
67AD,7F80
67AE,7F80
67AF,7F80
67B0,7F80
67B1,7F80
67B2,7F80
67B3,7F80
67B4,7F80
67B5,7F80
67B6,7F80
67B7,7F80
67B8,7F80
67B9,7F80
67BA,7F80
67BB,7F80
67BC,7F80
67BD,7F80
67BE,7F80
67BF,7F80
67C0,7F80
67C1,7F80
67C2,7F80
67C3,7F80
67C4,7F80
67C5,7F80
67C6,7F80
67C7,7F80
67C8,7F80
67C9,7F80
67CA,7F80
67CB,7F80
67CC,7F80
67CD,7F80
67CE,7F80
67CF,7F80
67D0,7F80
67D1,7F80
67D2,7F80
67D3,7F80
67D4,7F80
67D5,7F80
67D6,7F80
67D7,7F80
67D8,7F80
67D9,7F80
67DA,7F80
67DB,7F80
67DC,7F80
67DD,7F80
67DE,7F80
67DF,7F80
67E0,7F80
67E1,7F80
67E2,7F80
67E3,7F80
67E4,7F80
67E5,7F80
67E6,7F80
67E7,7F80
67E8,7F80
67E9,7F80
67EA,7F80
67EB,7F80
67EC,7F80
67ED,7F80
67EE,7F80
67EF,7F80
67F0,7F80
67F1,7F80
67F2,7F80
67F3,7F80
67F4,7F80
67F5,7F80
67F6,7F80
67F7,7F80
67F8,7F80
67F9,7F80
67FA,7F80
67FB,7F80
67FC,7F80
67FD,7F80
67FE,7F80
67FF,7F80
6800,7F80
6801,7F80
6802,7F80
6803,7F80
6804,7F80
6805,7F80
6806,7F80
6807,7F80
6808,7F80
6809,7F80
680A,7F80
680B,7F80
680C,7F80
680D,7F80
680E,7F80
680F,7F80
6810,7F80
6811,7F80
6812,7F80
6813,7F80
6814,7F80
6815,7F80
6816,7F80
6817,7F80
6818,7F80
6819,7F80
681A,7F80
681B,7F80
681C,7F80
681D,7F80
681E,7F80
681F,7F80
6820,7F80
6821,7F80
6822,7F80
6823,7F80
6824,7F80
6825,7F80
6826,7F80
6827,7F80
6828,7F80
6829,7F80
682A,7F80
682B,7F80
682C,7F80
682D,7F80
682E,7F80
682F,7F80
6830,7F80
6831,7F80
6832,7F80
6833,7F80
6834,7F80
6835,7F80
6836,7F80
6837,7F80
6838,7F80
6839,7F80
683A,7F80
683B,7F80
683C,7F80
683D,7F80
683E,7F80
683F,7F80
6840,7F80
6841,7F80
6842,7F80
6843,7F80
6844,7F80
6845,7F80
6846,7F80
6847,7F80
6848,7F80
6849,7F80
684A,7F80
684B,7F80
684C,7F80
684D,7F80
684E,7F80
684F,7F80
6850,7F80
6851,7F80
6852,7F80
6853,7F80
6854,7F80
6855,7F80
6856,7F80
6857,7F80
6858,7F80
6859,7F80
685A,7F80
685B,7F80
685C,7F80
685D,7F80
685E,7F80
685F,7F80
6860,7F80
6861,7F80
6862,7F80
6863,7F80
6864,7F80
6865,7F80
6866,7F80
6867,7F80
6868,7F80
6869,7F80
686A,7F80
686B,7F80
686C,7F80
686D,7F80
686E,7F80
686F,7F80
6870,7F80
6871,7F80
6872,7F80
6873,7F80
6874,7F80
6875,7F80
6876,7F80
6877,7F80
6878,7F80
6879,7F80
687A,7F80
687B,7F80
687C,7F80
687D,7F80
687E,7F80
687F,7F80
6880,7F80
6881,7F80
6882,7F80
6883,7F80
6884,7F80
6885,7F80
6886,7F80
6887,7F80
6888,7F80
6889,7F80
688A,7F80
688B,7F80
688C,7F80
688D,7F80
688E,7F80
688F,7F80
6890,7F80
6891,7F80
6892,7F80
6893,7F80
6894,7F80
6895,7F80
6896,7F80
6897,7F80
6898,7F80
6899,7F80
689A,7F80
689B,7F80
689C,7F80
689D,7F80
689E,7F80
689F,7F80
68A0,7F80
68A1,7F80
68A2,7F80
68A3,7F80
68A4,7F80
68A5,7F80
68A6,7F80
68A7,7F80
68A8,7F80
68A9,7F80
68AA,7F80
68AB,7F80
68AC,7F80
68AD,7F80
68AE,7F80
68AF,7F80
68B0,7F80
68B1,7F80
68B2,7F80
68B3,7F80
68B4,7F80
68B5,7F80
68B6,7F80
68B7,7F80
68B8,7F80
68B9,7F80
68BA,7F80
68BB,7F80
68BC,7F80
68BD,7F80
68BE,7F80
68BF,7F80
68C0,7F80
68C1,7F80
68C2,7F80
68C3,7F80
68C4,7F80
68C5,7F80
68C6,7F80
68C7,7F80
68C8,7F80
68C9,7F80
68CA,7F80
68CB,7F80
68CC,7F80
68CD,7F80
68CE,7F80
68CF,7F80
68D0,7F80
68D1,7F80
68D2,7F80
68D3,7F80
68D4,7F80
68D5,7F80
68D6,7F80
68D7,7F80
68D8,7F80
68D9,7F80
68DA,7F80
68DB,7F80
68DC,7F80
68DD,7F80
68DE,7F80
68DF,7F80
68E0,7F80
68E1,7F80
68E2,7F80
68E3,7F80
68E4,7F80
68E5,7F80
68E6,7F80
68E7,7F80
68E8,7F80
68E9,7F80
68EA,7F80
68EB,7F80
68EC,7F80
68ED,7F80
68EE,7F80
68EF,7F80
68F0,7F80
68F1,7F80
68F2,7F80
68F3,7F80
68F4,7F80
68F5,7F80
68F6,7F80
68F7,7F80
68F8,7F80
68F9,7F80
68FA,7F80
68FB,7F80
68FC,7F80
68FD,7F80
68FE,7F80
68FF,7F80
6900,7F80
6901,7F80
6902,7F80
6903,7F80
6904,7F80
6905,7F80
6906,7F80
6907,7F80
6908,7F80
6909,7F80
690A,7F80
690B,7F80
690C,7F80
690D,7F80
690E,7F80
690F,7F80
6910,7F80
6911,7F80
6912,7F80
6913,7F80
6914,7F80
6915,7F80
6916,7F80
6917,7F80
6918,7F80
6919,7F80
691A,7F80
691B,7F80
691C,7F80
691D,7F80
691E,7F80
691F,7F80
6920,7F80
6921,7F80
6922,7F80
6923,7F80
6924,7F80
6925,7F80
6926,7F80
6927,7F80
6928,7F80
6929,7F80
692A,7F80
692B,7F80
692C,7F80
692D,7F80
692E,7F80
692F,7F80
6930,7F80
6931,7F80
6932,7F80
6933,7F80
6934,7F80
6935,7F80
6936,7F80
6937,7F80
6938,7F80
6939,7F80
693A,7F80
693B,7F80
693C,7F80
693D,7F80
693E,7F80
693F,7F80
6940,7F80
6941,7F80
6942,7F80
6943,7F80
6944,7F80
6945,7F80
6946,7F80
6947,7F80
6948,7F80
6949,7F80
694A,7F80
694B,7F80
694C,7F80
694D,7F80
694E,7F80
694F,7F80
6950,7F80
6951,7F80
6952,7F80
6953,7F80
6954,7F80
6955,7F80
6956,7F80
6957,7F80
6958,7F80
6959,7F80
695A,7F80
695B,7F80
695C,7F80
695D,7F80
695E,7F80
695F,7F80
6960,7F80
6961,7F80
6962,7F80
6963,7F80
6964,7F80
6965,7F80
6966,7F80
6967,7F80
6968,7F80
6969,7F80
696A,7F80
696B,7F80
696C,7F80
696D,7F80
696E,7F80
696F,7F80
6970,7F80
6971,7F80
6972,7F80
6973,7F80
6974,7F80
6975,7F80
6976,7F80
6977,7F80
6978,7F80
6979,7F80
697A,7F80
697B,7F80
697C,7F80
697D,7F80
697E,7F80
697F,7F80
6980,7F80
6981,7F80
6982,7F80
6983,7F80
6984,7F80
6985,7F80
6986,7F80
6987,7F80
6988,7F80
6989,7F80
698A,7F80
698B,7F80
698C,7F80
698D,7F80
698E,7F80
698F,7F80
6990,7F80
6991,7F80
6992,7F80
6993,7F80
6994,7F80
6995,7F80
6996,7F80
6997,7F80
6998,7F80
6999,7F80
699A,7F80
699B,7F80
699C,7F80
699D,7F80
699E,7F80
699F,7F80
69A0,7F80
69A1,7F80
69A2,7F80
69A3,7F80
69A4,7F80
69A5,7F80
69A6,7F80
69A7,7F80
69A8,7F80
69A9,7F80
69AA,7F80
69AB,7F80
69AC,7F80
69AD,7F80
69AE,7F80
69AF,7F80
69B0,7F80
69B1,7F80
69B2,7F80
69B3,7F80
69B4,7F80
69B5,7F80
69B6,7F80
69B7,7F80
69B8,7F80
69B9,7F80
69BA,7F80
69BB,7F80
69BC,7F80
69BD,7F80
69BE,7F80
69BF,7F80
69C0,7F80
69C1,7F80
69C2,7F80
69C3,7F80
69C4,7F80
69C5,7F80
69C6,7F80
69C7,7F80
69C8,7F80
69C9,7F80
69CA,7F80
69CB,7F80
69CC,7F80
69CD,7F80
69CE,7F80
69CF,7F80
69D0,7F80
69D1,7F80
69D2,7F80
69D3,7F80
69D4,7F80
69D5,7F80
69D6,7F80
69D7,7F80
69D8,7F80
69D9,7F80
69DA,7F80
69DB,7F80
69DC,7F80
69DD,7F80
69DE,7F80
69DF,7F80
69E0,7F80
69E1,7F80
69E2,7F80
69E3,7F80
69E4,7F80
69E5,7F80
69E6,7F80
69E7,7F80
69E8,7F80
69E9,7F80
69EA,7F80
69EB,7F80
69EC,7F80
69ED,7F80
69EE,7F80
69EF,7F80
69F0,7F80
69F1,7F80
69F2,7F80
69F3,7F80
69F4,7F80
69F5,7F80
69F6,7F80
69F7,7F80
69F8,7F80
69F9,7F80
69FA,7F80
69FB,7F80
69FC,7F80
69FD,7F80
69FE,7F80
69FF,7F80
6A00,7F80
6A01,7F80
6A02,7F80
6A03,7F80
6A04,7F80
6A05,7F80
6A06,7F80
6A07,7F80
6A08,7F80
6A09,7F80
6A0A,7F80
6A0B,7F80
6A0C,7F80
6A0D,7F80
6A0E,7F80
6A0F,7F80
6A10,7F80
6A11,7F80
6A12,7F80
6A13,7F80
6A14,7F80
6A15,7F80
6A16,7F80
6A17,7F80
6A18,7F80
6A19,7F80
6A1A,7F80
6A1B,7F80
6A1C,7F80
6A1D,7F80
6A1E,7F80
6A1F,7F80
6A20,7F80
6A21,7F80
6A22,7F80
6A23,7F80
6A24,7F80
6A25,7F80
6A26,7F80
6A27,7F80
6A28,7F80
6A29,7F80
6A2A,7F80
6A2B,7F80
6A2C,7F80
6A2D,7F80
6A2E,7F80
6A2F,7F80
6A30,7F80
6A31,7F80
6A32,7F80
6A33,7F80
6A34,7F80
6A35,7F80
6A36,7F80
6A37,7F80
6A38,7F80
6A39,7F80
6A3A,7F80
6A3B,7F80
6A3C,7F80
6A3D,7F80
6A3E,7F80
6A3F,7F80
6A40,7F80
6A41,7F80
6A42,7F80
6A43,7F80
6A44,7F80
6A45,7F80
6A46,7F80
6A47,7F80
6A48,7F80
6A49,7F80
6A4A,7F80
6A4B,7F80
6A4C,7F80
6A4D,7F80
6A4E,7F80
6A4F,7F80
6A50,7F80
6A51,7F80
6A52,7F80
6A53,7F80
6A54,7F80
6A55,7F80
6A56,7F80
6A57,7F80
6A58,7F80
6A59,7F80
6A5A,7F80
6A5B,7F80
6A5C,7F80
6A5D,7F80
6A5E,7F80
6A5F,7F80
6A60,7F80
6A61,7F80
6A62,7F80
6A63,7F80
6A64,7F80
6A65,7F80
6A66,7F80
6A67,7F80
6A68,7F80
6A69,7F80
6A6A,7F80
6A6B,7F80
6A6C,7F80
6A6D,7F80
6A6E,7F80
6A6F,7F80
6A70,7F80
6A71,7F80
6A72,7F80
6A73,7F80
6A74,7F80
6A75,7F80
6A76,7F80
6A77,7F80
6A78,7F80
6A79,7F80
6A7A,7F80
6A7B,7F80
6A7C,7F80
6A7D,7F80
6A7E,7F80
6A7F,7F80
6A80,7F80
6A81,7F80
6A82,7F80
6A83,7F80
6A84,7F80
6A85,7F80
6A86,7F80
6A87,7F80
6A88,7F80
6A89,7F80
6A8A,7F80
6A8B,7F80
6A8C,7F80
6A8D,7F80
6A8E,7F80
6A8F,7F80
6A90,7F80
6A91,7F80
6A92,7F80
6A93,7F80
6A94,7F80
6A95,7F80
6A96,7F80
6A97,7F80
6A98,7F80
6A99,7F80
6A9A,7F80
6A9B,7F80
6A9C,7F80
6A9D,7F80
6A9E,7F80
6A9F,7F80
6AA0,7F80
6AA1,7F80
6AA2,7F80
6AA3,7F80
6AA4,7F80
6AA5,7F80
6AA6,7F80
6AA7,7F80
6AA8,7F80
6AA9,7F80
6AAA,7F80
6AAB,7F80
6AAC,7F80
6AAD,7F80
6AAE,7F80
6AAF,7F80
6AB0,7F80
6AB1,7F80
6AB2,7F80
6AB3,7F80
6AB4,7F80
6AB5,7F80
6AB6,7F80
6AB7,7F80
6AB8,7F80
6AB9,7F80
6ABA,7F80
6ABB,7F80
6ABC,7F80
6ABD,7F80
6ABE,7F80
6ABF,7F80
6AC0,7F80
6AC1,7F80
6AC2,7F80
6AC3,7F80
6AC4,7F80
6AC5,7F80
6AC6,7F80
6AC7,7F80
6AC8,7F80
6AC9,7F80
6ACA,7F80
6ACB,7F80
6ACC,7F80
6ACD,7F80
6ACE,7F80
6ACF,7F80
6AD0,7F80
6AD1,7F80
6AD2,7F80
6AD3,7F80
6AD4,7F80
6AD5,7F80
6AD6,7F80
6AD7,7F80
6AD8,7F80
6AD9,7F80
6ADA,7F80
6ADB,7F80
6ADC,7F80
6ADD,7F80
6ADE,7F80
6ADF,7F80
6AE0,7F80
6AE1,7F80
6AE2,7F80
6AE3,7F80
6AE4,7F80
6AE5,7F80
6AE6,7F80
6AE7,7F80
6AE8,7F80
6AE9,7F80
6AEA,7F80
6AEB,7F80
6AEC,7F80
6AED,7F80
6AEE,7F80
6AEF,7F80
6AF0,7F80
6AF1,7F80
6AF2,7F80
6AF3,7F80
6AF4,7F80
6AF5,7F80
6AF6,7F80
6AF7,7F80
6AF8,7F80
6AF9,7F80
6AFA,7F80
6AFB,7F80
6AFC,7F80
6AFD,7F80
6AFE,7F80
6AFF,7F80
6B00,7F80
6B01,7F80
6B02,7F80
6B03,7F80
6B04,7F80
6B05,7F80
6B06,7F80
6B07,7F80
6B08,7F80
6B09,7F80
6B0A,7F80
6B0B,7F80
6B0C,7F80
6B0D,7F80
6B0E,7F80
6B0F,7F80
6B10,7F80
6B11,7F80
6B12,7F80
6B13,7F80
6B14,7F80
6B15,7F80
6B16,7F80
6B17,7F80
6B18,7F80
6B19,7F80
6B1A,7F80
6B1B,7F80
6B1C,7F80
6B1D,7F80
6B1E,7F80
6B1F,7F80
6B20,7F80
6B21,7F80
6B22,7F80
6B23,7F80
6B24,7F80
6B25,7F80
6B26,7F80
6B27,7F80
6B28,7F80
6B29,7F80
6B2A,7F80
6B2B,7F80
6B2C,7F80
6B2D,7F80
6B2E,7F80
6B2F,7F80
6B30,7F80
6B31,7F80
6B32,7F80
6B33,7F80
6B34,7F80
6B35,7F80
6B36,7F80
6B37,7F80
6B38,7F80
6B39,7F80
6B3A,7F80
6B3B,7F80
6B3C,7F80
6B3D,7F80
6B3E,7F80
6B3F,7F80
6B40,7F80
6B41,7F80
6B42,7F80
6B43,7F80
6B44,7F80
6B45,7F80
6B46,7F80
6B47,7F80
6B48,7F80
6B49,7F80
6B4A,7F80
6B4B,7F80
6B4C,7F80
6B4D,7F80
6B4E,7F80
6B4F,7F80
6B50,7F80
6B51,7F80
6B52,7F80
6B53,7F80
6B54,7F80
6B55,7F80
6B56,7F80
6B57,7F80
6B58,7F80
6B59,7F80
6B5A,7F80
6B5B,7F80
6B5C,7F80
6B5D,7F80
6B5E,7F80
6B5F,7F80
6B60,7F80
6B61,7F80
6B62,7F80
6B63,7F80
6B64,7F80
6B65,7F80
6B66,7F80
6B67,7F80
6B68,7F80
6B69,7F80
6B6A,7F80
6B6B,7F80
6B6C,7F80
6B6D,7F80
6B6E,7F80
6B6F,7F80
6B70,7F80
6B71,7F80
6B72,7F80
6B73,7F80
6B74,7F80
6B75,7F80
6B76,7F80
6B77,7F80
6B78,7F80
6B79,7F80
6B7A,7F80
6B7B,7F80
6B7C,7F80
6B7D,7F80
6B7E,7F80
6B7F,7F80
6B80,7F80
6B81,7F80
6B82,7F80
6B83,7F80
6B84,7F80
6B85,7F80
6B86,7F80
6B87,7F80
6B88,7F80
6B89,7F80
6B8A,7F80
6B8B,7F80
6B8C,7F80
6B8D,7F80
6B8E,7F80
6B8F,7F80
6B90,7F80
6B91,7F80
6B92,7F80
6B93,7F80
6B94,7F80
6B95,7F80
6B96,7F80
6B97,7F80
6B98,7F80
6B99,7F80
6B9A,7F80
6B9B,7F80
6B9C,7F80
6B9D,7F80
6B9E,7F80
6B9F,7F80
6BA0,7F80
6BA1,7F80
6BA2,7F80
6BA3,7F80
6BA4,7F80
6BA5,7F80
6BA6,7F80
6BA7,7F80
6BA8,7F80
6BA9,7F80
6BAA,7F80
6BAB,7F80
6BAC,7F80
6BAD,7F80
6BAE,7F80
6BAF,7F80
6BB0,7F80
6BB1,7F80
6BB2,7F80
6BB3,7F80
6BB4,7F80
6BB5,7F80
6BB6,7F80
6BB7,7F80
6BB8,7F80
6BB9,7F80
6BBA,7F80
6BBB,7F80
6BBC,7F80
6BBD,7F80
6BBE,7F80
6BBF,7F80
6BC0,7F80
6BC1,7F80
6BC2,7F80
6BC3,7F80
6BC4,7F80
6BC5,7F80
6BC6,7F80
6BC7,7F80
6BC8,7F80
6BC9,7F80
6BCA,7F80
6BCB,7F80
6BCC,7F80
6BCD,7F80
6BCE,7F80
6BCF,7F80
6BD0,7F80
6BD1,7F80
6BD2,7F80
6BD3,7F80
6BD4,7F80
6BD5,7F80
6BD6,7F80
6BD7,7F80
6BD8,7F80
6BD9,7F80
6BDA,7F80
6BDB,7F80
6BDC,7F80
6BDD,7F80
6BDE,7F80
6BDF,7F80
6BE0,7F80
6BE1,7F80
6BE2,7F80
6BE3,7F80
6BE4,7F80
6BE5,7F80
6BE6,7F80
6BE7,7F80
6BE8,7F80
6BE9,7F80
6BEA,7F80
6BEB,7F80
6BEC,7F80
6BED,7F80
6BEE,7F80
6BEF,7F80
6BF0,7F80
6BF1,7F80
6BF2,7F80
6BF3,7F80
6BF4,7F80
6BF5,7F80
6BF6,7F80
6BF7,7F80
6BF8,7F80
6BF9,7F80
6BFA,7F80
6BFB,7F80
6BFC,7F80
6BFD,7F80
6BFE,7F80
6BFF,7F80
6C00,7F80
6C01,7F80
6C02,7F80
6C03,7F80
6C04,7F80
6C05,7F80
6C06,7F80
6C07,7F80
6C08,7F80
6C09,7F80
6C0A,7F80
6C0B,7F80
6C0C,7F80
6C0D,7F80
6C0E,7F80
6C0F,7F80
6C10,7F80
6C11,7F80
6C12,7F80
6C13,7F80
6C14,7F80
6C15,7F80
6C16,7F80
6C17,7F80
6C18,7F80
6C19,7F80
6C1A,7F80
6C1B,7F80
6C1C,7F80
6C1D,7F80
6C1E,7F80
6C1F,7F80
6C20,7F80
6C21,7F80
6C22,7F80
6C23,7F80
6C24,7F80
6C25,7F80
6C26,7F80
6C27,7F80
6C28,7F80
6C29,7F80
6C2A,7F80
6C2B,7F80
6C2C,7F80
6C2D,7F80
6C2E,7F80
6C2F,7F80
6C30,7F80
6C31,7F80
6C32,7F80
6C33,7F80
6C34,7F80
6C35,7F80
6C36,7F80
6C37,7F80
6C38,7F80
6C39,7F80
6C3A,7F80
6C3B,7F80
6C3C,7F80
6C3D,7F80
6C3E,7F80
6C3F,7F80
6C40,7F80
6C41,7F80
6C42,7F80
6C43,7F80
6C44,7F80
6C45,7F80
6C46,7F80
6C47,7F80
6C48,7F80
6C49,7F80
6C4A,7F80
6C4B,7F80
6C4C,7F80
6C4D,7F80
6C4E,7F80
6C4F,7F80
6C50,7F80
6C51,7F80
6C52,7F80
6C53,7F80
6C54,7F80
6C55,7F80
6C56,7F80
6C57,7F80
6C58,7F80
6C59,7F80
6C5A,7F80
6C5B,7F80
6C5C,7F80
6C5D,7F80
6C5E,7F80
6C5F,7F80
6C60,7F80
6C61,7F80
6C62,7F80
6C63,7F80
6C64,7F80
6C65,7F80
6C66,7F80
6C67,7F80
6C68,7F80
6C69,7F80
6C6A,7F80
6C6B,7F80
6C6C,7F80
6C6D,7F80
6C6E,7F80
6C6F,7F80
6C70,7F80
6C71,7F80
6C72,7F80
6C73,7F80
6C74,7F80
6C75,7F80
6C76,7F80
6C77,7F80
6C78,7F80
6C79,7F80
6C7A,7F80
6C7B,7F80
6C7C,7F80
6C7D,7F80
6C7E,7F80
6C7F,7F80
6C80,7F80
6C81,7F80
6C82,7F80
6C83,7F80
6C84,7F80
6C85,7F80
6C86,7F80
6C87,7F80
6C88,7F80
6C89,7F80
6C8A,7F80
6C8B,7F80
6C8C,7F80
6C8D,7F80
6C8E,7F80
6C8F,7F80
6C90,7F80
6C91,7F80
6C92,7F80
6C93,7F80
6C94,7F80
6C95,7F80
6C96,7F80
6C97,7F80
6C98,7F80
6C99,7F80
6C9A,7F80
6C9B,7F80
6C9C,7F80
6C9D,7F80
6C9E,7F80
6C9F,7F80
6CA0,7F80
6CA1,7F80
6CA2,7F80
6CA3,7F80
6CA4,7F80
6CA5,7F80
6CA6,7F80
6CA7,7F80
6CA8,7F80
6CA9,7F80
6CAA,7F80
6CAB,7F80
6CAC,7F80
6CAD,7F80
6CAE,7F80
6CAF,7F80
6CB0,7F80
6CB1,7F80
6CB2,7F80
6CB3,7F80
6CB4,7F80
6CB5,7F80
6CB6,7F80
6CB7,7F80
6CB8,7F80
6CB9,7F80
6CBA,7F80
6CBB,7F80
6CBC,7F80
6CBD,7F80
6CBE,7F80
6CBF,7F80
6CC0,7F80
6CC1,7F80
6CC2,7F80
6CC3,7F80
6CC4,7F80
6CC5,7F80
6CC6,7F80
6CC7,7F80
6CC8,7F80
6CC9,7F80
6CCA,7F80
6CCB,7F80
6CCC,7F80
6CCD,7F80
6CCE,7F80
6CCF,7F80
6CD0,7F80
6CD1,7F80
6CD2,7F80
6CD3,7F80
6CD4,7F80
6CD5,7F80
6CD6,7F80
6CD7,7F80
6CD8,7F80
6CD9,7F80
6CDA,7F80
6CDB,7F80
6CDC,7F80
6CDD,7F80
6CDE,7F80
6CDF,7F80
6CE0,7F80
6CE1,7F80
6CE2,7F80
6CE3,7F80
6CE4,7F80
6CE5,7F80
6CE6,7F80
6CE7,7F80
6CE8,7F80
6CE9,7F80
6CEA,7F80
6CEB,7F80
6CEC,7F80
6CED,7F80
6CEE,7F80
6CEF,7F80
6CF0,7F80
6CF1,7F80
6CF2,7F80
6CF3,7F80
6CF4,7F80
6CF5,7F80
6CF6,7F80
6CF7,7F80
6CF8,7F80
6CF9,7F80
6CFA,7F80
6CFB,7F80
6CFC,7F80
6CFD,7F80
6CFE,7F80
6CFF,7F80
6D00,7F80
6D01,7F80
6D02,7F80
6D03,7F80
6D04,7F80
6D05,7F80
6D06,7F80
6D07,7F80
6D08,7F80
6D09,7F80
6D0A,7F80
6D0B,7F80
6D0C,7F80
6D0D,7F80
6D0E,7F80
6D0F,7F80
6D10,7F80
6D11,7F80
6D12,7F80
6D13,7F80
6D14,7F80
6D15,7F80
6D16,7F80
6D17,7F80
6D18,7F80
6D19,7F80
6D1A,7F80
6D1B,7F80
6D1C,7F80
6D1D,7F80
6D1E,7F80
6D1F,7F80
6D20,7F80
6D21,7F80
6D22,7F80
6D23,7F80
6D24,7F80
6D25,7F80
6D26,7F80
6D27,7F80
6D28,7F80
6D29,7F80
6D2A,7F80
6D2B,7F80
6D2C,7F80
6D2D,7F80
6D2E,7F80
6D2F,7F80
6D30,7F80
6D31,7F80
6D32,7F80
6D33,7F80
6D34,7F80
6D35,7F80
6D36,7F80
6D37,7F80
6D38,7F80
6D39,7F80
6D3A,7F80
6D3B,7F80
6D3C,7F80
6D3D,7F80
6D3E,7F80
6D3F,7F80
6D40,7F80
6D41,7F80
6D42,7F80
6D43,7F80
6D44,7F80
6D45,7F80
6D46,7F80
6D47,7F80
6D48,7F80
6D49,7F80
6D4A,7F80
6D4B,7F80
6D4C,7F80
6D4D,7F80
6D4E,7F80
6D4F,7F80
6D50,7F80
6D51,7F80
6D52,7F80
6D53,7F80
6D54,7F80
6D55,7F80
6D56,7F80
6D57,7F80
6D58,7F80
6D59,7F80
6D5A,7F80
6D5B,7F80
6D5C,7F80
6D5D,7F80
6D5E,7F80
6D5F,7F80
6D60,7F80
6D61,7F80
6D62,7F80
6D63,7F80
6D64,7F80
6D65,7F80
6D66,7F80
6D67,7F80
6D68,7F80
6D69,7F80
6D6A,7F80
6D6B,7F80
6D6C,7F80
6D6D,7F80
6D6E,7F80
6D6F,7F80
6D70,7F80
6D71,7F80
6D72,7F80
6D73,7F80
6D74,7F80
6D75,7F80
6D76,7F80
6D77,7F80
6D78,7F80
6D79,7F80
6D7A,7F80
6D7B,7F80
6D7C,7F80
6D7D,7F80
6D7E,7F80
6D7F,7F80
6D80,7F80
6D81,7F80
6D82,7F80
6D83,7F80
6D84,7F80
6D85,7F80
6D86,7F80
6D87,7F80
6D88,7F80
6D89,7F80
6D8A,7F80
6D8B,7F80
6D8C,7F80
6D8D,7F80
6D8E,7F80
6D8F,7F80
6D90,7F80
6D91,7F80
6D92,7F80
6D93,7F80
6D94,7F80
6D95,7F80
6D96,7F80
6D97,7F80
6D98,7F80
6D99,7F80
6D9A,7F80
6D9B,7F80
6D9C,7F80
6D9D,7F80
6D9E,7F80
6D9F,7F80
6DA0,7F80
6DA1,7F80
6DA2,7F80
6DA3,7F80
6DA4,7F80
6DA5,7F80
6DA6,7F80
6DA7,7F80
6DA8,7F80
6DA9,7F80
6DAA,7F80
6DAB,7F80
6DAC,7F80
6DAD,7F80
6DAE,7F80
6DAF,7F80
6DB0,7F80
6DB1,7F80
6DB2,7F80
6DB3,7F80
6DB4,7F80
6DB5,7F80
6DB6,7F80
6DB7,7F80
6DB8,7F80
6DB9,7F80
6DBA,7F80
6DBB,7F80
6DBC,7F80
6DBD,7F80
6DBE,7F80
6DBF,7F80
6DC0,7F80
6DC1,7F80
6DC2,7F80
6DC3,7F80
6DC4,7F80
6DC5,7F80
6DC6,7F80
6DC7,7F80
6DC8,7F80
6DC9,7F80
6DCA,7F80
6DCB,7F80
6DCC,7F80
6DCD,7F80
6DCE,7F80
6DCF,7F80
6DD0,7F80
6DD1,7F80
6DD2,7F80
6DD3,7F80
6DD4,7F80
6DD5,7F80
6DD6,7F80
6DD7,7F80
6DD8,7F80
6DD9,7F80
6DDA,7F80
6DDB,7F80
6DDC,7F80
6DDD,7F80
6DDE,7F80
6DDF,7F80
6DE0,7F80
6DE1,7F80
6DE2,7F80
6DE3,7F80
6DE4,7F80
6DE5,7F80
6DE6,7F80
6DE7,7F80
6DE8,7F80
6DE9,7F80
6DEA,7F80
6DEB,7F80
6DEC,7F80
6DED,7F80
6DEE,7F80
6DEF,7F80
6DF0,7F80
6DF1,7F80
6DF2,7F80
6DF3,7F80
6DF4,7F80
6DF5,7F80
6DF6,7F80
6DF7,7F80
6DF8,7F80
6DF9,7F80
6DFA,7F80
6DFB,7F80
6DFC,7F80
6DFD,7F80
6DFE,7F80
6DFF,7F80
6E00,7F80
6E01,7F80
6E02,7F80
6E03,7F80
6E04,7F80
6E05,7F80
6E06,7F80
6E07,7F80
6E08,7F80
6E09,7F80
6E0A,7F80
6E0B,7F80
6E0C,7F80
6E0D,7F80
6E0E,7F80
6E0F,7F80
6E10,7F80
6E11,7F80
6E12,7F80
6E13,7F80
6E14,7F80
6E15,7F80
6E16,7F80
6E17,7F80
6E18,7F80
6E19,7F80
6E1A,7F80
6E1B,7F80
6E1C,7F80
6E1D,7F80
6E1E,7F80
6E1F,7F80
6E20,7F80
6E21,7F80
6E22,7F80
6E23,7F80
6E24,7F80
6E25,7F80
6E26,7F80
6E27,7F80
6E28,7F80
6E29,7F80
6E2A,7F80
6E2B,7F80
6E2C,7F80
6E2D,7F80
6E2E,7F80
6E2F,7F80
6E30,7F80
6E31,7F80
6E32,7F80
6E33,7F80
6E34,7F80
6E35,7F80
6E36,7F80
6E37,7F80
6E38,7F80
6E39,7F80
6E3A,7F80
6E3B,7F80
6E3C,7F80
6E3D,7F80
6E3E,7F80
6E3F,7F80
6E40,7F80
6E41,7F80
6E42,7F80
6E43,7F80
6E44,7F80
6E45,7F80
6E46,7F80
6E47,7F80
6E48,7F80
6E49,7F80
6E4A,7F80
6E4B,7F80
6E4C,7F80
6E4D,7F80
6E4E,7F80
6E4F,7F80
6E50,7F80
6E51,7F80
6E52,7F80
6E53,7F80
6E54,7F80
6E55,7F80
6E56,7F80
6E57,7F80
6E58,7F80
6E59,7F80
6E5A,7F80
6E5B,7F80
6E5C,7F80
6E5D,7F80
6E5E,7F80
6E5F,7F80
6E60,7F80
6E61,7F80
6E62,7F80
6E63,7F80
6E64,7F80
6E65,7F80
6E66,7F80
6E67,7F80
6E68,7F80
6E69,7F80
6E6A,7F80
6E6B,7F80
6E6C,7F80
6E6D,7F80
6E6E,7F80
6E6F,7F80
6E70,7F80
6E71,7F80
6E72,7F80
6E73,7F80
6E74,7F80
6E75,7F80
6E76,7F80
6E77,7F80
6E78,7F80
6E79,7F80
6E7A,7F80
6E7B,7F80
6E7C,7F80
6E7D,7F80
6E7E,7F80
6E7F,7F80
6E80,7F80
6E81,7F80
6E82,7F80
6E83,7F80
6E84,7F80
6E85,7F80
6E86,7F80
6E87,7F80
6E88,7F80
6E89,7F80
6E8A,7F80
6E8B,7F80
6E8C,7F80
6E8D,7F80
6E8E,7F80
6E8F,7F80
6E90,7F80
6E91,7F80
6E92,7F80
6E93,7F80
6E94,7F80
6E95,7F80
6E96,7F80
6E97,7F80
6E98,7F80
6E99,7F80
6E9A,7F80
6E9B,7F80
6E9C,7F80
6E9D,7F80
6E9E,7F80
6E9F,7F80
6EA0,7F80
6EA1,7F80
6EA2,7F80
6EA3,7F80
6EA4,7F80
6EA5,7F80
6EA6,7F80
6EA7,7F80
6EA8,7F80
6EA9,7F80
6EAA,7F80
6EAB,7F80
6EAC,7F80
6EAD,7F80
6EAE,7F80
6EAF,7F80
6EB0,7F80
6EB1,7F80
6EB2,7F80
6EB3,7F80
6EB4,7F80
6EB5,7F80
6EB6,7F80
6EB7,7F80
6EB8,7F80
6EB9,7F80
6EBA,7F80
6EBB,7F80
6EBC,7F80
6EBD,7F80
6EBE,7F80
6EBF,7F80
6EC0,7F80
6EC1,7F80
6EC2,7F80
6EC3,7F80
6EC4,7F80
6EC5,7F80
6EC6,7F80
6EC7,7F80
6EC8,7F80
6EC9,7F80
6ECA,7F80
6ECB,7F80
6ECC,7F80
6ECD,7F80
6ECE,7F80
6ECF,7F80
6ED0,7F80
6ED1,7F80
6ED2,7F80
6ED3,7F80
6ED4,7F80
6ED5,7F80
6ED6,7F80
6ED7,7F80
6ED8,7F80
6ED9,7F80
6EDA,7F80
6EDB,7F80
6EDC,7F80
6EDD,7F80
6EDE,7F80
6EDF,7F80
6EE0,7F80
6EE1,7F80
6EE2,7F80
6EE3,7F80
6EE4,7F80
6EE5,7F80
6EE6,7F80
6EE7,7F80
6EE8,7F80
6EE9,7F80
6EEA,7F80
6EEB,7F80
6EEC,7F80
6EED,7F80
6EEE,7F80
6EEF,7F80
6EF0,7F80
6EF1,7F80
6EF2,7F80
6EF3,7F80
6EF4,7F80
6EF5,7F80
6EF6,7F80
6EF7,7F80
6EF8,7F80
6EF9,7F80
6EFA,7F80
6EFB,7F80
6EFC,7F80
6EFD,7F80
6EFE,7F80
6EFF,7F80
6F00,7F80
6F01,7F80
6F02,7F80
6F03,7F80
6F04,7F80
6F05,7F80
6F06,7F80
6F07,7F80
6F08,7F80
6F09,7F80
6F0A,7F80
6F0B,7F80
6F0C,7F80
6F0D,7F80
6F0E,7F80
6F0F,7F80
6F10,7F80
6F11,7F80
6F12,7F80
6F13,7F80
6F14,7F80
6F15,7F80
6F16,7F80
6F17,7F80
6F18,7F80
6F19,7F80
6F1A,7F80
6F1B,7F80
6F1C,7F80
6F1D,7F80
6F1E,7F80
6F1F,7F80
6F20,7F80
6F21,7F80
6F22,7F80
6F23,7F80
6F24,7F80
6F25,7F80
6F26,7F80
6F27,7F80
6F28,7F80
6F29,7F80
6F2A,7F80
6F2B,7F80
6F2C,7F80
6F2D,7F80
6F2E,7F80
6F2F,7F80
6F30,7F80
6F31,7F80
6F32,7F80
6F33,7F80
6F34,7F80
6F35,7F80
6F36,7F80
6F37,7F80
6F38,7F80
6F39,7F80
6F3A,7F80
6F3B,7F80
6F3C,7F80
6F3D,7F80
6F3E,7F80
6F3F,7F80
6F40,7F80
6F41,7F80
6F42,7F80
6F43,7F80
6F44,7F80
6F45,7F80
6F46,7F80
6F47,7F80
6F48,7F80
6F49,7F80
6F4A,7F80
6F4B,7F80
6F4C,7F80
6F4D,7F80
6F4E,7F80
6F4F,7F80
6F50,7F80
6F51,7F80
6F52,7F80
6F53,7F80
6F54,7F80
6F55,7F80
6F56,7F80
6F57,7F80
6F58,7F80
6F59,7F80
6F5A,7F80
6F5B,7F80
6F5C,7F80
6F5D,7F80
6F5E,7F80
6F5F,7F80
6F60,7F80
6F61,7F80
6F62,7F80
6F63,7F80
6F64,7F80
6F65,7F80
6F66,7F80
6F67,7F80
6F68,7F80
6F69,7F80
6F6A,7F80
6F6B,7F80
6F6C,7F80
6F6D,7F80
6F6E,7F80
6F6F,7F80
6F70,7F80
6F71,7F80
6F72,7F80
6F73,7F80
6F74,7F80
6F75,7F80
6F76,7F80
6F77,7F80
6F78,7F80
6F79,7F80
6F7A,7F80
6F7B,7F80
6F7C,7F80
6F7D,7F80
6F7E,7F80
6F7F,7F80
6F80,7F80
6F81,7F80
6F82,7F80
6F83,7F80
6F84,7F80
6F85,7F80
6F86,7F80
6F87,7F80
6F88,7F80
6F89,7F80
6F8A,7F80
6F8B,7F80
6F8C,7F80
6F8D,7F80
6F8E,7F80
6F8F,7F80
6F90,7F80
6F91,7F80
6F92,7F80
6F93,7F80
6F94,7F80
6F95,7F80
6F96,7F80
6F97,7F80
6F98,7F80
6F99,7F80
6F9A,7F80
6F9B,7F80
6F9C,7F80
6F9D,7F80
6F9E,7F80
6F9F,7F80
6FA0,7F80
6FA1,7F80
6FA2,7F80
6FA3,7F80
6FA4,7F80
6FA5,7F80
6FA6,7F80
6FA7,7F80
6FA8,7F80
6FA9,7F80
6FAA,7F80
6FAB,7F80
6FAC,7F80
6FAD,7F80
6FAE,7F80
6FAF,7F80
6FB0,7F80
6FB1,7F80
6FB2,7F80
6FB3,7F80
6FB4,7F80
6FB5,7F80
6FB6,7F80
6FB7,7F80
6FB8,7F80
6FB9,7F80
6FBA,7F80
6FBB,7F80
6FBC,7F80
6FBD,7F80
6FBE,7F80
6FBF,7F80
6FC0,7F80
6FC1,7F80
6FC2,7F80
6FC3,7F80
6FC4,7F80
6FC5,7F80
6FC6,7F80
6FC7,7F80
6FC8,7F80
6FC9,7F80
6FCA,7F80
6FCB,7F80
6FCC,7F80
6FCD,7F80
6FCE,7F80
6FCF,7F80
6FD0,7F80
6FD1,7F80
6FD2,7F80
6FD3,7F80
6FD4,7F80
6FD5,7F80
6FD6,7F80
6FD7,7F80
6FD8,7F80
6FD9,7F80
6FDA,7F80
6FDB,7F80
6FDC,7F80
6FDD,7F80
6FDE,7F80
6FDF,7F80
6FE0,7F80
6FE1,7F80
6FE2,7F80
6FE3,7F80
6FE4,7F80
6FE5,7F80
6FE6,7F80
6FE7,7F80
6FE8,7F80
6FE9,7F80
6FEA,7F80
6FEB,7F80
6FEC,7F80
6FED,7F80
6FEE,7F80
6FEF,7F80
6FF0,7F80
6FF1,7F80
6FF2,7F80
6FF3,7F80
6FF4,7F80
6FF5,7F80
6FF6,7F80
6FF7,7F80
6FF8,7F80
6FF9,7F80
6FFA,7F80
6FFB,7F80
6FFC,7F80
6FFD,7F80
6FFE,7F80
6FFF,7F80
7000,7F80
7001,7F80
7002,7F80
7003,7F80
7004,7F80
7005,7F80
7006,7F80
7007,7F80
7008,7F80
7009,7F80
700A,7F80
700B,7F80
700C,7F80
700D,7F80
700E,7F80
700F,7F80
7010,7F80
7011,7F80
7012,7F80
7013,7F80
7014,7F80
7015,7F80
7016,7F80
7017,7F80
7018,7F80
7019,7F80
701A,7F80
701B,7F80
701C,7F80
701D,7F80
701E,7F80
701F,7F80
7020,7F80
7021,7F80
7022,7F80
7023,7F80
7024,7F80
7025,7F80
7026,7F80
7027,7F80
7028,7F80
7029,7F80
702A,7F80
702B,7F80
702C,7F80
702D,7F80
702E,7F80
702F,7F80
7030,7F80
7031,7F80
7032,7F80
7033,7F80
7034,7F80
7035,7F80
7036,7F80
7037,7F80
7038,7F80
7039,7F80
703A,7F80
703B,7F80
703C,7F80
703D,7F80
703E,7F80
703F,7F80
7040,7F80
7041,7F80
7042,7F80
7043,7F80
7044,7F80
7045,7F80
7046,7F80
7047,7F80
7048,7F80
7049,7F80
704A,7F80
704B,7F80
704C,7F80
704D,7F80
704E,7F80
704F,7F80
7050,7F80
7051,7F80
7052,7F80
7053,7F80
7054,7F80
7055,7F80
7056,7F80
7057,7F80
7058,7F80
7059,7F80
705A,7F80
705B,7F80
705C,7F80
705D,7F80
705E,7F80
705F,7F80
7060,7F80
7061,7F80
7062,7F80
7063,7F80
7064,7F80
7065,7F80
7066,7F80
7067,7F80
7068,7F80
7069,7F80
706A,7F80
706B,7F80
706C,7F80
706D,7F80
706E,7F80
706F,7F80
7070,7F80
7071,7F80
7072,7F80
7073,7F80
7074,7F80
7075,7F80
7076,7F80
7077,7F80
7078,7F80
7079,7F80
707A,7F80
707B,7F80
707C,7F80
707D,7F80
707E,7F80
707F,7F80
7080,7F80
7081,7F80
7082,7F80
7083,7F80
7084,7F80
7085,7F80
7086,7F80
7087,7F80
7088,7F80
7089,7F80
708A,7F80
708B,7F80
708C,7F80
708D,7F80
708E,7F80
708F,7F80
7090,7F80
7091,7F80
7092,7F80
7093,7F80
7094,7F80
7095,7F80
7096,7F80
7097,7F80
7098,7F80
7099,7F80
709A,7F80
709B,7F80
709C,7F80
709D,7F80
709E,7F80
709F,7F80
70A0,7F80
70A1,7F80
70A2,7F80
70A3,7F80
70A4,7F80
70A5,7F80
70A6,7F80
70A7,7F80
70A8,7F80
70A9,7F80
70AA,7F80
70AB,7F80
70AC,7F80
70AD,7F80
70AE,7F80
70AF,7F80
70B0,7F80
70B1,7F80
70B2,7F80
70B3,7F80
70B4,7F80
70B5,7F80
70B6,7F80
70B7,7F80
70B8,7F80
70B9,7F80
70BA,7F80
70BB,7F80
70BC,7F80
70BD,7F80
70BE,7F80
70BF,7F80
70C0,7F80
70C1,7F80
70C2,7F80
70C3,7F80
70C4,7F80
70C5,7F80
70C6,7F80
70C7,7F80
70C8,7F80
70C9,7F80
70CA,7F80
70CB,7F80
70CC,7F80
70CD,7F80
70CE,7F80
70CF,7F80
70D0,7F80
70D1,7F80
70D2,7F80
70D3,7F80
70D4,7F80
70D5,7F80
70D6,7F80
70D7,7F80
70D8,7F80
70D9,7F80
70DA,7F80
70DB,7F80
70DC,7F80
70DD,7F80
70DE,7F80
70DF,7F80
70E0,7F80
70E1,7F80
70E2,7F80
70E3,7F80
70E4,7F80
70E5,7F80
70E6,7F80
70E7,7F80
70E8,7F80
70E9,7F80
70EA,7F80
70EB,7F80
70EC,7F80
70ED,7F80
70EE,7F80
70EF,7F80
70F0,7F80
70F1,7F80
70F2,7F80
70F3,7F80
70F4,7F80
70F5,7F80
70F6,7F80
70F7,7F80
70F8,7F80
70F9,7F80
70FA,7F80
70FB,7F80
70FC,7F80
70FD,7F80
70FE,7F80
70FF,7F80
7100,7F80
7101,7F80
7102,7F80
7103,7F80
7104,7F80
7105,7F80
7106,7F80
7107,7F80
7108,7F80
7109,7F80
710A,7F80
710B,7F80
710C,7F80
710D,7F80
710E,7F80
710F,7F80
7110,7F80
7111,7F80
7112,7F80
7113,7F80
7114,7F80
7115,7F80
7116,7F80
7117,7F80
7118,7F80
7119,7F80
711A,7F80
711B,7F80
711C,7F80
711D,7F80
711E,7F80
711F,7F80
7120,7F80
7121,7F80
7122,7F80
7123,7F80
7124,7F80
7125,7F80
7126,7F80
7127,7F80
7128,7F80
7129,7F80
712A,7F80
712B,7F80
712C,7F80
712D,7F80
712E,7F80
712F,7F80
7130,7F80
7131,7F80
7132,7F80
7133,7F80
7134,7F80
7135,7F80
7136,7F80
7137,7F80
7138,7F80
7139,7F80
713A,7F80
713B,7F80
713C,7F80
713D,7F80
713E,7F80
713F,7F80
7140,7F80
7141,7F80
7142,7F80
7143,7F80
7144,7F80
7145,7F80
7146,7F80
7147,7F80
7148,7F80
7149,7F80
714A,7F80
714B,7F80
714C,7F80
714D,7F80
714E,7F80
714F,7F80
7150,7F80
7151,7F80
7152,7F80
7153,7F80
7154,7F80
7155,7F80
7156,7F80
7157,7F80
7158,7F80
7159,7F80
715A,7F80
715B,7F80
715C,7F80
715D,7F80
715E,7F80
715F,7F80
7160,7F80
7161,7F80
7162,7F80
7163,7F80
7164,7F80
7165,7F80
7166,7F80
7167,7F80
7168,7F80
7169,7F80
716A,7F80
716B,7F80
716C,7F80
716D,7F80
716E,7F80
716F,7F80
7170,7F80
7171,7F80
7172,7F80
7173,7F80
7174,7F80
7175,7F80
7176,7F80
7177,7F80
7178,7F80
7179,7F80
717A,7F80
717B,7F80
717C,7F80
717D,7F80
717E,7F80
717F,7F80
7180,7F80
7181,7F80
7182,7F80
7183,7F80
7184,7F80
7185,7F80
7186,7F80
7187,7F80
7188,7F80
7189,7F80
718A,7F80
718B,7F80
718C,7F80
718D,7F80
718E,7F80
718F,7F80
7190,7F80
7191,7F80
7192,7F80
7193,7F80
7194,7F80
7195,7F80
7196,7F80
7197,7F80
7198,7F80
7199,7F80
719A,7F80
719B,7F80
719C,7F80
719D,7F80
719E,7F80
719F,7F80
71A0,7F80
71A1,7F80
71A2,7F80
71A3,7F80
71A4,7F80
71A5,7F80
71A6,7F80
71A7,7F80
71A8,7F80
71A9,7F80
71AA,7F80
71AB,7F80
71AC,7F80
71AD,7F80
71AE,7F80
71AF,7F80
71B0,7F80
71B1,7F80
71B2,7F80
71B3,7F80
71B4,7F80
71B5,7F80
71B6,7F80
71B7,7F80
71B8,7F80
71B9,7F80
71BA,7F80
71BB,7F80
71BC,7F80
71BD,7F80
71BE,7F80
71BF,7F80
71C0,7F80
71C1,7F80
71C2,7F80
71C3,7F80
71C4,7F80
71C5,7F80
71C6,7F80
71C7,7F80
71C8,7F80
71C9,7F80
71CA,7F80
71CB,7F80
71CC,7F80
71CD,7F80
71CE,7F80
71CF,7F80
71D0,7F80
71D1,7F80
71D2,7F80
71D3,7F80
71D4,7F80
71D5,7F80
71D6,7F80
71D7,7F80
71D8,7F80
71D9,7F80
71DA,7F80
71DB,7F80
71DC,7F80
71DD,7F80
71DE,7F80
71DF,7F80
71E0,7F80
71E1,7F80
71E2,7F80
71E3,7F80
71E4,7F80
71E5,7F80
71E6,7F80
71E7,7F80
71E8,7F80
71E9,7F80
71EA,7F80
71EB,7F80
71EC,7F80
71ED,7F80
71EE,7F80
71EF,7F80
71F0,7F80
71F1,7F80
71F2,7F80
71F3,7F80
71F4,7F80
71F5,7F80
71F6,7F80
71F7,7F80
71F8,7F80
71F9,7F80
71FA,7F80
71FB,7F80
71FC,7F80
71FD,7F80
71FE,7F80
71FF,7F80
7200,7F80
7201,7F80
7202,7F80
7203,7F80
7204,7F80
7205,7F80
7206,7F80
7207,7F80
7208,7F80
7209,7F80
720A,7F80
720B,7F80
720C,7F80
720D,7F80
720E,7F80
720F,7F80
7210,7F80
7211,7F80
7212,7F80
7213,7F80
7214,7F80
7215,7F80
7216,7F80
7217,7F80
7218,7F80
7219,7F80
721A,7F80
721B,7F80
721C,7F80
721D,7F80
721E,7F80
721F,7F80
7220,7F80
7221,7F80
7222,7F80
7223,7F80
7224,7F80
7225,7F80
7226,7F80
7227,7F80
7228,7F80
7229,7F80
722A,7F80
722B,7F80
722C,7F80
722D,7F80
722E,7F80
722F,7F80
7230,7F80
7231,7F80
7232,7F80
7233,7F80
7234,7F80
7235,7F80
7236,7F80
7237,7F80
7238,7F80
7239,7F80
723A,7F80
723B,7F80
723C,7F80
723D,7F80
723E,7F80
723F,7F80
7240,7F80
7241,7F80
7242,7F80
7243,7F80
7244,7F80
7245,7F80
7246,7F80
7247,7F80
7248,7F80
7249,7F80
724A,7F80
724B,7F80
724C,7F80
724D,7F80
724E,7F80
724F,7F80
7250,7F80
7251,7F80
7252,7F80
7253,7F80
7254,7F80
7255,7F80
7256,7F80
7257,7F80
7258,7F80
7259,7F80
725A,7F80
725B,7F80
725C,7F80
725D,7F80
725E,7F80
725F,7F80
7260,7F80
7261,7F80
7262,7F80
7263,7F80
7264,7F80
7265,7F80
7266,7F80
7267,7F80
7268,7F80
7269,7F80
726A,7F80
726B,7F80
726C,7F80
726D,7F80
726E,7F80
726F,7F80
7270,7F80
7271,7F80
7272,7F80
7273,7F80
7274,7F80
7275,7F80
7276,7F80
7277,7F80
7278,7F80
7279,7F80
727A,7F80
727B,7F80
727C,7F80
727D,7F80
727E,7F80
727F,7F80
7280,7F80
7281,7F80
7282,7F80
7283,7F80
7284,7F80
7285,7F80
7286,7F80
7287,7F80
7288,7F80
7289,7F80
728A,7F80
728B,7F80
728C,7F80
728D,7F80
728E,7F80
728F,7F80
7290,7F80
7291,7F80
7292,7F80
7293,7F80
7294,7F80
7295,7F80
7296,7F80
7297,7F80
7298,7F80
7299,7F80
729A,7F80
729B,7F80
729C,7F80
729D,7F80
729E,7F80
729F,7F80
72A0,7F80
72A1,7F80
72A2,7F80
72A3,7F80
72A4,7F80
72A5,7F80
72A6,7F80
72A7,7F80
72A8,7F80
72A9,7F80
72AA,7F80
72AB,7F80
72AC,7F80
72AD,7F80
72AE,7F80
72AF,7F80
72B0,7F80
72B1,7F80
72B2,7F80
72B3,7F80
72B4,7F80
72B5,7F80
72B6,7F80
72B7,7F80
72B8,7F80
72B9,7F80
72BA,7F80
72BB,7F80
72BC,7F80
72BD,7F80
72BE,7F80
72BF,7F80
72C0,7F80
72C1,7F80
72C2,7F80
72C3,7F80
72C4,7F80
72C5,7F80
72C6,7F80
72C7,7F80
72C8,7F80
72C9,7F80
72CA,7F80
72CB,7F80
72CC,7F80
72CD,7F80
72CE,7F80
72CF,7F80
72D0,7F80
72D1,7F80
72D2,7F80
72D3,7F80
72D4,7F80
72D5,7F80
72D6,7F80
72D7,7F80
72D8,7F80
72D9,7F80
72DA,7F80
72DB,7F80
72DC,7F80
72DD,7F80
72DE,7F80
72DF,7F80
72E0,7F80
72E1,7F80
72E2,7F80
72E3,7F80
72E4,7F80
72E5,7F80
72E6,7F80
72E7,7F80
72E8,7F80
72E9,7F80
72EA,7F80
72EB,7F80
72EC,7F80
72ED,7F80
72EE,7F80
72EF,7F80
72F0,7F80
72F1,7F80
72F2,7F80
72F3,7F80
72F4,7F80
72F5,7F80
72F6,7F80
72F7,7F80
72F8,7F80
72F9,7F80
72FA,7F80
72FB,7F80
72FC,7F80
72FD,7F80
72FE,7F80
72FF,7F80
7300,7F80
7301,7F80
7302,7F80
7303,7F80
7304,7F80
7305,7F80
7306,7F80
7307,7F80
7308,7F80
7309,7F80
730A,7F80
730B,7F80
730C,7F80
730D,7F80
730E,7F80
730F,7F80
7310,7F80
7311,7F80
7312,7F80
7313,7F80
7314,7F80
7315,7F80
7316,7F80
7317,7F80
7318,7F80
7319,7F80
731A,7F80
731B,7F80
731C,7F80
731D,7F80
731E,7F80
731F,7F80
7320,7F80
7321,7F80
7322,7F80
7323,7F80
7324,7F80
7325,7F80
7326,7F80
7327,7F80
7328,7F80
7329,7F80
732A,7F80
732B,7F80
732C,7F80
732D,7F80
732E,7F80
732F,7F80
7330,7F80
7331,7F80
7332,7F80
7333,7F80
7334,7F80
7335,7F80
7336,7F80
7337,7F80
7338,7F80
7339,7F80
733A,7F80
733B,7F80
733C,7F80
733D,7F80
733E,7F80
733F,7F80
7340,7F80
7341,7F80
7342,7F80
7343,7F80
7344,7F80
7345,7F80
7346,7F80
7347,7F80
7348,7F80
7349,7F80
734A,7F80
734B,7F80
734C,7F80
734D,7F80
734E,7F80
734F,7F80
7350,7F80
7351,7F80
7352,7F80
7353,7F80
7354,7F80
7355,7F80
7356,7F80
7357,7F80
7358,7F80
7359,7F80
735A,7F80
735B,7F80
735C,7F80
735D,7F80
735E,7F80
735F,7F80
7360,7F80
7361,7F80
7362,7F80
7363,7F80
7364,7F80
7365,7F80
7366,7F80
7367,7F80
7368,7F80
7369,7F80
736A,7F80
736B,7F80
736C,7F80
736D,7F80
736E,7F80
736F,7F80
7370,7F80
7371,7F80
7372,7F80
7373,7F80
7374,7F80
7375,7F80
7376,7F80
7377,7F80
7378,7F80
7379,7F80
737A,7F80
737B,7F80
737C,7F80
737D,7F80
737E,7F80
737F,7F80
7380,7F80
7381,7F80
7382,7F80
7383,7F80
7384,7F80
7385,7F80
7386,7F80
7387,7F80
7388,7F80
7389,7F80
738A,7F80
738B,7F80
738C,7F80
738D,7F80
738E,7F80
738F,7F80
7390,7F80
7391,7F80
7392,7F80
7393,7F80
7394,7F80
7395,7F80
7396,7F80
7397,7F80
7398,7F80
7399,7F80
739A,7F80
739B,7F80
739C,7F80
739D,7F80
739E,7F80
739F,7F80
73A0,7F80
73A1,7F80
73A2,7F80
73A3,7F80
73A4,7F80
73A5,7F80
73A6,7F80
73A7,7F80
73A8,7F80
73A9,7F80
73AA,7F80
73AB,7F80
73AC,7F80
73AD,7F80
73AE,7F80
73AF,7F80
73B0,7F80
73B1,7F80
73B2,7F80
73B3,7F80
73B4,7F80
73B5,7F80
73B6,7F80
73B7,7F80
73B8,7F80
73B9,7F80
73BA,7F80
73BB,7F80
73BC,7F80
73BD,7F80
73BE,7F80
73BF,7F80
73C0,7F80
73C1,7F80
73C2,7F80
73C3,7F80
73C4,7F80
73C5,7F80
73C6,7F80
73C7,7F80
73C8,7F80
73C9,7F80
73CA,7F80
73CB,7F80
73CC,7F80
73CD,7F80
73CE,7F80
73CF,7F80
73D0,7F80
73D1,7F80
73D2,7F80
73D3,7F80
73D4,7F80
73D5,7F80
73D6,7F80
73D7,7F80
73D8,7F80
73D9,7F80
73DA,7F80
73DB,7F80
73DC,7F80
73DD,7F80
73DE,7F80
73DF,7F80
73E0,7F80
73E1,7F80
73E2,7F80
73E3,7F80
73E4,7F80
73E5,7F80
73E6,7F80
73E7,7F80
73E8,7F80
73E9,7F80
73EA,7F80
73EB,7F80
73EC,7F80
73ED,7F80
73EE,7F80
73EF,7F80
73F0,7F80
73F1,7F80
73F2,7F80
73F3,7F80
73F4,7F80
73F5,7F80
73F6,7F80
73F7,7F80
73F8,7F80
73F9,7F80
73FA,7F80
73FB,7F80
73FC,7F80
73FD,7F80
73FE,7F80
73FF,7F80
7400,7F80
7401,7F80
7402,7F80
7403,7F80
7404,7F80
7405,7F80
7406,7F80
7407,7F80
7408,7F80
7409,7F80
740A,7F80
740B,7F80
740C,7F80
740D,7F80
740E,7F80
740F,7F80
7410,7F80
7411,7F80
7412,7F80
7413,7F80
7414,7F80
7415,7F80
7416,7F80
7417,7F80
7418,7F80
7419,7F80
741A,7F80
741B,7F80
741C,7F80
741D,7F80
741E,7F80
741F,7F80
7420,7F80
7421,7F80
7422,7F80
7423,7F80
7424,7F80
7425,7F80
7426,7F80
7427,7F80
7428,7F80
7429,7F80
742A,7F80
742B,7F80
742C,7F80
742D,7F80
742E,7F80
742F,7F80
7430,7F80
7431,7F80
7432,7F80
7433,7F80
7434,7F80
7435,7F80
7436,7F80
7437,7F80
7438,7F80
7439,7F80
743A,7F80
743B,7F80
743C,7F80
743D,7F80
743E,7F80
743F,7F80
7440,7F80
7441,7F80
7442,7F80
7443,7F80
7444,7F80
7445,7F80
7446,7F80
7447,7F80
7448,7F80
7449,7F80
744A,7F80
744B,7F80
744C,7F80
744D,7F80
744E,7F80
744F,7F80
7450,7F80
7451,7F80
7452,7F80
7453,7F80
7454,7F80
7455,7F80
7456,7F80
7457,7F80
7458,7F80
7459,7F80
745A,7F80
745B,7F80
745C,7F80
745D,7F80
745E,7F80
745F,7F80
7460,7F80
7461,7F80
7462,7F80
7463,7F80
7464,7F80
7465,7F80
7466,7F80
7467,7F80
7468,7F80
7469,7F80
746A,7F80
746B,7F80
746C,7F80
746D,7F80
746E,7F80
746F,7F80
7470,7F80
7471,7F80
7472,7F80
7473,7F80
7474,7F80
7475,7F80
7476,7F80
7477,7F80
7478,7F80
7479,7F80
747A,7F80
747B,7F80
747C,7F80
747D,7F80
747E,7F80
747F,7F80
7480,7F80
7481,7F80
7482,7F80
7483,7F80
7484,7F80
7485,7F80
7486,7F80
7487,7F80
7488,7F80
7489,7F80
748A,7F80
748B,7F80
748C,7F80
748D,7F80
748E,7F80
748F,7F80
7490,7F80
7491,7F80
7492,7F80
7493,7F80
7494,7F80
7495,7F80
7496,7F80
7497,7F80
7498,7F80
7499,7F80
749A,7F80
749B,7F80
749C,7F80
749D,7F80
749E,7F80
749F,7F80
74A0,7F80
74A1,7F80
74A2,7F80
74A3,7F80
74A4,7F80
74A5,7F80
74A6,7F80
74A7,7F80
74A8,7F80
74A9,7F80
74AA,7F80
74AB,7F80
74AC,7F80
74AD,7F80
74AE,7F80
74AF,7F80
74B0,7F80
74B1,7F80
74B2,7F80
74B3,7F80
74B4,7F80
74B5,7F80
74B6,7F80
74B7,7F80
74B8,7F80
74B9,7F80
74BA,7F80
74BB,7F80
74BC,7F80
74BD,7F80
74BE,7F80
74BF,7F80
74C0,7F80
74C1,7F80
74C2,7F80
74C3,7F80
74C4,7F80
74C5,7F80
74C6,7F80
74C7,7F80
74C8,7F80
74C9,7F80
74CA,7F80
74CB,7F80
74CC,7F80
74CD,7F80
74CE,7F80
74CF,7F80
74D0,7F80
74D1,7F80
74D2,7F80
74D3,7F80
74D4,7F80
74D5,7F80
74D6,7F80
74D7,7F80
74D8,7F80
74D9,7F80
74DA,7F80
74DB,7F80
74DC,7F80
74DD,7F80
74DE,7F80
74DF,7F80
74E0,7F80
74E1,7F80
74E2,7F80
74E3,7F80
74E4,7F80
74E5,7F80
74E6,7F80
74E7,7F80
74E8,7F80
74E9,7F80
74EA,7F80
74EB,7F80
74EC,7F80
74ED,7F80
74EE,7F80
74EF,7F80
74F0,7F80
74F1,7F80
74F2,7F80
74F3,7F80
74F4,7F80
74F5,7F80
74F6,7F80
74F7,7F80
74F8,7F80
74F9,7F80
74FA,7F80
74FB,7F80
74FC,7F80
74FD,7F80
74FE,7F80
74FF,7F80
7500,7F80
7501,7F80
7502,7F80
7503,7F80
7504,7F80
7505,7F80
7506,7F80
7507,7F80
7508,7F80
7509,7F80
750A,7F80
750B,7F80
750C,7F80
750D,7F80
750E,7F80
750F,7F80
7510,7F80
7511,7F80
7512,7F80
7513,7F80
7514,7F80
7515,7F80
7516,7F80
7517,7F80
7518,7F80
7519,7F80
751A,7F80
751B,7F80
751C,7F80
751D,7F80
751E,7F80
751F,7F80
7520,7F80
7521,7F80
7522,7F80
7523,7F80
7524,7F80
7525,7F80
7526,7F80
7527,7F80
7528,7F80
7529,7F80
752A,7F80
752B,7F80
752C,7F80
752D,7F80
752E,7F80
752F,7F80
7530,7F80
7531,7F80
7532,7F80
7533,7F80
7534,7F80
7535,7F80
7536,7F80
7537,7F80
7538,7F80
7539,7F80
753A,7F80
753B,7F80
753C,7F80
753D,7F80
753E,7F80
753F,7F80
7540,7F80
7541,7F80
7542,7F80
7543,7F80
7544,7F80
7545,7F80
7546,7F80
7547,7F80
7548,7F80
7549,7F80
754A,7F80
754B,7F80
754C,7F80
754D,7F80
754E,7F80
754F,7F80
7550,7F80
7551,7F80
7552,7F80
7553,7F80
7554,7F80
7555,7F80
7556,7F80
7557,7F80
7558,7F80
7559,7F80
755A,7F80
755B,7F80
755C,7F80
755D,7F80
755E,7F80
755F,7F80
7560,7F80
7561,7F80
7562,7F80
7563,7F80
7564,7F80
7565,7F80
7566,7F80
7567,7F80
7568,7F80
7569,7F80
756A,7F80
756B,7F80
756C,7F80
756D,7F80
756E,7F80
756F,7F80
7570,7F80
7571,7F80
7572,7F80
7573,7F80
7574,7F80
7575,7F80
7576,7F80
7577,7F80
7578,7F80
7579,7F80
757A,7F80
757B,7F80
757C,7F80
757D,7F80
757E,7F80
757F,7F80
7580,7F80
7581,7F80
7582,7F80
7583,7F80
7584,7F80
7585,7F80
7586,7F80
7587,7F80
7588,7F80
7589,7F80
758A,7F80
758B,7F80
758C,7F80
758D,7F80
758E,7F80
758F,7F80
7590,7F80
7591,7F80
7592,7F80
7593,7F80
7594,7F80
7595,7F80
7596,7F80
7597,7F80
7598,7F80
7599,7F80
759A,7F80
759B,7F80
759C,7F80
759D,7F80
759E,7F80
759F,7F80
75A0,7F80
75A1,7F80
75A2,7F80
75A3,7F80
75A4,7F80
75A5,7F80
75A6,7F80
75A7,7F80
75A8,7F80
75A9,7F80
75AA,7F80
75AB,7F80
75AC,7F80
75AD,7F80
75AE,7F80
75AF,7F80
75B0,7F80
75B1,7F80
75B2,7F80
75B3,7F80
75B4,7F80
75B5,7F80
75B6,7F80
75B7,7F80
75B8,7F80
75B9,7F80
75BA,7F80
75BB,7F80
75BC,7F80
75BD,7F80
75BE,7F80
75BF,7F80
75C0,7F80
75C1,7F80
75C2,7F80
75C3,7F80
75C4,7F80
75C5,7F80
75C6,7F80
75C7,7F80
75C8,7F80
75C9,7F80
75CA,7F80
75CB,7F80
75CC,7F80
75CD,7F80
75CE,7F80
75CF,7F80
75D0,7F80
75D1,7F80
75D2,7F80
75D3,7F80
75D4,7F80
75D5,7F80
75D6,7F80
75D7,7F80
75D8,7F80
75D9,7F80
75DA,7F80
75DB,7F80
75DC,7F80
75DD,7F80
75DE,7F80
75DF,7F80
75E0,7F80
75E1,7F80
75E2,7F80
75E3,7F80
75E4,7F80
75E5,7F80
75E6,7F80
75E7,7F80
75E8,7F80
75E9,7F80
75EA,7F80
75EB,7F80
75EC,7F80
75ED,7F80
75EE,7F80
75EF,7F80
75F0,7F80
75F1,7F80
75F2,7F80
75F3,7F80
75F4,7F80
75F5,7F80
75F6,7F80
75F7,7F80
75F8,7F80
75F9,7F80
75FA,7F80
75FB,7F80
75FC,7F80
75FD,7F80
75FE,7F80
75FF,7F80
7600,7F80
7601,7F80
7602,7F80
7603,7F80
7604,7F80
7605,7F80
7606,7F80
7607,7F80
7608,7F80
7609,7F80
760A,7F80
760B,7F80
760C,7F80
760D,7F80
760E,7F80
760F,7F80
7610,7F80
7611,7F80
7612,7F80
7613,7F80
7614,7F80
7615,7F80
7616,7F80
7617,7F80
7618,7F80
7619,7F80
761A,7F80
761B,7F80
761C,7F80
761D,7F80
761E,7F80
761F,7F80
7620,7F80
7621,7F80
7622,7F80
7623,7F80
7624,7F80
7625,7F80
7626,7F80
7627,7F80
7628,7F80
7629,7F80
762A,7F80
762B,7F80
762C,7F80
762D,7F80
762E,7F80
762F,7F80
7630,7F80
7631,7F80
7632,7F80
7633,7F80
7634,7F80
7635,7F80
7636,7F80
7637,7F80
7638,7F80
7639,7F80
763A,7F80
763B,7F80
763C,7F80
763D,7F80
763E,7F80
763F,7F80
7640,7F80
7641,7F80
7642,7F80
7643,7F80
7644,7F80
7645,7F80
7646,7F80
7647,7F80
7648,7F80
7649,7F80
764A,7F80
764B,7F80
764C,7F80
764D,7F80
764E,7F80
764F,7F80
7650,7F80
7651,7F80
7652,7F80
7653,7F80
7654,7F80
7655,7F80
7656,7F80
7657,7F80
7658,7F80
7659,7F80
765A,7F80
765B,7F80
765C,7F80
765D,7F80
765E,7F80
765F,7F80
7660,7F80
7661,7F80
7662,7F80
7663,7F80
7664,7F80
7665,7F80
7666,7F80
7667,7F80
7668,7F80
7669,7F80
766A,7F80
766B,7F80
766C,7F80
766D,7F80
766E,7F80
766F,7F80
7670,7F80
7671,7F80
7672,7F80
7673,7F80
7674,7F80
7675,7F80
7676,7F80
7677,7F80
7678,7F80
7679,7F80
767A,7F80
767B,7F80
767C,7F80
767D,7F80
767E,7F80
767F,7F80
7680,7F80
7681,7F80
7682,7F80
7683,7F80
7684,7F80
7685,7F80
7686,7F80
7687,7F80
7688,7F80
7689,7F80
768A,7F80
768B,7F80
768C,7F80
768D,7F80
768E,7F80
768F,7F80
7690,7F80
7691,7F80
7692,7F80
7693,7F80
7694,7F80
7695,7F80
7696,7F80
7697,7F80
7698,7F80
7699,7F80
769A,7F80
769B,7F80
769C,7F80
769D,7F80
769E,7F80
769F,7F80
76A0,7F80
76A1,7F80
76A2,7F80
76A3,7F80
76A4,7F80
76A5,7F80
76A6,7F80
76A7,7F80
76A8,7F80
76A9,7F80
76AA,7F80
76AB,7F80
76AC,7F80
76AD,7F80
76AE,7F80
76AF,7F80
76B0,7F80
76B1,7F80
76B2,7F80
76B3,7F80
76B4,7F80
76B5,7F80
76B6,7F80
76B7,7F80
76B8,7F80
76B9,7F80
76BA,7F80
76BB,7F80
76BC,7F80
76BD,7F80
76BE,7F80
76BF,7F80
76C0,7F80
76C1,7F80
76C2,7F80
76C3,7F80
76C4,7F80
76C5,7F80
76C6,7F80
76C7,7F80
76C8,7F80
76C9,7F80
76CA,7F80
76CB,7F80
76CC,7F80
76CD,7F80
76CE,7F80
76CF,7F80
76D0,7F80
76D1,7F80
76D2,7F80
76D3,7F80
76D4,7F80
76D5,7F80
76D6,7F80
76D7,7F80
76D8,7F80
76D9,7F80
76DA,7F80
76DB,7F80
76DC,7F80
76DD,7F80
76DE,7F80
76DF,7F80
76E0,7F80
76E1,7F80
76E2,7F80
76E3,7F80
76E4,7F80
76E5,7F80
76E6,7F80
76E7,7F80
76E8,7F80
76E9,7F80
76EA,7F80
76EB,7F80
76EC,7F80
76ED,7F80
76EE,7F80
76EF,7F80
76F0,7F80
76F1,7F80
76F2,7F80
76F3,7F80
76F4,7F80
76F5,7F80
76F6,7F80
76F7,7F80
76F8,7F80
76F9,7F80
76FA,7F80
76FB,7F80
76FC,7F80
76FD,7F80
76FE,7F80
76FF,7F80
7700,7F80
7701,7F80
7702,7F80
7703,7F80
7704,7F80
7705,7F80
7706,7F80
7707,7F80
7708,7F80
7709,7F80
770A,7F80
770B,7F80
770C,7F80
770D,7F80
770E,7F80
770F,7F80
7710,7F80
7711,7F80
7712,7F80
7713,7F80
7714,7F80
7715,7F80
7716,7F80
7717,7F80
7718,7F80
7719,7F80
771A,7F80
771B,7F80
771C,7F80
771D,7F80
771E,7F80
771F,7F80
7720,7F80
7721,7F80
7722,7F80
7723,7F80
7724,7F80
7725,7F80
7726,7F80
7727,7F80
7728,7F80
7729,7F80
772A,7F80
772B,7F80
772C,7F80
772D,7F80
772E,7F80
772F,7F80
7730,7F80
7731,7F80
7732,7F80
7733,7F80
7734,7F80
7735,7F80
7736,7F80
7737,7F80
7738,7F80
7739,7F80
773A,7F80
773B,7F80
773C,7F80
773D,7F80
773E,7F80
773F,7F80
7740,7F80
7741,7F80
7742,7F80
7743,7F80
7744,7F80
7745,7F80
7746,7F80
7747,7F80
7748,7F80
7749,7F80
774A,7F80
774B,7F80
774C,7F80
774D,7F80
774E,7F80
774F,7F80
7750,7F80
7751,7F80
7752,7F80
7753,7F80
7754,7F80
7755,7F80
7756,7F80
7757,7F80
7758,7F80
7759,7F80
775A,7F80
775B,7F80
775C,7F80
775D,7F80
775E,7F80
775F,7F80
7760,7F80
7761,7F80
7762,7F80
7763,7F80
7764,7F80
7765,7F80
7766,7F80
7767,7F80
7768,7F80
7769,7F80
776A,7F80
776B,7F80
776C,7F80
776D,7F80
776E,7F80
776F,7F80
7770,7F80
7771,7F80
7772,7F80
7773,7F80
7774,7F80
7775,7F80
7776,7F80
7777,7F80
7778,7F80
7779,7F80
777A,7F80
777B,7F80
777C,7F80
777D,7F80
777E,7F80
777F,7F80
7780,7F80
7781,7F80
7782,7F80
7783,7F80
7784,7F80
7785,7F80
7786,7F80
7787,7F80
7788,7F80
7789,7F80
778A,7F80
778B,7F80
778C,7F80
778D,7F80
778E,7F80
778F,7F80
7790,7F80
7791,7F80
7792,7F80
7793,7F80
7794,7F80
7795,7F80
7796,7F80
7797,7F80
7798,7F80
7799,7F80
779A,7F80
779B,7F80
779C,7F80
779D,7F80
779E,7F80
779F,7F80
77A0,7F80
77A1,7F80
77A2,7F80
77A3,7F80
77A4,7F80
77A5,7F80
77A6,7F80
77A7,7F80
77A8,7F80
77A9,7F80
77AA,7F80
77AB,7F80
77AC,7F80
77AD,7F80
77AE,7F80
77AF,7F80
77B0,7F80
77B1,7F80
77B2,7F80
77B3,7F80
77B4,7F80
77B5,7F80
77B6,7F80
77B7,7F80
77B8,7F80
77B9,7F80
77BA,7F80
77BB,7F80
77BC,7F80
77BD,7F80
77BE,7F80
77BF,7F80
77C0,7F80
77C1,7F80
77C2,7F80
77C3,7F80
77C4,7F80
77C5,7F80
77C6,7F80
77C7,7F80
77C8,7F80
77C9,7F80
77CA,7F80
77CB,7F80
77CC,7F80
77CD,7F80
77CE,7F80
77CF,7F80
77D0,7F80
77D1,7F80
77D2,7F80
77D3,7F80
77D4,7F80
77D5,7F80
77D6,7F80
77D7,7F80
77D8,7F80
77D9,7F80
77DA,7F80
77DB,7F80
77DC,7F80
77DD,7F80
77DE,7F80
77DF,7F80
77E0,7F80
77E1,7F80
77E2,7F80
77E3,7F80
77E4,7F80
77E5,7F80
77E6,7F80
77E7,7F80
77E8,7F80
77E9,7F80
77EA,7F80
77EB,7F80
77EC,7F80
77ED,7F80
77EE,7F80
77EF,7F80
77F0,7F80
77F1,7F80
77F2,7F80
77F3,7F80
77F4,7F80
77F5,7F80
77F6,7F80
77F7,7F80
77F8,7F80
77F9,7F80
77FA,7F80
77FB,7F80
77FC,7F80
77FD,7F80
77FE,7F80
77FF,7F80
7800,7F80
7801,7F80
7802,7F80
7803,7F80
7804,7F80
7805,7F80
7806,7F80
7807,7F80
7808,7F80
7809,7F80
780A,7F80
780B,7F80
780C,7F80
780D,7F80
780E,7F80
780F,7F80
7810,7F80
7811,7F80
7812,7F80
7813,7F80
7814,7F80
7815,7F80
7816,7F80
7817,7F80
7818,7F80
7819,7F80
781A,7F80
781B,7F80
781C,7F80
781D,7F80
781E,7F80
781F,7F80
7820,7F80
7821,7F80
7822,7F80
7823,7F80
7824,7F80
7825,7F80
7826,7F80
7827,7F80
7828,7F80
7829,7F80
782A,7F80
782B,7F80
782C,7F80
782D,7F80
782E,7F80
782F,7F80
7830,7F80
7831,7F80
7832,7F80
7833,7F80
7834,7F80
7835,7F80
7836,7F80
7837,7F80
7838,7F80
7839,7F80
783A,7F80
783B,7F80
783C,7F80
783D,7F80
783E,7F80
783F,7F80
7840,7F80
7841,7F80
7842,7F80
7843,7F80
7844,7F80
7845,7F80
7846,7F80
7847,7F80
7848,7F80
7849,7F80
784A,7F80
784B,7F80
784C,7F80
784D,7F80
784E,7F80
784F,7F80
7850,7F80
7851,7F80
7852,7F80
7853,7F80
7854,7F80
7855,7F80
7856,7F80
7857,7F80
7858,7F80
7859,7F80
785A,7F80
785B,7F80
785C,7F80
785D,7F80
785E,7F80
785F,7F80
7860,7F80
7861,7F80
7862,7F80
7863,7F80
7864,7F80
7865,7F80
7866,7F80
7867,7F80
7868,7F80
7869,7F80
786A,7F80
786B,7F80
786C,7F80
786D,7F80
786E,7F80
786F,7F80
7870,7F80
7871,7F80
7872,7F80
7873,7F80
7874,7F80
7875,7F80
7876,7F80
7877,7F80
7878,7F80
7879,7F80
787A,7F80
787B,7F80
787C,7F80
787D,7F80
787E,7F80
787F,7F80
7880,7F80
7881,7F80
7882,7F80
7883,7F80
7884,7F80
7885,7F80
7886,7F80
7887,7F80
7888,7F80
7889,7F80
788A,7F80
788B,7F80
788C,7F80
788D,7F80
788E,7F80
788F,7F80
7890,7F80
7891,7F80
7892,7F80
7893,7F80
7894,7F80
7895,7F80
7896,7F80
7897,7F80
7898,7F80
7899,7F80
789A,7F80
789B,7F80
789C,7F80
789D,7F80
789E,7F80
789F,7F80
78A0,7F80
78A1,7F80
78A2,7F80
78A3,7F80
78A4,7F80
78A5,7F80
78A6,7F80
78A7,7F80
78A8,7F80
78A9,7F80
78AA,7F80
78AB,7F80
78AC,7F80
78AD,7F80
78AE,7F80
78AF,7F80
78B0,7F80
78B1,7F80
78B2,7F80
78B3,7F80
78B4,7F80
78B5,7F80
78B6,7F80
78B7,7F80
78B8,7F80
78B9,7F80
78BA,7F80
78BB,7F80
78BC,7F80
78BD,7F80
78BE,7F80
78BF,7F80
78C0,7F80
78C1,7F80
78C2,7F80
78C3,7F80
78C4,7F80
78C5,7F80
78C6,7F80
78C7,7F80
78C8,7F80
78C9,7F80
78CA,7F80
78CB,7F80
78CC,7F80
78CD,7F80
78CE,7F80
78CF,7F80
78D0,7F80
78D1,7F80
78D2,7F80
78D3,7F80
78D4,7F80
78D5,7F80
78D6,7F80
78D7,7F80
78D8,7F80
78D9,7F80
78DA,7F80
78DB,7F80
78DC,7F80
78DD,7F80
78DE,7F80
78DF,7F80
78E0,7F80
78E1,7F80
78E2,7F80
78E3,7F80
78E4,7F80
78E5,7F80
78E6,7F80
78E7,7F80
78E8,7F80
78E9,7F80
78EA,7F80
78EB,7F80
78EC,7F80
78ED,7F80
78EE,7F80
78EF,7F80
78F0,7F80
78F1,7F80
78F2,7F80
78F3,7F80
78F4,7F80
78F5,7F80
78F6,7F80
78F7,7F80
78F8,7F80
78F9,7F80
78FA,7F80
78FB,7F80
78FC,7F80
78FD,7F80
78FE,7F80
78FF,7F80
7900,7F80
7901,7F80
7902,7F80
7903,7F80
7904,7F80
7905,7F80
7906,7F80
7907,7F80
7908,7F80
7909,7F80
790A,7F80
790B,7F80
790C,7F80
790D,7F80
790E,7F80
790F,7F80
7910,7F80
7911,7F80
7912,7F80
7913,7F80
7914,7F80
7915,7F80
7916,7F80
7917,7F80
7918,7F80
7919,7F80
791A,7F80
791B,7F80
791C,7F80
791D,7F80
791E,7F80
791F,7F80
7920,7F80
7921,7F80
7922,7F80
7923,7F80
7924,7F80
7925,7F80
7926,7F80
7927,7F80
7928,7F80
7929,7F80
792A,7F80
792B,7F80
792C,7F80
792D,7F80
792E,7F80
792F,7F80
7930,7F80
7931,7F80
7932,7F80
7933,7F80
7934,7F80
7935,7F80
7936,7F80
7937,7F80
7938,7F80
7939,7F80
793A,7F80
793B,7F80
793C,7F80
793D,7F80
793E,7F80
793F,7F80
7940,7F80
7941,7F80
7942,7F80
7943,7F80
7944,7F80
7945,7F80
7946,7F80
7947,7F80
7948,7F80
7949,7F80
794A,7F80
794B,7F80
794C,7F80
794D,7F80
794E,7F80
794F,7F80
7950,7F80
7951,7F80
7952,7F80
7953,7F80
7954,7F80
7955,7F80
7956,7F80
7957,7F80
7958,7F80
7959,7F80
795A,7F80
795B,7F80
795C,7F80
795D,7F80
795E,7F80
795F,7F80
7960,7F80
7961,7F80
7962,7F80
7963,7F80
7964,7F80
7965,7F80
7966,7F80
7967,7F80
7968,7F80
7969,7F80
796A,7F80
796B,7F80
796C,7F80
796D,7F80
796E,7F80
796F,7F80
7970,7F80
7971,7F80
7972,7F80
7973,7F80
7974,7F80
7975,7F80
7976,7F80
7977,7F80
7978,7F80
7979,7F80
797A,7F80
797B,7F80
797C,7F80
797D,7F80
797E,7F80
797F,7F80
7980,7F80
7981,7F80
7982,7F80
7983,7F80
7984,7F80
7985,7F80
7986,7F80
7987,7F80
7988,7F80
7989,7F80
798A,7F80
798B,7F80
798C,7F80
798D,7F80
798E,7F80
798F,7F80
7990,7F80
7991,7F80
7992,7F80
7993,7F80
7994,7F80
7995,7F80
7996,7F80
7997,7F80
7998,7F80
7999,7F80
799A,7F80
799B,7F80
799C,7F80
799D,7F80
799E,7F80
799F,7F80
79A0,7F80
79A1,7F80
79A2,7F80
79A3,7F80
79A4,7F80
79A5,7F80
79A6,7F80
79A7,7F80
79A8,7F80
79A9,7F80
79AA,7F80
79AB,7F80
79AC,7F80
79AD,7F80
79AE,7F80
79AF,7F80
79B0,7F80
79B1,7F80
79B2,7F80
79B3,7F80
79B4,7F80
79B5,7F80
79B6,7F80
79B7,7F80
79B8,7F80
79B9,7F80
79BA,7F80
79BB,7F80
79BC,7F80
79BD,7F80
79BE,7F80
79BF,7F80
79C0,7F80
79C1,7F80
79C2,7F80
79C3,7F80
79C4,7F80
79C5,7F80
79C6,7F80
79C7,7F80
79C8,7F80
79C9,7F80
79CA,7F80
79CB,7F80
79CC,7F80
79CD,7F80
79CE,7F80
79CF,7F80
79D0,7F80
79D1,7F80
79D2,7F80
79D3,7F80
79D4,7F80
79D5,7F80
79D6,7F80
79D7,7F80
79D8,7F80
79D9,7F80
79DA,7F80
79DB,7F80
79DC,7F80
79DD,7F80
79DE,7F80
79DF,7F80
79E0,7F80
79E1,7F80
79E2,7F80
79E3,7F80
79E4,7F80
79E5,7F80
79E6,7F80
79E7,7F80
79E8,7F80
79E9,7F80
79EA,7F80
79EB,7F80
79EC,7F80
79ED,7F80
79EE,7F80
79EF,7F80
79F0,7F80
79F1,7F80
79F2,7F80
79F3,7F80
79F4,7F80
79F5,7F80
79F6,7F80
79F7,7F80
79F8,7F80
79F9,7F80
79FA,7F80
79FB,7F80
79FC,7F80
79FD,7F80
79FE,7F80
79FF,7F80
7A00,7F80
7A01,7F80
7A02,7F80
7A03,7F80
7A04,7F80
7A05,7F80
7A06,7F80
7A07,7F80
7A08,7F80
7A09,7F80
7A0A,7F80
7A0B,7F80
7A0C,7F80
7A0D,7F80
7A0E,7F80
7A0F,7F80
7A10,7F80
7A11,7F80
7A12,7F80
7A13,7F80
7A14,7F80
7A15,7F80
7A16,7F80
7A17,7F80
7A18,7F80
7A19,7F80
7A1A,7F80
7A1B,7F80
7A1C,7F80
7A1D,7F80
7A1E,7F80
7A1F,7F80
7A20,7F80
7A21,7F80
7A22,7F80
7A23,7F80
7A24,7F80
7A25,7F80
7A26,7F80
7A27,7F80
7A28,7F80
7A29,7F80
7A2A,7F80
7A2B,7F80
7A2C,7F80
7A2D,7F80
7A2E,7F80
7A2F,7F80
7A30,7F80
7A31,7F80
7A32,7F80
7A33,7F80
7A34,7F80
7A35,7F80
7A36,7F80
7A37,7F80
7A38,7F80
7A39,7F80
7A3A,7F80
7A3B,7F80
7A3C,7F80
7A3D,7F80
7A3E,7F80
7A3F,7F80
7A40,7F80
7A41,7F80
7A42,7F80
7A43,7F80
7A44,7F80
7A45,7F80
7A46,7F80
7A47,7F80
7A48,7F80
7A49,7F80
7A4A,7F80
7A4B,7F80
7A4C,7F80
7A4D,7F80
7A4E,7F80
7A4F,7F80
7A50,7F80
7A51,7F80
7A52,7F80
7A53,7F80
7A54,7F80
7A55,7F80
7A56,7F80
7A57,7F80
7A58,7F80
7A59,7F80
7A5A,7F80
7A5B,7F80
7A5C,7F80
7A5D,7F80
7A5E,7F80
7A5F,7F80
7A60,7F80
7A61,7F80
7A62,7F80
7A63,7F80
7A64,7F80
7A65,7F80
7A66,7F80
7A67,7F80
7A68,7F80
7A69,7F80
7A6A,7F80
7A6B,7F80
7A6C,7F80
7A6D,7F80
7A6E,7F80
7A6F,7F80
7A70,7F80
7A71,7F80
7A72,7F80
7A73,7F80
7A74,7F80
7A75,7F80
7A76,7F80
7A77,7F80
7A78,7F80
7A79,7F80
7A7A,7F80
7A7B,7F80
7A7C,7F80
7A7D,7F80
7A7E,7F80
7A7F,7F80
7A80,7F80
7A81,7F80
7A82,7F80
7A83,7F80
7A84,7F80
7A85,7F80
7A86,7F80
7A87,7F80
7A88,7F80
7A89,7F80
7A8A,7F80
7A8B,7F80
7A8C,7F80
7A8D,7F80
7A8E,7F80
7A8F,7F80
7A90,7F80
7A91,7F80
7A92,7F80
7A93,7F80
7A94,7F80
7A95,7F80
7A96,7F80
7A97,7F80
7A98,7F80
7A99,7F80
7A9A,7F80
7A9B,7F80
7A9C,7F80
7A9D,7F80
7A9E,7F80
7A9F,7F80
7AA0,7F80
7AA1,7F80
7AA2,7F80
7AA3,7F80
7AA4,7F80
7AA5,7F80
7AA6,7F80
7AA7,7F80
7AA8,7F80
7AA9,7F80
7AAA,7F80
7AAB,7F80
7AAC,7F80
7AAD,7F80
7AAE,7F80
7AAF,7F80
7AB0,7F80
7AB1,7F80
7AB2,7F80
7AB3,7F80
7AB4,7F80
7AB5,7F80
7AB6,7F80
7AB7,7F80
7AB8,7F80
7AB9,7F80
7ABA,7F80
7ABB,7F80
7ABC,7F80
7ABD,7F80
7ABE,7F80
7ABF,7F80
7AC0,7F80
7AC1,7F80
7AC2,7F80
7AC3,7F80
7AC4,7F80
7AC5,7F80
7AC6,7F80
7AC7,7F80
7AC8,7F80
7AC9,7F80
7ACA,7F80
7ACB,7F80
7ACC,7F80
7ACD,7F80
7ACE,7F80
7ACF,7F80
7AD0,7F80
7AD1,7F80
7AD2,7F80
7AD3,7F80
7AD4,7F80
7AD5,7F80
7AD6,7F80
7AD7,7F80
7AD8,7F80
7AD9,7F80
7ADA,7F80
7ADB,7F80
7ADC,7F80
7ADD,7F80
7ADE,7F80
7ADF,7F80
7AE0,7F80
7AE1,7F80
7AE2,7F80
7AE3,7F80
7AE4,7F80
7AE5,7F80
7AE6,7F80
7AE7,7F80
7AE8,7F80
7AE9,7F80
7AEA,7F80
7AEB,7F80
7AEC,7F80
7AED,7F80
7AEE,7F80
7AEF,7F80
7AF0,7F80
7AF1,7F80
7AF2,7F80
7AF3,7F80
7AF4,7F80
7AF5,7F80
7AF6,7F80
7AF7,7F80
7AF8,7F80
7AF9,7F80
7AFA,7F80
7AFB,7F80
7AFC,7F80
7AFD,7F80
7AFE,7F80
7AFF,7F80
7B00,7F80
7B01,7F80
7B02,7F80
7B03,7F80
7B04,7F80
7B05,7F80
7B06,7F80
7B07,7F80
7B08,7F80
7B09,7F80
7B0A,7F80
7B0B,7F80
7B0C,7F80
7B0D,7F80
7B0E,7F80
7B0F,7F80
7B10,7F80
7B11,7F80
7B12,7F80
7B13,7F80
7B14,7F80
7B15,7F80
7B16,7F80
7B17,7F80
7B18,7F80
7B19,7F80
7B1A,7F80
7B1B,7F80
7B1C,7F80
7B1D,7F80
7B1E,7F80
7B1F,7F80
7B20,7F80
7B21,7F80
7B22,7F80
7B23,7F80
7B24,7F80
7B25,7F80
7B26,7F80
7B27,7F80
7B28,7F80
7B29,7F80
7B2A,7F80
7B2B,7F80
7B2C,7F80
7B2D,7F80
7B2E,7F80
7B2F,7F80
7B30,7F80
7B31,7F80
7B32,7F80
7B33,7F80
7B34,7F80
7B35,7F80
7B36,7F80
7B37,7F80
7B38,7F80
7B39,7F80
7B3A,7F80
7B3B,7F80
7B3C,7F80
7B3D,7F80
7B3E,7F80
7B3F,7F80
7B40,7F80
7B41,7F80
7B42,7F80
7B43,7F80
7B44,7F80
7B45,7F80
7B46,7F80
7B47,7F80
7B48,7F80
7B49,7F80
7B4A,7F80
7B4B,7F80
7B4C,7F80
7B4D,7F80
7B4E,7F80
7B4F,7F80
7B50,7F80
7B51,7F80
7B52,7F80
7B53,7F80
7B54,7F80
7B55,7F80
7B56,7F80
7B57,7F80
7B58,7F80
7B59,7F80
7B5A,7F80
7B5B,7F80
7B5C,7F80
7B5D,7F80
7B5E,7F80
7B5F,7F80
7B60,7F80
7B61,7F80
7B62,7F80
7B63,7F80
7B64,7F80
7B65,7F80
7B66,7F80
7B67,7F80
7B68,7F80
7B69,7F80
7B6A,7F80
7B6B,7F80
7B6C,7F80
7B6D,7F80
7B6E,7F80
7B6F,7F80
7B70,7F80
7B71,7F80
7B72,7F80
7B73,7F80
7B74,7F80
7B75,7F80
7B76,7F80
7B77,7F80
7B78,7F80
7B79,7F80
7B7A,7F80
7B7B,7F80
7B7C,7F80
7B7D,7F80
7B7E,7F80
7B7F,7F80
7B80,7F80
7B81,7F80
7B82,7F80
7B83,7F80
7B84,7F80
7B85,7F80
7B86,7F80
7B87,7F80
7B88,7F80
7B89,7F80
7B8A,7F80
7B8B,7F80
7B8C,7F80
7B8D,7F80
7B8E,7F80
7B8F,7F80
7B90,7F80
7B91,7F80
7B92,7F80
7B93,7F80
7B94,7F80
7B95,7F80
7B96,7F80
7B97,7F80
7B98,7F80
7B99,7F80
7B9A,7F80
7B9B,7F80
7B9C,7F80
7B9D,7F80
7B9E,7F80
7B9F,7F80
7BA0,7F80
7BA1,7F80
7BA2,7F80
7BA3,7F80
7BA4,7F80
7BA5,7F80
7BA6,7F80
7BA7,7F80
7BA8,7F80
7BA9,7F80
7BAA,7F80
7BAB,7F80
7BAC,7F80
7BAD,7F80
7BAE,7F80
7BAF,7F80
7BB0,7F80
7BB1,7F80
7BB2,7F80
7BB3,7F80
7BB4,7F80
7BB5,7F80
7BB6,7F80
7BB7,7F80
7BB8,7F80
7BB9,7F80
7BBA,7F80
7BBB,7F80
7BBC,7F80
7BBD,7F80
7BBE,7F80
7BBF,7F80
7BC0,7F80
7BC1,7F80
7BC2,7F80
7BC3,7F80
7BC4,7F80
7BC5,7F80
7BC6,7F80
7BC7,7F80
7BC8,7F80
7BC9,7F80
7BCA,7F80
7BCB,7F80
7BCC,7F80
7BCD,7F80
7BCE,7F80
7BCF,7F80
7BD0,7F80
7BD1,7F80
7BD2,7F80
7BD3,7F80
7BD4,7F80
7BD5,7F80
7BD6,7F80
7BD7,7F80
7BD8,7F80
7BD9,7F80
7BDA,7F80
7BDB,7F80
7BDC,7F80
7BDD,7F80
7BDE,7F80
7BDF,7F80
7BE0,7F80
7BE1,7F80
7BE2,7F80
7BE3,7F80
7BE4,7F80
7BE5,7F80
7BE6,7F80
7BE7,7F80
7BE8,7F80
7BE9,7F80
7BEA,7F80
7BEB,7F80
7BEC,7F80
7BED,7F80
7BEE,7F80
7BEF,7F80
7BF0,7F80
7BF1,7F80
7BF2,7F80
7BF3,7F80
7BF4,7F80
7BF5,7F80
7BF6,7F80
7BF7,7F80
7BF8,7F80
7BF9,7F80
7BFA,7F80
7BFB,7F80
7BFC,7F80
7BFD,7F80
7BFE,7F80
7BFF,7F80
7C00,7F80
7C01,7F80
7C02,7F80
7C03,7F80
7C04,7F80
7C05,7F80
7C06,7F80
7C07,7F80
7C08,7F80
7C09,7F80
7C0A,7F80
7C0B,7F80
7C0C,7F80
7C0D,7F80
7C0E,7F80
7C0F,7F80
7C10,7F80
7C11,7F80
7C12,7F80
7C13,7F80
7C14,7F80
7C15,7F80
7C16,7F80
7C17,7F80
7C18,7F80
7C19,7F80
7C1A,7F80
7C1B,7F80
7C1C,7F80
7C1D,7F80
7C1E,7F80
7C1F,7F80
7C20,7F80
7C21,7F80
7C22,7F80
7C23,7F80
7C24,7F80
7C25,7F80
7C26,7F80
7C27,7F80
7C28,7F80
7C29,7F80
7C2A,7F80
7C2B,7F80
7C2C,7F80
7C2D,7F80
7C2E,7F80
7C2F,7F80
7C30,7F80
7C31,7F80
7C32,7F80
7C33,7F80
7C34,7F80
7C35,7F80
7C36,7F80
7C37,7F80
7C38,7F80
7C39,7F80
7C3A,7F80
7C3B,7F80
7C3C,7F80
7C3D,7F80
7C3E,7F80
7C3F,7F80
7C40,7F80
7C41,7F80
7C42,7F80
7C43,7F80
7C44,7F80
7C45,7F80
7C46,7F80
7C47,7F80
7C48,7F80
7C49,7F80
7C4A,7F80
7C4B,7F80
7C4C,7F80
7C4D,7F80
7C4E,7F80
7C4F,7F80
7C50,7F80
7C51,7F80
7C52,7F80
7C53,7F80
7C54,7F80
7C55,7F80
7C56,7F80
7C57,7F80
7C58,7F80
7C59,7F80
7C5A,7F80
7C5B,7F80
7C5C,7F80
7C5D,7F80
7C5E,7F80
7C5F,7F80
7C60,7F80
7C61,7F80
7C62,7F80
7C63,7F80
7C64,7F80
7C65,7F80
7C66,7F80
7C67,7F80
7C68,7F80
7C69,7F80
7C6A,7F80
7C6B,7F80
7C6C,7F80
7C6D,7F80
7C6E,7F80
7C6F,7F80
7C70,7F80
7C71,7F80
7C72,7F80
7C73,7F80
7C74,7F80
7C75,7F80
7C76,7F80
7C77,7F80
7C78,7F80
7C79,7F80
7C7A,7F80
7C7B,7F80
7C7C,7F80
7C7D,7F80
7C7E,7F80
7C7F,7F80
7C80,7F80
7C81,7F80
7C82,7F80
7C83,7F80
7C84,7F80
7C85,7F80
7C86,7F80
7C87,7F80
7C88,7F80
7C89,7F80
7C8A,7F80
7C8B,7F80
7C8C,7F80
7C8D,7F80
7C8E,7F80
7C8F,7F80
7C90,7F80
7C91,7F80
7C92,7F80
7C93,7F80
7C94,7F80
7C95,7F80
7C96,7F80
7C97,7F80
7C98,7F80
7C99,7F80
7C9A,7F80
7C9B,7F80
7C9C,7F80
7C9D,7F80
7C9E,7F80
7C9F,7F80
7CA0,7F80
7CA1,7F80
7CA2,7F80
7CA3,7F80
7CA4,7F80
7CA5,7F80
7CA6,7F80
7CA7,7F80
7CA8,7F80
7CA9,7F80
7CAA,7F80
7CAB,7F80
7CAC,7F80
7CAD,7F80
7CAE,7F80
7CAF,7F80
7CB0,7F80
7CB1,7F80
7CB2,7F80
7CB3,7F80
7CB4,7F80
7CB5,7F80
7CB6,7F80
7CB7,7F80
7CB8,7F80
7CB9,7F80
7CBA,7F80
7CBB,7F80
7CBC,7F80
7CBD,7F80
7CBE,7F80
7CBF,7F80
7CC0,7F80
7CC1,7F80
7CC2,7F80
7CC3,7F80
7CC4,7F80
7CC5,7F80
7CC6,7F80
7CC7,7F80
7CC8,7F80
7CC9,7F80
7CCA,7F80
7CCB,7F80
7CCC,7F80
7CCD,7F80
7CCE,7F80
7CCF,7F80
7CD0,7F80
7CD1,7F80
7CD2,7F80
7CD3,7F80
7CD4,7F80
7CD5,7F80
7CD6,7F80
7CD7,7F80
7CD8,7F80
7CD9,7F80
7CDA,7F80
7CDB,7F80
7CDC,7F80
7CDD,7F80
7CDE,7F80
7CDF,7F80
7CE0,7F80
7CE1,7F80
7CE2,7F80
7CE3,7F80
7CE4,7F80
7CE5,7F80
7CE6,7F80
7CE7,7F80
7CE8,7F80
7CE9,7F80
7CEA,7F80
7CEB,7F80
7CEC,7F80
7CED,7F80
7CEE,7F80
7CEF,7F80
7CF0,7F80
7CF1,7F80
7CF2,7F80
7CF3,7F80
7CF4,7F80
7CF5,7F80
7CF6,7F80
7CF7,7F80
7CF8,7F80
7CF9,7F80
7CFA,7F80
7CFB,7F80
7CFC,7F80
7CFD,7F80
7CFE,7F80
7CFF,7F80
7D00,7F80
7D01,7F80
7D02,7F80
7D03,7F80
7D04,7F80
7D05,7F80
7D06,7F80
7D07,7F80
7D08,7F80
7D09,7F80
7D0A,7F80
7D0B,7F80
7D0C,7F80
7D0D,7F80
7D0E,7F80
7D0F,7F80
7D10,7F80
7D11,7F80
7D12,7F80
7D13,7F80
7D14,7F80
7D15,7F80
7D16,7F80
7D17,7F80
7D18,7F80
7D19,7F80
7D1A,7F80
7D1B,7F80
7D1C,7F80
7D1D,7F80
7D1E,7F80
7D1F,7F80
7D20,7F80
7D21,7F80
7D22,7F80
7D23,7F80
7D24,7F80
7D25,7F80
7D26,7F80
7D27,7F80
7D28,7F80
7D29,7F80
7D2A,7F80
7D2B,7F80
7D2C,7F80
7D2D,7F80
7D2E,7F80
7D2F,7F80
7D30,7F80
7D31,7F80
7D32,7F80
7D33,7F80
7D34,7F80
7D35,7F80
7D36,7F80
7D37,7F80
7D38,7F80
7D39,7F80
7D3A,7F80
7D3B,7F80
7D3C,7F80
7D3D,7F80
7D3E,7F80
7D3F,7F80
7D40,7F80
7D41,7F80
7D42,7F80
7D43,7F80
7D44,7F80
7D45,7F80
7D46,7F80
7D47,7F80
7D48,7F80
7D49,7F80
7D4A,7F80
7D4B,7F80
7D4C,7F80
7D4D,7F80
7D4E,7F80
7D4F,7F80
7D50,7F80
7D51,7F80
7D52,7F80
7D53,7F80
7D54,7F80
7D55,7F80
7D56,7F80
7D57,7F80
7D58,7F80
7D59,7F80
7D5A,7F80
7D5B,7F80
7D5C,7F80
7D5D,7F80
7D5E,7F80
7D5F,7F80
7D60,7F80
7D61,7F80
7D62,7F80
7D63,7F80
7D64,7F80
7D65,7F80
7D66,7F80
7D67,7F80
7D68,7F80
7D69,7F80
7D6A,7F80
7D6B,7F80
7D6C,7F80
7D6D,7F80
7D6E,7F80
7D6F,7F80
7D70,7F80
7D71,7F80
7D72,7F80
7D73,7F80
7D74,7F80
7D75,7F80
7D76,7F80
7D77,7F80
7D78,7F80
7D79,7F80
7D7A,7F80
7D7B,7F80
7D7C,7F80
7D7D,7F80
7D7E,7F80
7D7F,7F80
7D80,7F80
7D81,7F80
7D82,7F80
7D83,7F80
7D84,7F80
7D85,7F80
7D86,7F80
7D87,7F80
7D88,7F80
7D89,7F80
7D8A,7F80
7D8B,7F80
7D8C,7F80
7D8D,7F80
7D8E,7F80
7D8F,7F80
7D90,7F80
7D91,7F80
7D92,7F80
7D93,7F80
7D94,7F80
7D95,7F80
7D96,7F80
7D97,7F80
7D98,7F80
7D99,7F80
7D9A,7F80
7D9B,7F80
7D9C,7F80
7D9D,7F80
7D9E,7F80
7D9F,7F80
7DA0,7F80
7DA1,7F80
7DA2,7F80
7DA3,7F80
7DA4,7F80
7DA5,7F80
7DA6,7F80
7DA7,7F80
7DA8,7F80
7DA9,7F80
7DAA,7F80
7DAB,7F80
7DAC,7F80
7DAD,7F80
7DAE,7F80
7DAF,7F80
7DB0,7F80
7DB1,7F80
7DB2,7F80
7DB3,7F80
7DB4,7F80
7DB5,7F80
7DB6,7F80
7DB7,7F80
7DB8,7F80
7DB9,7F80
7DBA,7F80
7DBB,7F80
7DBC,7F80
7DBD,7F80
7DBE,7F80
7DBF,7F80
7DC0,7F80
7DC1,7F80
7DC2,7F80
7DC3,7F80
7DC4,7F80
7DC5,7F80
7DC6,7F80
7DC7,7F80
7DC8,7F80
7DC9,7F80
7DCA,7F80
7DCB,7F80
7DCC,7F80
7DCD,7F80
7DCE,7F80
7DCF,7F80
7DD0,7F80
7DD1,7F80
7DD2,7F80
7DD3,7F80
7DD4,7F80
7DD5,7F80
7DD6,7F80
7DD7,7F80
7DD8,7F80
7DD9,7F80
7DDA,7F80
7DDB,7F80
7DDC,7F80
7DDD,7F80
7DDE,7F80
7DDF,7F80
7DE0,7F80
7DE1,7F80
7DE2,7F80
7DE3,7F80
7DE4,7F80
7DE5,7F80
7DE6,7F80
7DE7,7F80
7DE8,7F80
7DE9,7F80
7DEA,7F80
7DEB,7F80
7DEC,7F80
7DED,7F80
7DEE,7F80
7DEF,7F80
7DF0,7F80
7DF1,7F80
7DF2,7F80
7DF3,7F80
7DF4,7F80
7DF5,7F80
7DF6,7F80
7DF7,7F80
7DF8,7F80
7DF9,7F80
7DFA,7F80
7DFB,7F80
7DFC,7F80
7DFD,7F80
7DFE,7F80
7DFF,7F80
7E00,7F80
7E01,7F80
7E02,7F80
7E03,7F80
7E04,7F80
7E05,7F80
7E06,7F80
7E07,7F80
7E08,7F80
7E09,7F80
7E0A,7F80
7E0B,7F80
7E0C,7F80
7E0D,7F80
7E0E,7F80
7E0F,7F80
7E10,7F80
7E11,7F80
7E12,7F80
7E13,7F80
7E14,7F80
7E15,7F80
7E16,7F80
7E17,7F80
7E18,7F80
7E19,7F80
7E1A,7F80
7E1B,7F80
7E1C,7F80
7E1D,7F80
7E1E,7F80
7E1F,7F80
7E20,7F80
7E21,7F80
7E22,7F80
7E23,7F80
7E24,7F80
7E25,7F80
7E26,7F80
7E27,7F80
7E28,7F80
7E29,7F80
7E2A,7F80
7E2B,7F80
7E2C,7F80
7E2D,7F80
7E2E,7F80
7E2F,7F80
7E30,7F80
7E31,7F80
7E32,7F80
7E33,7F80
7E34,7F80
7E35,7F80
7E36,7F80
7E37,7F80
7E38,7F80
7E39,7F80
7E3A,7F80
7E3B,7F80
7E3C,7F80
7E3D,7F80
7E3E,7F80
7E3F,7F80
7E40,7F80
7E41,7F80
7E42,7F80
7E43,7F80
7E44,7F80
7E45,7F80
7E46,7F80
7E47,7F80
7E48,7F80
7E49,7F80
7E4A,7F80
7E4B,7F80
7E4C,7F80
7E4D,7F80
7E4E,7F80
7E4F,7F80
7E50,7F80
7E51,7F80
7E52,7F80
7E53,7F80
7E54,7F80
7E55,7F80
7E56,7F80
7E57,7F80
7E58,7F80
7E59,7F80
7E5A,7F80
7E5B,7F80
7E5C,7F80
7E5D,7F80
7E5E,7F80
7E5F,7F80
7E60,7F80
7E61,7F80
7E62,7F80
7E63,7F80
7E64,7F80
7E65,7F80
7E66,7F80
7E67,7F80
7E68,7F80
7E69,7F80
7E6A,7F80
7E6B,7F80
7E6C,7F80
7E6D,7F80
7E6E,7F80
7E6F,7F80
7E70,7F80
7E71,7F80
7E72,7F80
7E73,7F80
7E74,7F80
7E75,7F80
7E76,7F80
7E77,7F80
7E78,7F80
7E79,7F80
7E7A,7F80
7E7B,7F80
7E7C,7F80
7E7D,7F80
7E7E,7F80
7E7F,7F80
7E80,7F80
7E81,7F80
7E82,7F80
7E83,7F80
7E84,7F80
7E85,7F80
7E86,7F80
7E87,7F80
7E88,7F80
7E89,7F80
7E8A,7F80
7E8B,7F80
7E8C,7F80
7E8D,7F80
7E8E,7F80
7E8F,7F80
7E90,7F80
7E91,7F80
7E92,7F80
7E93,7F80
7E94,7F80
7E95,7F80
7E96,7F80
7E97,7F80
7E98,7F80
7E99,7F80
7E9A,7F80
7E9B,7F80
7E9C,7F80
7E9D,7F80
7E9E,7F80
7E9F,7F80
7EA0,7F80
7EA1,7F80
7EA2,7F80
7EA3,7F80
7EA4,7F80
7EA5,7F80
7EA6,7F80
7EA7,7F80
7EA8,7F80
7EA9,7F80
7EAA,7F80
7EAB,7F80
7EAC,7F80
7EAD,7F80
7EAE,7F80
7EAF,7F80
7EB0,7F80
7EB1,7F80
7EB2,7F80
7EB3,7F80
7EB4,7F80
7EB5,7F80
7EB6,7F80
7EB7,7F80
7EB8,7F80
7EB9,7F80
7EBA,7F80
7EBB,7F80
7EBC,7F80
7EBD,7F80
7EBE,7F80
7EBF,7F80
7EC0,7F80
7EC1,7F80
7EC2,7F80
7EC3,7F80
7EC4,7F80
7EC5,7F80
7EC6,7F80
7EC7,7F80
7EC8,7F80
7EC9,7F80
7ECA,7F80
7ECB,7F80
7ECC,7F80
7ECD,7F80
7ECE,7F80
7ECF,7F80
7ED0,7F80
7ED1,7F80
7ED2,7F80
7ED3,7F80
7ED4,7F80
7ED5,7F80
7ED6,7F80
7ED7,7F80
7ED8,7F80
7ED9,7F80
7EDA,7F80
7EDB,7F80
7EDC,7F80
7EDD,7F80
7EDE,7F80
7EDF,7F80
7EE0,7F80
7EE1,7F80
7EE2,7F80
7EE3,7F80
7EE4,7F80
7EE5,7F80
7EE6,7F80
7EE7,7F80
7EE8,7F80
7EE9,7F80
7EEA,7F80
7EEB,7F80
7EEC,7F80
7EED,7F80
7EEE,7F80
7EEF,7F80
7EF0,7F80
7EF1,7F80
7EF2,7F80
7EF3,7F80
7EF4,7F80
7EF5,7F80
7EF6,7F80
7EF7,7F80
7EF8,7F80
7EF9,7F80
7EFA,7F80
7EFB,7F80
7EFC,7F80
7EFD,7F80
7EFE,7F80
7EFF,7F80
7F00,7F80
7F01,7F80
7F02,7F80
7F03,7F80
7F04,7F80
7F05,7F80
7F06,7F80
7F07,7F80
7F08,7F80
7F09,7F80
7F0A,7F80
7F0B,7F80
7F0C,7F80
7F0D,7F80
7F0E,7F80
7F0F,7F80
7F10,7F80
7F11,7F80
7F12,7F80
7F13,7F80
7F14,7F80
7F15,7F80
7F16,7F80
7F17,7F80
7F18,7F80
7F19,7F80
7F1A,7F80
7F1B,7F80
7F1C,7F80
7F1D,7F80
7F1E,7F80
7F1F,7F80
7F20,7F80
7F21,7F80
7F22,7F80
7F23,7F80
7F24,7F80
7F25,7F80
7F26,7F80
7F27,7F80
7F28,7F80
7F29,7F80
7F2A,7F80
7F2B,7F80
7F2C,7F80
7F2D,7F80
7F2E,7F80
7F2F,7F80
7F30,7F80
7F31,7F80
7F32,7F80
7F33,7F80
7F34,7F80
7F35,7F80
7F36,7F80
7F37,7F80
7F38,7F80
7F39,7F80
7F3A,7F80
7F3B,7F80
7F3C,7F80
7F3D,7F80
7F3E,7F80
7F3F,7F80
7F40,7F80
7F41,7F80
7F42,7F80
7F43,7F80
7F44,7F80
7F45,7F80
7F46,7F80
7F47,7F80
7F48,7F80
7F49,7F80
7F4A,7F80
7F4B,7F80
7F4C,7F80
7F4D,7F80
7F4E,7F80
7F4F,7F80
7F50,7F80
7F51,7F80
7F52,7F80
7F53,7F80
7F54,7F80
7F55,7F80
7F56,7F80
7F57,7F80
7F58,7F80
7F59,7F80
7F5A,7F80
7F5B,7F80
7F5C,7F80
7F5D,7F80
7F5E,7F80
7F5F,7F80
7F60,7F80
7F61,7F80
7F62,7F80
7F63,7F80
7F64,7F80
7F65,7F80
7F66,7F80
7F67,7F80
7F68,7F80
7F69,7F80
7F6A,7F80
7F6B,7F80
7F6C,7F80
7F6D,7F80
7F6E,7F80
7F6F,7F80
7F70,7F80
7F71,7F80
7F72,7F80
7F73,7F80
7F74,7F80
7F75,7F80
7F76,7F80
7F77,7F80
7F78,7F80
7F79,7F80
7F7A,7F80
7F7B,7F80
7F7C,7F80
7F7D,7F80
7F7E,7F80
7F7F,7F80
7F80,7F80
7F81,7FC1
7F82,7FC2
7F83,7FC3
7F84,7FC4
7F85,7FC5
7F86,7FC6
7F87,7FC7
7F88,7FC8
7F89,7FC9
7F8A,7FCA
7F8B,7FCB
7F8C,7FCC
7F8D,7FCD
7F8E,7FCE
7F8F,7FCF
7F90,7FD0
7F91,7FD1
7F92,7FD2
7F93,7FD3
7F94,7FD4
7F95,7FD5
7F96,7FD6
7F97,7FD7
7F98,7FD8
7F99,7FD9
7F9A,7FDA
7F9B,7FDB
7F9C,7FDC
7F9D,7FDD
7F9E,7FDE
7F9F,7FDF
7FA0,7FE0
7FA1,7FE1
7FA2,7FE2
7FA3,7FE3
7FA4,7FE4
7FA5,7FE5
7FA6,7FE6
7FA7,7FE7
7FA8,7FE8
7FA9,7FE9
7FAA,7FEA
7FAB,7FEB
7FAC,7FEC
7FAD,7FED
7FAE,7FEE
7FAF,7FEF
7FB0,7FF0
7FB1,7FF1
7FB2,7FF2
7FB3,7FF3
7FB4,7FF4
7FB5,7FF5
7FB6,7FF6
7FB7,7FF7
7FB8,7FF8
7FB9,7FF9
7FBA,7FFA
7FBB,7FFB
7FBC,7FFC
7FBD,7FFD
7FBE,7FFE
7FBF,7FFF
7FC0,7FC0
7FC1,7FC1
7FC2,7FC2
7FC3,7FC3
7FC4,7FC4
7FC5,7FC5
7FC6,7FC6
7FC7,7FC7
7FC8,7FC8
7FC9,7FC9
7FCA,7FCA
7FCB,7FCB
7FCC,7FCC
7FCD,7FCD
7FCE,7FCE
7FCF,7FCF
7FD0,7FD0
7FD1,7FD1
7FD2,7FD2
7FD3,7FD3
7FD4,7FD4
7FD5,7FD5
7FD6,7FD6
7FD7,7FD7
7FD8,7FD8
7FD9,7FD9
7FDA,7FDA
7FDB,7FDB
7FDC,7FDC
7FDD,7FDD
7FDE,7FDE
7FDF,7FDF
7FE0,7FE0
7FE1,7FE1
7FE2,7FE2
7FE3,7FE3
7FE4,7FE4
7FE5,7FE5
7FE6,7FE6
7FE7,7FE7
7FE8,7FE8
7FE9,7FE9
7FEA,7FEA
7FEB,7FEB
7FEC,7FEC
7FED,7FED
7FEE,7FEE
7FEF,7FEF
7FF0,7FF0
7FF1,7FF1
7FF2,7FF2
7FF3,7FF3
7FF4,7FF4
7FF5,7FF5
7FF6,7FF6
7FF7,7FF7
7FF8,7FF8
7FF9,7FF9
7FFA,7FFA
7FFB,7FFB
7FFC,7FFC
7FFD,7FFD
7FFE,7FFE
7FFF,7FFF
8000,3F80
8001,3F80
8002,3F80
8003,3F80
8004,3F80
8005,3F80
8006,3F80
8007,3F80
8008,3F80
8009,3F80
800A,3F80
800B,3F80
800C,3F80
800D,3F80
800E,3F80
800F,3F80
8010,3F80
8011,3F80
8012,3F80
8013,3F80
8014,3F80
8015,3F80
8016,3F80
8017,3F80
8018,3F80
8019,3F80
801A,3F80
801B,3F80
801C,3F80
801D,3F80
801E,3F80
801F,3F80
8020,3F80
8021,3F80
8022,3F80
8023,3F80
8024,3F80
8025,3F80
8026,3F80
8027,3F80
8028,3F80
8029,3F80
802A,3F80
802B,3F80
802C,3F80
802D,3F80
802E,3F80
802F,3F80
8030,3F80
8031,3F80
8032,3F80
8033,3F80
8034,3F80
8035,3F80
8036,3F80
8037,3F80
8038,3F80
8039,3F80
803A,3F80
803B,3F80
803C,3F80
803D,3F80
803E,3F80
803F,3F80
8040,3F80
8041,3F80
8042,3F80
8043,3F80
8044,3F80
8045,3F80
8046,3F80
8047,3F80
8048,3F80
8049,3F80
804A,3F80
804B,3F80
804C,3F80
804D,3F80
804E,3F80
804F,3F80
8050,3F80
8051,3F80
8052,3F80
8053,3F80
8054,3F80
8055,3F80
8056,3F80
8057,3F80
8058,3F80
8059,3F80
805A,3F80
805B,3F80
805C,3F80
805D,3F80
805E,3F80
805F,3F80
8060,3F80
8061,3F80
8062,3F80
8063,3F80
8064,3F80
8065,3F80
8066,3F80
8067,3F80
8068,3F80
8069,3F80
806A,3F80
806B,3F80
806C,3F80
806D,3F80
806E,3F80
806F,3F80
8070,3F80
8071,3F80
8072,3F80
8073,3F80
8074,3F80
8075,3F80
8076,3F80
8077,3F80
8078,3F80
8079,3F80
807A,3F80
807B,3F80
807C,3F80
807D,3F80
807E,3F80
807F,3F80
8080,3F80
8081,3F80
8082,3F80
8083,3F80
8084,3F80
8085,3F80
8086,3F80
8087,3F80
8088,3F80
8089,3F80
808A,3F80
808B,3F80
808C,3F80
808D,3F80
808E,3F80
808F,3F80
8090,3F80
8091,3F80
8092,3F80
8093,3F80
8094,3F80
8095,3F80
8096,3F80
8097,3F80
8098,3F80
8099,3F80
809A,3F80
809B,3F80
809C,3F80
809D,3F80
809E,3F80
809F,3F80
80A0,3F80
80A1,3F80
80A2,3F80
80A3,3F80
80A4,3F80
80A5,3F80
80A6,3F80
80A7,3F80
80A8,3F80
80A9,3F80
80AA,3F80
80AB,3F80
80AC,3F80
80AD,3F80
80AE,3F80
80AF,3F80
80B0,3F80
80B1,3F80
80B2,3F80
80B3,3F80
80B4,3F80
80B5,3F80
80B6,3F80
80B7,3F80
80B8,3F80
80B9,3F80
80BA,3F80
80BB,3F80
80BC,3F80
80BD,3F80
80BE,3F80
80BF,3F80
80C0,3F80
80C1,3F80
80C2,3F80
80C3,3F80
80C4,3F80
80C5,3F80
80C6,3F80
80C7,3F80
80C8,3F80
80C9,3F80
80CA,3F80
80CB,3F80
80CC,3F80
80CD,3F80
80CE,3F80
80CF,3F80
80D0,3F80
80D1,3F80
80D2,3F80
80D3,3F80
80D4,3F80
80D5,3F80
80D6,3F80
80D7,3F80
80D8,3F80
80D9,3F80
80DA,3F80
80DB,3F80
80DC,3F80
80DD,3F80
80DE,3F80
80DF,3F80
80E0,3F80
80E1,3F80
80E2,3F80
80E3,3F80
80E4,3F80
80E5,3F80
80E6,3F80
80E7,3F80
80E8,3F80
80E9,3F80
80EA,3F80
80EB,3F80
80EC,3F80
80ED,3F80
80EE,3F80
80EF,3F80
80F0,3F80
80F1,3F80
80F2,3F80
80F3,3F80
80F4,3F80
80F5,3F80
80F6,3F80
80F7,3F80
80F8,3F80
80F9,3F80
80FA,3F80
80FB,3F80
80FC,3F80
80FD,3F80
80FE,3F80
80FF,3F80
8100,3F80
8101,3F80
8102,3F80
8103,3F80
8104,3F80
8105,3F80
8106,3F80
8107,3F80
8108,3F80
8109,3F80
810A,3F80
810B,3F80
810C,3F80
810D,3F80
810E,3F80
810F,3F80
8110,3F80
8111,3F80
8112,3F80
8113,3F80
8114,3F80
8115,3F80
8116,3F80
8117,3F80
8118,3F80
8119,3F80
811A,3F80
811B,3F80
811C,3F80
811D,3F80
811E,3F80
811F,3F80
8120,3F80
8121,3F80
8122,3F80
8123,3F80
8124,3F80
8125,3F80
8126,3F80
8127,3F80
8128,3F80
8129,3F80
812A,3F80
812B,3F80
812C,3F80
812D,3F80
812E,3F80
812F,3F80
8130,3F80
8131,3F80
8132,3F80
8133,3F80
8134,3F80
8135,3F80
8136,3F80
8137,3F80
8138,3F80
8139,3F80
813A,3F80
813B,3F80
813C,3F80
813D,3F80
813E,3F80
813F,3F80
8140,3F80
8141,3F80
8142,3F80
8143,3F80
8144,3F80
8145,3F80
8146,3F80
8147,3F80
8148,3F80
8149,3F80
814A,3F80
814B,3F80
814C,3F80
814D,3F80
814E,3F80
814F,3F80
8150,3F80
8151,3F80
8152,3F80
8153,3F80
8154,3F80
8155,3F80
8156,3F80
8157,3F80
8158,3F80
8159,3F80
815A,3F80
815B,3F80
815C,3F80
815D,3F80
815E,3F80
815F,3F80
8160,3F80
8161,3F80
8162,3F80
8163,3F80
8164,3F80
8165,3F80
8166,3F80
8167,3F80
8168,3F80
8169,3F80
816A,3F80
816B,3F80
816C,3F80
816D,3F80
816E,3F80
816F,3F80
8170,3F80
8171,3F80
8172,3F80
8173,3F80
8174,3F80
8175,3F80
8176,3F80
8177,3F80
8178,3F80
8179,3F80
817A,3F80
817B,3F80
817C,3F80
817D,3F80
817E,3F80
817F,3F80
8180,3F80
8181,3F80
8182,3F80
8183,3F80
8184,3F80
8185,3F80
8186,3F80
8187,3F80
8188,3F80
8189,3F80
818A,3F80
818B,3F80
818C,3F80
818D,3F80
818E,3F80
818F,3F80
8190,3F80
8191,3F80
8192,3F80
8193,3F80
8194,3F80
8195,3F80
8196,3F80
8197,3F80
8198,3F80
8199,3F80
819A,3F80
819B,3F80
819C,3F80
819D,3F80
819E,3F80
819F,3F80
81A0,3F80
81A1,3F80
81A2,3F80
81A3,3F80
81A4,3F80
81A5,3F80
81A6,3F80
81A7,3F80
81A8,3F80
81A9,3F80
81AA,3F80
81AB,3F80
81AC,3F80
81AD,3F80
81AE,3F80
81AF,3F80
81B0,3F80
81B1,3F80
81B2,3F80
81B3,3F80
81B4,3F80
81B5,3F80
81B6,3F80
81B7,3F80
81B8,3F80
81B9,3F80
81BA,3F80
81BB,3F80
81BC,3F80
81BD,3F80
81BE,3F80
81BF,3F80
81C0,3F80
81C1,3F80
81C2,3F80
81C3,3F80
81C4,3F80
81C5,3F80
81C6,3F80
81C7,3F80
81C8,3F80
81C9,3F80
81CA,3F80
81CB,3F80
81CC,3F80
81CD,3F80
81CE,3F80
81CF,3F80
81D0,3F80
81D1,3F80
81D2,3F80
81D3,3F80
81D4,3F80
81D5,3F80
81D6,3F80
81D7,3F80
81D8,3F80
81D9,3F80
81DA,3F80
81DB,3F80
81DC,3F80
81DD,3F80
81DE,3F80
81DF,3F80
81E0,3F80
81E1,3F80
81E2,3F80
81E3,3F80
81E4,3F80
81E5,3F80
81E6,3F80
81E7,3F80
81E8,3F80
81E9,3F80
81EA,3F80
81EB,3F80
81EC,3F80
81ED,3F80
81EE,3F80
81EF,3F80
81F0,3F80
81F1,3F80
81F2,3F80
81F3,3F80
81F4,3F80
81F5,3F80
81F6,3F80
81F7,3F80
81F8,3F80
81F9,3F80
81FA,3F80
81FB,3F80
81FC,3F80
81FD,3F80
81FE,3F80
81FF,3F80
8200,3F80
8201,3F80
8202,3F80
8203,3F80
8204,3F80
8205,3F80
8206,3F80
8207,3F80
8208,3F80
8209,3F80
820A,3F80
820B,3F80
820C,3F80
820D,3F80
820E,3F80
820F,3F80
8210,3F80
8211,3F80
8212,3F80
8213,3F80
8214,3F80
8215,3F80
8216,3F80
8217,3F80
8218,3F80
8219,3F80
821A,3F80
821B,3F80
821C,3F80
821D,3F80
821E,3F80
821F,3F80
8220,3F80
8221,3F80
8222,3F80
8223,3F80
8224,3F80
8225,3F80
8226,3F80
8227,3F80
8228,3F80
8229,3F80
822A,3F80
822B,3F80
822C,3F80
822D,3F80
822E,3F80
822F,3F80
8230,3F80
8231,3F80
8232,3F80
8233,3F80
8234,3F80
8235,3F80
8236,3F80
8237,3F80
8238,3F80
8239,3F80
823A,3F80
823B,3F80
823C,3F80
823D,3F80
823E,3F80
823F,3F80
8240,3F80
8241,3F80
8242,3F80
8243,3F80
8244,3F80
8245,3F80
8246,3F80
8247,3F80
8248,3F80
8249,3F80
824A,3F80
824B,3F80
824C,3F80
824D,3F80
824E,3F80
824F,3F80
8250,3F80
8251,3F80
8252,3F80
8253,3F80
8254,3F80
8255,3F80
8256,3F80
8257,3F80
8258,3F80
8259,3F80
825A,3F80
825B,3F80
825C,3F80
825D,3F80
825E,3F80
825F,3F80
8260,3F80
8261,3F80
8262,3F80
8263,3F80
8264,3F80
8265,3F80
8266,3F80
8267,3F80
8268,3F80
8269,3F80
826A,3F80
826B,3F80
826C,3F80
826D,3F80
826E,3F80
826F,3F80
8270,3F80
8271,3F80
8272,3F80
8273,3F80
8274,3F80
8275,3F80
8276,3F80
8277,3F80
8278,3F80
8279,3F80
827A,3F80
827B,3F80
827C,3F80
827D,3F80
827E,3F80
827F,3F80
8280,3F80
8281,3F80
8282,3F80
8283,3F80
8284,3F80
8285,3F80
8286,3F80
8287,3F80
8288,3F80
8289,3F80
828A,3F80
828B,3F80
828C,3F80
828D,3F80
828E,3F80
828F,3F80
8290,3F80
8291,3F80
8292,3F80
8293,3F80
8294,3F80
8295,3F80
8296,3F80
8297,3F80
8298,3F80
8299,3F80
829A,3F80
829B,3F80
829C,3F80
829D,3F80
829E,3F80
829F,3F80
82A0,3F80
82A1,3F80
82A2,3F80
82A3,3F80
82A4,3F80
82A5,3F80
82A6,3F80
82A7,3F80
82A8,3F80
82A9,3F80
82AA,3F80
82AB,3F80
82AC,3F80
82AD,3F80
82AE,3F80
82AF,3F80
82B0,3F80
82B1,3F80
82B2,3F80
82B3,3F80
82B4,3F80
82B5,3F80
82B6,3F80
82B7,3F80
82B8,3F80
82B9,3F80
82BA,3F80
82BB,3F80
82BC,3F80
82BD,3F80
82BE,3F80
82BF,3F80
82C0,3F80
82C1,3F80
82C2,3F80
82C3,3F80
82C4,3F80
82C5,3F80
82C6,3F80
82C7,3F80
82C8,3F80
82C9,3F80
82CA,3F80
82CB,3F80
82CC,3F80
82CD,3F80
82CE,3F80
82CF,3F80
82D0,3F80
82D1,3F80
82D2,3F80
82D3,3F80
82D4,3F80
82D5,3F80
82D6,3F80
82D7,3F80
82D8,3F80
82D9,3F80
82DA,3F80
82DB,3F80
82DC,3F80
82DD,3F80
82DE,3F80
82DF,3F80
82E0,3F80
82E1,3F80
82E2,3F80
82E3,3F80
82E4,3F80
82E5,3F80
82E6,3F80
82E7,3F80
82E8,3F80
82E9,3F80
82EA,3F80
82EB,3F80
82EC,3F80
82ED,3F80
82EE,3F80
82EF,3F80
82F0,3F80
82F1,3F80
82F2,3F80
82F3,3F80
82F4,3F80
82F5,3F80
82F6,3F80
82F7,3F80
82F8,3F80
82F9,3F80
82FA,3F80
82FB,3F80
82FC,3F80
82FD,3F80
82FE,3F80
82FF,3F80
8300,3F80
8301,3F80
8302,3F80
8303,3F80
8304,3F80
8305,3F80
8306,3F80
8307,3F80
8308,3F80
8309,3F80
830A,3F80
830B,3F80
830C,3F80
830D,3F80
830E,3F80
830F,3F80
8310,3F80
8311,3F80
8312,3F80
8313,3F80
8314,3F80
8315,3F80
8316,3F80
8317,3F80
8318,3F80
8319,3F80
831A,3F80
831B,3F80
831C,3F80
831D,3F80
831E,3F80
831F,3F80
8320,3F80
8321,3F80
8322,3F80
8323,3F80
8324,3F80
8325,3F80
8326,3F80
8327,3F80
8328,3F80
8329,3F80
832A,3F80
832B,3F80
832C,3F80
832D,3F80
832E,3F80
832F,3F80
8330,3F80
8331,3F80
8332,3F80
8333,3F80
8334,3F80
8335,3F80
8336,3F80
8337,3F80
8338,3F80
8339,3F80
833A,3F80
833B,3F80
833C,3F80
833D,3F80
833E,3F80
833F,3F80
8340,3F80
8341,3F80
8342,3F80
8343,3F80
8344,3F80
8345,3F80
8346,3F80
8347,3F80
8348,3F80
8349,3F80
834A,3F80
834B,3F80
834C,3F80
834D,3F80
834E,3F80
834F,3F80
8350,3F80
8351,3F80
8352,3F80
8353,3F80
8354,3F80
8355,3F80
8356,3F80
8357,3F80
8358,3F80
8359,3F80
835A,3F80
835B,3F80
835C,3F80
835D,3F80
835E,3F80
835F,3F80
8360,3F80
8361,3F80
8362,3F80
8363,3F80
8364,3F80
8365,3F80
8366,3F80
8367,3F80
8368,3F80
8369,3F80
836A,3F80
836B,3F80
836C,3F80
836D,3F80
836E,3F80
836F,3F80
8370,3F80
8371,3F80
8372,3F80
8373,3F80
8374,3F80
8375,3F80
8376,3F80
8377,3F80
8378,3F80
8379,3F80
837A,3F80
837B,3F80
837C,3F80
837D,3F80
837E,3F80
837F,3F80
8380,3F80
8381,3F80
8382,3F80
8383,3F80
8384,3F80
8385,3F80
8386,3F80
8387,3F80
8388,3F80
8389,3F80
838A,3F80
838B,3F80
838C,3F80
838D,3F80
838E,3F80
838F,3F80
8390,3F80
8391,3F80
8392,3F80
8393,3F80
8394,3F80
8395,3F80
8396,3F80
8397,3F80
8398,3F80
8399,3F80
839A,3F80
839B,3F80
839C,3F80
839D,3F80
839E,3F80
839F,3F80
83A0,3F80
83A1,3F80
83A2,3F80
83A3,3F80
83A4,3F80
83A5,3F80
83A6,3F80
83A7,3F80
83A8,3F80
83A9,3F80
83AA,3F80
83AB,3F80
83AC,3F80
83AD,3F80
83AE,3F80
83AF,3F80
83B0,3F80
83B1,3F80
83B2,3F80
83B3,3F80
83B4,3F80
83B5,3F80
83B6,3F80
83B7,3F80
83B8,3F80
83B9,3F80
83BA,3F80
83BB,3F80
83BC,3F80
83BD,3F80
83BE,3F80
83BF,3F80
83C0,3F80
83C1,3F80
83C2,3F80
83C3,3F80
83C4,3F80
83C5,3F80
83C6,3F80
83C7,3F80
83C8,3F80
83C9,3F80
83CA,3F80
83CB,3F80
83CC,3F80
83CD,3F80
83CE,3F80
83CF,3F80
83D0,3F80
83D1,3F80
83D2,3F80
83D3,3F80
83D4,3F80
83D5,3F80
83D6,3F80
83D7,3F80
83D8,3F80
83D9,3F80
83DA,3F80
83DB,3F80
83DC,3F80
83DD,3F80
83DE,3F80
83DF,3F80
83E0,3F80
83E1,3F80
83E2,3F80
83E3,3F80
83E4,3F80
83E5,3F80
83E6,3F80
83E7,3F80
83E8,3F80
83E9,3F80
83EA,3F80
83EB,3F80
83EC,3F80
83ED,3F80
83EE,3F80
83EF,3F80
83F0,3F80
83F1,3F80
83F2,3F80
83F3,3F80
83F4,3F80
83F5,3F80
83F6,3F80
83F7,3F80
83F8,3F80
83F9,3F80
83FA,3F80
83FB,3F80
83FC,3F80
83FD,3F80
83FE,3F80
83FF,3F80
8400,3F80
8401,3F80
8402,3F80
8403,3F80
8404,3F80
8405,3F80
8406,3F80
8407,3F80
8408,3F80
8409,3F80
840A,3F80
840B,3F80
840C,3F80
840D,3F80
840E,3F80
840F,3F80
8410,3F80
8411,3F80
8412,3F80
8413,3F80
8414,3F80
8415,3F80
8416,3F80
8417,3F80
8418,3F80
8419,3F80
841A,3F80
841B,3F80
841C,3F80
841D,3F80
841E,3F80
841F,3F80
8420,3F80
8421,3F80
8422,3F80
8423,3F80
8424,3F80
8425,3F80
8426,3F80
8427,3F80
8428,3F80
8429,3F80
842A,3F80
842B,3F80
842C,3F80
842D,3F80
842E,3F80
842F,3F80
8430,3F80
8431,3F80
8432,3F80
8433,3F80
8434,3F80
8435,3F80
8436,3F80
8437,3F80
8438,3F80
8439,3F80
843A,3F80
843B,3F80
843C,3F80
843D,3F80
843E,3F80
843F,3F80
8440,3F80
8441,3F80
8442,3F80
8443,3F80
8444,3F80
8445,3F80
8446,3F80
8447,3F80
8448,3F80
8449,3F80
844A,3F80
844B,3F80
844C,3F80
844D,3F80
844E,3F80
844F,3F80
8450,3F80
8451,3F80
8452,3F80
8453,3F80
8454,3F80
8455,3F80
8456,3F80
8457,3F80
8458,3F80
8459,3F80
845A,3F80
845B,3F80
845C,3F80
845D,3F80
845E,3F80
845F,3F80
8460,3F80
8461,3F80
8462,3F80
8463,3F80
8464,3F80
8465,3F80
8466,3F80
8467,3F80
8468,3F80
8469,3F80
846A,3F80
846B,3F80
846C,3F80
846D,3F80
846E,3F80
846F,3F80
8470,3F80
8471,3F80
8472,3F80
8473,3F80
8474,3F80
8475,3F80
8476,3F80
8477,3F80
8478,3F80
8479,3F80
847A,3F80
847B,3F80
847C,3F80
847D,3F80
847E,3F80
847F,3F80
8480,3F80
8481,3F80
8482,3F80
8483,3F80
8484,3F80
8485,3F80
8486,3F80
8487,3F80
8488,3F80
8489,3F80
848A,3F80
848B,3F80
848C,3F80
848D,3F80
848E,3F80
848F,3F80
8490,3F80
8491,3F80
8492,3F80
8493,3F80
8494,3F80
8495,3F80
8496,3F80
8497,3F80
8498,3F80
8499,3F80
849A,3F80
849B,3F80
849C,3F80
849D,3F80
849E,3F80
849F,3F80
84A0,3F80
84A1,3F80
84A2,3F80
84A3,3F80
84A4,3F80
84A5,3F80
84A6,3F80
84A7,3F80
84A8,3F80
84A9,3F80
84AA,3F80
84AB,3F80
84AC,3F80
84AD,3F80
84AE,3F80
84AF,3F80
84B0,3F80
84B1,3F80
84B2,3F80
84B3,3F80
84B4,3F80
84B5,3F80
84B6,3F80
84B7,3F80
84B8,3F80
84B9,3F80
84BA,3F80
84BB,3F80
84BC,3F80
84BD,3F80
84BE,3F80
84BF,3F80
84C0,3F80
84C1,3F80
84C2,3F80
84C3,3F80
84C4,3F80
84C5,3F80
84C6,3F80
84C7,3F80
84C8,3F80
84C9,3F80
84CA,3F80
84CB,3F80
84CC,3F80
84CD,3F80
84CE,3F80
84CF,3F80
84D0,3F80
84D1,3F80
84D2,3F80
84D3,3F80
84D4,3F80
84D5,3F80
84D6,3F80
84D7,3F80
84D8,3F80
84D9,3F80
84DA,3F80
84DB,3F80
84DC,3F80
84DD,3F80
84DE,3F80
84DF,3F80
84E0,3F80
84E1,3F80
84E2,3F80
84E3,3F80
84E4,3F80
84E5,3F80
84E6,3F80
84E7,3F80
84E8,3F80
84E9,3F80
84EA,3F80
84EB,3F80
84EC,3F80
84ED,3F80
84EE,3F80
84EF,3F80
84F0,3F80
84F1,3F80
84F2,3F80
84F3,3F80
84F4,3F80
84F5,3F80
84F6,3F80
84F7,3F80
84F8,3F80
84F9,3F80
84FA,3F80
84FB,3F80
84FC,3F80
84FD,3F80
84FE,3F80
84FF,3F80
8500,3F80
8501,3F80
8502,3F80
8503,3F80
8504,3F80
8505,3F80
8506,3F80
8507,3F80
8508,3F80
8509,3F80
850A,3F80
850B,3F80
850C,3F80
850D,3F80
850E,3F80
850F,3F80
8510,3F80
8511,3F80
8512,3F80
8513,3F80
8514,3F80
8515,3F80
8516,3F80
8517,3F80
8518,3F80
8519,3F80
851A,3F80
851B,3F80
851C,3F80
851D,3F80
851E,3F80
851F,3F80
8520,3F80
8521,3F80
8522,3F80
8523,3F80
8524,3F80
8525,3F80
8526,3F80
8527,3F80
8528,3F80
8529,3F80
852A,3F80
852B,3F80
852C,3F80
852D,3F80
852E,3F80
852F,3F80
8530,3F80
8531,3F80
8532,3F80
8533,3F80
8534,3F80
8535,3F80
8536,3F80
8537,3F80
8538,3F80
8539,3F80
853A,3F80
853B,3F80
853C,3F80
853D,3F80
853E,3F80
853F,3F80
8540,3F80
8541,3F80
8542,3F80
8543,3F80
8544,3F80
8545,3F80
8546,3F80
8547,3F80
8548,3F80
8549,3F80
854A,3F80
854B,3F80
854C,3F80
854D,3F80
854E,3F80
854F,3F80
8550,3F80
8551,3F80
8552,3F80
8553,3F80
8554,3F80
8555,3F80
8556,3F80
8557,3F80
8558,3F80
8559,3F80
855A,3F80
855B,3F80
855C,3F80
855D,3F80
855E,3F80
855F,3F80
8560,3F80
8561,3F80
8562,3F80
8563,3F80
8564,3F80
8565,3F80
8566,3F80
8567,3F80
8568,3F80
8569,3F80
856A,3F80
856B,3F80
856C,3F80
856D,3F80
856E,3F80
856F,3F80
8570,3F80
8571,3F80
8572,3F80
8573,3F80
8574,3F80
8575,3F80
8576,3F80
8577,3F80
8578,3F80
8579,3F80
857A,3F80
857B,3F80
857C,3F80
857D,3F80
857E,3F80
857F,3F80
8580,3F80
8581,3F80
8582,3F80
8583,3F80
8584,3F80
8585,3F80
8586,3F80
8587,3F80
8588,3F80
8589,3F80
858A,3F80
858B,3F80
858C,3F80
858D,3F80
858E,3F80
858F,3F80
8590,3F80
8591,3F80
8592,3F80
8593,3F80
8594,3F80
8595,3F80
8596,3F80
8597,3F80
8598,3F80
8599,3F80
859A,3F80
859B,3F80
859C,3F80
859D,3F80
859E,3F80
859F,3F80
85A0,3F80
85A1,3F80
85A2,3F80
85A3,3F80
85A4,3F80
85A5,3F80
85A6,3F80
85A7,3F80
85A8,3F80
85A9,3F80
85AA,3F80
85AB,3F80
85AC,3F80
85AD,3F80
85AE,3F80
85AF,3F80
85B0,3F80
85B1,3F80
85B2,3F80
85B3,3F80
85B4,3F80
85B5,3F80
85B6,3F80
85B7,3F80
85B8,3F80
85B9,3F80
85BA,3F80
85BB,3F80
85BC,3F80
85BD,3F80
85BE,3F80
85BF,3F80
85C0,3F80
85C1,3F80
85C2,3F80
85C3,3F80
85C4,3F80
85C5,3F80
85C6,3F80
85C7,3F80
85C8,3F80
85C9,3F80
85CA,3F80
85CB,3F80
85CC,3F80
85CD,3F80
85CE,3F80
85CF,3F80
85D0,3F80
85D1,3F80
85D2,3F80
85D3,3F80
85D4,3F80
85D5,3F80
85D6,3F80
85D7,3F80
85D8,3F80
85D9,3F80
85DA,3F80
85DB,3F80
85DC,3F80
85DD,3F80
85DE,3F80
85DF,3F80
85E0,3F80
85E1,3F80
85E2,3F80
85E3,3F80
85E4,3F80
85E5,3F80
85E6,3F80
85E7,3F80
85E8,3F80
85E9,3F80
85EA,3F80
85EB,3F80
85EC,3F80
85ED,3F80
85EE,3F80
85EF,3F80
85F0,3F80
85F1,3F80
85F2,3F80
85F3,3F80
85F4,3F80
85F5,3F80
85F6,3F80
85F7,3F80
85F8,3F80
85F9,3F80
85FA,3F80
85FB,3F80
85FC,3F80
85FD,3F80
85FE,3F80
85FF,3F80
8600,3F80
8601,3F80
8602,3F80
8603,3F80
8604,3F80
8605,3F80
8606,3F80
8607,3F80
8608,3F80
8609,3F80
860A,3F80
860B,3F80
860C,3F80
860D,3F80
860E,3F80
860F,3F80
8610,3F80
8611,3F80
8612,3F80
8613,3F80
8614,3F80
8615,3F80
8616,3F80
8617,3F80
8618,3F80
8619,3F80
861A,3F80
861B,3F80
861C,3F80
861D,3F80
861E,3F80
861F,3F80
8620,3F80
8621,3F80
8622,3F80
8623,3F80
8624,3F80
8625,3F80
8626,3F80
8627,3F80
8628,3F80
8629,3F80
862A,3F80
862B,3F80
862C,3F80
862D,3F80
862E,3F80
862F,3F80
8630,3F80
8631,3F80
8632,3F80
8633,3F80
8634,3F80
8635,3F80
8636,3F80
8637,3F80
8638,3F80
8639,3F80
863A,3F80
863B,3F80
863C,3F80
863D,3F80
863E,3F80
863F,3F80
8640,3F80
8641,3F80
8642,3F80
8643,3F80
8644,3F80
8645,3F80
8646,3F80
8647,3F80
8648,3F80
8649,3F80
864A,3F80
864B,3F80
864C,3F80
864D,3F80
864E,3F80
864F,3F80
8650,3F80
8651,3F80
8652,3F80
8653,3F80
8654,3F80
8655,3F80
8656,3F80
8657,3F80
8658,3F80
8659,3F80
865A,3F80
865B,3F80
865C,3F80
865D,3F80
865E,3F80
865F,3F80
8660,3F80
8661,3F80
8662,3F80
8663,3F80
8664,3F80
8665,3F80
8666,3F80
8667,3F80
8668,3F80
8669,3F80
866A,3F80
866B,3F80
866C,3F80
866D,3F80
866E,3F80
866F,3F80
8670,3F80
8671,3F80
8672,3F80
8673,3F80
8674,3F80
8675,3F80
8676,3F80
8677,3F80
8678,3F80
8679,3F80
867A,3F80
867B,3F80
867C,3F80
867D,3F80
867E,3F80
867F,3F80
8680,3F80
8681,3F80
8682,3F80
8683,3F80
8684,3F80
8685,3F80
8686,3F80
8687,3F80
8688,3F80
8689,3F80
868A,3F80
868B,3F80
868C,3F80
868D,3F80
868E,3F80
868F,3F80
8690,3F80
8691,3F80
8692,3F80
8693,3F80
8694,3F80
8695,3F80
8696,3F80
8697,3F80
8698,3F80
8699,3F80
869A,3F80
869B,3F80
869C,3F80
869D,3F80
869E,3F80
869F,3F80
86A0,3F80
86A1,3F80
86A2,3F80
86A3,3F80
86A4,3F80
86A5,3F80
86A6,3F80
86A7,3F80
86A8,3F80
86A9,3F80
86AA,3F80
86AB,3F80
86AC,3F80
86AD,3F80
86AE,3F80
86AF,3F80
86B0,3F80
86B1,3F80
86B2,3F80
86B3,3F80
86B4,3F80
86B5,3F80
86B6,3F80
86B7,3F80
86B8,3F80
86B9,3F80
86BA,3F80
86BB,3F80
86BC,3F80
86BD,3F80
86BE,3F80
86BF,3F80
86C0,3F80
86C1,3F80
86C2,3F80
86C3,3F80
86C4,3F80
86C5,3F80
86C6,3F80
86C7,3F80
86C8,3F80
86C9,3F80
86CA,3F80
86CB,3F80
86CC,3F80
86CD,3F80
86CE,3F80
86CF,3F80
86D0,3F80
86D1,3F80
86D2,3F80
86D3,3F80
86D4,3F80
86D5,3F80
86D6,3F80
86D7,3F80
86D8,3F80
86D9,3F80
86DA,3F80
86DB,3F80
86DC,3F80
86DD,3F80
86DE,3F80
86DF,3F80
86E0,3F80
86E1,3F80
86E2,3F80
86E3,3F80
86E4,3F80
86E5,3F80
86E6,3F80
86E7,3F80
86E8,3F80
86E9,3F80
86EA,3F80
86EB,3F80
86EC,3F80
86ED,3F80
86EE,3F80
86EF,3F80
86F0,3F80
86F1,3F80
86F2,3F80
86F3,3F80
86F4,3F80
86F5,3F80
86F6,3F80
86F7,3F80
86F8,3F80
86F9,3F80
86FA,3F80
86FB,3F80
86FC,3F80
86FD,3F80
86FE,3F80
86FF,3F80
8700,3F80
8701,3F80
8702,3F80
8703,3F80
8704,3F80
8705,3F80
8706,3F80
8707,3F80
8708,3F80
8709,3F80
870A,3F80
870B,3F80
870C,3F80
870D,3F80
870E,3F80
870F,3F80
8710,3F80
8711,3F80
8712,3F80
8713,3F80
8714,3F80
8715,3F80
8716,3F80
8717,3F80
8718,3F80
8719,3F80
871A,3F80
871B,3F80
871C,3F80
871D,3F80
871E,3F80
871F,3F80
8720,3F80
8721,3F80
8722,3F80
8723,3F80
8724,3F80
8725,3F80
8726,3F80
8727,3F80
8728,3F80
8729,3F80
872A,3F80
872B,3F80
872C,3F80
872D,3F80
872E,3F80
872F,3F80
8730,3F80
8731,3F80
8732,3F80
8733,3F80
8734,3F80
8735,3F80
8736,3F80
8737,3F80
8738,3F80
8739,3F80
873A,3F80
873B,3F80
873C,3F80
873D,3F80
873E,3F80
873F,3F80
8740,3F80
8741,3F80
8742,3F80
8743,3F80
8744,3F80
8745,3F80
8746,3F80
8747,3F80
8748,3F80
8749,3F80
874A,3F80
874B,3F80
874C,3F80
874D,3F80
874E,3F80
874F,3F80
8750,3F80
8751,3F80
8752,3F80
8753,3F80
8754,3F80
8755,3F80
8756,3F80
8757,3F80
8758,3F80
8759,3F80
875A,3F80
875B,3F80
875C,3F80
875D,3F80
875E,3F80
875F,3F80
8760,3F80
8761,3F80
8762,3F80
8763,3F80
8764,3F80
8765,3F80
8766,3F80
8767,3F80
8768,3F80
8769,3F80
876A,3F80
876B,3F80
876C,3F80
876D,3F80
876E,3F80
876F,3F80
8770,3F80
8771,3F80
8772,3F80
8773,3F80
8774,3F80
8775,3F80
8776,3F80
8777,3F80
8778,3F80
8779,3F80
877A,3F80
877B,3F80
877C,3F80
877D,3F80
877E,3F80
877F,3F80
8780,3F80
8781,3F80
8782,3F80
8783,3F80
8784,3F80
8785,3F80
8786,3F80
8787,3F80
8788,3F80
8789,3F80
878A,3F80
878B,3F80
878C,3F80
878D,3F80
878E,3F80
878F,3F80
8790,3F80
8791,3F80
8792,3F80
8793,3F80
8794,3F80
8795,3F80
8796,3F80
8797,3F80
8798,3F80
8799,3F80
879A,3F80
879B,3F80
879C,3F80
879D,3F80
879E,3F80
879F,3F80
87A0,3F80
87A1,3F80
87A2,3F80
87A3,3F80
87A4,3F80
87A5,3F80
87A6,3F80
87A7,3F80
87A8,3F80
87A9,3F80
87AA,3F80
87AB,3F80
87AC,3F80
87AD,3F80
87AE,3F80
87AF,3F80
87B0,3F80
87B1,3F80
87B2,3F80
87B3,3F80
87B4,3F80
87B5,3F80
87B6,3F80
87B7,3F80
87B8,3F80
87B9,3F80
87BA,3F80
87BB,3F80
87BC,3F80
87BD,3F80
87BE,3F80
87BF,3F80
87C0,3F80
87C1,3F80
87C2,3F80
87C3,3F80
87C4,3F80
87C5,3F80
87C6,3F80
87C7,3F80
87C8,3F80
87C9,3F80
87CA,3F80
87CB,3F80
87CC,3F80
87CD,3F80
87CE,3F80
87CF,3F80
87D0,3F80
87D1,3F80
87D2,3F80
87D3,3F80
87D4,3F80
87D5,3F80
87D6,3F80
87D7,3F80
87D8,3F80
87D9,3F80
87DA,3F80
87DB,3F80
87DC,3F80
87DD,3F80
87DE,3F80
87DF,3F80
87E0,3F80
87E1,3F80
87E2,3F80
87E3,3F80
87E4,3F80
87E5,3F80
87E6,3F80
87E7,3F80
87E8,3F80
87E9,3F80
87EA,3F80
87EB,3F80
87EC,3F80
87ED,3F80
87EE,3F80
87EF,3F80
87F0,3F80
87F1,3F80
87F2,3F80
87F3,3F80
87F4,3F80
87F5,3F80
87F6,3F80
87F7,3F80
87F8,3F80
87F9,3F80
87FA,3F80
87FB,3F80
87FC,3F80
87FD,3F80
87FE,3F80
87FF,3F80
8800,3F80
8801,3F80
8802,3F80
8803,3F80
8804,3F80
8805,3F80
8806,3F80
8807,3F80
8808,3F80
8809,3F80
880A,3F80
880B,3F80
880C,3F80
880D,3F80
880E,3F80
880F,3F80
8810,3F80
8811,3F80
8812,3F80
8813,3F80
8814,3F80
8815,3F80
8816,3F80
8817,3F80
8818,3F80
8819,3F80
881A,3F80
881B,3F80
881C,3F80
881D,3F80
881E,3F80
881F,3F80
8820,3F80
8821,3F80
8822,3F80
8823,3F80
8824,3F80
8825,3F80
8826,3F80
8827,3F80
8828,3F80
8829,3F80
882A,3F80
882B,3F80
882C,3F80
882D,3F80
882E,3F80
882F,3F80
8830,3F80
8831,3F80
8832,3F80
8833,3F80
8834,3F80
8835,3F80
8836,3F80
8837,3F80
8838,3F80
8839,3F80
883A,3F80
883B,3F80
883C,3F80
883D,3F80
883E,3F80
883F,3F80
8840,3F80
8841,3F80
8842,3F80
8843,3F80
8844,3F80
8845,3F80
8846,3F80
8847,3F80
8848,3F80
8849,3F80
884A,3F80
884B,3F80
884C,3F80
884D,3F80
884E,3F80
884F,3F80
8850,3F80
8851,3F80
8852,3F80
8853,3F80
8854,3F80
8855,3F80
8856,3F80
8857,3F80
8858,3F80
8859,3F80
885A,3F80
885B,3F80
885C,3F80
885D,3F80
885E,3F80
885F,3F80
8860,3F80
8861,3F80
8862,3F80
8863,3F80
8864,3F80
8865,3F80
8866,3F80
8867,3F80
8868,3F80
8869,3F80
886A,3F80
886B,3F80
886C,3F80
886D,3F80
886E,3F80
886F,3F80
8870,3F80
8871,3F80
8872,3F80
8873,3F80
8874,3F80
8875,3F80
8876,3F80
8877,3F80
8878,3F80
8879,3F80
887A,3F80
887B,3F80
887C,3F80
887D,3F80
887E,3F80
887F,3F80
8880,3F80
8881,3F80
8882,3F80
8883,3F80
8884,3F80
8885,3F80
8886,3F80
8887,3F80
8888,3F80
8889,3F80
888A,3F80
888B,3F80
888C,3F80
888D,3F80
888E,3F80
888F,3F80
8890,3F80
8891,3F80
8892,3F80
8893,3F80
8894,3F80
8895,3F80
8896,3F80
8897,3F80
8898,3F80
8899,3F80
889A,3F80
889B,3F80
889C,3F80
889D,3F80
889E,3F80
889F,3F80
88A0,3F80
88A1,3F80
88A2,3F80
88A3,3F80
88A4,3F80
88A5,3F80
88A6,3F80
88A7,3F80
88A8,3F80
88A9,3F80
88AA,3F80
88AB,3F80
88AC,3F80
88AD,3F80
88AE,3F80
88AF,3F80
88B0,3F80
88B1,3F80
88B2,3F80
88B3,3F80
88B4,3F80
88B5,3F80
88B6,3F80
88B7,3F80
88B8,3F80
88B9,3F80
88BA,3F80
88BB,3F80
88BC,3F80
88BD,3F80
88BE,3F80
88BF,3F80
88C0,3F80
88C1,3F80
88C2,3F80
88C3,3F80
88C4,3F80
88C5,3F80
88C6,3F80
88C7,3F80
88C8,3F80
88C9,3F80
88CA,3F80
88CB,3F80
88CC,3F80
88CD,3F80
88CE,3F80
88CF,3F80
88D0,3F80
88D1,3F80
88D2,3F80
88D3,3F80
88D4,3F80
88D5,3F80
88D6,3F80
88D7,3F80
88D8,3F80
88D9,3F80
88DA,3F80
88DB,3F80
88DC,3F80
88DD,3F80
88DE,3F80
88DF,3F80
88E0,3F80
88E1,3F80
88E2,3F80
88E3,3F80
88E4,3F80
88E5,3F80
88E6,3F80
88E7,3F80
88E8,3F80
88E9,3F80
88EA,3F80
88EB,3F80
88EC,3F80
88ED,3F80
88EE,3F80
88EF,3F80
88F0,3F80
88F1,3F80
88F2,3F80
88F3,3F80
88F4,3F80
88F5,3F80
88F6,3F80
88F7,3F80
88F8,3F80
88F9,3F80
88FA,3F80
88FB,3F80
88FC,3F80
88FD,3F80
88FE,3F80
88FF,3F80
8900,3F80
8901,3F80
8902,3F80
8903,3F80
8904,3F80
8905,3F80
8906,3F80
8907,3F80
8908,3F80
8909,3F80
890A,3F80
890B,3F80
890C,3F80
890D,3F80
890E,3F80
890F,3F80
8910,3F80
8911,3F80
8912,3F80
8913,3F80
8914,3F80
8915,3F80
8916,3F80
8917,3F80
8918,3F80
8919,3F80
891A,3F80
891B,3F80
891C,3F80
891D,3F80
891E,3F80
891F,3F80
8920,3F80
8921,3F80
8922,3F80
8923,3F80
8924,3F80
8925,3F80
8926,3F80
8927,3F80
8928,3F80
8929,3F80
892A,3F80
892B,3F80
892C,3F80
892D,3F80
892E,3F80
892F,3F80
8930,3F80
8931,3F80
8932,3F80
8933,3F80
8934,3F80
8935,3F80
8936,3F80
8937,3F80
8938,3F80
8939,3F80
893A,3F80
893B,3F80
893C,3F80
893D,3F80
893E,3F80
893F,3F80
8940,3F80
8941,3F80
8942,3F80
8943,3F80
8944,3F80
8945,3F80
8946,3F80
8947,3F80
8948,3F80
8949,3F80
894A,3F80
894B,3F80
894C,3F80
894D,3F80
894E,3F80
894F,3F80
8950,3F80
8951,3F80
8952,3F80
8953,3F80
8954,3F80
8955,3F80
8956,3F80
8957,3F80
8958,3F80
8959,3F80
895A,3F80
895B,3F80
895C,3F80
895D,3F80
895E,3F80
895F,3F80
8960,3F80
8961,3F80
8962,3F80
8963,3F80
8964,3F80
8965,3F80
8966,3F80
8967,3F80
8968,3F80
8969,3F80
896A,3F80
896B,3F80
896C,3F80
896D,3F80
896E,3F80
896F,3F80
8970,3F80
8971,3F80
8972,3F80
8973,3F80
8974,3F80
8975,3F80
8976,3F80
8977,3F80
8978,3F80
8979,3F80
897A,3F80
897B,3F80
897C,3F80
897D,3F80
897E,3F80
897F,3F80
8980,3F80
8981,3F80
8982,3F80
8983,3F80
8984,3F80
8985,3F80
8986,3F80
8987,3F80
8988,3F80
8989,3F80
898A,3F80
898B,3F80
898C,3F80
898D,3F80
898E,3F80
898F,3F80
8990,3F80
8991,3F80
8992,3F80
8993,3F80
8994,3F80
8995,3F80
8996,3F80
8997,3F80
8998,3F80
8999,3F80
899A,3F80
899B,3F80
899C,3F80
899D,3F80
899E,3F80
899F,3F80
89A0,3F80
89A1,3F80
89A2,3F80
89A3,3F80
89A4,3F80
89A5,3F80
89A6,3F80
89A7,3F80
89A8,3F80
89A9,3F80
89AA,3F80
89AB,3F80
89AC,3F80
89AD,3F80
89AE,3F80
89AF,3F80
89B0,3F80
89B1,3F80
89B2,3F80
89B3,3F80
89B4,3F80
89B5,3F80
89B6,3F80
89B7,3F80
89B8,3F80
89B9,3F80
89BA,3F80
89BB,3F80
89BC,3F80
89BD,3F80
89BE,3F80
89BF,3F80
89C0,3F80
89C1,3F80
89C2,3F80
89C3,3F80
89C4,3F80
89C5,3F80
89C6,3F80
89C7,3F80
89C8,3F80
89C9,3F80
89CA,3F80
89CB,3F80
89CC,3F80
89CD,3F80
89CE,3F80
89CF,3F80
89D0,3F80
89D1,3F80
89D2,3F80
89D3,3F80
89D4,3F80
89D5,3F80
89D6,3F80
89D7,3F80
89D8,3F80
89D9,3F80
89DA,3F80
89DB,3F80
89DC,3F80
89DD,3F80
89DE,3F80
89DF,3F80
89E0,3F80
89E1,3F80
89E2,3F80
89E3,3F80
89E4,3F80
89E5,3F80
89E6,3F80
89E7,3F80
89E8,3F80
89E9,3F80
89EA,3F80
89EB,3F80
89EC,3F80
89ED,3F80
89EE,3F80
89EF,3F80
89F0,3F80
89F1,3F80
89F2,3F80
89F3,3F80
89F4,3F80
89F5,3F80
89F6,3F80
89F7,3F80
89F8,3F80
89F9,3F80
89FA,3F80
89FB,3F80
89FC,3F80
89FD,3F80
89FE,3F80
89FF,3F80
8A00,3F80
8A01,3F80
8A02,3F80
8A03,3F80
8A04,3F80
8A05,3F80
8A06,3F80
8A07,3F80
8A08,3F80
8A09,3F80
8A0A,3F80
8A0B,3F80
8A0C,3F80
8A0D,3F80
8A0E,3F80
8A0F,3F80
8A10,3F80
8A11,3F80
8A12,3F80
8A13,3F80
8A14,3F80
8A15,3F80
8A16,3F80
8A17,3F80
8A18,3F80
8A19,3F80
8A1A,3F80
8A1B,3F80
8A1C,3F80
8A1D,3F80
8A1E,3F80
8A1F,3F80
8A20,3F80
8A21,3F80
8A22,3F80
8A23,3F80
8A24,3F80
8A25,3F80
8A26,3F80
8A27,3F80
8A28,3F80
8A29,3F80
8A2A,3F80
8A2B,3F80
8A2C,3F80
8A2D,3F80
8A2E,3F80
8A2F,3F80
8A30,3F80
8A31,3F80
8A32,3F80
8A33,3F80
8A34,3F80
8A35,3F80
8A36,3F80
8A37,3F80
8A38,3F80
8A39,3F80
8A3A,3F80
8A3B,3F80
8A3C,3F80
8A3D,3F80
8A3E,3F80
8A3F,3F80
8A40,3F80
8A41,3F80
8A42,3F80
8A43,3F80
8A44,3F80
8A45,3F80
8A46,3F80
8A47,3F80
8A48,3F80
8A49,3F80
8A4A,3F80
8A4B,3F80
8A4C,3F80
8A4D,3F80
8A4E,3F80
8A4F,3F80
8A50,3F80
8A51,3F80
8A52,3F80
8A53,3F80
8A54,3F80
8A55,3F80
8A56,3F80
8A57,3F80
8A58,3F80
8A59,3F80
8A5A,3F80
8A5B,3F80
8A5C,3F80
8A5D,3F80
8A5E,3F80
8A5F,3F80
8A60,3F80
8A61,3F80
8A62,3F80
8A63,3F80
8A64,3F80
8A65,3F80
8A66,3F80
8A67,3F80
8A68,3F80
8A69,3F80
8A6A,3F80
8A6B,3F80
8A6C,3F80
8A6D,3F80
8A6E,3F80
8A6F,3F80
8A70,3F80
8A71,3F80
8A72,3F80
8A73,3F80
8A74,3F80
8A75,3F80
8A76,3F80
8A77,3F80
8A78,3F80
8A79,3F80
8A7A,3F80
8A7B,3F80
8A7C,3F80
8A7D,3F80
8A7E,3F80
8A7F,3F80
8A80,3F80
8A81,3F80
8A82,3F80
8A83,3F80
8A84,3F80
8A85,3F80
8A86,3F80
8A87,3F80
8A88,3F80
8A89,3F80
8A8A,3F80
8A8B,3F80
8A8C,3F80
8A8D,3F80
8A8E,3F80
8A8F,3F80
8A90,3F80
8A91,3F80
8A92,3F80
8A93,3F80
8A94,3F80
8A95,3F80
8A96,3F80
8A97,3F80
8A98,3F80
8A99,3F80
8A9A,3F80
8A9B,3F80
8A9C,3F80
8A9D,3F80
8A9E,3F80
8A9F,3F80
8AA0,3F80
8AA1,3F80
8AA2,3F80
8AA3,3F80
8AA4,3F80
8AA5,3F80
8AA6,3F80
8AA7,3F80
8AA8,3F80
8AA9,3F80
8AAA,3F80
8AAB,3F80
8AAC,3F80
8AAD,3F80
8AAE,3F80
8AAF,3F80
8AB0,3F80
8AB1,3F80
8AB2,3F80
8AB3,3F80
8AB4,3F80
8AB5,3F80
8AB6,3F80
8AB7,3F80
8AB8,3F80
8AB9,3F80
8ABA,3F80
8ABB,3F80
8ABC,3F80
8ABD,3F80
8ABE,3F80
8ABF,3F80
8AC0,3F80
8AC1,3F80
8AC2,3F80
8AC3,3F80
8AC4,3F80
8AC5,3F80
8AC6,3F80
8AC7,3F80
8AC8,3F80
8AC9,3F80
8ACA,3F80
8ACB,3F80
8ACC,3F80
8ACD,3F80
8ACE,3F80
8ACF,3F80
8AD0,3F80
8AD1,3F80
8AD2,3F80
8AD3,3F80
8AD4,3F80
8AD5,3F80
8AD6,3F80
8AD7,3F80
8AD8,3F80
8AD9,3F80
8ADA,3F80
8ADB,3F80
8ADC,3F80
8ADD,3F80
8ADE,3F80
8ADF,3F80
8AE0,3F80
8AE1,3F80
8AE2,3F80
8AE3,3F80
8AE4,3F80
8AE5,3F80
8AE6,3F80
8AE7,3F80
8AE8,3F80
8AE9,3F80
8AEA,3F80
8AEB,3F80
8AEC,3F80
8AED,3F80
8AEE,3F80
8AEF,3F80
8AF0,3F80
8AF1,3F80
8AF2,3F80
8AF3,3F80
8AF4,3F80
8AF5,3F80
8AF6,3F80
8AF7,3F80
8AF8,3F80
8AF9,3F80
8AFA,3F80
8AFB,3F80
8AFC,3F80
8AFD,3F80
8AFE,3F80
8AFF,3F80
8B00,3F80
8B01,3F80
8B02,3F80
8B03,3F80
8B04,3F80
8B05,3F80
8B06,3F80
8B07,3F80
8B08,3F80
8B09,3F80
8B0A,3F80
8B0B,3F80
8B0C,3F80
8B0D,3F80
8B0E,3F80
8B0F,3F80
8B10,3F80
8B11,3F80
8B12,3F80
8B13,3F80
8B14,3F80
8B15,3F80
8B16,3F80
8B17,3F80
8B18,3F80
8B19,3F80
8B1A,3F80
8B1B,3F80
8B1C,3F80
8B1D,3F80
8B1E,3F80
8B1F,3F80
8B20,3F80
8B21,3F80
8B22,3F80
8B23,3F80
8B24,3F80
8B25,3F80
8B26,3F80
8B27,3F80
8B28,3F80
8B29,3F80
8B2A,3F80
8B2B,3F80
8B2C,3F80
8B2D,3F80
8B2E,3F80
8B2F,3F80
8B30,3F80
8B31,3F80
8B32,3F80
8B33,3F80
8B34,3F80
8B35,3F80
8B36,3F80
8B37,3F80
8B38,3F80
8B39,3F80
8B3A,3F80
8B3B,3F80
8B3C,3F80
8B3D,3F80
8B3E,3F80
8B3F,3F80
8B40,3F80
8B41,3F80
8B42,3F80
8B43,3F80
8B44,3F80
8B45,3F80
8B46,3F80
8B47,3F80
8B48,3F80
8B49,3F80
8B4A,3F80
8B4B,3F80
8B4C,3F80
8B4D,3F80
8B4E,3F80
8B4F,3F80
8B50,3F80
8B51,3F80
8B52,3F80
8B53,3F80
8B54,3F80
8B55,3F80
8B56,3F80
8B57,3F80
8B58,3F80
8B59,3F80
8B5A,3F80
8B5B,3F80
8B5C,3F80
8B5D,3F80
8B5E,3F80
8B5F,3F80
8B60,3F80
8B61,3F80
8B62,3F80
8B63,3F80
8B64,3F80
8B65,3F80
8B66,3F80
8B67,3F80
8B68,3F80
8B69,3F80
8B6A,3F80
8B6B,3F80
8B6C,3F80
8B6D,3F80
8B6E,3F80
8B6F,3F80
8B70,3F80
8B71,3F80
8B72,3F80
8B73,3F80
8B74,3F80
8B75,3F80
8B76,3F80
8B77,3F80
8B78,3F80
8B79,3F80
8B7A,3F80
8B7B,3F80
8B7C,3F80
8B7D,3F80
8B7E,3F80
8B7F,3F80
8B80,3F80
8B81,3F80
8B82,3F80
8B83,3F80
8B84,3F80
8B85,3F80
8B86,3F80
8B87,3F80
8B88,3F80
8B89,3F80
8B8A,3F80
8B8B,3F80
8B8C,3F80
8B8D,3F80
8B8E,3F80
8B8F,3F80
8B90,3F80
8B91,3F80
8B92,3F80
8B93,3F80
8B94,3F80
8B95,3F80
8B96,3F80
8B97,3F80
8B98,3F80
8B99,3F80
8B9A,3F80
8B9B,3F80
8B9C,3F80
8B9D,3F80
8B9E,3F80
8B9F,3F80
8BA0,3F80
8BA1,3F80
8BA2,3F80
8BA3,3F80
8BA4,3F80
8BA5,3F80
8BA6,3F80
8BA7,3F80
8BA8,3F80
8BA9,3F80
8BAA,3F80
8BAB,3F80
8BAC,3F80
8BAD,3F80
8BAE,3F80
8BAF,3F80
8BB0,3F80
8BB1,3F80
8BB2,3F80
8BB3,3F80
8BB4,3F80
8BB5,3F80
8BB6,3F80
8BB7,3F80
8BB8,3F80
8BB9,3F80
8BBA,3F80
8BBB,3F80
8BBC,3F80
8BBD,3F80
8BBE,3F80
8BBF,3F80
8BC0,3F80
8BC1,3F80
8BC2,3F80
8BC3,3F80
8BC4,3F80
8BC5,3F80
8BC6,3F80
8BC7,3F80
8BC8,3F80
8BC9,3F80
8BCA,3F80
8BCB,3F80
8BCC,3F80
8BCD,3F80
8BCE,3F80
8BCF,3F80
8BD0,3F80
8BD1,3F80
8BD2,3F80
8BD3,3F80
8BD4,3F80
8BD5,3F80
8BD6,3F80
8BD7,3F80
8BD8,3F80
8BD9,3F80
8BDA,3F80
8BDB,3F80
8BDC,3F80
8BDD,3F80
8BDE,3F80
8BDF,3F80
8BE0,3F80
8BE1,3F80
8BE2,3F80
8BE3,3F80
8BE4,3F80
8BE5,3F80
8BE6,3F80
8BE7,3F80
8BE8,3F80
8BE9,3F80
8BEA,3F80
8BEB,3F80
8BEC,3F80
8BED,3F80
8BEE,3F80
8BEF,3F80
8BF0,3F80
8BF1,3F80
8BF2,3F80
8BF3,3F80
8BF4,3F80
8BF5,3F80
8BF6,3F80
8BF7,3F80
8BF8,3F80
8BF9,3F80
8BFA,3F80
8BFB,3F80
8BFC,3F80
8BFD,3F80
8BFE,3F80
8BFF,3F80
8C00,3F80
8C01,3F80
8C02,3F80
8C03,3F80
8C04,3F80
8C05,3F80
8C06,3F80
8C07,3F80
8C08,3F80
8C09,3F80
8C0A,3F80
8C0B,3F80
8C0C,3F80
8C0D,3F80
8C0E,3F80
8C0F,3F80
8C10,3F80
8C11,3F80
8C12,3F80
8C13,3F80
8C14,3F80
8C15,3F80
8C16,3F80
8C17,3F80
8C18,3F80
8C19,3F80
8C1A,3F80
8C1B,3F80
8C1C,3F80
8C1D,3F80
8C1E,3F80
8C1F,3F80
8C20,3F80
8C21,3F80
8C22,3F80
8C23,3F80
8C24,3F80
8C25,3F80
8C26,3F80
8C27,3F80
8C28,3F80
8C29,3F80
8C2A,3F80
8C2B,3F80
8C2C,3F80
8C2D,3F80
8C2E,3F80
8C2F,3F80
8C30,3F80
8C31,3F80
8C32,3F80
8C33,3F80
8C34,3F80
8C35,3F80
8C36,3F80
8C37,3F80
8C38,3F80
8C39,3F80
8C3A,3F80
8C3B,3F80
8C3C,3F80
8C3D,3F80
8C3E,3F80
8C3F,3F80
8C40,3F80
8C41,3F80
8C42,3F80
8C43,3F80
8C44,3F80
8C45,3F80
8C46,3F80
8C47,3F80
8C48,3F80
8C49,3F80
8C4A,3F80
8C4B,3F80
8C4C,3F80
8C4D,3F80
8C4E,3F80
8C4F,3F80
8C50,3F80
8C51,3F80
8C52,3F80
8C53,3F80
8C54,3F80
8C55,3F80
8C56,3F80
8C57,3F80
8C58,3F80
8C59,3F80
8C5A,3F80
8C5B,3F80
8C5C,3F80
8C5D,3F80
8C5E,3F80
8C5F,3F80
8C60,3F80
8C61,3F80
8C62,3F80
8C63,3F80
8C64,3F80
8C65,3F80
8C66,3F80
8C67,3F80
8C68,3F80
8C69,3F80
8C6A,3F80
8C6B,3F80
8C6C,3F80
8C6D,3F80
8C6E,3F80
8C6F,3F80
8C70,3F80
8C71,3F80
8C72,3F80
8C73,3F80
8C74,3F80
8C75,3F80
8C76,3F80
8C77,3F80
8C78,3F80
8C79,3F80
8C7A,3F80
8C7B,3F80
8C7C,3F80
8C7D,3F80
8C7E,3F80
8C7F,3F80
8C80,3F80
8C81,3F80
8C82,3F80
8C83,3F80
8C84,3F80
8C85,3F80
8C86,3F80
8C87,3F80
8C88,3F80
8C89,3F80
8C8A,3F80
8C8B,3F80
8C8C,3F80
8C8D,3F80
8C8E,3F80
8C8F,3F80
8C90,3F80
8C91,3F80
8C92,3F80
8C93,3F80
8C94,3F80
8C95,3F80
8C96,3F80
8C97,3F80
8C98,3F80
8C99,3F80
8C9A,3F80
8C9B,3F80
8C9C,3F80
8C9D,3F80
8C9E,3F80
8C9F,3F80
8CA0,3F80
8CA1,3F80
8CA2,3F80
8CA3,3F80
8CA4,3F80
8CA5,3F80
8CA6,3F80
8CA7,3F80
8CA8,3F80
8CA9,3F80
8CAA,3F80
8CAB,3F80
8CAC,3F80
8CAD,3F80
8CAE,3F80
8CAF,3F80
8CB0,3F80
8CB1,3F80
8CB2,3F80
8CB3,3F80
8CB4,3F80
8CB5,3F80
8CB6,3F80
8CB7,3F80
8CB8,3F80
8CB9,3F80
8CBA,3F80
8CBB,3F80
8CBC,3F80
8CBD,3F80
8CBE,3F80
8CBF,3F80
8CC0,3F80
8CC1,3F80
8CC2,3F80
8CC3,3F80
8CC4,3F80
8CC5,3F80
8CC6,3F80
8CC7,3F80
8CC8,3F80
8CC9,3F80
8CCA,3F80
8CCB,3F80
8CCC,3F80
8CCD,3F80
8CCE,3F80
8CCF,3F80
8CD0,3F80
8CD1,3F80
8CD2,3F80
8CD3,3F80
8CD4,3F80
8CD5,3F80
8CD6,3F80
8CD7,3F80
8CD8,3F80
8CD9,3F80
8CDA,3F80
8CDB,3F80
8CDC,3F80
8CDD,3F80
8CDE,3F80
8CDF,3F80
8CE0,3F80
8CE1,3F80
8CE2,3F80
8CE3,3F80
8CE4,3F80
8CE5,3F80
8CE6,3F80
8CE7,3F80
8CE8,3F80
8CE9,3F80
8CEA,3F80
8CEB,3F80
8CEC,3F80
8CED,3F80
8CEE,3F80
8CEF,3F80
8CF0,3F80
8CF1,3F80
8CF2,3F80
8CF3,3F80
8CF4,3F80
8CF5,3F80
8CF6,3F80
8CF7,3F80
8CF8,3F80
8CF9,3F80
8CFA,3F80
8CFB,3F80
8CFC,3F80
8CFD,3F80
8CFE,3F80
8CFF,3F80
8D00,3F80
8D01,3F80
8D02,3F80
8D03,3F80
8D04,3F80
8D05,3F80
8D06,3F80
8D07,3F80
8D08,3F80
8D09,3F80
8D0A,3F80
8D0B,3F80
8D0C,3F80
8D0D,3F80
8D0E,3F80
8D0F,3F80
8D10,3F80
8D11,3F80
8D12,3F80
8D13,3F80
8D14,3F80
8D15,3F80
8D16,3F80
8D17,3F80
8D18,3F80
8D19,3F80
8D1A,3F80
8D1B,3F80
8D1C,3F80
8D1D,3F80
8D1E,3F80
8D1F,3F80
8D20,3F80
8D21,3F80
8D22,3F80
8D23,3F80
8D24,3F80
8D25,3F80
8D26,3F80
8D27,3F80
8D28,3F80
8D29,3F80
8D2A,3F80
8D2B,3F80
8D2C,3F80
8D2D,3F80
8D2E,3F80
8D2F,3F80
8D30,3F80
8D31,3F80
8D32,3F80
8D33,3F80
8D34,3F80
8D35,3F80
8D36,3F80
8D37,3F80
8D38,3F80
8D39,3F80
8D3A,3F80
8D3B,3F80
8D3C,3F80
8D3D,3F80
8D3E,3F80
8D3F,3F80
8D40,3F80
8D41,3F80
8D42,3F80
8D43,3F80
8D44,3F80
8D45,3F80
8D46,3F80
8D47,3F80
8D48,3F80
8D49,3F80
8D4A,3F80
8D4B,3F80
8D4C,3F80
8D4D,3F80
8D4E,3F80
8D4F,3F80
8D50,3F80
8D51,3F80
8D52,3F80
8D53,3F80
8D54,3F80
8D55,3F80
8D56,3F80
8D57,3F80
8D58,3F80
8D59,3F80
8D5A,3F80
8D5B,3F80
8D5C,3F80
8D5D,3F80
8D5E,3F80
8D5F,3F80
8D60,3F80
8D61,3F80
8D62,3F80
8D63,3F80
8D64,3F80
8D65,3F80
8D66,3F80
8D67,3F80
8D68,3F80
8D69,3F80
8D6A,3F80
8D6B,3F80
8D6C,3F80
8D6D,3F80
8D6E,3F80
8D6F,3F80
8D70,3F80
8D71,3F80
8D72,3F80
8D73,3F80
8D74,3F80
8D75,3F80
8D76,3F80
8D77,3F80
8D78,3F80
8D79,3F80
8D7A,3F80
8D7B,3F80
8D7C,3F80
8D7D,3F80
8D7E,3F80
8D7F,3F80
8D80,3F80
8D81,3F80
8D82,3F80
8D83,3F80
8D84,3F80
8D85,3F80
8D86,3F80
8D87,3F80
8D88,3F80
8D89,3F80
8D8A,3F80
8D8B,3F80
8D8C,3F80
8D8D,3F80
8D8E,3F80
8D8F,3F80
8D90,3F80
8D91,3F80
8D92,3F80
8D93,3F80
8D94,3F80
8D95,3F80
8D96,3F80
8D97,3F80
8D98,3F80
8D99,3F80
8D9A,3F80
8D9B,3F80
8D9C,3F80
8D9D,3F80
8D9E,3F80
8D9F,3F80
8DA0,3F80
8DA1,3F80
8DA2,3F80
8DA3,3F80
8DA4,3F80
8DA5,3F80
8DA6,3F80
8DA7,3F80
8DA8,3F80
8DA9,3F80
8DAA,3F80
8DAB,3F80
8DAC,3F80
8DAD,3F80
8DAE,3F80
8DAF,3F80
8DB0,3F80
8DB1,3F80
8DB2,3F80
8DB3,3F80
8DB4,3F80
8DB5,3F80
8DB6,3F80
8DB7,3F80
8DB8,3F80
8DB9,3F80
8DBA,3F80
8DBB,3F80
8DBC,3F80
8DBD,3F80
8DBE,3F80
8DBF,3F80
8DC0,3F80
8DC1,3F80
8DC2,3F80
8DC3,3F80
8DC4,3F80
8DC5,3F80
8DC6,3F80
8DC7,3F80
8DC8,3F80
8DC9,3F80
8DCA,3F80
8DCB,3F80
8DCC,3F80
8DCD,3F80
8DCE,3F80
8DCF,3F80
8DD0,3F80
8DD1,3F80
8DD2,3F80
8DD3,3F80
8DD4,3F80
8DD5,3F80
8DD6,3F80
8DD7,3F80
8DD8,3F80
8DD9,3F80
8DDA,3F80
8DDB,3F80
8DDC,3F80
8DDD,3F80
8DDE,3F80
8DDF,3F80
8DE0,3F80
8DE1,3F80
8DE2,3F80
8DE3,3F80
8DE4,3F80
8DE5,3F80
8DE6,3F80
8DE7,3F80
8DE8,3F80
8DE9,3F80
8DEA,3F80
8DEB,3F80
8DEC,3F80
8DED,3F80
8DEE,3F80
8DEF,3F80
8DF0,3F80
8DF1,3F80
8DF2,3F80
8DF3,3F80
8DF4,3F80
8DF5,3F80
8DF6,3F80
8DF7,3F80
8DF8,3F80
8DF9,3F80
8DFA,3F80
8DFB,3F80
8DFC,3F80
8DFD,3F80
8DFE,3F80
8DFF,3F80
8E00,3F80
8E01,3F80
8E02,3F80
8E03,3F80
8E04,3F80
8E05,3F80
8E06,3F80
8E07,3F80
8E08,3F80
8E09,3F80
8E0A,3F80
8E0B,3F80
8E0C,3F80
8E0D,3F80
8E0E,3F80
8E0F,3F80
8E10,3F80
8E11,3F80
8E12,3F80
8E13,3F80
8E14,3F80
8E15,3F80
8E16,3F80
8E17,3F80
8E18,3F80
8E19,3F80
8E1A,3F80
8E1B,3F80
8E1C,3F80
8E1D,3F80
8E1E,3F80
8E1F,3F80
8E20,3F80
8E21,3F80
8E22,3F80
8E23,3F80
8E24,3F80
8E25,3F80
8E26,3F80
8E27,3F80
8E28,3F80
8E29,3F80
8E2A,3F80
8E2B,3F80
8E2C,3F80
8E2D,3F80
8E2E,3F80
8E2F,3F80
8E30,3F80
8E31,3F80
8E32,3F80
8E33,3F80
8E34,3F80
8E35,3F80
8E36,3F80
8E37,3F80
8E38,3F80
8E39,3F80
8E3A,3F80
8E3B,3F80
8E3C,3F80
8E3D,3F80
8E3E,3F80
8E3F,3F80
8E40,3F80
8E41,3F80
8E42,3F80
8E43,3F80
8E44,3F80
8E45,3F80
8E46,3F80
8E47,3F80
8E48,3F80
8E49,3F80
8E4A,3F80
8E4B,3F80
8E4C,3F80
8E4D,3F80
8E4E,3F80
8E4F,3F80
8E50,3F80
8E51,3F80
8E52,3F80
8E53,3F80
8E54,3F80
8E55,3F80
8E56,3F80
8E57,3F80
8E58,3F80
8E59,3F80
8E5A,3F80
8E5B,3F80
8E5C,3F80
8E5D,3F80
8E5E,3F80
8E5F,3F80
8E60,3F80
8E61,3F80
8E62,3F80
8E63,3F80
8E64,3F80
8E65,3F80
8E66,3F80
8E67,3F80
8E68,3F80
8E69,3F80
8E6A,3F80
8E6B,3F80
8E6C,3F80
8E6D,3F80
8E6E,3F80
8E6F,3F80
8E70,3F80
8E71,3F80
8E72,3F80
8E73,3F80
8E74,3F80
8E75,3F80
8E76,3F80
8E77,3F80
8E78,3F80
8E79,3F80
8E7A,3F80
8E7B,3F80
8E7C,3F80
8E7D,3F80
8E7E,3F80
8E7F,3F80
8E80,3F80
8E81,3F80
8E82,3F80
8E83,3F80
8E84,3F80
8E85,3F80
8E86,3F80
8E87,3F80
8E88,3F80
8E89,3F80
8E8A,3F80
8E8B,3F80
8E8C,3F80
8E8D,3F80
8E8E,3F80
8E8F,3F80
8E90,3F80
8E91,3F80
8E92,3F80
8E93,3F80
8E94,3F80
8E95,3F80
8E96,3F80
8E97,3F80
8E98,3F80
8E99,3F80
8E9A,3F80
8E9B,3F80
8E9C,3F80
8E9D,3F80
8E9E,3F80
8E9F,3F80
8EA0,3F80
8EA1,3F80
8EA2,3F80
8EA3,3F80
8EA4,3F80
8EA5,3F80
8EA6,3F80
8EA7,3F80
8EA8,3F80
8EA9,3F80
8EAA,3F80
8EAB,3F80
8EAC,3F80
8EAD,3F80
8EAE,3F80
8EAF,3F80
8EB0,3F80
8EB1,3F80
8EB2,3F80
8EB3,3F80
8EB4,3F80
8EB5,3F80
8EB6,3F80
8EB7,3F80
8EB8,3F80
8EB9,3F80
8EBA,3F80
8EBB,3F80
8EBC,3F80
8EBD,3F80
8EBE,3F80
8EBF,3F80
8EC0,3F80
8EC1,3F80
8EC2,3F80
8EC3,3F80
8EC4,3F80
8EC5,3F80
8EC6,3F80
8EC7,3F80
8EC8,3F80
8EC9,3F80
8ECA,3F80
8ECB,3F80
8ECC,3F80
8ECD,3F80
8ECE,3F80
8ECF,3F80
8ED0,3F80
8ED1,3F80
8ED2,3F80
8ED3,3F80
8ED4,3F80
8ED5,3F80
8ED6,3F80
8ED7,3F80
8ED8,3F80
8ED9,3F80
8EDA,3F80
8EDB,3F80
8EDC,3F80
8EDD,3F80
8EDE,3F80
8EDF,3F80
8EE0,3F80
8EE1,3F80
8EE2,3F80
8EE3,3F80
8EE4,3F80
8EE5,3F80
8EE6,3F80
8EE7,3F80
8EE8,3F80
8EE9,3F80
8EEA,3F80
8EEB,3F80
8EEC,3F80
8EED,3F80
8EEE,3F80
8EEF,3F80
8EF0,3F80
8EF1,3F80
8EF2,3F80
8EF3,3F80
8EF4,3F80
8EF5,3F80
8EF6,3F80
8EF7,3F80
8EF8,3F80
8EF9,3F80
8EFA,3F80
8EFB,3F80
8EFC,3F80
8EFD,3F80
8EFE,3F80
8EFF,3F80
8F00,3F80
8F01,3F80
8F02,3F80
8F03,3F80
8F04,3F80
8F05,3F80
8F06,3F80
8F07,3F80
8F08,3F80
8F09,3F80
8F0A,3F80
8F0B,3F80
8F0C,3F80
8F0D,3F80
8F0E,3F80
8F0F,3F80
8F10,3F80
8F11,3F80
8F12,3F80
8F13,3F80
8F14,3F80
8F15,3F80
8F16,3F80
8F17,3F80
8F18,3F80
8F19,3F80
8F1A,3F80
8F1B,3F80
8F1C,3F80
8F1D,3F80
8F1E,3F80
8F1F,3F80
8F20,3F80
8F21,3F80
8F22,3F80
8F23,3F80
8F24,3F80
8F25,3F80
8F26,3F80
8F27,3F80
8F28,3F80
8F29,3F80
8F2A,3F80
8F2B,3F80
8F2C,3F80
8F2D,3F80
8F2E,3F80
8F2F,3F80
8F30,3F80
8F31,3F80
8F32,3F80
8F33,3F80
8F34,3F80
8F35,3F80
8F36,3F80
8F37,3F80
8F38,3F80
8F39,3F80
8F3A,3F80
8F3B,3F80
8F3C,3F80
8F3D,3F80
8F3E,3F80
8F3F,3F80
8F40,3F80
8F41,3F80
8F42,3F80
8F43,3F80
8F44,3F80
8F45,3F80
8F46,3F80
8F47,3F80
8F48,3F80
8F49,3F80
8F4A,3F80
8F4B,3F80
8F4C,3F80
8F4D,3F80
8F4E,3F80
8F4F,3F80
8F50,3F80
8F51,3F80
8F52,3F80
8F53,3F80
8F54,3F80
8F55,3F80
8F56,3F80
8F57,3F80
8F58,3F80
8F59,3F80
8F5A,3F80
8F5B,3F80
8F5C,3F80
8F5D,3F80
8F5E,3F80
8F5F,3F80
8F60,3F80
8F61,3F80
8F62,3F80
8F63,3F80
8F64,3F80
8F65,3F80
8F66,3F80
8F67,3F80
8F68,3F80
8F69,3F80
8F6A,3F80
8F6B,3F80
8F6C,3F80
8F6D,3F80
8F6E,3F80
8F6F,3F80
8F70,3F80
8F71,3F80
8F72,3F80
8F73,3F80
8F74,3F80
8F75,3F80
8F76,3F80
8F77,3F80
8F78,3F80
8F79,3F80
8F7A,3F80
8F7B,3F80
8F7C,3F80
8F7D,3F80
8F7E,3F80
8F7F,3F80
8F80,3F80
8F81,3F80
8F82,3F80
8F83,3F80
8F84,3F80
8F85,3F80
8F86,3F80
8F87,3F80
8F88,3F80
8F89,3F80
8F8A,3F80
8F8B,3F80
8F8C,3F80
8F8D,3F80
8F8E,3F80
8F8F,3F80
8F90,3F80
8F91,3F80
8F92,3F80
8F93,3F80
8F94,3F80
8F95,3F80
8F96,3F80
8F97,3F80
8F98,3F80
8F99,3F80
8F9A,3F80
8F9B,3F80
8F9C,3F80
8F9D,3F80
8F9E,3F80
8F9F,3F80
8FA0,3F80
8FA1,3F80
8FA2,3F80
8FA3,3F80
8FA4,3F80
8FA5,3F80
8FA6,3F80
8FA7,3F80
8FA8,3F80
8FA9,3F80
8FAA,3F80
8FAB,3F80
8FAC,3F80
8FAD,3F80
8FAE,3F80
8FAF,3F80
8FB0,3F80
8FB1,3F80
8FB2,3F80
8FB3,3F80
8FB4,3F80
8FB5,3F80
8FB6,3F80
8FB7,3F80
8FB8,3F80
8FB9,3F80
8FBA,3F80
8FBB,3F80
8FBC,3F80
8FBD,3F80
8FBE,3F80
8FBF,3F80
8FC0,3F80
8FC1,3F80
8FC2,3F80
8FC3,3F80
8FC4,3F80
8FC5,3F80
8FC6,3F80
8FC7,3F80
8FC8,3F80
8FC9,3F80
8FCA,3F80
8FCB,3F80
8FCC,3F80
8FCD,3F80
8FCE,3F80
8FCF,3F80
8FD0,3F80
8FD1,3F80
8FD2,3F80
8FD3,3F80
8FD4,3F80
8FD5,3F80
8FD6,3F80
8FD7,3F80
8FD8,3F80
8FD9,3F80
8FDA,3F80
8FDB,3F80
8FDC,3F80
8FDD,3F80
8FDE,3F80
8FDF,3F80
8FE0,3F80
8FE1,3F80
8FE2,3F80
8FE3,3F80
8FE4,3F80
8FE5,3F80
8FE6,3F80
8FE7,3F80
8FE8,3F80
8FE9,3F80
8FEA,3F80
8FEB,3F80
8FEC,3F80
8FED,3F80
8FEE,3F80
8FEF,3F80
8FF0,3F80
8FF1,3F80
8FF2,3F80
8FF3,3F80
8FF4,3F80
8FF5,3F80
8FF6,3F80
8FF7,3F80
8FF8,3F80
8FF9,3F80
8FFA,3F80
8FFB,3F80
8FFC,3F80
8FFD,3F80
8FFE,3F80
8FFF,3F80
9000,3F80
9001,3F80
9002,3F80
9003,3F80
9004,3F80
9005,3F80
9006,3F80
9007,3F80
9008,3F80
9009,3F80
900A,3F80
900B,3F80
900C,3F80
900D,3F80
900E,3F80
900F,3F80
9010,3F80
9011,3F80
9012,3F80
9013,3F80
9014,3F80
9015,3F80
9016,3F80
9017,3F80
9018,3F80
9019,3F80
901A,3F80
901B,3F80
901C,3F80
901D,3F80
901E,3F80
901F,3F80
9020,3F80
9021,3F80
9022,3F80
9023,3F80
9024,3F80
9025,3F80
9026,3F80
9027,3F80
9028,3F80
9029,3F80
902A,3F80
902B,3F80
902C,3F80
902D,3F80
902E,3F80
902F,3F80
9030,3F80
9031,3F80
9032,3F80
9033,3F80
9034,3F80
9035,3F80
9036,3F80
9037,3F80
9038,3F80
9039,3F80
903A,3F80
903B,3F80
903C,3F80
903D,3F80
903E,3F80
903F,3F80
9040,3F80
9041,3F80
9042,3F80
9043,3F80
9044,3F80
9045,3F80
9046,3F80
9047,3F80
9048,3F80
9049,3F80
904A,3F80
904B,3F80
904C,3F80
904D,3F80
904E,3F80
904F,3F80
9050,3F80
9051,3F80
9052,3F80
9053,3F80
9054,3F80
9055,3F80
9056,3F80
9057,3F80
9058,3F80
9059,3F80
905A,3F80
905B,3F80
905C,3F80
905D,3F80
905E,3F80
905F,3F80
9060,3F80
9061,3F80
9062,3F80
9063,3F80
9064,3F80
9065,3F80
9066,3F80
9067,3F80
9068,3F80
9069,3F80
906A,3F80
906B,3F80
906C,3F80
906D,3F80
906E,3F80
906F,3F80
9070,3F80
9071,3F80
9072,3F80
9073,3F80
9074,3F80
9075,3F80
9076,3F80
9077,3F80
9078,3F80
9079,3F80
907A,3F80
907B,3F80
907C,3F80
907D,3F80
907E,3F80
907F,3F80
9080,3F80
9081,3F80
9082,3F80
9083,3F80
9084,3F80
9085,3F80
9086,3F80
9087,3F80
9088,3F80
9089,3F80
908A,3F80
908B,3F80
908C,3F80
908D,3F80
908E,3F80
908F,3F80
9090,3F80
9091,3F80
9092,3F80
9093,3F80
9094,3F80
9095,3F80
9096,3F80
9097,3F80
9098,3F80
9099,3F80
909A,3F80
909B,3F80
909C,3F80
909D,3F80
909E,3F80
909F,3F80
90A0,3F80
90A1,3F80
90A2,3F80
90A3,3F80
90A4,3F80
90A5,3F80
90A6,3F80
90A7,3F80
90A8,3F80
90A9,3F80
90AA,3F80
90AB,3F80
90AC,3F80
90AD,3F80
90AE,3F80
90AF,3F80
90B0,3F80
90B1,3F80
90B2,3F80
90B3,3F80
90B4,3F80
90B5,3F80
90B6,3F80
90B7,3F80
90B8,3F80
90B9,3F80
90BA,3F80
90BB,3F80
90BC,3F80
90BD,3F80
90BE,3F80
90BF,3F80
90C0,3F80
90C1,3F80
90C2,3F80
90C3,3F80
90C4,3F80
90C5,3F80
90C6,3F80
90C7,3F80
90C8,3F80
90C9,3F80
90CA,3F80
90CB,3F80
90CC,3F80
90CD,3F80
90CE,3F80
90CF,3F80
90D0,3F80
90D1,3F80
90D2,3F80
90D3,3F80
90D4,3F80
90D5,3F80
90D6,3F80
90D7,3F80
90D8,3F80
90D9,3F80
90DA,3F80
90DB,3F80
90DC,3F80
90DD,3F80
90DE,3F80
90DF,3F80
90E0,3F80
90E1,3F80
90E2,3F80
90E3,3F80
90E4,3F80
90E5,3F80
90E6,3F80
90E7,3F80
90E8,3F80
90E9,3F80
90EA,3F80
90EB,3F80
90EC,3F80
90ED,3F80
90EE,3F80
90EF,3F80
90F0,3F80
90F1,3F80
90F2,3F80
90F3,3F80
90F4,3F80
90F5,3F80
90F6,3F80
90F7,3F80
90F8,3F80
90F9,3F80
90FA,3F80
90FB,3F80
90FC,3F80
90FD,3F80
90FE,3F80
90FF,3F80
9100,3F80
9101,3F80
9102,3F80
9103,3F80
9104,3F80
9105,3F80
9106,3F80
9107,3F80
9108,3F80
9109,3F80
910A,3F80
910B,3F80
910C,3F80
910D,3F80
910E,3F80
910F,3F80
9110,3F80
9111,3F80
9112,3F80
9113,3F80
9114,3F80
9115,3F80
9116,3F80
9117,3F80
9118,3F80
9119,3F80
911A,3F80
911B,3F80
911C,3F80
911D,3F80
911E,3F80
911F,3F80
9120,3F80
9121,3F80
9122,3F80
9123,3F80
9124,3F80
9125,3F80
9126,3F80
9127,3F80
9128,3F80
9129,3F80
912A,3F80
912B,3F80
912C,3F80
912D,3F80
912E,3F80
912F,3F80
9130,3F80
9131,3F80
9132,3F80
9133,3F80
9134,3F80
9135,3F80
9136,3F80
9137,3F80
9138,3F80
9139,3F80
913A,3F80
913B,3F80
913C,3F80
913D,3F80
913E,3F80
913F,3F80
9140,3F80
9141,3F80
9142,3F80
9143,3F80
9144,3F80
9145,3F80
9146,3F80
9147,3F80
9148,3F80
9149,3F80
914A,3F80
914B,3F80
914C,3F80
914D,3F80
914E,3F80
914F,3F80
9150,3F80
9151,3F80
9152,3F80
9153,3F80
9154,3F80
9155,3F80
9156,3F80
9157,3F80
9158,3F80
9159,3F80
915A,3F80
915B,3F80
915C,3F80
915D,3F80
915E,3F80
915F,3F80
9160,3F80
9161,3F80
9162,3F80
9163,3F80
9164,3F80
9165,3F80
9166,3F80
9167,3F80
9168,3F80
9169,3F80
916A,3F80
916B,3F80
916C,3F80
916D,3F80
916E,3F80
916F,3F80
9170,3F80
9171,3F80
9172,3F80
9173,3F80
9174,3F80
9175,3F80
9176,3F80
9177,3F80
9178,3F80
9179,3F80
917A,3F80
917B,3F80
917C,3F80
917D,3F80
917E,3F80
917F,3F80
9180,3F80
9181,3F80
9182,3F80
9183,3F80
9184,3F80
9185,3F80
9186,3F80
9187,3F80
9188,3F80
9189,3F80
918A,3F80
918B,3F80
918C,3F80
918D,3F80
918E,3F80
918F,3F80
9190,3F80
9191,3F80
9192,3F80
9193,3F80
9194,3F80
9195,3F80
9196,3F80
9197,3F80
9198,3F80
9199,3F80
919A,3F80
919B,3F80
919C,3F80
919D,3F80
919E,3F80
919F,3F80
91A0,3F80
91A1,3F80
91A2,3F80
91A3,3F80
91A4,3F80
91A5,3F80
91A6,3F80
91A7,3F80
91A8,3F80
91A9,3F80
91AA,3F80
91AB,3F80
91AC,3F80
91AD,3F80
91AE,3F80
91AF,3F80
91B0,3F80
91B1,3F80
91B2,3F80
91B3,3F80
91B4,3F80
91B5,3F80
91B6,3F80
91B7,3F80
91B8,3F80
91B9,3F80
91BA,3F80
91BB,3F80
91BC,3F80
91BD,3F80
91BE,3F80
91BF,3F80
91C0,3F80
91C1,3F80
91C2,3F80
91C3,3F80
91C4,3F80
91C5,3F80
91C6,3F80
91C7,3F80
91C8,3F80
91C9,3F80
91CA,3F80
91CB,3F80
91CC,3F80
91CD,3F80
91CE,3F80
91CF,3F80
91D0,3F80
91D1,3F80
91D2,3F80
91D3,3F80
91D4,3F80
91D5,3F80
91D6,3F80
91D7,3F80
91D8,3F80
91D9,3F80
91DA,3F80
91DB,3F80
91DC,3F80
91DD,3F80
91DE,3F80
91DF,3F80
91E0,3F80
91E1,3F80
91E2,3F80
91E3,3F80
91E4,3F80
91E5,3F80
91E6,3F80
91E7,3F80
91E8,3F80
91E9,3F80
91EA,3F80
91EB,3F80
91EC,3F80
91ED,3F80
91EE,3F80
91EF,3F80
91F0,3F80
91F1,3F80
91F2,3F80
91F3,3F80
91F4,3F80
91F5,3F80
91F6,3F80
91F7,3F80
91F8,3F80
91F9,3F80
91FA,3F80
91FB,3F80
91FC,3F80
91FD,3F80
91FE,3F80
91FF,3F80
9200,3F80
9201,3F80
9202,3F80
9203,3F80
9204,3F80
9205,3F80
9206,3F80
9207,3F80
9208,3F80
9209,3F80
920A,3F80
920B,3F80
920C,3F80
920D,3F80
920E,3F80
920F,3F80
9210,3F80
9211,3F80
9212,3F80
9213,3F80
9214,3F80
9215,3F80
9216,3F80
9217,3F80
9218,3F80
9219,3F80
921A,3F80
921B,3F80
921C,3F80
921D,3F80
921E,3F80
921F,3F80
9220,3F80
9221,3F80
9222,3F80
9223,3F80
9224,3F80
9225,3F80
9226,3F80
9227,3F80
9228,3F80
9229,3F80
922A,3F80
922B,3F80
922C,3F80
922D,3F80
922E,3F80
922F,3F80
9230,3F80
9231,3F80
9232,3F80
9233,3F80
9234,3F80
9235,3F80
9236,3F80
9237,3F80
9238,3F80
9239,3F80
923A,3F80
923B,3F80
923C,3F80
923D,3F80
923E,3F80
923F,3F80
9240,3F80
9241,3F80
9242,3F80
9243,3F80
9244,3F80
9245,3F80
9246,3F80
9247,3F80
9248,3F80
9249,3F80
924A,3F80
924B,3F80
924C,3F80
924D,3F80
924E,3F80
924F,3F80
9250,3F80
9251,3F80
9252,3F80
9253,3F80
9254,3F80
9255,3F80
9256,3F80
9257,3F80
9258,3F80
9259,3F80
925A,3F80
925B,3F80
925C,3F80
925D,3F80
925E,3F80
925F,3F80
9260,3F80
9261,3F80
9262,3F80
9263,3F80
9264,3F80
9265,3F80
9266,3F80
9267,3F80
9268,3F80
9269,3F80
926A,3F80
926B,3F80
926C,3F80
926D,3F80
926E,3F80
926F,3F80
9270,3F80
9271,3F80
9272,3F80
9273,3F80
9274,3F80
9275,3F80
9276,3F80
9277,3F80
9278,3F80
9279,3F80
927A,3F80
927B,3F80
927C,3F80
927D,3F80
927E,3F80
927F,3F80
9280,3F80
9281,3F80
9282,3F80
9283,3F80
9284,3F80
9285,3F80
9286,3F80
9287,3F80
9288,3F80
9289,3F80
928A,3F80
928B,3F80
928C,3F80
928D,3F80
928E,3F80
928F,3F80
9290,3F80
9291,3F80
9292,3F80
9293,3F80
9294,3F80
9295,3F80
9296,3F80
9297,3F80
9298,3F80
9299,3F80
929A,3F80
929B,3F80
929C,3F80
929D,3F80
929E,3F80
929F,3F80
92A0,3F80
92A1,3F80
92A2,3F80
92A3,3F80
92A4,3F80
92A5,3F80
92A6,3F80
92A7,3F80
92A8,3F80
92A9,3F80
92AA,3F80
92AB,3F80
92AC,3F80
92AD,3F80
92AE,3F80
92AF,3F80
92B0,3F80
92B1,3F80
92B2,3F80
92B3,3F80
92B4,3F80
92B5,3F80
92B6,3F80
92B7,3F80
92B8,3F80
92B9,3F80
92BA,3F80
92BB,3F80
92BC,3F80
92BD,3F80
92BE,3F80
92BF,3F80
92C0,3F80
92C1,3F80
92C2,3F80
92C3,3F80
92C4,3F80
92C5,3F80
92C6,3F80
92C7,3F80
92C8,3F80
92C9,3F80
92CA,3F80
92CB,3F80
92CC,3F80
92CD,3F80
92CE,3F80
92CF,3F80
92D0,3F80
92D1,3F80
92D2,3F80
92D3,3F80
92D4,3F80
92D5,3F80
92D6,3F80
92D7,3F80
92D8,3F80
92D9,3F80
92DA,3F80
92DB,3F80
92DC,3F80
92DD,3F80
92DE,3F80
92DF,3F80
92E0,3F80
92E1,3F80
92E2,3F80
92E3,3F80
92E4,3F80
92E5,3F80
92E6,3F80
92E7,3F80
92E8,3F80
92E9,3F80
92EA,3F80
92EB,3F80
92EC,3F80
92ED,3F80
92EE,3F80
92EF,3F80
92F0,3F80
92F1,3F80
92F2,3F80
92F3,3F80
92F4,3F80
92F5,3F80
92F6,3F80
92F7,3F80
92F8,3F80
92F9,3F80
92FA,3F80
92FB,3F80
92FC,3F80
92FD,3F80
92FE,3F80
92FF,3F80
9300,3F80
9301,3F80
9302,3F80
9303,3F80
9304,3F80
9305,3F80
9306,3F80
9307,3F80
9308,3F80
9309,3F80
930A,3F80
930B,3F80
930C,3F80
930D,3F80
930E,3F80
930F,3F80
9310,3F80
9311,3F80
9312,3F80
9313,3F80
9314,3F80
9315,3F80
9316,3F80
9317,3F80
9318,3F80
9319,3F80
931A,3F80
931B,3F80
931C,3F80
931D,3F80
931E,3F80
931F,3F80
9320,3F80
9321,3F80
9322,3F80
9323,3F80
9324,3F80
9325,3F80
9326,3F80
9327,3F80
9328,3F80
9329,3F80
932A,3F80
932B,3F80
932C,3F80
932D,3F80
932E,3F80
932F,3F80
9330,3F80
9331,3F80
9332,3F80
9333,3F80
9334,3F80
9335,3F80
9336,3F80
9337,3F80
9338,3F80
9339,3F80
933A,3F80
933B,3F80
933C,3F80
933D,3F80
933E,3F80
933F,3F80
9340,3F80
9341,3F80
9342,3F80
9343,3F80
9344,3F80
9345,3F80
9346,3F80
9347,3F80
9348,3F80
9349,3F80
934A,3F80
934B,3F80
934C,3F80
934D,3F80
934E,3F80
934F,3F80
9350,3F80
9351,3F80
9352,3F80
9353,3F80
9354,3F80
9355,3F80
9356,3F80
9357,3F80
9358,3F80
9359,3F80
935A,3F80
935B,3F80
935C,3F80
935D,3F80
935E,3F80
935F,3F80
9360,3F80
9361,3F80
9362,3F80
9363,3F80
9364,3F80
9365,3F80
9366,3F80
9367,3F80
9368,3F80
9369,3F80
936A,3F80
936B,3F80
936C,3F80
936D,3F80
936E,3F80
936F,3F80
9370,3F80
9371,3F80
9372,3F80
9373,3F80
9374,3F80
9375,3F80
9376,3F80
9377,3F80
9378,3F80
9379,3F80
937A,3F80
937B,3F80
937C,3F80
937D,3F80
937E,3F80
937F,3F80
9380,3F80
9381,3F80
9382,3F80
9383,3F80
9384,3F80
9385,3F80
9386,3F80
9387,3F80
9388,3F80
9389,3F80
938A,3F80
938B,3F80
938C,3F80
938D,3F80
938E,3F80
938F,3F80
9390,3F80
9391,3F80
9392,3F80
9393,3F80
9394,3F80
9395,3F80
9396,3F80
9397,3F80
9398,3F80
9399,3F80
939A,3F80
939B,3F80
939C,3F80
939D,3F80
939E,3F80
939F,3F80
93A0,3F80
93A1,3F80
93A2,3F80
93A3,3F80
93A4,3F80
93A5,3F80
93A6,3F80
93A7,3F80
93A8,3F80
93A9,3F80
93AA,3F80
93AB,3F80
93AC,3F80
93AD,3F80
93AE,3F80
93AF,3F80
93B0,3F80
93B1,3F80
93B2,3F80
93B3,3F80
93B4,3F80
93B5,3F80
93B6,3F80
93B7,3F80
93B8,3F80
93B9,3F80
93BA,3F80
93BB,3F80
93BC,3F80
93BD,3F80
93BE,3F80
93BF,3F80
93C0,3F80
93C1,3F80
93C2,3F80
93C3,3F80
93C4,3F80
93C5,3F80
93C6,3F80
93C7,3F80
93C8,3F80
93C9,3F80
93CA,3F80
93CB,3F80
93CC,3F80
93CD,3F80
93CE,3F80
93CF,3F80
93D0,3F80
93D1,3F80
93D2,3F80
93D3,3F80
93D4,3F80
93D5,3F80
93D6,3F80
93D7,3F80
93D8,3F80
93D9,3F80
93DA,3F80
93DB,3F80
93DC,3F80
93DD,3F80
93DE,3F80
93DF,3F80
93E0,3F80
93E1,3F80
93E2,3F80
93E3,3F80
93E4,3F80
93E5,3F80
93E6,3F80
93E7,3F80
93E8,3F80
93E9,3F80
93EA,3F80
93EB,3F80
93EC,3F80
93ED,3F80
93EE,3F80
93EF,3F80
93F0,3F80
93F1,3F80
93F2,3F80
93F3,3F80
93F4,3F80
93F5,3F80
93F6,3F80
93F7,3F80
93F8,3F80
93F9,3F80
93FA,3F80
93FB,3F80
93FC,3F80
93FD,3F80
93FE,3F80
93FF,3F80
9400,3F80
9401,3F80
9402,3F80
9403,3F80
9404,3F80
9405,3F80
9406,3F80
9407,3F80
9408,3F80
9409,3F80
940A,3F80
940B,3F80
940C,3F80
940D,3F80
940E,3F80
940F,3F80
9410,3F80
9411,3F80
9412,3F80
9413,3F80
9414,3F80
9415,3F80
9416,3F80
9417,3F80
9418,3F80
9419,3F80
941A,3F80
941B,3F80
941C,3F80
941D,3F80
941E,3F80
941F,3F80
9420,3F80
9421,3F80
9422,3F80
9423,3F80
9424,3F80
9425,3F80
9426,3F80
9427,3F80
9428,3F80
9429,3F80
942A,3F80
942B,3F80
942C,3F80
942D,3F80
942E,3F80
942F,3F80
9430,3F80
9431,3F80
9432,3F80
9433,3F80
9434,3F80
9435,3F80
9436,3F80
9437,3F80
9438,3F80
9439,3F80
943A,3F80
943B,3F80
943C,3F80
943D,3F80
943E,3F80
943F,3F80
9440,3F80
9441,3F80
9442,3F80
9443,3F80
9444,3F80
9445,3F80
9446,3F80
9447,3F80
9448,3F80
9449,3F80
944A,3F80
944B,3F80
944C,3F80
944D,3F80
944E,3F80
944F,3F80
9450,3F80
9451,3F80
9452,3F80
9453,3F80
9454,3F80
9455,3F80
9456,3F80
9457,3F80
9458,3F80
9459,3F80
945A,3F80
945B,3F80
945C,3F80
945D,3F80
945E,3F80
945F,3F80
9460,3F80
9461,3F80
9462,3F80
9463,3F80
9464,3F80
9465,3F80
9466,3F80
9467,3F80
9468,3F80
9469,3F80
946A,3F80
946B,3F80
946C,3F80
946D,3F80
946E,3F80
946F,3F80
9470,3F80
9471,3F80
9472,3F80
9473,3F80
9474,3F80
9475,3F80
9476,3F80
9477,3F80
9478,3F80
9479,3F80
947A,3F80
947B,3F80
947C,3F80
947D,3F80
947E,3F80
947F,3F80
9480,3F80
9481,3F80
9482,3F80
9483,3F80
9484,3F80
9485,3F80
9486,3F80
9487,3F80
9488,3F80
9489,3F80
948A,3F80
948B,3F80
948C,3F80
948D,3F80
948E,3F80
948F,3F80
9490,3F80
9491,3F80
9492,3F80
9493,3F80
9494,3F80
9495,3F80
9496,3F80
9497,3F80
9498,3F80
9499,3F80
949A,3F80
949B,3F80
949C,3F80
949D,3F80
949E,3F80
949F,3F80
94A0,3F80
94A1,3F80
94A2,3F80
94A3,3F80
94A4,3F80
94A5,3F80
94A6,3F80
94A7,3F80
94A8,3F80
94A9,3F80
94AA,3F80
94AB,3F80
94AC,3F80
94AD,3F80
94AE,3F80
94AF,3F80
94B0,3F80
94B1,3F80
94B2,3F80
94B3,3F80
94B4,3F80
94B5,3F80
94B6,3F80
94B7,3F80
94B8,3F80
94B9,3F80
94BA,3F80
94BB,3F80
94BC,3F80
94BD,3F80
94BE,3F80
94BF,3F80
94C0,3F80
94C1,3F80
94C2,3F80
94C3,3F80
94C4,3F80
94C5,3F80
94C6,3F80
94C7,3F80
94C8,3F80
94C9,3F80
94CA,3F80
94CB,3F80
94CC,3F80
94CD,3F80
94CE,3F80
94CF,3F80
94D0,3F80
94D1,3F80
94D2,3F80
94D3,3F80
94D4,3F80
94D5,3F80
94D6,3F80
94D7,3F80
94D8,3F80
94D9,3F80
94DA,3F80
94DB,3F80
94DC,3F80
94DD,3F80
94DE,3F80
94DF,3F80
94E0,3F80
94E1,3F80
94E2,3F80
94E3,3F80
94E4,3F80
94E5,3F80
94E6,3F80
94E7,3F80
94E8,3F80
94E9,3F80
94EA,3F80
94EB,3F80
94EC,3F80
94ED,3F80
94EE,3F80
94EF,3F80
94F0,3F80
94F1,3F80
94F2,3F80
94F3,3F80
94F4,3F80
94F5,3F80
94F6,3F80
94F7,3F80
94F8,3F80
94F9,3F80
94FA,3F80
94FB,3F80
94FC,3F80
94FD,3F80
94FE,3F80
94FF,3F80
9500,3F80
9501,3F80
9502,3F80
9503,3F80
9504,3F80
9505,3F80
9506,3F80
9507,3F80
9508,3F80
9509,3F80
950A,3F80
950B,3F80
950C,3F80
950D,3F80
950E,3F80
950F,3F80
9510,3F80
9511,3F80
9512,3F80
9513,3F80
9514,3F80
9515,3F80
9516,3F80
9517,3F80
9518,3F80
9519,3F80
951A,3F80
951B,3F80
951C,3F80
951D,3F80
951E,3F80
951F,3F80
9520,3F80
9521,3F80
9522,3F80
9523,3F80
9524,3F80
9525,3F80
9526,3F80
9527,3F80
9528,3F80
9529,3F80
952A,3F80
952B,3F80
952C,3F80
952D,3F80
952E,3F80
952F,3F80
9530,3F80
9531,3F80
9532,3F80
9533,3F80
9534,3F80
9535,3F80
9536,3F80
9537,3F80
9538,3F80
9539,3F80
953A,3F80
953B,3F80
953C,3F80
953D,3F80
953E,3F80
953F,3F80
9540,3F80
9541,3F80
9542,3F80
9543,3F80
9544,3F80
9545,3F80
9546,3F80
9547,3F80
9548,3F80
9549,3F80
954A,3F80
954B,3F80
954C,3F80
954D,3F80
954E,3F80
954F,3F80
9550,3F80
9551,3F80
9552,3F80
9553,3F80
9554,3F80
9555,3F80
9556,3F80
9557,3F80
9558,3F80
9559,3F80
955A,3F80
955B,3F80
955C,3F80
955D,3F80
955E,3F80
955F,3F80
9560,3F80
9561,3F80
9562,3F80
9563,3F80
9564,3F80
9565,3F80
9566,3F80
9567,3F80
9568,3F80
9569,3F80
956A,3F80
956B,3F80
956C,3F80
956D,3F80
956E,3F80
956F,3F80
9570,3F80
9571,3F80
9572,3F80
9573,3F80
9574,3F80
9575,3F80
9576,3F80
9577,3F80
9578,3F80
9579,3F80
957A,3F80
957B,3F80
957C,3F80
957D,3F80
957E,3F80
957F,3F80
9580,3F80
9581,3F80
9582,3F80
9583,3F80
9584,3F80
9585,3F80
9586,3F80
9587,3F80
9588,3F80
9589,3F80
958A,3F80
958B,3F80
958C,3F80
958D,3F80
958E,3F80
958F,3F80
9590,3F80
9591,3F80
9592,3F80
9593,3F80
9594,3F80
9595,3F80
9596,3F80
9597,3F80
9598,3F80
9599,3F80
959A,3F80
959B,3F80
959C,3F80
959D,3F80
959E,3F80
959F,3F80
95A0,3F80
95A1,3F80
95A2,3F80
95A3,3F80
95A4,3F80
95A5,3F80
95A6,3F80
95A7,3F80
95A8,3F80
95A9,3F80
95AA,3F80
95AB,3F80
95AC,3F80
95AD,3F80
95AE,3F80
95AF,3F80
95B0,3F80
95B1,3F80
95B2,3F80
95B3,3F80
95B4,3F80
95B5,3F80
95B6,3F80
95B7,3F80
95B8,3F80
95B9,3F80
95BA,3F80
95BB,3F80
95BC,3F80
95BD,3F80
95BE,3F80
95BF,3F80
95C0,3F80
95C1,3F80
95C2,3F80
95C3,3F80
95C4,3F80
95C5,3F80
95C6,3F80
95C7,3F80
95C8,3F80
95C9,3F80
95CA,3F80
95CB,3F80
95CC,3F80
95CD,3F80
95CE,3F80
95CF,3F80
95D0,3F80
95D1,3F80
95D2,3F80
95D3,3F80
95D4,3F80
95D5,3F80
95D6,3F80
95D7,3F80
95D8,3F80
95D9,3F80
95DA,3F80
95DB,3F80
95DC,3F80
95DD,3F80
95DE,3F80
95DF,3F80
95E0,3F80
95E1,3F80
95E2,3F80
95E3,3F80
95E4,3F80
95E5,3F80
95E6,3F80
95E7,3F80
95E8,3F80
95E9,3F80
95EA,3F80
95EB,3F80
95EC,3F80
95ED,3F80
95EE,3F80
95EF,3F80
95F0,3F80
95F1,3F80
95F2,3F80
95F3,3F80
95F4,3F80
95F5,3F80
95F6,3F80
95F7,3F80
95F8,3F80
95F9,3F80
95FA,3F80
95FB,3F80
95FC,3F80
95FD,3F80
95FE,3F80
95FF,3F80
9600,3F80
9601,3F80
9602,3F80
9603,3F80
9604,3F80
9605,3F80
9606,3F80
9607,3F80
9608,3F80
9609,3F80
960A,3F80
960B,3F80
960C,3F80
960D,3F80
960E,3F80
960F,3F80
9610,3F80
9611,3F80
9612,3F80
9613,3F80
9614,3F80
9615,3F80
9616,3F80
9617,3F80
9618,3F80
9619,3F80
961A,3F80
961B,3F80
961C,3F80
961D,3F80
961E,3F80
961F,3F80
9620,3F80
9621,3F80
9622,3F80
9623,3F80
9624,3F80
9625,3F80
9626,3F80
9627,3F80
9628,3F80
9629,3F80
962A,3F80
962B,3F80
962C,3F80
962D,3F80
962E,3F80
962F,3F80
9630,3F80
9631,3F80
9632,3F80
9633,3F80
9634,3F80
9635,3F80
9636,3F80
9637,3F80
9638,3F80
9639,3F80
963A,3F80
963B,3F80
963C,3F80
963D,3F80
963E,3F80
963F,3F80
9640,3F80
9641,3F80
9642,3F80
9643,3F80
9644,3F80
9645,3F80
9646,3F80
9647,3F80
9648,3F80
9649,3F80
964A,3F80
964B,3F80
964C,3F80
964D,3F80
964E,3F80
964F,3F80
9650,3F80
9651,3F80
9652,3F80
9653,3F80
9654,3F80
9655,3F80
9656,3F80
9657,3F80
9658,3F80
9659,3F80
965A,3F80
965B,3F80
965C,3F80
965D,3F80
965E,3F80
965F,3F80
9660,3F80
9661,3F80
9662,3F80
9663,3F80
9664,3F80
9665,3F80
9666,3F80
9667,3F80
9668,3F80
9669,3F80
966A,3F80
966B,3F80
966C,3F80
966D,3F80
966E,3F80
966F,3F80
9670,3F80
9671,3F80
9672,3F80
9673,3F80
9674,3F80
9675,3F80
9676,3F80
9677,3F80
9678,3F80
9679,3F80
967A,3F80
967B,3F80
967C,3F80
967D,3F80
967E,3F80
967F,3F80
9680,3F80
9681,3F80
9682,3F80
9683,3F80
9684,3F80
9685,3F80
9686,3F80
9687,3F80
9688,3F80
9689,3F80
968A,3F80
968B,3F80
968C,3F80
968D,3F80
968E,3F80
968F,3F80
9690,3F80
9691,3F80
9692,3F80
9693,3F80
9694,3F80
9695,3F80
9696,3F80
9697,3F80
9698,3F80
9699,3F80
969A,3F80
969B,3F80
969C,3F80
969D,3F80
969E,3F80
969F,3F80
96A0,3F80
96A1,3F80
96A2,3F80
96A3,3F80
96A4,3F80
96A5,3F80
96A6,3F80
96A7,3F80
96A8,3F80
96A9,3F80
96AA,3F80
96AB,3F80
96AC,3F80
96AD,3F80
96AE,3F80
96AF,3F80
96B0,3F80
96B1,3F80
96B2,3F80
96B3,3F80
96B4,3F80
96B5,3F80
96B6,3F80
96B7,3F80
96B8,3F80
96B9,3F80
96BA,3F80
96BB,3F80
96BC,3F80
96BD,3F80
96BE,3F80
96BF,3F80
96C0,3F80
96C1,3F80
96C2,3F80
96C3,3F80
96C4,3F80
96C5,3F80
96C6,3F80
96C7,3F80
96C8,3F80
96C9,3F80
96CA,3F80
96CB,3F80
96CC,3F80
96CD,3F80
96CE,3F80
96CF,3F80
96D0,3F80
96D1,3F80
96D2,3F80
96D3,3F80
96D4,3F80
96D5,3F80
96D6,3F80
96D7,3F80
96D8,3F80
96D9,3F80
96DA,3F80
96DB,3F80
96DC,3F80
96DD,3F80
96DE,3F80
96DF,3F80
96E0,3F80
96E1,3F80
96E2,3F80
96E3,3F80
96E4,3F80
96E5,3F80
96E6,3F80
96E7,3F80
96E8,3F80
96E9,3F80
96EA,3F80
96EB,3F80
96EC,3F80
96ED,3F80
96EE,3F80
96EF,3F80
96F0,3F80
96F1,3F80
96F2,3F80
96F3,3F80
96F4,3F80
96F5,3F80
96F6,3F80
96F7,3F80
96F8,3F80
96F9,3F80
96FA,3F80
96FB,3F80
96FC,3F80
96FD,3F80
96FE,3F80
96FF,3F80
9700,3F80
9701,3F80
9702,3F80
9703,3F80
9704,3F80
9705,3F80
9706,3F80
9707,3F80
9708,3F80
9709,3F80
970A,3F80
970B,3F80
970C,3F80
970D,3F80
970E,3F80
970F,3F80
9710,3F80
9711,3F80
9712,3F80
9713,3F80
9714,3F80
9715,3F80
9716,3F80
9717,3F80
9718,3F80
9719,3F80
971A,3F80
971B,3F80
971C,3F80
971D,3F80
971E,3F80
971F,3F80
9720,3F80
9721,3F80
9722,3F80
9723,3F80
9724,3F80
9725,3F80
9726,3F80
9727,3F80
9728,3F80
9729,3F80
972A,3F80
972B,3F80
972C,3F80
972D,3F80
972E,3F80
972F,3F80
9730,3F80
9731,3F80
9732,3F80
9733,3F80
9734,3F80
9735,3F80
9736,3F80
9737,3F80
9738,3F80
9739,3F80
973A,3F80
973B,3F80
973C,3F80
973D,3F80
973E,3F80
973F,3F80
9740,3F80
9741,3F80
9742,3F80
9743,3F80
9744,3F80
9745,3F80
9746,3F80
9747,3F80
9748,3F80
9749,3F80
974A,3F80
974B,3F80
974C,3F80
974D,3F80
974E,3F80
974F,3F80
9750,3F80
9751,3F80
9752,3F80
9753,3F80
9754,3F80
9755,3F80
9756,3F80
9757,3F80
9758,3F80
9759,3F80
975A,3F80
975B,3F80
975C,3F80
975D,3F80
975E,3F80
975F,3F80
9760,3F80
9761,3F80
9762,3F80
9763,3F80
9764,3F80
9765,3F80
9766,3F80
9767,3F80
9768,3F80
9769,3F80
976A,3F80
976B,3F80
976C,3F80
976D,3F80
976E,3F80
976F,3F80
9770,3F80
9771,3F80
9772,3F80
9773,3F80
9774,3F80
9775,3F80
9776,3F80
9777,3F80
9778,3F80
9779,3F80
977A,3F80
977B,3F80
977C,3F80
977D,3F80
977E,3F80
977F,3F80
9780,3F80
9781,3F80
9782,3F80
9783,3F80
9784,3F80
9785,3F80
9786,3F80
9787,3F80
9788,3F80
9789,3F80
978A,3F80
978B,3F80
978C,3F80
978D,3F80
978E,3F80
978F,3F80
9790,3F80
9791,3F80
9792,3F80
9793,3F80
9794,3F80
9795,3F80
9796,3F80
9797,3F80
9798,3F80
9799,3F80
979A,3F80
979B,3F80
979C,3F80
979D,3F80
979E,3F80
979F,3F80
97A0,3F80
97A1,3F80
97A2,3F80
97A3,3F80
97A4,3F80
97A5,3F80
97A6,3F80
97A7,3F80
97A8,3F80
97A9,3F80
97AA,3F80
97AB,3F80
97AC,3F80
97AD,3F80
97AE,3F80
97AF,3F80
97B0,3F80
97B1,3F80
97B2,3F80
97B3,3F80
97B4,3F80
97B5,3F80
97B6,3F80
97B7,3F80
97B8,3F80
97B9,3F80
97BA,3F80
97BB,3F80
97BC,3F80
97BD,3F80
97BE,3F80
97BF,3F80
97C0,3F80
97C1,3F80
97C2,3F80
97C3,3F80
97C4,3F80
97C5,3F80
97C6,3F80
97C7,3F80
97C8,3F80
97C9,3F80
97CA,3F80
97CB,3F80
97CC,3F80
97CD,3F80
97CE,3F80
97CF,3F80
97D0,3F80
97D1,3F80
97D2,3F80
97D3,3F80
97D4,3F80
97D5,3F80
97D6,3F80
97D7,3F80
97D8,3F80
97D9,3F80
97DA,3F80
97DB,3F80
97DC,3F80
97DD,3F80
97DE,3F80
97DF,3F80
97E0,3F80
97E1,3F80
97E2,3F80
97E3,3F80
97E4,3F80
97E5,3F80
97E6,3F80
97E7,3F80
97E8,3F80
97E9,3F80
97EA,3F80
97EB,3F80
97EC,3F80
97ED,3F80
97EE,3F80
97EF,3F80
97F0,3F80
97F1,3F80
97F2,3F80
97F3,3F80
97F4,3F80
97F5,3F80
97F6,3F80
97F7,3F80
97F8,3F80
97F9,3F80
97FA,3F80
97FB,3F80
97FC,3F80
97FD,3F80
97FE,3F80
97FF,3F80
9800,3F80
9801,3F80
9802,3F80
9803,3F80
9804,3F80
9805,3F80
9806,3F80
9807,3F80
9808,3F80
9809,3F80
980A,3F80
980B,3F80
980C,3F80
980D,3F80
980E,3F80
980F,3F80
9810,3F80
9811,3F80
9812,3F80
9813,3F80
9814,3F80
9815,3F80
9816,3F80
9817,3F80
9818,3F80
9819,3F80
981A,3F80
981B,3F80
981C,3F80
981D,3F80
981E,3F80
981F,3F80
9820,3F80
9821,3F80
9822,3F80
9823,3F80
9824,3F80
9825,3F80
9826,3F80
9827,3F80
9828,3F80
9829,3F80
982A,3F80
982B,3F80
982C,3F80
982D,3F80
982E,3F80
982F,3F80
9830,3F80
9831,3F80
9832,3F80
9833,3F80
9834,3F80
9835,3F80
9836,3F80
9837,3F80
9838,3F80
9839,3F80
983A,3F80
983B,3F80
983C,3F80
983D,3F80
983E,3F80
983F,3F80
9840,3F80
9841,3F80
9842,3F80
9843,3F80
9844,3F80
9845,3F80
9846,3F80
9847,3F80
9848,3F80
9849,3F80
984A,3F80
984B,3F80
984C,3F80
984D,3F80
984E,3F80
984F,3F80
9850,3F80
9851,3F80
9852,3F80
9853,3F80
9854,3F80
9855,3F80
9856,3F80
9857,3F80
9858,3F80
9859,3F80
985A,3F80
985B,3F80
985C,3F80
985D,3F80
985E,3F80
985F,3F80
9860,3F80
9861,3F80
9862,3F80
9863,3F80
9864,3F80
9865,3F80
9866,3F80
9867,3F80
9868,3F80
9869,3F80
986A,3F80
986B,3F80
986C,3F80
986D,3F80
986E,3F80
986F,3F80
9870,3F80
9871,3F80
9872,3F80
9873,3F80
9874,3F80
9875,3F80
9876,3F80
9877,3F80
9878,3F80
9879,3F80
987A,3F80
987B,3F80
987C,3F80
987D,3F80
987E,3F80
987F,3F80
9880,3F80
9881,3F80
9882,3F80
9883,3F80
9884,3F80
9885,3F80
9886,3F80
9887,3F80
9888,3F80
9889,3F80
988A,3F80
988B,3F80
988C,3F80
988D,3F80
988E,3F80
988F,3F80
9890,3F80
9891,3F80
9892,3F80
9893,3F80
9894,3F80
9895,3F80
9896,3F80
9897,3F80
9898,3F80
9899,3F80
989A,3F80
989B,3F80
989C,3F80
989D,3F80
989E,3F80
989F,3F80
98A0,3F80
98A1,3F80
98A2,3F80
98A3,3F80
98A4,3F80
98A5,3F80
98A6,3F80
98A7,3F80
98A8,3F80
98A9,3F80
98AA,3F80
98AB,3F80
98AC,3F80
98AD,3F80
98AE,3F80
98AF,3F80
98B0,3F80
98B1,3F80
98B2,3F80
98B3,3F80
98B4,3F80
98B5,3F80
98B6,3F80
98B7,3F80
98B8,3F80
98B9,3F80
98BA,3F80
98BB,3F80
98BC,3F80
98BD,3F80
98BE,3F80
98BF,3F80
98C0,3F80
98C1,3F80
98C2,3F80
98C3,3F80
98C4,3F80
98C5,3F80
98C6,3F80
98C7,3F80
98C8,3F80
98C9,3F80
98CA,3F80
98CB,3F80
98CC,3F80
98CD,3F80
98CE,3F80
98CF,3F80
98D0,3F80
98D1,3F80
98D2,3F80
98D3,3F80
98D4,3F80
98D5,3F80
98D6,3F80
98D7,3F80
98D8,3F80
98D9,3F80
98DA,3F80
98DB,3F80
98DC,3F80
98DD,3F80
98DE,3F80
98DF,3F80
98E0,3F80
98E1,3F80
98E2,3F80
98E3,3F80
98E4,3F80
98E5,3F80
98E6,3F80
98E7,3F80
98E8,3F80
98E9,3F80
98EA,3F80
98EB,3F80
98EC,3F80
98ED,3F80
98EE,3F80
98EF,3F80
98F0,3F80
98F1,3F80
98F2,3F80
98F3,3F80
98F4,3F80
98F5,3F80
98F6,3F80
98F7,3F80
98F8,3F80
98F9,3F80
98FA,3F80
98FB,3F80
98FC,3F80
98FD,3F80
98FE,3F80
98FF,3F80
9900,3F80
9901,3F80
9902,3F80
9903,3F80
9904,3F80
9905,3F80
9906,3F80
9907,3F80
9908,3F80
9909,3F80
990A,3F80
990B,3F80
990C,3F80
990D,3F80
990E,3F80
990F,3F80
9910,3F80
9911,3F80
9912,3F80
9913,3F80
9914,3F80
9915,3F80
9916,3F80
9917,3F80
9918,3F80
9919,3F80
991A,3F80
991B,3F80
991C,3F80
991D,3F80
991E,3F80
991F,3F80
9920,3F80
9921,3F80
9922,3F80
9923,3F80
9924,3F80
9925,3F80
9926,3F80
9927,3F80
9928,3F80
9929,3F80
992A,3F80
992B,3F80
992C,3F80
992D,3F80
992E,3F80
992F,3F80
9930,3F80
9931,3F80
9932,3F80
9933,3F80
9934,3F80
9935,3F80
9936,3F80
9937,3F80
9938,3F80
9939,3F80
993A,3F80
993B,3F80
993C,3F80
993D,3F80
993E,3F80
993F,3F80
9940,3F80
9941,3F80
9942,3F80
9943,3F80
9944,3F80
9945,3F80
9946,3F80
9947,3F80
9948,3F80
9949,3F80
994A,3F80
994B,3F80
994C,3F80
994D,3F80
994E,3F80
994F,3F80
9950,3F80
9951,3F80
9952,3F80
9953,3F80
9954,3F80
9955,3F80
9956,3F80
9957,3F80
9958,3F80
9959,3F80
995A,3F80
995B,3F80
995C,3F80
995D,3F80
995E,3F80
995F,3F80
9960,3F80
9961,3F80
9962,3F80
9963,3F80
9964,3F80
9965,3F80
9966,3F80
9967,3F80
9968,3F80
9969,3F80
996A,3F80
996B,3F80
996C,3F80
996D,3F80
996E,3F80
996F,3F80
9970,3F80
9971,3F80
9972,3F80
9973,3F80
9974,3F80
9975,3F80
9976,3F80
9977,3F80
9978,3F80
9979,3F80
997A,3F80
997B,3F80
997C,3F80
997D,3F80
997E,3F80
997F,3F80
9980,3F80
9981,3F80
9982,3F80
9983,3F80
9984,3F80
9985,3F80
9986,3F80
9987,3F80
9988,3F80
9989,3F80
998A,3F80
998B,3F80
998C,3F80
998D,3F80
998E,3F80
998F,3F80
9990,3F80
9991,3F80
9992,3F80
9993,3F80
9994,3F80
9995,3F80
9996,3F80
9997,3F80
9998,3F80
9999,3F80
999A,3F80
999B,3F80
999C,3F80
999D,3F80
999E,3F80
999F,3F80
99A0,3F80
99A1,3F80
99A2,3F80
99A3,3F80
99A4,3F80
99A5,3F80
99A6,3F80
99A7,3F80
99A8,3F80
99A9,3F80
99AA,3F80
99AB,3F80
99AC,3F80
99AD,3F80
99AE,3F80
99AF,3F80
99B0,3F80
99B1,3F80
99B2,3F80
99B3,3F80
99B4,3F80
99B5,3F80
99B6,3F80
99B7,3F80
99B8,3F80
99B9,3F80
99BA,3F80
99BB,3F80
99BC,3F80
99BD,3F80
99BE,3F80
99BF,3F80
99C0,3F80
99C1,3F80
99C2,3F80
99C3,3F80
99C4,3F80
99C5,3F80
99C6,3F80
99C7,3F80
99C8,3F80
99C9,3F80
99CA,3F80
99CB,3F80
99CC,3F80
99CD,3F80
99CE,3F80
99CF,3F80
99D0,3F80
99D1,3F80
99D2,3F80
99D3,3F80
99D4,3F80
99D5,3F80
99D6,3F80
99D7,3F80
99D8,3F80
99D9,3F80
99DA,3F80
99DB,3F80
99DC,3F80
99DD,3F80
99DE,3F80
99DF,3F80
99E0,3F80
99E1,3F80
99E2,3F80
99E3,3F80
99E4,3F80
99E5,3F80
99E6,3F80
99E7,3F80
99E8,3F80
99E9,3F80
99EA,3F80
99EB,3F80
99EC,3F80
99ED,3F80
99EE,3F80
99EF,3F80
99F0,3F80
99F1,3F80
99F2,3F80
99F3,3F80
99F4,3F80
99F5,3F80
99F6,3F80
99F7,3F80
99F8,3F80
99F9,3F80
99FA,3F80
99FB,3F80
99FC,3F80
99FD,3F80
99FE,3F80
99FF,3F80
9A00,3F80
9A01,3F80
9A02,3F80
9A03,3F80
9A04,3F80
9A05,3F80
9A06,3F80
9A07,3F80
9A08,3F80
9A09,3F80
9A0A,3F80
9A0B,3F80
9A0C,3F80
9A0D,3F80
9A0E,3F80
9A0F,3F80
9A10,3F80
9A11,3F80
9A12,3F80
9A13,3F80
9A14,3F80
9A15,3F80
9A16,3F80
9A17,3F80
9A18,3F80
9A19,3F80
9A1A,3F80
9A1B,3F80
9A1C,3F80
9A1D,3F80
9A1E,3F80
9A1F,3F80
9A20,3F80
9A21,3F80
9A22,3F80
9A23,3F80
9A24,3F80
9A25,3F80
9A26,3F80
9A27,3F80
9A28,3F80
9A29,3F80
9A2A,3F80
9A2B,3F80
9A2C,3F80
9A2D,3F80
9A2E,3F80
9A2F,3F80
9A30,3F80
9A31,3F80
9A32,3F80
9A33,3F80
9A34,3F80
9A35,3F80
9A36,3F80
9A37,3F80
9A38,3F80
9A39,3F80
9A3A,3F80
9A3B,3F80
9A3C,3F80
9A3D,3F80
9A3E,3F80
9A3F,3F80
9A40,3F80
9A41,3F80
9A42,3F80
9A43,3F80
9A44,3F80
9A45,3F80
9A46,3F80
9A47,3F80
9A48,3F80
9A49,3F80
9A4A,3F80
9A4B,3F80
9A4C,3F80
9A4D,3F80
9A4E,3F80
9A4F,3F80
9A50,3F80
9A51,3F80
9A52,3F80
9A53,3F80
9A54,3F80
9A55,3F80
9A56,3F80
9A57,3F80
9A58,3F80
9A59,3F80
9A5A,3F80
9A5B,3F80
9A5C,3F80
9A5D,3F80
9A5E,3F80
9A5F,3F80
9A60,3F80
9A61,3F80
9A62,3F80
9A63,3F80
9A64,3F80
9A65,3F80
9A66,3F80
9A67,3F80
9A68,3F80
9A69,3F80
9A6A,3F80
9A6B,3F80
9A6C,3F80
9A6D,3F80
9A6E,3F80
9A6F,3F80
9A70,3F80
9A71,3F80
9A72,3F80
9A73,3F80
9A74,3F80
9A75,3F80
9A76,3F80
9A77,3F80
9A78,3F80
9A79,3F80
9A7A,3F80
9A7B,3F80
9A7C,3F80
9A7D,3F80
9A7E,3F80
9A7F,3F80
9A80,3F80
9A81,3F80
9A82,3F80
9A83,3F80
9A84,3F80
9A85,3F80
9A86,3F80
9A87,3F80
9A88,3F80
9A89,3F80
9A8A,3F80
9A8B,3F80
9A8C,3F80
9A8D,3F80
9A8E,3F80
9A8F,3F80
9A90,3F80
9A91,3F80
9A92,3F80
9A93,3F80
9A94,3F80
9A95,3F80
9A96,3F80
9A97,3F80
9A98,3F80
9A99,3F80
9A9A,3F80
9A9B,3F80
9A9C,3F80
9A9D,3F80
9A9E,3F80
9A9F,3F80
9AA0,3F80
9AA1,3F80
9AA2,3F80
9AA3,3F80
9AA4,3F80
9AA5,3F80
9AA6,3F80
9AA7,3F80
9AA8,3F80
9AA9,3F80
9AAA,3F80
9AAB,3F80
9AAC,3F80
9AAD,3F80
9AAE,3F80
9AAF,3F80
9AB0,3F80
9AB1,3F80
9AB2,3F80
9AB3,3F80
9AB4,3F80
9AB5,3F80
9AB6,3F80
9AB7,3F80
9AB8,3F80
9AB9,3F80
9ABA,3F80
9ABB,3F80
9ABC,3F80
9ABD,3F80
9ABE,3F80
9ABF,3F80
9AC0,3F80
9AC1,3F80
9AC2,3F80
9AC3,3F80
9AC4,3F80
9AC5,3F80
9AC6,3F80
9AC7,3F80
9AC8,3F80
9AC9,3F80
9ACA,3F80
9ACB,3F80
9ACC,3F80
9ACD,3F80
9ACE,3F80
9ACF,3F80
9AD0,3F80
9AD1,3F80
9AD2,3F80
9AD3,3F80
9AD4,3F80
9AD5,3F80
9AD6,3F80
9AD7,3F80
9AD8,3F80
9AD9,3F80
9ADA,3F80
9ADB,3F80
9ADC,3F80
9ADD,3F80
9ADE,3F80
9ADF,3F80
9AE0,3F80
9AE1,3F80
9AE2,3F80
9AE3,3F80
9AE4,3F80
9AE5,3F80
9AE6,3F80
9AE7,3F80
9AE8,3F80
9AE9,3F80
9AEA,3F80
9AEB,3F80
9AEC,3F80
9AED,3F80
9AEE,3F80
9AEF,3F80
9AF0,3F80
9AF1,3F80
9AF2,3F80
9AF3,3F80
9AF4,3F80
9AF5,3F80
9AF6,3F80
9AF7,3F80
9AF8,3F80
9AF9,3F80
9AFA,3F80
9AFB,3F80
9AFC,3F80
9AFD,3F80
9AFE,3F80
9AFF,3F80
9B00,3F80
9B01,3F80
9B02,3F80
9B03,3F80
9B04,3F80
9B05,3F80
9B06,3F80
9B07,3F80
9B08,3F80
9B09,3F80
9B0A,3F80
9B0B,3F80
9B0C,3F80
9B0D,3F80
9B0E,3F80
9B0F,3F80
9B10,3F80
9B11,3F80
9B12,3F80
9B13,3F80
9B14,3F80
9B15,3F80
9B16,3F80
9B17,3F80
9B18,3F80
9B19,3F80
9B1A,3F80
9B1B,3F80
9B1C,3F80
9B1D,3F80
9B1E,3F80
9B1F,3F80
9B20,3F80
9B21,3F80
9B22,3F80
9B23,3F80
9B24,3F80
9B25,3F80
9B26,3F80
9B27,3F80
9B28,3F80
9B29,3F80
9B2A,3F80
9B2B,3F80
9B2C,3F80
9B2D,3F80
9B2E,3F80
9B2F,3F80
9B30,3F80
9B31,3F80
9B32,3F80
9B33,3F80
9B34,3F80
9B35,3F80
9B36,3F80
9B37,3F80
9B38,3F80
9B39,3F80
9B3A,3F80
9B3B,3F80
9B3C,3F80
9B3D,3F80
9B3E,3F80
9B3F,3F80
9B40,3F80
9B41,3F80
9B42,3F80
9B43,3F80
9B44,3F80
9B45,3F80
9B46,3F80
9B47,3F80
9B48,3F80
9B49,3F80
9B4A,3F80
9B4B,3F80
9B4C,3F80
9B4D,3F80
9B4E,3F80
9B4F,3F80
9B50,3F80
9B51,3F80
9B52,3F80
9B53,3F80
9B54,3F80
9B55,3F80
9B56,3F80
9B57,3F80
9B58,3F80
9B59,3F80
9B5A,3F80
9B5B,3F80
9B5C,3F80
9B5D,3F80
9B5E,3F80
9B5F,3F80
9B60,3F80
9B61,3F80
9B62,3F80
9B63,3F80
9B64,3F80
9B65,3F80
9B66,3F80
9B67,3F80
9B68,3F80
9B69,3F80
9B6A,3F80
9B6B,3F80
9B6C,3F80
9B6D,3F80
9B6E,3F80
9B6F,3F80
9B70,3F80
9B71,3F80
9B72,3F80
9B73,3F80
9B74,3F80
9B75,3F80
9B76,3F80
9B77,3F80
9B78,3F80
9B79,3F80
9B7A,3F80
9B7B,3F80
9B7C,3F80
9B7D,3F80
9B7E,3F80
9B7F,3F80
9B80,3F80
9B81,3F80
9B82,3F80
9B83,3F80
9B84,3F80
9B85,3F80
9B86,3F80
9B87,3F80
9B88,3F80
9B89,3F80
9B8A,3F80
9B8B,3F80
9B8C,3F80
9B8D,3F80
9B8E,3F80
9B8F,3F80
9B90,3F80
9B91,3F80
9B92,3F80
9B93,3F80
9B94,3F80
9B95,3F80
9B96,3F80
9B97,3F80
9B98,3F80
9B99,3F80
9B9A,3F80
9B9B,3F80
9B9C,3F80
9B9D,3F80
9B9E,3F80
9B9F,3F80
9BA0,3F80
9BA1,3F80
9BA2,3F80
9BA3,3F80
9BA4,3F80
9BA5,3F80
9BA6,3F80
9BA7,3F80
9BA8,3F80
9BA9,3F80
9BAA,3F80
9BAB,3F80
9BAC,3F80
9BAD,3F80
9BAE,3F80
9BAF,3F80
9BB0,3F80
9BB1,3F80
9BB2,3F80
9BB3,3F80
9BB4,3F80
9BB5,3F80
9BB6,3F80
9BB7,3F80
9BB8,3F80
9BB9,3F80
9BBA,3F80
9BBB,3F80
9BBC,3F80
9BBD,3F80
9BBE,3F80
9BBF,3F80
9BC0,3F80
9BC1,3F80
9BC2,3F80
9BC3,3F80
9BC4,3F80
9BC5,3F80
9BC6,3F80
9BC7,3F80
9BC8,3F80
9BC9,3F80
9BCA,3F80
9BCB,3F80
9BCC,3F80
9BCD,3F80
9BCE,3F80
9BCF,3F80
9BD0,3F80
9BD1,3F80
9BD2,3F80
9BD3,3F80
9BD4,3F80
9BD5,3F80
9BD6,3F80
9BD7,3F80
9BD8,3F80
9BD9,3F80
9BDA,3F80
9BDB,3F80
9BDC,3F80
9BDD,3F80
9BDE,3F80
9BDF,3F80
9BE0,3F80
9BE1,3F80
9BE2,3F80
9BE3,3F80
9BE4,3F80
9BE5,3F80
9BE6,3F80
9BE7,3F80
9BE8,3F80
9BE9,3F80
9BEA,3F80
9BEB,3F80
9BEC,3F80
9BED,3F80
9BEE,3F80
9BEF,3F80
9BF0,3F80
9BF1,3F80
9BF2,3F80
9BF3,3F80
9BF4,3F80
9BF5,3F80
9BF6,3F80
9BF7,3F80
9BF8,3F80
9BF9,3F80
9BFA,3F80
9BFB,3F80
9BFC,3F80
9BFD,3F80
9BFE,3F80
9BFF,3F80
9C00,3F80
9C01,3F80
9C02,3F80
9C03,3F80
9C04,3F80
9C05,3F80
9C06,3F80
9C07,3F80
9C08,3F80
9C09,3F80
9C0A,3F80
9C0B,3F80
9C0C,3F80
9C0D,3F80
9C0E,3F80
9C0F,3F80
9C10,3F80
9C11,3F80
9C12,3F80
9C13,3F80
9C14,3F80
9C15,3F80
9C16,3F80
9C17,3F80
9C18,3F80
9C19,3F80
9C1A,3F80
9C1B,3F80
9C1C,3F80
9C1D,3F80
9C1E,3F80
9C1F,3F80
9C20,3F80
9C21,3F80
9C22,3F80
9C23,3F80
9C24,3F80
9C25,3F80
9C26,3F80
9C27,3F80
9C28,3F80
9C29,3F80
9C2A,3F80
9C2B,3F80
9C2C,3F80
9C2D,3F80
9C2E,3F80
9C2F,3F80
9C30,3F80
9C31,3F80
9C32,3F80
9C33,3F80
9C34,3F80
9C35,3F80
9C36,3F80
9C37,3F80
9C38,3F80
9C39,3F80
9C3A,3F80
9C3B,3F80
9C3C,3F80
9C3D,3F80
9C3E,3F80
9C3F,3F80
9C40,3F80
9C41,3F80
9C42,3F80
9C43,3F80
9C44,3F80
9C45,3F80
9C46,3F80
9C47,3F80
9C48,3F80
9C49,3F80
9C4A,3F80
9C4B,3F80
9C4C,3F80
9C4D,3F80
9C4E,3F80
9C4F,3F80
9C50,3F80
9C51,3F80
9C52,3F80
9C53,3F80
9C54,3F80
9C55,3F80
9C56,3F80
9C57,3F80
9C58,3F80
9C59,3F80
9C5A,3F80
9C5B,3F80
9C5C,3F80
9C5D,3F80
9C5E,3F80
9C5F,3F80
9C60,3F80
9C61,3F80
9C62,3F80
9C63,3F80
9C64,3F80
9C65,3F80
9C66,3F80
9C67,3F80
9C68,3F80
9C69,3F80
9C6A,3F80
9C6B,3F80
9C6C,3F80
9C6D,3F80
9C6E,3F80
9C6F,3F80
9C70,3F80
9C71,3F80
9C72,3F80
9C73,3F80
9C74,3F80
9C75,3F80
9C76,3F80
9C77,3F80
9C78,3F80
9C79,3F80
9C7A,3F80
9C7B,3F80
9C7C,3F80
9C7D,3F80
9C7E,3F80
9C7F,3F80
9C80,3F80
9C81,3F80
9C82,3F80
9C83,3F80
9C84,3F80
9C85,3F80
9C86,3F80
9C87,3F80
9C88,3F80
9C89,3F80
9C8A,3F80
9C8B,3F80
9C8C,3F80
9C8D,3F80
9C8E,3F80
9C8F,3F80
9C90,3F80
9C91,3F80
9C92,3F80
9C93,3F80
9C94,3F80
9C95,3F80
9C96,3F80
9C97,3F80
9C98,3F80
9C99,3F80
9C9A,3F80
9C9B,3F80
9C9C,3F80
9C9D,3F80
9C9E,3F80
9C9F,3F80
9CA0,3F80
9CA1,3F80
9CA2,3F80
9CA3,3F80
9CA4,3F80
9CA5,3F80
9CA6,3F80
9CA7,3F80
9CA8,3F80
9CA9,3F80
9CAA,3F80
9CAB,3F80
9CAC,3F80
9CAD,3F80
9CAE,3F80
9CAF,3F80
9CB0,3F80
9CB1,3F80
9CB2,3F80
9CB3,3F80
9CB4,3F80
9CB5,3F80
9CB6,3F80
9CB7,3F80
9CB8,3F80
9CB9,3F80
9CBA,3F80
9CBB,3F80
9CBC,3F80
9CBD,3F80
9CBE,3F80
9CBF,3F80
9CC0,3F80
9CC1,3F80
9CC2,3F80
9CC3,3F80
9CC4,3F80
9CC5,3F80
9CC6,3F80
9CC7,3F80
9CC8,3F80
9CC9,3F80
9CCA,3F80
9CCB,3F80
9CCC,3F80
9CCD,3F80
9CCE,3F80
9CCF,3F80
9CD0,3F80
9CD1,3F80
9CD2,3F80
9CD3,3F80
9CD4,3F80
9CD5,3F80
9CD6,3F80
9CD7,3F80
9CD8,3F80
9CD9,3F80
9CDA,3F80
9CDB,3F80
9CDC,3F80
9CDD,3F80
9CDE,3F80
9CDF,3F80
9CE0,3F80
9CE1,3F80
9CE2,3F80
9CE3,3F80
9CE4,3F80
9CE5,3F80
9CE6,3F80
9CE7,3F80
9CE8,3F80
9CE9,3F80
9CEA,3F80
9CEB,3F80
9CEC,3F80
9CED,3F80
9CEE,3F80
9CEF,3F80
9CF0,3F80
9CF1,3F80
9CF2,3F80
9CF3,3F80
9CF4,3F80
9CF5,3F80
9CF6,3F80
9CF7,3F80
9CF8,3F80
9CF9,3F80
9CFA,3F80
9CFB,3F80
9CFC,3F80
9CFD,3F80
9CFE,3F80
9CFF,3F80
9D00,3F80
9D01,3F80
9D02,3F80
9D03,3F80
9D04,3F80
9D05,3F80
9D06,3F80
9D07,3F80
9D08,3F80
9D09,3F80
9D0A,3F80
9D0B,3F80
9D0C,3F80
9D0D,3F80
9D0E,3F80
9D0F,3F80
9D10,3F80
9D11,3F80
9D12,3F80
9D13,3F80
9D14,3F80
9D15,3F80
9D16,3F80
9D17,3F80
9D18,3F80
9D19,3F80
9D1A,3F80
9D1B,3F80
9D1C,3F80
9D1D,3F80
9D1E,3F80
9D1F,3F80
9D20,3F80
9D21,3F80
9D22,3F80
9D23,3F80
9D24,3F80
9D25,3F80
9D26,3F80
9D27,3F80
9D28,3F80
9D29,3F80
9D2A,3F80
9D2B,3F80
9D2C,3F80
9D2D,3F80
9D2E,3F80
9D2F,3F80
9D30,3F80
9D31,3F80
9D32,3F80
9D33,3F80
9D34,3F80
9D35,3F80
9D36,3F80
9D37,3F80
9D38,3F80
9D39,3F80
9D3A,3F80
9D3B,3F80
9D3C,3F80
9D3D,3F80
9D3E,3F80
9D3F,3F80
9D40,3F80
9D41,3F80
9D42,3F80
9D43,3F80
9D44,3F80
9D45,3F80
9D46,3F80
9D47,3F80
9D48,3F80
9D49,3F80
9D4A,3F80
9D4B,3F80
9D4C,3F80
9D4D,3F80
9D4E,3F80
9D4F,3F80
9D50,3F80
9D51,3F80
9D52,3F80
9D53,3F80
9D54,3F80
9D55,3F80
9D56,3F80
9D57,3F80
9D58,3F80
9D59,3F80
9D5A,3F80
9D5B,3F80
9D5C,3F80
9D5D,3F80
9D5E,3F80
9D5F,3F80
9D60,3F80
9D61,3F80
9D62,3F80
9D63,3F80
9D64,3F80
9D65,3F80
9D66,3F80
9D67,3F80
9D68,3F80
9D69,3F80
9D6A,3F80
9D6B,3F80
9D6C,3F80
9D6D,3F80
9D6E,3F80
9D6F,3F80
9D70,3F80
9D71,3F80
9D72,3F80
9D73,3F80
9D74,3F80
9D75,3F80
9D76,3F80
9D77,3F80
9D78,3F80
9D79,3F80
9D7A,3F80
9D7B,3F80
9D7C,3F80
9D7D,3F80
9D7E,3F80
9D7F,3F80
9D80,3F80
9D81,3F80
9D82,3F80
9D83,3F80
9D84,3F80
9D85,3F80
9D86,3F80
9D87,3F80
9D88,3F80
9D89,3F80
9D8A,3F80
9D8B,3F80
9D8C,3F80
9D8D,3F80
9D8E,3F80
9D8F,3F80
9D90,3F80
9D91,3F80
9D92,3F80
9D93,3F80
9D94,3F80
9D95,3F80
9D96,3F80
9D97,3F80
9D98,3F80
9D99,3F80
9D9A,3F80
9D9B,3F80
9D9C,3F80
9D9D,3F80
9D9E,3F80
9D9F,3F80
9DA0,3F80
9DA1,3F80
9DA2,3F80
9DA3,3F80
9DA4,3F80
9DA5,3F80
9DA6,3F80
9DA7,3F80
9DA8,3F80
9DA9,3F80
9DAA,3F80
9DAB,3F80
9DAC,3F80
9DAD,3F80
9DAE,3F80
9DAF,3F80
9DB0,3F80
9DB1,3F80
9DB2,3F80
9DB3,3F80
9DB4,3F80
9DB5,3F80
9DB6,3F80
9DB7,3F80
9DB8,3F80
9DB9,3F80
9DBA,3F80
9DBB,3F80
9DBC,3F80
9DBD,3F80
9DBE,3F80
9DBF,3F80
9DC0,3F80
9DC1,3F80
9DC2,3F80
9DC3,3F80
9DC4,3F80
9DC5,3F80
9DC6,3F80
9DC7,3F80
9DC8,3F80
9DC9,3F80
9DCA,3F80
9DCB,3F80
9DCC,3F80
9DCD,3F80
9DCE,3F80
9DCF,3F80
9DD0,3F80
9DD1,3F80
9DD2,3F80
9DD3,3F80
9DD4,3F80
9DD5,3F80
9DD6,3F80
9DD7,3F80
9DD8,3F80
9DD9,3F80
9DDA,3F80
9DDB,3F80
9DDC,3F80
9DDD,3F80
9DDE,3F80
9DDF,3F80
9DE0,3F80
9DE1,3F80
9DE2,3F80
9DE3,3F80
9DE4,3F80
9DE5,3F80
9DE6,3F80
9DE7,3F80
9DE8,3F80
9DE9,3F80
9DEA,3F80
9DEB,3F80
9DEC,3F80
9DED,3F80
9DEE,3F80
9DEF,3F80
9DF0,3F80
9DF1,3F80
9DF2,3F80
9DF3,3F80
9DF4,3F80
9DF5,3F80
9DF6,3F80
9DF7,3F80
9DF8,3F80
9DF9,3F80
9DFA,3F80
9DFB,3F80
9DFC,3F80
9DFD,3F80
9DFE,3F80
9DFF,3F80
9E00,3F80
9E01,3F80
9E02,3F80
9E03,3F80
9E04,3F80
9E05,3F80
9E06,3F80
9E07,3F80
9E08,3F80
9E09,3F80
9E0A,3F80
9E0B,3F80
9E0C,3F80
9E0D,3F80
9E0E,3F80
9E0F,3F80
9E10,3F80
9E11,3F80
9E12,3F80
9E13,3F80
9E14,3F80
9E15,3F80
9E16,3F80
9E17,3F80
9E18,3F80
9E19,3F80
9E1A,3F80
9E1B,3F80
9E1C,3F80
9E1D,3F80
9E1E,3F80
9E1F,3F80
9E20,3F80
9E21,3F80
9E22,3F80
9E23,3F80
9E24,3F80
9E25,3F80
9E26,3F80
9E27,3F80
9E28,3F80
9E29,3F80
9E2A,3F80
9E2B,3F80
9E2C,3F80
9E2D,3F80
9E2E,3F80
9E2F,3F80
9E30,3F80
9E31,3F80
9E32,3F80
9E33,3F80
9E34,3F80
9E35,3F80
9E36,3F80
9E37,3F80
9E38,3F80
9E39,3F80
9E3A,3F80
9E3B,3F80
9E3C,3F80
9E3D,3F80
9E3E,3F80
9E3F,3F80
9E40,3F80
9E41,3F80
9E42,3F80
9E43,3F80
9E44,3F80
9E45,3F80
9E46,3F80
9E47,3F80
9E48,3F80
9E49,3F80
9E4A,3F80
9E4B,3F80
9E4C,3F80
9E4D,3F80
9E4E,3F80
9E4F,3F80
9E50,3F80
9E51,3F80
9E52,3F80
9E53,3F80
9E54,3F80
9E55,3F80
9E56,3F80
9E57,3F80
9E58,3F80
9E59,3F80
9E5A,3F80
9E5B,3F80
9E5C,3F80
9E5D,3F80
9E5E,3F80
9E5F,3F80
9E60,3F80
9E61,3F80
9E62,3F80
9E63,3F80
9E64,3F80
9E65,3F80
9E66,3F80
9E67,3F80
9E68,3F80
9E69,3F80
9E6A,3F80
9E6B,3F80
9E6C,3F80
9E6D,3F80
9E6E,3F80
9E6F,3F80
9E70,3F80
9E71,3F80
9E72,3F80
9E73,3F80
9E74,3F80
9E75,3F80
9E76,3F80
9E77,3F80
9E78,3F80
9E79,3F80
9E7A,3F80
9E7B,3F80
9E7C,3F80
9E7D,3F80
9E7E,3F80
9E7F,3F80
9E80,3F80
9E81,3F80
9E82,3F80
9E83,3F80
9E84,3F80
9E85,3F80
9E86,3F80
9E87,3F80
9E88,3F80
9E89,3F80
9E8A,3F80
9E8B,3F80
9E8C,3F80
9E8D,3F80
9E8E,3F80
9E8F,3F80
9E90,3F80
9E91,3F80
9E92,3F80
9E93,3F80
9E94,3F80
9E95,3F80
9E96,3F80
9E97,3F80
9E98,3F80
9E99,3F80
9E9A,3F80
9E9B,3F80
9E9C,3F80
9E9D,3F80
9E9E,3F80
9E9F,3F80
9EA0,3F80
9EA1,3F80
9EA2,3F80
9EA3,3F80
9EA4,3F80
9EA5,3F80
9EA6,3F80
9EA7,3F80
9EA8,3F80
9EA9,3F80
9EAA,3F80
9EAB,3F80
9EAC,3F80
9EAD,3F80
9EAE,3F80
9EAF,3F80
9EB0,3F80
9EB1,3F80
9EB2,3F80
9EB3,3F80
9EB4,3F80
9EB5,3F80
9EB6,3F80
9EB7,3F80
9EB8,3F80
9EB9,3F80
9EBA,3F80
9EBB,3F80
9EBC,3F80
9EBD,3F80
9EBE,3F80
9EBF,3F80
9EC0,3F80
9EC1,3F80
9EC2,3F80
9EC3,3F80
9EC4,3F80
9EC5,3F80
9EC6,3F80
9EC7,3F80
9EC8,3F80
9EC9,3F80
9ECA,3F80
9ECB,3F80
9ECC,3F80
9ECD,3F80
9ECE,3F80
9ECF,3F80
9ED0,3F80
9ED1,3F80
9ED2,3F80
9ED3,3F80
9ED4,3F80
9ED5,3F80
9ED6,3F80
9ED7,3F80
9ED8,3F80
9ED9,3F80
9EDA,3F80
9EDB,3F80
9EDC,3F80
9EDD,3F80
9EDE,3F80
9EDF,3F80
9EE0,3F80
9EE1,3F80
9EE2,3F80
9EE3,3F80
9EE4,3F80
9EE5,3F80
9EE6,3F80
9EE7,3F80
9EE8,3F80
9EE9,3F80
9EEA,3F80
9EEB,3F80
9EEC,3F80
9EED,3F80
9EEE,3F80
9EEF,3F80
9EF0,3F80
9EF1,3F80
9EF2,3F80
9EF3,3F80
9EF4,3F80
9EF5,3F80
9EF6,3F80
9EF7,3F80
9EF8,3F80
9EF9,3F80
9EFA,3F80
9EFB,3F80
9EFC,3F80
9EFD,3F80
9EFE,3F80
9EFF,3F80
9F00,3F80
9F01,3F80
9F02,3F80
9F03,3F80
9F04,3F80
9F05,3F80
9F06,3F80
9F07,3F80
9F08,3F80
9F09,3F80
9F0A,3F80
9F0B,3F80
9F0C,3F80
9F0D,3F80
9F0E,3F80
9F0F,3F80
9F10,3F80
9F11,3F80
9F12,3F80
9F13,3F80
9F14,3F80
9F15,3F80
9F16,3F80
9F17,3F80
9F18,3F80
9F19,3F80
9F1A,3F80
9F1B,3F80
9F1C,3F80
9F1D,3F80
9F1E,3F80
9F1F,3F80
9F20,3F80
9F21,3F80
9F22,3F80
9F23,3F80
9F24,3F80
9F25,3F80
9F26,3F80
9F27,3F80
9F28,3F80
9F29,3F80
9F2A,3F80
9F2B,3F80
9F2C,3F80
9F2D,3F80
9F2E,3F80
9F2F,3F80
9F30,3F80
9F31,3F80
9F32,3F80
9F33,3F80
9F34,3F80
9F35,3F80
9F36,3F80
9F37,3F80
9F38,3F80
9F39,3F80
9F3A,3F80
9F3B,3F80
9F3C,3F80
9F3D,3F80
9F3E,3F80
9F3F,3F80
9F40,3F80
9F41,3F80
9F42,3F80
9F43,3F80
9F44,3F80
9F45,3F80
9F46,3F80
9F47,3F80
9F48,3F80
9F49,3F80
9F4A,3F80
9F4B,3F80
9F4C,3F80
9F4D,3F80
9F4E,3F80
9F4F,3F80
9F50,3F80
9F51,3F80
9F52,3F80
9F53,3F80
9F54,3F80
9F55,3F80
9F56,3F80
9F57,3F80
9F58,3F80
9F59,3F80
9F5A,3F80
9F5B,3F80
9F5C,3F80
9F5D,3F80
9F5E,3F80
9F5F,3F80
9F60,3F80
9F61,3F80
9F62,3F80
9F63,3F80
9F64,3F80
9F65,3F80
9F66,3F80
9F67,3F80
9F68,3F80
9F69,3F80
9F6A,3F80
9F6B,3F80
9F6C,3F80
9F6D,3F80
9F6E,3F80
9F6F,3F80
9F70,3F80
9F71,3F80
9F72,3F80
9F73,3F80
9F74,3F80
9F75,3F80
9F76,3F80
9F77,3F80
9F78,3F80
9F79,3F80
9F7A,3F80
9F7B,3F80
9F7C,3F80
9F7D,3F80
9F7E,3F80
9F7F,3F80
9F80,3F80
9F81,3F80
9F82,3F80
9F83,3F80
9F84,3F80
9F85,3F80
9F86,3F80
9F87,3F80
9F88,3F80
9F89,3F80
9F8A,3F80
9F8B,3F80
9F8C,3F80
9F8D,3F80
9F8E,3F80
9F8F,3F80
9F90,3F80
9F91,3F80
9F92,3F80
9F93,3F80
9F94,3F80
9F95,3F80
9F96,3F80
9F97,3F80
9F98,3F80
9F99,3F80
9F9A,3F80
9F9B,3F80
9F9C,3F80
9F9D,3F80
9F9E,3F80
9F9F,3F80
9FA0,3F80
9FA1,3F80
9FA2,3F80
9FA3,3F80
9FA4,3F80
9FA5,3F80
9FA6,3F80
9FA7,3F80
9FA8,3F80
9FA9,3F80
9FAA,3F80
9FAB,3F80
9FAC,3F80
9FAD,3F80
9FAE,3F80
9FAF,3F80
9FB0,3F80
9FB1,3F80
9FB2,3F80
9FB3,3F80
9FB4,3F80
9FB5,3F80
9FB6,3F80
9FB7,3F80
9FB8,3F80
9FB9,3F80
9FBA,3F80
9FBB,3F80
9FBC,3F80
9FBD,3F80
9FBE,3F80
9FBF,3F80
9FC0,3F80
9FC1,3F80
9FC2,3F80
9FC3,3F80
9FC4,3F80
9FC5,3F80
9FC6,3F80
9FC7,3F80
9FC8,3F80
9FC9,3F80
9FCA,3F80
9FCB,3F80
9FCC,3F80
9FCD,3F80
9FCE,3F80
9FCF,3F80
9FD0,3F80
9FD1,3F80
9FD2,3F80
9FD3,3F80
9FD4,3F80
9FD5,3F80
9FD6,3F80
9FD7,3F80
9FD8,3F80
9FD9,3F80
9FDA,3F80
9FDB,3F80
9FDC,3F80
9FDD,3F80
9FDE,3F80
9FDF,3F80
9FE0,3F80
9FE1,3F80
9FE2,3F80
9FE3,3F80
9FE4,3F80
9FE5,3F80
9FE6,3F80
9FE7,3F80
9FE8,3F80
9FE9,3F80
9FEA,3F80
9FEB,3F80
9FEC,3F80
9FED,3F80
9FEE,3F80
9FEF,3F80
9FF0,3F80
9FF1,3F80
9FF2,3F80
9FF3,3F80
9FF4,3F80
9FF5,3F80
9FF6,3F80
9FF7,3F80
9FF8,3F80
9FF9,3F80
9FFA,3F80
9FFB,3F80
9FFC,3F80
9FFD,3F80
9FFE,3F80
9FFF,3F80
A000,3F80
A001,3F80
A002,3F80
A003,3F80
A004,3F80
A005,3F80
A006,3F80
A007,3F80
A008,3F80
A009,3F80
A00A,3F80
A00B,3F80
A00C,3F80
A00D,3F80
A00E,3F80
A00F,3F80
A010,3F80
A011,3F80
A012,3F80
A013,3F80
A014,3F80
A015,3F80
A016,3F80
A017,3F80
A018,3F80
A019,3F80
A01A,3F80
A01B,3F80
A01C,3F80
A01D,3F80
A01E,3F80
A01F,3F80
A020,3F80
A021,3F80
A022,3F80
A023,3F80
A024,3F80
A025,3F80
A026,3F80
A027,3F80
A028,3F80
A029,3F80
A02A,3F80
A02B,3F80
A02C,3F80
A02D,3F80
A02E,3F80
A02F,3F80
A030,3F80
A031,3F80
A032,3F80
A033,3F80
A034,3F80
A035,3F80
A036,3F80
A037,3F80
A038,3F80
A039,3F80
A03A,3F80
A03B,3F80
A03C,3F80
A03D,3F80
A03E,3F80
A03F,3F80
A040,3F80
A041,3F80
A042,3F80
A043,3F80
A044,3F80
A045,3F80
A046,3F80
A047,3F80
A048,3F80
A049,3F80
A04A,3F80
A04B,3F80
A04C,3F80
A04D,3F80
A04E,3F80
A04F,3F80
A050,3F80
A051,3F80
A052,3F80
A053,3F80
A054,3F80
A055,3F80
A056,3F80
A057,3F80
A058,3F80
A059,3F80
A05A,3F80
A05B,3F80
A05C,3F80
A05D,3F80
A05E,3F80
A05F,3F80
A060,3F80
A061,3F80
A062,3F80
A063,3F80
A064,3F80
A065,3F80
A066,3F80
A067,3F80
A068,3F80
A069,3F80
A06A,3F80
A06B,3F80
A06C,3F80
A06D,3F80
A06E,3F80
A06F,3F80
A070,3F80
A071,3F80
A072,3F80
A073,3F80
A074,3F80
A075,3F80
A076,3F80
A077,3F80
A078,3F80
A079,3F80
A07A,3F80
A07B,3F80
A07C,3F80
A07D,3F80
A07E,3F80
A07F,3F80
A080,3F80
A081,3F80
A082,3F80
A083,3F80
A084,3F80
A085,3F80
A086,3F80
A087,3F80
A088,3F80
A089,3F80
A08A,3F80
A08B,3F80
A08C,3F80
A08D,3F80
A08E,3F80
A08F,3F80
A090,3F80
A091,3F80
A092,3F80
A093,3F80
A094,3F80
A095,3F80
A096,3F80
A097,3F80
A098,3F80
A099,3F80
A09A,3F80
A09B,3F80
A09C,3F80
A09D,3F80
A09E,3F80
A09F,3F80
A0A0,3F80
A0A1,3F80
A0A2,3F80
A0A3,3F80
A0A4,3F80
A0A5,3F80
A0A6,3F80
A0A7,3F80
A0A8,3F80
A0A9,3F80
A0AA,3F80
A0AB,3F80
A0AC,3F80
A0AD,3F80
A0AE,3F80
A0AF,3F80
A0B0,3F80
A0B1,3F80
A0B2,3F80
A0B3,3F80
A0B4,3F80
A0B5,3F80
A0B6,3F80
A0B7,3F80
A0B8,3F80
A0B9,3F80
A0BA,3F80
A0BB,3F80
A0BC,3F80
A0BD,3F80
A0BE,3F80
A0BF,3F80
A0C0,3F80
A0C1,3F80
A0C2,3F80
A0C3,3F80
A0C4,3F80
A0C5,3F80
A0C6,3F80
A0C7,3F80
A0C8,3F80
A0C9,3F80
A0CA,3F80
A0CB,3F80
A0CC,3F80
A0CD,3F80
A0CE,3F80
A0CF,3F80
A0D0,3F80
A0D1,3F80
A0D2,3F80
A0D3,3F80
A0D4,3F80
A0D5,3F80
A0D6,3F80
A0D7,3F80
A0D8,3F80
A0D9,3F80
A0DA,3F80
A0DB,3F80
A0DC,3F80
A0DD,3F80
A0DE,3F80
A0DF,3F80
A0E0,3F80
A0E1,3F80
A0E2,3F80
A0E3,3F80
A0E4,3F80
A0E5,3F80
A0E6,3F80
A0E7,3F80
A0E8,3F80
A0E9,3F80
A0EA,3F80
A0EB,3F80
A0EC,3F80
A0ED,3F80
A0EE,3F80
A0EF,3F80
A0F0,3F80
A0F1,3F80
A0F2,3F80
A0F3,3F80
A0F4,3F80
A0F5,3F80
A0F6,3F80
A0F7,3F80
A0F8,3F80
A0F9,3F80
A0FA,3F80
A0FB,3F80
A0FC,3F80
A0FD,3F80
A0FE,3F80
A0FF,3F80
A100,3F80
A101,3F80
A102,3F80
A103,3F80
A104,3F80
A105,3F80
A106,3F80
A107,3F80
A108,3F80
A109,3F80
A10A,3F80
A10B,3F80
A10C,3F80
A10D,3F80
A10E,3F80
A10F,3F80
A110,3F80
A111,3F80
A112,3F80
A113,3F80
A114,3F80
A115,3F80
A116,3F80
A117,3F80
A118,3F80
A119,3F80
A11A,3F80
A11B,3F80
A11C,3F80
A11D,3F80
A11E,3F80
A11F,3F80
A120,3F80
A121,3F80
A122,3F80
A123,3F80
A124,3F80
A125,3F80
A126,3F80
A127,3F80
A128,3F80
A129,3F80
A12A,3F80
A12B,3F80
A12C,3F80
A12D,3F80
A12E,3F80
A12F,3F80
A130,3F80
A131,3F80
A132,3F80
A133,3F80
A134,3F80
A135,3F80
A136,3F80
A137,3F80
A138,3F80
A139,3F80
A13A,3F80
A13B,3F80
A13C,3F80
A13D,3F80
A13E,3F80
A13F,3F80
A140,3F80
A141,3F80
A142,3F80
A143,3F80
A144,3F80
A145,3F80
A146,3F80
A147,3F80
A148,3F80
A149,3F80
A14A,3F80
A14B,3F80
A14C,3F80
A14D,3F80
A14E,3F80
A14F,3F80
A150,3F80
A151,3F80
A152,3F80
A153,3F80
A154,3F80
A155,3F80
A156,3F80
A157,3F80
A158,3F80
A159,3F80
A15A,3F80
A15B,3F80
A15C,3F80
A15D,3F80
A15E,3F80
A15F,3F80
A160,3F80
A161,3F80
A162,3F80
A163,3F80
A164,3F80
A165,3F80
A166,3F80
A167,3F80
A168,3F80
A169,3F80
A16A,3F80
A16B,3F80
A16C,3F80
A16D,3F80
A16E,3F80
A16F,3F80
A170,3F80
A171,3F80
A172,3F80
A173,3F80
A174,3F80
A175,3F80
A176,3F80
A177,3F80
A178,3F80
A179,3F80
A17A,3F80
A17B,3F80
A17C,3F80
A17D,3F80
A17E,3F80
A17F,3F80
A180,3F80
A181,3F80
A182,3F80
A183,3F80
A184,3F80
A185,3F80
A186,3F80
A187,3F80
A188,3F80
A189,3F80
A18A,3F80
A18B,3F80
A18C,3F80
A18D,3F80
A18E,3F80
A18F,3F80
A190,3F80
A191,3F80
A192,3F80
A193,3F80
A194,3F80
A195,3F80
A196,3F80
A197,3F80
A198,3F80
A199,3F80
A19A,3F80
A19B,3F80
A19C,3F80
A19D,3F80
A19E,3F80
A19F,3F80
A1A0,3F80
A1A1,3F80
A1A2,3F80
A1A3,3F80
A1A4,3F80
A1A5,3F80
A1A6,3F80
A1A7,3F80
A1A8,3F80
A1A9,3F80
A1AA,3F80
A1AB,3F80
A1AC,3F80
A1AD,3F80
A1AE,3F80
A1AF,3F80
A1B0,3F80
A1B1,3F80
A1B2,3F80
A1B3,3F80
A1B4,3F80
A1B5,3F80
A1B6,3F80
A1B7,3F80
A1B8,3F80
A1B9,3F80
A1BA,3F80
A1BB,3F80
A1BC,3F80
A1BD,3F80
A1BE,3F80
A1BF,3F80
A1C0,3F80
A1C1,3F80
A1C2,3F80
A1C3,3F80
A1C4,3F80
A1C5,3F80
A1C6,3F80
A1C7,3F80
A1C8,3F80
A1C9,3F80
A1CA,3F80
A1CB,3F80
A1CC,3F80
A1CD,3F80
A1CE,3F80
A1CF,3F80
A1D0,3F80
A1D1,3F80
A1D2,3F80
A1D3,3F80
A1D4,3F80
A1D5,3F80
A1D6,3F80
A1D7,3F80
A1D8,3F80
A1D9,3F80
A1DA,3F80
A1DB,3F80
A1DC,3F80
A1DD,3F80
A1DE,3F80
A1DF,3F80
A1E0,3F80
A1E1,3F80
A1E2,3F80
A1E3,3F80
A1E4,3F80
A1E5,3F80
A1E6,3F80
A1E7,3F80
A1E8,3F80
A1E9,3F80
A1EA,3F80
A1EB,3F80
A1EC,3F80
A1ED,3F80
A1EE,3F80
A1EF,3F80
A1F0,3F80
A1F1,3F80
A1F2,3F80
A1F3,3F80
A1F4,3F80
A1F5,3F80
A1F6,3F80
A1F7,3F80
A1F8,3F80
A1F9,3F80
A1FA,3F80
A1FB,3F80
A1FC,3F80
A1FD,3F80
A1FE,3F80
A1FF,3F80
A200,3F80
A201,3F80
A202,3F80
A203,3F80
A204,3F80
A205,3F80
A206,3F80
A207,3F80
A208,3F80
A209,3F80
A20A,3F80
A20B,3F80
A20C,3F80
A20D,3F80
A20E,3F80
A20F,3F80
A210,3F80
A211,3F80
A212,3F80
A213,3F80
A214,3F80
A215,3F80
A216,3F80
A217,3F80
A218,3F80
A219,3F80
A21A,3F80
A21B,3F80
A21C,3F80
A21D,3F80
A21E,3F80
A21F,3F80
A220,3F80
A221,3F80
A222,3F80
A223,3F80
A224,3F80
A225,3F80
A226,3F80
A227,3F80
A228,3F80
A229,3F80
A22A,3F80
A22B,3F80
A22C,3F80
A22D,3F80
A22E,3F80
A22F,3F80
A230,3F80
A231,3F80
A232,3F80
A233,3F80
A234,3F80
A235,3F80
A236,3F80
A237,3F80
A238,3F80
A239,3F80
A23A,3F80
A23B,3F80
A23C,3F80
A23D,3F80
A23E,3F80
A23F,3F80
A240,3F80
A241,3F80
A242,3F80
A243,3F80
A244,3F80
A245,3F80
A246,3F80
A247,3F80
A248,3F80
A249,3F80
A24A,3F80
A24B,3F80
A24C,3F80
A24D,3F80
A24E,3F80
A24F,3F80
A250,3F80
A251,3F80
A252,3F80
A253,3F80
A254,3F80
A255,3F80
A256,3F80
A257,3F80
A258,3F80
A259,3F80
A25A,3F80
A25B,3F80
A25C,3F80
A25D,3F80
A25E,3F80
A25F,3F80
A260,3F80
A261,3F80
A262,3F80
A263,3F80
A264,3F80
A265,3F80
A266,3F80
A267,3F80
A268,3F80
A269,3F80
A26A,3F80
A26B,3F80
A26C,3F80
A26D,3F80
A26E,3F80
A26F,3F80
A270,3F80
A271,3F80
A272,3F80
A273,3F80
A274,3F80
A275,3F80
A276,3F80
A277,3F80
A278,3F80
A279,3F80
A27A,3F80
A27B,3F80
A27C,3F80
A27D,3F80
A27E,3F80
A27F,3F80
A280,3F80
A281,3F80
A282,3F80
A283,3F80
A284,3F80
A285,3F80
A286,3F80
A287,3F80
A288,3F80
A289,3F80
A28A,3F80
A28B,3F80
A28C,3F80
A28D,3F80
A28E,3F80
A28F,3F80
A290,3F80
A291,3F80
A292,3F80
A293,3F80
A294,3F80
A295,3F80
A296,3F80
A297,3F80
A298,3F80
A299,3F80
A29A,3F80
A29B,3F80
A29C,3F80
A29D,3F80
A29E,3F80
A29F,3F80
A2A0,3F80
A2A1,3F80
A2A2,3F80
A2A3,3F80
A2A4,3F80
A2A5,3F80
A2A6,3F80
A2A7,3F80
A2A8,3F80
A2A9,3F80
A2AA,3F80
A2AB,3F80
A2AC,3F80
A2AD,3F80
A2AE,3F80
A2AF,3F80
A2B0,3F80
A2B1,3F80
A2B2,3F80
A2B3,3F80
A2B4,3F80
A2B5,3F80
A2B6,3F80
A2B7,3F80
A2B8,3F80
A2B9,3F80
A2BA,3F80
A2BB,3F80
A2BC,3F80
A2BD,3F80
A2BE,3F80
A2BF,3F80
A2C0,3F80
A2C1,3F80
A2C2,3F80
A2C3,3F80
A2C4,3F80
A2C5,3F80
A2C6,3F80
A2C7,3F80
A2C8,3F80
A2C9,3F80
A2CA,3F80
A2CB,3F80
A2CC,3F80
A2CD,3F80
A2CE,3F80
A2CF,3F80
A2D0,3F80
A2D1,3F80
A2D2,3F80
A2D3,3F80
A2D4,3F80
A2D5,3F80
A2D6,3F80
A2D7,3F80
A2D8,3F80
A2D9,3F80
A2DA,3F80
A2DB,3F80
A2DC,3F80
A2DD,3F80
A2DE,3F80
A2DF,3F80
A2E0,3F80
A2E1,3F80
A2E2,3F80
A2E3,3F80
A2E4,3F80
A2E5,3F80
A2E6,3F80
A2E7,3F80
A2E8,3F80
A2E9,3F80
A2EA,3F80
A2EB,3F80
A2EC,3F80
A2ED,3F80
A2EE,3F80
A2EF,3F80
A2F0,3F80
A2F1,3F80
A2F2,3F80
A2F3,3F80
A2F4,3F80
A2F5,3F80
A2F6,3F80
A2F7,3F80
A2F8,3F80
A2F9,3F80
A2FA,3F80
A2FB,3F80
A2FC,3F80
A2FD,3F80
A2FE,3F80
A2FF,3F80
A300,3F80
A301,3F80
A302,3F80
A303,3F80
A304,3F80
A305,3F80
A306,3F80
A307,3F80
A308,3F80
A309,3F80
A30A,3F80
A30B,3F80
A30C,3F80
A30D,3F80
A30E,3F80
A30F,3F80
A310,3F80
A311,3F80
A312,3F80
A313,3F80
A314,3F80
A315,3F80
A316,3F80
A317,3F80
A318,3F80
A319,3F80
A31A,3F80
A31B,3F80
A31C,3F80
A31D,3F80
A31E,3F80
A31F,3F80
A320,3F80
A321,3F80
A322,3F80
A323,3F80
A324,3F80
A325,3F80
A326,3F80
A327,3F80
A328,3F80
A329,3F80
A32A,3F80
A32B,3F80
A32C,3F80
A32D,3F80
A32E,3F80
A32F,3F80
A330,3F80
A331,3F80
A332,3F80
A333,3F80
A334,3F80
A335,3F80
A336,3F80
A337,3F80
A338,3F80
A339,3F80
A33A,3F80
A33B,3F80
A33C,3F80
A33D,3F80
A33E,3F80
A33F,3F80
A340,3F80
A341,3F80
A342,3F80
A343,3F80
A344,3F80
A345,3F80
A346,3F80
A347,3F80
A348,3F80
A349,3F80
A34A,3F80
A34B,3F80
A34C,3F80
A34D,3F80
A34E,3F80
A34F,3F80
A350,3F80
A351,3F80
A352,3F80
A353,3F80
A354,3F80
A355,3F80
A356,3F80
A357,3F80
A358,3F80
A359,3F80
A35A,3F80
A35B,3F80
A35C,3F80
A35D,3F80
A35E,3F80
A35F,3F80
A360,3F80
A361,3F80
A362,3F80
A363,3F80
A364,3F80
A365,3F80
A366,3F80
A367,3F80
A368,3F80
A369,3F80
A36A,3F80
A36B,3F80
A36C,3F80
A36D,3F80
A36E,3F80
A36F,3F80
A370,3F80
A371,3F80
A372,3F80
A373,3F80
A374,3F80
A375,3F80
A376,3F80
A377,3F80
A378,3F80
A379,3F80
A37A,3F80
A37B,3F80
A37C,3F80
A37D,3F80
A37E,3F80
A37F,3F80
A380,3F80
A381,3F80
A382,3F80
A383,3F80
A384,3F80
A385,3F80
A386,3F80
A387,3F80
A388,3F80
A389,3F80
A38A,3F80
A38B,3F80
A38C,3F80
A38D,3F80
A38E,3F80
A38F,3F80
A390,3F80
A391,3F80
A392,3F80
A393,3F80
A394,3F80
A395,3F80
A396,3F80
A397,3F80
A398,3F80
A399,3F80
A39A,3F80
A39B,3F80
A39C,3F80
A39D,3F80
A39E,3F80
A39F,3F80
A3A0,3F80
A3A1,3F80
A3A2,3F80
A3A3,3F80
A3A4,3F80
A3A5,3F80
A3A6,3F80
A3A7,3F80
A3A8,3F80
A3A9,3F80
A3AA,3F80
A3AB,3F80
A3AC,3F80
A3AD,3F80
A3AE,3F80
A3AF,3F80
A3B0,3F80
A3B1,3F80
A3B2,3F80
A3B3,3F80
A3B4,3F80
A3B5,3F80
A3B6,3F80
A3B7,3F80
A3B8,3F80
A3B9,3F80
A3BA,3F80
A3BB,3F80
A3BC,3F80
A3BD,3F80
A3BE,3F80
A3BF,3F80
A3C0,3F80
A3C1,3F80
A3C2,3F80
A3C3,3F80
A3C4,3F80
A3C5,3F80
A3C6,3F80
A3C7,3F80
A3C8,3F80
A3C9,3F80
A3CA,3F80
A3CB,3F80
A3CC,3F80
A3CD,3F80
A3CE,3F80
A3CF,3F80
A3D0,3F80
A3D1,3F80
A3D2,3F80
A3D3,3F80
A3D4,3F80
A3D5,3F80
A3D6,3F80
A3D7,3F80
A3D8,3F80
A3D9,3F80
A3DA,3F80
A3DB,3F80
A3DC,3F80
A3DD,3F80
A3DE,3F80
A3DF,3F80
A3E0,3F80
A3E1,3F80
A3E2,3F80
A3E3,3F80
A3E4,3F80
A3E5,3F80
A3E6,3F80
A3E7,3F80
A3E8,3F80
A3E9,3F80
A3EA,3F80
A3EB,3F80
A3EC,3F80
A3ED,3F80
A3EE,3F80
A3EF,3F80
A3F0,3F80
A3F1,3F80
A3F2,3F80
A3F3,3F80
A3F4,3F80
A3F5,3F80
A3F6,3F80
A3F7,3F80
A3F8,3F80
A3F9,3F80
A3FA,3F80
A3FB,3F80
A3FC,3F80
A3FD,3F80
A3FE,3F80
A3FF,3F80
A400,3F80
A401,3F80
A402,3F80
A403,3F80
A404,3F80
A405,3F80
A406,3F80
A407,3F80
A408,3F80
A409,3F80
A40A,3F80
A40B,3F80
A40C,3F80
A40D,3F80
A40E,3F80
A40F,3F80
A410,3F80
A411,3F80
A412,3F80
A413,3F80
A414,3F80
A415,3F80
A416,3F80
A417,3F80
A418,3F80
A419,3F80
A41A,3F80
A41B,3F80
A41C,3F80
A41D,3F80
A41E,3F80
A41F,3F80
A420,3F80
A421,3F80
A422,3F80
A423,3F80
A424,3F80
A425,3F80
A426,3F80
A427,3F80
A428,3F80
A429,3F80
A42A,3F80
A42B,3F80
A42C,3F80
A42D,3F80
A42E,3F80
A42F,3F80
A430,3F80
A431,3F80
A432,3F80
A433,3F80
A434,3F80
A435,3F80
A436,3F80
A437,3F80
A438,3F80
A439,3F80
A43A,3F80
A43B,3F80
A43C,3F80
A43D,3F80
A43E,3F80
A43F,3F80
A440,3F80
A441,3F80
A442,3F80
A443,3F80
A444,3F80
A445,3F80
A446,3F80
A447,3F80
A448,3F80
A449,3F80
A44A,3F80
A44B,3F80
A44C,3F80
A44D,3F80
A44E,3F80
A44F,3F80
A450,3F80
A451,3F80
A452,3F80
A453,3F80
A454,3F80
A455,3F80
A456,3F80
A457,3F80
A458,3F80
A459,3F80
A45A,3F80
A45B,3F80
A45C,3F80
A45D,3F80
A45E,3F80
A45F,3F80
A460,3F80
A461,3F80
A462,3F80
A463,3F80
A464,3F80
A465,3F80
A466,3F80
A467,3F80
A468,3F80
A469,3F80
A46A,3F80
A46B,3F80
A46C,3F80
A46D,3F80
A46E,3F80
A46F,3F80
A470,3F80
A471,3F80
A472,3F80
A473,3F80
A474,3F80
A475,3F80
A476,3F80
A477,3F80
A478,3F80
A479,3F80
A47A,3F80
A47B,3F80
A47C,3F80
A47D,3F80
A47E,3F80
A47F,3F80
A480,3F80
A481,3F80
A482,3F80
A483,3F80
A484,3F80
A485,3F80
A486,3F80
A487,3F80
A488,3F80
A489,3F80
A48A,3F80
A48B,3F80
A48C,3F80
A48D,3F80
A48E,3F80
A48F,3F80
A490,3F80
A491,3F80
A492,3F80
A493,3F80
A494,3F80
A495,3F80
A496,3F80
A497,3F80
A498,3F80
A499,3F80
A49A,3F80
A49B,3F80
A49C,3F80
A49D,3F80
A49E,3F80
A49F,3F80
A4A0,3F80
A4A1,3F80
A4A2,3F80
A4A3,3F80
A4A4,3F80
A4A5,3F80
A4A6,3F80
A4A7,3F80
A4A8,3F80
A4A9,3F80
A4AA,3F80
A4AB,3F80
A4AC,3F80
A4AD,3F80
A4AE,3F80
A4AF,3F80
A4B0,3F80
A4B1,3F80
A4B2,3F80
A4B3,3F80
A4B4,3F80
A4B5,3F80
A4B6,3F80
A4B7,3F80
A4B8,3F80
A4B9,3F80
A4BA,3F80
A4BB,3F80
A4BC,3F80
A4BD,3F80
A4BE,3F80
A4BF,3F80
A4C0,3F80
A4C1,3F80
A4C2,3F80
A4C3,3F80
A4C4,3F80
A4C5,3F80
A4C6,3F80
A4C7,3F80
A4C8,3F80
A4C9,3F80
A4CA,3F80
A4CB,3F80
A4CC,3F80
A4CD,3F80
A4CE,3F80
A4CF,3F80
A4D0,3F80
A4D1,3F80
A4D2,3F80
A4D3,3F80
A4D4,3F80
A4D5,3F80
A4D6,3F80
A4D7,3F80
A4D8,3F80
A4D9,3F80
A4DA,3F80
A4DB,3F80
A4DC,3F80
A4DD,3F80
A4DE,3F80
A4DF,3F80
A4E0,3F80
A4E1,3F80
A4E2,3F80
A4E3,3F80
A4E4,3F80
A4E5,3F80
A4E6,3F80
A4E7,3F80
A4E8,3F80
A4E9,3F80
A4EA,3F80
A4EB,3F80
A4EC,3F80
A4ED,3F80
A4EE,3F80
A4EF,3F80
A4F0,3F80
A4F1,3F80
A4F2,3F80
A4F3,3F80
A4F4,3F80
A4F5,3F80
A4F6,3F80
A4F7,3F80
A4F8,3F80
A4F9,3F80
A4FA,3F80
A4FB,3F80
A4FC,3F80
A4FD,3F80
A4FE,3F80
A4FF,3F80
A500,3F80
A501,3F80
A502,3F80
A503,3F80
A504,3F80
A505,3F80
A506,3F80
A507,3F80
A508,3F80
A509,3F80
A50A,3F80
A50B,3F80
A50C,3F80
A50D,3F80
A50E,3F80
A50F,3F80
A510,3F80
A511,3F80
A512,3F80
A513,3F80
A514,3F80
A515,3F80
A516,3F80
A517,3F80
A518,3F80
A519,3F80
A51A,3F80
A51B,3F80
A51C,3F80
A51D,3F80
A51E,3F80
A51F,3F80
A520,3F80
A521,3F80
A522,3F80
A523,3F80
A524,3F80
A525,3F80
A526,3F80
A527,3F80
A528,3F80
A529,3F80
A52A,3F80
A52B,3F80
A52C,3F80
A52D,3F80
A52E,3F80
A52F,3F80
A530,3F80
A531,3F80
A532,3F80
A533,3F80
A534,3F80
A535,3F80
A536,3F80
A537,3F80
A538,3F80
A539,3F80
A53A,3F80
A53B,3F80
A53C,3F80
A53D,3F80
A53E,3F80
A53F,3F80
A540,3F80
A541,3F80
A542,3F80
A543,3F80
A544,3F80
A545,3F80
A546,3F80
A547,3F80
A548,3F80
A549,3F80
A54A,3F80
A54B,3F80
A54C,3F80
A54D,3F80
A54E,3F80
A54F,3F80
A550,3F80
A551,3F80
A552,3F80
A553,3F80
A554,3F80
A555,3F80
A556,3F80
A557,3F80
A558,3F80
A559,3F80
A55A,3F80
A55B,3F80
A55C,3F80
A55D,3F80
A55E,3F80
A55F,3F80
A560,3F80
A561,3F80
A562,3F80
A563,3F80
A564,3F80
A565,3F80
A566,3F80
A567,3F80
A568,3F80
A569,3F80
A56A,3F80
A56B,3F80
A56C,3F80
A56D,3F80
A56E,3F80
A56F,3F80
A570,3F80
A571,3F80
A572,3F80
A573,3F80
A574,3F80
A575,3F80
A576,3F80
A577,3F80
A578,3F80
A579,3F80
A57A,3F80
A57B,3F80
A57C,3F80
A57D,3F80
A57E,3F80
A57F,3F80
A580,3F80
A581,3F80
A582,3F80
A583,3F80
A584,3F80
A585,3F80
A586,3F80
A587,3F80
A588,3F80
A589,3F80
A58A,3F80
A58B,3F80
A58C,3F80
A58D,3F80
A58E,3F80
A58F,3F80
A590,3F80
A591,3F80
A592,3F80
A593,3F80
A594,3F80
A595,3F80
A596,3F80
A597,3F80
A598,3F80
A599,3F80
A59A,3F80
A59B,3F80
A59C,3F80
A59D,3F80
A59E,3F80
A59F,3F80
A5A0,3F80
A5A1,3F80
A5A2,3F80
A5A3,3F80
A5A4,3F80
A5A5,3F80
A5A6,3F80
A5A7,3F80
A5A8,3F80
A5A9,3F80
A5AA,3F80
A5AB,3F80
A5AC,3F80
A5AD,3F80
A5AE,3F80
A5AF,3F80
A5B0,3F80
A5B1,3F80
A5B2,3F80
A5B3,3F80
A5B4,3F80
A5B5,3F80
A5B6,3F80
A5B7,3F80
A5B8,3F80
A5B9,3F80
A5BA,3F80
A5BB,3F80
A5BC,3F80
A5BD,3F80
A5BE,3F80
A5BF,3F80
A5C0,3F80
A5C1,3F80
A5C2,3F80
A5C3,3F80
A5C4,3F80
A5C5,3F80
A5C6,3F80
A5C7,3F80
A5C8,3F80
A5C9,3F80
A5CA,3F80
A5CB,3F80
A5CC,3F80
A5CD,3F80
A5CE,3F80
A5CF,3F80
A5D0,3F80
A5D1,3F80
A5D2,3F80
A5D3,3F80
A5D4,3F80
A5D5,3F80
A5D6,3F80
A5D7,3F80
A5D8,3F80
A5D9,3F80
A5DA,3F80
A5DB,3F80
A5DC,3F80
A5DD,3F80
A5DE,3F80
A5DF,3F80
A5E0,3F80
A5E1,3F80
A5E2,3F80
A5E3,3F80
A5E4,3F80
A5E5,3F80
A5E6,3F80
A5E7,3F80
A5E8,3F80
A5E9,3F80
A5EA,3F80
A5EB,3F80
A5EC,3F80
A5ED,3F80
A5EE,3F80
A5EF,3F80
A5F0,3F80
A5F1,3F80
A5F2,3F80
A5F3,3F80
A5F4,3F80
A5F5,3F80
A5F6,3F80
A5F7,3F80
A5F8,3F80
A5F9,3F80
A5FA,3F80
A5FB,3F80
A5FC,3F80
A5FD,3F80
A5FE,3F80
A5FF,3F80
A600,3F80
A601,3F80
A602,3F80
A603,3F80
A604,3F80
A605,3F80
A606,3F80
A607,3F80
A608,3F80
A609,3F80
A60A,3F80
A60B,3F80
A60C,3F80
A60D,3F80
A60E,3F80
A60F,3F80
A610,3F80
A611,3F80
A612,3F80
A613,3F80
A614,3F80
A615,3F80
A616,3F80
A617,3F80
A618,3F80
A619,3F80
A61A,3F80
A61B,3F80
A61C,3F80
A61D,3F80
A61E,3F80
A61F,3F80
A620,3F80
A621,3F80
A622,3F80
A623,3F80
A624,3F80
A625,3F80
A626,3F80
A627,3F80
A628,3F80
A629,3F80
A62A,3F80
A62B,3F80
A62C,3F80
A62D,3F80
A62E,3F80
A62F,3F80
A630,3F80
A631,3F80
A632,3F80
A633,3F80
A634,3F80
A635,3F80
A636,3F80
A637,3F80
A638,3F80
A639,3F80
A63A,3F80
A63B,3F80
A63C,3F80
A63D,3F80
A63E,3F80
A63F,3F80
A640,3F80
A641,3F80
A642,3F80
A643,3F80
A644,3F80
A645,3F80
A646,3F80
A647,3F80
A648,3F80
A649,3F80
A64A,3F80
A64B,3F80
A64C,3F80
A64D,3F80
A64E,3F80
A64F,3F80
A650,3F80
A651,3F80
A652,3F80
A653,3F80
A654,3F80
A655,3F80
A656,3F80
A657,3F80
A658,3F80
A659,3F80
A65A,3F80
A65B,3F80
A65C,3F80
A65D,3F80
A65E,3F80
A65F,3F80
A660,3F80
A661,3F80
A662,3F80
A663,3F80
A664,3F80
A665,3F80
A666,3F80
A667,3F80
A668,3F80
A669,3F80
A66A,3F80
A66B,3F80
A66C,3F80
A66D,3F80
A66E,3F80
A66F,3F80
A670,3F80
A671,3F80
A672,3F80
A673,3F80
A674,3F80
A675,3F80
A676,3F80
A677,3F80
A678,3F80
A679,3F80
A67A,3F80
A67B,3F80
A67C,3F80
A67D,3F80
A67E,3F80
A67F,3F80
A680,3F80
A681,3F80
A682,3F80
A683,3F80
A684,3F80
A685,3F80
A686,3F80
A687,3F80
A688,3F80
A689,3F80
A68A,3F80
A68B,3F80
A68C,3F80
A68D,3F80
A68E,3F80
A68F,3F80
A690,3F80
A691,3F80
A692,3F80
A693,3F80
A694,3F80
A695,3F80
A696,3F80
A697,3F80
A698,3F80
A699,3F80
A69A,3F80
A69B,3F80
A69C,3F80
A69D,3F80
A69E,3F80
A69F,3F80
A6A0,3F80
A6A1,3F80
A6A2,3F80
A6A3,3F80
A6A4,3F80
A6A5,3F80
A6A6,3F80
A6A7,3F80
A6A8,3F80
A6A9,3F80
A6AA,3F80
A6AB,3F80
A6AC,3F80
A6AD,3F80
A6AE,3F80
A6AF,3F80
A6B0,3F80
A6B1,3F80
A6B2,3F80
A6B3,3F80
A6B4,3F80
A6B5,3F80
A6B6,3F80
A6B7,3F80
A6B8,3F80
A6B9,3F80
A6BA,3F80
A6BB,3F80
A6BC,3F80
A6BD,3F80
A6BE,3F80
A6BF,3F80
A6C0,3F80
A6C1,3F80
A6C2,3F80
A6C3,3F80
A6C4,3F80
A6C5,3F80
A6C6,3F80
A6C7,3F80
A6C8,3F80
A6C9,3F80
A6CA,3F80
A6CB,3F80
A6CC,3F80
A6CD,3F80
A6CE,3F80
A6CF,3F80
A6D0,3F80
A6D1,3F80
A6D2,3F80
A6D3,3F80
A6D4,3F80
A6D5,3F80
A6D6,3F80
A6D7,3F80
A6D8,3F80
A6D9,3F80
A6DA,3F80
A6DB,3F80
A6DC,3F80
A6DD,3F80
A6DE,3F80
A6DF,3F80
A6E0,3F80
A6E1,3F80
A6E2,3F80
A6E3,3F80
A6E4,3F80
A6E5,3F80
A6E6,3F80
A6E7,3F80
A6E8,3F80
A6E9,3F80
A6EA,3F80
A6EB,3F80
A6EC,3F80
A6ED,3F80
A6EE,3F80
A6EF,3F80
A6F0,3F80
A6F1,3F80
A6F2,3F80
A6F3,3F80
A6F4,3F80
A6F5,3F80
A6F6,3F80
A6F7,3F80
A6F8,3F80
A6F9,3F80
A6FA,3F80
A6FB,3F80
A6FC,3F80
A6FD,3F80
A6FE,3F80
A6FF,3F80
A700,3F80
A701,3F80
A702,3F80
A703,3F80
A704,3F80
A705,3F80
A706,3F80
A707,3F80
A708,3F80
A709,3F80
A70A,3F80
A70B,3F80
A70C,3F80
A70D,3F80
A70E,3F80
A70F,3F80
A710,3F80
A711,3F80
A712,3F80
A713,3F80
A714,3F80
A715,3F80
A716,3F80
A717,3F80
A718,3F80
A719,3F80
A71A,3F80
A71B,3F80
A71C,3F80
A71D,3F80
A71E,3F80
A71F,3F80
A720,3F80
A721,3F80
A722,3F80
A723,3F80
A724,3F80
A725,3F80
A726,3F80
A727,3F80
A728,3F80
A729,3F80
A72A,3F80
A72B,3F80
A72C,3F80
A72D,3F80
A72E,3F80
A72F,3F80
A730,3F80
A731,3F80
A732,3F80
A733,3F80
A734,3F80
A735,3F80
A736,3F80
A737,3F80
A738,3F80
A739,3F80
A73A,3F80
A73B,3F80
A73C,3F80
A73D,3F80
A73E,3F80
A73F,3F80
A740,3F80
A741,3F80
A742,3F80
A743,3F80
A744,3F80
A745,3F80
A746,3F80
A747,3F80
A748,3F80
A749,3F80
A74A,3F80
A74B,3F80
A74C,3F80
A74D,3F80
A74E,3F80
A74F,3F80
A750,3F80
A751,3F80
A752,3F80
A753,3F80
A754,3F80
A755,3F80
A756,3F80
A757,3F80
A758,3F80
A759,3F80
A75A,3F80
A75B,3F80
A75C,3F80
A75D,3F80
A75E,3F80
A75F,3F80
A760,3F80
A761,3F80
A762,3F80
A763,3F80
A764,3F80
A765,3F80
A766,3F80
A767,3F80
A768,3F80
A769,3F80
A76A,3F80
A76B,3F80
A76C,3F80
A76D,3F80
A76E,3F80
A76F,3F80
A770,3F80
A771,3F80
A772,3F80
A773,3F80
A774,3F80
A775,3F80
A776,3F80
A777,3F80
A778,3F80
A779,3F80
A77A,3F80
A77B,3F80
A77C,3F80
A77D,3F80
A77E,3F80
A77F,3F80
A780,3F80
A781,3F80
A782,3F80
A783,3F80
A784,3F80
A785,3F80
A786,3F80
A787,3F80
A788,3F80
A789,3F80
A78A,3F80
A78B,3F80
A78C,3F80
A78D,3F80
A78E,3F80
A78F,3F80
A790,3F80
A791,3F80
A792,3F80
A793,3F80
A794,3F80
A795,3F80
A796,3F80
A797,3F80
A798,3F80
A799,3F80
A79A,3F80
A79B,3F80
A79C,3F80
A79D,3F80
A79E,3F80
A79F,3F80
A7A0,3F80
A7A1,3F80
A7A2,3F80
A7A3,3F80
A7A4,3F80
A7A5,3F80
A7A6,3F80
A7A7,3F80
A7A8,3F80
A7A9,3F80
A7AA,3F80
A7AB,3F80
A7AC,3F80
A7AD,3F80
A7AE,3F80
A7AF,3F80
A7B0,3F80
A7B1,3F80
A7B2,3F80
A7B3,3F80
A7B4,3F80
A7B5,3F80
A7B6,3F80
A7B7,3F80
A7B8,3F80
A7B9,3F80
A7BA,3F80
A7BB,3F80
A7BC,3F80
A7BD,3F80
A7BE,3F80
A7BF,3F80
A7C0,3F80
A7C1,3F80
A7C2,3F80
A7C3,3F80
A7C4,3F80
A7C5,3F80
A7C6,3F80
A7C7,3F80
A7C8,3F80
A7C9,3F80
A7CA,3F80
A7CB,3F80
A7CC,3F80
A7CD,3F80
A7CE,3F80
A7CF,3F80
A7D0,3F80
A7D1,3F80
A7D2,3F80
A7D3,3F80
A7D4,3F80
A7D5,3F80
A7D6,3F80
A7D7,3F80
A7D8,3F80
A7D9,3F80
A7DA,3F80
A7DB,3F80
A7DC,3F80
A7DD,3F80
A7DE,3F80
A7DF,3F80
A7E0,3F80
A7E1,3F80
A7E2,3F80
A7E3,3F80
A7E4,3F80
A7E5,3F80
A7E6,3F80
A7E7,3F80
A7E8,3F80
A7E9,3F80
A7EA,3F80
A7EB,3F80
A7EC,3F80
A7ED,3F80
A7EE,3F80
A7EF,3F80
A7F0,3F80
A7F1,3F80
A7F2,3F80
A7F3,3F80
A7F4,3F80
A7F5,3F80
A7F6,3F80
A7F7,3F80
A7F8,3F80
A7F9,3F80
A7FA,3F80
A7FB,3F80
A7FC,3F80
A7FD,3F80
A7FE,3F80
A7FF,3F80
A800,3F80
A801,3F80
A802,3F80
A803,3F80
A804,3F80
A805,3F80
A806,3F80
A807,3F80
A808,3F80
A809,3F80
A80A,3F80
A80B,3F80
A80C,3F80
A80D,3F80
A80E,3F80
A80F,3F80
A810,3F80
A811,3F80
A812,3F80
A813,3F80
A814,3F80
A815,3F80
A816,3F80
A817,3F80
A818,3F80
A819,3F80
A81A,3F80
A81B,3F80
A81C,3F80
A81D,3F80
A81E,3F80
A81F,3F80
A820,3F80
A821,3F80
A822,3F80
A823,3F80
A824,3F80
A825,3F80
A826,3F80
A827,3F80
A828,3F80
A829,3F80
A82A,3F80
A82B,3F80
A82C,3F80
A82D,3F80
A82E,3F80
A82F,3F80
A830,3F80
A831,3F80
A832,3F80
A833,3F80
A834,3F80
A835,3F80
A836,3F80
A837,3F80
A838,3F80
A839,3F80
A83A,3F80
A83B,3F80
A83C,3F80
A83D,3F80
A83E,3F80
A83F,3F80
A840,3F80
A841,3F80
A842,3F80
A843,3F80
A844,3F80
A845,3F80
A846,3F80
A847,3F80
A848,3F80
A849,3F80
A84A,3F80
A84B,3F80
A84C,3F80
A84D,3F80
A84E,3F80
A84F,3F80
A850,3F80
A851,3F80
A852,3F80
A853,3F80
A854,3F80
A855,3F80
A856,3F80
A857,3F80
A858,3F80
A859,3F80
A85A,3F80
A85B,3F80
A85C,3F80
A85D,3F80
A85E,3F80
A85F,3F80
A860,3F80
A861,3F80
A862,3F80
A863,3F80
A864,3F80
A865,3F80
A866,3F80
A867,3F80
A868,3F80
A869,3F80
A86A,3F80
A86B,3F80
A86C,3F80
A86D,3F80
A86E,3F80
A86F,3F80
A870,3F80
A871,3F80
A872,3F80
A873,3F80
A874,3F80
A875,3F80
A876,3F80
A877,3F80
A878,3F80
A879,3F80
A87A,3F80
A87B,3F80
A87C,3F80
A87D,3F80
A87E,3F80
A87F,3F80
A880,3F80
A881,3F80
A882,3F80
A883,3F80
A884,3F80
A885,3F80
A886,3F80
A887,3F80
A888,3F80
A889,3F80
A88A,3F80
A88B,3F80
A88C,3F80
A88D,3F80
A88E,3F80
A88F,3F80
A890,3F80
A891,3F80
A892,3F80
A893,3F80
A894,3F80
A895,3F80
A896,3F80
A897,3F80
A898,3F80
A899,3F80
A89A,3F80
A89B,3F80
A89C,3F80
A89D,3F80
A89E,3F80
A89F,3F80
A8A0,3F80
A8A1,3F80
A8A2,3F80
A8A3,3F80
A8A4,3F80
A8A5,3F80
A8A6,3F80
A8A7,3F80
A8A8,3F80
A8A9,3F80
A8AA,3F80
A8AB,3F80
A8AC,3F80
A8AD,3F80
A8AE,3F80
A8AF,3F80
A8B0,3F80
A8B1,3F80
A8B2,3F80
A8B3,3F80
A8B4,3F80
A8B5,3F80
A8B6,3F80
A8B7,3F80
A8B8,3F80
A8B9,3F80
A8BA,3F80
A8BB,3F80
A8BC,3F80
A8BD,3F80
A8BE,3F80
A8BF,3F80
A8C0,3F80
A8C1,3F80
A8C2,3F80
A8C3,3F80
A8C4,3F80
A8C5,3F80
A8C6,3F80
A8C7,3F80
A8C8,3F80
A8C9,3F80
A8CA,3F80
A8CB,3F80
A8CC,3F80
A8CD,3F80
A8CE,3F80
A8CF,3F80
A8D0,3F80
A8D1,3F80
A8D2,3F80
A8D3,3F80
A8D4,3F80
A8D5,3F80
A8D6,3F80
A8D7,3F80
A8D8,3F80
A8D9,3F80
A8DA,3F80
A8DB,3F80
A8DC,3F80
A8DD,3F80
A8DE,3F80
A8DF,3F80
A8E0,3F80
A8E1,3F80
A8E2,3F80
A8E3,3F80
A8E4,3F80
A8E5,3F80
A8E6,3F80
A8E7,3F80
A8E8,3F80
A8E9,3F80
A8EA,3F80
A8EB,3F80
A8EC,3F80
A8ED,3F80
A8EE,3F80
A8EF,3F80
A8F0,3F80
A8F1,3F80
A8F2,3F80
A8F3,3F80
A8F4,3F80
A8F5,3F80
A8F6,3F80
A8F7,3F80
A8F8,3F80
A8F9,3F80
A8FA,3F80
A8FB,3F80
A8FC,3F80
A8FD,3F80
A8FE,3F80
A8FF,3F80
A900,3F80
A901,3F80
A902,3F80
A903,3F80
A904,3F80
A905,3F80
A906,3F80
A907,3F80
A908,3F80
A909,3F80
A90A,3F80
A90B,3F80
A90C,3F80
A90D,3F80
A90E,3F80
A90F,3F80
A910,3F80
A911,3F80
A912,3F80
A913,3F80
A914,3F80
A915,3F80
A916,3F80
A917,3F80
A918,3F80
A919,3F80
A91A,3F80
A91B,3F80
A91C,3F80
A91D,3F80
A91E,3F80
A91F,3F80
A920,3F80
A921,3F80
A922,3F80
A923,3F80
A924,3F80
A925,3F80
A926,3F80
A927,3F80
A928,3F80
A929,3F80
A92A,3F80
A92B,3F80
A92C,3F80
A92D,3F80
A92E,3F80
A92F,3F80
A930,3F80
A931,3F80
A932,3F80
A933,3F80
A934,3F80
A935,3F80
A936,3F80
A937,3F80
A938,3F80
A939,3F80
A93A,3F80
A93B,3F80
A93C,3F80
A93D,3F80
A93E,3F80
A93F,3F80
A940,3F80
A941,3F80
A942,3F80
A943,3F80
A944,3F80
A945,3F80
A946,3F80
A947,3F80
A948,3F80
A949,3F80
A94A,3F80
A94B,3F80
A94C,3F80
A94D,3F80
A94E,3F80
A94F,3F80
A950,3F80
A951,3F80
A952,3F80
A953,3F80
A954,3F80
A955,3F80
A956,3F80
A957,3F80
A958,3F80
A959,3F80
A95A,3F80
A95B,3F80
A95C,3F80
A95D,3F80
A95E,3F80
A95F,3F80
A960,3F80
A961,3F80
A962,3F80
A963,3F80
A964,3F80
A965,3F80
A966,3F80
A967,3F80
A968,3F80
A969,3F80
A96A,3F80
A96B,3F80
A96C,3F80
A96D,3F80
A96E,3F80
A96F,3F80
A970,3F80
A971,3F80
A972,3F80
A973,3F80
A974,3F80
A975,3F80
A976,3F80
A977,3F80
A978,3F80
A979,3F80
A97A,3F80
A97B,3F80
A97C,3F80
A97D,3F80
A97E,3F80
A97F,3F80
A980,3F80
A981,3F80
A982,3F80
A983,3F80
A984,3F80
A985,3F80
A986,3F80
A987,3F80
A988,3F80
A989,3F80
A98A,3F80
A98B,3F80
A98C,3F80
A98D,3F80
A98E,3F80
A98F,3F80
A990,3F80
A991,3F80
A992,3F80
A993,3F80
A994,3F80
A995,3F80
A996,3F80
A997,3F80
A998,3F80
A999,3F80
A99A,3F80
A99B,3F80
A99C,3F80
A99D,3F80
A99E,3F80
A99F,3F80
A9A0,3F80
A9A1,3F80
A9A2,3F80
A9A3,3F80
A9A4,3F80
A9A5,3F80
A9A6,3F80
A9A7,3F80
A9A8,3F80
A9A9,3F80
A9AA,3F80
A9AB,3F80
A9AC,3F80
A9AD,3F80
A9AE,3F80
A9AF,3F80
A9B0,3F80
A9B1,3F80
A9B2,3F80
A9B3,3F80
A9B4,3F80
A9B5,3F80
A9B6,3F80
A9B7,3F80
A9B8,3F80
A9B9,3F80
A9BA,3F80
A9BB,3F80
A9BC,3F80
A9BD,3F80
A9BE,3F80
A9BF,3F80
A9C0,3F80
A9C1,3F80
A9C2,3F80
A9C3,3F80
A9C4,3F80
A9C5,3F80
A9C6,3F80
A9C7,3F80
A9C8,3F80
A9C9,3F80
A9CA,3F80
A9CB,3F80
A9CC,3F80
A9CD,3F80
A9CE,3F80
A9CF,3F80
A9D0,3F80
A9D1,3F80
A9D2,3F80
A9D3,3F80
A9D4,3F80
A9D5,3F80
A9D6,3F80
A9D7,3F80
A9D8,3F80
A9D9,3F80
A9DA,3F80
A9DB,3F80
A9DC,3F80
A9DD,3F80
A9DE,3F80
A9DF,3F80
A9E0,3F80
A9E1,3F80
A9E2,3F80
A9E3,3F80
A9E4,3F80
A9E5,3F80
A9E6,3F80
A9E7,3F80
A9E8,3F80
A9E9,3F80
A9EA,3F80
A9EB,3F80
A9EC,3F80
A9ED,3F80
A9EE,3F80
A9EF,3F80
A9F0,3F80
A9F1,3F80
A9F2,3F80
A9F3,3F80
A9F4,3F80
A9F5,3F80
A9F6,3F80
A9F7,3F80
A9F8,3F80
A9F9,3F80
A9FA,3F80
A9FB,3F80
A9FC,3F80
A9FD,3F80
A9FE,3F80
A9FF,3F80
AA00,3F80
AA01,3F80
AA02,3F80
AA03,3F80
AA04,3F80
AA05,3F80
AA06,3F80
AA07,3F80
AA08,3F80
AA09,3F80
AA0A,3F80
AA0B,3F80
AA0C,3F80
AA0D,3F80
AA0E,3F80
AA0F,3F80
AA10,3F80
AA11,3F80
AA12,3F80
AA13,3F80
AA14,3F80
AA15,3F80
AA16,3F80
AA17,3F80
AA18,3F80
AA19,3F80
AA1A,3F80
AA1B,3F80
AA1C,3F80
AA1D,3F80
AA1E,3F80
AA1F,3F80
AA20,3F80
AA21,3F80
AA22,3F80
AA23,3F80
AA24,3F80
AA25,3F80
AA26,3F80
AA27,3F80
AA28,3F80
AA29,3F80
AA2A,3F80
AA2B,3F80
AA2C,3F80
AA2D,3F80
AA2E,3F80
AA2F,3F80
AA30,3F80
AA31,3F80
AA32,3F80
AA33,3F80
AA34,3F80
AA35,3F80
AA36,3F80
AA37,3F80
AA38,3F80
AA39,3F80
AA3A,3F80
AA3B,3F80
AA3C,3F80
AA3D,3F80
AA3E,3F80
AA3F,3F80
AA40,3F80
AA41,3F80
AA42,3F80
AA43,3F80
AA44,3F80
AA45,3F80
AA46,3F80
AA47,3F80
AA48,3F80
AA49,3F80
AA4A,3F80
AA4B,3F80
AA4C,3F80
AA4D,3F80
AA4E,3F80
AA4F,3F80
AA50,3F80
AA51,3F80
AA52,3F80
AA53,3F80
AA54,3F80
AA55,3F80
AA56,3F80
AA57,3F80
AA58,3F80
AA59,3F80
AA5A,3F80
AA5B,3F80
AA5C,3F80
AA5D,3F80
AA5E,3F80
AA5F,3F80
AA60,3F80
AA61,3F80
AA62,3F80
AA63,3F80
AA64,3F80
AA65,3F80
AA66,3F80
AA67,3F80
AA68,3F80
AA69,3F80
AA6A,3F80
AA6B,3F80
AA6C,3F80
AA6D,3F80
AA6E,3F80
AA6F,3F80
AA70,3F80
AA71,3F80
AA72,3F80
AA73,3F80
AA74,3F80
AA75,3F80
AA76,3F80
AA77,3F80
AA78,3F80
AA79,3F80
AA7A,3F80
AA7B,3F80
AA7C,3F80
AA7D,3F80
AA7E,3F80
AA7F,3F80
AA80,3F80
AA81,3F80
AA82,3F80
AA83,3F80
AA84,3F80
AA85,3F80
AA86,3F80
AA87,3F80
AA88,3F80
AA89,3F80
AA8A,3F80
AA8B,3F80
AA8C,3F80
AA8D,3F80
AA8E,3F80
AA8F,3F80
AA90,3F80
AA91,3F80
AA92,3F80
AA93,3F80
AA94,3F80
AA95,3F80
AA96,3F80
AA97,3F80
AA98,3F80
AA99,3F80
AA9A,3F80
AA9B,3F80
AA9C,3F80
AA9D,3F80
AA9E,3F80
AA9F,3F80
AAA0,3F80
AAA1,3F80
AAA2,3F80
AAA3,3F80
AAA4,3F80
AAA5,3F80
AAA6,3F80
AAA7,3F80
AAA8,3F80
AAA9,3F80
AAAA,3F80
AAAB,3F80
AAAC,3F80
AAAD,3F80
AAAE,3F80
AAAF,3F80
AAB0,3F80
AAB1,3F80
AAB2,3F80
AAB3,3F80
AAB4,3F80
AAB5,3F80
AAB6,3F80
AAB7,3F80
AAB8,3F80
AAB9,3F80
AABA,3F80
AABB,3F80
AABC,3F80
AABD,3F80
AABE,3F80
AABF,3F80
AAC0,3F80
AAC1,3F80
AAC2,3F80
AAC3,3F80
AAC4,3F80
AAC5,3F80
AAC6,3F80
AAC7,3F80
AAC8,3F80
AAC9,3F80
AACA,3F80
AACB,3F80
AACC,3F80
AACD,3F80
AACE,3F80
AACF,3F80
AAD0,3F80
AAD1,3F80
AAD2,3F80
AAD3,3F80
AAD4,3F80
AAD5,3F80
AAD6,3F80
AAD7,3F80
AAD8,3F80
AAD9,3F80
AADA,3F80
AADB,3F80
AADC,3F80
AADD,3F80
AADE,3F80
AADF,3F80
AAE0,3F80
AAE1,3F80
AAE2,3F80
AAE3,3F80
AAE4,3F80
AAE5,3F80
AAE6,3F80
AAE7,3F80
AAE8,3F80
AAE9,3F80
AAEA,3F80
AAEB,3F80
AAEC,3F80
AAED,3F80
AAEE,3F80
AAEF,3F80
AAF0,3F80
AAF1,3F80
AAF2,3F80
AAF3,3F80
AAF4,3F80
AAF5,3F80
AAF6,3F80
AAF7,3F80
AAF8,3F80
AAF9,3F80
AAFA,3F80
AAFB,3F80
AAFC,3F80
AAFD,3F80
AAFE,3F80
AAFF,3F80
AB00,3F80
AB01,3F80
AB02,3F80
AB03,3F80
AB04,3F80
AB05,3F80
AB06,3F80
AB07,3F80
AB08,3F80
AB09,3F80
AB0A,3F80
AB0B,3F80
AB0C,3F80
AB0D,3F80
AB0E,3F80
AB0F,3F80
AB10,3F80
AB11,3F80
AB12,3F80
AB13,3F80
AB14,3F80
AB15,3F80
AB16,3F80
AB17,3F80
AB18,3F80
AB19,3F80
AB1A,3F80
AB1B,3F80
AB1C,3F80
AB1D,3F80
AB1E,3F80
AB1F,3F80
AB20,3F80
AB21,3F80
AB22,3F80
AB23,3F80
AB24,3F80
AB25,3F80
AB26,3F80
AB27,3F80
AB28,3F80
AB29,3F80
AB2A,3F80
AB2B,3F80
AB2C,3F80
AB2D,3F80
AB2E,3F80
AB2F,3F80
AB30,3F80
AB31,3F80
AB32,3F80
AB33,3F80
AB34,3F80
AB35,3F80
AB36,3F80
AB37,3F80
AB38,3F80
AB39,3F80
AB3A,3F80
AB3B,3F80
AB3C,3F80
AB3D,3F80
AB3E,3F80
AB3F,3F80
AB40,3F80
AB41,3F80
AB42,3F80
AB43,3F80
AB44,3F80
AB45,3F80
AB46,3F80
AB47,3F80
AB48,3F80
AB49,3F80
AB4A,3F80
AB4B,3F80
AB4C,3F80
AB4D,3F80
AB4E,3F80
AB4F,3F80
AB50,3F80
AB51,3F80
AB52,3F80
AB53,3F80
AB54,3F80
AB55,3F80
AB56,3F80
AB57,3F80
AB58,3F80
AB59,3F80
AB5A,3F80
AB5B,3F80
AB5C,3F80
AB5D,3F80
AB5E,3F80
AB5F,3F80
AB60,3F80
AB61,3F80
AB62,3F80
AB63,3F80
AB64,3F80
AB65,3F80
AB66,3F80
AB67,3F80
AB68,3F80
AB69,3F80
AB6A,3F80
AB6B,3F80
AB6C,3F80
AB6D,3F80
AB6E,3F80
AB6F,3F80
AB70,3F80
AB71,3F80
AB72,3F80
AB73,3F80
AB74,3F80
AB75,3F80
AB76,3F80
AB77,3F80
AB78,3F80
AB79,3F80
AB7A,3F80
AB7B,3F80
AB7C,3F80
AB7D,3F80
AB7E,3F80
AB7F,3F80
AB80,3F80
AB81,3F80
AB82,3F80
AB83,3F80
AB84,3F80
AB85,3F80
AB86,3F80
AB87,3F80
AB88,3F80
AB89,3F80
AB8A,3F80
AB8B,3F80
AB8C,3F80
AB8D,3F80
AB8E,3F80
AB8F,3F80
AB90,3F80
AB91,3F80
AB92,3F80
AB93,3F80
AB94,3F80
AB95,3F80
AB96,3F80
AB97,3F80
AB98,3F80
AB99,3F80
AB9A,3F80
AB9B,3F80
AB9C,3F80
AB9D,3F80
AB9E,3F80
AB9F,3F80
ABA0,3F80
ABA1,3F80
ABA2,3F80
ABA3,3F80
ABA4,3F80
ABA5,3F80
ABA6,3F80
ABA7,3F80
ABA8,3F80
ABA9,3F80
ABAA,3F80
ABAB,3F80
ABAC,3F80
ABAD,3F80
ABAE,3F80
ABAF,3F80
ABB0,3F80
ABB1,3F80
ABB2,3F80
ABB3,3F80
ABB4,3F80
ABB5,3F80
ABB6,3F80
ABB7,3F80
ABB8,3F80
ABB9,3F80
ABBA,3F80
ABBB,3F80
ABBC,3F80
ABBD,3F80
ABBE,3F80
ABBF,3F80
ABC0,3F80
ABC1,3F80
ABC2,3F80
ABC3,3F80
ABC4,3F80
ABC5,3F80
ABC6,3F80
ABC7,3F80
ABC8,3F80
ABC9,3F80
ABCA,3F80
ABCB,3F80
ABCC,3F80
ABCD,3F80
ABCE,3F80
ABCF,3F80
ABD0,3F80
ABD1,3F80
ABD2,3F80
ABD3,3F80
ABD4,3F80
ABD5,3F80
ABD6,3F80
ABD7,3F80
ABD8,3F80
ABD9,3F80
ABDA,3F80
ABDB,3F80
ABDC,3F80
ABDD,3F80
ABDE,3F80
ABDF,3F80
ABE0,3F80
ABE1,3F80
ABE2,3F80
ABE3,3F80
ABE4,3F80
ABE5,3F80
ABE6,3F80
ABE7,3F80
ABE8,3F80
ABE9,3F80
ABEA,3F80
ABEB,3F80
ABEC,3F80
ABED,3F80
ABEE,3F80
ABEF,3F80
ABF0,3F80
ABF1,3F80
ABF2,3F80
ABF3,3F80
ABF4,3F80
ABF5,3F80
ABF6,3F80
ABF7,3F80
ABF8,3F80
ABF9,3F80
ABFA,3F80
ABFB,3F80
ABFC,3F80
ABFD,3F80
ABFE,3F80
ABFF,3F80
AC00,3F80
AC01,3F80
AC02,3F80
AC03,3F80
AC04,3F80
AC05,3F80
AC06,3F80
AC07,3F80
AC08,3F80
AC09,3F80
AC0A,3F80
AC0B,3F80
AC0C,3F80
AC0D,3F80
AC0E,3F80
AC0F,3F80
AC10,3F80
AC11,3F80
AC12,3F80
AC13,3F80
AC14,3F80
AC15,3F80
AC16,3F80
AC17,3F80
AC18,3F80
AC19,3F80
AC1A,3F80
AC1B,3F80
AC1C,3F80
AC1D,3F80
AC1E,3F80
AC1F,3F80
AC20,3F80
AC21,3F80
AC22,3F80
AC23,3F80
AC24,3F80
AC25,3F80
AC26,3F80
AC27,3F80
AC28,3F80
AC29,3F80
AC2A,3F80
AC2B,3F80
AC2C,3F80
AC2D,3F80
AC2E,3F80
AC2F,3F80
AC30,3F80
AC31,3F80
AC32,3F80
AC33,3F80
AC34,3F80
AC35,3F80
AC36,3F80
AC37,3F80
AC38,3F80
AC39,3F80
AC3A,3F80
AC3B,3F80
AC3C,3F80
AC3D,3F80
AC3E,3F80
AC3F,3F80
AC40,3F80
AC41,3F80
AC42,3F80
AC43,3F80
AC44,3F80
AC45,3F80
AC46,3F80
AC47,3F80
AC48,3F80
AC49,3F80
AC4A,3F80
AC4B,3F80
AC4C,3F80
AC4D,3F80
AC4E,3F80
AC4F,3F80
AC50,3F80
AC51,3F80
AC52,3F80
AC53,3F80
AC54,3F80
AC55,3F80
AC56,3F80
AC57,3F80
AC58,3F80
AC59,3F80
AC5A,3F80
AC5B,3F80
AC5C,3F80
AC5D,3F80
AC5E,3F80
AC5F,3F80
AC60,3F80
AC61,3F80
AC62,3F80
AC63,3F80
AC64,3F80
AC65,3F80
AC66,3F80
AC67,3F80
AC68,3F80
AC69,3F80
AC6A,3F80
AC6B,3F80
AC6C,3F80
AC6D,3F80
AC6E,3F80
AC6F,3F80
AC70,3F80
AC71,3F80
AC72,3F80
AC73,3F80
AC74,3F80
AC75,3F80
AC76,3F80
AC77,3F80
AC78,3F80
AC79,3F80
AC7A,3F80
AC7B,3F80
AC7C,3F80
AC7D,3F80
AC7E,3F80
AC7F,3F80
AC80,3F80
AC81,3F80
AC82,3F80
AC83,3F80
AC84,3F80
AC85,3F80
AC86,3F80
AC87,3F80
AC88,3F80
AC89,3F80
AC8A,3F80
AC8B,3F80
AC8C,3F80
AC8D,3F80
AC8E,3F80
AC8F,3F80
AC90,3F80
AC91,3F80
AC92,3F80
AC93,3F80
AC94,3F80
AC95,3F80
AC96,3F80
AC97,3F80
AC98,3F80
AC99,3F80
AC9A,3F80
AC9B,3F80
AC9C,3F80
AC9D,3F80
AC9E,3F80
AC9F,3F80
ACA0,3F80
ACA1,3F80
ACA2,3F80
ACA3,3F80
ACA4,3F80
ACA5,3F80
ACA6,3F80
ACA7,3F80
ACA8,3F80
ACA9,3F80
ACAA,3F80
ACAB,3F80
ACAC,3F80
ACAD,3F80
ACAE,3F80
ACAF,3F80
ACB0,3F80
ACB1,3F80
ACB2,3F80
ACB3,3F80
ACB4,3F80
ACB5,3F80
ACB6,3F80
ACB7,3F80
ACB8,3F80
ACB9,3F80
ACBA,3F80
ACBB,3F80
ACBC,3F80
ACBD,3F80
ACBE,3F80
ACBF,3F80
ACC0,3F80
ACC1,3F80
ACC2,3F80
ACC3,3F80
ACC4,3F80
ACC5,3F80
ACC6,3F80
ACC7,3F80
ACC8,3F80
ACC9,3F80
ACCA,3F80
ACCB,3F80
ACCC,3F80
ACCD,3F80
ACCE,3F80
ACCF,3F80
ACD0,3F80
ACD1,3F80
ACD2,3F80
ACD3,3F80
ACD4,3F80
ACD5,3F80
ACD6,3F80
ACD7,3F80
ACD8,3F80
ACD9,3F80
ACDA,3F80
ACDB,3F80
ACDC,3F80
ACDD,3F80
ACDE,3F80
ACDF,3F80
ACE0,3F80
ACE1,3F80
ACE2,3F80
ACE3,3F80
ACE4,3F80
ACE5,3F80
ACE6,3F80
ACE7,3F80
ACE8,3F80
ACE9,3F80
ACEA,3F80
ACEB,3F80
ACEC,3F80
ACED,3F80
ACEE,3F80
ACEF,3F80
ACF0,3F80
ACF1,3F80
ACF2,3F80
ACF3,3F80
ACF4,3F80
ACF5,3F80
ACF6,3F80
ACF7,3F80
ACF8,3F80
ACF9,3F80
ACFA,3F80
ACFB,3F80
ACFC,3F80
ACFD,3F80
ACFE,3F80
ACFF,3F80
AD00,3F80
AD01,3F80
AD02,3F80
AD03,3F80
AD04,3F80
AD05,3F80
AD06,3F80
AD07,3F80
AD08,3F80
AD09,3F80
AD0A,3F80
AD0B,3F80
AD0C,3F80
AD0D,3F80
AD0E,3F80
AD0F,3F80
AD10,3F80
AD11,3F80
AD12,3F80
AD13,3F80
AD14,3F80
AD15,3F80
AD16,3F80
AD17,3F80
AD18,3F80
AD19,3F80
AD1A,3F80
AD1B,3F80
AD1C,3F80
AD1D,3F80
AD1E,3F80
AD1F,3F80
AD20,3F80
AD21,3F80
AD22,3F80
AD23,3F80
AD24,3F80
AD25,3F80
AD26,3F80
AD27,3F80
AD28,3F80
AD29,3F80
AD2A,3F80
AD2B,3F80
AD2C,3F80
AD2D,3F80
AD2E,3F80
AD2F,3F80
AD30,3F80
AD31,3F80
AD32,3F80
AD33,3F80
AD34,3F80
AD35,3F80
AD36,3F80
AD37,3F80
AD38,3F80
AD39,3F80
AD3A,3F80
AD3B,3F80
AD3C,3F80
AD3D,3F80
AD3E,3F80
AD3F,3F80
AD40,3F80
AD41,3F80
AD42,3F80
AD43,3F80
AD44,3F80
AD45,3F80
AD46,3F80
AD47,3F80
AD48,3F80
AD49,3F80
AD4A,3F80
AD4B,3F80
AD4C,3F80
AD4D,3F80
AD4E,3F80
AD4F,3F80
AD50,3F80
AD51,3F80
AD52,3F80
AD53,3F80
AD54,3F80
AD55,3F80
AD56,3F80
AD57,3F80
AD58,3F80
AD59,3F80
AD5A,3F80
AD5B,3F80
AD5C,3F80
AD5D,3F80
AD5E,3F80
AD5F,3F80
AD60,3F80
AD61,3F80
AD62,3F80
AD63,3F80
AD64,3F80
AD65,3F80
AD66,3F80
AD67,3F80
AD68,3F80
AD69,3F80
AD6A,3F80
AD6B,3F80
AD6C,3F80
AD6D,3F80
AD6E,3F80
AD6F,3F80
AD70,3F80
AD71,3F80
AD72,3F80
AD73,3F80
AD74,3F80
AD75,3F80
AD76,3F80
AD77,3F80
AD78,3F80
AD79,3F80
AD7A,3F80
AD7B,3F80
AD7C,3F80
AD7D,3F80
AD7E,3F80
AD7F,3F80
AD80,3F80
AD81,3F80
AD82,3F80
AD83,3F80
AD84,3F80
AD85,3F80
AD86,3F80
AD87,3F80
AD88,3F80
AD89,3F80
AD8A,3F80
AD8B,3F80
AD8C,3F80
AD8D,3F80
AD8E,3F80
AD8F,3F80
AD90,3F80
AD91,3F80
AD92,3F80
AD93,3F80
AD94,3F80
AD95,3F80
AD96,3F80
AD97,3F80
AD98,3F80
AD99,3F80
AD9A,3F80
AD9B,3F80
AD9C,3F80
AD9D,3F80
AD9E,3F80
AD9F,3F80
ADA0,3F80
ADA1,3F80
ADA2,3F80
ADA3,3F80
ADA4,3F80
ADA5,3F80
ADA6,3F80
ADA7,3F80
ADA8,3F80
ADA9,3F80
ADAA,3F80
ADAB,3F80
ADAC,3F80
ADAD,3F80
ADAE,3F80
ADAF,3F80
ADB0,3F80
ADB1,3F80
ADB2,3F80
ADB3,3F80
ADB4,3F80
ADB5,3F80
ADB6,3F80
ADB7,3F80
ADB8,3F80
ADB9,3F80
ADBA,3F80
ADBB,3F80
ADBC,3F80
ADBD,3F80
ADBE,3F80
ADBF,3F80
ADC0,3F80
ADC1,3F80
ADC2,3F80
ADC3,3F80
ADC4,3F80
ADC5,3F80
ADC6,3F80
ADC7,3F80
ADC8,3F80
ADC9,3F80
ADCA,3F80
ADCB,3F80
ADCC,3F80
ADCD,3F80
ADCE,3F80
ADCF,3F80
ADD0,3F80
ADD1,3F80
ADD2,3F80
ADD3,3F80
ADD4,3F80
ADD5,3F80
ADD6,3F80
ADD7,3F80
ADD8,3F80
ADD9,3F80
ADDA,3F80
ADDB,3F80
ADDC,3F80
ADDD,3F80
ADDE,3F80
ADDF,3F80
ADE0,3F80
ADE1,3F80
ADE2,3F80
ADE3,3F80
ADE4,3F80
ADE5,3F80
ADE6,3F80
ADE7,3F80
ADE8,3F80
ADE9,3F80
ADEA,3F80
ADEB,3F80
ADEC,3F80
ADED,3F80
ADEE,3F80
ADEF,3F80
ADF0,3F80
ADF1,3F80
ADF2,3F80
ADF3,3F80
ADF4,3F80
ADF5,3F80
ADF6,3F80
ADF7,3F80
ADF8,3F80
ADF9,3F80
ADFA,3F80
ADFB,3F80
ADFC,3F80
ADFD,3F80
ADFE,3F80
ADFF,3F80
AE00,3F80
AE01,3F80
AE02,3F80
AE03,3F80
AE04,3F80
AE05,3F80
AE06,3F80
AE07,3F80
AE08,3F80
AE09,3F80
AE0A,3F80
AE0B,3F80
AE0C,3F80
AE0D,3F80
AE0E,3F80
AE0F,3F80
AE10,3F80
AE11,3F80
AE12,3F80
AE13,3F80
AE14,3F80
AE15,3F80
AE16,3F80
AE17,3F80
AE18,3F80
AE19,3F80
AE1A,3F80
AE1B,3F80
AE1C,3F80
AE1D,3F80
AE1E,3F80
AE1F,3F80
AE20,3F80
AE21,3F80
AE22,3F80
AE23,3F80
AE24,3F80
AE25,3F80
AE26,3F80
AE27,3F80
AE28,3F80
AE29,3F80
AE2A,3F80
AE2B,3F80
AE2C,3F80
AE2D,3F80
AE2E,3F80
AE2F,3F80
AE30,3F80
AE31,3F80
AE32,3F80
AE33,3F80
AE34,3F80
AE35,3F80
AE36,3F80
AE37,3F80
AE38,3F80
AE39,3F80
AE3A,3F80
AE3B,3F80
AE3C,3F80
AE3D,3F80
AE3E,3F80
AE3F,3F80
AE40,3F80
AE41,3F80
AE42,3F80
AE43,3F80
AE44,3F80
AE45,3F80
AE46,3F80
AE47,3F80
AE48,3F80
AE49,3F80
AE4A,3F80
AE4B,3F80
AE4C,3F80
AE4D,3F80
AE4E,3F80
AE4F,3F80
AE50,3F80
AE51,3F80
AE52,3F80
AE53,3F80
AE54,3F80
AE55,3F80
AE56,3F80
AE57,3F80
AE58,3F80
AE59,3F80
AE5A,3F80
AE5B,3F80
AE5C,3F80
AE5D,3F80
AE5E,3F80
AE5F,3F80
AE60,3F80
AE61,3F80
AE62,3F80
AE63,3F80
AE64,3F80
AE65,3F80
AE66,3F80
AE67,3F80
AE68,3F80
AE69,3F80
AE6A,3F80
AE6B,3F80
AE6C,3F80
AE6D,3F80
AE6E,3F80
AE6F,3F80
AE70,3F80
AE71,3F80
AE72,3F80
AE73,3F80
AE74,3F80
AE75,3F80
AE76,3F80
AE77,3F80
AE78,3F80
AE79,3F80
AE7A,3F80
AE7B,3F80
AE7C,3F80
AE7D,3F80
AE7E,3F80
AE7F,3F80
AE80,3F80
AE81,3F80
AE82,3F80
AE83,3F80
AE84,3F80
AE85,3F80
AE86,3F80
AE87,3F80
AE88,3F80
AE89,3F80
AE8A,3F80
AE8B,3F80
AE8C,3F80
AE8D,3F80
AE8E,3F80
AE8F,3F80
AE90,3F80
AE91,3F80
AE92,3F80
AE93,3F80
AE94,3F80
AE95,3F80
AE96,3F80
AE97,3F80
AE98,3F80
AE99,3F80
AE9A,3F80
AE9B,3F80
AE9C,3F80
AE9D,3F80
AE9E,3F80
AE9F,3F80
AEA0,3F80
AEA1,3F80
AEA2,3F80
AEA3,3F80
AEA4,3F80
AEA5,3F80
AEA6,3F80
AEA7,3F80
AEA8,3F80
AEA9,3F80
AEAA,3F80
AEAB,3F80
AEAC,3F80
AEAD,3F80
AEAE,3F80
AEAF,3F80
AEB0,3F80
AEB1,3F80
AEB2,3F80
AEB3,3F80
AEB4,3F80
AEB5,3F80
AEB6,3F80
AEB7,3F80
AEB8,3F80
AEB9,3F80
AEBA,3F80
AEBB,3F80
AEBC,3F80
AEBD,3F80
AEBE,3F80
AEBF,3F80
AEC0,3F80
AEC1,3F80
AEC2,3F80
AEC3,3F80
AEC4,3F80
AEC5,3F80
AEC6,3F80
AEC7,3F80
AEC8,3F80
AEC9,3F80
AECA,3F80
AECB,3F80
AECC,3F80
AECD,3F80
AECE,3F80
AECF,3F80
AED0,3F80
AED1,3F80
AED2,3F80
AED3,3F80
AED4,3F80
AED5,3F80
AED6,3F80
AED7,3F80
AED8,3F80
AED9,3F80
AEDA,3F80
AEDB,3F80
AEDC,3F80
AEDD,3F80
AEDE,3F80
AEDF,3F80
AEE0,3F80
AEE1,3F80
AEE2,3F80
AEE3,3F80
AEE4,3F80
AEE5,3F80
AEE6,3F80
AEE7,3F80
AEE8,3F80
AEE9,3F80
AEEA,3F80
AEEB,3F80
AEEC,3F80
AEED,3F80
AEEE,3F80
AEEF,3F80
AEF0,3F80
AEF1,3F80
AEF2,3F80
AEF3,3F80
AEF4,3F80
AEF5,3F80
AEF6,3F80
AEF7,3F80
AEF8,3F80
AEF9,3F80
AEFA,3F80
AEFB,3F80
AEFC,3F80
AEFD,3F80
AEFE,3F80
AEFF,3F80
AF00,3F80
AF01,3F80
AF02,3F80
AF03,3F80
AF04,3F80
AF05,3F80
AF06,3F80
AF07,3F80
AF08,3F80
AF09,3F80
AF0A,3F80
AF0B,3F80
AF0C,3F80
AF0D,3F80
AF0E,3F80
AF0F,3F80
AF10,3F80
AF11,3F80
AF12,3F80
AF13,3F80
AF14,3F80
AF15,3F80
AF16,3F80
AF17,3F80
AF18,3F80
AF19,3F80
AF1A,3F80
AF1B,3F80
AF1C,3F80
AF1D,3F80
AF1E,3F80
AF1F,3F80
AF20,3F80
AF21,3F80
AF22,3F80
AF23,3F80
AF24,3F80
AF25,3F80
AF26,3F80
AF27,3F80
AF28,3F80
AF29,3F80
AF2A,3F80
AF2B,3F80
AF2C,3F80
AF2D,3F80
AF2E,3F80
AF2F,3F80
AF30,3F80
AF31,3F80
AF32,3F80
AF33,3F80
AF34,3F80
AF35,3F80
AF36,3F80
AF37,3F80
AF38,3F80
AF39,3F80
AF3A,3F80
AF3B,3F80
AF3C,3F80
AF3D,3F80
AF3E,3F80
AF3F,3F80
AF40,3F80
AF41,3F80
AF42,3F80
AF43,3F80
AF44,3F80
AF45,3F80
AF46,3F80
AF47,3F80
AF48,3F80
AF49,3F80
AF4A,3F80
AF4B,3F80
AF4C,3F80
AF4D,3F80
AF4E,3F80
AF4F,3F80
AF50,3F80
AF51,3F80
AF52,3F80
AF53,3F80
AF54,3F80
AF55,3F80
AF56,3F80
AF57,3F80
AF58,3F80
AF59,3F80
AF5A,3F80
AF5B,3F80
AF5C,3F80
AF5D,3F80
AF5E,3F80
AF5F,3F80
AF60,3F80
AF61,3F80
AF62,3F80
AF63,3F80
AF64,3F80
AF65,3F80
AF66,3F80
AF67,3F80
AF68,3F80
AF69,3F80
AF6A,3F80
AF6B,3F80
AF6C,3F80
AF6D,3F80
AF6E,3F80
AF6F,3F80
AF70,3F80
AF71,3F80
AF72,3F80
AF73,3F80
AF74,3F80
AF75,3F80
AF76,3F80
AF77,3F80
AF78,3F80
AF79,3F80
AF7A,3F80
AF7B,3F80
AF7C,3F80
AF7D,3F80
AF7E,3F80
AF7F,3F80
AF80,3F80
AF81,3F80
AF82,3F80
AF83,3F80
AF84,3F80
AF85,3F80
AF86,3F80
AF87,3F80
AF88,3F80
AF89,3F80
AF8A,3F80
AF8B,3F80
AF8C,3F80
AF8D,3F80
AF8E,3F80
AF8F,3F80
AF90,3F80
AF91,3F80
AF92,3F80
AF93,3F80
AF94,3F80
AF95,3F80
AF96,3F80
AF97,3F80
AF98,3F80
AF99,3F80
AF9A,3F80
AF9B,3F80
AF9C,3F80
AF9D,3F80
AF9E,3F80
AF9F,3F80
AFA0,3F80
AFA1,3F80
AFA2,3F80
AFA3,3F80
AFA4,3F80
AFA5,3F80
AFA6,3F80
AFA7,3F80
AFA8,3F80
AFA9,3F80
AFAA,3F80
AFAB,3F80
AFAC,3F80
AFAD,3F80
AFAE,3F80
AFAF,3F80
AFB0,3F80
AFB1,3F80
AFB2,3F80
AFB3,3F80
AFB4,3F80
AFB5,3F80
AFB6,3F80
AFB7,3F80
AFB8,3F80
AFB9,3F80
AFBA,3F80
AFBB,3F80
AFBC,3F80
AFBD,3F80
AFBE,3F80
AFBF,3F80
AFC0,3F80
AFC1,3F80
AFC2,3F80
AFC3,3F80
AFC4,3F80
AFC5,3F80
AFC6,3F80
AFC7,3F80
AFC8,3F80
AFC9,3F80
AFCA,3F80
AFCB,3F80
AFCC,3F80
AFCD,3F80
AFCE,3F80
AFCF,3F80
AFD0,3F80
AFD1,3F80
AFD2,3F80
AFD3,3F80
AFD4,3F80
AFD5,3F80
AFD6,3F80
AFD7,3F80
AFD8,3F80
AFD9,3F80
AFDA,3F80
AFDB,3F80
AFDC,3F80
AFDD,3F80
AFDE,3F80
AFDF,3F80
AFE0,3F80
AFE1,3F80
AFE2,3F80
AFE3,3F80
AFE4,3F80
AFE5,3F80
AFE6,3F80
AFE7,3F80
AFE8,3F80
AFE9,3F80
AFEA,3F80
AFEB,3F80
AFEC,3F80
AFED,3F80
AFEE,3F80
AFEF,3F80
AFF0,3F80
AFF1,3F80
AFF2,3F80
AFF3,3F80
AFF4,3F80
AFF5,3F80
AFF6,3F80
AFF7,3F80
AFF8,3F80
AFF9,3F80
AFFA,3F80
AFFB,3F80
AFFC,3F80
AFFD,3F80
AFFE,3F80
AFFF,3F80
B000,3F80
B001,3F80
B002,3F80
B003,3F80
B004,3F80
B005,3F80
B006,3F80
B007,3F80
B008,3F80
B009,3F80
B00A,3F80
B00B,3F80
B00C,3F80
B00D,3F80
B00E,3F80
B00F,3F80
B010,3F80
B011,3F80
B012,3F80
B013,3F80
B014,3F80
B015,3F80
B016,3F80
B017,3F80
B018,3F80
B019,3F80
B01A,3F80
B01B,3F80
B01C,3F80
B01D,3F80
B01E,3F80
B01F,3F80
B020,3F80
B021,3F80
B022,3F80
B023,3F80
B024,3F80
B025,3F80
B026,3F80
B027,3F80
B028,3F80
B029,3F80
B02A,3F80
B02B,3F80
B02C,3F80
B02D,3F80
B02E,3F80
B02F,3F80
B030,3F80
B031,3F80
B032,3F80
B033,3F80
B034,3F80
B035,3F80
B036,3F80
B037,3F80
B038,3F80
B039,3F80
B03A,3F80
B03B,3F80
B03C,3F80
B03D,3F80
B03E,3F80
B03F,3F80
B040,3F80
B041,3F80
B042,3F80
B043,3F80
B044,3F80
B045,3F80
B046,3F80
B047,3F80
B048,3F80
B049,3F80
B04A,3F80
B04B,3F80
B04C,3F80
B04D,3F80
B04E,3F80
B04F,3F80
B050,3F80
B051,3F80
B052,3F80
B053,3F80
B054,3F80
B055,3F80
B056,3F80
B057,3F80
B058,3F80
B059,3F80
B05A,3F80
B05B,3F80
B05C,3F80
B05D,3F80
B05E,3F80
B05F,3F80
B060,3F80
B061,3F80
B062,3F80
B063,3F80
B064,3F80
B065,3F80
B066,3F80
B067,3F80
B068,3F80
B069,3F80
B06A,3F80
B06B,3F80
B06C,3F80
B06D,3F80
B06E,3F80
B06F,3F80
B070,3F80
B071,3F80
B072,3F80
B073,3F80
B074,3F80
B075,3F80
B076,3F80
B077,3F80
B078,3F80
B079,3F80
B07A,3F80
B07B,3F80
B07C,3F80
B07D,3F80
B07E,3F80
B07F,3F80
B080,3F80
B081,3F80
B082,3F80
B083,3F80
B084,3F80
B085,3F80
B086,3F80
B087,3F80
B088,3F80
B089,3F80
B08A,3F80
B08B,3F80
B08C,3F80
B08D,3F80
B08E,3F80
B08F,3F80
B090,3F80
B091,3F80
B092,3F80
B093,3F80
B094,3F80
B095,3F80
B096,3F80
B097,3F80
B098,3F80
B099,3F80
B09A,3F80
B09B,3F80
B09C,3F80
B09D,3F80
B09E,3F80
B09F,3F80
B0A0,3F80
B0A1,3F80
B0A2,3F80
B0A3,3F80
B0A4,3F80
B0A5,3F80
B0A6,3F80
B0A7,3F80
B0A8,3F80
B0A9,3F80
B0AA,3F80
B0AB,3F80
B0AC,3F80
B0AD,3F80
B0AE,3F80
B0AF,3F80
B0B0,3F80
B0B1,3F80
B0B2,3F80
B0B3,3F80
B0B4,3F80
B0B5,3F80
B0B6,3F80
B0B7,3F80
B0B8,3F80
B0B9,3F80
B0BA,3F80
B0BB,3F80
B0BC,3F80
B0BD,3F80
B0BE,3F80
B0BF,3F80
B0C0,3F80
B0C1,3F80
B0C2,3F80
B0C3,3F80
B0C4,3F80
B0C5,3F80
B0C6,3F80
B0C7,3F80
B0C8,3F80
B0C9,3F80
B0CA,3F80
B0CB,3F80
B0CC,3F80
B0CD,3F80
B0CE,3F80
B0CF,3F80
B0D0,3F80
B0D1,3F80
B0D2,3F80
B0D3,3F80
B0D4,3F80
B0D5,3F80
B0D6,3F80
B0D7,3F80
B0D8,3F80
B0D9,3F80
B0DA,3F80
B0DB,3F80
B0DC,3F80
B0DD,3F80
B0DE,3F80
B0DF,3F80
B0E0,3F80
B0E1,3F80
B0E2,3F80
B0E3,3F80
B0E4,3F80
B0E5,3F80
B0E6,3F80
B0E7,3F80
B0E8,3F80
B0E9,3F80
B0EA,3F80
B0EB,3F80
B0EC,3F80
B0ED,3F80
B0EE,3F80
B0EF,3F80
B0F0,3F80
B0F1,3F80
B0F2,3F80
B0F3,3F80
B0F4,3F80
B0F5,3F80
B0F6,3F80
B0F7,3F80
B0F8,3F80
B0F9,3F80
B0FA,3F80
B0FB,3F80
B0FC,3F80
B0FD,3F80
B0FE,3F80
B0FF,3F80
B100,3F80
B101,3F80
B102,3F80
B103,3F80
B104,3F80
B105,3F80
B106,3F80
B107,3F80
B108,3F80
B109,3F80
B10A,3F80
B10B,3F80
B10C,3F80
B10D,3F80
B10E,3F80
B10F,3F80
B110,3F80
B111,3F80
B112,3F80
B113,3F80
B114,3F80
B115,3F80
B116,3F80
B117,3F80
B118,3F80
B119,3F80
B11A,3F80
B11B,3F80
B11C,3F80
B11D,3F80
B11E,3F80
B11F,3F80
B120,3F80
B121,3F80
B122,3F80
B123,3F80
B124,3F80
B125,3F80
B126,3F80
B127,3F80
B128,3F80
B129,3F80
B12A,3F80
B12B,3F80
B12C,3F80
B12D,3F80
B12E,3F80
B12F,3F80
B130,3F80
B131,3F80
B132,3F80
B133,3F80
B134,3F80
B135,3F80
B136,3F80
B137,3F80
B138,3F80
B139,3F80
B13A,3F80
B13B,3F80
B13C,3F80
B13D,3F80
B13E,3F80
B13F,3F80
B140,3F80
B141,3F80
B142,3F80
B143,3F80
B144,3F80
B145,3F80
B146,3F80
B147,3F80
B148,3F80
B149,3F80
B14A,3F80
B14B,3F80
B14C,3F80
B14D,3F80
B14E,3F80
B14F,3F80
B150,3F80
B151,3F80
B152,3F80
B153,3F80
B154,3F80
B155,3F80
B156,3F80
B157,3F80
B158,3F80
B159,3F80
B15A,3F80
B15B,3F80
B15C,3F80
B15D,3F80
B15E,3F80
B15F,3F80
B160,3F80
B161,3F80
B162,3F80
B163,3F80
B164,3F80
B165,3F80
B166,3F80
B167,3F80
B168,3F80
B169,3F80
B16A,3F80
B16B,3F80
B16C,3F80
B16D,3F80
B16E,3F80
B16F,3F80
B170,3F80
B171,3F80
B172,3F80
B173,3F80
B174,3F80
B175,3F80
B176,3F80
B177,3F80
B178,3F80
B179,3F80
B17A,3F80
B17B,3F80
B17C,3F80
B17D,3F80
B17E,3F80
B17F,3F80
B180,3F80
B181,3F80
B182,3F80
B183,3F80
B184,3F80
B185,3F80
B186,3F80
B187,3F80
B188,3F80
B189,3F80
B18A,3F80
B18B,3F80
B18C,3F80
B18D,3F80
B18E,3F80
B18F,3F80
B190,3F80
B191,3F80
B192,3F80
B193,3F80
B194,3F80
B195,3F80
B196,3F80
B197,3F80
B198,3F80
B199,3F80
B19A,3F80
B19B,3F80
B19C,3F80
B19D,3F80
B19E,3F80
B19F,3F80
B1A0,3F80
B1A1,3F80
B1A2,3F80
B1A3,3F80
B1A4,3F80
B1A5,3F80
B1A6,3F80
B1A7,3F80
B1A8,3F80
B1A9,3F80
B1AA,3F80
B1AB,3F80
B1AC,3F80
B1AD,3F80
B1AE,3F80
B1AF,3F80
B1B0,3F80
B1B1,3F80
B1B2,3F80
B1B3,3F80
B1B4,3F80
B1B5,3F80
B1B6,3F80
B1B7,3F80
B1B8,3F80
B1B9,3F80
B1BA,3F80
B1BB,3F80
B1BC,3F80
B1BD,3F80
B1BE,3F80
B1BF,3F80
B1C0,3F80
B1C1,3F80
B1C2,3F80
B1C3,3F80
B1C4,3F80
B1C5,3F80
B1C6,3F80
B1C7,3F80
B1C8,3F80
B1C9,3F80
B1CA,3F80
B1CB,3F80
B1CC,3F80
B1CD,3F80
B1CE,3F80
B1CF,3F80
B1D0,3F80
B1D1,3F80
B1D2,3F80
B1D3,3F80
B1D4,3F80
B1D5,3F80
B1D6,3F80
B1D7,3F80
B1D8,3F80
B1D9,3F80
B1DA,3F80
B1DB,3F80
B1DC,3F80
B1DD,3F80
B1DE,3F80
B1DF,3F80
B1E0,3F80
B1E1,3F80
B1E2,3F80
B1E3,3F80
B1E4,3F80
B1E5,3F80
B1E6,3F80
B1E7,3F80
B1E8,3F80
B1E9,3F80
B1EA,3F80
B1EB,3F80
B1EC,3F80
B1ED,3F80
B1EE,3F80
B1EF,3F80
B1F0,3F80
B1F1,3F80
B1F2,3F80
B1F3,3F80
B1F4,3F80
B1F5,3F80
B1F6,3F80
B1F7,3F80
B1F8,3F80
B1F9,3F80
B1FA,3F80
B1FB,3F80
B1FC,3F80
B1FD,3F80
B1FE,3F80
B1FF,3F80
B200,3F80
B201,3F80
B202,3F80
B203,3F80
B204,3F80
B205,3F80
B206,3F80
B207,3F80
B208,3F80
B209,3F80
B20A,3F80
B20B,3F80
B20C,3F80
B20D,3F80
B20E,3F80
B20F,3F80
B210,3F80
B211,3F80
B212,3F80
B213,3F80
B214,3F80
B215,3F80
B216,3F80
B217,3F80
B218,3F80
B219,3F80
B21A,3F80
B21B,3F80
B21C,3F80
B21D,3F80
B21E,3F80
B21F,3F80
B220,3F80
B221,3F80
B222,3F80
B223,3F80
B224,3F80
B225,3F80
B226,3F80
B227,3F80
B228,3F80
B229,3F80
B22A,3F80
B22B,3F80
B22C,3F80
B22D,3F80
B22E,3F80
B22F,3F80
B230,3F80
B231,3F80
B232,3F80
B233,3F80
B234,3F80
B235,3F80
B236,3F80
B237,3F80
B238,3F80
B239,3F80
B23A,3F80
B23B,3F80
B23C,3F80
B23D,3F80
B23E,3F80
B23F,3F80
B240,3F80
B241,3F80
B242,3F80
B243,3F80
B244,3F80
B245,3F80
B246,3F80
B247,3F80
B248,3F80
B249,3F80
B24A,3F80
B24B,3F80
B24C,3F80
B24D,3F80
B24E,3F80
B24F,3F80
B250,3F80
B251,3F80
B252,3F80
B253,3F80
B254,3F80
B255,3F80
B256,3F80
B257,3F80
B258,3F80
B259,3F80
B25A,3F80
B25B,3F80
B25C,3F80
B25D,3F80
B25E,3F80
B25F,3F80
B260,3F80
B261,3F80
B262,3F80
B263,3F80
B264,3F80
B265,3F80
B266,3F80
B267,3F80
B268,3F80
B269,3F80
B26A,3F80
B26B,3F80
B26C,3F80
B26D,3F80
B26E,3F80
B26F,3F80
B270,3F80
B271,3F80
B272,3F80
B273,3F80
B274,3F80
B275,3F80
B276,3F80
B277,3F80
B278,3F80
B279,3F80
B27A,3F80
B27B,3F80
B27C,3F80
B27D,3F80
B27E,3F80
B27F,3F80
B280,3F80
B281,3F80
B282,3F80
B283,3F80
B284,3F80
B285,3F80
B286,3F80
B287,3F80
B288,3F80
B289,3F80
B28A,3F80
B28B,3F80
B28C,3F80
B28D,3F80
B28E,3F80
B28F,3F80
B290,3F80
B291,3F80
B292,3F80
B293,3F80
B294,3F80
B295,3F80
B296,3F80
B297,3F80
B298,3F80
B299,3F80
B29A,3F80
B29B,3F80
B29C,3F80
B29D,3F80
B29E,3F80
B29F,3F80
B2A0,3F80
B2A1,3F80
B2A2,3F80
B2A3,3F80
B2A4,3F80
B2A5,3F80
B2A6,3F80
B2A7,3F80
B2A8,3F80
B2A9,3F80
B2AA,3F80
B2AB,3F80
B2AC,3F80
B2AD,3F80
B2AE,3F80
B2AF,3F80
B2B0,3F80
B2B1,3F80
B2B2,3F80
B2B3,3F80
B2B4,3F80
B2B5,3F80
B2B6,3F80
B2B7,3F80
B2B8,3F80
B2B9,3F80
B2BA,3F80
B2BB,3F80
B2BC,3F80
B2BD,3F80
B2BE,3F80
B2BF,3F80
B2C0,3F80
B2C1,3F80
B2C2,3F80
B2C3,3F80
B2C4,3F80
B2C5,3F80
B2C6,3F80
B2C7,3F80
B2C8,3F80
B2C9,3F80
B2CA,3F80
B2CB,3F80
B2CC,3F80
B2CD,3F80
B2CE,3F80
B2CF,3F80
B2D0,3F80
B2D1,3F80
B2D2,3F80
B2D3,3F80
B2D4,3F80
B2D5,3F80
B2D6,3F80
B2D7,3F80
B2D8,3F80
B2D9,3F80
B2DA,3F80
B2DB,3F80
B2DC,3F80
B2DD,3F80
B2DE,3F80
B2DF,3F80
B2E0,3F80
B2E1,3F80
B2E2,3F80
B2E3,3F80
B2E4,3F80
B2E5,3F80
B2E6,3F80
B2E7,3F80
B2E8,3F80
B2E9,3F80
B2EA,3F80
B2EB,3F80
B2EC,3F80
B2ED,3F80
B2EE,3F80
B2EF,3F80
B2F0,3F80
B2F1,3F80
B2F2,3F80
B2F3,3F80
B2F4,3F80
B2F5,3F80
B2F6,3F80
B2F7,3F80
B2F8,3F80
B2F9,3F80
B2FA,3F80
B2FB,3F80
B2FC,3F80
B2FD,3F80
B2FE,3F80
B2FF,3F80
B300,3F80
B301,3F7F
B302,3F7F
B303,3F7F
B304,3F7F
B305,3F7F
B306,3F7F
B307,3F7F
B308,3F7F
B309,3F7F
B30A,3F7F
B30B,3F7F
B30C,3F7F
B30D,3F7F
B30E,3F7F
B30F,3F7F
B310,3F7F
B311,3F7F
B312,3F7F
B313,3F7F
B314,3F7F
B315,3F7F
B316,3F7F
B317,3F7F
B318,3F7F
B319,3F7F
B31A,3F7F
B31B,3F7F
B31C,3F7F
B31D,3F7F
B31E,3F7F
B31F,3F7F
B320,3F7F
B321,3F7F
B322,3F7F
B323,3F7F
B324,3F7F
B325,3F7F
B326,3F7F
B327,3F7F
B328,3F7F
B329,3F7F
B32A,3F7F
B32B,3F7F
B32C,3F7F
B32D,3F7F
B32E,3F7F
B32F,3F7F
B330,3F7F
B331,3F7F
B332,3F7F
B333,3F7F
B334,3F7F
B335,3F7F
B336,3F7F
B337,3F7F
B338,3F7F
B339,3F7F
B33A,3F7F
B33B,3F7F
B33C,3F7F
B33D,3F7F
B33E,3F7F
B33F,3F7F
B340,3F7F
B341,3F7F
B342,3F7F
B343,3F7F
B344,3F7F
B345,3F7F
B346,3F7F
B347,3F7F
B348,3F7F
B349,3F7F
B34A,3F7F
B34B,3F7F
B34C,3F7F
B34D,3F7F
B34E,3F7F
B34F,3F7F
B350,3F7F
B351,3F7F
B352,3F7F
B353,3F7F
B354,3F7F
B355,3F7F
B356,3F7F
B357,3F7F
B358,3F7F
B359,3F7F
B35A,3F7F
B35B,3F7F
B35C,3F7F
B35D,3F7F
B35E,3F7F
B35F,3F7F
B360,3F7F
B361,3F7F
B362,3F7F
B363,3F7F
B364,3F7F
B365,3F7F
B366,3F7F
B367,3F7F
B368,3F7F
B369,3F7F
B36A,3F7F
B36B,3F7F
B36C,3F7F
B36D,3F7F
B36E,3F7F
B36F,3F7F
B370,3F7F
B371,3F7F
B372,3F7F
B373,3F7F
B374,3F7F
B375,3F7F
B376,3F7F
B377,3F7F
B378,3F7F
B379,3F7F
B37A,3F7F
B37B,3F7F
B37C,3F7F
B37D,3F7F
B37E,3F7F
B37F,3F7F
B380,3F7F
B381,3F7F
B382,3F7F
B383,3F7F
B384,3F7F
B385,3F7F
B386,3F7F
B387,3F7F
B388,3F7F
B389,3F7F
B38A,3F7F
B38B,3F7F
B38C,3F7F
B38D,3F7F
B38E,3F7F
B38F,3F7F
B390,3F7F
B391,3F7F
B392,3F7F
B393,3F7F
B394,3F7F
B395,3F7F
B396,3F7F
B397,3F7F
B398,3F7F
B399,3F7F
B39A,3F7F
B39B,3F7F
B39C,3F7F
B39D,3F7F
B39E,3F7F
B39F,3F7F
B3A0,3F7F
B3A1,3F7F
B3A2,3F7F
B3A3,3F7F
B3A4,3F7F
B3A5,3F7F
B3A6,3F7F
B3A7,3F7F
B3A8,3F7F
B3A9,3F7F
B3AA,3F7F
B3AB,3F7F
B3AC,3F7F
B3AD,3F7F
B3AE,3F7F
B3AF,3F7F
B3B0,3F7F
B3B1,3F7F
B3B2,3F7F
B3B3,3F7F
B3B4,3F7F
B3B5,3F7F
B3B6,3F7F
B3B7,3F7F
B3B8,3F7F
B3B9,3F7F
B3BA,3F7F
B3BB,3F7F
B3BC,3F7F
B3BD,3F7F
B3BE,3F7F
B3BF,3F7F
B3C0,3F7F
B3C1,3F7F
B3C2,3F7F
B3C3,3F7F
B3C4,3F7F
B3C5,3F7F
B3C6,3F7F
B3C7,3F7F
B3C8,3F7F
B3C9,3F7F
B3CA,3F7F
B3CB,3F7F
B3CC,3F7F
B3CD,3F7F
B3CE,3F7F
B3CF,3F7F
B3D0,3F7F
B3D1,3F7F
B3D2,3F7F
B3D3,3F7F
B3D4,3F7F
B3D5,3F7F
B3D6,3F7F
B3D7,3F7F
B3D8,3F7F
B3D9,3F7F
B3DA,3F7F
B3DB,3F7F
B3DC,3F7F
B3DD,3F7F
B3DE,3F7F
B3DF,3F7F
B3E0,3F7F
B3E1,3F7F
B3E2,3F7F
B3E3,3F7F
B3E4,3F7F
B3E5,3F7F
B3E6,3F7F
B3E7,3F7F
B3E8,3F7F
B3E9,3F7F
B3EA,3F7F
B3EB,3F7F
B3EC,3F7F
B3ED,3F7F
B3EE,3F7F
B3EF,3F7F
B3F0,3F7F
B3F1,3F7F
B3F2,3F7F
B3F3,3F7F
B3F4,3F7F
B3F5,3F7F
B3F6,3F7F
B3F7,3F7F
B3F8,3F7F
B3F9,3F7F
B3FA,3F7F
B3FB,3F7F
B3FC,3F7F
B3FD,3F7F
B3FE,3F7F
B3FF,3F7F
B400,3F7F
B401,3F7F
B402,3F7F
B403,3F7F
B404,3F7F
B405,3F7F
B406,3F7F
B407,3F7F
B408,3F7F
B409,3F7F
B40A,3F7F
B40B,3F7F
B40C,3F7F
B40D,3F7F
B40E,3F7F
B40F,3F7F
B410,3F7F
B411,3F7F
B412,3F7F
B413,3F7F
B414,3F7F
B415,3F7F
B416,3F7F
B417,3F7F
B418,3F7F
B419,3F7F
B41A,3F7F
B41B,3F7F
B41C,3F7F
B41D,3F7F
B41E,3F7F
B41F,3F7F
B420,3F7F
B421,3F7F
B422,3F7F
B423,3F7F
B424,3F7F
B425,3F7F
B426,3F7F
B427,3F7F
B428,3F7F
B429,3F7F
B42A,3F7F
B42B,3F7F
B42C,3F7F
B42D,3F7F
B42E,3F7F
B42F,3F7F
B430,3F7F
B431,3F7F
B432,3F7F
B433,3F7F
B434,3F7F
B435,3F7F
B436,3F7F
B437,3F7F
B438,3F7F
B439,3F7F
B43A,3F7F
B43B,3F7F
B43C,3F7F
B43D,3F7F
B43E,3F7F
B43F,3F7F
B440,3F7F
B441,3F7F
B442,3F7F
B443,3F7F
B444,3F7F
B445,3F7F
B446,3F7F
B447,3F7F
B448,3F7F
B449,3F7F
B44A,3F7F
B44B,3F7F
B44C,3F7F
B44D,3F7F
B44E,3F7F
B44F,3F7F
B450,3F7F
B451,3F7F
B452,3F7F
B453,3F7F
B454,3F7F
B455,3F7F
B456,3F7F
B457,3F7F
B458,3F7F
B459,3F7F
B45A,3F7F
B45B,3F7F
B45C,3F7F
B45D,3F7F
B45E,3F7F
B45F,3F7F
B460,3F7F
B461,3F7F
B462,3F7F
B463,3F7F
B464,3F7F
B465,3F7F
B466,3F7F
B467,3F7F
B468,3F7F
B469,3F7F
B46A,3F7F
B46B,3F7F
B46C,3F7F
B46D,3F7F
B46E,3F7F
B46F,3F7F
B470,3F7F
B471,3F7F
B472,3F7F
B473,3F7F
B474,3F7F
B475,3F7F
B476,3F7F
B477,3F7F
B478,3F7F
B479,3F7F
B47A,3F7F
B47B,3F7F
B47C,3F7F
B47D,3F7F
B47E,3F7F
B47F,3F7F
B480,3F7F
B481,3F7F
B482,3F7F
B483,3F7F
B484,3F7F
B485,3F7F
B486,3F7F
B487,3F7F
B488,3F7F
B489,3F7F
B48A,3F7F
B48B,3F7F
B48C,3F7F
B48D,3F7F
B48E,3F7F
B48F,3F7F
B490,3F7F
B491,3F7F
B492,3F7F
B493,3F7F
B494,3F7F
B495,3F7F
B496,3F7F
B497,3F7F
B498,3F7F
B499,3F7F
B49A,3F7F
B49B,3F7F
B49C,3F7F
B49D,3F7F
B49E,3F7F
B49F,3F7F
B4A0,3F7F
B4A1,3F7F
B4A2,3F7F
B4A3,3F7F
B4A4,3F7F
B4A5,3F7F
B4A6,3F7F
B4A7,3F7F
B4A8,3F7F
B4A9,3F7F
B4AA,3F7F
B4AB,3F7F
B4AC,3F7F
B4AD,3F7F
B4AE,3F7F
B4AF,3F7F
B4B0,3F7F
B4B1,3F7F
B4B2,3F7F
B4B3,3F7F
B4B4,3F7F
B4B5,3F7F
B4B6,3F7F
B4B7,3F7F
B4B8,3F7F
B4B9,3F7F
B4BA,3F7F
B4BB,3F7F
B4BC,3F7F
B4BD,3F7F
B4BE,3F7F
B4BF,3F7F
B4C0,3F7F
B4C1,3F7F
B4C2,3F7F
B4C3,3F7F
B4C4,3F7F
B4C5,3F7F
B4C6,3F7F
B4C7,3F7F
B4C8,3F7F
B4C9,3F7F
B4CA,3F7F
B4CB,3F7F
B4CC,3F7F
B4CD,3F7F
B4CE,3F7F
B4CF,3F7F
B4D0,3F7F
B4D1,3F7F
B4D2,3F7F
B4D3,3F7F
B4D4,3F7F
B4D5,3F7F
B4D6,3F7F
B4D7,3F7F
B4D8,3F7F
B4D9,3F7F
B4DA,3F7F
B4DB,3F7F
B4DC,3F7F
B4DD,3F7F
B4DE,3F7F
B4DF,3F7F
B4E0,3F7F
B4E1,3F7F
B4E2,3F7F
B4E3,3F7F
B4E4,3F7F
B4E5,3F7F
B4E6,3F7F
B4E7,3F7F
B4E8,3F7F
B4E9,3F7F
B4EA,3F7F
B4EB,3F7F
B4EC,3F7F
B4ED,3F7F
B4EE,3F7F
B4EF,3F7F
B4F0,3F7F
B4F1,3F7F
B4F2,3F7F
B4F3,3F7F
B4F4,3F7F
B4F5,3F7F
B4F6,3F7F
B4F7,3F7F
B4F8,3F7F
B4F9,3F7F
B4FA,3F7F
B4FB,3F7F
B4FC,3F7F
B4FD,3F7F
B4FE,3F7F
B4FF,3F7F
B500,3F7F
B501,3F7F
B502,3F7F
B503,3F7F
B504,3F7F
B505,3F7F
B506,3F7F
B507,3F7F
B508,3F7F
B509,3F7F
B50A,3F7F
B50B,3F7F
B50C,3F7F
B50D,3F7F
B50E,3F7F
B50F,3F7F
B510,3F7F
B511,3F7F
B512,3F7F
B513,3F7F
B514,3F7F
B515,3F7F
B516,3F7F
B517,3F7F
B518,3F7F
B519,3F7F
B51A,3F7F
B51B,3F7F
B51C,3F7F
B51D,3F7F
B51E,3F7F
B51F,3F7F
B520,3F7F
B521,3F7F
B522,3F7F
B523,3F7F
B524,3F7F
B525,3F7F
B526,3F7F
B527,3F7F
B528,3F7F
B529,3F7F
B52A,3F7F
B52B,3F7F
B52C,3F7F
B52D,3F7F
B52E,3F7F
B52F,3F7F
B530,3F7F
B531,3F7F
B532,3F7F
B533,3F7F
B534,3F7F
B535,3F7F
B536,3F7F
B537,3F7F
B538,3F7F
B539,3F7F
B53A,3F7F
B53B,3F7F
B53C,3F7F
B53D,3F7F
B53E,3F7F
B53F,3F7F
B540,3F7F
B541,3F7F
B542,3F7F
B543,3F7F
B544,3F7F
B545,3F7F
B546,3F7F
B547,3F7F
B548,3F7F
B549,3F7F
B54A,3F7F
B54B,3F7F
B54C,3F7F
B54D,3F7F
B54E,3F7F
B54F,3F7F
B550,3F7F
B551,3F7F
B552,3F7F
B553,3F7F
B554,3F7F
B555,3F7F
B556,3F7F
B557,3F7F
B558,3F7F
B559,3F7F
B55A,3F7F
B55B,3F7F
B55C,3F7F
B55D,3F7F
B55E,3F7F
B55F,3F7F
B560,3F7F
B561,3F7F
B562,3F7F
B563,3F7F
B564,3F7F
B565,3F7F
B566,3F7F
B567,3F7F
B568,3F7F
B569,3F7F
B56A,3F7F
B56B,3F7F
B56C,3F7F
B56D,3F7F
B56E,3F7F
B56F,3F7F
B570,3F7F
B571,3F7F
B572,3F7F
B573,3F7F
B574,3F7F
B575,3F7F
B576,3F7F
B577,3F7F
B578,3F7F
B579,3F7F
B57A,3F7F
B57B,3F7F
B57C,3F7F
B57D,3F7F
B57E,3F7F
B57F,3F7F
B580,3F7F
B581,3F7F
B582,3F7F
B583,3F7F
B584,3F7F
B585,3F7F
B586,3F7F
B587,3F7F
B588,3F7F
B589,3F7F
B58A,3F7F
B58B,3F7F
B58C,3F7F
B58D,3F7F
B58E,3F7F
B58F,3F7F
B590,3F7F
B591,3F7F
B592,3F7F
B593,3F7F
B594,3F7F
B595,3F7F
B596,3F7F
B597,3F7F
B598,3F7F
B599,3F7F
B59A,3F7F
B59B,3F7F
B59C,3F7F
B59D,3F7F
B59E,3F7F
B59F,3F7F
B5A0,3F7F
B5A1,3F7F
B5A2,3F7F
B5A3,3F7F
B5A4,3F7F
B5A5,3F7F
B5A6,3F7F
B5A7,3F7F
B5A8,3F7F
B5A9,3F7F
B5AA,3F7F
B5AB,3F7F
B5AC,3F7F
B5AD,3F7F
B5AE,3F7F
B5AF,3F7F
B5B0,3F7F
B5B1,3F7F
B5B2,3F7F
B5B3,3F7F
B5B4,3F7F
B5B5,3F7F
B5B6,3F7F
B5B7,3F7F
B5B8,3F7F
B5B9,3F7F
B5BA,3F7F
B5BB,3F7F
B5BC,3F7F
B5BD,3F7F
B5BE,3F7F
B5BF,3F7F
B5C0,3F7F
B5C1,3F7F
B5C2,3F7F
B5C3,3F7F
B5C4,3F7F
B5C5,3F7F
B5C6,3F7F
B5C7,3F7F
B5C8,3F7F
B5C9,3F7F
B5CA,3F7F
B5CB,3F7F
B5CC,3F7F
B5CD,3F7F
B5CE,3F7F
B5CF,3F7F
B5D0,3F7F
B5D1,3F7F
B5D2,3F7F
B5D3,3F7F
B5D4,3F7F
B5D5,3F7F
B5D6,3F7F
B5D7,3F7F
B5D8,3F7F
B5D9,3F7F
B5DA,3F7F
B5DB,3F7F
B5DC,3F7F
B5DD,3F7F
B5DE,3F7F
B5DF,3F7F
B5E0,3F7F
B5E1,3F7F
B5E2,3F7F
B5E3,3F7F
B5E4,3F7F
B5E5,3F7F
B5E6,3F7F
B5E7,3F7F
B5E8,3F7F
B5E9,3F7F
B5EA,3F7F
B5EB,3F7F
B5EC,3F7F
B5ED,3F7F
B5EE,3F7F
B5EF,3F7F
B5F0,3F7F
B5F1,3F7F
B5F2,3F7F
B5F3,3F7F
B5F4,3F7F
B5F5,3F7F
B5F6,3F7F
B5F7,3F7F
B5F8,3F7F
B5F9,3F7F
B5FA,3F7F
B5FB,3F7F
B5FC,3F7F
B5FD,3F7F
B5FE,3F7F
B5FF,3F7F
B600,3F7F
B601,3F7F
B602,3F7F
B603,3F7F
B604,3F7F
B605,3F7F
B606,3F7F
B607,3F7F
B608,3F7F
B609,3F7F
B60A,3F7F
B60B,3F7F
B60C,3F7F
B60D,3F7F
B60E,3F7F
B60F,3F7F
B610,3F7F
B611,3F7F
B612,3F7F
B613,3F7F
B614,3F7F
B615,3F7F
B616,3F7F
B617,3F7F
B618,3F7F
B619,3F7F
B61A,3F7F
B61B,3F7F
B61C,3F7F
B61D,3F7F
B61E,3F7F
B61F,3F7F
B620,3F7F
B621,3F7F
B622,3F7F
B623,3F7F
B624,3F7F
B625,3F7F
B626,3F7F
B627,3F7F
B628,3F7F
B629,3F7F
B62A,3F7F
B62B,3F7F
B62C,3F7F
B62D,3F7F
B62E,3F7F
B62F,3F7F
B630,3F7F
B631,3F7F
B632,3F7F
B633,3F7F
B634,3F7F
B635,3F7F
B636,3F7F
B637,3F7F
B638,3F7F
B639,3F7F
B63A,3F7F
B63B,3F7F
B63C,3F7F
B63D,3F7F
B63E,3F7F
B63F,3F7F
B640,3F7F
B641,3F7F
B642,3F7F
B643,3F7F
B644,3F7F
B645,3F7F
B646,3F7F
B647,3F7F
B648,3F7F
B649,3F7F
B64A,3F7F
B64B,3F7F
B64C,3F7F
B64D,3F7F
B64E,3F7F
B64F,3F7F
B650,3F7F
B651,3F7F
B652,3F7F
B653,3F7F
B654,3F7F
B655,3F7F
B656,3F7F
B657,3F7F
B658,3F7F
B659,3F7F
B65A,3F7F
B65B,3F7F
B65C,3F7F
B65D,3F7F
B65E,3F7F
B65F,3F7F
B660,3F7F
B661,3F7F
B662,3F7F
B663,3F7F
B664,3F7F
B665,3F7F
B666,3F7F
B667,3F7F
B668,3F7F
B669,3F7F
B66A,3F7F
B66B,3F7F
B66C,3F7F
B66D,3F7F
B66E,3F7F
B66F,3F7F
B670,3F7F
B671,3F7F
B672,3F7F
B673,3F7F
B674,3F7F
B675,3F7F
B676,3F7F
B677,3F7F
B678,3F7F
B679,3F7F
B67A,3F7F
B67B,3F7F
B67C,3F7F
B67D,3F7F
B67E,3F7F
B67F,3F7F
B680,3F7F
B681,3F7F
B682,3F7F
B683,3F7F
B684,3F7F
B685,3F7F
B686,3F7F
B687,3F7F
B688,3F7F
B689,3F7F
B68A,3F7F
B68B,3F7F
B68C,3F7F
B68D,3F7F
B68E,3F7F
B68F,3F7F
B690,3F7F
B691,3F7F
B692,3F7F
B693,3F7F
B694,3F7F
B695,3F7F
B696,3F7F
B697,3F7F
B698,3F7F
B699,3F7F
B69A,3F7F
B69B,3F7F
B69C,3F7F
B69D,3F7F
B69E,3F7F
B69F,3F7F
B6A0,3F7F
B6A1,3F7F
B6A2,3F7F
B6A3,3F7F
B6A4,3F7F
B6A5,3F7F
B6A6,3F7F
B6A7,3F7F
B6A8,3F7F
B6A9,3F7F
B6AA,3F7F
B6AB,3F7F
B6AC,3F7F
B6AD,3F7F
B6AE,3F7F
B6AF,3F7F
B6B0,3F7F
B6B1,3F7F
B6B2,3F7F
B6B3,3F7F
B6B4,3F7F
B6B5,3F7F
B6B6,3F7F
B6B7,3F7F
B6B8,3F7F
B6B9,3F7F
B6BA,3F7F
B6BB,3F7F
B6BC,3F7F
B6BD,3F7F
B6BE,3F7F
B6BF,3F7F
B6C0,3F7F
B6C1,3F7F
B6C2,3F7F
B6C3,3F7F
B6C4,3F7F
B6C5,3F7F
B6C6,3F7F
B6C7,3F7F
B6C8,3F7F
B6C9,3F7F
B6CA,3F7F
B6CB,3F7F
B6CC,3F7F
B6CD,3F7F
B6CE,3F7F
B6CF,3F7F
B6D0,3F7F
B6D1,3F7F
B6D2,3F7F
B6D3,3F7F
B6D4,3F7F
B6D5,3F7F
B6D6,3F7F
B6D7,3F7F
B6D8,3F7F
B6D9,3F7F
B6DA,3F7F
B6DB,3F7F
B6DC,3F7F
B6DD,3F7F
B6DE,3F7F
B6DF,3F7F
B6E0,3F7F
B6E1,3F7F
B6E2,3F7F
B6E3,3F7F
B6E4,3F7F
B6E5,3F7F
B6E6,3F7F
B6E7,3F7F
B6E8,3F7F
B6E9,3F7F
B6EA,3F7F
B6EB,3F7F
B6EC,3F7F
B6ED,3F7F
B6EE,3F7F
B6EF,3F7F
B6F0,3F7F
B6F1,3F7F
B6F2,3F7F
B6F3,3F7F
B6F4,3F7F
B6F5,3F7F
B6F6,3F7F
B6F7,3F7F
B6F8,3F7F
B6F9,3F7F
B6FA,3F7F
B6FB,3F7F
B6FC,3F7F
B6FD,3F7F
B6FE,3F7F
B6FF,3F7F
B700,3F7F
B701,3F7F
B702,3F7F
B703,3F7F
B704,3F7F
B705,3F7F
B706,3F7F
B707,3F7F
B708,3F7F
B709,3F7F
B70A,3F7F
B70B,3F7F
B70C,3F7F
B70D,3F7F
B70E,3F7F
B70F,3F7F
B710,3F7F
B711,3F7F
B712,3F7F
B713,3F7F
B714,3F7F
B715,3F7F
B716,3F7F
B717,3F7F
B718,3F7F
B719,3F7F
B71A,3F7F
B71B,3F7F
B71C,3F7F
B71D,3F7F
B71E,3F7F
B71F,3F7F
B720,3F7F
B721,3F7F
B722,3F7F
B723,3F7F
B724,3F7F
B725,3F7F
B726,3F7F
B727,3F7F
B728,3F7F
B729,3F7F
B72A,3F7F
B72B,3F7F
B72C,3F7F
B72D,3F7F
B72E,3F7F
B72F,3F7F
B730,3F7F
B731,3F7F
B732,3F7F
B733,3F7F
B734,3F7F
B735,3F7F
B736,3F7F
B737,3F7F
B738,3F7F
B739,3F7F
B73A,3F7F
B73B,3F7F
B73C,3F7F
B73D,3F7F
B73E,3F7F
B73F,3F7F
B740,3F7F
B741,3F7F
B742,3F7F
B743,3F7F
B744,3F7F
B745,3F7F
B746,3F7F
B747,3F7F
B748,3F7F
B749,3F7F
B74A,3F7F
B74B,3F7F
B74C,3F7F
B74D,3F7F
B74E,3F7F
B74F,3F7F
B750,3F7F
B751,3F7F
B752,3F7F
B753,3F7F
B754,3F7F
B755,3F7F
B756,3F7F
B757,3F7F
B758,3F7F
B759,3F7F
B75A,3F7F
B75B,3F7F
B75C,3F7F
B75D,3F7F
B75E,3F7F
B75F,3F7F
B760,3F7F
B761,3F7F
B762,3F7F
B763,3F7F
B764,3F7F
B765,3F7F
B766,3F7F
B767,3F7F
B768,3F7F
B769,3F7F
B76A,3F7F
B76B,3F7F
B76C,3F7F
B76D,3F7F
B76E,3F7F
B76F,3F7F
B770,3F7F
B771,3F7F
B772,3F7F
B773,3F7F
B774,3F7F
B775,3F7F
B776,3F7F
B777,3F7F
B778,3F7F
B779,3F7F
B77A,3F7F
B77B,3F7F
B77C,3F7F
B77D,3F7F
B77E,3F7F
B77F,3F7F
B780,3F7F
B781,3F7F
B782,3F7F
B783,3F7F
B784,3F7F
B785,3F7F
B786,3F7F
B787,3F7F
B788,3F7F
B789,3F7F
B78A,3F7F
B78B,3F7F
B78C,3F7F
B78D,3F7F
B78E,3F7F
B78F,3F7F
B790,3F7F
B791,3F7F
B792,3F7F
B793,3F7F
B794,3F7F
B795,3F7F
B796,3F7F
B797,3F7F
B798,3F7F
B799,3F7F
B79A,3F7F
B79B,3F7F
B79C,3F7F
B79D,3F7F
B79E,3F7F
B79F,3F7F
B7A0,3F7F
B7A1,3F7F
B7A2,3F7F
B7A3,3F7F
B7A4,3F7F
B7A5,3F7F
B7A6,3F7F
B7A7,3F7F
B7A8,3F7F
B7A9,3F7F
B7AA,3F7F
B7AB,3F7F
B7AC,3F7F
B7AD,3F7F
B7AE,3F7F
B7AF,3F7F
B7B0,3F7F
B7B1,3F7F
B7B2,3F7F
B7B3,3F7F
B7B4,3F7F
B7B5,3F7F
B7B6,3F7F
B7B7,3F7F
B7B8,3F7F
B7B9,3F7F
B7BA,3F7F
B7BB,3F7F
B7BC,3F7F
B7BD,3F7F
B7BE,3F7F
B7BF,3F7F
B7C0,3F7F
B7C1,3F7F
B7C2,3F7F
B7C3,3F7F
B7C4,3F7F
B7C5,3F7F
B7C6,3F7F
B7C7,3F7F
B7C8,3F7F
B7C9,3F7F
B7CA,3F7F
B7CB,3F7F
B7CC,3F7F
B7CD,3F7F
B7CE,3F7F
B7CF,3F7F
B7D0,3F7F
B7D1,3F7F
B7D2,3F7F
B7D3,3F7F
B7D4,3F7F
B7D5,3F7F
B7D6,3F7F
B7D7,3F7F
B7D8,3F7F
B7D9,3F7F
B7DA,3F7F
B7DB,3F7F
B7DC,3F7F
B7DD,3F7F
B7DE,3F7F
B7DF,3F7F
B7E0,3F7F
B7E1,3F7F
B7E2,3F7F
B7E3,3F7F
B7E4,3F7F
B7E5,3F7F
B7E6,3F7F
B7E7,3F7F
B7E8,3F7F
B7E9,3F7F
B7EA,3F7F
B7EB,3F7F
B7EC,3F7F
B7ED,3F7F
B7EE,3F7F
B7EF,3F7F
B7F0,3F7F
B7F1,3F7F
B7F2,3F7F
B7F3,3F7F
B7F4,3F7F
B7F5,3F7F
B7F6,3F7F
B7F7,3F7F
B7F8,3F7F
B7F9,3F7F
B7FA,3F7F
B7FB,3F7F
B7FC,3F7F
B7FD,3F7F
B7FE,3F7F
B7FF,3F7F
B800,3F7F
B801,3F7F
B802,3F7F
B803,3F7F
B804,3F7F
B805,3F7F
B806,3F7F
B807,3F7F
B808,3F7F
B809,3F7F
B80A,3F7F
B80B,3F7F
B80C,3F7F
B80D,3F7F
B80E,3F7F
B80F,3F7F
B810,3F7F
B811,3F7F
B812,3F7F
B813,3F7F
B814,3F7F
B815,3F7F
B816,3F7F
B817,3F7F
B818,3F7F
B819,3F7F
B81A,3F7F
B81B,3F7F
B81C,3F7F
B81D,3F7F
B81E,3F7F
B81F,3F7F
B820,3F7F
B821,3F7F
B822,3F7F
B823,3F7F
B824,3F7F
B825,3F7F
B826,3F7F
B827,3F7F
B828,3F7F
B829,3F7F
B82A,3F7F
B82B,3F7F
B82C,3F7F
B82D,3F7F
B82E,3F7F
B82F,3F7F
B830,3F7F
B831,3F7F
B832,3F7F
B833,3F7F
B834,3F7F
B835,3F7F
B836,3F7F
B837,3F7F
B838,3F7F
B839,3F7F
B83A,3F7F
B83B,3F7F
B83C,3F7F
B83D,3F7F
B83E,3F7F
B83F,3F7F
B840,3F7F
B841,3F7F
B842,3F7F
B843,3F7F
B844,3F7F
B845,3F7F
B846,3F7F
B847,3F7F
B848,3F7F
B849,3F7F
B84A,3F7F
B84B,3F7F
B84C,3F7F
B84D,3F7F
B84E,3F7F
B84F,3F7F
B850,3F7F
B851,3F7F
B852,3F7F
B853,3F7F
B854,3F7F
B855,3F7F
B856,3F7F
B857,3F7F
B858,3F7F
B859,3F7F
B85A,3F7F
B85B,3F7F
B85C,3F7F
B85D,3F7F
B85E,3F7F
B85F,3F7F
B860,3F7F
B861,3F7F
B862,3F7F
B863,3F7F
B864,3F7F
B865,3F7F
B866,3F7F
B867,3F7F
B868,3F7F
B869,3F7F
B86A,3F7F
B86B,3F7F
B86C,3F7F
B86D,3F7F
B86E,3F7F
B86F,3F7F
B870,3F7F
B871,3F7F
B872,3F7F
B873,3F7F
B874,3F7F
B875,3F7F
B876,3F7F
B877,3F7F
B878,3F7F
B879,3F7F
B87A,3F7F
B87B,3F7F
B87C,3F7F
B87D,3F7F
B87E,3F7F
B87F,3F7F
B880,3F7F
B881,3F7F
B882,3F7F
B883,3F7F
B884,3F7F
B885,3F7F
B886,3F7F
B887,3F7F
B888,3F7F
B889,3F7F
B88A,3F7F
B88B,3F7F
B88C,3F7F
B88D,3F7F
B88E,3F7F
B88F,3F7F
B890,3F7F
B891,3F7F
B892,3F7F
B893,3F7F
B894,3F7F
B895,3F7F
B896,3F7F
B897,3F7F
B898,3F7F
B899,3F7F
B89A,3F7F
B89B,3F7F
B89C,3F7F
B89D,3F7F
B89E,3F7F
B89F,3F7F
B8A0,3F7F
B8A1,3F7F
B8A2,3F7F
B8A3,3F7F
B8A4,3F7F
B8A5,3F7F
B8A6,3F7F
B8A7,3F7F
B8A8,3F7F
B8A9,3F7F
B8AA,3F7F
B8AB,3F7F
B8AC,3F7F
B8AD,3F7F
B8AE,3F7F
B8AF,3F7F
B8B0,3F7F
B8B1,3F7F
B8B2,3F7F
B8B3,3F7F
B8B4,3F7F
B8B5,3F7F
B8B6,3F7F
B8B7,3F7F
B8B8,3F7F
B8B9,3F7F
B8BA,3F7F
B8BB,3F7F
B8BC,3F7F
B8BD,3F7F
B8BE,3F7F
B8BF,3F7F
B8C0,3F7F
B8C1,3F7F
B8C2,3F7F
B8C3,3F7F
B8C4,3F7F
B8C5,3F7F
B8C6,3F7F
B8C7,3F7F
B8C8,3F7F
B8C9,3F7F
B8CA,3F7F
B8CB,3F7F
B8CC,3F7F
B8CD,3F7F
B8CE,3F7F
B8CF,3F7F
B8D0,3F7F
B8D1,3F7F
B8D2,3F7F
B8D3,3F7F
B8D4,3F7F
B8D5,3F7F
B8D6,3F7F
B8D7,3F7F
B8D8,3F7F
B8D9,3F7F
B8DA,3F7F
B8DB,3F7F
B8DC,3F7F
B8DD,3F7F
B8DE,3F7F
B8DF,3F7F
B8E0,3F7F
B8E1,3F7F
B8E2,3F7F
B8E3,3F7F
B8E4,3F7F
B8E5,3F7F
B8E6,3F7F
B8E7,3F7F
B8E8,3F7F
B8E9,3F7F
B8EA,3F7F
B8EB,3F7F
B8EC,3F7F
B8ED,3F7F
B8EE,3F7F
B8EF,3F7F
B8F0,3F7F
B8F1,3F7F
B8F2,3F7F
B8F3,3F7F
B8F4,3F7F
B8F5,3F7F
B8F6,3F7F
B8F7,3F7F
B8F8,3F7F
B8F9,3F7F
B8FA,3F7F
B8FB,3F7F
B8FC,3F7F
B8FD,3F7F
B8FE,3F7F
B8FF,3F7F
B900,3F7F
B901,3F7F
B902,3F7F
B903,3F7F
B904,3F7F
B905,3F7F
B906,3F7F
B907,3F7F
B908,3F7F
B909,3F7F
B90A,3F7F
B90B,3F7F
B90C,3F7F
B90D,3F7F
B90E,3F7F
B90F,3F7F
B910,3F7F
B911,3F7F
B912,3F7F
B913,3F7F
B914,3F7F
B915,3F7F
B916,3F7F
B917,3F7F
B918,3F7F
B919,3F7F
B91A,3F7F
B91B,3F7F
B91C,3F7F
B91D,3F7F
B91E,3F7F
B91F,3F7F
B920,3F7F
B921,3F7F
B922,3F7F
B923,3F7F
B924,3F7F
B925,3F7F
B926,3F7F
B927,3F7F
B928,3F7F
B929,3F7F
B92A,3F7F
B92B,3F7F
B92C,3F7F
B92D,3F7F
B92E,3F7F
B92F,3F7F
B930,3F7F
B931,3F7F
B932,3F7F
B933,3F7F
B934,3F7F
B935,3F7F
B936,3F7F
B937,3F7F
B938,3F7F
B939,3F7F
B93A,3F7F
B93B,3F7F
B93C,3F7F
B93D,3F7F
B93E,3F7F
B93F,3F7F
B940,3F7F
B941,3F7F
B942,3F7F
B943,3F7F
B944,3F7F
B945,3F7F
B946,3F7F
B947,3F7F
B948,3F7F
B949,3F7F
B94A,3F7F
B94B,3F7F
B94C,3F7F
B94D,3F7F
B94E,3F7F
B94F,3F7F
B950,3F7F
B951,3F7F
B952,3F7F
B953,3F7F
B954,3F7F
B955,3F7F
B956,3F7F
B957,3F7F
B958,3F7F
B959,3F7F
B95A,3F7F
B95B,3F7F
B95C,3F7F
B95D,3F7F
B95E,3F7F
B95F,3F7F
B960,3F7F
B961,3F7F
B962,3F7F
B963,3F7F
B964,3F7F
B965,3F7F
B966,3F7F
B967,3F7F
B968,3F7F
B969,3F7F
B96A,3F7F
B96B,3F7F
B96C,3F7F
B96D,3F7F
B96E,3F7F
B96F,3F7F
B970,3F7F
B971,3F7F
B972,3F7F
B973,3F7F
B974,3F7F
B975,3F7F
B976,3F7F
B977,3F7F
B978,3F7F
B979,3F7F
B97A,3F7F
B97B,3F7F
B97C,3F7F
B97D,3F7F
B97E,3F7F
B97F,3F7F
B980,3F7F
B981,3F7F
B982,3F7F
B983,3F7F
B984,3F7F
B985,3F7F
B986,3F7F
B987,3F7F
B988,3F7F
B989,3F7F
B98A,3F7F
B98B,3F7F
B98C,3F7F
B98D,3F7F
B98E,3F7F
B98F,3F7F
B990,3F7F
B991,3F7F
B992,3F7F
B993,3F7F
B994,3F7F
B995,3F7F
B996,3F7F
B997,3F7F
B998,3F7F
B999,3F7F
B99A,3F7F
B99B,3F7F
B99C,3F7F
B99D,3F7F
B99E,3F7F
B99F,3F7F
B9A0,3F7F
B9A1,3F7F
B9A2,3F7F
B9A3,3F7F
B9A4,3F7F
B9A5,3F7F
B9A6,3F7F
B9A7,3F7F
B9A8,3F7F
B9A9,3F7F
B9AA,3F7F
B9AB,3F7F
B9AC,3F7F
B9AD,3F7F
B9AE,3F7F
B9AF,3F7F
B9B0,3F7F
B9B1,3F7F
B9B2,3F7F
B9B3,3F7F
B9B4,3F7F
B9B5,3F7F
B9B6,3F7F
B9B7,3F7F
B9B8,3F7F
B9B9,3F7F
B9BA,3F7F
B9BB,3F7F
B9BC,3F7F
B9BD,3F7F
B9BE,3F7F
B9BF,3F7F
B9C0,3F7F
B9C1,3F7F
B9C2,3F7F
B9C3,3F7F
B9C4,3F7F
B9C5,3F7F
B9C6,3F7F
B9C7,3F7F
B9C8,3F7F
B9C9,3F7F
B9CA,3F7F
B9CB,3F7F
B9CC,3F7F
B9CD,3F7F
B9CE,3F7F
B9CF,3F7F
B9D0,3F7F
B9D1,3F7F
B9D2,3F7F
B9D3,3F7F
B9D4,3F7F
B9D5,3F7F
B9D6,3F7F
B9D7,3F7F
B9D8,3F7F
B9D9,3F7F
B9DA,3F7F
B9DB,3F7F
B9DC,3F7F
B9DD,3F7F
B9DE,3F7F
B9DF,3F7F
B9E0,3F7F
B9E1,3F7F
B9E2,3F7F
B9E3,3F7F
B9E4,3F7F
B9E5,3F7F
B9E6,3F7F
B9E7,3F7F
B9E8,3F7F
B9E9,3F7F
B9EA,3F7F
B9EB,3F7F
B9EC,3F7F
B9ED,3F7F
B9EE,3F7F
B9EF,3F7F
B9F0,3F7F
B9F1,3F7F
B9F2,3F7F
B9F3,3F7F
B9F4,3F7F
B9F5,3F7F
B9F6,3F7F
B9F7,3F7F
B9F8,3F7F
B9F9,3F7F
B9FA,3F7F
B9FB,3F7F
B9FC,3F7F
B9FD,3F7F
B9FE,3F7F
B9FF,3F7F
BA00,3F7F
BA01,3F7F
BA02,3F7F
BA03,3F7F
BA04,3F7F
BA05,3F7F
BA06,3F7F
BA07,3F7F
BA08,3F7F
BA09,3F7F
BA0A,3F7F
BA0B,3F7F
BA0C,3F7F
BA0D,3F7F
BA0E,3F7F
BA0F,3F7F
BA10,3F7F
BA11,3F7F
BA12,3F7F
BA13,3F7F
BA14,3F7F
BA15,3F7F
BA16,3F7F
BA17,3F7F
BA18,3F7F
BA19,3F7F
BA1A,3F7F
BA1B,3F7F
BA1C,3F7F
BA1D,3F7F
BA1E,3F7F
BA1F,3F7F
BA20,3F7F
BA21,3F7F
BA22,3F7F
BA23,3F7F
BA24,3F7F
BA25,3F7F
BA26,3F7F
BA27,3F7F
BA28,3F7F
BA29,3F7F
BA2A,3F7F
BA2B,3F7F
BA2C,3F7F
BA2D,3F7F
BA2E,3F7F
BA2F,3F7F
BA30,3F7F
BA31,3F7F
BA32,3F7F
BA33,3F7F
BA34,3F7F
BA35,3F7F
BA36,3F7F
BA37,3F7F
BA38,3F7F
BA39,3F7F
BA3A,3F7F
BA3B,3F7F
BA3C,3F7F
BA3D,3F7F
BA3E,3F7F
BA3F,3F7F
BA40,3F7F
BA41,3F7F
BA42,3F7F
BA43,3F7F
BA44,3F7F
BA45,3F7F
BA46,3F7F
BA47,3F7F
BA48,3F7F
BA49,3F7F
BA4A,3F7F
BA4B,3F7F
BA4C,3F7F
BA4D,3F7F
BA4E,3F7F
BA4F,3F7F
BA50,3F7F
BA51,3F7F
BA52,3F7F
BA53,3F7F
BA54,3F7F
BA55,3F7F
BA56,3F7F
BA57,3F7F
BA58,3F7F
BA59,3F7F
BA5A,3F7F
BA5B,3F7F
BA5C,3F7F
BA5D,3F7F
BA5E,3F7F
BA5F,3F7F
BA60,3F7F
BA61,3F7F
BA62,3F7F
BA63,3F7F
BA64,3F7F
BA65,3F7F
BA66,3F7F
BA67,3F7F
BA68,3F7F
BA69,3F7F
BA6A,3F7F
BA6B,3F7F
BA6C,3F7F
BA6D,3F7F
BA6E,3F7F
BA6F,3F7F
BA70,3F7F
BA71,3F7F
BA72,3F7F
BA73,3F7F
BA74,3F7F
BA75,3F7F
BA76,3F7F
BA77,3F7F
BA78,3F7F
BA79,3F7F
BA7A,3F7F
BA7B,3F7F
BA7C,3F7F
BA7D,3F7F
BA7E,3F7F
BA7F,3F7F
BA80,3F7F
BA81,3F7F
BA82,3F7F
BA83,3F7F
BA84,3F7F
BA85,3F7F
BA86,3F7F
BA87,3F7F
BA88,3F7F
BA89,3F7F
BA8A,3F7F
BA8B,3F7F
BA8C,3F7F
BA8D,3F7F
BA8E,3F7F
BA8F,3F7F
BA90,3F7F
BA91,3F7F
BA92,3F7F
BA93,3F7F
BA94,3F7F
BA95,3F7F
BA96,3F7F
BA97,3F7F
BA98,3F7F
BA99,3F7F
BA9A,3F7F
BA9B,3F7F
BA9C,3F7F
BA9D,3F7F
BA9E,3F7F
BA9F,3F7F
BAA0,3F7F
BAA1,3F7F
BAA2,3F7F
BAA3,3F7F
BAA4,3F7F
BAA5,3F7F
BAA6,3F7F
BAA7,3F7F
BAA8,3F7F
BAA9,3F7F
BAAA,3F7F
BAAB,3F7F
BAAC,3F7F
BAAD,3F7F
BAAE,3F7F
BAAF,3F7F
BAB0,3F7F
BAB1,3F7F
BAB2,3F7F
BAB3,3F7F
BAB4,3F7F
BAB5,3F7F
BAB6,3F7F
BAB7,3F7F
BAB8,3F7F
BAB9,3F7F
BABA,3F7F
BABB,3F7F
BABC,3F7F
BABD,3F7F
BABE,3F7F
BABF,3F7F
BAC0,3F7F
BAC1,3F7F
BAC2,3F7F
BAC3,3F7F
BAC4,3F7F
BAC5,3F7F
BAC6,3F7F
BAC7,3F7F
BAC8,3F7F
BAC9,3F7F
BACA,3F7F
BACB,3F7F
BACC,3F7F
BACD,3F7F
BACE,3F7F
BACF,3F7F
BAD0,3F7F
BAD1,3F7F
BAD2,3F7F
BAD3,3F7F
BAD4,3F7F
BAD5,3F7F
BAD6,3F7F
BAD7,3F7F
BAD8,3F7F
BAD9,3F7F
BADA,3F7F
BADB,3F7F
BADC,3F7F
BADD,3F7F
BADE,3F7F
BADF,3F7F
BAE0,3F7F
BAE1,3F7F
BAE2,3F7F
BAE3,3F7F
BAE4,3F7F
BAE5,3F7F
BAE6,3F7F
BAE7,3F7F
BAE8,3F7F
BAE9,3F7F
BAEA,3F7F
BAEB,3F7F
BAEC,3F7F
BAED,3F7F
BAEE,3F7F
BAEF,3F7F
BAF0,3F7F
BAF1,3F7F
BAF2,3F7F
BAF3,3F7F
BAF4,3F7F
BAF5,3F7F
BAF6,3F7F
BAF7,3F7F
BAF8,3F7F
BAF9,3F7F
BAFA,3F7F
BAFB,3F7F
BAFC,3F7F
BAFD,3F7F
BAFE,3F7F
BAFF,3F7F
BB00,3F7F
BB01,3F7F
BB02,3F7F
BB03,3F7F
BB04,3F7F
BB05,3F7F
BB06,3F7F
BB07,3F7F
BB08,3F7F
BB09,3F7F
BB0A,3F7F
BB0B,3F7F
BB0C,3F7F
BB0D,3F7F
BB0E,3F7F
BB0F,3F7F
BB10,3F7F
BB11,3F7F
BB12,3F7F
BB13,3F7F
BB14,3F7F
BB15,3F7F
BB16,3F7F
BB17,3F7F
BB18,3F7F
BB19,3F7F
BB1A,3F7F
BB1B,3F7F
BB1C,3F7F
BB1D,3F7F
BB1E,3F7F
BB1F,3F7F
BB20,3F7F
BB21,3F7F
BB22,3F7F
BB23,3F7F
BB24,3F7F
BB25,3F7F
BB26,3F7F
BB27,3F7F
BB28,3F7F
BB29,3F7F
BB2A,3F7F
BB2B,3F7F
BB2C,3F7F
BB2D,3F7F
BB2E,3F7F
BB2F,3F7F
BB30,3F7F
BB31,3F7F
BB32,3F7F
BB33,3F7F
BB34,3F7F
BB35,3F7F
BB36,3F7F
BB37,3F7F
BB38,3F7F
BB39,3F7F
BB3A,3F7F
BB3B,3F7F
BB3C,3F7F
BB3D,3F7F
BB3E,3F7F
BB3F,3F7F
BB40,3F7F
BB41,3F7F
BB42,3F7F
BB43,3F7F
BB44,3F7F
BB45,3F7F
BB46,3F7F
BB47,3F7F
BB48,3F7F
BB49,3F7F
BB4A,3F7F
BB4B,3F7F
BB4C,3F7F
BB4D,3F7F
BB4E,3F7F
BB4F,3F7F
BB50,3F7F
BB51,3F7F
BB52,3F7F
BB53,3F7F
BB54,3F7F
BB55,3F7F
BB56,3F7F
BB57,3F7F
BB58,3F7F
BB59,3F7F
BB5A,3F7F
BB5B,3F7F
BB5C,3F7F
BB5D,3F7F
BB5E,3F7F
BB5F,3F7F
BB60,3F7F
BB61,3F7F
BB62,3F7F
BB63,3F7F
BB64,3F7F
BB65,3F7F
BB66,3F7F
BB67,3F7F
BB68,3F7F
BB69,3F7F
BB6A,3F7F
BB6B,3F7F
BB6C,3F7F
BB6D,3F7F
BB6E,3F7F
BB6F,3F7F
BB70,3F7F
BB71,3F7F
BB72,3F7F
BB73,3F7F
BB74,3F7F
BB75,3F7F
BB76,3F7F
BB77,3F7F
BB78,3F7F
BB79,3F7F
BB7A,3F7F
BB7B,3F7F
BB7C,3F7F
BB7D,3F7F
BB7E,3F7F
BB7F,3F7F
BB80,3F7F
BB81,3F7E
BB82,3F7E
BB83,3F7E
BB84,3F7E
BB85,3F7E
BB86,3F7E
BB87,3F7E
BB88,3F7E
BB89,3F7E
BB8A,3F7E
BB8B,3F7E
BB8C,3F7E
BB8D,3F7E
BB8E,3F7E
BB8F,3F7E
BB90,3F7E
BB91,3F7E
BB92,3F7E
BB93,3F7E
BB94,3F7E
BB95,3F7E
BB96,3F7E
BB97,3F7E
BB98,3F7E
BB99,3F7E
BB9A,3F7E
BB9B,3F7E
BB9C,3F7E
BB9D,3F7E
BB9E,3F7E
BB9F,3F7E
BBA0,3F7E
BBA1,3F7E
BBA2,3F7E
BBA3,3F7E
BBA4,3F7E
BBA5,3F7E
BBA6,3F7E
BBA7,3F7E
BBA8,3F7E
BBA9,3F7E
BBAA,3F7E
BBAB,3F7E
BBAC,3F7E
BBAD,3F7E
BBAE,3F7E
BBAF,3F7E
BBB0,3F7E
BBB1,3F7E
BBB2,3F7E
BBB3,3F7E
BBB4,3F7E
BBB5,3F7E
BBB6,3F7E
BBB7,3F7E
BBB8,3F7E
BBB9,3F7E
BBBA,3F7E
BBBB,3F7E
BBBC,3F7E
BBBD,3F7E
BBBE,3F7E
BBBF,3F7E
BBC0,3F7E
BBC1,3F7E
BBC2,3F7E
BBC3,3F7E
BBC4,3F7E
BBC5,3F7E
BBC6,3F7E
BBC7,3F7E
BBC8,3F7E
BBC9,3F7E
BBCA,3F7E
BBCB,3F7E
BBCC,3F7E
BBCD,3F7E
BBCE,3F7E
BBCF,3F7E
BBD0,3F7E
BBD1,3F7E
BBD2,3F7E
BBD3,3F7E
BBD4,3F7E
BBD5,3F7E
BBD6,3F7E
BBD7,3F7E
BBD8,3F7E
BBD9,3F7E
BBDA,3F7E
BBDB,3F7E
BBDC,3F7E
BBDD,3F7E
BBDE,3F7E
BBDF,3F7E
BBE0,3F7E
BBE1,3F7E
BBE2,3F7E
BBE3,3F7E
BBE4,3F7E
BBE5,3F7E
BBE6,3F7E
BBE7,3F7E
BBE8,3F7E
BBE9,3F7E
BBEA,3F7E
BBEB,3F7E
BBEC,3F7E
BBED,3F7E
BBEE,3F7E
BBEF,3F7E
BBF0,3F7E
BBF1,3F7E
BBF2,3F7E
BBF3,3F7E
BBF4,3F7E
BBF5,3F7E
BBF6,3F7E
BBF7,3F7E
BBF8,3F7E
BBF9,3F7E
BBFA,3F7E
BBFB,3F7E
BBFC,3F7E
BBFD,3F7E
BBFE,3F7E
BBFF,3F7E
BC00,3F7E
BC01,3F7D
BC02,3F7D
BC03,3F7D
BC04,3F7D
BC05,3F7D
BC06,3F7D
BC07,3F7D
BC08,3F7D
BC09,3F7D
BC0A,3F7D
BC0B,3F7D
BC0C,3F7D
BC0D,3F7D
BC0E,3F7D
BC0F,3F7D
BC10,3F7D
BC11,3F7D
BC12,3F7D
BC13,3F7D
BC14,3F7D
BC15,3F7D
BC16,3F7D
BC17,3F7D
BC18,3F7D
BC19,3F7D
BC1A,3F7D
BC1B,3F7D
BC1C,3F7D
BC1D,3F7D
BC1E,3F7D
BC1F,3F7D
BC20,3F7D
BC21,3F7D
BC22,3F7D
BC23,3F7D
BC24,3F7D
BC25,3F7D
BC26,3F7D
BC27,3F7D
BC28,3F7D
BC29,3F7D
BC2A,3F7D
BC2B,3F7D
BC2C,3F7D
BC2D,3F7D
BC2E,3F7D
BC2F,3F7D
BC30,3F7D
BC31,3F7D
BC32,3F7D
BC33,3F7D
BC34,3F7D
BC35,3F7D
BC36,3F7D
BC37,3F7D
BC38,3F7D
BC39,3F7D
BC3A,3F7D
BC3B,3F7D
BC3C,3F7D
BC3D,3F7D
BC3E,3F7D
BC3F,3F7D
BC40,3F7D
BC41,3F7D
BC42,3F7C
BC43,3F7C
BC44,3F7C
BC45,3F7C
BC46,3F7C
BC47,3F7C
BC48,3F7C
BC49,3F7C
BC4A,3F7C
BC4B,3F7C
BC4C,3F7C
BC4D,3F7C
BC4E,3F7C
BC4F,3F7C
BC50,3F7C
BC51,3F7C
BC52,3F7C
BC53,3F7C
BC54,3F7C
BC55,3F7C
BC56,3F7C
BC57,3F7C
BC58,3F7C
BC59,3F7C
BC5A,3F7C
BC5B,3F7C
BC5C,3F7C
BC5D,3F7C
BC5E,3F7C
BC5F,3F7C
BC60,3F7C
BC61,3F7C
BC62,3F7C
BC63,3F7C
BC64,3F7C
BC65,3F7C
BC66,3F7C
BC67,3F7C
BC68,3F7C
BC69,3F7C
BC6A,3F7C
BC6B,3F7C
BC6C,3F7C
BC6D,3F7C
BC6E,3F7C
BC6F,3F7C
BC70,3F7C
BC71,3F7C
BC72,3F7C
BC73,3F7C
BC74,3F7C
BC75,3F7C
BC76,3F7C
BC77,3F7C
BC78,3F7C
BC79,3F7C
BC7A,3F7C
BC7B,3F7C
BC7C,3F7C
BC7D,3F7C
BC7E,3F7C
BC7F,3F7C
BC80,3F7C
BC81,3F7C
BC82,3F7B
BC83,3F7B
BC84,3F7B
BC85,3F7B
BC86,3F7B
BC87,3F7B
BC88,3F7B
BC89,3F7B
BC8A,3F7B
BC8B,3F7B
BC8C,3F7B
BC8D,3F7B
BC8E,3F7B
BC8F,3F7B
BC90,3F7B
BC91,3F7B
BC92,3F7B
BC93,3F7B
BC94,3F7B
BC95,3F7B
BC96,3F7B
BC97,3F7B
BC98,3F7B
BC99,3F7B
BC9A,3F7B
BC9B,3F7B
BC9C,3F7B
BC9D,3F7B
BC9E,3F7B
BC9F,3F7B
BCA0,3F7B
BCA1,3F7B
BCA2,3F7A
BCA3,3F7A
BCA4,3F7A
BCA5,3F7A
BCA6,3F7A
BCA7,3F7A
BCA8,3F7A
BCA9,3F7A
BCAA,3F7A
BCAB,3F7A
BCAC,3F7A
BCAD,3F7A
BCAE,3F7A
BCAF,3F7A
BCB0,3F7A
BCB1,3F7A
BCB2,3F7A
BCB3,3F7A
BCB4,3F7A
BCB5,3F7A
BCB6,3F7A
BCB7,3F7A
BCB8,3F7A
BCB9,3F7A
BCBA,3F7A
BCBB,3F7A
BCBC,3F7A
BCBD,3F7A
BCBE,3F7A
BCBF,3F7A
BCC0,3F7A
BCC1,3F7A
BCC2,3F7A
BCC3,3F79
BCC4,3F79
BCC5,3F79
BCC6,3F79
BCC7,3F79
BCC8,3F79
BCC9,3F79
BCCA,3F79
BCCB,3F79
BCCC,3F79
BCCD,3F79
BCCE,3F79
BCCF,3F79
BCD0,3F79
BCD1,3F79
BCD2,3F79
BCD3,3F79
BCD4,3F79
BCD5,3F79
BCD6,3F79
BCD7,3F79
BCD8,3F79
BCD9,3F79
BCDA,3F79
BCDB,3F79
BCDC,3F79
BCDD,3F79
BCDE,3F79
BCDF,3F79
BCE0,3F79
BCE1,3F79
BCE2,3F79
BCE3,3F79
BCE4,3F78
BCE5,3F78
BCE6,3F78
BCE7,3F78
BCE8,3F78
BCE9,3F78
BCEA,3F78
BCEB,3F78
BCEC,3F78
BCED,3F78
BCEE,3F78
BCEF,3F78
BCF0,3F78
BCF1,3F78
BCF2,3F78
BCF3,3F78
BCF4,3F78
BCF5,3F78
BCF6,3F78
BCF7,3F78
BCF8,3F78
BCF9,3F78
BCFA,3F78
BCFB,3F78
BCFC,3F78
BCFD,3F78
BCFE,3F78
BCFF,3F78
BD00,3F78
BD01,3F78
BD02,3F78
BD03,3F77
BD04,3F77
BD05,3F77
BD06,3F77
BD07,3F77
BD08,3F77
BD09,3F77
BD0A,3F77
BD0B,3F77
BD0C,3F77
BD0D,3F77
BD0E,3F77
BD0F,3F77
BD10,3F77
BD11,3F77
BD12,3F77
BD13,3F76
BD14,3F76
BD15,3F76
BD16,3F76
BD17,3F76
BD18,3F76
BD19,3F76
BD1A,3F76
BD1B,3F76
BD1C,3F76
BD1D,3F76
BD1E,3F76
BD1F,3F76
BD20,3F76
BD21,3F76
BD22,3F76
BD23,3F76
BD24,3F75
BD25,3F75
BD26,3F75
BD27,3F75
BD28,3F75
BD29,3F75
BD2A,3F75
BD2B,3F75
BD2C,3F75
BD2D,3F75
BD2E,3F75
BD2F,3F75
BD30,3F75
BD31,3F75
BD32,3F75
BD33,3F75
BD34,3F74
BD35,3F74
BD36,3F74
BD37,3F74
BD38,3F74
BD39,3F74
BD3A,3F74
BD3B,3F74
BD3C,3F74
BD3D,3F74
BD3E,3F74
BD3F,3F74
BD40,3F74
BD41,3F74
BD42,3F74
BD43,3F74
BD44,3F74
BD45,3F73
BD46,3F73
BD47,3F73
BD48,3F73
BD49,3F73
BD4A,3F73
BD4B,3F73
BD4C,3F73
BD4D,3F73
BD4E,3F73
BD4F,3F73
BD50,3F73
BD51,3F73
BD52,3F73
BD53,3F73
BD54,3F73
BD55,3F73
BD56,3F72
BD57,3F72
BD58,3F72
BD59,3F72
BD5A,3F72
BD5B,3F72
BD5C,3F72
BD5D,3F72
BD5E,3F72
BD5F,3F72
BD60,3F72
BD61,3F72
BD62,3F72
BD63,3F72
BD64,3F72
BD65,3F72
BD66,3F72
BD67,3F71
BD68,3F71
BD69,3F71
BD6A,3F71
BD6B,3F71
BD6C,3F71
BD6D,3F71
BD6E,3F71
BD6F,3F71
BD70,3F71
BD71,3F71
BD72,3F71
BD73,3F71
BD74,3F71
BD75,3F71
BD76,3F71
BD77,3F71
BD78,3F70
BD79,3F70
BD7A,3F70
BD7B,3F70
BD7C,3F70
BD7D,3F70
BD7E,3F70
BD7F,3F70
BD80,3F70
BD81,3F70
BD82,3F70
BD83,3F70
BD84,3F70
BD85,3F6F
BD86,3F6F
BD87,3F6F
BD88,3F6F
BD89,3F6F
BD8A,3F6F
BD8B,3F6F
BD8C,3F6F
BD8D,3F6E
BD8E,3F6E
BD8F,3F6E
BD90,3F6E
BD91,3F6E
BD92,3F6E
BD93,3F6E
BD94,3F6E
BD95,3F6E
BD96,3F6D
BD97,3F6D
BD98,3F6D
BD99,3F6D
BD9A,3F6D
BD9B,3F6D
BD9C,3F6D
BD9D,3F6D
BD9E,3F6C
BD9F,3F6C
BDA0,3F6C
BDA1,3F6C
BDA2,3F6C
BDA3,3F6C
BDA4,3F6C
BDA5,3F6C
BDA6,3F6C
BDA7,3F6B
BDA8,3F6B
BDA9,3F6B
BDAA,3F6B
BDAB,3F6B
BDAC,3F6B
BDAD,3F6B
BDAE,3F6B
BDAF,3F6B
BDB0,3F6A
BDB1,3F6A
BDB2,3F6A
BDB3,3F6A
BDB4,3F6A
BDB5,3F6A
BDB6,3F6A
BDB7,3F6A
BDB8,3F6A
BDB9,3F69
BDBA,3F69
BDBB,3F69
BDBC,3F69
BDBD,3F69
BDBE,3F69
BDBF,3F69
BDC0,3F69
BDC1,3F68
BDC2,3F68
BDC3,3F68
BDC4,3F68
BDC5,3F68
BDC6,3F68
BDC7,3F68
BDC8,3F68
BDC9,3F68
BDCA,3F67
BDCB,3F67
BDCC,3F67
BDCD,3F67
BDCE,3F67
BDCF,3F67
BDD0,3F67
BDD1,3F67
BDD2,3F67
BDD3,3F66
BDD4,3F66
BDD5,3F66
BDD6,3F66
BDD7,3F66
BDD8,3F66
BDD9,3F66
BDDA,3F66
BDDB,3F66
BDDC,3F65
BDDD,3F65
BDDE,3F65
BDDF,3F65
BDE0,3F65
BDE1,3F65
BDE2,3F65
BDE3,3F65
BDE4,3F65
BDE5,3F64
BDE6,3F64
BDE7,3F64
BDE8,3F64
BDE9,3F64
BDEA,3F64
BDEB,3F64
BDEC,3F64
BDED,3F64
BDEE,3F63
BDEF,3F63
BDF0,3F63
BDF1,3F63
BDF2,3F63
BDF3,3F63
BDF4,3F63
BDF5,3F63
BDF6,3F63
BDF7,3F62
BDF8,3F62
BDF9,3F62
BDFA,3F62
BDFB,3F62
BDFC,3F62
BDFD,3F62
BDFE,3F62
BDFF,3F62
BE00,3F61
BE01,3F61
BE02,3F61
BE03,3F61
BE04,3F61
BE05,3F60
BE06,3F60
BE07,3F60
BE08,3F60
BE09,3F5F
BE0A,3F5F
BE0B,3F5F
BE0C,3F5F
BE0D,3F5F
BE0E,3F5E
BE0F,3F5E
BE10,3F5E
BE11,3F5E
BE12,3F5D
BE13,3F5D
BE14,3F5D
BE15,3F5D
BE16,3F5D
BE17,3F5C
BE18,3F5C
BE19,3F5C
BE1A,3F5C
BE1B,3F5C
BE1C,3F5B
BE1D,3F5B
BE1E,3F5B
BE1F,3F5B
BE20,3F5A
BE21,3F5A
BE22,3F5A
BE23,3F5A
BE24,3F5A
BE25,3F59
BE26,3F59
BE27,3F59
BE28,3F59
BE29,3F59
BE2A,3F58
BE2B,3F58
BE2C,3F58
BE2D,3F58
BE2E,3F57
BE2F,3F57
BE30,3F57
BE31,3F57
BE32,3F57
BE33,3F56
BE34,3F56
BE35,3F56
BE36,3F56
BE37,3F56
BE38,3F55
BE39,3F55
BE3A,3F55
BE3B,3F55
BE3C,3F55
BE3D,3F54
BE3E,3F54
BE3F,3F54
BE40,3F54
BE41,3F54
BE42,3F53
BE43,3F53
BE44,3F53
BE45,3F53
BE46,3F52
BE47,3F52
BE48,3F52
BE49,3F52
BE4A,3F52
BE4B,3F51
BE4C,3F51
BE4D,3F51
BE4E,3F51
BE4F,3F51
BE50,3F50
BE51,3F50
BE52,3F50
BE53,3F50
BE54,3F50
BE55,3F4F
BE56,3F4F
BE57,3F4F
BE58,3F4F
BE59,3F4F
BE5A,3F4E
BE5B,3F4E
BE5C,3F4E
BE5D,3F4E
BE5E,3F4E
BE5F,3F4D
BE60,3F4D
BE61,3F4D
BE62,3F4D
BE63,3F4D
BE64,3F4C
BE65,3F4C
BE66,3F4C
BE67,3F4C
BE68,3F4C
BE69,3F4B
BE6A,3F4B
BE6B,3F4B
BE6C,3F4B
BE6D,3F4B
BE6E,3F4A
BE6F,3F4A
BE70,3F4A
BE71,3F4A
BE72,3F4A
BE73,3F49
BE74,3F49
BE75,3F49
BE76,3F49
BE77,3F49
BE78,3F48
BE79,3F48
BE7A,3F48
BE7B,3F48
BE7C,3F48
BE7D,3F47
BE7E,3F47
BE7F,3F47
BE80,3F47
BE81,3F46
BE82,3F46
BE83,3F46
BE84,3F45
BE85,3F45
BE86,3F45
BE87,3F44
BE88,3F44
BE89,3F43
BE8A,3F43
BE8B,3F43
BE8C,3F42
BE8D,3F42
BE8E,3F41
BE8F,3F41
BE90,3F41
BE91,3F40
BE92,3F40
BE93,3F40
BE94,3F3F
BE95,3F3F
BE96,3F3E
BE97,3F3E
BE98,3F3E
BE99,3F3D
BE9A,3F3D
BE9B,3F3D
BE9C,3F3C
BE9D,3F3C
BE9E,3F3C
BE9F,3F3B
BEA0,3F3B
BEA1,3F3A
BEA2,3F3A
BEA3,3F3A
BEA4,3F39
BEA5,3F39
BEA6,3F39
BEA7,3F38
BEA8,3F38
BEA9,3F38
BEAA,3F37
BEAB,3F37
BEAC,3F36
BEAD,3F36
BEAE,3F36
BEAF,3F35
BEB0,3F35
BEB1,3F35
BEB2,3F34
BEB3,3F34
BEB4,3F34
BEB5,3F33
BEB6,3F33
BEB7,3F33
BEB8,3F32
BEB9,3F32
BEBA,3F32
BEBB,3F31
BEBC,3F31
BEBD,3F30
BEBE,3F30
BEBF,3F30
BEC0,3F2F
BEC1,3F2F
BEC2,3F2F
BEC3,3F2E
BEC4,3F2E
BEC5,3F2E
BEC6,3F2D
BEC7,3F2D
BEC8,3F2D
BEC9,3F2C
BECA,3F2C
BECB,3F2C
BECC,3F2B
BECD,3F2B
BECE,3F2B
BECF,3F2A
BED0,3F2A
BED1,3F2A
BED2,3F29
BED3,3F29
BED4,3F29
BED5,3F28
BED6,3F28
BED7,3F28
BED8,3F27
BED9,3F27
BEDA,3F27
BEDB,3F26
BEDC,3F26
BEDD,3F26
BEDE,3F25
BEDF,3F25
BEE0,3F25
BEE1,3F24
BEE2,3F24
BEE3,3F24
BEE4,3F23
BEE5,3F23
BEE6,3F23
BEE7,3F23
BEE8,3F22
BEE9,3F22
BEEA,3F22
BEEB,3F21
BEEC,3F21
BEED,3F21
BEEE,3F20
BEEF,3F20
BEF0,3F20
BEF1,3F1F
BEF2,3F1F
BEF3,3F1F
BEF4,3F1E
BEF5,3F1E
BEF6,3F1E
BEF7,3F1E
BEF8,3F1D
BEF9,3F1D
BEFA,3F1D
BEFB,3F1C
BEFC,3F1C
BEFD,3F1C
BEFE,3F1B
BEFF,3F1B
BF00,3F1B
BF01,3F1A
BF02,3F1A
BF03,3F19
BF04,3F18
BF05,3F18
BF06,3F17
BF07,3F17
BF08,3F16
BF09,3F15
BF0A,3F15
BF0B,3F14
BF0C,3F14
BF0D,3F13
BF0E,3F13
BF0F,3F12
BF10,3F11
BF11,3F11
BF12,3F10
BF13,3F10
BF14,3F0F
BF15,3F0F
BF16,3F0E
BF17,3F0D
BF18,3F0D
BF19,3F0C
BF1A,3F0C
BF1B,3F0B
BF1C,3F0B
BF1D,3F0A
BF1E,3F0A
BF1F,3F09
BF20,3F09
BF21,3F08
BF22,3F07
BF23,3F07
BF24,3F06
BF25,3F06
BF26,3F05
BF27,3F05
BF28,3F04
BF29,3F04
BF2A,3F03
BF2B,3F03
BF2C,3F02
BF2D,3F02
BF2E,3F01
BF2F,3F01
BF30,3F00
BF31,3F00
BF32,3EFF
BF33,3EFE
BF34,3EFD
BF35,3EFC
BF36,3EFB
BF37,3EFA
BF38,3EF9
BF39,3EF8
BF3A,3EF7
BF3B,3EF6
BF3C,3EF5
BF3D,3EF4
BF3E,3EF3
BF3F,3EF2
BF40,3EF1
BF41,3EF0
BF42,3EEF
BF43,3EEF
BF44,3EEE
BF45,3EED
BF46,3EEC
BF47,3EEB
BF48,3EEA
BF49,3EE9
BF4A,3EE8
BF4B,3EE7
BF4C,3EE6
BF4D,3EE5
BF4E,3EE4
BF4F,3EE4
BF50,3EE3
BF51,3EE2
BF52,3EE1
BF53,3EE0
BF54,3EDF
BF55,3EDE
BF56,3EDD
BF57,3EDD
BF58,3EDC
BF59,3EDB
BF5A,3EDA
BF5B,3ED9
BF5C,3ED8
BF5D,3ED7
BF5E,3ED7
BF5F,3ED6
BF60,3ED5
BF61,3ED4
BF62,3ED3
BF63,3ED2
BF64,3ED2
BF65,3ED1
BF66,3ED0
BF67,3ECF
BF68,3ECE
BF69,3ECE
BF6A,3ECD
BF6B,3ECC
BF6C,3ECB
BF6D,3ECA
BF6E,3ECA
BF6F,3EC9
BF70,3EC8
BF71,3EC7
BF72,3EC6
BF73,3EC6
BF74,3EC5
BF75,3EC4
BF76,3EC3
BF77,3EC3
BF78,3EC2
BF79,3EC1
BF7A,3EC0
BF7B,3EC0
BF7C,3EBF
BF7D,3EBE
BF7E,3EBD
BF7F,3EBD
BF80,3EBC
BF81,3EBA
BF82,3EB9
BF83,3EB7
BF84,3EB6
BF85,3EB5
BF86,3EB3
BF87,3EB2
BF88,3EB0
BF89,3EAF
BF8A,3EAE
BF8B,3EAC
BF8C,3EAB
BF8D,3EAA
BF8E,3EA8
BF8F,3EA7
BF90,3EA6
BF91,3EA4
BF92,3EA3
BF93,3EA2
BF94,3EA1
BF95,3E9F
BF96,3E9E
BF97,3E9D
BF98,3E9C
BF99,3E9A
BF9A,3E99
BF9B,3E98
BF9C,3E97
BF9D,3E96
BF9E,3E95
BF9F,3E93
BFA0,3E92
BFA1,3E91
BFA2,3E90
BFA3,3E8F
BFA4,3E8E
BFA5,3E8D
BFA6,3E8B
BFA7,3E8A
BFA8,3E89
BFA9,3E88
BFAA,3E87
BFAB,3E86
BFAC,3E85
BFAD,3E84
BFAE,3E83
BFAF,3E82
BFB0,3E81
BFB1,3E80
BFB2,3E7E
BFB3,3E7C
BFB4,3E7A
BFB5,3E78
BFB6,3E77
BFB7,3E75
BFB8,3E73
BFB9,3E71
BFBA,3E6F
BFBB,3E6D
BFBC,3E6B
BFBD,3E69
BFBE,3E68
BFBF,3E66
BFC0,3E64
BFC1,3E62
BFC2,3E60
BFC3,3E5F
BFC4,3E5D
BFC5,3E5B
BFC6,3E5A
BFC7,3E58
BFC8,3E56
BFC9,3E54
BFCA,3E53
BFCB,3E51
BFCC,3E50
BFCD,3E4E
BFCE,3E4C
BFCF,3E4B
BFD0,3E49
BFD1,3E48
BFD2,3E46
BFD3,3E44
BFD4,3E43
BFD5,3E41
BFD6,3E40
BFD7,3E3E
BFD8,3E3D
BFD9,3E3B
BFDA,3E3A
BFDB,3E39
BFDC,3E37
BFDD,3E36
BFDE,3E34
BFDF,3E33
BFE0,3E31
BFE1,3E30
BFE2,3E2F
BFE3,3E2D
BFE4,3E2C
BFE5,3E2B
BFE6,3E29
BFE7,3E28
BFE8,3E27
BFE9,3E25
BFEA,3E24
BFEB,3E23
BFEC,3E22
BFED,3E20
BFEE,3E1F
BFEF,3E1E
BFF0,3E1D
BFF1,3E1B
BFF2,3E1A
BFF3,3E19
BFF4,3E18
BFF5,3E17
BFF6,3E15
BFF7,3E14
BFF8,3E13
BFF9,3E12
BFFA,3E11
BFFB,3E10
BFFC,3E0E
BFFD,3E0D
BFFE,3E0C
BFFF,3E0B
C000,3E0A
C001,3E08
C002,3E06
C003,3E04
C004,3E02
C005,3E00
C006,3DFC
C007,3DF8
C008,3DF4
C009,3DF0
C00A,3DED
C00B,3DE9
C00C,3DE5
C00D,3DE2
C00E,3DDE
C00F,3DDB
C010,3DD7
C011,3DD4
C012,3DD1
C013,3DCD
C014,3DCA
C015,3DC7
C016,3DC4
C017,3DC1
C018,3DBE
C019,3DBB
C01A,3DB8
C01B,3DB5
C01C,3DB2
C01D,3DB0
C01E,3DAD
C01F,3DAA
C020,3DA8
C021,3DA5
C022,3DA2
C023,3DA0
C024,3D9D
C025,3D9B
C026,3D99
C027,3D96
C028,3D94
C029,3D92
C02A,3D8F
C02B,3D8D
C02C,3D8B
C02D,3D89
C02E,3D87
C02F,3D84
C030,3D82
C031,3D80
C032,3D7D
C033,3D79
C034,3D75
C035,3D72
C036,3D6E
C037,3D6A
C038,3D67
C039,3D63
C03A,3D5F
C03B,3D5C
C03C,3D59
C03D,3D55
C03E,3D52
C03F,3D4F
C040,3D4B
C041,3D48
C042,3D45
C043,3D42
C044,3D3F
C045,3D3C
C046,3D39
C047,3D36
C048,3D33
C049,3D31
C04A,3D2E
C04B,3D2B
C04C,3D29
C04D,3D26
C04E,3D23
C04F,3D21
C050,3D1E
C051,3D1C
C052,3D19
C053,3D17
C054,3D15
C055,3D12
C056,3D10
C057,3D0E
C058,3D0C
C059,3D09
C05A,3D07
C05B,3D05
C05C,3D03
C05D,3D01
C05E,3CFF
C05F,3CFB
C060,3CF7
C061,3CF3
C062,3CEF
C063,3CEC
C064,3CE8
C065,3CE4
C066,3CE1
C067,3CDD
C068,3CDA
C069,3CD6
C06A,3CD3
C06B,3CD0
C06C,3CCD
C06D,3CC9
C06E,3CC6
C06F,3CC3
C070,3CC0
C071,3CBD
C072,3CBA
C073,3CB7
C074,3CB4
C075,3CB2
C076,3CAF
C077,3CAC
C078,3CAA
C079,3CA7
C07A,3CA4
C07B,3CA2
C07C,3C9F
C07D,3C9D
C07E,3C9A
C07F,3C98
C080,3C96
C081,3C91
C082,3C8C
C083,3C88
C084,3C84
C085,3C80
C086,3C78
C087,3C71
C088,3C69
C089,3C62
C08A,3C5B
C08B,3C54
C08C,3C4E
C08D,3C47
C08E,3C41
C08F,3C3B
C090,3C36
C091,3C30
C092,3C2A
C093,3C25
C094,3C20
C095,3C1B
C096,3C16
C097,3C12
C098,3C0D
C099,3C09
C09A,3C05
C09B,3C01
C09C,3BFA
C09D,3BF2
C09E,3BEB
C09F,3BE3
C0A0,3BDC
C0A1,3BD5
C0A2,3BCF
C0A3,3BC9
C0A4,3BC2
C0A5,3BBC
C0A6,3BB7
C0A7,3BB1
C0A8,3BAB
C0A9,3BA6
C0AA,3BA1
C0AB,3B9C
C0AC,3B97
C0AD,3B93
C0AE,3B8E
C0AF,3B8A
C0B0,3B85
C0B1,3B81
C0B2,3B7B
C0B3,3B73
C0B4,3B6C
C0B5,3B65
C0B6,3B5E
C0B7,3B57
C0B8,3B50
C0B9,3B4A
C0BA,3B43
C0BB,3B3D
C0BC,3B38
C0BD,3B32
C0BE,3B2C
C0BF,3B27
C0C0,3B22
C0C1,3B1D
C0C2,3B18
C0C3,3B13
C0C4,3B0F
C0C5,3B0A
C0C6,3B06
C0C7,3B02
C0C8,3AFD
C0C9,3AF5
C0CA,3AED
C0CB,3AE6
C0CC,3ADF
C0CD,3AD8
C0CE,3AD1
C0CF,3ACB
C0D0,3AC5
C0D1,3ABE
C0D2,3AB9
C0D3,3AB3
C0D4,3AAD
C0D5,3AA8
C0D6,3AA3
C0D7,3A9E
C0D8,3A99
C0D9,3A94
C0DA,3A90
C0DB,3A8B
C0DC,3A87
C0DD,3A83
C0DE,3A7E
C0DF,3A76
C0E0,3A6F
C0E1,3A67
C0E2,3A60
C0E3,3A59
C0E4,3A52
C0E5,3A4C
C0E6,3A46
C0E7,3A40
C0E8,3A3A
C0E9,3A34
C0EA,3A2E
C0EB,3A29
C0EC,3A24
C0ED,3A1F
C0EE,3A1A
C0EF,3A15
C0F0,3A10
C0F1,3A0C
C0F2,3A08
C0F3,3A04
C0F4,39FF
C0F5,39F8
C0F6,39F0
C0F7,39E9
C0F8,39E1
C0F9,39DA
C0FA,39D4
C0FB,39CD
C0FC,39C7
C0FD,39C1
C0FE,39BB
C0FF,39B5
C100,39AF
C101,39A5
C102,399B
C103,3991
C104,3988
C105,3980
C106,3971
C107,3963
C108,3955
C109,3948
C10A,393C
C10B,3930
C10C,3926
C10D,391C
C10E,3912
C10F,3909
C110,3901
C111,38F3
C112,38E4
C113,38D6
C114,38C9
C115,38BD
C116,38B1
C117,38A7
C118,389C
C119,3893
C11A,388A
C11B,3882
C11C,3874
C11D,3865
C11E,3857
C11F,384A
C120,383E
C121,3832
C122,3828
C123,381D
C124,3814
C125,380B
C126,3802
C127,37F5
C128,37E6
C129,37D8
C12A,37CB
C12B,37BF
C12C,37B3
C12D,37A8
C12E,379E
C12F,3795
C130,378C
C131,3783
C132,3777
C133,3768
C134,375A
C135,374D
C136,3740
C137,3734
C138,3729
C139,371F
C13A,3715
C13B,370C
C13C,3704
C13D,36F8
C13E,36E9
C13F,36DB
C140,36CE
C141,36C1
C142,36B5
C143,36AA
C144,36A0
C145,3696
C146,368D
C147,3685
C148,367A
C149,366A
C14A,365C
C14B,364F
C14C,3642
C14D,3636
C14E,362B
C14F,3621
C150,3617
C151,360E
C152,3605
C153,35FB
C154,35EC
C155,35DD
C156,35D0
C157,35C3
C158,35B8
C159,35AC
C15A,35A2
C15B,3598
C15C,358F
C15D,3586
C15E,357C
C15F,356D
C160,355F
C161,3551
C162,3544
C163,3539
C164,352D
C165,3523
C166,3519
C167,3510
C168,3507
C169,34FE
C16A,34EE
C16B,34E0
C16C,34D2
C16D,34C6
C16E,34BA
C16F,34AE
C170,34A4
C171,349A
C172,3490
C173,3488
C174,347F
C175,3470
C176,3461
C177,3454
C178,3447
C179,343B
C17A,342F
C17B,3425
C17C,341B
C17D,3411
C17E,3408
C17F,3400
C180,33F1
C181,33D5
C182,33BC
C183,33A6
C184,3392
C185,3381
C186,3364
C187,3349
C188,3331
C189,331C
C18A,330A
C18B,32F4
C18C,32D7
C18D,32BE
C18E,32A7
C18F,3294
C190,3282
C191,3266
C192,324B
C193,3233
C194,321E
C195,320C
C196,31F7
C197,31DA
C198,31C0
C199,31A9
C19A,3195
C19B,3184
C19C,3169
C19D,314E
C19E,3135
C19F,3120
C1A0,310D
C1A1,30F9
C1A2,30DC
C1A3,30C2
C1A4,30AB
C1A5,3097
C1A6,3085
C1A7,306C
C1A8,3050
C1A9,3037
C1AA,3022
C1AB,300F
C1AC,2FFC
C1AD,2FDF
C1AE,2FC4
C1AF,2FAD
C1B0,2F99
C1B1,2F87
C1B2,2F6E
C1B3,2F52
C1B4,2F3A
C1B5,2F24
C1B6,2F10
C1B7,2EFF
C1B8,2EE1
C1B9,2EC7
C1BA,2EAF
C1BB,2E9B
C1BC,2E88
C1BD,2E71
C1BE,2E55
C1BF,2E3C
C1C0,2E26
C1C1,2E12
C1C2,2E01
C1C3,2DE4
C1C4,2DC9
C1C5,2DB1
C1C6,2D9C
C1C7,2D8A
C1C8,2D74
C1C9,2D57
C1CA,2D3E
C1CB,2D27
C1CC,2D14
C1CD,2D02
C1CE,2CE6
C1CF,2CCB
C1D0,2CB3
C1D1,2C9E
C1D2,2C8B
C1D3,2C77
C1D4,2C5A
C1D5,2C40
C1D6,2C29
C1D7,2C15
C1D8,2C04
C1D9,2BE9
C1DA,2BCE
C1DB,2BB5
C1DC,2BA0
C1DD,2B8D
C1DE,2B79
C1DF,2B5C
C1E0,2B42
C1E1,2B2B
C1E2,2B17
C1E3,2B05
C1E4,2AEC
C1E5,2AD0
C1E6,2AB7
C1E7,2AA2
C1E8,2A8F
C1E9,2A7C
C1EA,2A5F
C1EB,2A44
C1EC,2A2D
C1ED,2A19
C1EE,2A07
C1EF,29EE
C1F0,29D2
C1F1,29B9
C1F2,29A4
C1F3,2990
C1F4,297F
C1F5,2961
C1F6,2947
C1F7,292F
C1F8,291B
C1F9,2908
C1FA,28F1
C1FB,28D5
C1FC,28BC
C1FD,28A5
C1FE,2892
C1FF,2881
C200,2864
C201,2831
C202,280A
C203,27D7
C204,27A7
C205,2782
C206,274B
C207,271E
C208,26F7
C209,26C0
C20A,2695
C20B,2669
C20C,2635
C20D,260D
C20E,25DC
C20F,25AB
C210,2585
C211,2550
C212,2522
C213,24FC
C214,24C4
C215,2499
C216,246E
C217,2439
C218,2410
C219,23E1
C21A,23AF
C21B,2388
C21C,2355
C21D,2325
C21E,2301
C21F,22C9
C220,229C
C221,2274
C222,223E
C223,2214
C224,21E6
C225,21B3
C226,218B
C227,2159
C228,2129
C229,2104
C22A,20CD
C22B,20A0
C22C,2079
C22D,2042
C22E,2017
C22F,1FEB
C230,1FB7
C231,1F8F
C232,1F5E
C233,1F2D
C234,1F07
C235,1ED2
C236,1EA3
C237,1E7F
C238,1E46
C239,1E1A
C23A,1DF1
C23B,1DBB
C23C,1D92
C23D,1D63
C23E,1D31
C23F,1D0A
C240,1CD7
C241,1CA7
C242,1C82
C243,1C4B
C244,1C1E
C245,1BF6
C246,1BC0
C247,1B95
C248,1B69
C249,1B35
C24A,1B0D
C24B,1ADC
C24C,1AAB
C24D,1A85
C24E,1A50
C24F,1A22
C250,19FC
C251,19C4
C252,1999
C253,196E
C254,1939
C255,1910
C256,18E1
C257,18AF
C258,1888
C259,1854
C25A,1825
C25B,1801
C25C,17C9
C25D,179C
C25E,1773
C25F,173D
C260,1713
C261,16E6
C262,16B3
C263,168B
C264,1659
C265,1629
C266,1604
C267,15CD
C268,15A0
C269,1579
C26A,1542
C26B,1517
C26C,14EB
C26D,14B7
C26E,148E
C26F,145E
C270,142D
C271,1407
C272,13D2
C273,13A3
C274,137F
C275,1346
C276,131A
C277,12F1
C278,12BB
C279,1292
C27A,1263
C27B,1231
C27C,120A
C27D,11D7
C27E,11A7
C27F,1182
C280,114B
C281,10F6
C282,1095
C283,1035
C284,0FDC
C285,0F85
C286,0F21
C287,0EC4
C288,0E6E
C289,0E10
C28A,0DAF
C28B,0D54
C28C,0D01
C28D,0C9C
C28E,0C3D
C28F,0BE6
C290,0B8B
C291,0B29
C292,0ACD
C293,0A79
C294,0A17
C295,09B7
C296,095E
C297,0906
C298,08A3
C299,0846
C29A,07F0
C29B,0792
C29C,0731
C29D,06D7
C29E,0682
C29F,061E
C2A0,05BF
C2A1,0568
C2A2,050D
C2A3,04AB
C2A4,044F
C2A5,03FC
C2A6,0398
C2A7,0339
C2A8,02E0
C2A9,0288
C2AA,0225
C2AB,01C8
C2AC,0173
C2AD,0113
C2AE,00B3
C2AF,006C
C2B0,0041
C2B1,0027
C2B2,0018
C2B3,000E
C2B4,0008
C2B5,0005
C2B6,0003
C2B7,0001
C2B8,0001
C2B9,0000
C2BA,0000
C2BB,0000
C2BC,0000
C2BD,0000
C2BE,0000
C2BF,0000
C2C0,0000
C2C1,0000
C2C2,0000
C2C3,0000
C2C4,0000
C2C5,0000
C2C6,0000
C2C7,0000
C2C8,0000
C2C9,0000
C2CA,0000
C2CB,0000
C2CC,0000
C2CD,0000
C2CE,0000
C2CF,0000
C2D0,0000
C2D1,0000
C2D2,0000
C2D3,0000
C2D4,0000
C2D5,0000
C2D6,0000
C2D7,0000
C2D8,0000
C2D9,0000
C2DA,0000
C2DB,0000
C2DC,0000
C2DD,0000
C2DE,0000
C2DF,0000
C2E0,0000
C2E1,0000
C2E2,0000
C2E3,0000
C2E4,0000
C2E5,0000
C2E6,0000
C2E7,0000
C2E8,0000
C2E9,0000
C2EA,0000
C2EB,0000
C2EC,0000
C2ED,0000
C2EE,0000
C2EF,0000
C2F0,0000
C2F1,0000
C2F2,0000
C2F3,0000
C2F4,0000
C2F5,0000
C2F6,0000
C2F7,0000
C2F8,0000
C2F9,0000
C2FA,0000
C2FB,0000
C2FC,0000
C2FD,0000
C2FE,0000
C2FF,0000
C300,0000
C301,0000
C302,0000
C303,0000
C304,0000
C305,0000
C306,0000
C307,0000
C308,0000
C309,0000
C30A,0000
C30B,0000
C30C,0000
C30D,0000
C30E,0000
C30F,0000
C310,0000
C311,0000
C312,0000
C313,0000
C314,0000
C315,0000
C316,0000
C317,0000
C318,0000
C319,0000
C31A,0000
C31B,0000
C31C,0000
C31D,0000
C31E,0000
C31F,0000
C320,0000
C321,0000
C322,0000
C323,0000
C324,0000
C325,0000
C326,0000
C327,0000
C328,0000
C329,0000
C32A,0000
C32B,0000
C32C,0000
C32D,0000
C32E,0000
C32F,0000
C330,0000
C331,0000
C332,0000
C333,0000
C334,0000
C335,0000
C336,0000
C337,0000
C338,0000
C339,0000
C33A,0000
C33B,0000
C33C,0000
C33D,0000
C33E,0000
C33F,0000
C340,0000
C341,0000
C342,0000
C343,0000
C344,0000
C345,0000
C346,0000
C347,0000
C348,0000
C349,0000
C34A,0000
C34B,0000
C34C,0000
C34D,0000
C34E,0000
C34F,0000
C350,0000
C351,0000
C352,0000
C353,0000
C354,0000
C355,0000
C356,0000
C357,0000
C358,0000
C359,0000
C35A,0000
C35B,0000
C35C,0000
C35D,0000
C35E,0000
C35F,0000
C360,0000
C361,0000
C362,0000
C363,0000
C364,0000
C365,0000
C366,0000
C367,0000
C368,0000
C369,0000
C36A,0000
C36B,0000
C36C,0000
C36D,0000
C36E,0000
C36F,0000
C370,0000
C371,0000
C372,0000
C373,0000
C374,0000
C375,0000
C376,0000
C377,0000
C378,0000
C379,0000
C37A,0000
C37B,0000
C37C,0000
C37D,0000
C37E,0000
C37F,0000
C380,0000
C381,0000
C382,0000
C383,0000
C384,0000
C385,0000
C386,0000
C387,0000
C388,0000
C389,0000
C38A,0000
C38B,0000
C38C,0000
C38D,0000
C38E,0000
C38F,0000
C390,0000
C391,0000
C392,0000
C393,0000
C394,0000
C395,0000
C396,0000
C397,0000
C398,0000
C399,0000
C39A,0000
C39B,0000
C39C,0000
C39D,0000
C39E,0000
C39F,0000
C3A0,0000
C3A1,0000
C3A2,0000
C3A3,0000
C3A4,0000
C3A5,0000
C3A6,0000
C3A7,0000
C3A8,0000
C3A9,0000
C3AA,0000
C3AB,0000
C3AC,0000
C3AD,0000
C3AE,0000
C3AF,0000
C3B0,0000
C3B1,0000
C3B2,0000
C3B3,0000
C3B4,0000
C3B5,0000
C3B6,0000
C3B7,0000
C3B8,0000
C3B9,0000
C3BA,0000
C3BB,0000
C3BC,0000
C3BD,0000
C3BE,0000
C3BF,0000
C3C0,0000
C3C1,0000
C3C2,0000
C3C3,0000
C3C4,0000
C3C5,0000
C3C6,0000
C3C7,0000
C3C8,0000
C3C9,0000
C3CA,0000
C3CB,0000
C3CC,0000
C3CD,0000
C3CE,0000
C3CF,0000
C3D0,0000
C3D1,0000
C3D2,0000
C3D3,0000
C3D4,0000
C3D5,0000
C3D6,0000
C3D7,0000
C3D8,0000
C3D9,0000
C3DA,0000
C3DB,0000
C3DC,0000
C3DD,0000
C3DE,0000
C3DF,0000
C3E0,0000
C3E1,0000
C3E2,0000
C3E3,0000
C3E4,0000
C3E5,0000
C3E6,0000
C3E7,0000
C3E8,0000
C3E9,0000
C3EA,0000
C3EB,0000
C3EC,0000
C3ED,0000
C3EE,0000
C3EF,0000
C3F0,0000
C3F1,0000
C3F2,0000
C3F3,0000
C3F4,0000
C3F5,0000
C3F6,0000
C3F7,0000
C3F8,0000
C3F9,0000
C3FA,0000
C3FB,0000
C3FC,0000
C3FD,0000
C3FE,0000
C3FF,0000
C400,0000
C401,0000
C402,0000
C403,0000
C404,0000
C405,0000
C406,0000
C407,0000
C408,0000
C409,0000
C40A,0000
C40B,0000
C40C,0000
C40D,0000
C40E,0000
C40F,0000
C410,0000
C411,0000
C412,0000
C413,0000
C414,0000
C415,0000
C416,0000
C417,0000
C418,0000
C419,0000
C41A,0000
C41B,0000
C41C,0000
C41D,0000
C41E,0000
C41F,0000
C420,0000
C421,0000
C422,0000
C423,0000
C424,0000
C425,0000
C426,0000
C427,0000
C428,0000
C429,0000
C42A,0000
C42B,0000
C42C,0000
C42D,0000
C42E,0000
C42F,0000
C430,0000
C431,0000
C432,0000
C433,0000
C434,0000
C435,0000
C436,0000
C437,0000
C438,0000
C439,0000
C43A,0000
C43B,0000
C43C,0000
C43D,0000
C43E,0000
C43F,0000
C440,0000
C441,0000
C442,0000
C443,0000
C444,0000
C445,0000
C446,0000
C447,0000
C448,0000
C449,0000
C44A,0000
C44B,0000
C44C,0000
C44D,0000
C44E,0000
C44F,0000
C450,0000
C451,0000
C452,0000
C453,0000
C454,0000
C455,0000
C456,0000
C457,0000
C458,0000
C459,0000
C45A,0000
C45B,0000
C45C,0000
C45D,0000
C45E,0000
C45F,0000
C460,0000
C461,0000
C462,0000
C463,0000
C464,0000
C465,0000
C466,0000
C467,0000
C468,0000
C469,0000
C46A,0000
C46B,0000
C46C,0000
C46D,0000
C46E,0000
C46F,0000
C470,0000
C471,0000
C472,0000
C473,0000
C474,0000
C475,0000
C476,0000
C477,0000
C478,0000
C479,0000
C47A,0000
C47B,0000
C47C,0000
C47D,0000
C47E,0000
C47F,0000
C480,0000
C481,0000
C482,0000
C483,0000
C484,0000
C485,0000
C486,0000
C487,0000
C488,0000
C489,0000
C48A,0000
C48B,0000
C48C,0000
C48D,0000
C48E,0000
C48F,0000
C490,0000
C491,0000
C492,0000
C493,0000
C494,0000
C495,0000
C496,0000
C497,0000
C498,0000
C499,0000
C49A,0000
C49B,0000
C49C,0000
C49D,0000
C49E,0000
C49F,0000
C4A0,0000
C4A1,0000
C4A2,0000
C4A3,0000
C4A4,0000
C4A5,0000
C4A6,0000
C4A7,0000
C4A8,0000
C4A9,0000
C4AA,0000
C4AB,0000
C4AC,0000
C4AD,0000
C4AE,0000
C4AF,0000
C4B0,0000
C4B1,0000
C4B2,0000
C4B3,0000
C4B4,0000
C4B5,0000
C4B6,0000
C4B7,0000
C4B8,0000
C4B9,0000
C4BA,0000
C4BB,0000
C4BC,0000
C4BD,0000
C4BE,0000
C4BF,0000
C4C0,0000
C4C1,0000
C4C2,0000
C4C3,0000
C4C4,0000
C4C5,0000
C4C6,0000
C4C7,0000
C4C8,0000
C4C9,0000
C4CA,0000
C4CB,0000
C4CC,0000
C4CD,0000
C4CE,0000
C4CF,0000
C4D0,0000
C4D1,0000
C4D2,0000
C4D3,0000
C4D4,0000
C4D5,0000
C4D6,0000
C4D7,0000
C4D8,0000
C4D9,0000
C4DA,0000
C4DB,0000
C4DC,0000
C4DD,0000
C4DE,0000
C4DF,0000
C4E0,0000
C4E1,0000
C4E2,0000
C4E3,0000
C4E4,0000
C4E5,0000
C4E6,0000
C4E7,0000
C4E8,0000
C4E9,0000
C4EA,0000
C4EB,0000
C4EC,0000
C4ED,0000
C4EE,0000
C4EF,0000
C4F0,0000
C4F1,0000
C4F2,0000
C4F3,0000
C4F4,0000
C4F5,0000
C4F6,0000
C4F7,0000
C4F8,0000
C4F9,0000
C4FA,0000
C4FB,0000
C4FC,0000
C4FD,0000
C4FE,0000
C4FF,0000
C500,0000
C501,0000
C502,0000
C503,0000
C504,0000
C505,0000
C506,0000
C507,0000
C508,0000
C509,0000
C50A,0000
C50B,0000
C50C,0000
C50D,0000
C50E,0000
C50F,0000
C510,0000
C511,0000
C512,0000
C513,0000
C514,0000
C515,0000
C516,0000
C517,0000
C518,0000
C519,0000
C51A,0000
C51B,0000
C51C,0000
C51D,0000
C51E,0000
C51F,0000
C520,0000
C521,0000
C522,0000
C523,0000
C524,0000
C525,0000
C526,0000
C527,0000
C528,0000
C529,0000
C52A,0000
C52B,0000
C52C,0000
C52D,0000
C52E,0000
C52F,0000
C530,0000
C531,0000
C532,0000
C533,0000
C534,0000
C535,0000
C536,0000
C537,0000
C538,0000
C539,0000
C53A,0000
C53B,0000
C53C,0000
C53D,0000
C53E,0000
C53F,0000
C540,0000
C541,0000
C542,0000
C543,0000
C544,0000
C545,0000
C546,0000
C547,0000
C548,0000
C549,0000
C54A,0000
C54B,0000
C54C,0000
C54D,0000
C54E,0000
C54F,0000
C550,0000
C551,0000
C552,0000
C553,0000
C554,0000
C555,0000
C556,0000
C557,0000
C558,0000
C559,0000
C55A,0000
C55B,0000
C55C,0000
C55D,0000
C55E,0000
C55F,0000
C560,0000
C561,0000
C562,0000
C563,0000
C564,0000
C565,0000
C566,0000
C567,0000
C568,0000
C569,0000
C56A,0000
C56B,0000
C56C,0000
C56D,0000
C56E,0000
C56F,0000
C570,0000
C571,0000
C572,0000
C573,0000
C574,0000
C575,0000
C576,0000
C577,0000
C578,0000
C579,0000
C57A,0000
C57B,0000
C57C,0000
C57D,0000
C57E,0000
C57F,0000
C580,0000
C581,0000
C582,0000
C583,0000
C584,0000
C585,0000
C586,0000
C587,0000
C588,0000
C589,0000
C58A,0000
C58B,0000
C58C,0000
C58D,0000
C58E,0000
C58F,0000
C590,0000
C591,0000
C592,0000
C593,0000
C594,0000
C595,0000
C596,0000
C597,0000
C598,0000
C599,0000
C59A,0000
C59B,0000
C59C,0000
C59D,0000
C59E,0000
C59F,0000
C5A0,0000
C5A1,0000
C5A2,0000
C5A3,0000
C5A4,0000
C5A5,0000
C5A6,0000
C5A7,0000
C5A8,0000
C5A9,0000
C5AA,0000
C5AB,0000
C5AC,0000
C5AD,0000
C5AE,0000
C5AF,0000
C5B0,0000
C5B1,0000
C5B2,0000
C5B3,0000
C5B4,0000
C5B5,0000
C5B6,0000
C5B7,0000
C5B8,0000
C5B9,0000
C5BA,0000
C5BB,0000
C5BC,0000
C5BD,0000
C5BE,0000
C5BF,0000
C5C0,0000
C5C1,0000
C5C2,0000
C5C3,0000
C5C4,0000
C5C5,0000
C5C6,0000
C5C7,0000
C5C8,0000
C5C9,0000
C5CA,0000
C5CB,0000
C5CC,0000
C5CD,0000
C5CE,0000
C5CF,0000
C5D0,0000
C5D1,0000
C5D2,0000
C5D3,0000
C5D4,0000
C5D5,0000
C5D6,0000
C5D7,0000
C5D8,0000
C5D9,0000
C5DA,0000
C5DB,0000
C5DC,0000
C5DD,0000
C5DE,0000
C5DF,0000
C5E0,0000
C5E1,0000
C5E2,0000
C5E3,0000
C5E4,0000
C5E5,0000
C5E6,0000
C5E7,0000
C5E8,0000
C5E9,0000
C5EA,0000
C5EB,0000
C5EC,0000
C5ED,0000
C5EE,0000
C5EF,0000
C5F0,0000
C5F1,0000
C5F2,0000
C5F3,0000
C5F4,0000
C5F5,0000
C5F6,0000
C5F7,0000
C5F8,0000
C5F9,0000
C5FA,0000
C5FB,0000
C5FC,0000
C5FD,0000
C5FE,0000
C5FF,0000
C600,0000
C601,0000
C602,0000
C603,0000
C604,0000
C605,0000
C606,0000
C607,0000
C608,0000
C609,0000
C60A,0000
C60B,0000
C60C,0000
C60D,0000
C60E,0000
C60F,0000
C610,0000
C611,0000
C612,0000
C613,0000
C614,0000
C615,0000
C616,0000
C617,0000
C618,0000
C619,0000
C61A,0000
C61B,0000
C61C,0000
C61D,0000
C61E,0000
C61F,0000
C620,0000
C621,0000
C622,0000
C623,0000
C624,0000
C625,0000
C626,0000
C627,0000
C628,0000
C629,0000
C62A,0000
C62B,0000
C62C,0000
C62D,0000
C62E,0000
C62F,0000
C630,0000
C631,0000
C632,0000
C633,0000
C634,0000
C635,0000
C636,0000
C637,0000
C638,0000
C639,0000
C63A,0000
C63B,0000
C63C,0000
C63D,0000
C63E,0000
C63F,0000
C640,0000
C641,0000
C642,0000
C643,0000
C644,0000
C645,0000
C646,0000
C647,0000
C648,0000
C649,0000
C64A,0000
C64B,0000
C64C,0000
C64D,0000
C64E,0000
C64F,0000
C650,0000
C651,0000
C652,0000
C653,0000
C654,0000
C655,0000
C656,0000
C657,0000
C658,0000
C659,0000
C65A,0000
C65B,0000
C65C,0000
C65D,0000
C65E,0000
C65F,0000
C660,0000
C661,0000
C662,0000
C663,0000
C664,0000
C665,0000
C666,0000
C667,0000
C668,0000
C669,0000
C66A,0000
C66B,0000
C66C,0000
C66D,0000
C66E,0000
C66F,0000
C670,0000
C671,0000
C672,0000
C673,0000
C674,0000
C675,0000
C676,0000
C677,0000
C678,0000
C679,0000
C67A,0000
C67B,0000
C67C,0000
C67D,0000
C67E,0000
C67F,0000
C680,0000
C681,0000
C682,0000
C683,0000
C684,0000
C685,0000
C686,0000
C687,0000
C688,0000
C689,0000
C68A,0000
C68B,0000
C68C,0000
C68D,0000
C68E,0000
C68F,0000
C690,0000
C691,0000
C692,0000
C693,0000
C694,0000
C695,0000
C696,0000
C697,0000
C698,0000
C699,0000
C69A,0000
C69B,0000
C69C,0000
C69D,0000
C69E,0000
C69F,0000
C6A0,0000
C6A1,0000
C6A2,0000
C6A3,0000
C6A4,0000
C6A5,0000
C6A6,0000
C6A7,0000
C6A8,0000
C6A9,0000
C6AA,0000
C6AB,0000
C6AC,0000
C6AD,0000
C6AE,0000
C6AF,0000
C6B0,0000
C6B1,0000
C6B2,0000
C6B3,0000
C6B4,0000
C6B5,0000
C6B6,0000
C6B7,0000
C6B8,0000
C6B9,0000
C6BA,0000
C6BB,0000
C6BC,0000
C6BD,0000
C6BE,0000
C6BF,0000
C6C0,0000
C6C1,0000
C6C2,0000
C6C3,0000
C6C4,0000
C6C5,0000
C6C6,0000
C6C7,0000
C6C8,0000
C6C9,0000
C6CA,0000
C6CB,0000
C6CC,0000
C6CD,0000
C6CE,0000
C6CF,0000
C6D0,0000
C6D1,0000
C6D2,0000
C6D3,0000
C6D4,0000
C6D5,0000
C6D6,0000
C6D7,0000
C6D8,0000
C6D9,0000
C6DA,0000
C6DB,0000
C6DC,0000
C6DD,0000
C6DE,0000
C6DF,0000
C6E0,0000
C6E1,0000
C6E2,0000
C6E3,0000
C6E4,0000
C6E5,0000
C6E6,0000
C6E7,0000
C6E8,0000
C6E9,0000
C6EA,0000
C6EB,0000
C6EC,0000
C6ED,0000
C6EE,0000
C6EF,0000
C6F0,0000
C6F1,0000
C6F2,0000
C6F3,0000
C6F4,0000
C6F5,0000
C6F6,0000
C6F7,0000
C6F8,0000
C6F9,0000
C6FA,0000
C6FB,0000
C6FC,0000
C6FD,0000
C6FE,0000
C6FF,0000
C700,0000
C701,0000
C702,0000
C703,0000
C704,0000
C705,0000
C706,0000
C707,0000
C708,0000
C709,0000
C70A,0000
C70B,0000
C70C,0000
C70D,0000
C70E,0000
C70F,0000
C710,0000
C711,0000
C712,0000
C713,0000
C714,0000
C715,0000
C716,0000
C717,0000
C718,0000
C719,0000
C71A,0000
C71B,0000
C71C,0000
C71D,0000
C71E,0000
C71F,0000
C720,0000
C721,0000
C722,0000
C723,0000
C724,0000
C725,0000
C726,0000
C727,0000
C728,0000
C729,0000
C72A,0000
C72B,0000
C72C,0000
C72D,0000
C72E,0000
C72F,0000
C730,0000
C731,0000
C732,0000
C733,0000
C734,0000
C735,0000
C736,0000
C737,0000
C738,0000
C739,0000
C73A,0000
C73B,0000
C73C,0000
C73D,0000
C73E,0000
C73F,0000
C740,0000
C741,0000
C742,0000
C743,0000
C744,0000
C745,0000
C746,0000
C747,0000
C748,0000
C749,0000
C74A,0000
C74B,0000
C74C,0000
C74D,0000
C74E,0000
C74F,0000
C750,0000
C751,0000
C752,0000
C753,0000
C754,0000
C755,0000
C756,0000
C757,0000
C758,0000
C759,0000
C75A,0000
C75B,0000
C75C,0000
C75D,0000
C75E,0000
C75F,0000
C760,0000
C761,0000
C762,0000
C763,0000
C764,0000
C765,0000
C766,0000
C767,0000
C768,0000
C769,0000
C76A,0000
C76B,0000
C76C,0000
C76D,0000
C76E,0000
C76F,0000
C770,0000
C771,0000
C772,0000
C773,0000
C774,0000
C775,0000
C776,0000
C777,0000
C778,0000
C779,0000
C77A,0000
C77B,0000
C77C,0000
C77D,0000
C77E,0000
C77F,0000
C780,0000
C781,0000
C782,0000
C783,0000
C784,0000
C785,0000
C786,0000
C787,0000
C788,0000
C789,0000
C78A,0000
C78B,0000
C78C,0000
C78D,0000
C78E,0000
C78F,0000
C790,0000
C791,0000
C792,0000
C793,0000
C794,0000
C795,0000
C796,0000
C797,0000
C798,0000
C799,0000
C79A,0000
C79B,0000
C79C,0000
C79D,0000
C79E,0000
C79F,0000
C7A0,0000
C7A1,0000
C7A2,0000
C7A3,0000
C7A4,0000
C7A5,0000
C7A6,0000
C7A7,0000
C7A8,0000
C7A9,0000
C7AA,0000
C7AB,0000
C7AC,0000
C7AD,0000
C7AE,0000
C7AF,0000
C7B0,0000
C7B1,0000
C7B2,0000
C7B3,0000
C7B4,0000
C7B5,0000
C7B6,0000
C7B7,0000
C7B8,0000
C7B9,0000
C7BA,0000
C7BB,0000
C7BC,0000
C7BD,0000
C7BE,0000
C7BF,0000
C7C0,0000
C7C1,0000
C7C2,0000
C7C3,0000
C7C4,0000
C7C5,0000
C7C6,0000
C7C7,0000
C7C8,0000
C7C9,0000
C7CA,0000
C7CB,0000
C7CC,0000
C7CD,0000
C7CE,0000
C7CF,0000
C7D0,0000
C7D1,0000
C7D2,0000
C7D3,0000
C7D4,0000
C7D5,0000
C7D6,0000
C7D7,0000
C7D8,0000
C7D9,0000
C7DA,0000
C7DB,0000
C7DC,0000
C7DD,0000
C7DE,0000
C7DF,0000
C7E0,0000
C7E1,0000
C7E2,0000
C7E3,0000
C7E4,0000
C7E5,0000
C7E6,0000
C7E7,0000
C7E8,0000
C7E9,0000
C7EA,0000
C7EB,0000
C7EC,0000
C7ED,0000
C7EE,0000
C7EF,0000
C7F0,0000
C7F1,0000
C7F2,0000
C7F3,0000
C7F4,0000
C7F5,0000
C7F6,0000
C7F7,0000
C7F8,0000
C7F9,0000
C7FA,0000
C7FB,0000
C7FC,0000
C7FD,0000
C7FE,0000
C7FF,0000
C800,0000
C801,0000
C802,0000
C803,0000
C804,0000
C805,0000
C806,0000
C807,0000
C808,0000
C809,0000
C80A,0000
C80B,0000
C80C,0000
C80D,0000
C80E,0000
C80F,0000
C810,0000
C811,0000
C812,0000
C813,0000
C814,0000
C815,0000
C816,0000
C817,0000
C818,0000
C819,0000
C81A,0000
C81B,0000
C81C,0000
C81D,0000
C81E,0000
C81F,0000
C820,0000
C821,0000
C822,0000
C823,0000
C824,0000
C825,0000
C826,0000
C827,0000
C828,0000
C829,0000
C82A,0000
C82B,0000
C82C,0000
C82D,0000
C82E,0000
C82F,0000
C830,0000
C831,0000
C832,0000
C833,0000
C834,0000
C835,0000
C836,0000
C837,0000
C838,0000
C839,0000
C83A,0000
C83B,0000
C83C,0000
C83D,0000
C83E,0000
C83F,0000
C840,0000
C841,0000
C842,0000
C843,0000
C844,0000
C845,0000
C846,0000
C847,0000
C848,0000
C849,0000
C84A,0000
C84B,0000
C84C,0000
C84D,0000
C84E,0000
C84F,0000
C850,0000
C851,0000
C852,0000
C853,0000
C854,0000
C855,0000
C856,0000
C857,0000
C858,0000
C859,0000
C85A,0000
C85B,0000
C85C,0000
C85D,0000
C85E,0000
C85F,0000
C860,0000
C861,0000
C862,0000
C863,0000
C864,0000
C865,0000
C866,0000
C867,0000
C868,0000
C869,0000
C86A,0000
C86B,0000
C86C,0000
C86D,0000
C86E,0000
C86F,0000
C870,0000
C871,0000
C872,0000
C873,0000
C874,0000
C875,0000
C876,0000
C877,0000
C878,0000
C879,0000
C87A,0000
C87B,0000
C87C,0000
C87D,0000
C87E,0000
C87F,0000
C880,0000
C881,0000
C882,0000
C883,0000
C884,0000
C885,0000
C886,0000
C887,0000
C888,0000
C889,0000
C88A,0000
C88B,0000
C88C,0000
C88D,0000
C88E,0000
C88F,0000
C890,0000
C891,0000
C892,0000
C893,0000
C894,0000
C895,0000
C896,0000
C897,0000
C898,0000
C899,0000
C89A,0000
C89B,0000
C89C,0000
C89D,0000
C89E,0000
C89F,0000
C8A0,0000
C8A1,0000
C8A2,0000
C8A3,0000
C8A4,0000
C8A5,0000
C8A6,0000
C8A7,0000
C8A8,0000
C8A9,0000
C8AA,0000
C8AB,0000
C8AC,0000
C8AD,0000
C8AE,0000
C8AF,0000
C8B0,0000
C8B1,0000
C8B2,0000
C8B3,0000
C8B4,0000
C8B5,0000
C8B6,0000
C8B7,0000
C8B8,0000
C8B9,0000
C8BA,0000
C8BB,0000
C8BC,0000
C8BD,0000
C8BE,0000
C8BF,0000
C8C0,0000
C8C1,0000
C8C2,0000
C8C3,0000
C8C4,0000
C8C5,0000
C8C6,0000
C8C7,0000
C8C8,0000
C8C9,0000
C8CA,0000
C8CB,0000
C8CC,0000
C8CD,0000
C8CE,0000
C8CF,0000
C8D0,0000
C8D1,0000
C8D2,0000
C8D3,0000
C8D4,0000
C8D5,0000
C8D6,0000
C8D7,0000
C8D8,0000
C8D9,0000
C8DA,0000
C8DB,0000
C8DC,0000
C8DD,0000
C8DE,0000
C8DF,0000
C8E0,0000
C8E1,0000
C8E2,0000
C8E3,0000
C8E4,0000
C8E5,0000
C8E6,0000
C8E7,0000
C8E8,0000
C8E9,0000
C8EA,0000
C8EB,0000
C8EC,0000
C8ED,0000
C8EE,0000
C8EF,0000
C8F0,0000
C8F1,0000
C8F2,0000
C8F3,0000
C8F4,0000
C8F5,0000
C8F6,0000
C8F7,0000
C8F8,0000
C8F9,0000
C8FA,0000
C8FB,0000
C8FC,0000
C8FD,0000
C8FE,0000
C8FF,0000
C900,0000
C901,0000
C902,0000
C903,0000
C904,0000
C905,0000
C906,0000
C907,0000
C908,0000
C909,0000
C90A,0000
C90B,0000
C90C,0000
C90D,0000
C90E,0000
C90F,0000
C910,0000
C911,0000
C912,0000
C913,0000
C914,0000
C915,0000
C916,0000
C917,0000
C918,0000
C919,0000
C91A,0000
C91B,0000
C91C,0000
C91D,0000
C91E,0000
C91F,0000
C920,0000
C921,0000
C922,0000
C923,0000
C924,0000
C925,0000
C926,0000
C927,0000
C928,0000
C929,0000
C92A,0000
C92B,0000
C92C,0000
C92D,0000
C92E,0000
C92F,0000
C930,0000
C931,0000
C932,0000
C933,0000
C934,0000
C935,0000
C936,0000
C937,0000
C938,0000
C939,0000
C93A,0000
C93B,0000
C93C,0000
C93D,0000
C93E,0000
C93F,0000
C940,0000
C941,0000
C942,0000
C943,0000
C944,0000
C945,0000
C946,0000
C947,0000
C948,0000
C949,0000
C94A,0000
C94B,0000
C94C,0000
C94D,0000
C94E,0000
C94F,0000
C950,0000
C951,0000
C952,0000
C953,0000
C954,0000
C955,0000
C956,0000
C957,0000
C958,0000
C959,0000
C95A,0000
C95B,0000
C95C,0000
C95D,0000
C95E,0000
C95F,0000
C960,0000
C961,0000
C962,0000
C963,0000
C964,0000
C965,0000
C966,0000
C967,0000
C968,0000
C969,0000
C96A,0000
C96B,0000
C96C,0000
C96D,0000
C96E,0000
C96F,0000
C970,0000
C971,0000
C972,0000
C973,0000
C974,0000
C975,0000
C976,0000
C977,0000
C978,0000
C979,0000
C97A,0000
C97B,0000
C97C,0000
C97D,0000
C97E,0000
C97F,0000
C980,0000
C981,0000
C982,0000
C983,0000
C984,0000
C985,0000
C986,0000
C987,0000
C988,0000
C989,0000
C98A,0000
C98B,0000
C98C,0000
C98D,0000
C98E,0000
C98F,0000
C990,0000
C991,0000
C992,0000
C993,0000
C994,0000
C995,0000
C996,0000
C997,0000
C998,0000
C999,0000
C99A,0000
C99B,0000
C99C,0000
C99D,0000
C99E,0000
C99F,0000
C9A0,0000
C9A1,0000
C9A2,0000
C9A3,0000
C9A4,0000
C9A5,0000
C9A6,0000
C9A7,0000
C9A8,0000
C9A9,0000
C9AA,0000
C9AB,0000
C9AC,0000
C9AD,0000
C9AE,0000
C9AF,0000
C9B0,0000
C9B1,0000
C9B2,0000
C9B3,0000
C9B4,0000
C9B5,0000
C9B6,0000
C9B7,0000
C9B8,0000
C9B9,0000
C9BA,0000
C9BB,0000
C9BC,0000
C9BD,0000
C9BE,0000
C9BF,0000
C9C0,0000
C9C1,0000
C9C2,0000
C9C3,0000
C9C4,0000
C9C5,0000
C9C6,0000
C9C7,0000
C9C8,0000
C9C9,0000
C9CA,0000
C9CB,0000
C9CC,0000
C9CD,0000
C9CE,0000
C9CF,0000
C9D0,0000
C9D1,0000
C9D2,0000
C9D3,0000
C9D4,0000
C9D5,0000
C9D6,0000
C9D7,0000
C9D8,0000
C9D9,0000
C9DA,0000
C9DB,0000
C9DC,0000
C9DD,0000
C9DE,0000
C9DF,0000
C9E0,0000
C9E1,0000
C9E2,0000
C9E3,0000
C9E4,0000
C9E5,0000
C9E6,0000
C9E7,0000
C9E8,0000
C9E9,0000
C9EA,0000
C9EB,0000
C9EC,0000
C9ED,0000
C9EE,0000
C9EF,0000
C9F0,0000
C9F1,0000
C9F2,0000
C9F3,0000
C9F4,0000
C9F5,0000
C9F6,0000
C9F7,0000
C9F8,0000
C9F9,0000
C9FA,0000
C9FB,0000
C9FC,0000
C9FD,0000
C9FE,0000
C9FF,0000
CA00,0000
CA01,0000
CA02,0000
CA03,0000
CA04,0000
CA05,0000
CA06,0000
CA07,0000
CA08,0000
CA09,0000
CA0A,0000
CA0B,0000
CA0C,0000
CA0D,0000
CA0E,0000
CA0F,0000
CA10,0000
CA11,0000
CA12,0000
CA13,0000
CA14,0000
CA15,0000
CA16,0000
CA17,0000
CA18,0000
CA19,0000
CA1A,0000
CA1B,0000
CA1C,0000
CA1D,0000
CA1E,0000
CA1F,0000
CA20,0000
CA21,0000
CA22,0000
CA23,0000
CA24,0000
CA25,0000
CA26,0000
CA27,0000
CA28,0000
CA29,0000
CA2A,0000
CA2B,0000
CA2C,0000
CA2D,0000
CA2E,0000
CA2F,0000
CA30,0000
CA31,0000
CA32,0000
CA33,0000
CA34,0000
CA35,0000
CA36,0000
CA37,0000
CA38,0000
CA39,0000
CA3A,0000
CA3B,0000
CA3C,0000
CA3D,0000
CA3E,0000
CA3F,0000
CA40,0000
CA41,0000
CA42,0000
CA43,0000
CA44,0000
CA45,0000
CA46,0000
CA47,0000
CA48,0000
CA49,0000
CA4A,0000
CA4B,0000
CA4C,0000
CA4D,0000
CA4E,0000
CA4F,0000
CA50,0000
CA51,0000
CA52,0000
CA53,0000
CA54,0000
CA55,0000
CA56,0000
CA57,0000
CA58,0000
CA59,0000
CA5A,0000
CA5B,0000
CA5C,0000
CA5D,0000
CA5E,0000
CA5F,0000
CA60,0000
CA61,0000
CA62,0000
CA63,0000
CA64,0000
CA65,0000
CA66,0000
CA67,0000
CA68,0000
CA69,0000
CA6A,0000
CA6B,0000
CA6C,0000
CA6D,0000
CA6E,0000
CA6F,0000
CA70,0000
CA71,0000
CA72,0000
CA73,0000
CA74,0000
CA75,0000
CA76,0000
CA77,0000
CA78,0000
CA79,0000
CA7A,0000
CA7B,0000
CA7C,0000
CA7D,0000
CA7E,0000
CA7F,0000
CA80,0000
CA81,0000
CA82,0000
CA83,0000
CA84,0000
CA85,0000
CA86,0000
CA87,0000
CA88,0000
CA89,0000
CA8A,0000
CA8B,0000
CA8C,0000
CA8D,0000
CA8E,0000
CA8F,0000
CA90,0000
CA91,0000
CA92,0000
CA93,0000
CA94,0000
CA95,0000
CA96,0000
CA97,0000
CA98,0000
CA99,0000
CA9A,0000
CA9B,0000
CA9C,0000
CA9D,0000
CA9E,0000
CA9F,0000
CAA0,0000
CAA1,0000
CAA2,0000
CAA3,0000
CAA4,0000
CAA5,0000
CAA6,0000
CAA7,0000
CAA8,0000
CAA9,0000
CAAA,0000
CAAB,0000
CAAC,0000
CAAD,0000
CAAE,0000
CAAF,0000
CAB0,0000
CAB1,0000
CAB2,0000
CAB3,0000
CAB4,0000
CAB5,0000
CAB6,0000
CAB7,0000
CAB8,0000
CAB9,0000
CABA,0000
CABB,0000
CABC,0000
CABD,0000
CABE,0000
CABF,0000
CAC0,0000
CAC1,0000
CAC2,0000
CAC3,0000
CAC4,0000
CAC5,0000
CAC6,0000
CAC7,0000
CAC8,0000
CAC9,0000
CACA,0000
CACB,0000
CACC,0000
CACD,0000
CACE,0000
CACF,0000
CAD0,0000
CAD1,0000
CAD2,0000
CAD3,0000
CAD4,0000
CAD5,0000
CAD6,0000
CAD7,0000
CAD8,0000
CAD9,0000
CADA,0000
CADB,0000
CADC,0000
CADD,0000
CADE,0000
CADF,0000
CAE0,0000
CAE1,0000
CAE2,0000
CAE3,0000
CAE4,0000
CAE5,0000
CAE6,0000
CAE7,0000
CAE8,0000
CAE9,0000
CAEA,0000
CAEB,0000
CAEC,0000
CAED,0000
CAEE,0000
CAEF,0000
CAF0,0000
CAF1,0000
CAF2,0000
CAF3,0000
CAF4,0000
CAF5,0000
CAF6,0000
CAF7,0000
CAF8,0000
CAF9,0000
CAFA,0000
CAFB,0000
CAFC,0000
CAFD,0000
CAFE,0000
CAFF,0000
CB00,0000
CB01,0000
CB02,0000
CB03,0000
CB04,0000
CB05,0000
CB06,0000
CB07,0000
CB08,0000
CB09,0000
CB0A,0000
CB0B,0000
CB0C,0000
CB0D,0000
CB0E,0000
CB0F,0000
CB10,0000
CB11,0000
CB12,0000
CB13,0000
CB14,0000
CB15,0000
CB16,0000
CB17,0000
CB18,0000
CB19,0000
CB1A,0000
CB1B,0000
CB1C,0000
CB1D,0000
CB1E,0000
CB1F,0000
CB20,0000
CB21,0000
CB22,0000
CB23,0000
CB24,0000
CB25,0000
CB26,0000
CB27,0000
CB28,0000
CB29,0000
CB2A,0000
CB2B,0000
CB2C,0000
CB2D,0000
CB2E,0000
CB2F,0000
CB30,0000
CB31,0000
CB32,0000
CB33,0000
CB34,0000
CB35,0000
CB36,0000
CB37,0000
CB38,0000
CB39,0000
CB3A,0000
CB3B,0000
CB3C,0000
CB3D,0000
CB3E,0000
CB3F,0000
CB40,0000
CB41,0000
CB42,0000
CB43,0000
CB44,0000
CB45,0000
CB46,0000
CB47,0000
CB48,0000
CB49,0000
CB4A,0000
CB4B,0000
CB4C,0000
CB4D,0000
CB4E,0000
CB4F,0000
CB50,0000
CB51,0000
CB52,0000
CB53,0000
CB54,0000
CB55,0000
CB56,0000
CB57,0000
CB58,0000
CB59,0000
CB5A,0000
CB5B,0000
CB5C,0000
CB5D,0000
CB5E,0000
CB5F,0000
CB60,0000
CB61,0000
CB62,0000
CB63,0000
CB64,0000
CB65,0000
CB66,0000
CB67,0000
CB68,0000
CB69,0000
CB6A,0000
CB6B,0000
CB6C,0000
CB6D,0000
CB6E,0000
CB6F,0000
CB70,0000
CB71,0000
CB72,0000
CB73,0000
CB74,0000
CB75,0000
CB76,0000
CB77,0000
CB78,0000
CB79,0000
CB7A,0000
CB7B,0000
CB7C,0000
CB7D,0000
CB7E,0000
CB7F,0000
CB80,0000
CB81,0000
CB82,0000
CB83,0000
CB84,0000
CB85,0000
CB86,0000
CB87,0000
CB88,0000
CB89,0000
CB8A,0000
CB8B,0000
CB8C,0000
CB8D,0000
CB8E,0000
CB8F,0000
CB90,0000
CB91,0000
CB92,0000
CB93,0000
CB94,0000
CB95,0000
CB96,0000
CB97,0000
CB98,0000
CB99,0000
CB9A,0000
CB9B,0000
CB9C,0000
CB9D,0000
CB9E,0000
CB9F,0000
CBA0,0000
CBA1,0000
CBA2,0000
CBA3,0000
CBA4,0000
CBA5,0000
CBA6,0000
CBA7,0000
CBA8,0000
CBA9,0000
CBAA,0000
CBAB,0000
CBAC,0000
CBAD,0000
CBAE,0000
CBAF,0000
CBB0,0000
CBB1,0000
CBB2,0000
CBB3,0000
CBB4,0000
CBB5,0000
CBB6,0000
CBB7,0000
CBB8,0000
CBB9,0000
CBBA,0000
CBBB,0000
CBBC,0000
CBBD,0000
CBBE,0000
CBBF,0000
CBC0,0000
CBC1,0000
CBC2,0000
CBC3,0000
CBC4,0000
CBC5,0000
CBC6,0000
CBC7,0000
CBC8,0000
CBC9,0000
CBCA,0000
CBCB,0000
CBCC,0000
CBCD,0000
CBCE,0000
CBCF,0000
CBD0,0000
CBD1,0000
CBD2,0000
CBD3,0000
CBD4,0000
CBD5,0000
CBD6,0000
CBD7,0000
CBD8,0000
CBD9,0000
CBDA,0000
CBDB,0000
CBDC,0000
CBDD,0000
CBDE,0000
CBDF,0000
CBE0,0000
CBE1,0000
CBE2,0000
CBE3,0000
CBE4,0000
CBE5,0000
CBE6,0000
CBE7,0000
CBE8,0000
CBE9,0000
CBEA,0000
CBEB,0000
CBEC,0000
CBED,0000
CBEE,0000
CBEF,0000
CBF0,0000
CBF1,0000
CBF2,0000
CBF3,0000
CBF4,0000
CBF5,0000
CBF6,0000
CBF7,0000
CBF8,0000
CBF9,0000
CBFA,0000
CBFB,0000
CBFC,0000
CBFD,0000
CBFE,0000
CBFF,0000
CC00,0000
CC01,0000
CC02,0000
CC03,0000
CC04,0000
CC05,0000
CC06,0000
CC07,0000
CC08,0000
CC09,0000
CC0A,0000
CC0B,0000
CC0C,0000
CC0D,0000
CC0E,0000
CC0F,0000
CC10,0000
CC11,0000
CC12,0000
CC13,0000
CC14,0000
CC15,0000
CC16,0000
CC17,0000
CC18,0000
CC19,0000
CC1A,0000
CC1B,0000
CC1C,0000
CC1D,0000
CC1E,0000
CC1F,0000
CC20,0000
CC21,0000
CC22,0000
CC23,0000
CC24,0000
CC25,0000
CC26,0000
CC27,0000
CC28,0000
CC29,0000
CC2A,0000
CC2B,0000
CC2C,0000
CC2D,0000
CC2E,0000
CC2F,0000
CC30,0000
CC31,0000
CC32,0000
CC33,0000
CC34,0000
CC35,0000
CC36,0000
CC37,0000
CC38,0000
CC39,0000
CC3A,0000
CC3B,0000
CC3C,0000
CC3D,0000
CC3E,0000
CC3F,0000
CC40,0000
CC41,0000
CC42,0000
CC43,0000
CC44,0000
CC45,0000
CC46,0000
CC47,0000
CC48,0000
CC49,0000
CC4A,0000
CC4B,0000
CC4C,0000
CC4D,0000
CC4E,0000
CC4F,0000
CC50,0000
CC51,0000
CC52,0000
CC53,0000
CC54,0000
CC55,0000
CC56,0000
CC57,0000
CC58,0000
CC59,0000
CC5A,0000
CC5B,0000
CC5C,0000
CC5D,0000
CC5E,0000
CC5F,0000
CC60,0000
CC61,0000
CC62,0000
CC63,0000
CC64,0000
CC65,0000
CC66,0000
CC67,0000
CC68,0000
CC69,0000
CC6A,0000
CC6B,0000
CC6C,0000
CC6D,0000
CC6E,0000
CC6F,0000
CC70,0000
CC71,0000
CC72,0000
CC73,0000
CC74,0000
CC75,0000
CC76,0000
CC77,0000
CC78,0000
CC79,0000
CC7A,0000
CC7B,0000
CC7C,0000
CC7D,0000
CC7E,0000
CC7F,0000
CC80,0000
CC81,0000
CC82,0000
CC83,0000
CC84,0000
CC85,0000
CC86,0000
CC87,0000
CC88,0000
CC89,0000
CC8A,0000
CC8B,0000
CC8C,0000
CC8D,0000
CC8E,0000
CC8F,0000
CC90,0000
CC91,0000
CC92,0000
CC93,0000
CC94,0000
CC95,0000
CC96,0000
CC97,0000
CC98,0000
CC99,0000
CC9A,0000
CC9B,0000
CC9C,0000
CC9D,0000
CC9E,0000
CC9F,0000
CCA0,0000
CCA1,0000
CCA2,0000
CCA3,0000
CCA4,0000
CCA5,0000
CCA6,0000
CCA7,0000
CCA8,0000
CCA9,0000
CCAA,0000
CCAB,0000
CCAC,0000
CCAD,0000
CCAE,0000
CCAF,0000
CCB0,0000
CCB1,0000
CCB2,0000
CCB3,0000
CCB4,0000
CCB5,0000
CCB6,0000
CCB7,0000
CCB8,0000
CCB9,0000
CCBA,0000
CCBB,0000
CCBC,0000
CCBD,0000
CCBE,0000
CCBF,0000
CCC0,0000
CCC1,0000
CCC2,0000
CCC3,0000
CCC4,0000
CCC5,0000
CCC6,0000
CCC7,0000
CCC8,0000
CCC9,0000
CCCA,0000
CCCB,0000
CCCC,0000
CCCD,0000
CCCE,0000
CCCF,0000
CCD0,0000
CCD1,0000
CCD2,0000
CCD3,0000
CCD4,0000
CCD5,0000
CCD6,0000
CCD7,0000
CCD8,0000
CCD9,0000
CCDA,0000
CCDB,0000
CCDC,0000
CCDD,0000
CCDE,0000
CCDF,0000
CCE0,0000
CCE1,0000
CCE2,0000
CCE3,0000
CCE4,0000
CCE5,0000
CCE6,0000
CCE7,0000
CCE8,0000
CCE9,0000
CCEA,0000
CCEB,0000
CCEC,0000
CCED,0000
CCEE,0000
CCEF,0000
CCF0,0000
CCF1,0000
CCF2,0000
CCF3,0000
CCF4,0000
CCF5,0000
CCF6,0000
CCF7,0000
CCF8,0000
CCF9,0000
CCFA,0000
CCFB,0000
CCFC,0000
CCFD,0000
CCFE,0000
CCFF,0000
CD00,0000
CD01,0000
CD02,0000
CD03,0000
CD04,0000
CD05,0000
CD06,0000
CD07,0000
CD08,0000
CD09,0000
CD0A,0000
CD0B,0000
CD0C,0000
CD0D,0000
CD0E,0000
CD0F,0000
CD10,0000
CD11,0000
CD12,0000
CD13,0000
CD14,0000
CD15,0000
CD16,0000
CD17,0000
CD18,0000
CD19,0000
CD1A,0000
CD1B,0000
CD1C,0000
CD1D,0000
CD1E,0000
CD1F,0000
CD20,0000
CD21,0000
CD22,0000
CD23,0000
CD24,0000
CD25,0000
CD26,0000
CD27,0000
CD28,0000
CD29,0000
CD2A,0000
CD2B,0000
CD2C,0000
CD2D,0000
CD2E,0000
CD2F,0000
CD30,0000
CD31,0000
CD32,0000
CD33,0000
CD34,0000
CD35,0000
CD36,0000
CD37,0000
CD38,0000
CD39,0000
CD3A,0000
CD3B,0000
CD3C,0000
CD3D,0000
CD3E,0000
CD3F,0000
CD40,0000
CD41,0000
CD42,0000
CD43,0000
CD44,0000
CD45,0000
CD46,0000
CD47,0000
CD48,0000
CD49,0000
CD4A,0000
CD4B,0000
CD4C,0000
CD4D,0000
CD4E,0000
CD4F,0000
CD50,0000
CD51,0000
CD52,0000
CD53,0000
CD54,0000
CD55,0000
CD56,0000
CD57,0000
CD58,0000
CD59,0000
CD5A,0000
CD5B,0000
CD5C,0000
CD5D,0000
CD5E,0000
CD5F,0000
CD60,0000
CD61,0000
CD62,0000
CD63,0000
CD64,0000
CD65,0000
CD66,0000
CD67,0000
CD68,0000
CD69,0000
CD6A,0000
CD6B,0000
CD6C,0000
CD6D,0000
CD6E,0000
CD6F,0000
CD70,0000
CD71,0000
CD72,0000
CD73,0000
CD74,0000
CD75,0000
CD76,0000
CD77,0000
CD78,0000
CD79,0000
CD7A,0000
CD7B,0000
CD7C,0000
CD7D,0000
CD7E,0000
CD7F,0000
CD80,0000
CD81,0000
CD82,0000
CD83,0000
CD84,0000
CD85,0000
CD86,0000
CD87,0000
CD88,0000
CD89,0000
CD8A,0000
CD8B,0000
CD8C,0000
CD8D,0000
CD8E,0000
CD8F,0000
CD90,0000
CD91,0000
CD92,0000
CD93,0000
CD94,0000
CD95,0000
CD96,0000
CD97,0000
CD98,0000
CD99,0000
CD9A,0000
CD9B,0000
CD9C,0000
CD9D,0000
CD9E,0000
CD9F,0000
CDA0,0000
CDA1,0000
CDA2,0000
CDA3,0000
CDA4,0000
CDA5,0000
CDA6,0000
CDA7,0000
CDA8,0000
CDA9,0000
CDAA,0000
CDAB,0000
CDAC,0000
CDAD,0000
CDAE,0000
CDAF,0000
CDB0,0000
CDB1,0000
CDB2,0000
CDB3,0000
CDB4,0000
CDB5,0000
CDB6,0000
CDB7,0000
CDB8,0000
CDB9,0000
CDBA,0000
CDBB,0000
CDBC,0000
CDBD,0000
CDBE,0000
CDBF,0000
CDC0,0000
CDC1,0000
CDC2,0000
CDC3,0000
CDC4,0000
CDC5,0000
CDC6,0000
CDC7,0000
CDC8,0000
CDC9,0000
CDCA,0000
CDCB,0000
CDCC,0000
CDCD,0000
CDCE,0000
CDCF,0000
CDD0,0000
CDD1,0000
CDD2,0000
CDD3,0000
CDD4,0000
CDD5,0000
CDD6,0000
CDD7,0000
CDD8,0000
CDD9,0000
CDDA,0000
CDDB,0000
CDDC,0000
CDDD,0000
CDDE,0000
CDDF,0000
CDE0,0000
CDE1,0000
CDE2,0000
CDE3,0000
CDE4,0000
CDE5,0000
CDE6,0000
CDE7,0000
CDE8,0000
CDE9,0000
CDEA,0000
CDEB,0000
CDEC,0000
CDED,0000
CDEE,0000
CDEF,0000
CDF0,0000
CDF1,0000
CDF2,0000
CDF3,0000
CDF4,0000
CDF5,0000
CDF6,0000
CDF7,0000
CDF8,0000
CDF9,0000
CDFA,0000
CDFB,0000
CDFC,0000
CDFD,0000
CDFE,0000
CDFF,0000
CE00,0000
CE01,0000
CE02,0000
CE03,0000
CE04,0000
CE05,0000
CE06,0000
CE07,0000
CE08,0000
CE09,0000
CE0A,0000
CE0B,0000
CE0C,0000
CE0D,0000
CE0E,0000
CE0F,0000
CE10,0000
CE11,0000
CE12,0000
CE13,0000
CE14,0000
CE15,0000
CE16,0000
CE17,0000
CE18,0000
CE19,0000
CE1A,0000
CE1B,0000
CE1C,0000
CE1D,0000
CE1E,0000
CE1F,0000
CE20,0000
CE21,0000
CE22,0000
CE23,0000
CE24,0000
CE25,0000
CE26,0000
CE27,0000
CE28,0000
CE29,0000
CE2A,0000
CE2B,0000
CE2C,0000
CE2D,0000
CE2E,0000
CE2F,0000
CE30,0000
CE31,0000
CE32,0000
CE33,0000
CE34,0000
CE35,0000
CE36,0000
CE37,0000
CE38,0000
CE39,0000
CE3A,0000
CE3B,0000
CE3C,0000
CE3D,0000
CE3E,0000
CE3F,0000
CE40,0000
CE41,0000
CE42,0000
CE43,0000
CE44,0000
CE45,0000
CE46,0000
CE47,0000
CE48,0000
CE49,0000
CE4A,0000
CE4B,0000
CE4C,0000
CE4D,0000
CE4E,0000
CE4F,0000
CE50,0000
CE51,0000
CE52,0000
CE53,0000
CE54,0000
CE55,0000
CE56,0000
CE57,0000
CE58,0000
CE59,0000
CE5A,0000
CE5B,0000
CE5C,0000
CE5D,0000
CE5E,0000
CE5F,0000
CE60,0000
CE61,0000
CE62,0000
CE63,0000
CE64,0000
CE65,0000
CE66,0000
CE67,0000
CE68,0000
CE69,0000
CE6A,0000
CE6B,0000
CE6C,0000
CE6D,0000
CE6E,0000
CE6F,0000
CE70,0000
CE71,0000
CE72,0000
CE73,0000
CE74,0000
CE75,0000
CE76,0000
CE77,0000
CE78,0000
CE79,0000
CE7A,0000
CE7B,0000
CE7C,0000
CE7D,0000
CE7E,0000
CE7F,0000
CE80,0000
CE81,0000
CE82,0000
CE83,0000
CE84,0000
CE85,0000
CE86,0000
CE87,0000
CE88,0000
CE89,0000
CE8A,0000
CE8B,0000
CE8C,0000
CE8D,0000
CE8E,0000
CE8F,0000
CE90,0000
CE91,0000
CE92,0000
CE93,0000
CE94,0000
CE95,0000
CE96,0000
CE97,0000
CE98,0000
CE99,0000
CE9A,0000
CE9B,0000
CE9C,0000
CE9D,0000
CE9E,0000
CE9F,0000
CEA0,0000
CEA1,0000
CEA2,0000
CEA3,0000
CEA4,0000
CEA5,0000
CEA6,0000
CEA7,0000
CEA8,0000
CEA9,0000
CEAA,0000
CEAB,0000
CEAC,0000
CEAD,0000
CEAE,0000
CEAF,0000
CEB0,0000
CEB1,0000
CEB2,0000
CEB3,0000
CEB4,0000
CEB5,0000
CEB6,0000
CEB7,0000
CEB8,0000
CEB9,0000
CEBA,0000
CEBB,0000
CEBC,0000
CEBD,0000
CEBE,0000
CEBF,0000
CEC0,0000
CEC1,0000
CEC2,0000
CEC3,0000
CEC4,0000
CEC5,0000
CEC6,0000
CEC7,0000
CEC8,0000
CEC9,0000
CECA,0000
CECB,0000
CECC,0000
CECD,0000
CECE,0000
CECF,0000
CED0,0000
CED1,0000
CED2,0000
CED3,0000
CED4,0000
CED5,0000
CED6,0000
CED7,0000
CED8,0000
CED9,0000
CEDA,0000
CEDB,0000
CEDC,0000
CEDD,0000
CEDE,0000
CEDF,0000
CEE0,0000
CEE1,0000
CEE2,0000
CEE3,0000
CEE4,0000
CEE5,0000
CEE6,0000
CEE7,0000
CEE8,0000
CEE9,0000
CEEA,0000
CEEB,0000
CEEC,0000
CEED,0000
CEEE,0000
CEEF,0000
CEF0,0000
CEF1,0000
CEF2,0000
CEF3,0000
CEF4,0000
CEF5,0000
CEF6,0000
CEF7,0000
CEF8,0000
CEF9,0000
CEFA,0000
CEFB,0000
CEFC,0000
CEFD,0000
CEFE,0000
CEFF,0000
CF00,0000
CF01,0000
CF02,0000
CF03,0000
CF04,0000
CF05,0000
CF06,0000
CF07,0000
CF08,0000
CF09,0000
CF0A,0000
CF0B,0000
CF0C,0000
CF0D,0000
CF0E,0000
CF0F,0000
CF10,0000
CF11,0000
CF12,0000
CF13,0000
CF14,0000
CF15,0000
CF16,0000
CF17,0000
CF18,0000
CF19,0000
CF1A,0000
CF1B,0000
CF1C,0000
CF1D,0000
CF1E,0000
CF1F,0000
CF20,0000
CF21,0000
CF22,0000
CF23,0000
CF24,0000
CF25,0000
CF26,0000
CF27,0000
CF28,0000
CF29,0000
CF2A,0000
CF2B,0000
CF2C,0000
CF2D,0000
CF2E,0000
CF2F,0000
CF30,0000
CF31,0000
CF32,0000
CF33,0000
CF34,0000
CF35,0000
CF36,0000
CF37,0000
CF38,0000
CF39,0000
CF3A,0000
CF3B,0000
CF3C,0000
CF3D,0000
CF3E,0000
CF3F,0000
CF40,0000
CF41,0000
CF42,0000
CF43,0000
CF44,0000
CF45,0000
CF46,0000
CF47,0000
CF48,0000
CF49,0000
CF4A,0000
CF4B,0000
CF4C,0000
CF4D,0000
CF4E,0000
CF4F,0000
CF50,0000
CF51,0000
CF52,0000
CF53,0000
CF54,0000
CF55,0000
CF56,0000
CF57,0000
CF58,0000
CF59,0000
CF5A,0000
CF5B,0000
CF5C,0000
CF5D,0000
CF5E,0000
CF5F,0000
CF60,0000
CF61,0000
CF62,0000
CF63,0000
CF64,0000
CF65,0000
CF66,0000
CF67,0000
CF68,0000
CF69,0000
CF6A,0000
CF6B,0000
CF6C,0000
CF6D,0000
CF6E,0000
CF6F,0000
CF70,0000
CF71,0000
CF72,0000
CF73,0000
CF74,0000
CF75,0000
CF76,0000
CF77,0000
CF78,0000
CF79,0000
CF7A,0000
CF7B,0000
CF7C,0000
CF7D,0000
CF7E,0000
CF7F,0000
CF80,0000
CF81,0000
CF82,0000
CF83,0000
CF84,0000
CF85,0000
CF86,0000
CF87,0000
CF88,0000
CF89,0000
CF8A,0000
CF8B,0000
CF8C,0000
CF8D,0000
CF8E,0000
CF8F,0000
CF90,0000
CF91,0000
CF92,0000
CF93,0000
CF94,0000
CF95,0000
CF96,0000
CF97,0000
CF98,0000
CF99,0000
CF9A,0000
CF9B,0000
CF9C,0000
CF9D,0000
CF9E,0000
CF9F,0000
CFA0,0000
CFA1,0000
CFA2,0000
CFA3,0000
CFA4,0000
CFA5,0000
CFA6,0000
CFA7,0000
CFA8,0000
CFA9,0000
CFAA,0000
CFAB,0000
CFAC,0000
CFAD,0000
CFAE,0000
CFAF,0000
CFB0,0000
CFB1,0000
CFB2,0000
CFB3,0000
CFB4,0000
CFB5,0000
CFB6,0000
CFB7,0000
CFB8,0000
CFB9,0000
CFBA,0000
CFBB,0000
CFBC,0000
CFBD,0000
CFBE,0000
CFBF,0000
CFC0,0000
CFC1,0000
CFC2,0000
CFC3,0000
CFC4,0000
CFC5,0000
CFC6,0000
CFC7,0000
CFC8,0000
CFC9,0000
CFCA,0000
CFCB,0000
CFCC,0000
CFCD,0000
CFCE,0000
CFCF,0000
CFD0,0000
CFD1,0000
CFD2,0000
CFD3,0000
CFD4,0000
CFD5,0000
CFD6,0000
CFD7,0000
CFD8,0000
CFD9,0000
CFDA,0000
CFDB,0000
CFDC,0000
CFDD,0000
CFDE,0000
CFDF,0000
CFE0,0000
CFE1,0000
CFE2,0000
CFE3,0000
CFE4,0000
CFE5,0000
CFE6,0000
CFE7,0000
CFE8,0000
CFE9,0000
CFEA,0000
CFEB,0000
CFEC,0000
CFED,0000
CFEE,0000
CFEF,0000
CFF0,0000
CFF1,0000
CFF2,0000
CFF3,0000
CFF4,0000
CFF5,0000
CFF6,0000
CFF7,0000
CFF8,0000
CFF9,0000
CFFA,0000
CFFB,0000
CFFC,0000
CFFD,0000
CFFE,0000
CFFF,0000
D000,0000
D001,0000
D002,0000
D003,0000
D004,0000
D005,0000
D006,0000
D007,0000
D008,0000
D009,0000
D00A,0000
D00B,0000
D00C,0000
D00D,0000
D00E,0000
D00F,0000
D010,0000
D011,0000
D012,0000
D013,0000
D014,0000
D015,0000
D016,0000
D017,0000
D018,0000
D019,0000
D01A,0000
D01B,0000
D01C,0000
D01D,0000
D01E,0000
D01F,0000
D020,0000
D021,0000
D022,0000
D023,0000
D024,0000
D025,0000
D026,0000
D027,0000
D028,0000
D029,0000
D02A,0000
D02B,0000
D02C,0000
D02D,0000
D02E,0000
D02F,0000
D030,0000
D031,0000
D032,0000
D033,0000
D034,0000
D035,0000
D036,0000
D037,0000
D038,0000
D039,0000
D03A,0000
D03B,0000
D03C,0000
D03D,0000
D03E,0000
D03F,0000
D040,0000
D041,0000
D042,0000
D043,0000
D044,0000
D045,0000
D046,0000
D047,0000
D048,0000
D049,0000
D04A,0000
D04B,0000
D04C,0000
D04D,0000
D04E,0000
D04F,0000
D050,0000
D051,0000
D052,0000
D053,0000
D054,0000
D055,0000
D056,0000
D057,0000
D058,0000
D059,0000
D05A,0000
D05B,0000
D05C,0000
D05D,0000
D05E,0000
D05F,0000
D060,0000
D061,0000
D062,0000
D063,0000
D064,0000
D065,0000
D066,0000
D067,0000
D068,0000
D069,0000
D06A,0000
D06B,0000
D06C,0000
D06D,0000
D06E,0000
D06F,0000
D070,0000
D071,0000
D072,0000
D073,0000
D074,0000
D075,0000
D076,0000
D077,0000
D078,0000
D079,0000
D07A,0000
D07B,0000
D07C,0000
D07D,0000
D07E,0000
D07F,0000
D080,0000
D081,0000
D082,0000
D083,0000
D084,0000
D085,0000
D086,0000
D087,0000
D088,0000
D089,0000
D08A,0000
D08B,0000
D08C,0000
D08D,0000
D08E,0000
D08F,0000
D090,0000
D091,0000
D092,0000
D093,0000
D094,0000
D095,0000
D096,0000
D097,0000
D098,0000
D099,0000
D09A,0000
D09B,0000
D09C,0000
D09D,0000
D09E,0000
D09F,0000
D0A0,0000
D0A1,0000
D0A2,0000
D0A3,0000
D0A4,0000
D0A5,0000
D0A6,0000
D0A7,0000
D0A8,0000
D0A9,0000
D0AA,0000
D0AB,0000
D0AC,0000
D0AD,0000
D0AE,0000
D0AF,0000
D0B0,0000
D0B1,0000
D0B2,0000
D0B3,0000
D0B4,0000
D0B5,0000
D0B6,0000
D0B7,0000
D0B8,0000
D0B9,0000
D0BA,0000
D0BB,0000
D0BC,0000
D0BD,0000
D0BE,0000
D0BF,0000
D0C0,0000
D0C1,0000
D0C2,0000
D0C3,0000
D0C4,0000
D0C5,0000
D0C6,0000
D0C7,0000
D0C8,0000
D0C9,0000
D0CA,0000
D0CB,0000
D0CC,0000
D0CD,0000
D0CE,0000
D0CF,0000
D0D0,0000
D0D1,0000
D0D2,0000
D0D3,0000
D0D4,0000
D0D5,0000
D0D6,0000
D0D7,0000
D0D8,0000
D0D9,0000
D0DA,0000
D0DB,0000
D0DC,0000
D0DD,0000
D0DE,0000
D0DF,0000
D0E0,0000
D0E1,0000
D0E2,0000
D0E3,0000
D0E4,0000
D0E5,0000
D0E6,0000
D0E7,0000
D0E8,0000
D0E9,0000
D0EA,0000
D0EB,0000
D0EC,0000
D0ED,0000
D0EE,0000
D0EF,0000
D0F0,0000
D0F1,0000
D0F2,0000
D0F3,0000
D0F4,0000
D0F5,0000
D0F6,0000
D0F7,0000
D0F8,0000
D0F9,0000
D0FA,0000
D0FB,0000
D0FC,0000
D0FD,0000
D0FE,0000
D0FF,0000
D100,0000
D101,0000
D102,0000
D103,0000
D104,0000
D105,0000
D106,0000
D107,0000
D108,0000
D109,0000
D10A,0000
D10B,0000
D10C,0000
D10D,0000
D10E,0000
D10F,0000
D110,0000
D111,0000
D112,0000
D113,0000
D114,0000
D115,0000
D116,0000
D117,0000
D118,0000
D119,0000
D11A,0000
D11B,0000
D11C,0000
D11D,0000
D11E,0000
D11F,0000
D120,0000
D121,0000
D122,0000
D123,0000
D124,0000
D125,0000
D126,0000
D127,0000
D128,0000
D129,0000
D12A,0000
D12B,0000
D12C,0000
D12D,0000
D12E,0000
D12F,0000
D130,0000
D131,0000
D132,0000
D133,0000
D134,0000
D135,0000
D136,0000
D137,0000
D138,0000
D139,0000
D13A,0000
D13B,0000
D13C,0000
D13D,0000
D13E,0000
D13F,0000
D140,0000
D141,0000
D142,0000
D143,0000
D144,0000
D145,0000
D146,0000
D147,0000
D148,0000
D149,0000
D14A,0000
D14B,0000
D14C,0000
D14D,0000
D14E,0000
D14F,0000
D150,0000
D151,0000
D152,0000
D153,0000
D154,0000
D155,0000
D156,0000
D157,0000
D158,0000
D159,0000
D15A,0000
D15B,0000
D15C,0000
D15D,0000
D15E,0000
D15F,0000
D160,0000
D161,0000
D162,0000
D163,0000
D164,0000
D165,0000
D166,0000
D167,0000
D168,0000
D169,0000
D16A,0000
D16B,0000
D16C,0000
D16D,0000
D16E,0000
D16F,0000
D170,0000
D171,0000
D172,0000
D173,0000
D174,0000
D175,0000
D176,0000
D177,0000
D178,0000
D179,0000
D17A,0000
D17B,0000
D17C,0000
D17D,0000
D17E,0000
D17F,0000
D180,0000
D181,0000
D182,0000
D183,0000
D184,0000
D185,0000
D186,0000
D187,0000
D188,0000
D189,0000
D18A,0000
D18B,0000
D18C,0000
D18D,0000
D18E,0000
D18F,0000
D190,0000
D191,0000
D192,0000
D193,0000
D194,0000
D195,0000
D196,0000
D197,0000
D198,0000
D199,0000
D19A,0000
D19B,0000
D19C,0000
D19D,0000
D19E,0000
D19F,0000
D1A0,0000
D1A1,0000
D1A2,0000
D1A3,0000
D1A4,0000
D1A5,0000
D1A6,0000
D1A7,0000
D1A8,0000
D1A9,0000
D1AA,0000
D1AB,0000
D1AC,0000
D1AD,0000
D1AE,0000
D1AF,0000
D1B0,0000
D1B1,0000
D1B2,0000
D1B3,0000
D1B4,0000
D1B5,0000
D1B6,0000
D1B7,0000
D1B8,0000
D1B9,0000
D1BA,0000
D1BB,0000
D1BC,0000
D1BD,0000
D1BE,0000
D1BF,0000
D1C0,0000
D1C1,0000
D1C2,0000
D1C3,0000
D1C4,0000
D1C5,0000
D1C6,0000
D1C7,0000
D1C8,0000
D1C9,0000
D1CA,0000
D1CB,0000
D1CC,0000
D1CD,0000
D1CE,0000
D1CF,0000
D1D0,0000
D1D1,0000
D1D2,0000
D1D3,0000
D1D4,0000
D1D5,0000
D1D6,0000
D1D7,0000
D1D8,0000
D1D9,0000
D1DA,0000
D1DB,0000
D1DC,0000
D1DD,0000
D1DE,0000
D1DF,0000
D1E0,0000
D1E1,0000
D1E2,0000
D1E3,0000
D1E4,0000
D1E5,0000
D1E6,0000
D1E7,0000
D1E8,0000
D1E9,0000
D1EA,0000
D1EB,0000
D1EC,0000
D1ED,0000
D1EE,0000
D1EF,0000
D1F0,0000
D1F1,0000
D1F2,0000
D1F3,0000
D1F4,0000
D1F5,0000
D1F6,0000
D1F7,0000
D1F8,0000
D1F9,0000
D1FA,0000
D1FB,0000
D1FC,0000
D1FD,0000
D1FE,0000
D1FF,0000
D200,0000
D201,0000
D202,0000
D203,0000
D204,0000
D205,0000
D206,0000
D207,0000
D208,0000
D209,0000
D20A,0000
D20B,0000
D20C,0000
D20D,0000
D20E,0000
D20F,0000
D210,0000
D211,0000
D212,0000
D213,0000
D214,0000
D215,0000
D216,0000
D217,0000
D218,0000
D219,0000
D21A,0000
D21B,0000
D21C,0000
D21D,0000
D21E,0000
D21F,0000
D220,0000
D221,0000
D222,0000
D223,0000
D224,0000
D225,0000
D226,0000
D227,0000
D228,0000
D229,0000
D22A,0000
D22B,0000
D22C,0000
D22D,0000
D22E,0000
D22F,0000
D230,0000
D231,0000
D232,0000
D233,0000
D234,0000
D235,0000
D236,0000
D237,0000
D238,0000
D239,0000
D23A,0000
D23B,0000
D23C,0000
D23D,0000
D23E,0000
D23F,0000
D240,0000
D241,0000
D242,0000
D243,0000
D244,0000
D245,0000
D246,0000
D247,0000
D248,0000
D249,0000
D24A,0000
D24B,0000
D24C,0000
D24D,0000
D24E,0000
D24F,0000
D250,0000
D251,0000
D252,0000
D253,0000
D254,0000
D255,0000
D256,0000
D257,0000
D258,0000
D259,0000
D25A,0000
D25B,0000
D25C,0000
D25D,0000
D25E,0000
D25F,0000
D260,0000
D261,0000
D262,0000
D263,0000
D264,0000
D265,0000
D266,0000
D267,0000
D268,0000
D269,0000
D26A,0000
D26B,0000
D26C,0000
D26D,0000
D26E,0000
D26F,0000
D270,0000
D271,0000
D272,0000
D273,0000
D274,0000
D275,0000
D276,0000
D277,0000
D278,0000
D279,0000
D27A,0000
D27B,0000
D27C,0000
D27D,0000
D27E,0000
D27F,0000
D280,0000
D281,0000
D282,0000
D283,0000
D284,0000
D285,0000
D286,0000
D287,0000
D288,0000
D289,0000
D28A,0000
D28B,0000
D28C,0000
D28D,0000
D28E,0000
D28F,0000
D290,0000
D291,0000
D292,0000
D293,0000
D294,0000
D295,0000
D296,0000
D297,0000
D298,0000
D299,0000
D29A,0000
D29B,0000
D29C,0000
D29D,0000
D29E,0000
D29F,0000
D2A0,0000
D2A1,0000
D2A2,0000
D2A3,0000
D2A4,0000
D2A5,0000
D2A6,0000
D2A7,0000
D2A8,0000
D2A9,0000
D2AA,0000
D2AB,0000
D2AC,0000
D2AD,0000
D2AE,0000
D2AF,0000
D2B0,0000
D2B1,0000
D2B2,0000
D2B3,0000
D2B4,0000
D2B5,0000
D2B6,0000
D2B7,0000
D2B8,0000
D2B9,0000
D2BA,0000
D2BB,0000
D2BC,0000
D2BD,0000
D2BE,0000
D2BF,0000
D2C0,0000
D2C1,0000
D2C2,0000
D2C3,0000
D2C4,0000
D2C5,0000
D2C6,0000
D2C7,0000
D2C8,0000
D2C9,0000
D2CA,0000
D2CB,0000
D2CC,0000
D2CD,0000
D2CE,0000
D2CF,0000
D2D0,0000
D2D1,0000
D2D2,0000
D2D3,0000
D2D4,0000
D2D5,0000
D2D6,0000
D2D7,0000
D2D8,0000
D2D9,0000
D2DA,0000
D2DB,0000
D2DC,0000
D2DD,0000
D2DE,0000
D2DF,0000
D2E0,0000
D2E1,0000
D2E2,0000
D2E3,0000
D2E4,0000
D2E5,0000
D2E6,0000
D2E7,0000
D2E8,0000
D2E9,0000
D2EA,0000
D2EB,0000
D2EC,0000
D2ED,0000
D2EE,0000
D2EF,0000
D2F0,0000
D2F1,0000
D2F2,0000
D2F3,0000
D2F4,0000
D2F5,0000
D2F6,0000
D2F7,0000
D2F8,0000
D2F9,0000
D2FA,0000
D2FB,0000
D2FC,0000
D2FD,0000
D2FE,0000
D2FF,0000
D300,0000
D301,0000
D302,0000
D303,0000
D304,0000
D305,0000
D306,0000
D307,0000
D308,0000
D309,0000
D30A,0000
D30B,0000
D30C,0000
D30D,0000
D30E,0000
D30F,0000
D310,0000
D311,0000
D312,0000
D313,0000
D314,0000
D315,0000
D316,0000
D317,0000
D318,0000
D319,0000
D31A,0000
D31B,0000
D31C,0000
D31D,0000
D31E,0000
D31F,0000
D320,0000
D321,0000
D322,0000
D323,0000
D324,0000
D325,0000
D326,0000
D327,0000
D328,0000
D329,0000
D32A,0000
D32B,0000
D32C,0000
D32D,0000
D32E,0000
D32F,0000
D330,0000
D331,0000
D332,0000
D333,0000
D334,0000
D335,0000
D336,0000
D337,0000
D338,0000
D339,0000
D33A,0000
D33B,0000
D33C,0000
D33D,0000
D33E,0000
D33F,0000
D340,0000
D341,0000
D342,0000
D343,0000
D344,0000
D345,0000
D346,0000
D347,0000
D348,0000
D349,0000
D34A,0000
D34B,0000
D34C,0000
D34D,0000
D34E,0000
D34F,0000
D350,0000
D351,0000
D352,0000
D353,0000
D354,0000
D355,0000
D356,0000
D357,0000
D358,0000
D359,0000
D35A,0000
D35B,0000
D35C,0000
D35D,0000
D35E,0000
D35F,0000
D360,0000
D361,0000
D362,0000
D363,0000
D364,0000
D365,0000
D366,0000
D367,0000
D368,0000
D369,0000
D36A,0000
D36B,0000
D36C,0000
D36D,0000
D36E,0000
D36F,0000
D370,0000
D371,0000
D372,0000
D373,0000
D374,0000
D375,0000
D376,0000
D377,0000
D378,0000
D379,0000
D37A,0000
D37B,0000
D37C,0000
D37D,0000
D37E,0000
D37F,0000
D380,0000
D381,0000
D382,0000
D383,0000
D384,0000
D385,0000
D386,0000
D387,0000
D388,0000
D389,0000
D38A,0000
D38B,0000
D38C,0000
D38D,0000
D38E,0000
D38F,0000
D390,0000
D391,0000
D392,0000
D393,0000
D394,0000
D395,0000
D396,0000
D397,0000
D398,0000
D399,0000
D39A,0000
D39B,0000
D39C,0000
D39D,0000
D39E,0000
D39F,0000
D3A0,0000
D3A1,0000
D3A2,0000
D3A3,0000
D3A4,0000
D3A5,0000
D3A6,0000
D3A7,0000
D3A8,0000
D3A9,0000
D3AA,0000
D3AB,0000
D3AC,0000
D3AD,0000
D3AE,0000
D3AF,0000
D3B0,0000
D3B1,0000
D3B2,0000
D3B3,0000
D3B4,0000
D3B5,0000
D3B6,0000
D3B7,0000
D3B8,0000
D3B9,0000
D3BA,0000
D3BB,0000
D3BC,0000
D3BD,0000
D3BE,0000
D3BF,0000
D3C0,0000
D3C1,0000
D3C2,0000
D3C3,0000
D3C4,0000
D3C5,0000
D3C6,0000
D3C7,0000
D3C8,0000
D3C9,0000
D3CA,0000
D3CB,0000
D3CC,0000
D3CD,0000
D3CE,0000
D3CF,0000
D3D0,0000
D3D1,0000
D3D2,0000
D3D3,0000
D3D4,0000
D3D5,0000
D3D6,0000
D3D7,0000
D3D8,0000
D3D9,0000
D3DA,0000
D3DB,0000
D3DC,0000
D3DD,0000
D3DE,0000
D3DF,0000
D3E0,0000
D3E1,0000
D3E2,0000
D3E3,0000
D3E4,0000
D3E5,0000
D3E6,0000
D3E7,0000
D3E8,0000
D3E9,0000
D3EA,0000
D3EB,0000
D3EC,0000
D3ED,0000
D3EE,0000
D3EF,0000
D3F0,0000
D3F1,0000
D3F2,0000
D3F3,0000
D3F4,0000
D3F5,0000
D3F6,0000
D3F7,0000
D3F8,0000
D3F9,0000
D3FA,0000
D3FB,0000
D3FC,0000
D3FD,0000
D3FE,0000
D3FF,0000
D400,0000
D401,0000
D402,0000
D403,0000
D404,0000
D405,0000
D406,0000
D407,0000
D408,0000
D409,0000
D40A,0000
D40B,0000
D40C,0000
D40D,0000
D40E,0000
D40F,0000
D410,0000
D411,0000
D412,0000
D413,0000
D414,0000
D415,0000
D416,0000
D417,0000
D418,0000
D419,0000
D41A,0000
D41B,0000
D41C,0000
D41D,0000
D41E,0000
D41F,0000
D420,0000
D421,0000
D422,0000
D423,0000
D424,0000
D425,0000
D426,0000
D427,0000
D428,0000
D429,0000
D42A,0000
D42B,0000
D42C,0000
D42D,0000
D42E,0000
D42F,0000
D430,0000
D431,0000
D432,0000
D433,0000
D434,0000
D435,0000
D436,0000
D437,0000
D438,0000
D439,0000
D43A,0000
D43B,0000
D43C,0000
D43D,0000
D43E,0000
D43F,0000
D440,0000
D441,0000
D442,0000
D443,0000
D444,0000
D445,0000
D446,0000
D447,0000
D448,0000
D449,0000
D44A,0000
D44B,0000
D44C,0000
D44D,0000
D44E,0000
D44F,0000
D450,0000
D451,0000
D452,0000
D453,0000
D454,0000
D455,0000
D456,0000
D457,0000
D458,0000
D459,0000
D45A,0000
D45B,0000
D45C,0000
D45D,0000
D45E,0000
D45F,0000
D460,0000
D461,0000
D462,0000
D463,0000
D464,0000
D465,0000
D466,0000
D467,0000
D468,0000
D469,0000
D46A,0000
D46B,0000
D46C,0000
D46D,0000
D46E,0000
D46F,0000
D470,0000
D471,0000
D472,0000
D473,0000
D474,0000
D475,0000
D476,0000
D477,0000
D478,0000
D479,0000
D47A,0000
D47B,0000
D47C,0000
D47D,0000
D47E,0000
D47F,0000
D480,0000
D481,0000
D482,0000
D483,0000
D484,0000
D485,0000
D486,0000
D487,0000
D488,0000
D489,0000
D48A,0000
D48B,0000
D48C,0000
D48D,0000
D48E,0000
D48F,0000
D490,0000
D491,0000
D492,0000
D493,0000
D494,0000
D495,0000
D496,0000
D497,0000
D498,0000
D499,0000
D49A,0000
D49B,0000
D49C,0000
D49D,0000
D49E,0000
D49F,0000
D4A0,0000
D4A1,0000
D4A2,0000
D4A3,0000
D4A4,0000
D4A5,0000
D4A6,0000
D4A7,0000
D4A8,0000
D4A9,0000
D4AA,0000
D4AB,0000
D4AC,0000
D4AD,0000
D4AE,0000
D4AF,0000
D4B0,0000
D4B1,0000
D4B2,0000
D4B3,0000
D4B4,0000
D4B5,0000
D4B6,0000
D4B7,0000
D4B8,0000
D4B9,0000
D4BA,0000
D4BB,0000
D4BC,0000
D4BD,0000
D4BE,0000
D4BF,0000
D4C0,0000
D4C1,0000
D4C2,0000
D4C3,0000
D4C4,0000
D4C5,0000
D4C6,0000
D4C7,0000
D4C8,0000
D4C9,0000
D4CA,0000
D4CB,0000
D4CC,0000
D4CD,0000
D4CE,0000
D4CF,0000
D4D0,0000
D4D1,0000
D4D2,0000
D4D3,0000
D4D4,0000
D4D5,0000
D4D6,0000
D4D7,0000
D4D8,0000
D4D9,0000
D4DA,0000
D4DB,0000
D4DC,0000
D4DD,0000
D4DE,0000
D4DF,0000
D4E0,0000
D4E1,0000
D4E2,0000
D4E3,0000
D4E4,0000
D4E5,0000
D4E6,0000
D4E7,0000
D4E8,0000
D4E9,0000
D4EA,0000
D4EB,0000
D4EC,0000
D4ED,0000
D4EE,0000
D4EF,0000
D4F0,0000
D4F1,0000
D4F2,0000
D4F3,0000
D4F4,0000
D4F5,0000
D4F6,0000
D4F7,0000
D4F8,0000
D4F9,0000
D4FA,0000
D4FB,0000
D4FC,0000
D4FD,0000
D4FE,0000
D4FF,0000
D500,0000
D501,0000
D502,0000
D503,0000
D504,0000
D505,0000
D506,0000
D507,0000
D508,0000
D509,0000
D50A,0000
D50B,0000
D50C,0000
D50D,0000
D50E,0000
D50F,0000
D510,0000
D511,0000
D512,0000
D513,0000
D514,0000
D515,0000
D516,0000
D517,0000
D518,0000
D519,0000
D51A,0000
D51B,0000
D51C,0000
D51D,0000
D51E,0000
D51F,0000
D520,0000
D521,0000
D522,0000
D523,0000
D524,0000
D525,0000
D526,0000
D527,0000
D528,0000
D529,0000
D52A,0000
D52B,0000
D52C,0000
D52D,0000
D52E,0000
D52F,0000
D530,0000
D531,0000
D532,0000
D533,0000
D534,0000
D535,0000
D536,0000
D537,0000
D538,0000
D539,0000
D53A,0000
D53B,0000
D53C,0000
D53D,0000
D53E,0000
D53F,0000
D540,0000
D541,0000
D542,0000
D543,0000
D544,0000
D545,0000
D546,0000
D547,0000
D548,0000
D549,0000
D54A,0000
D54B,0000
D54C,0000
D54D,0000
D54E,0000
D54F,0000
D550,0000
D551,0000
D552,0000
D553,0000
D554,0000
D555,0000
D556,0000
D557,0000
D558,0000
D559,0000
D55A,0000
D55B,0000
D55C,0000
D55D,0000
D55E,0000
D55F,0000
D560,0000
D561,0000
D562,0000
D563,0000
D564,0000
D565,0000
D566,0000
D567,0000
D568,0000
D569,0000
D56A,0000
D56B,0000
D56C,0000
D56D,0000
D56E,0000
D56F,0000
D570,0000
D571,0000
D572,0000
D573,0000
D574,0000
D575,0000
D576,0000
D577,0000
D578,0000
D579,0000
D57A,0000
D57B,0000
D57C,0000
D57D,0000
D57E,0000
D57F,0000
D580,0000
D581,0000
D582,0000
D583,0000
D584,0000
D585,0000
D586,0000
D587,0000
D588,0000
D589,0000
D58A,0000
D58B,0000
D58C,0000
D58D,0000
D58E,0000
D58F,0000
D590,0000
D591,0000
D592,0000
D593,0000
D594,0000
D595,0000
D596,0000
D597,0000
D598,0000
D599,0000
D59A,0000
D59B,0000
D59C,0000
D59D,0000
D59E,0000
D59F,0000
D5A0,0000
D5A1,0000
D5A2,0000
D5A3,0000
D5A4,0000
D5A5,0000
D5A6,0000
D5A7,0000
D5A8,0000
D5A9,0000
D5AA,0000
D5AB,0000
D5AC,0000
D5AD,0000
D5AE,0000
D5AF,0000
D5B0,0000
D5B1,0000
D5B2,0000
D5B3,0000
D5B4,0000
D5B5,0000
D5B6,0000
D5B7,0000
D5B8,0000
D5B9,0000
D5BA,0000
D5BB,0000
D5BC,0000
D5BD,0000
D5BE,0000
D5BF,0000
D5C0,0000
D5C1,0000
D5C2,0000
D5C3,0000
D5C4,0000
D5C5,0000
D5C6,0000
D5C7,0000
D5C8,0000
D5C9,0000
D5CA,0000
D5CB,0000
D5CC,0000
D5CD,0000
D5CE,0000
D5CF,0000
D5D0,0000
D5D1,0000
D5D2,0000
D5D3,0000
D5D4,0000
D5D5,0000
D5D6,0000
D5D7,0000
D5D8,0000
D5D9,0000
D5DA,0000
D5DB,0000
D5DC,0000
D5DD,0000
D5DE,0000
D5DF,0000
D5E0,0000
D5E1,0000
D5E2,0000
D5E3,0000
D5E4,0000
D5E5,0000
D5E6,0000
D5E7,0000
D5E8,0000
D5E9,0000
D5EA,0000
D5EB,0000
D5EC,0000
D5ED,0000
D5EE,0000
D5EF,0000
D5F0,0000
D5F1,0000
D5F2,0000
D5F3,0000
D5F4,0000
D5F5,0000
D5F6,0000
D5F7,0000
D5F8,0000
D5F9,0000
D5FA,0000
D5FB,0000
D5FC,0000
D5FD,0000
D5FE,0000
D5FF,0000
D600,0000
D601,0000
D602,0000
D603,0000
D604,0000
D605,0000
D606,0000
D607,0000
D608,0000
D609,0000
D60A,0000
D60B,0000
D60C,0000
D60D,0000
D60E,0000
D60F,0000
D610,0000
D611,0000
D612,0000
D613,0000
D614,0000
D615,0000
D616,0000
D617,0000
D618,0000
D619,0000
D61A,0000
D61B,0000
D61C,0000
D61D,0000
D61E,0000
D61F,0000
D620,0000
D621,0000
D622,0000
D623,0000
D624,0000
D625,0000
D626,0000
D627,0000
D628,0000
D629,0000
D62A,0000
D62B,0000
D62C,0000
D62D,0000
D62E,0000
D62F,0000
D630,0000
D631,0000
D632,0000
D633,0000
D634,0000
D635,0000
D636,0000
D637,0000
D638,0000
D639,0000
D63A,0000
D63B,0000
D63C,0000
D63D,0000
D63E,0000
D63F,0000
D640,0000
D641,0000
D642,0000
D643,0000
D644,0000
D645,0000
D646,0000
D647,0000
D648,0000
D649,0000
D64A,0000
D64B,0000
D64C,0000
D64D,0000
D64E,0000
D64F,0000
D650,0000
D651,0000
D652,0000
D653,0000
D654,0000
D655,0000
D656,0000
D657,0000
D658,0000
D659,0000
D65A,0000
D65B,0000
D65C,0000
D65D,0000
D65E,0000
D65F,0000
D660,0000
D661,0000
D662,0000
D663,0000
D664,0000
D665,0000
D666,0000
D667,0000
D668,0000
D669,0000
D66A,0000
D66B,0000
D66C,0000
D66D,0000
D66E,0000
D66F,0000
D670,0000
D671,0000
D672,0000
D673,0000
D674,0000
D675,0000
D676,0000
D677,0000
D678,0000
D679,0000
D67A,0000
D67B,0000
D67C,0000
D67D,0000
D67E,0000
D67F,0000
D680,0000
D681,0000
D682,0000
D683,0000
D684,0000
D685,0000
D686,0000
D687,0000
D688,0000
D689,0000
D68A,0000
D68B,0000
D68C,0000
D68D,0000
D68E,0000
D68F,0000
D690,0000
D691,0000
D692,0000
D693,0000
D694,0000
D695,0000
D696,0000
D697,0000
D698,0000
D699,0000
D69A,0000
D69B,0000
D69C,0000
D69D,0000
D69E,0000
D69F,0000
D6A0,0000
D6A1,0000
D6A2,0000
D6A3,0000
D6A4,0000
D6A5,0000
D6A6,0000
D6A7,0000
D6A8,0000
D6A9,0000
D6AA,0000
D6AB,0000
D6AC,0000
D6AD,0000
D6AE,0000
D6AF,0000
D6B0,0000
D6B1,0000
D6B2,0000
D6B3,0000
D6B4,0000
D6B5,0000
D6B6,0000
D6B7,0000
D6B8,0000
D6B9,0000
D6BA,0000
D6BB,0000
D6BC,0000
D6BD,0000
D6BE,0000
D6BF,0000
D6C0,0000
D6C1,0000
D6C2,0000
D6C3,0000
D6C4,0000
D6C5,0000
D6C6,0000
D6C7,0000
D6C8,0000
D6C9,0000
D6CA,0000
D6CB,0000
D6CC,0000
D6CD,0000
D6CE,0000
D6CF,0000
D6D0,0000
D6D1,0000
D6D2,0000
D6D3,0000
D6D4,0000
D6D5,0000
D6D6,0000
D6D7,0000
D6D8,0000
D6D9,0000
D6DA,0000
D6DB,0000
D6DC,0000
D6DD,0000
D6DE,0000
D6DF,0000
D6E0,0000
D6E1,0000
D6E2,0000
D6E3,0000
D6E4,0000
D6E5,0000
D6E6,0000
D6E7,0000
D6E8,0000
D6E9,0000
D6EA,0000
D6EB,0000
D6EC,0000
D6ED,0000
D6EE,0000
D6EF,0000
D6F0,0000
D6F1,0000
D6F2,0000
D6F3,0000
D6F4,0000
D6F5,0000
D6F6,0000
D6F7,0000
D6F8,0000
D6F9,0000
D6FA,0000
D6FB,0000
D6FC,0000
D6FD,0000
D6FE,0000
D6FF,0000
D700,0000
D701,0000
D702,0000
D703,0000
D704,0000
D705,0000
D706,0000
D707,0000
D708,0000
D709,0000
D70A,0000
D70B,0000
D70C,0000
D70D,0000
D70E,0000
D70F,0000
D710,0000
D711,0000
D712,0000
D713,0000
D714,0000
D715,0000
D716,0000
D717,0000
D718,0000
D719,0000
D71A,0000
D71B,0000
D71C,0000
D71D,0000
D71E,0000
D71F,0000
D720,0000
D721,0000
D722,0000
D723,0000
D724,0000
D725,0000
D726,0000
D727,0000
D728,0000
D729,0000
D72A,0000
D72B,0000
D72C,0000
D72D,0000
D72E,0000
D72F,0000
D730,0000
D731,0000
D732,0000
D733,0000
D734,0000
D735,0000
D736,0000
D737,0000
D738,0000
D739,0000
D73A,0000
D73B,0000
D73C,0000
D73D,0000
D73E,0000
D73F,0000
D740,0000
D741,0000
D742,0000
D743,0000
D744,0000
D745,0000
D746,0000
D747,0000
D748,0000
D749,0000
D74A,0000
D74B,0000
D74C,0000
D74D,0000
D74E,0000
D74F,0000
D750,0000
D751,0000
D752,0000
D753,0000
D754,0000
D755,0000
D756,0000
D757,0000
D758,0000
D759,0000
D75A,0000
D75B,0000
D75C,0000
D75D,0000
D75E,0000
D75F,0000
D760,0000
D761,0000
D762,0000
D763,0000
D764,0000
D765,0000
D766,0000
D767,0000
D768,0000
D769,0000
D76A,0000
D76B,0000
D76C,0000
D76D,0000
D76E,0000
D76F,0000
D770,0000
D771,0000
D772,0000
D773,0000
D774,0000
D775,0000
D776,0000
D777,0000
D778,0000
D779,0000
D77A,0000
D77B,0000
D77C,0000
D77D,0000
D77E,0000
D77F,0000
D780,0000
D781,0000
D782,0000
D783,0000
D784,0000
D785,0000
D786,0000
D787,0000
D788,0000
D789,0000
D78A,0000
D78B,0000
D78C,0000
D78D,0000
D78E,0000
D78F,0000
D790,0000
D791,0000
D792,0000
D793,0000
D794,0000
D795,0000
D796,0000
D797,0000
D798,0000
D799,0000
D79A,0000
D79B,0000
D79C,0000
D79D,0000
D79E,0000
D79F,0000
D7A0,0000
D7A1,0000
D7A2,0000
D7A3,0000
D7A4,0000
D7A5,0000
D7A6,0000
D7A7,0000
D7A8,0000
D7A9,0000
D7AA,0000
D7AB,0000
D7AC,0000
D7AD,0000
D7AE,0000
D7AF,0000
D7B0,0000
D7B1,0000
D7B2,0000
D7B3,0000
D7B4,0000
D7B5,0000
D7B6,0000
D7B7,0000
D7B8,0000
D7B9,0000
D7BA,0000
D7BB,0000
D7BC,0000
D7BD,0000
D7BE,0000
D7BF,0000
D7C0,0000
D7C1,0000
D7C2,0000
D7C3,0000
D7C4,0000
D7C5,0000
D7C6,0000
D7C7,0000
D7C8,0000
D7C9,0000
D7CA,0000
D7CB,0000
D7CC,0000
D7CD,0000
D7CE,0000
D7CF,0000
D7D0,0000
D7D1,0000
D7D2,0000
D7D3,0000
D7D4,0000
D7D5,0000
D7D6,0000
D7D7,0000
D7D8,0000
D7D9,0000
D7DA,0000
D7DB,0000
D7DC,0000
D7DD,0000
D7DE,0000
D7DF,0000
D7E0,0000
D7E1,0000
D7E2,0000
D7E3,0000
D7E4,0000
D7E5,0000
D7E6,0000
D7E7,0000
D7E8,0000
D7E9,0000
D7EA,0000
D7EB,0000
D7EC,0000
D7ED,0000
D7EE,0000
D7EF,0000
D7F0,0000
D7F1,0000
D7F2,0000
D7F3,0000
D7F4,0000
D7F5,0000
D7F6,0000
D7F7,0000
D7F8,0000
D7F9,0000
D7FA,0000
D7FB,0000
D7FC,0000
D7FD,0000
D7FE,0000
D7FF,0000
D800,0000
D801,0000
D802,0000
D803,0000
D804,0000
D805,0000
D806,0000
D807,0000
D808,0000
D809,0000
D80A,0000
D80B,0000
D80C,0000
D80D,0000
D80E,0000
D80F,0000
D810,0000
D811,0000
D812,0000
D813,0000
D814,0000
D815,0000
D816,0000
D817,0000
D818,0000
D819,0000
D81A,0000
D81B,0000
D81C,0000
D81D,0000
D81E,0000
D81F,0000
D820,0000
D821,0000
D822,0000
D823,0000
D824,0000
D825,0000
D826,0000
D827,0000
D828,0000
D829,0000
D82A,0000
D82B,0000
D82C,0000
D82D,0000
D82E,0000
D82F,0000
D830,0000
D831,0000
D832,0000
D833,0000
D834,0000
D835,0000
D836,0000
D837,0000
D838,0000
D839,0000
D83A,0000
D83B,0000
D83C,0000
D83D,0000
D83E,0000
D83F,0000
D840,0000
D841,0000
D842,0000
D843,0000
D844,0000
D845,0000
D846,0000
D847,0000
D848,0000
D849,0000
D84A,0000
D84B,0000
D84C,0000
D84D,0000
D84E,0000
D84F,0000
D850,0000
D851,0000
D852,0000
D853,0000
D854,0000
D855,0000
D856,0000
D857,0000
D858,0000
D859,0000
D85A,0000
D85B,0000
D85C,0000
D85D,0000
D85E,0000
D85F,0000
D860,0000
D861,0000
D862,0000
D863,0000
D864,0000
D865,0000
D866,0000
D867,0000
D868,0000
D869,0000
D86A,0000
D86B,0000
D86C,0000
D86D,0000
D86E,0000
D86F,0000
D870,0000
D871,0000
D872,0000
D873,0000
D874,0000
D875,0000
D876,0000
D877,0000
D878,0000
D879,0000
D87A,0000
D87B,0000
D87C,0000
D87D,0000
D87E,0000
D87F,0000
D880,0000
D881,0000
D882,0000
D883,0000
D884,0000
D885,0000
D886,0000
D887,0000
D888,0000
D889,0000
D88A,0000
D88B,0000
D88C,0000
D88D,0000
D88E,0000
D88F,0000
D890,0000
D891,0000
D892,0000
D893,0000
D894,0000
D895,0000
D896,0000
D897,0000
D898,0000
D899,0000
D89A,0000
D89B,0000
D89C,0000
D89D,0000
D89E,0000
D89F,0000
D8A0,0000
D8A1,0000
D8A2,0000
D8A3,0000
D8A4,0000
D8A5,0000
D8A6,0000
D8A7,0000
D8A8,0000
D8A9,0000
D8AA,0000
D8AB,0000
D8AC,0000
D8AD,0000
D8AE,0000
D8AF,0000
D8B0,0000
D8B1,0000
D8B2,0000
D8B3,0000
D8B4,0000
D8B5,0000
D8B6,0000
D8B7,0000
D8B8,0000
D8B9,0000
D8BA,0000
D8BB,0000
D8BC,0000
D8BD,0000
D8BE,0000
D8BF,0000
D8C0,0000
D8C1,0000
D8C2,0000
D8C3,0000
D8C4,0000
D8C5,0000
D8C6,0000
D8C7,0000
D8C8,0000
D8C9,0000
D8CA,0000
D8CB,0000
D8CC,0000
D8CD,0000
D8CE,0000
D8CF,0000
D8D0,0000
D8D1,0000
D8D2,0000
D8D3,0000
D8D4,0000
D8D5,0000
D8D6,0000
D8D7,0000
D8D8,0000
D8D9,0000
D8DA,0000
D8DB,0000
D8DC,0000
D8DD,0000
D8DE,0000
D8DF,0000
D8E0,0000
D8E1,0000
D8E2,0000
D8E3,0000
D8E4,0000
D8E5,0000
D8E6,0000
D8E7,0000
D8E8,0000
D8E9,0000
D8EA,0000
D8EB,0000
D8EC,0000
D8ED,0000
D8EE,0000
D8EF,0000
D8F0,0000
D8F1,0000
D8F2,0000
D8F3,0000
D8F4,0000
D8F5,0000
D8F6,0000
D8F7,0000
D8F8,0000
D8F9,0000
D8FA,0000
D8FB,0000
D8FC,0000
D8FD,0000
D8FE,0000
D8FF,0000
D900,0000
D901,0000
D902,0000
D903,0000
D904,0000
D905,0000
D906,0000
D907,0000
D908,0000
D909,0000
D90A,0000
D90B,0000
D90C,0000
D90D,0000
D90E,0000
D90F,0000
D910,0000
D911,0000
D912,0000
D913,0000
D914,0000
D915,0000
D916,0000
D917,0000
D918,0000
D919,0000
D91A,0000
D91B,0000
D91C,0000
D91D,0000
D91E,0000
D91F,0000
D920,0000
D921,0000
D922,0000
D923,0000
D924,0000
D925,0000
D926,0000
D927,0000
D928,0000
D929,0000
D92A,0000
D92B,0000
D92C,0000
D92D,0000
D92E,0000
D92F,0000
D930,0000
D931,0000
D932,0000
D933,0000
D934,0000
D935,0000
D936,0000
D937,0000
D938,0000
D939,0000
D93A,0000
D93B,0000
D93C,0000
D93D,0000
D93E,0000
D93F,0000
D940,0000
D941,0000
D942,0000
D943,0000
D944,0000
D945,0000
D946,0000
D947,0000
D948,0000
D949,0000
D94A,0000
D94B,0000
D94C,0000
D94D,0000
D94E,0000
D94F,0000
D950,0000
D951,0000
D952,0000
D953,0000
D954,0000
D955,0000
D956,0000
D957,0000
D958,0000
D959,0000
D95A,0000
D95B,0000
D95C,0000
D95D,0000
D95E,0000
D95F,0000
D960,0000
D961,0000
D962,0000
D963,0000
D964,0000
D965,0000
D966,0000
D967,0000
D968,0000
D969,0000
D96A,0000
D96B,0000
D96C,0000
D96D,0000
D96E,0000
D96F,0000
D970,0000
D971,0000
D972,0000
D973,0000
D974,0000
D975,0000
D976,0000
D977,0000
D978,0000
D979,0000
D97A,0000
D97B,0000
D97C,0000
D97D,0000
D97E,0000
D97F,0000
D980,0000
D981,0000
D982,0000
D983,0000
D984,0000
D985,0000
D986,0000
D987,0000
D988,0000
D989,0000
D98A,0000
D98B,0000
D98C,0000
D98D,0000
D98E,0000
D98F,0000
D990,0000
D991,0000
D992,0000
D993,0000
D994,0000
D995,0000
D996,0000
D997,0000
D998,0000
D999,0000
D99A,0000
D99B,0000
D99C,0000
D99D,0000
D99E,0000
D99F,0000
D9A0,0000
D9A1,0000
D9A2,0000
D9A3,0000
D9A4,0000
D9A5,0000
D9A6,0000
D9A7,0000
D9A8,0000
D9A9,0000
D9AA,0000
D9AB,0000
D9AC,0000
D9AD,0000
D9AE,0000
D9AF,0000
D9B0,0000
D9B1,0000
D9B2,0000
D9B3,0000
D9B4,0000
D9B5,0000
D9B6,0000
D9B7,0000
D9B8,0000
D9B9,0000
D9BA,0000
D9BB,0000
D9BC,0000
D9BD,0000
D9BE,0000
D9BF,0000
D9C0,0000
D9C1,0000
D9C2,0000
D9C3,0000
D9C4,0000
D9C5,0000
D9C6,0000
D9C7,0000
D9C8,0000
D9C9,0000
D9CA,0000
D9CB,0000
D9CC,0000
D9CD,0000
D9CE,0000
D9CF,0000
D9D0,0000
D9D1,0000
D9D2,0000
D9D3,0000
D9D4,0000
D9D5,0000
D9D6,0000
D9D7,0000
D9D8,0000
D9D9,0000
D9DA,0000
D9DB,0000
D9DC,0000
D9DD,0000
D9DE,0000
D9DF,0000
D9E0,0000
D9E1,0000
D9E2,0000
D9E3,0000
D9E4,0000
D9E5,0000
D9E6,0000
D9E7,0000
D9E8,0000
D9E9,0000
D9EA,0000
D9EB,0000
D9EC,0000
D9ED,0000
D9EE,0000
D9EF,0000
D9F0,0000
D9F1,0000
D9F2,0000
D9F3,0000
D9F4,0000
D9F5,0000
D9F6,0000
D9F7,0000
D9F8,0000
D9F9,0000
D9FA,0000
D9FB,0000
D9FC,0000
D9FD,0000
D9FE,0000
D9FF,0000
DA00,0000
DA01,0000
DA02,0000
DA03,0000
DA04,0000
DA05,0000
DA06,0000
DA07,0000
DA08,0000
DA09,0000
DA0A,0000
DA0B,0000
DA0C,0000
DA0D,0000
DA0E,0000
DA0F,0000
DA10,0000
DA11,0000
DA12,0000
DA13,0000
DA14,0000
DA15,0000
DA16,0000
DA17,0000
DA18,0000
DA19,0000
DA1A,0000
DA1B,0000
DA1C,0000
DA1D,0000
DA1E,0000
DA1F,0000
DA20,0000
DA21,0000
DA22,0000
DA23,0000
DA24,0000
DA25,0000
DA26,0000
DA27,0000
DA28,0000
DA29,0000
DA2A,0000
DA2B,0000
DA2C,0000
DA2D,0000
DA2E,0000
DA2F,0000
DA30,0000
DA31,0000
DA32,0000
DA33,0000
DA34,0000
DA35,0000
DA36,0000
DA37,0000
DA38,0000
DA39,0000
DA3A,0000
DA3B,0000
DA3C,0000
DA3D,0000
DA3E,0000
DA3F,0000
DA40,0000
DA41,0000
DA42,0000
DA43,0000
DA44,0000
DA45,0000
DA46,0000
DA47,0000
DA48,0000
DA49,0000
DA4A,0000
DA4B,0000
DA4C,0000
DA4D,0000
DA4E,0000
DA4F,0000
DA50,0000
DA51,0000
DA52,0000
DA53,0000
DA54,0000
DA55,0000
DA56,0000
DA57,0000
DA58,0000
DA59,0000
DA5A,0000
DA5B,0000
DA5C,0000
DA5D,0000
DA5E,0000
DA5F,0000
DA60,0000
DA61,0000
DA62,0000
DA63,0000
DA64,0000
DA65,0000
DA66,0000
DA67,0000
DA68,0000
DA69,0000
DA6A,0000
DA6B,0000
DA6C,0000
DA6D,0000
DA6E,0000
DA6F,0000
DA70,0000
DA71,0000
DA72,0000
DA73,0000
DA74,0000
DA75,0000
DA76,0000
DA77,0000
DA78,0000
DA79,0000
DA7A,0000
DA7B,0000
DA7C,0000
DA7D,0000
DA7E,0000
DA7F,0000
DA80,0000
DA81,0000
DA82,0000
DA83,0000
DA84,0000
DA85,0000
DA86,0000
DA87,0000
DA88,0000
DA89,0000
DA8A,0000
DA8B,0000
DA8C,0000
DA8D,0000
DA8E,0000
DA8F,0000
DA90,0000
DA91,0000
DA92,0000
DA93,0000
DA94,0000
DA95,0000
DA96,0000
DA97,0000
DA98,0000
DA99,0000
DA9A,0000
DA9B,0000
DA9C,0000
DA9D,0000
DA9E,0000
DA9F,0000
DAA0,0000
DAA1,0000
DAA2,0000
DAA3,0000
DAA4,0000
DAA5,0000
DAA6,0000
DAA7,0000
DAA8,0000
DAA9,0000
DAAA,0000
DAAB,0000
DAAC,0000
DAAD,0000
DAAE,0000
DAAF,0000
DAB0,0000
DAB1,0000
DAB2,0000
DAB3,0000
DAB4,0000
DAB5,0000
DAB6,0000
DAB7,0000
DAB8,0000
DAB9,0000
DABA,0000
DABB,0000
DABC,0000
DABD,0000
DABE,0000
DABF,0000
DAC0,0000
DAC1,0000
DAC2,0000
DAC3,0000
DAC4,0000
DAC5,0000
DAC6,0000
DAC7,0000
DAC8,0000
DAC9,0000
DACA,0000
DACB,0000
DACC,0000
DACD,0000
DACE,0000
DACF,0000
DAD0,0000
DAD1,0000
DAD2,0000
DAD3,0000
DAD4,0000
DAD5,0000
DAD6,0000
DAD7,0000
DAD8,0000
DAD9,0000
DADA,0000
DADB,0000
DADC,0000
DADD,0000
DADE,0000
DADF,0000
DAE0,0000
DAE1,0000
DAE2,0000
DAE3,0000
DAE4,0000
DAE5,0000
DAE6,0000
DAE7,0000
DAE8,0000
DAE9,0000
DAEA,0000
DAEB,0000
DAEC,0000
DAED,0000
DAEE,0000
DAEF,0000
DAF0,0000
DAF1,0000
DAF2,0000
DAF3,0000
DAF4,0000
DAF5,0000
DAF6,0000
DAF7,0000
DAF8,0000
DAF9,0000
DAFA,0000
DAFB,0000
DAFC,0000
DAFD,0000
DAFE,0000
DAFF,0000
DB00,0000
DB01,0000
DB02,0000
DB03,0000
DB04,0000
DB05,0000
DB06,0000
DB07,0000
DB08,0000
DB09,0000
DB0A,0000
DB0B,0000
DB0C,0000
DB0D,0000
DB0E,0000
DB0F,0000
DB10,0000
DB11,0000
DB12,0000
DB13,0000
DB14,0000
DB15,0000
DB16,0000
DB17,0000
DB18,0000
DB19,0000
DB1A,0000
DB1B,0000
DB1C,0000
DB1D,0000
DB1E,0000
DB1F,0000
DB20,0000
DB21,0000
DB22,0000
DB23,0000
DB24,0000
DB25,0000
DB26,0000
DB27,0000
DB28,0000
DB29,0000
DB2A,0000
DB2B,0000
DB2C,0000
DB2D,0000
DB2E,0000
DB2F,0000
DB30,0000
DB31,0000
DB32,0000
DB33,0000
DB34,0000
DB35,0000
DB36,0000
DB37,0000
DB38,0000
DB39,0000
DB3A,0000
DB3B,0000
DB3C,0000
DB3D,0000
DB3E,0000
DB3F,0000
DB40,0000
DB41,0000
DB42,0000
DB43,0000
DB44,0000
DB45,0000
DB46,0000
DB47,0000
DB48,0000
DB49,0000
DB4A,0000
DB4B,0000
DB4C,0000
DB4D,0000
DB4E,0000
DB4F,0000
DB50,0000
DB51,0000
DB52,0000
DB53,0000
DB54,0000
DB55,0000
DB56,0000
DB57,0000
DB58,0000
DB59,0000
DB5A,0000
DB5B,0000
DB5C,0000
DB5D,0000
DB5E,0000
DB5F,0000
DB60,0000
DB61,0000
DB62,0000
DB63,0000
DB64,0000
DB65,0000
DB66,0000
DB67,0000
DB68,0000
DB69,0000
DB6A,0000
DB6B,0000
DB6C,0000
DB6D,0000
DB6E,0000
DB6F,0000
DB70,0000
DB71,0000
DB72,0000
DB73,0000
DB74,0000
DB75,0000
DB76,0000
DB77,0000
DB78,0000
DB79,0000
DB7A,0000
DB7B,0000
DB7C,0000
DB7D,0000
DB7E,0000
DB7F,0000
DB80,0000
DB81,0000
DB82,0000
DB83,0000
DB84,0000
DB85,0000
DB86,0000
DB87,0000
DB88,0000
DB89,0000
DB8A,0000
DB8B,0000
DB8C,0000
DB8D,0000
DB8E,0000
DB8F,0000
DB90,0000
DB91,0000
DB92,0000
DB93,0000
DB94,0000
DB95,0000
DB96,0000
DB97,0000
DB98,0000
DB99,0000
DB9A,0000
DB9B,0000
DB9C,0000
DB9D,0000
DB9E,0000
DB9F,0000
DBA0,0000
DBA1,0000
DBA2,0000
DBA3,0000
DBA4,0000
DBA5,0000
DBA6,0000
DBA7,0000
DBA8,0000
DBA9,0000
DBAA,0000
DBAB,0000
DBAC,0000
DBAD,0000
DBAE,0000
DBAF,0000
DBB0,0000
DBB1,0000
DBB2,0000
DBB3,0000
DBB4,0000
DBB5,0000
DBB6,0000
DBB7,0000
DBB8,0000
DBB9,0000
DBBA,0000
DBBB,0000
DBBC,0000
DBBD,0000
DBBE,0000
DBBF,0000
DBC0,0000
DBC1,0000
DBC2,0000
DBC3,0000
DBC4,0000
DBC5,0000
DBC6,0000
DBC7,0000
DBC8,0000
DBC9,0000
DBCA,0000
DBCB,0000
DBCC,0000
DBCD,0000
DBCE,0000
DBCF,0000
DBD0,0000
DBD1,0000
DBD2,0000
DBD3,0000
DBD4,0000
DBD5,0000
DBD6,0000
DBD7,0000
DBD8,0000
DBD9,0000
DBDA,0000
DBDB,0000
DBDC,0000
DBDD,0000
DBDE,0000
DBDF,0000
DBE0,0000
DBE1,0000
DBE2,0000
DBE3,0000
DBE4,0000
DBE5,0000
DBE6,0000
DBE7,0000
DBE8,0000
DBE9,0000
DBEA,0000
DBEB,0000
DBEC,0000
DBED,0000
DBEE,0000
DBEF,0000
DBF0,0000
DBF1,0000
DBF2,0000
DBF3,0000
DBF4,0000
DBF5,0000
DBF6,0000
DBF7,0000
DBF8,0000
DBF9,0000
DBFA,0000
DBFB,0000
DBFC,0000
DBFD,0000
DBFE,0000
DBFF,0000
DC00,0000
DC01,0000
DC02,0000
DC03,0000
DC04,0000
DC05,0000
DC06,0000
DC07,0000
DC08,0000
DC09,0000
DC0A,0000
DC0B,0000
DC0C,0000
DC0D,0000
DC0E,0000
DC0F,0000
DC10,0000
DC11,0000
DC12,0000
DC13,0000
DC14,0000
DC15,0000
DC16,0000
DC17,0000
DC18,0000
DC19,0000
DC1A,0000
DC1B,0000
DC1C,0000
DC1D,0000
DC1E,0000
DC1F,0000
DC20,0000
DC21,0000
DC22,0000
DC23,0000
DC24,0000
DC25,0000
DC26,0000
DC27,0000
DC28,0000
DC29,0000
DC2A,0000
DC2B,0000
DC2C,0000
DC2D,0000
DC2E,0000
DC2F,0000
DC30,0000
DC31,0000
DC32,0000
DC33,0000
DC34,0000
DC35,0000
DC36,0000
DC37,0000
DC38,0000
DC39,0000
DC3A,0000
DC3B,0000
DC3C,0000
DC3D,0000
DC3E,0000
DC3F,0000
DC40,0000
DC41,0000
DC42,0000
DC43,0000
DC44,0000
DC45,0000
DC46,0000
DC47,0000
DC48,0000
DC49,0000
DC4A,0000
DC4B,0000
DC4C,0000
DC4D,0000
DC4E,0000
DC4F,0000
DC50,0000
DC51,0000
DC52,0000
DC53,0000
DC54,0000
DC55,0000
DC56,0000
DC57,0000
DC58,0000
DC59,0000
DC5A,0000
DC5B,0000
DC5C,0000
DC5D,0000
DC5E,0000
DC5F,0000
DC60,0000
DC61,0000
DC62,0000
DC63,0000
DC64,0000
DC65,0000
DC66,0000
DC67,0000
DC68,0000
DC69,0000
DC6A,0000
DC6B,0000
DC6C,0000
DC6D,0000
DC6E,0000
DC6F,0000
DC70,0000
DC71,0000
DC72,0000
DC73,0000
DC74,0000
DC75,0000
DC76,0000
DC77,0000
DC78,0000
DC79,0000
DC7A,0000
DC7B,0000
DC7C,0000
DC7D,0000
DC7E,0000
DC7F,0000
DC80,0000
DC81,0000
DC82,0000
DC83,0000
DC84,0000
DC85,0000
DC86,0000
DC87,0000
DC88,0000
DC89,0000
DC8A,0000
DC8B,0000
DC8C,0000
DC8D,0000
DC8E,0000
DC8F,0000
DC90,0000
DC91,0000
DC92,0000
DC93,0000
DC94,0000
DC95,0000
DC96,0000
DC97,0000
DC98,0000
DC99,0000
DC9A,0000
DC9B,0000
DC9C,0000
DC9D,0000
DC9E,0000
DC9F,0000
DCA0,0000
DCA1,0000
DCA2,0000
DCA3,0000
DCA4,0000
DCA5,0000
DCA6,0000
DCA7,0000
DCA8,0000
DCA9,0000
DCAA,0000
DCAB,0000
DCAC,0000
DCAD,0000
DCAE,0000
DCAF,0000
DCB0,0000
DCB1,0000
DCB2,0000
DCB3,0000
DCB4,0000
DCB5,0000
DCB6,0000
DCB7,0000
DCB8,0000
DCB9,0000
DCBA,0000
DCBB,0000
DCBC,0000
DCBD,0000
DCBE,0000
DCBF,0000
DCC0,0000
DCC1,0000
DCC2,0000
DCC3,0000
DCC4,0000
DCC5,0000
DCC6,0000
DCC7,0000
DCC8,0000
DCC9,0000
DCCA,0000
DCCB,0000
DCCC,0000
DCCD,0000
DCCE,0000
DCCF,0000
DCD0,0000
DCD1,0000
DCD2,0000
DCD3,0000
DCD4,0000
DCD5,0000
DCD6,0000
DCD7,0000
DCD8,0000
DCD9,0000
DCDA,0000
DCDB,0000
DCDC,0000
DCDD,0000
DCDE,0000
DCDF,0000
DCE0,0000
DCE1,0000
DCE2,0000
DCE3,0000
DCE4,0000
DCE5,0000
DCE6,0000
DCE7,0000
DCE8,0000
DCE9,0000
DCEA,0000
DCEB,0000
DCEC,0000
DCED,0000
DCEE,0000
DCEF,0000
DCF0,0000
DCF1,0000
DCF2,0000
DCF3,0000
DCF4,0000
DCF5,0000
DCF6,0000
DCF7,0000
DCF8,0000
DCF9,0000
DCFA,0000
DCFB,0000
DCFC,0000
DCFD,0000
DCFE,0000
DCFF,0000
DD00,0000
DD01,0000
DD02,0000
DD03,0000
DD04,0000
DD05,0000
DD06,0000
DD07,0000
DD08,0000
DD09,0000
DD0A,0000
DD0B,0000
DD0C,0000
DD0D,0000
DD0E,0000
DD0F,0000
DD10,0000
DD11,0000
DD12,0000
DD13,0000
DD14,0000
DD15,0000
DD16,0000
DD17,0000
DD18,0000
DD19,0000
DD1A,0000
DD1B,0000
DD1C,0000
DD1D,0000
DD1E,0000
DD1F,0000
DD20,0000
DD21,0000
DD22,0000
DD23,0000
DD24,0000
DD25,0000
DD26,0000
DD27,0000
DD28,0000
DD29,0000
DD2A,0000
DD2B,0000
DD2C,0000
DD2D,0000
DD2E,0000
DD2F,0000
DD30,0000
DD31,0000
DD32,0000
DD33,0000
DD34,0000
DD35,0000
DD36,0000
DD37,0000
DD38,0000
DD39,0000
DD3A,0000
DD3B,0000
DD3C,0000
DD3D,0000
DD3E,0000
DD3F,0000
DD40,0000
DD41,0000
DD42,0000
DD43,0000
DD44,0000
DD45,0000
DD46,0000
DD47,0000
DD48,0000
DD49,0000
DD4A,0000
DD4B,0000
DD4C,0000
DD4D,0000
DD4E,0000
DD4F,0000
DD50,0000
DD51,0000
DD52,0000
DD53,0000
DD54,0000
DD55,0000
DD56,0000
DD57,0000
DD58,0000
DD59,0000
DD5A,0000
DD5B,0000
DD5C,0000
DD5D,0000
DD5E,0000
DD5F,0000
DD60,0000
DD61,0000
DD62,0000
DD63,0000
DD64,0000
DD65,0000
DD66,0000
DD67,0000
DD68,0000
DD69,0000
DD6A,0000
DD6B,0000
DD6C,0000
DD6D,0000
DD6E,0000
DD6F,0000
DD70,0000
DD71,0000
DD72,0000
DD73,0000
DD74,0000
DD75,0000
DD76,0000
DD77,0000
DD78,0000
DD79,0000
DD7A,0000
DD7B,0000
DD7C,0000
DD7D,0000
DD7E,0000
DD7F,0000
DD80,0000
DD81,0000
DD82,0000
DD83,0000
DD84,0000
DD85,0000
DD86,0000
DD87,0000
DD88,0000
DD89,0000
DD8A,0000
DD8B,0000
DD8C,0000
DD8D,0000
DD8E,0000
DD8F,0000
DD90,0000
DD91,0000
DD92,0000
DD93,0000
DD94,0000
DD95,0000
DD96,0000
DD97,0000
DD98,0000
DD99,0000
DD9A,0000
DD9B,0000
DD9C,0000
DD9D,0000
DD9E,0000
DD9F,0000
DDA0,0000
DDA1,0000
DDA2,0000
DDA3,0000
DDA4,0000
DDA5,0000
DDA6,0000
DDA7,0000
DDA8,0000
DDA9,0000
DDAA,0000
DDAB,0000
DDAC,0000
DDAD,0000
DDAE,0000
DDAF,0000
DDB0,0000
DDB1,0000
DDB2,0000
DDB3,0000
DDB4,0000
DDB5,0000
DDB6,0000
DDB7,0000
DDB8,0000
DDB9,0000
DDBA,0000
DDBB,0000
DDBC,0000
DDBD,0000
DDBE,0000
DDBF,0000
DDC0,0000
DDC1,0000
DDC2,0000
DDC3,0000
DDC4,0000
DDC5,0000
DDC6,0000
DDC7,0000
DDC8,0000
DDC9,0000
DDCA,0000
DDCB,0000
DDCC,0000
DDCD,0000
DDCE,0000
DDCF,0000
DDD0,0000
DDD1,0000
DDD2,0000
DDD3,0000
DDD4,0000
DDD5,0000
DDD6,0000
DDD7,0000
DDD8,0000
DDD9,0000
DDDA,0000
DDDB,0000
DDDC,0000
DDDD,0000
DDDE,0000
DDDF,0000
DDE0,0000
DDE1,0000
DDE2,0000
DDE3,0000
DDE4,0000
DDE5,0000
DDE6,0000
DDE7,0000
DDE8,0000
DDE9,0000
DDEA,0000
DDEB,0000
DDEC,0000
DDED,0000
DDEE,0000
DDEF,0000
DDF0,0000
DDF1,0000
DDF2,0000
DDF3,0000
DDF4,0000
DDF5,0000
DDF6,0000
DDF7,0000
DDF8,0000
DDF9,0000
DDFA,0000
DDFB,0000
DDFC,0000
DDFD,0000
DDFE,0000
DDFF,0000
DE00,0000
DE01,0000
DE02,0000
DE03,0000
DE04,0000
DE05,0000
DE06,0000
DE07,0000
DE08,0000
DE09,0000
DE0A,0000
DE0B,0000
DE0C,0000
DE0D,0000
DE0E,0000
DE0F,0000
DE10,0000
DE11,0000
DE12,0000
DE13,0000
DE14,0000
DE15,0000
DE16,0000
DE17,0000
DE18,0000
DE19,0000
DE1A,0000
DE1B,0000
DE1C,0000
DE1D,0000
DE1E,0000
DE1F,0000
DE20,0000
DE21,0000
DE22,0000
DE23,0000
DE24,0000
DE25,0000
DE26,0000
DE27,0000
DE28,0000
DE29,0000
DE2A,0000
DE2B,0000
DE2C,0000
DE2D,0000
DE2E,0000
DE2F,0000
DE30,0000
DE31,0000
DE32,0000
DE33,0000
DE34,0000
DE35,0000
DE36,0000
DE37,0000
DE38,0000
DE39,0000
DE3A,0000
DE3B,0000
DE3C,0000
DE3D,0000
DE3E,0000
DE3F,0000
DE40,0000
DE41,0000
DE42,0000
DE43,0000
DE44,0000
DE45,0000
DE46,0000
DE47,0000
DE48,0000
DE49,0000
DE4A,0000
DE4B,0000
DE4C,0000
DE4D,0000
DE4E,0000
DE4F,0000
DE50,0000
DE51,0000
DE52,0000
DE53,0000
DE54,0000
DE55,0000
DE56,0000
DE57,0000
DE58,0000
DE59,0000
DE5A,0000
DE5B,0000
DE5C,0000
DE5D,0000
DE5E,0000
DE5F,0000
DE60,0000
DE61,0000
DE62,0000
DE63,0000
DE64,0000
DE65,0000
DE66,0000
DE67,0000
DE68,0000
DE69,0000
DE6A,0000
DE6B,0000
DE6C,0000
DE6D,0000
DE6E,0000
DE6F,0000
DE70,0000
DE71,0000
DE72,0000
DE73,0000
DE74,0000
DE75,0000
DE76,0000
DE77,0000
DE78,0000
DE79,0000
DE7A,0000
DE7B,0000
DE7C,0000
DE7D,0000
DE7E,0000
DE7F,0000
DE80,0000
DE81,0000
DE82,0000
DE83,0000
DE84,0000
DE85,0000
DE86,0000
DE87,0000
DE88,0000
DE89,0000
DE8A,0000
DE8B,0000
DE8C,0000
DE8D,0000
DE8E,0000
DE8F,0000
DE90,0000
DE91,0000
DE92,0000
DE93,0000
DE94,0000
DE95,0000
DE96,0000
DE97,0000
DE98,0000
DE99,0000
DE9A,0000
DE9B,0000
DE9C,0000
DE9D,0000
DE9E,0000
DE9F,0000
DEA0,0000
DEA1,0000
DEA2,0000
DEA3,0000
DEA4,0000
DEA5,0000
DEA6,0000
DEA7,0000
DEA8,0000
DEA9,0000
DEAA,0000
DEAB,0000
DEAC,0000
DEAD,0000
DEAE,0000
DEAF,0000
DEB0,0000
DEB1,0000
DEB2,0000
DEB3,0000
DEB4,0000
DEB5,0000
DEB6,0000
DEB7,0000
DEB8,0000
DEB9,0000
DEBA,0000
DEBB,0000
DEBC,0000
DEBD,0000
DEBE,0000
DEBF,0000
DEC0,0000
DEC1,0000
DEC2,0000
DEC3,0000
DEC4,0000
DEC5,0000
DEC6,0000
DEC7,0000
DEC8,0000
DEC9,0000
DECA,0000
DECB,0000
DECC,0000
DECD,0000
DECE,0000
DECF,0000
DED0,0000
DED1,0000
DED2,0000
DED3,0000
DED4,0000
DED5,0000
DED6,0000
DED7,0000
DED8,0000
DED9,0000
DEDA,0000
DEDB,0000
DEDC,0000
DEDD,0000
DEDE,0000
DEDF,0000
DEE0,0000
DEE1,0000
DEE2,0000
DEE3,0000
DEE4,0000
DEE5,0000
DEE6,0000
DEE7,0000
DEE8,0000
DEE9,0000
DEEA,0000
DEEB,0000
DEEC,0000
DEED,0000
DEEE,0000
DEEF,0000
DEF0,0000
DEF1,0000
DEF2,0000
DEF3,0000
DEF4,0000
DEF5,0000
DEF6,0000
DEF7,0000
DEF8,0000
DEF9,0000
DEFA,0000
DEFB,0000
DEFC,0000
DEFD,0000
DEFE,0000
DEFF,0000
DF00,0000
DF01,0000
DF02,0000
DF03,0000
DF04,0000
DF05,0000
DF06,0000
DF07,0000
DF08,0000
DF09,0000
DF0A,0000
DF0B,0000
DF0C,0000
DF0D,0000
DF0E,0000
DF0F,0000
DF10,0000
DF11,0000
DF12,0000
DF13,0000
DF14,0000
DF15,0000
DF16,0000
DF17,0000
DF18,0000
DF19,0000
DF1A,0000
DF1B,0000
DF1C,0000
DF1D,0000
DF1E,0000
DF1F,0000
DF20,0000
DF21,0000
DF22,0000
DF23,0000
DF24,0000
DF25,0000
DF26,0000
DF27,0000
DF28,0000
DF29,0000
DF2A,0000
DF2B,0000
DF2C,0000
DF2D,0000
DF2E,0000
DF2F,0000
DF30,0000
DF31,0000
DF32,0000
DF33,0000
DF34,0000
DF35,0000
DF36,0000
DF37,0000
DF38,0000
DF39,0000
DF3A,0000
DF3B,0000
DF3C,0000
DF3D,0000
DF3E,0000
DF3F,0000
DF40,0000
DF41,0000
DF42,0000
DF43,0000
DF44,0000
DF45,0000
DF46,0000
DF47,0000
DF48,0000
DF49,0000
DF4A,0000
DF4B,0000
DF4C,0000
DF4D,0000
DF4E,0000
DF4F,0000
DF50,0000
DF51,0000
DF52,0000
DF53,0000
DF54,0000
DF55,0000
DF56,0000
DF57,0000
DF58,0000
DF59,0000
DF5A,0000
DF5B,0000
DF5C,0000
DF5D,0000
DF5E,0000
DF5F,0000
DF60,0000
DF61,0000
DF62,0000
DF63,0000
DF64,0000
DF65,0000
DF66,0000
DF67,0000
DF68,0000
DF69,0000
DF6A,0000
DF6B,0000
DF6C,0000
DF6D,0000
DF6E,0000
DF6F,0000
DF70,0000
DF71,0000
DF72,0000
DF73,0000
DF74,0000
DF75,0000
DF76,0000
DF77,0000
DF78,0000
DF79,0000
DF7A,0000
DF7B,0000
DF7C,0000
DF7D,0000
DF7E,0000
DF7F,0000
DF80,0000
DF81,0000
DF82,0000
DF83,0000
DF84,0000
DF85,0000
DF86,0000
DF87,0000
DF88,0000
DF89,0000
DF8A,0000
DF8B,0000
DF8C,0000
DF8D,0000
DF8E,0000
DF8F,0000
DF90,0000
DF91,0000
DF92,0000
DF93,0000
DF94,0000
DF95,0000
DF96,0000
DF97,0000
DF98,0000
DF99,0000
DF9A,0000
DF9B,0000
DF9C,0000
DF9D,0000
DF9E,0000
DF9F,0000
DFA0,0000
DFA1,0000
DFA2,0000
DFA3,0000
DFA4,0000
DFA5,0000
DFA6,0000
DFA7,0000
DFA8,0000
DFA9,0000
DFAA,0000
DFAB,0000
DFAC,0000
DFAD,0000
DFAE,0000
DFAF,0000
DFB0,0000
DFB1,0000
DFB2,0000
DFB3,0000
DFB4,0000
DFB5,0000
DFB6,0000
DFB7,0000
DFB8,0000
DFB9,0000
DFBA,0000
DFBB,0000
DFBC,0000
DFBD,0000
DFBE,0000
DFBF,0000
DFC0,0000
DFC1,0000
DFC2,0000
DFC3,0000
DFC4,0000
DFC5,0000
DFC6,0000
DFC7,0000
DFC8,0000
DFC9,0000
DFCA,0000
DFCB,0000
DFCC,0000
DFCD,0000
DFCE,0000
DFCF,0000
DFD0,0000
DFD1,0000
DFD2,0000
DFD3,0000
DFD4,0000
DFD5,0000
DFD6,0000
DFD7,0000
DFD8,0000
DFD9,0000
DFDA,0000
DFDB,0000
DFDC,0000
DFDD,0000
DFDE,0000
DFDF,0000
DFE0,0000
DFE1,0000
DFE2,0000
DFE3,0000
DFE4,0000
DFE5,0000
DFE6,0000
DFE7,0000
DFE8,0000
DFE9,0000
DFEA,0000
DFEB,0000
DFEC,0000
DFED,0000
DFEE,0000
DFEF,0000
DFF0,0000
DFF1,0000
DFF2,0000
DFF3,0000
DFF4,0000
DFF5,0000
DFF6,0000
DFF7,0000
DFF8,0000
DFF9,0000
DFFA,0000
DFFB,0000
DFFC,0000
DFFD,0000
DFFE,0000
DFFF,0000
E000,0000
E001,0000
E002,0000
E003,0000
E004,0000
E005,0000
E006,0000
E007,0000
E008,0000
E009,0000
E00A,0000
E00B,0000
E00C,0000
E00D,0000
E00E,0000
E00F,0000
E010,0000
E011,0000
E012,0000
E013,0000
E014,0000
E015,0000
E016,0000
E017,0000
E018,0000
E019,0000
E01A,0000
E01B,0000
E01C,0000
E01D,0000
E01E,0000
E01F,0000
E020,0000
E021,0000
E022,0000
E023,0000
E024,0000
E025,0000
E026,0000
E027,0000
E028,0000
E029,0000
E02A,0000
E02B,0000
E02C,0000
E02D,0000
E02E,0000
E02F,0000
E030,0000
E031,0000
E032,0000
E033,0000
E034,0000
E035,0000
E036,0000
E037,0000
E038,0000
E039,0000
E03A,0000
E03B,0000
E03C,0000
E03D,0000
E03E,0000
E03F,0000
E040,0000
E041,0000
E042,0000
E043,0000
E044,0000
E045,0000
E046,0000
E047,0000
E048,0000
E049,0000
E04A,0000
E04B,0000
E04C,0000
E04D,0000
E04E,0000
E04F,0000
E050,0000
E051,0000
E052,0000
E053,0000
E054,0000
E055,0000
E056,0000
E057,0000
E058,0000
E059,0000
E05A,0000
E05B,0000
E05C,0000
E05D,0000
E05E,0000
E05F,0000
E060,0000
E061,0000
E062,0000
E063,0000
E064,0000
E065,0000
E066,0000
E067,0000
E068,0000
E069,0000
E06A,0000
E06B,0000
E06C,0000
E06D,0000
E06E,0000
E06F,0000
E070,0000
E071,0000
E072,0000
E073,0000
E074,0000
E075,0000
E076,0000
E077,0000
E078,0000
E079,0000
E07A,0000
E07B,0000
E07C,0000
E07D,0000
E07E,0000
E07F,0000
E080,0000
E081,0000
E082,0000
E083,0000
E084,0000
E085,0000
E086,0000
E087,0000
E088,0000
E089,0000
E08A,0000
E08B,0000
E08C,0000
E08D,0000
E08E,0000
E08F,0000
E090,0000
E091,0000
E092,0000
E093,0000
E094,0000
E095,0000
E096,0000
E097,0000
E098,0000
E099,0000
E09A,0000
E09B,0000
E09C,0000
E09D,0000
E09E,0000
E09F,0000
E0A0,0000
E0A1,0000
E0A2,0000
E0A3,0000
E0A4,0000
E0A5,0000
E0A6,0000
E0A7,0000
E0A8,0000
E0A9,0000
E0AA,0000
E0AB,0000
E0AC,0000
E0AD,0000
E0AE,0000
E0AF,0000
E0B0,0000
E0B1,0000
E0B2,0000
E0B3,0000
E0B4,0000
E0B5,0000
E0B6,0000
E0B7,0000
E0B8,0000
E0B9,0000
E0BA,0000
E0BB,0000
E0BC,0000
E0BD,0000
E0BE,0000
E0BF,0000
E0C0,0000
E0C1,0000
E0C2,0000
E0C3,0000
E0C4,0000
E0C5,0000
E0C6,0000
E0C7,0000
E0C8,0000
E0C9,0000
E0CA,0000
E0CB,0000
E0CC,0000
E0CD,0000
E0CE,0000
E0CF,0000
E0D0,0000
E0D1,0000
E0D2,0000
E0D3,0000
E0D4,0000
E0D5,0000
E0D6,0000
E0D7,0000
E0D8,0000
E0D9,0000
E0DA,0000
E0DB,0000
E0DC,0000
E0DD,0000
E0DE,0000
E0DF,0000
E0E0,0000
E0E1,0000
E0E2,0000
E0E3,0000
E0E4,0000
E0E5,0000
E0E6,0000
E0E7,0000
E0E8,0000
E0E9,0000
E0EA,0000
E0EB,0000
E0EC,0000
E0ED,0000
E0EE,0000
E0EF,0000
E0F0,0000
E0F1,0000
E0F2,0000
E0F3,0000
E0F4,0000
E0F5,0000
E0F6,0000
E0F7,0000
E0F8,0000
E0F9,0000
E0FA,0000
E0FB,0000
E0FC,0000
E0FD,0000
E0FE,0000
E0FF,0000
E100,0000
E101,0000
E102,0000
E103,0000
E104,0000
E105,0000
E106,0000
E107,0000
E108,0000
E109,0000
E10A,0000
E10B,0000
E10C,0000
E10D,0000
E10E,0000
E10F,0000
E110,0000
E111,0000
E112,0000
E113,0000
E114,0000
E115,0000
E116,0000
E117,0000
E118,0000
E119,0000
E11A,0000
E11B,0000
E11C,0000
E11D,0000
E11E,0000
E11F,0000
E120,0000
E121,0000
E122,0000
E123,0000
E124,0000
E125,0000
E126,0000
E127,0000
E128,0000
E129,0000
E12A,0000
E12B,0000
E12C,0000
E12D,0000
E12E,0000
E12F,0000
E130,0000
E131,0000
E132,0000
E133,0000
E134,0000
E135,0000
E136,0000
E137,0000
E138,0000
E139,0000
E13A,0000
E13B,0000
E13C,0000
E13D,0000
E13E,0000
E13F,0000
E140,0000
E141,0000
E142,0000
E143,0000
E144,0000
E145,0000
E146,0000
E147,0000
E148,0000
E149,0000
E14A,0000
E14B,0000
E14C,0000
E14D,0000
E14E,0000
E14F,0000
E150,0000
E151,0000
E152,0000
E153,0000
E154,0000
E155,0000
E156,0000
E157,0000
E158,0000
E159,0000
E15A,0000
E15B,0000
E15C,0000
E15D,0000
E15E,0000
E15F,0000
E160,0000
E161,0000
E162,0000
E163,0000
E164,0000
E165,0000
E166,0000
E167,0000
E168,0000
E169,0000
E16A,0000
E16B,0000
E16C,0000
E16D,0000
E16E,0000
E16F,0000
E170,0000
E171,0000
E172,0000
E173,0000
E174,0000
E175,0000
E176,0000
E177,0000
E178,0000
E179,0000
E17A,0000
E17B,0000
E17C,0000
E17D,0000
E17E,0000
E17F,0000
E180,0000
E181,0000
E182,0000
E183,0000
E184,0000
E185,0000
E186,0000
E187,0000
E188,0000
E189,0000
E18A,0000
E18B,0000
E18C,0000
E18D,0000
E18E,0000
E18F,0000
E190,0000
E191,0000
E192,0000
E193,0000
E194,0000
E195,0000
E196,0000
E197,0000
E198,0000
E199,0000
E19A,0000
E19B,0000
E19C,0000
E19D,0000
E19E,0000
E19F,0000
E1A0,0000
E1A1,0000
E1A2,0000
E1A3,0000
E1A4,0000
E1A5,0000
E1A6,0000
E1A7,0000
E1A8,0000
E1A9,0000
E1AA,0000
E1AB,0000
E1AC,0000
E1AD,0000
E1AE,0000
E1AF,0000
E1B0,0000
E1B1,0000
E1B2,0000
E1B3,0000
E1B4,0000
E1B5,0000
E1B6,0000
E1B7,0000
E1B8,0000
E1B9,0000
E1BA,0000
E1BB,0000
E1BC,0000
E1BD,0000
E1BE,0000
E1BF,0000
E1C0,0000
E1C1,0000
E1C2,0000
E1C3,0000
E1C4,0000
E1C5,0000
E1C6,0000
E1C7,0000
E1C8,0000
E1C9,0000
E1CA,0000
E1CB,0000
E1CC,0000
E1CD,0000
E1CE,0000
E1CF,0000
E1D0,0000
E1D1,0000
E1D2,0000
E1D3,0000
E1D4,0000
E1D5,0000
E1D6,0000
E1D7,0000
E1D8,0000
E1D9,0000
E1DA,0000
E1DB,0000
E1DC,0000
E1DD,0000
E1DE,0000
E1DF,0000
E1E0,0000
E1E1,0000
E1E2,0000
E1E3,0000
E1E4,0000
E1E5,0000
E1E6,0000
E1E7,0000
E1E8,0000
E1E9,0000
E1EA,0000
E1EB,0000
E1EC,0000
E1ED,0000
E1EE,0000
E1EF,0000
E1F0,0000
E1F1,0000
E1F2,0000
E1F3,0000
E1F4,0000
E1F5,0000
E1F6,0000
E1F7,0000
E1F8,0000
E1F9,0000
E1FA,0000
E1FB,0000
E1FC,0000
E1FD,0000
E1FE,0000
E1FF,0000
E200,0000
E201,0000
E202,0000
E203,0000
E204,0000
E205,0000
E206,0000
E207,0000
E208,0000
E209,0000
E20A,0000
E20B,0000
E20C,0000
E20D,0000
E20E,0000
E20F,0000
E210,0000
E211,0000
E212,0000
E213,0000
E214,0000
E215,0000
E216,0000
E217,0000
E218,0000
E219,0000
E21A,0000
E21B,0000
E21C,0000
E21D,0000
E21E,0000
E21F,0000
E220,0000
E221,0000
E222,0000
E223,0000
E224,0000
E225,0000
E226,0000
E227,0000
E228,0000
E229,0000
E22A,0000
E22B,0000
E22C,0000
E22D,0000
E22E,0000
E22F,0000
E230,0000
E231,0000
E232,0000
E233,0000
E234,0000
E235,0000
E236,0000
E237,0000
E238,0000
E239,0000
E23A,0000
E23B,0000
E23C,0000
E23D,0000
E23E,0000
E23F,0000
E240,0000
E241,0000
E242,0000
E243,0000
E244,0000
E245,0000
E246,0000
E247,0000
E248,0000
E249,0000
E24A,0000
E24B,0000
E24C,0000
E24D,0000
E24E,0000
E24F,0000
E250,0000
E251,0000
E252,0000
E253,0000
E254,0000
E255,0000
E256,0000
E257,0000
E258,0000
E259,0000
E25A,0000
E25B,0000
E25C,0000
E25D,0000
E25E,0000
E25F,0000
E260,0000
E261,0000
E262,0000
E263,0000
E264,0000
E265,0000
E266,0000
E267,0000
E268,0000
E269,0000
E26A,0000
E26B,0000
E26C,0000
E26D,0000
E26E,0000
E26F,0000
E270,0000
E271,0000
E272,0000
E273,0000
E274,0000
E275,0000
E276,0000
E277,0000
E278,0000
E279,0000
E27A,0000
E27B,0000
E27C,0000
E27D,0000
E27E,0000
E27F,0000
E280,0000
E281,0000
E282,0000
E283,0000
E284,0000
E285,0000
E286,0000
E287,0000
E288,0000
E289,0000
E28A,0000
E28B,0000
E28C,0000
E28D,0000
E28E,0000
E28F,0000
E290,0000
E291,0000
E292,0000
E293,0000
E294,0000
E295,0000
E296,0000
E297,0000
E298,0000
E299,0000
E29A,0000
E29B,0000
E29C,0000
E29D,0000
E29E,0000
E29F,0000
E2A0,0000
E2A1,0000
E2A2,0000
E2A3,0000
E2A4,0000
E2A5,0000
E2A6,0000
E2A7,0000
E2A8,0000
E2A9,0000
E2AA,0000
E2AB,0000
E2AC,0000
E2AD,0000
E2AE,0000
E2AF,0000
E2B0,0000
E2B1,0000
E2B2,0000
E2B3,0000
E2B4,0000
E2B5,0000
E2B6,0000
E2B7,0000
E2B8,0000
E2B9,0000
E2BA,0000
E2BB,0000
E2BC,0000
E2BD,0000
E2BE,0000
E2BF,0000
E2C0,0000
E2C1,0000
E2C2,0000
E2C3,0000
E2C4,0000
E2C5,0000
E2C6,0000
E2C7,0000
E2C8,0000
E2C9,0000
E2CA,0000
E2CB,0000
E2CC,0000
E2CD,0000
E2CE,0000
E2CF,0000
E2D0,0000
E2D1,0000
E2D2,0000
E2D3,0000
E2D4,0000
E2D5,0000
E2D6,0000
E2D7,0000
E2D8,0000
E2D9,0000
E2DA,0000
E2DB,0000
E2DC,0000
E2DD,0000
E2DE,0000
E2DF,0000
E2E0,0000
E2E1,0000
E2E2,0000
E2E3,0000
E2E4,0000
E2E5,0000
E2E6,0000
E2E7,0000
E2E8,0000
E2E9,0000
E2EA,0000
E2EB,0000
E2EC,0000
E2ED,0000
E2EE,0000
E2EF,0000
E2F0,0000
E2F1,0000
E2F2,0000
E2F3,0000
E2F4,0000
E2F5,0000
E2F6,0000
E2F7,0000
E2F8,0000
E2F9,0000
E2FA,0000
E2FB,0000
E2FC,0000
E2FD,0000
E2FE,0000
E2FF,0000
E300,0000
E301,0000
E302,0000
E303,0000
E304,0000
E305,0000
E306,0000
E307,0000
E308,0000
E309,0000
E30A,0000
E30B,0000
E30C,0000
E30D,0000
E30E,0000
E30F,0000
E310,0000
E311,0000
E312,0000
E313,0000
E314,0000
E315,0000
E316,0000
E317,0000
E318,0000
E319,0000
E31A,0000
E31B,0000
E31C,0000
E31D,0000
E31E,0000
E31F,0000
E320,0000
E321,0000
E322,0000
E323,0000
E324,0000
E325,0000
E326,0000
E327,0000
E328,0000
E329,0000
E32A,0000
E32B,0000
E32C,0000
E32D,0000
E32E,0000
E32F,0000
E330,0000
E331,0000
E332,0000
E333,0000
E334,0000
E335,0000
E336,0000
E337,0000
E338,0000
E339,0000
E33A,0000
E33B,0000
E33C,0000
E33D,0000
E33E,0000
E33F,0000
E340,0000
E341,0000
E342,0000
E343,0000
E344,0000
E345,0000
E346,0000
E347,0000
E348,0000
E349,0000
E34A,0000
E34B,0000
E34C,0000
E34D,0000
E34E,0000
E34F,0000
E350,0000
E351,0000
E352,0000
E353,0000
E354,0000
E355,0000
E356,0000
E357,0000
E358,0000
E359,0000
E35A,0000
E35B,0000
E35C,0000
E35D,0000
E35E,0000
E35F,0000
E360,0000
E361,0000
E362,0000
E363,0000
E364,0000
E365,0000
E366,0000
E367,0000
E368,0000
E369,0000
E36A,0000
E36B,0000
E36C,0000
E36D,0000
E36E,0000
E36F,0000
E370,0000
E371,0000
E372,0000
E373,0000
E374,0000
E375,0000
E376,0000
E377,0000
E378,0000
E379,0000
E37A,0000
E37B,0000
E37C,0000
E37D,0000
E37E,0000
E37F,0000
E380,0000
E381,0000
E382,0000
E383,0000
E384,0000
E385,0000
E386,0000
E387,0000
E388,0000
E389,0000
E38A,0000
E38B,0000
E38C,0000
E38D,0000
E38E,0000
E38F,0000
E390,0000
E391,0000
E392,0000
E393,0000
E394,0000
E395,0000
E396,0000
E397,0000
E398,0000
E399,0000
E39A,0000
E39B,0000
E39C,0000
E39D,0000
E39E,0000
E39F,0000
E3A0,0000
E3A1,0000
E3A2,0000
E3A3,0000
E3A4,0000
E3A5,0000
E3A6,0000
E3A7,0000
E3A8,0000
E3A9,0000
E3AA,0000
E3AB,0000
E3AC,0000
E3AD,0000
E3AE,0000
E3AF,0000
E3B0,0000
E3B1,0000
E3B2,0000
E3B3,0000
E3B4,0000
E3B5,0000
E3B6,0000
E3B7,0000
E3B8,0000
E3B9,0000
E3BA,0000
E3BB,0000
E3BC,0000
E3BD,0000
E3BE,0000
E3BF,0000
E3C0,0000
E3C1,0000
E3C2,0000
E3C3,0000
E3C4,0000
E3C5,0000
E3C6,0000
E3C7,0000
E3C8,0000
E3C9,0000
E3CA,0000
E3CB,0000
E3CC,0000
E3CD,0000
E3CE,0000
E3CF,0000
E3D0,0000
E3D1,0000
E3D2,0000
E3D3,0000
E3D4,0000
E3D5,0000
E3D6,0000
E3D7,0000
E3D8,0000
E3D9,0000
E3DA,0000
E3DB,0000
E3DC,0000
E3DD,0000
E3DE,0000
E3DF,0000
E3E0,0000
E3E1,0000
E3E2,0000
E3E3,0000
E3E4,0000
E3E5,0000
E3E6,0000
E3E7,0000
E3E8,0000
E3E9,0000
E3EA,0000
E3EB,0000
E3EC,0000
E3ED,0000
E3EE,0000
E3EF,0000
E3F0,0000
E3F1,0000
E3F2,0000
E3F3,0000
E3F4,0000
E3F5,0000
E3F6,0000
E3F7,0000
E3F8,0000
E3F9,0000
E3FA,0000
E3FB,0000
E3FC,0000
E3FD,0000
E3FE,0000
E3FF,0000
E400,0000
E401,0000
E402,0000
E403,0000
E404,0000
E405,0000
E406,0000
E407,0000
E408,0000
E409,0000
E40A,0000
E40B,0000
E40C,0000
E40D,0000
E40E,0000
E40F,0000
E410,0000
E411,0000
E412,0000
E413,0000
E414,0000
E415,0000
E416,0000
E417,0000
E418,0000
E419,0000
E41A,0000
E41B,0000
E41C,0000
E41D,0000
E41E,0000
E41F,0000
E420,0000
E421,0000
E422,0000
E423,0000
E424,0000
E425,0000
E426,0000
E427,0000
E428,0000
E429,0000
E42A,0000
E42B,0000
E42C,0000
E42D,0000
E42E,0000
E42F,0000
E430,0000
E431,0000
E432,0000
E433,0000
E434,0000
E435,0000
E436,0000
E437,0000
E438,0000
E439,0000
E43A,0000
E43B,0000
E43C,0000
E43D,0000
E43E,0000
E43F,0000
E440,0000
E441,0000
E442,0000
E443,0000
E444,0000
E445,0000
E446,0000
E447,0000
E448,0000
E449,0000
E44A,0000
E44B,0000
E44C,0000
E44D,0000
E44E,0000
E44F,0000
E450,0000
E451,0000
E452,0000
E453,0000
E454,0000
E455,0000
E456,0000
E457,0000
E458,0000
E459,0000
E45A,0000
E45B,0000
E45C,0000
E45D,0000
E45E,0000
E45F,0000
E460,0000
E461,0000
E462,0000
E463,0000
E464,0000
E465,0000
E466,0000
E467,0000
E468,0000
E469,0000
E46A,0000
E46B,0000
E46C,0000
E46D,0000
E46E,0000
E46F,0000
E470,0000
E471,0000
E472,0000
E473,0000
E474,0000
E475,0000
E476,0000
E477,0000
E478,0000
E479,0000
E47A,0000
E47B,0000
E47C,0000
E47D,0000
E47E,0000
E47F,0000
E480,0000
E481,0000
E482,0000
E483,0000
E484,0000
E485,0000
E486,0000
E487,0000
E488,0000
E489,0000
E48A,0000
E48B,0000
E48C,0000
E48D,0000
E48E,0000
E48F,0000
E490,0000
E491,0000
E492,0000
E493,0000
E494,0000
E495,0000
E496,0000
E497,0000
E498,0000
E499,0000
E49A,0000
E49B,0000
E49C,0000
E49D,0000
E49E,0000
E49F,0000
E4A0,0000
E4A1,0000
E4A2,0000
E4A3,0000
E4A4,0000
E4A5,0000
E4A6,0000
E4A7,0000
E4A8,0000
E4A9,0000
E4AA,0000
E4AB,0000
E4AC,0000
E4AD,0000
E4AE,0000
E4AF,0000
E4B0,0000
E4B1,0000
E4B2,0000
E4B3,0000
E4B4,0000
E4B5,0000
E4B6,0000
E4B7,0000
E4B8,0000
E4B9,0000
E4BA,0000
E4BB,0000
E4BC,0000
E4BD,0000
E4BE,0000
E4BF,0000
E4C0,0000
E4C1,0000
E4C2,0000
E4C3,0000
E4C4,0000
E4C5,0000
E4C6,0000
E4C7,0000
E4C8,0000
E4C9,0000
E4CA,0000
E4CB,0000
E4CC,0000
E4CD,0000
E4CE,0000
E4CF,0000
E4D0,0000
E4D1,0000
E4D2,0000
E4D3,0000
E4D4,0000
E4D5,0000
E4D6,0000
E4D7,0000
E4D8,0000
E4D9,0000
E4DA,0000
E4DB,0000
E4DC,0000
E4DD,0000
E4DE,0000
E4DF,0000
E4E0,0000
E4E1,0000
E4E2,0000
E4E3,0000
E4E4,0000
E4E5,0000
E4E6,0000
E4E7,0000
E4E8,0000
E4E9,0000
E4EA,0000
E4EB,0000
E4EC,0000
E4ED,0000
E4EE,0000
E4EF,0000
E4F0,0000
E4F1,0000
E4F2,0000
E4F3,0000
E4F4,0000
E4F5,0000
E4F6,0000
E4F7,0000
E4F8,0000
E4F9,0000
E4FA,0000
E4FB,0000
E4FC,0000
E4FD,0000
E4FE,0000
E4FF,0000
E500,0000
E501,0000
E502,0000
E503,0000
E504,0000
E505,0000
E506,0000
E507,0000
E508,0000
E509,0000
E50A,0000
E50B,0000
E50C,0000
E50D,0000
E50E,0000
E50F,0000
E510,0000
E511,0000
E512,0000
E513,0000
E514,0000
E515,0000
E516,0000
E517,0000
E518,0000
E519,0000
E51A,0000
E51B,0000
E51C,0000
E51D,0000
E51E,0000
E51F,0000
E520,0000
E521,0000
E522,0000
E523,0000
E524,0000
E525,0000
E526,0000
E527,0000
E528,0000
E529,0000
E52A,0000
E52B,0000
E52C,0000
E52D,0000
E52E,0000
E52F,0000
E530,0000
E531,0000
E532,0000
E533,0000
E534,0000
E535,0000
E536,0000
E537,0000
E538,0000
E539,0000
E53A,0000
E53B,0000
E53C,0000
E53D,0000
E53E,0000
E53F,0000
E540,0000
E541,0000
E542,0000
E543,0000
E544,0000
E545,0000
E546,0000
E547,0000
E548,0000
E549,0000
E54A,0000
E54B,0000
E54C,0000
E54D,0000
E54E,0000
E54F,0000
E550,0000
E551,0000
E552,0000
E553,0000
E554,0000
E555,0000
E556,0000
E557,0000
E558,0000
E559,0000
E55A,0000
E55B,0000
E55C,0000
E55D,0000
E55E,0000
E55F,0000
E560,0000
E561,0000
E562,0000
E563,0000
E564,0000
E565,0000
E566,0000
E567,0000
E568,0000
E569,0000
E56A,0000
E56B,0000
E56C,0000
E56D,0000
E56E,0000
E56F,0000
E570,0000
E571,0000
E572,0000
E573,0000
E574,0000
E575,0000
E576,0000
E577,0000
E578,0000
E579,0000
E57A,0000
E57B,0000
E57C,0000
E57D,0000
E57E,0000
E57F,0000
E580,0000
E581,0000
E582,0000
E583,0000
E584,0000
E585,0000
E586,0000
E587,0000
E588,0000
E589,0000
E58A,0000
E58B,0000
E58C,0000
E58D,0000
E58E,0000
E58F,0000
E590,0000
E591,0000
E592,0000
E593,0000
E594,0000
E595,0000
E596,0000
E597,0000
E598,0000
E599,0000
E59A,0000
E59B,0000
E59C,0000
E59D,0000
E59E,0000
E59F,0000
E5A0,0000
E5A1,0000
E5A2,0000
E5A3,0000
E5A4,0000
E5A5,0000
E5A6,0000
E5A7,0000
E5A8,0000
E5A9,0000
E5AA,0000
E5AB,0000
E5AC,0000
E5AD,0000
E5AE,0000
E5AF,0000
E5B0,0000
E5B1,0000
E5B2,0000
E5B3,0000
E5B4,0000
E5B5,0000
E5B6,0000
E5B7,0000
E5B8,0000
E5B9,0000
E5BA,0000
E5BB,0000
E5BC,0000
E5BD,0000
E5BE,0000
E5BF,0000
E5C0,0000
E5C1,0000
E5C2,0000
E5C3,0000
E5C4,0000
E5C5,0000
E5C6,0000
E5C7,0000
E5C8,0000
E5C9,0000
E5CA,0000
E5CB,0000
E5CC,0000
E5CD,0000
E5CE,0000
E5CF,0000
E5D0,0000
E5D1,0000
E5D2,0000
E5D3,0000
E5D4,0000
E5D5,0000
E5D6,0000
E5D7,0000
E5D8,0000
E5D9,0000
E5DA,0000
E5DB,0000
E5DC,0000
E5DD,0000
E5DE,0000
E5DF,0000
E5E0,0000
E5E1,0000
E5E2,0000
E5E3,0000
E5E4,0000
E5E5,0000
E5E6,0000
E5E7,0000
E5E8,0000
E5E9,0000
E5EA,0000
E5EB,0000
E5EC,0000
E5ED,0000
E5EE,0000
E5EF,0000
E5F0,0000
E5F1,0000
E5F2,0000
E5F3,0000
E5F4,0000
E5F5,0000
E5F6,0000
E5F7,0000
E5F8,0000
E5F9,0000
E5FA,0000
E5FB,0000
E5FC,0000
E5FD,0000
E5FE,0000
E5FF,0000
E600,0000
E601,0000
E602,0000
E603,0000
E604,0000
E605,0000
E606,0000
E607,0000
E608,0000
E609,0000
E60A,0000
E60B,0000
E60C,0000
E60D,0000
E60E,0000
E60F,0000
E610,0000
E611,0000
E612,0000
E613,0000
E614,0000
E615,0000
E616,0000
E617,0000
E618,0000
E619,0000
E61A,0000
E61B,0000
E61C,0000
E61D,0000
E61E,0000
E61F,0000
E620,0000
E621,0000
E622,0000
E623,0000
E624,0000
E625,0000
E626,0000
E627,0000
E628,0000
E629,0000
E62A,0000
E62B,0000
E62C,0000
E62D,0000
E62E,0000
E62F,0000
E630,0000
E631,0000
E632,0000
E633,0000
E634,0000
E635,0000
E636,0000
E637,0000
E638,0000
E639,0000
E63A,0000
E63B,0000
E63C,0000
E63D,0000
E63E,0000
E63F,0000
E640,0000
E641,0000
E642,0000
E643,0000
E644,0000
E645,0000
E646,0000
E647,0000
E648,0000
E649,0000
E64A,0000
E64B,0000
E64C,0000
E64D,0000
E64E,0000
E64F,0000
E650,0000
E651,0000
E652,0000
E653,0000
E654,0000
E655,0000
E656,0000
E657,0000
E658,0000
E659,0000
E65A,0000
E65B,0000
E65C,0000
E65D,0000
E65E,0000
E65F,0000
E660,0000
E661,0000
E662,0000
E663,0000
E664,0000
E665,0000
E666,0000
E667,0000
E668,0000
E669,0000
E66A,0000
E66B,0000
E66C,0000
E66D,0000
E66E,0000
E66F,0000
E670,0000
E671,0000
E672,0000
E673,0000
E674,0000
E675,0000
E676,0000
E677,0000
E678,0000
E679,0000
E67A,0000
E67B,0000
E67C,0000
E67D,0000
E67E,0000
E67F,0000
E680,0000
E681,0000
E682,0000
E683,0000
E684,0000
E685,0000
E686,0000
E687,0000
E688,0000
E689,0000
E68A,0000
E68B,0000
E68C,0000
E68D,0000
E68E,0000
E68F,0000
E690,0000
E691,0000
E692,0000
E693,0000
E694,0000
E695,0000
E696,0000
E697,0000
E698,0000
E699,0000
E69A,0000
E69B,0000
E69C,0000
E69D,0000
E69E,0000
E69F,0000
E6A0,0000
E6A1,0000
E6A2,0000
E6A3,0000
E6A4,0000
E6A5,0000
E6A6,0000
E6A7,0000
E6A8,0000
E6A9,0000
E6AA,0000
E6AB,0000
E6AC,0000
E6AD,0000
E6AE,0000
E6AF,0000
E6B0,0000
E6B1,0000
E6B2,0000
E6B3,0000
E6B4,0000
E6B5,0000
E6B6,0000
E6B7,0000
E6B8,0000
E6B9,0000
E6BA,0000
E6BB,0000
E6BC,0000
E6BD,0000
E6BE,0000
E6BF,0000
E6C0,0000
E6C1,0000
E6C2,0000
E6C3,0000
E6C4,0000
E6C5,0000
E6C6,0000
E6C7,0000
E6C8,0000
E6C9,0000
E6CA,0000
E6CB,0000
E6CC,0000
E6CD,0000
E6CE,0000
E6CF,0000
E6D0,0000
E6D1,0000
E6D2,0000
E6D3,0000
E6D4,0000
E6D5,0000
E6D6,0000
E6D7,0000
E6D8,0000
E6D9,0000
E6DA,0000
E6DB,0000
E6DC,0000
E6DD,0000
E6DE,0000
E6DF,0000
E6E0,0000
E6E1,0000
E6E2,0000
E6E3,0000
E6E4,0000
E6E5,0000
E6E6,0000
E6E7,0000
E6E8,0000
E6E9,0000
E6EA,0000
E6EB,0000
E6EC,0000
E6ED,0000
E6EE,0000
E6EF,0000
E6F0,0000
E6F1,0000
E6F2,0000
E6F3,0000
E6F4,0000
E6F5,0000
E6F6,0000
E6F7,0000
E6F8,0000
E6F9,0000
E6FA,0000
E6FB,0000
E6FC,0000
E6FD,0000
E6FE,0000
E6FF,0000
E700,0000
E701,0000
E702,0000
E703,0000
E704,0000
E705,0000
E706,0000
E707,0000
E708,0000
E709,0000
E70A,0000
E70B,0000
E70C,0000
E70D,0000
E70E,0000
E70F,0000
E710,0000
E711,0000
E712,0000
E713,0000
E714,0000
E715,0000
E716,0000
E717,0000
E718,0000
E719,0000
E71A,0000
E71B,0000
E71C,0000
E71D,0000
E71E,0000
E71F,0000
E720,0000
E721,0000
E722,0000
E723,0000
E724,0000
E725,0000
E726,0000
E727,0000
E728,0000
E729,0000
E72A,0000
E72B,0000
E72C,0000
E72D,0000
E72E,0000
E72F,0000
E730,0000
E731,0000
E732,0000
E733,0000
E734,0000
E735,0000
E736,0000
E737,0000
E738,0000
E739,0000
E73A,0000
E73B,0000
E73C,0000
E73D,0000
E73E,0000
E73F,0000
E740,0000
E741,0000
E742,0000
E743,0000
E744,0000
E745,0000
E746,0000
E747,0000
E748,0000
E749,0000
E74A,0000
E74B,0000
E74C,0000
E74D,0000
E74E,0000
E74F,0000
E750,0000
E751,0000
E752,0000
E753,0000
E754,0000
E755,0000
E756,0000
E757,0000
E758,0000
E759,0000
E75A,0000
E75B,0000
E75C,0000
E75D,0000
E75E,0000
E75F,0000
E760,0000
E761,0000
E762,0000
E763,0000
E764,0000
E765,0000
E766,0000
E767,0000
E768,0000
E769,0000
E76A,0000
E76B,0000
E76C,0000
E76D,0000
E76E,0000
E76F,0000
E770,0000
E771,0000
E772,0000
E773,0000
E774,0000
E775,0000
E776,0000
E777,0000
E778,0000
E779,0000
E77A,0000
E77B,0000
E77C,0000
E77D,0000
E77E,0000
E77F,0000
E780,0000
E781,0000
E782,0000
E783,0000
E784,0000
E785,0000
E786,0000
E787,0000
E788,0000
E789,0000
E78A,0000
E78B,0000
E78C,0000
E78D,0000
E78E,0000
E78F,0000
E790,0000
E791,0000
E792,0000
E793,0000
E794,0000
E795,0000
E796,0000
E797,0000
E798,0000
E799,0000
E79A,0000
E79B,0000
E79C,0000
E79D,0000
E79E,0000
E79F,0000
E7A0,0000
E7A1,0000
E7A2,0000
E7A3,0000
E7A4,0000
E7A5,0000
E7A6,0000
E7A7,0000
E7A8,0000
E7A9,0000
E7AA,0000
E7AB,0000
E7AC,0000
E7AD,0000
E7AE,0000
E7AF,0000
E7B0,0000
E7B1,0000
E7B2,0000
E7B3,0000
E7B4,0000
E7B5,0000
E7B6,0000
E7B7,0000
E7B8,0000
E7B9,0000
E7BA,0000
E7BB,0000
E7BC,0000
E7BD,0000
E7BE,0000
E7BF,0000
E7C0,0000
E7C1,0000
E7C2,0000
E7C3,0000
E7C4,0000
E7C5,0000
E7C6,0000
E7C7,0000
E7C8,0000
E7C9,0000
E7CA,0000
E7CB,0000
E7CC,0000
E7CD,0000
E7CE,0000
E7CF,0000
E7D0,0000
E7D1,0000
E7D2,0000
E7D3,0000
E7D4,0000
E7D5,0000
E7D6,0000
E7D7,0000
E7D8,0000
E7D9,0000
E7DA,0000
E7DB,0000
E7DC,0000
E7DD,0000
E7DE,0000
E7DF,0000
E7E0,0000
E7E1,0000
E7E2,0000
E7E3,0000
E7E4,0000
E7E5,0000
E7E6,0000
E7E7,0000
E7E8,0000
E7E9,0000
E7EA,0000
E7EB,0000
E7EC,0000
E7ED,0000
E7EE,0000
E7EF,0000
E7F0,0000
E7F1,0000
E7F2,0000
E7F3,0000
E7F4,0000
E7F5,0000
E7F6,0000
E7F7,0000
E7F8,0000
E7F9,0000
E7FA,0000
E7FB,0000
E7FC,0000
E7FD,0000
E7FE,0000
E7FF,0000
E800,0000
E801,0000
E802,0000
E803,0000
E804,0000
E805,0000
E806,0000
E807,0000
E808,0000
E809,0000
E80A,0000
E80B,0000
E80C,0000
E80D,0000
E80E,0000
E80F,0000
E810,0000
E811,0000
E812,0000
E813,0000
E814,0000
E815,0000
E816,0000
E817,0000
E818,0000
E819,0000
E81A,0000
E81B,0000
E81C,0000
E81D,0000
E81E,0000
E81F,0000
E820,0000
E821,0000
E822,0000
E823,0000
E824,0000
E825,0000
E826,0000
E827,0000
E828,0000
E829,0000
E82A,0000
E82B,0000
E82C,0000
E82D,0000
E82E,0000
E82F,0000
E830,0000
E831,0000
E832,0000
E833,0000
E834,0000
E835,0000
E836,0000
E837,0000
E838,0000
E839,0000
E83A,0000
E83B,0000
E83C,0000
E83D,0000
E83E,0000
E83F,0000
E840,0000
E841,0000
E842,0000
E843,0000
E844,0000
E845,0000
E846,0000
E847,0000
E848,0000
E849,0000
E84A,0000
E84B,0000
E84C,0000
E84D,0000
E84E,0000
E84F,0000
E850,0000
E851,0000
E852,0000
E853,0000
E854,0000
E855,0000
E856,0000
E857,0000
E858,0000
E859,0000
E85A,0000
E85B,0000
E85C,0000
E85D,0000
E85E,0000
E85F,0000
E860,0000
E861,0000
E862,0000
E863,0000
E864,0000
E865,0000
E866,0000
E867,0000
E868,0000
E869,0000
E86A,0000
E86B,0000
E86C,0000
E86D,0000
E86E,0000
E86F,0000
E870,0000
E871,0000
E872,0000
E873,0000
E874,0000
E875,0000
E876,0000
E877,0000
E878,0000
E879,0000
E87A,0000
E87B,0000
E87C,0000
E87D,0000
E87E,0000
E87F,0000
E880,0000
E881,0000
E882,0000
E883,0000
E884,0000
E885,0000
E886,0000
E887,0000
E888,0000
E889,0000
E88A,0000
E88B,0000
E88C,0000
E88D,0000
E88E,0000
E88F,0000
E890,0000
E891,0000
E892,0000
E893,0000
E894,0000
E895,0000
E896,0000
E897,0000
E898,0000
E899,0000
E89A,0000
E89B,0000
E89C,0000
E89D,0000
E89E,0000
E89F,0000
E8A0,0000
E8A1,0000
E8A2,0000
E8A3,0000
E8A4,0000
E8A5,0000
E8A6,0000
E8A7,0000
E8A8,0000
E8A9,0000
E8AA,0000
E8AB,0000
E8AC,0000
E8AD,0000
E8AE,0000
E8AF,0000
E8B0,0000
E8B1,0000
E8B2,0000
E8B3,0000
E8B4,0000
E8B5,0000
E8B6,0000
E8B7,0000
E8B8,0000
E8B9,0000
E8BA,0000
E8BB,0000
E8BC,0000
E8BD,0000
E8BE,0000
E8BF,0000
E8C0,0000
E8C1,0000
E8C2,0000
E8C3,0000
E8C4,0000
E8C5,0000
E8C6,0000
E8C7,0000
E8C8,0000
E8C9,0000
E8CA,0000
E8CB,0000
E8CC,0000
E8CD,0000
E8CE,0000
E8CF,0000
E8D0,0000
E8D1,0000
E8D2,0000
E8D3,0000
E8D4,0000
E8D5,0000
E8D6,0000
E8D7,0000
E8D8,0000
E8D9,0000
E8DA,0000
E8DB,0000
E8DC,0000
E8DD,0000
E8DE,0000
E8DF,0000
E8E0,0000
E8E1,0000
E8E2,0000
E8E3,0000
E8E4,0000
E8E5,0000
E8E6,0000
E8E7,0000
E8E8,0000
E8E9,0000
E8EA,0000
E8EB,0000
E8EC,0000
E8ED,0000
E8EE,0000
E8EF,0000
E8F0,0000
E8F1,0000
E8F2,0000
E8F3,0000
E8F4,0000
E8F5,0000
E8F6,0000
E8F7,0000
E8F8,0000
E8F9,0000
E8FA,0000
E8FB,0000
E8FC,0000
E8FD,0000
E8FE,0000
E8FF,0000
E900,0000
E901,0000
E902,0000
E903,0000
E904,0000
E905,0000
E906,0000
E907,0000
E908,0000
E909,0000
E90A,0000
E90B,0000
E90C,0000
E90D,0000
E90E,0000
E90F,0000
E910,0000
E911,0000
E912,0000
E913,0000
E914,0000
E915,0000
E916,0000
E917,0000
E918,0000
E919,0000
E91A,0000
E91B,0000
E91C,0000
E91D,0000
E91E,0000
E91F,0000
E920,0000
E921,0000
E922,0000
E923,0000
E924,0000
E925,0000
E926,0000
E927,0000
E928,0000
E929,0000
E92A,0000
E92B,0000
E92C,0000
E92D,0000
E92E,0000
E92F,0000
E930,0000
E931,0000
E932,0000
E933,0000
E934,0000
E935,0000
E936,0000
E937,0000
E938,0000
E939,0000
E93A,0000
E93B,0000
E93C,0000
E93D,0000
E93E,0000
E93F,0000
E940,0000
E941,0000
E942,0000
E943,0000
E944,0000
E945,0000
E946,0000
E947,0000
E948,0000
E949,0000
E94A,0000
E94B,0000
E94C,0000
E94D,0000
E94E,0000
E94F,0000
E950,0000
E951,0000
E952,0000
E953,0000
E954,0000
E955,0000
E956,0000
E957,0000
E958,0000
E959,0000
E95A,0000
E95B,0000
E95C,0000
E95D,0000
E95E,0000
E95F,0000
E960,0000
E961,0000
E962,0000
E963,0000
E964,0000
E965,0000
E966,0000
E967,0000
E968,0000
E969,0000
E96A,0000
E96B,0000
E96C,0000
E96D,0000
E96E,0000
E96F,0000
E970,0000
E971,0000
E972,0000
E973,0000
E974,0000
E975,0000
E976,0000
E977,0000
E978,0000
E979,0000
E97A,0000
E97B,0000
E97C,0000
E97D,0000
E97E,0000
E97F,0000
E980,0000
E981,0000
E982,0000
E983,0000
E984,0000
E985,0000
E986,0000
E987,0000
E988,0000
E989,0000
E98A,0000
E98B,0000
E98C,0000
E98D,0000
E98E,0000
E98F,0000
E990,0000
E991,0000
E992,0000
E993,0000
E994,0000
E995,0000
E996,0000
E997,0000
E998,0000
E999,0000
E99A,0000
E99B,0000
E99C,0000
E99D,0000
E99E,0000
E99F,0000
E9A0,0000
E9A1,0000
E9A2,0000
E9A3,0000
E9A4,0000
E9A5,0000
E9A6,0000
E9A7,0000
E9A8,0000
E9A9,0000
E9AA,0000
E9AB,0000
E9AC,0000
E9AD,0000
E9AE,0000
E9AF,0000
E9B0,0000
E9B1,0000
E9B2,0000
E9B3,0000
E9B4,0000
E9B5,0000
E9B6,0000
E9B7,0000
E9B8,0000
E9B9,0000
E9BA,0000
E9BB,0000
E9BC,0000
E9BD,0000
E9BE,0000
E9BF,0000
E9C0,0000
E9C1,0000
E9C2,0000
E9C3,0000
E9C4,0000
E9C5,0000
E9C6,0000
E9C7,0000
E9C8,0000
E9C9,0000
E9CA,0000
E9CB,0000
E9CC,0000
E9CD,0000
E9CE,0000
E9CF,0000
E9D0,0000
E9D1,0000
E9D2,0000
E9D3,0000
E9D4,0000
E9D5,0000
E9D6,0000
E9D7,0000
E9D8,0000
E9D9,0000
E9DA,0000
E9DB,0000
E9DC,0000
E9DD,0000
E9DE,0000
E9DF,0000
E9E0,0000
E9E1,0000
E9E2,0000
E9E3,0000
E9E4,0000
E9E5,0000
E9E6,0000
E9E7,0000
E9E8,0000
E9E9,0000
E9EA,0000
E9EB,0000
E9EC,0000
E9ED,0000
E9EE,0000
E9EF,0000
E9F0,0000
E9F1,0000
E9F2,0000
E9F3,0000
E9F4,0000
E9F5,0000
E9F6,0000
E9F7,0000
E9F8,0000
E9F9,0000
E9FA,0000
E9FB,0000
E9FC,0000
E9FD,0000
E9FE,0000
E9FF,0000
EA00,0000
EA01,0000
EA02,0000
EA03,0000
EA04,0000
EA05,0000
EA06,0000
EA07,0000
EA08,0000
EA09,0000
EA0A,0000
EA0B,0000
EA0C,0000
EA0D,0000
EA0E,0000
EA0F,0000
EA10,0000
EA11,0000
EA12,0000
EA13,0000
EA14,0000
EA15,0000
EA16,0000
EA17,0000
EA18,0000
EA19,0000
EA1A,0000
EA1B,0000
EA1C,0000
EA1D,0000
EA1E,0000
EA1F,0000
EA20,0000
EA21,0000
EA22,0000
EA23,0000
EA24,0000
EA25,0000
EA26,0000
EA27,0000
EA28,0000
EA29,0000
EA2A,0000
EA2B,0000
EA2C,0000
EA2D,0000
EA2E,0000
EA2F,0000
EA30,0000
EA31,0000
EA32,0000
EA33,0000
EA34,0000
EA35,0000
EA36,0000
EA37,0000
EA38,0000
EA39,0000
EA3A,0000
EA3B,0000
EA3C,0000
EA3D,0000
EA3E,0000
EA3F,0000
EA40,0000
EA41,0000
EA42,0000
EA43,0000
EA44,0000
EA45,0000
EA46,0000
EA47,0000
EA48,0000
EA49,0000
EA4A,0000
EA4B,0000
EA4C,0000
EA4D,0000
EA4E,0000
EA4F,0000
EA50,0000
EA51,0000
EA52,0000
EA53,0000
EA54,0000
EA55,0000
EA56,0000
EA57,0000
EA58,0000
EA59,0000
EA5A,0000
EA5B,0000
EA5C,0000
EA5D,0000
EA5E,0000
EA5F,0000
EA60,0000
EA61,0000
EA62,0000
EA63,0000
EA64,0000
EA65,0000
EA66,0000
EA67,0000
EA68,0000
EA69,0000
EA6A,0000
EA6B,0000
EA6C,0000
EA6D,0000
EA6E,0000
EA6F,0000
EA70,0000
EA71,0000
EA72,0000
EA73,0000
EA74,0000
EA75,0000
EA76,0000
EA77,0000
EA78,0000
EA79,0000
EA7A,0000
EA7B,0000
EA7C,0000
EA7D,0000
EA7E,0000
EA7F,0000
EA80,0000
EA81,0000
EA82,0000
EA83,0000
EA84,0000
EA85,0000
EA86,0000
EA87,0000
EA88,0000
EA89,0000
EA8A,0000
EA8B,0000
EA8C,0000
EA8D,0000
EA8E,0000
EA8F,0000
EA90,0000
EA91,0000
EA92,0000
EA93,0000
EA94,0000
EA95,0000
EA96,0000
EA97,0000
EA98,0000
EA99,0000
EA9A,0000
EA9B,0000
EA9C,0000
EA9D,0000
EA9E,0000
EA9F,0000
EAA0,0000
EAA1,0000
EAA2,0000
EAA3,0000
EAA4,0000
EAA5,0000
EAA6,0000
EAA7,0000
EAA8,0000
EAA9,0000
EAAA,0000
EAAB,0000
EAAC,0000
EAAD,0000
EAAE,0000
EAAF,0000
EAB0,0000
EAB1,0000
EAB2,0000
EAB3,0000
EAB4,0000
EAB5,0000
EAB6,0000
EAB7,0000
EAB8,0000
EAB9,0000
EABA,0000
EABB,0000
EABC,0000
EABD,0000
EABE,0000
EABF,0000
EAC0,0000
EAC1,0000
EAC2,0000
EAC3,0000
EAC4,0000
EAC5,0000
EAC6,0000
EAC7,0000
EAC8,0000
EAC9,0000
EACA,0000
EACB,0000
EACC,0000
EACD,0000
EACE,0000
EACF,0000
EAD0,0000
EAD1,0000
EAD2,0000
EAD3,0000
EAD4,0000
EAD5,0000
EAD6,0000
EAD7,0000
EAD8,0000
EAD9,0000
EADA,0000
EADB,0000
EADC,0000
EADD,0000
EADE,0000
EADF,0000
EAE0,0000
EAE1,0000
EAE2,0000
EAE3,0000
EAE4,0000
EAE5,0000
EAE6,0000
EAE7,0000
EAE8,0000
EAE9,0000
EAEA,0000
EAEB,0000
EAEC,0000
EAED,0000
EAEE,0000
EAEF,0000
EAF0,0000
EAF1,0000
EAF2,0000
EAF3,0000
EAF4,0000
EAF5,0000
EAF6,0000
EAF7,0000
EAF8,0000
EAF9,0000
EAFA,0000
EAFB,0000
EAFC,0000
EAFD,0000
EAFE,0000
EAFF,0000
EB00,0000
EB01,0000
EB02,0000
EB03,0000
EB04,0000
EB05,0000
EB06,0000
EB07,0000
EB08,0000
EB09,0000
EB0A,0000
EB0B,0000
EB0C,0000
EB0D,0000
EB0E,0000
EB0F,0000
EB10,0000
EB11,0000
EB12,0000
EB13,0000
EB14,0000
EB15,0000
EB16,0000
EB17,0000
EB18,0000
EB19,0000
EB1A,0000
EB1B,0000
EB1C,0000
EB1D,0000
EB1E,0000
EB1F,0000
EB20,0000
EB21,0000
EB22,0000
EB23,0000
EB24,0000
EB25,0000
EB26,0000
EB27,0000
EB28,0000
EB29,0000
EB2A,0000
EB2B,0000
EB2C,0000
EB2D,0000
EB2E,0000
EB2F,0000
EB30,0000
EB31,0000
EB32,0000
EB33,0000
EB34,0000
EB35,0000
EB36,0000
EB37,0000
EB38,0000
EB39,0000
EB3A,0000
EB3B,0000
EB3C,0000
EB3D,0000
EB3E,0000
EB3F,0000
EB40,0000
EB41,0000
EB42,0000
EB43,0000
EB44,0000
EB45,0000
EB46,0000
EB47,0000
EB48,0000
EB49,0000
EB4A,0000
EB4B,0000
EB4C,0000
EB4D,0000
EB4E,0000
EB4F,0000
EB50,0000
EB51,0000
EB52,0000
EB53,0000
EB54,0000
EB55,0000
EB56,0000
EB57,0000
EB58,0000
EB59,0000
EB5A,0000
EB5B,0000
EB5C,0000
EB5D,0000
EB5E,0000
EB5F,0000
EB60,0000
EB61,0000
EB62,0000
EB63,0000
EB64,0000
EB65,0000
EB66,0000
EB67,0000
EB68,0000
EB69,0000
EB6A,0000
EB6B,0000
EB6C,0000
EB6D,0000
EB6E,0000
EB6F,0000
EB70,0000
EB71,0000
EB72,0000
EB73,0000
EB74,0000
EB75,0000
EB76,0000
EB77,0000
EB78,0000
EB79,0000
EB7A,0000
EB7B,0000
EB7C,0000
EB7D,0000
EB7E,0000
EB7F,0000
EB80,0000
EB81,0000
EB82,0000
EB83,0000
EB84,0000
EB85,0000
EB86,0000
EB87,0000
EB88,0000
EB89,0000
EB8A,0000
EB8B,0000
EB8C,0000
EB8D,0000
EB8E,0000
EB8F,0000
EB90,0000
EB91,0000
EB92,0000
EB93,0000
EB94,0000
EB95,0000
EB96,0000
EB97,0000
EB98,0000
EB99,0000
EB9A,0000
EB9B,0000
EB9C,0000
EB9D,0000
EB9E,0000
EB9F,0000
EBA0,0000
EBA1,0000
EBA2,0000
EBA3,0000
EBA4,0000
EBA5,0000
EBA6,0000
EBA7,0000
EBA8,0000
EBA9,0000
EBAA,0000
EBAB,0000
EBAC,0000
EBAD,0000
EBAE,0000
EBAF,0000
EBB0,0000
EBB1,0000
EBB2,0000
EBB3,0000
EBB4,0000
EBB5,0000
EBB6,0000
EBB7,0000
EBB8,0000
EBB9,0000
EBBA,0000
EBBB,0000
EBBC,0000
EBBD,0000
EBBE,0000
EBBF,0000
EBC0,0000
EBC1,0000
EBC2,0000
EBC3,0000
EBC4,0000
EBC5,0000
EBC6,0000
EBC7,0000
EBC8,0000
EBC9,0000
EBCA,0000
EBCB,0000
EBCC,0000
EBCD,0000
EBCE,0000
EBCF,0000
EBD0,0000
EBD1,0000
EBD2,0000
EBD3,0000
EBD4,0000
EBD5,0000
EBD6,0000
EBD7,0000
EBD8,0000
EBD9,0000
EBDA,0000
EBDB,0000
EBDC,0000
EBDD,0000
EBDE,0000
EBDF,0000
EBE0,0000
EBE1,0000
EBE2,0000
EBE3,0000
EBE4,0000
EBE5,0000
EBE6,0000
EBE7,0000
EBE8,0000
EBE9,0000
EBEA,0000
EBEB,0000
EBEC,0000
EBED,0000
EBEE,0000
EBEF,0000
EBF0,0000
EBF1,0000
EBF2,0000
EBF3,0000
EBF4,0000
EBF5,0000
EBF6,0000
EBF7,0000
EBF8,0000
EBF9,0000
EBFA,0000
EBFB,0000
EBFC,0000
EBFD,0000
EBFE,0000
EBFF,0000
EC00,0000
EC01,0000
EC02,0000
EC03,0000
EC04,0000
EC05,0000
EC06,0000
EC07,0000
EC08,0000
EC09,0000
EC0A,0000
EC0B,0000
EC0C,0000
EC0D,0000
EC0E,0000
EC0F,0000
EC10,0000
EC11,0000
EC12,0000
EC13,0000
EC14,0000
EC15,0000
EC16,0000
EC17,0000
EC18,0000
EC19,0000
EC1A,0000
EC1B,0000
EC1C,0000
EC1D,0000
EC1E,0000
EC1F,0000
EC20,0000
EC21,0000
EC22,0000
EC23,0000
EC24,0000
EC25,0000
EC26,0000
EC27,0000
EC28,0000
EC29,0000
EC2A,0000
EC2B,0000
EC2C,0000
EC2D,0000
EC2E,0000
EC2F,0000
EC30,0000
EC31,0000
EC32,0000
EC33,0000
EC34,0000
EC35,0000
EC36,0000
EC37,0000
EC38,0000
EC39,0000
EC3A,0000
EC3B,0000
EC3C,0000
EC3D,0000
EC3E,0000
EC3F,0000
EC40,0000
EC41,0000
EC42,0000
EC43,0000
EC44,0000
EC45,0000
EC46,0000
EC47,0000
EC48,0000
EC49,0000
EC4A,0000
EC4B,0000
EC4C,0000
EC4D,0000
EC4E,0000
EC4F,0000
EC50,0000
EC51,0000
EC52,0000
EC53,0000
EC54,0000
EC55,0000
EC56,0000
EC57,0000
EC58,0000
EC59,0000
EC5A,0000
EC5B,0000
EC5C,0000
EC5D,0000
EC5E,0000
EC5F,0000
EC60,0000
EC61,0000
EC62,0000
EC63,0000
EC64,0000
EC65,0000
EC66,0000
EC67,0000
EC68,0000
EC69,0000
EC6A,0000
EC6B,0000
EC6C,0000
EC6D,0000
EC6E,0000
EC6F,0000
EC70,0000
EC71,0000
EC72,0000
EC73,0000
EC74,0000
EC75,0000
EC76,0000
EC77,0000
EC78,0000
EC79,0000
EC7A,0000
EC7B,0000
EC7C,0000
EC7D,0000
EC7E,0000
EC7F,0000
EC80,0000
EC81,0000
EC82,0000
EC83,0000
EC84,0000
EC85,0000
EC86,0000
EC87,0000
EC88,0000
EC89,0000
EC8A,0000
EC8B,0000
EC8C,0000
EC8D,0000
EC8E,0000
EC8F,0000
EC90,0000
EC91,0000
EC92,0000
EC93,0000
EC94,0000
EC95,0000
EC96,0000
EC97,0000
EC98,0000
EC99,0000
EC9A,0000
EC9B,0000
EC9C,0000
EC9D,0000
EC9E,0000
EC9F,0000
ECA0,0000
ECA1,0000
ECA2,0000
ECA3,0000
ECA4,0000
ECA5,0000
ECA6,0000
ECA7,0000
ECA8,0000
ECA9,0000
ECAA,0000
ECAB,0000
ECAC,0000
ECAD,0000
ECAE,0000
ECAF,0000
ECB0,0000
ECB1,0000
ECB2,0000
ECB3,0000
ECB4,0000
ECB5,0000
ECB6,0000
ECB7,0000
ECB8,0000
ECB9,0000
ECBA,0000
ECBB,0000
ECBC,0000
ECBD,0000
ECBE,0000
ECBF,0000
ECC0,0000
ECC1,0000
ECC2,0000
ECC3,0000
ECC4,0000
ECC5,0000
ECC6,0000
ECC7,0000
ECC8,0000
ECC9,0000
ECCA,0000
ECCB,0000
ECCC,0000
ECCD,0000
ECCE,0000
ECCF,0000
ECD0,0000
ECD1,0000
ECD2,0000
ECD3,0000
ECD4,0000
ECD5,0000
ECD6,0000
ECD7,0000
ECD8,0000
ECD9,0000
ECDA,0000
ECDB,0000
ECDC,0000
ECDD,0000
ECDE,0000
ECDF,0000
ECE0,0000
ECE1,0000
ECE2,0000
ECE3,0000
ECE4,0000
ECE5,0000
ECE6,0000
ECE7,0000
ECE8,0000
ECE9,0000
ECEA,0000
ECEB,0000
ECEC,0000
ECED,0000
ECEE,0000
ECEF,0000
ECF0,0000
ECF1,0000
ECF2,0000
ECF3,0000
ECF4,0000
ECF5,0000
ECF6,0000
ECF7,0000
ECF8,0000
ECF9,0000
ECFA,0000
ECFB,0000
ECFC,0000
ECFD,0000
ECFE,0000
ECFF,0000
ED00,0000
ED01,0000
ED02,0000
ED03,0000
ED04,0000
ED05,0000
ED06,0000
ED07,0000
ED08,0000
ED09,0000
ED0A,0000
ED0B,0000
ED0C,0000
ED0D,0000
ED0E,0000
ED0F,0000
ED10,0000
ED11,0000
ED12,0000
ED13,0000
ED14,0000
ED15,0000
ED16,0000
ED17,0000
ED18,0000
ED19,0000
ED1A,0000
ED1B,0000
ED1C,0000
ED1D,0000
ED1E,0000
ED1F,0000
ED20,0000
ED21,0000
ED22,0000
ED23,0000
ED24,0000
ED25,0000
ED26,0000
ED27,0000
ED28,0000
ED29,0000
ED2A,0000
ED2B,0000
ED2C,0000
ED2D,0000
ED2E,0000
ED2F,0000
ED30,0000
ED31,0000
ED32,0000
ED33,0000
ED34,0000
ED35,0000
ED36,0000
ED37,0000
ED38,0000
ED39,0000
ED3A,0000
ED3B,0000
ED3C,0000
ED3D,0000
ED3E,0000
ED3F,0000
ED40,0000
ED41,0000
ED42,0000
ED43,0000
ED44,0000
ED45,0000
ED46,0000
ED47,0000
ED48,0000
ED49,0000
ED4A,0000
ED4B,0000
ED4C,0000
ED4D,0000
ED4E,0000
ED4F,0000
ED50,0000
ED51,0000
ED52,0000
ED53,0000
ED54,0000
ED55,0000
ED56,0000
ED57,0000
ED58,0000
ED59,0000
ED5A,0000
ED5B,0000
ED5C,0000
ED5D,0000
ED5E,0000
ED5F,0000
ED60,0000
ED61,0000
ED62,0000
ED63,0000
ED64,0000
ED65,0000
ED66,0000
ED67,0000
ED68,0000
ED69,0000
ED6A,0000
ED6B,0000
ED6C,0000
ED6D,0000
ED6E,0000
ED6F,0000
ED70,0000
ED71,0000
ED72,0000
ED73,0000
ED74,0000
ED75,0000
ED76,0000
ED77,0000
ED78,0000
ED79,0000
ED7A,0000
ED7B,0000
ED7C,0000
ED7D,0000
ED7E,0000
ED7F,0000
ED80,0000
ED81,0000
ED82,0000
ED83,0000
ED84,0000
ED85,0000
ED86,0000
ED87,0000
ED88,0000
ED89,0000
ED8A,0000
ED8B,0000
ED8C,0000
ED8D,0000
ED8E,0000
ED8F,0000
ED90,0000
ED91,0000
ED92,0000
ED93,0000
ED94,0000
ED95,0000
ED96,0000
ED97,0000
ED98,0000
ED99,0000
ED9A,0000
ED9B,0000
ED9C,0000
ED9D,0000
ED9E,0000
ED9F,0000
EDA0,0000
EDA1,0000
EDA2,0000
EDA3,0000
EDA4,0000
EDA5,0000
EDA6,0000
EDA7,0000
EDA8,0000
EDA9,0000
EDAA,0000
EDAB,0000
EDAC,0000
EDAD,0000
EDAE,0000
EDAF,0000
EDB0,0000
EDB1,0000
EDB2,0000
EDB3,0000
EDB4,0000
EDB5,0000
EDB6,0000
EDB7,0000
EDB8,0000
EDB9,0000
EDBA,0000
EDBB,0000
EDBC,0000
EDBD,0000
EDBE,0000
EDBF,0000
EDC0,0000
EDC1,0000
EDC2,0000
EDC3,0000
EDC4,0000
EDC5,0000
EDC6,0000
EDC7,0000
EDC8,0000
EDC9,0000
EDCA,0000
EDCB,0000
EDCC,0000
EDCD,0000
EDCE,0000
EDCF,0000
EDD0,0000
EDD1,0000
EDD2,0000
EDD3,0000
EDD4,0000
EDD5,0000
EDD6,0000
EDD7,0000
EDD8,0000
EDD9,0000
EDDA,0000
EDDB,0000
EDDC,0000
EDDD,0000
EDDE,0000
EDDF,0000
EDE0,0000
EDE1,0000
EDE2,0000
EDE3,0000
EDE4,0000
EDE5,0000
EDE6,0000
EDE7,0000
EDE8,0000
EDE9,0000
EDEA,0000
EDEB,0000
EDEC,0000
EDED,0000
EDEE,0000
EDEF,0000
EDF0,0000
EDF1,0000
EDF2,0000
EDF3,0000
EDF4,0000
EDF5,0000
EDF6,0000
EDF7,0000
EDF8,0000
EDF9,0000
EDFA,0000
EDFB,0000
EDFC,0000
EDFD,0000
EDFE,0000
EDFF,0000
EE00,0000
EE01,0000
EE02,0000
EE03,0000
EE04,0000
EE05,0000
EE06,0000
EE07,0000
EE08,0000
EE09,0000
EE0A,0000
EE0B,0000
EE0C,0000
EE0D,0000
EE0E,0000
EE0F,0000
EE10,0000
EE11,0000
EE12,0000
EE13,0000
EE14,0000
EE15,0000
EE16,0000
EE17,0000
EE18,0000
EE19,0000
EE1A,0000
EE1B,0000
EE1C,0000
EE1D,0000
EE1E,0000
EE1F,0000
EE20,0000
EE21,0000
EE22,0000
EE23,0000
EE24,0000
EE25,0000
EE26,0000
EE27,0000
EE28,0000
EE29,0000
EE2A,0000
EE2B,0000
EE2C,0000
EE2D,0000
EE2E,0000
EE2F,0000
EE30,0000
EE31,0000
EE32,0000
EE33,0000
EE34,0000
EE35,0000
EE36,0000
EE37,0000
EE38,0000
EE39,0000
EE3A,0000
EE3B,0000
EE3C,0000
EE3D,0000
EE3E,0000
EE3F,0000
EE40,0000
EE41,0000
EE42,0000
EE43,0000
EE44,0000
EE45,0000
EE46,0000
EE47,0000
EE48,0000
EE49,0000
EE4A,0000
EE4B,0000
EE4C,0000
EE4D,0000
EE4E,0000
EE4F,0000
EE50,0000
EE51,0000
EE52,0000
EE53,0000
EE54,0000
EE55,0000
EE56,0000
EE57,0000
EE58,0000
EE59,0000
EE5A,0000
EE5B,0000
EE5C,0000
EE5D,0000
EE5E,0000
EE5F,0000
EE60,0000
EE61,0000
EE62,0000
EE63,0000
EE64,0000
EE65,0000
EE66,0000
EE67,0000
EE68,0000
EE69,0000
EE6A,0000
EE6B,0000
EE6C,0000
EE6D,0000
EE6E,0000
EE6F,0000
EE70,0000
EE71,0000
EE72,0000
EE73,0000
EE74,0000
EE75,0000
EE76,0000
EE77,0000
EE78,0000
EE79,0000
EE7A,0000
EE7B,0000
EE7C,0000
EE7D,0000
EE7E,0000
EE7F,0000
EE80,0000
EE81,0000
EE82,0000
EE83,0000
EE84,0000
EE85,0000
EE86,0000
EE87,0000
EE88,0000
EE89,0000
EE8A,0000
EE8B,0000
EE8C,0000
EE8D,0000
EE8E,0000
EE8F,0000
EE90,0000
EE91,0000
EE92,0000
EE93,0000
EE94,0000
EE95,0000
EE96,0000
EE97,0000
EE98,0000
EE99,0000
EE9A,0000
EE9B,0000
EE9C,0000
EE9D,0000
EE9E,0000
EE9F,0000
EEA0,0000
EEA1,0000
EEA2,0000
EEA3,0000
EEA4,0000
EEA5,0000
EEA6,0000
EEA7,0000
EEA8,0000
EEA9,0000
EEAA,0000
EEAB,0000
EEAC,0000
EEAD,0000
EEAE,0000
EEAF,0000
EEB0,0000
EEB1,0000
EEB2,0000
EEB3,0000
EEB4,0000
EEB5,0000
EEB6,0000
EEB7,0000
EEB8,0000
EEB9,0000
EEBA,0000
EEBB,0000
EEBC,0000
EEBD,0000
EEBE,0000
EEBF,0000
EEC0,0000
EEC1,0000
EEC2,0000
EEC3,0000
EEC4,0000
EEC5,0000
EEC6,0000
EEC7,0000
EEC8,0000
EEC9,0000
EECA,0000
EECB,0000
EECC,0000
EECD,0000
EECE,0000
EECF,0000
EED0,0000
EED1,0000
EED2,0000
EED3,0000
EED4,0000
EED5,0000
EED6,0000
EED7,0000
EED8,0000
EED9,0000
EEDA,0000
EEDB,0000
EEDC,0000
EEDD,0000
EEDE,0000
EEDF,0000
EEE0,0000
EEE1,0000
EEE2,0000
EEE3,0000
EEE4,0000
EEE5,0000
EEE6,0000
EEE7,0000
EEE8,0000
EEE9,0000
EEEA,0000
EEEB,0000
EEEC,0000
EEED,0000
EEEE,0000
EEEF,0000
EEF0,0000
EEF1,0000
EEF2,0000
EEF3,0000
EEF4,0000
EEF5,0000
EEF6,0000
EEF7,0000
EEF8,0000
EEF9,0000
EEFA,0000
EEFB,0000
EEFC,0000
EEFD,0000
EEFE,0000
EEFF,0000
EF00,0000
EF01,0000
EF02,0000
EF03,0000
EF04,0000
EF05,0000
EF06,0000
EF07,0000
EF08,0000
EF09,0000
EF0A,0000
EF0B,0000
EF0C,0000
EF0D,0000
EF0E,0000
EF0F,0000
EF10,0000
EF11,0000
EF12,0000
EF13,0000
EF14,0000
EF15,0000
EF16,0000
EF17,0000
EF18,0000
EF19,0000
EF1A,0000
EF1B,0000
EF1C,0000
EF1D,0000
EF1E,0000
EF1F,0000
EF20,0000
EF21,0000
EF22,0000
EF23,0000
EF24,0000
EF25,0000
EF26,0000
EF27,0000
EF28,0000
EF29,0000
EF2A,0000
EF2B,0000
EF2C,0000
EF2D,0000
EF2E,0000
EF2F,0000
EF30,0000
EF31,0000
EF32,0000
EF33,0000
EF34,0000
EF35,0000
EF36,0000
EF37,0000
EF38,0000
EF39,0000
EF3A,0000
EF3B,0000
EF3C,0000
EF3D,0000
EF3E,0000
EF3F,0000
EF40,0000
EF41,0000
EF42,0000
EF43,0000
EF44,0000
EF45,0000
EF46,0000
EF47,0000
EF48,0000
EF49,0000
EF4A,0000
EF4B,0000
EF4C,0000
EF4D,0000
EF4E,0000
EF4F,0000
EF50,0000
EF51,0000
EF52,0000
EF53,0000
EF54,0000
EF55,0000
EF56,0000
EF57,0000
EF58,0000
EF59,0000
EF5A,0000
EF5B,0000
EF5C,0000
EF5D,0000
EF5E,0000
EF5F,0000
EF60,0000
EF61,0000
EF62,0000
EF63,0000
EF64,0000
EF65,0000
EF66,0000
EF67,0000
EF68,0000
EF69,0000
EF6A,0000
EF6B,0000
EF6C,0000
EF6D,0000
EF6E,0000
EF6F,0000
EF70,0000
EF71,0000
EF72,0000
EF73,0000
EF74,0000
EF75,0000
EF76,0000
EF77,0000
EF78,0000
EF79,0000
EF7A,0000
EF7B,0000
EF7C,0000
EF7D,0000
EF7E,0000
EF7F,0000
EF80,0000
EF81,0000
EF82,0000
EF83,0000
EF84,0000
EF85,0000
EF86,0000
EF87,0000
EF88,0000
EF89,0000
EF8A,0000
EF8B,0000
EF8C,0000
EF8D,0000
EF8E,0000
EF8F,0000
EF90,0000
EF91,0000
EF92,0000
EF93,0000
EF94,0000
EF95,0000
EF96,0000
EF97,0000
EF98,0000
EF99,0000
EF9A,0000
EF9B,0000
EF9C,0000
EF9D,0000
EF9E,0000
EF9F,0000
EFA0,0000
EFA1,0000
EFA2,0000
EFA3,0000
EFA4,0000
EFA5,0000
EFA6,0000
EFA7,0000
EFA8,0000
EFA9,0000
EFAA,0000
EFAB,0000
EFAC,0000
EFAD,0000
EFAE,0000
EFAF,0000
EFB0,0000
EFB1,0000
EFB2,0000
EFB3,0000
EFB4,0000
EFB5,0000
EFB6,0000
EFB7,0000
EFB8,0000
EFB9,0000
EFBA,0000
EFBB,0000
EFBC,0000
EFBD,0000
EFBE,0000
EFBF,0000
EFC0,0000
EFC1,0000
EFC2,0000
EFC3,0000
EFC4,0000
EFC5,0000
EFC6,0000
EFC7,0000
EFC8,0000
EFC9,0000
EFCA,0000
EFCB,0000
EFCC,0000
EFCD,0000
EFCE,0000
EFCF,0000
EFD0,0000
EFD1,0000
EFD2,0000
EFD3,0000
EFD4,0000
EFD5,0000
EFD6,0000
EFD7,0000
EFD8,0000
EFD9,0000
EFDA,0000
EFDB,0000
EFDC,0000
EFDD,0000
EFDE,0000
EFDF,0000
EFE0,0000
EFE1,0000
EFE2,0000
EFE3,0000
EFE4,0000
EFE5,0000
EFE6,0000
EFE7,0000
EFE8,0000
EFE9,0000
EFEA,0000
EFEB,0000
EFEC,0000
EFED,0000
EFEE,0000
EFEF,0000
EFF0,0000
EFF1,0000
EFF2,0000
EFF3,0000
EFF4,0000
EFF5,0000
EFF6,0000
EFF7,0000
EFF8,0000
EFF9,0000
EFFA,0000
EFFB,0000
EFFC,0000
EFFD,0000
EFFE,0000
EFFF,0000
F000,0000
F001,0000
F002,0000
F003,0000
F004,0000
F005,0000
F006,0000
F007,0000
F008,0000
F009,0000
F00A,0000
F00B,0000
F00C,0000
F00D,0000
F00E,0000
F00F,0000
F010,0000
F011,0000
F012,0000
F013,0000
F014,0000
F015,0000
F016,0000
F017,0000
F018,0000
F019,0000
F01A,0000
F01B,0000
F01C,0000
F01D,0000
F01E,0000
F01F,0000
F020,0000
F021,0000
F022,0000
F023,0000
F024,0000
F025,0000
F026,0000
F027,0000
F028,0000
F029,0000
F02A,0000
F02B,0000
F02C,0000
F02D,0000
F02E,0000
F02F,0000
F030,0000
F031,0000
F032,0000
F033,0000
F034,0000
F035,0000
F036,0000
F037,0000
F038,0000
F039,0000
F03A,0000
F03B,0000
F03C,0000
F03D,0000
F03E,0000
F03F,0000
F040,0000
F041,0000
F042,0000
F043,0000
F044,0000
F045,0000
F046,0000
F047,0000
F048,0000
F049,0000
F04A,0000
F04B,0000
F04C,0000
F04D,0000
F04E,0000
F04F,0000
F050,0000
F051,0000
F052,0000
F053,0000
F054,0000
F055,0000
F056,0000
F057,0000
F058,0000
F059,0000
F05A,0000
F05B,0000
F05C,0000
F05D,0000
F05E,0000
F05F,0000
F060,0000
F061,0000
F062,0000
F063,0000
F064,0000
F065,0000
F066,0000
F067,0000
F068,0000
F069,0000
F06A,0000
F06B,0000
F06C,0000
F06D,0000
F06E,0000
F06F,0000
F070,0000
F071,0000
F072,0000
F073,0000
F074,0000
F075,0000
F076,0000
F077,0000
F078,0000
F079,0000
F07A,0000
F07B,0000
F07C,0000
F07D,0000
F07E,0000
F07F,0000
F080,0000
F081,0000
F082,0000
F083,0000
F084,0000
F085,0000
F086,0000
F087,0000
F088,0000
F089,0000
F08A,0000
F08B,0000
F08C,0000
F08D,0000
F08E,0000
F08F,0000
F090,0000
F091,0000
F092,0000
F093,0000
F094,0000
F095,0000
F096,0000
F097,0000
F098,0000
F099,0000
F09A,0000
F09B,0000
F09C,0000
F09D,0000
F09E,0000
F09F,0000
F0A0,0000
F0A1,0000
F0A2,0000
F0A3,0000
F0A4,0000
F0A5,0000
F0A6,0000
F0A7,0000
F0A8,0000
F0A9,0000
F0AA,0000
F0AB,0000
F0AC,0000
F0AD,0000
F0AE,0000
F0AF,0000
F0B0,0000
F0B1,0000
F0B2,0000
F0B3,0000
F0B4,0000
F0B5,0000
F0B6,0000
F0B7,0000
F0B8,0000
F0B9,0000
F0BA,0000
F0BB,0000
F0BC,0000
F0BD,0000
F0BE,0000
F0BF,0000
F0C0,0000
F0C1,0000
F0C2,0000
F0C3,0000
F0C4,0000
F0C5,0000
F0C6,0000
F0C7,0000
F0C8,0000
F0C9,0000
F0CA,0000
F0CB,0000
F0CC,0000
F0CD,0000
F0CE,0000
F0CF,0000
F0D0,0000
F0D1,0000
F0D2,0000
F0D3,0000
F0D4,0000
F0D5,0000
F0D6,0000
F0D7,0000
F0D8,0000
F0D9,0000
F0DA,0000
F0DB,0000
F0DC,0000
F0DD,0000
F0DE,0000
F0DF,0000
F0E0,0000
F0E1,0000
F0E2,0000
F0E3,0000
F0E4,0000
F0E5,0000
F0E6,0000
F0E7,0000
F0E8,0000
F0E9,0000
F0EA,0000
F0EB,0000
F0EC,0000
F0ED,0000
F0EE,0000
F0EF,0000
F0F0,0000
F0F1,0000
F0F2,0000
F0F3,0000
F0F4,0000
F0F5,0000
F0F6,0000
F0F7,0000
F0F8,0000
F0F9,0000
F0FA,0000
F0FB,0000
F0FC,0000
F0FD,0000
F0FE,0000
F0FF,0000
F100,0000
F101,0000
F102,0000
F103,0000
F104,0000
F105,0000
F106,0000
F107,0000
F108,0000
F109,0000
F10A,0000
F10B,0000
F10C,0000
F10D,0000
F10E,0000
F10F,0000
F110,0000
F111,0000
F112,0000
F113,0000
F114,0000
F115,0000
F116,0000
F117,0000
F118,0000
F119,0000
F11A,0000
F11B,0000
F11C,0000
F11D,0000
F11E,0000
F11F,0000
F120,0000
F121,0000
F122,0000
F123,0000
F124,0000
F125,0000
F126,0000
F127,0000
F128,0000
F129,0000
F12A,0000
F12B,0000
F12C,0000
F12D,0000
F12E,0000
F12F,0000
F130,0000
F131,0000
F132,0000
F133,0000
F134,0000
F135,0000
F136,0000
F137,0000
F138,0000
F139,0000
F13A,0000
F13B,0000
F13C,0000
F13D,0000
F13E,0000
F13F,0000
F140,0000
F141,0000
F142,0000
F143,0000
F144,0000
F145,0000
F146,0000
F147,0000
F148,0000
F149,0000
F14A,0000
F14B,0000
F14C,0000
F14D,0000
F14E,0000
F14F,0000
F150,0000
F151,0000
F152,0000
F153,0000
F154,0000
F155,0000
F156,0000
F157,0000
F158,0000
F159,0000
F15A,0000
F15B,0000
F15C,0000
F15D,0000
F15E,0000
F15F,0000
F160,0000
F161,0000
F162,0000
F163,0000
F164,0000
F165,0000
F166,0000
F167,0000
F168,0000
F169,0000
F16A,0000
F16B,0000
F16C,0000
F16D,0000
F16E,0000
F16F,0000
F170,0000
F171,0000
F172,0000
F173,0000
F174,0000
F175,0000
F176,0000
F177,0000
F178,0000
F179,0000
F17A,0000
F17B,0000
F17C,0000
F17D,0000
F17E,0000
F17F,0000
F180,0000
F181,0000
F182,0000
F183,0000
F184,0000
F185,0000
F186,0000
F187,0000
F188,0000
F189,0000
F18A,0000
F18B,0000
F18C,0000
F18D,0000
F18E,0000
F18F,0000
F190,0000
F191,0000
F192,0000
F193,0000
F194,0000
F195,0000
F196,0000
F197,0000
F198,0000
F199,0000
F19A,0000
F19B,0000
F19C,0000
F19D,0000
F19E,0000
F19F,0000
F1A0,0000
F1A1,0000
F1A2,0000
F1A3,0000
F1A4,0000
F1A5,0000
F1A6,0000
F1A7,0000
F1A8,0000
F1A9,0000
F1AA,0000
F1AB,0000
F1AC,0000
F1AD,0000
F1AE,0000
F1AF,0000
F1B0,0000
F1B1,0000
F1B2,0000
F1B3,0000
F1B4,0000
F1B5,0000
F1B6,0000
F1B7,0000
F1B8,0000
F1B9,0000
F1BA,0000
F1BB,0000
F1BC,0000
F1BD,0000
F1BE,0000
F1BF,0000
F1C0,0000
F1C1,0000
F1C2,0000
F1C3,0000
F1C4,0000
F1C5,0000
F1C6,0000
F1C7,0000
F1C8,0000
F1C9,0000
F1CA,0000
F1CB,0000
F1CC,0000
F1CD,0000
F1CE,0000
F1CF,0000
F1D0,0000
F1D1,0000
F1D2,0000
F1D3,0000
F1D4,0000
F1D5,0000
F1D6,0000
F1D7,0000
F1D8,0000
F1D9,0000
F1DA,0000
F1DB,0000
F1DC,0000
F1DD,0000
F1DE,0000
F1DF,0000
F1E0,0000
F1E1,0000
F1E2,0000
F1E3,0000
F1E4,0000
F1E5,0000
F1E6,0000
F1E7,0000
F1E8,0000
F1E9,0000
F1EA,0000
F1EB,0000
F1EC,0000
F1ED,0000
F1EE,0000
F1EF,0000
F1F0,0000
F1F1,0000
F1F2,0000
F1F3,0000
F1F4,0000
F1F5,0000
F1F6,0000
F1F7,0000
F1F8,0000
F1F9,0000
F1FA,0000
F1FB,0000
F1FC,0000
F1FD,0000
F1FE,0000
F1FF,0000
F200,0000
F201,0000
F202,0000
F203,0000
F204,0000
F205,0000
F206,0000
F207,0000
F208,0000
F209,0000
F20A,0000
F20B,0000
F20C,0000
F20D,0000
F20E,0000
F20F,0000
F210,0000
F211,0000
F212,0000
F213,0000
F214,0000
F215,0000
F216,0000
F217,0000
F218,0000
F219,0000
F21A,0000
F21B,0000
F21C,0000
F21D,0000
F21E,0000
F21F,0000
F220,0000
F221,0000
F222,0000
F223,0000
F224,0000
F225,0000
F226,0000
F227,0000
F228,0000
F229,0000
F22A,0000
F22B,0000
F22C,0000
F22D,0000
F22E,0000
F22F,0000
F230,0000
F231,0000
F232,0000
F233,0000
F234,0000
F235,0000
F236,0000
F237,0000
F238,0000
F239,0000
F23A,0000
F23B,0000
F23C,0000
F23D,0000
F23E,0000
F23F,0000
F240,0000
F241,0000
F242,0000
F243,0000
F244,0000
F245,0000
F246,0000
F247,0000
F248,0000
F249,0000
F24A,0000
F24B,0000
F24C,0000
F24D,0000
F24E,0000
F24F,0000
F250,0000
F251,0000
F252,0000
F253,0000
F254,0000
F255,0000
F256,0000
F257,0000
F258,0000
F259,0000
F25A,0000
F25B,0000
F25C,0000
F25D,0000
F25E,0000
F25F,0000
F260,0000
F261,0000
F262,0000
F263,0000
F264,0000
F265,0000
F266,0000
F267,0000
F268,0000
F269,0000
F26A,0000
F26B,0000
F26C,0000
F26D,0000
F26E,0000
F26F,0000
F270,0000
F271,0000
F272,0000
F273,0000
F274,0000
F275,0000
F276,0000
F277,0000
F278,0000
F279,0000
F27A,0000
F27B,0000
F27C,0000
F27D,0000
F27E,0000
F27F,0000
F280,0000
F281,0000
F282,0000
F283,0000
F284,0000
F285,0000
F286,0000
F287,0000
F288,0000
F289,0000
F28A,0000
F28B,0000
F28C,0000
F28D,0000
F28E,0000
F28F,0000
F290,0000
F291,0000
F292,0000
F293,0000
F294,0000
F295,0000
F296,0000
F297,0000
F298,0000
F299,0000
F29A,0000
F29B,0000
F29C,0000
F29D,0000
F29E,0000
F29F,0000
F2A0,0000
F2A1,0000
F2A2,0000
F2A3,0000
F2A4,0000
F2A5,0000
F2A6,0000
F2A7,0000
F2A8,0000
F2A9,0000
F2AA,0000
F2AB,0000
F2AC,0000
F2AD,0000
F2AE,0000
F2AF,0000
F2B0,0000
F2B1,0000
F2B2,0000
F2B3,0000
F2B4,0000
F2B5,0000
F2B6,0000
F2B7,0000
F2B8,0000
F2B9,0000
F2BA,0000
F2BB,0000
F2BC,0000
F2BD,0000
F2BE,0000
F2BF,0000
F2C0,0000
F2C1,0000
F2C2,0000
F2C3,0000
F2C4,0000
F2C5,0000
F2C6,0000
F2C7,0000
F2C8,0000
F2C9,0000
F2CA,0000
F2CB,0000
F2CC,0000
F2CD,0000
F2CE,0000
F2CF,0000
F2D0,0000
F2D1,0000
F2D2,0000
F2D3,0000
F2D4,0000
F2D5,0000
F2D6,0000
F2D7,0000
F2D8,0000
F2D9,0000
F2DA,0000
F2DB,0000
F2DC,0000
F2DD,0000
F2DE,0000
F2DF,0000
F2E0,0000
F2E1,0000
F2E2,0000
F2E3,0000
F2E4,0000
F2E5,0000
F2E6,0000
F2E7,0000
F2E8,0000
F2E9,0000
F2EA,0000
F2EB,0000
F2EC,0000
F2ED,0000
F2EE,0000
F2EF,0000
F2F0,0000
F2F1,0000
F2F2,0000
F2F3,0000
F2F4,0000
F2F5,0000
F2F6,0000
F2F7,0000
F2F8,0000
F2F9,0000
F2FA,0000
F2FB,0000
F2FC,0000
F2FD,0000
F2FE,0000
F2FF,0000
F300,0000
F301,0000
F302,0000
F303,0000
F304,0000
F305,0000
F306,0000
F307,0000
F308,0000
F309,0000
F30A,0000
F30B,0000
F30C,0000
F30D,0000
F30E,0000
F30F,0000
F310,0000
F311,0000
F312,0000
F313,0000
F314,0000
F315,0000
F316,0000
F317,0000
F318,0000
F319,0000
F31A,0000
F31B,0000
F31C,0000
F31D,0000
F31E,0000
F31F,0000
F320,0000
F321,0000
F322,0000
F323,0000
F324,0000
F325,0000
F326,0000
F327,0000
F328,0000
F329,0000
F32A,0000
F32B,0000
F32C,0000
F32D,0000
F32E,0000
F32F,0000
F330,0000
F331,0000
F332,0000
F333,0000
F334,0000
F335,0000
F336,0000
F337,0000
F338,0000
F339,0000
F33A,0000
F33B,0000
F33C,0000
F33D,0000
F33E,0000
F33F,0000
F340,0000
F341,0000
F342,0000
F343,0000
F344,0000
F345,0000
F346,0000
F347,0000
F348,0000
F349,0000
F34A,0000
F34B,0000
F34C,0000
F34D,0000
F34E,0000
F34F,0000
F350,0000
F351,0000
F352,0000
F353,0000
F354,0000
F355,0000
F356,0000
F357,0000
F358,0000
F359,0000
F35A,0000
F35B,0000
F35C,0000
F35D,0000
F35E,0000
F35F,0000
F360,0000
F361,0000
F362,0000
F363,0000
F364,0000
F365,0000
F366,0000
F367,0000
F368,0000
F369,0000
F36A,0000
F36B,0000
F36C,0000
F36D,0000
F36E,0000
F36F,0000
F370,0000
F371,0000
F372,0000
F373,0000
F374,0000
F375,0000
F376,0000
F377,0000
F378,0000
F379,0000
F37A,0000
F37B,0000
F37C,0000
F37D,0000
F37E,0000
F37F,0000
F380,0000
F381,0000
F382,0000
F383,0000
F384,0000
F385,0000
F386,0000
F387,0000
F388,0000
F389,0000
F38A,0000
F38B,0000
F38C,0000
F38D,0000
F38E,0000
F38F,0000
F390,0000
F391,0000
F392,0000
F393,0000
F394,0000
F395,0000
F396,0000
F397,0000
F398,0000
F399,0000
F39A,0000
F39B,0000
F39C,0000
F39D,0000
F39E,0000
F39F,0000
F3A0,0000
F3A1,0000
F3A2,0000
F3A3,0000
F3A4,0000
F3A5,0000
F3A6,0000
F3A7,0000
F3A8,0000
F3A9,0000
F3AA,0000
F3AB,0000
F3AC,0000
F3AD,0000
F3AE,0000
F3AF,0000
F3B0,0000
F3B1,0000
F3B2,0000
F3B3,0000
F3B4,0000
F3B5,0000
F3B6,0000
F3B7,0000
F3B8,0000
F3B9,0000
F3BA,0000
F3BB,0000
F3BC,0000
F3BD,0000
F3BE,0000
F3BF,0000
F3C0,0000
F3C1,0000
F3C2,0000
F3C3,0000
F3C4,0000
F3C5,0000
F3C6,0000
F3C7,0000
F3C8,0000
F3C9,0000
F3CA,0000
F3CB,0000
F3CC,0000
F3CD,0000
F3CE,0000
F3CF,0000
F3D0,0000
F3D1,0000
F3D2,0000
F3D3,0000
F3D4,0000
F3D5,0000
F3D6,0000
F3D7,0000
F3D8,0000
F3D9,0000
F3DA,0000
F3DB,0000
F3DC,0000
F3DD,0000
F3DE,0000
F3DF,0000
F3E0,0000
F3E1,0000
F3E2,0000
F3E3,0000
F3E4,0000
F3E5,0000
F3E6,0000
F3E7,0000
F3E8,0000
F3E9,0000
F3EA,0000
F3EB,0000
F3EC,0000
F3ED,0000
F3EE,0000
F3EF,0000
F3F0,0000
F3F1,0000
F3F2,0000
F3F3,0000
F3F4,0000
F3F5,0000
F3F6,0000
F3F7,0000
F3F8,0000
F3F9,0000
F3FA,0000
F3FB,0000
F3FC,0000
F3FD,0000
F3FE,0000
F3FF,0000
F400,0000
F401,0000
F402,0000
F403,0000
F404,0000
F405,0000
F406,0000
F407,0000
F408,0000
F409,0000
F40A,0000
F40B,0000
F40C,0000
F40D,0000
F40E,0000
F40F,0000
F410,0000
F411,0000
F412,0000
F413,0000
F414,0000
F415,0000
F416,0000
F417,0000
F418,0000
F419,0000
F41A,0000
F41B,0000
F41C,0000
F41D,0000
F41E,0000
F41F,0000
F420,0000
F421,0000
F422,0000
F423,0000
F424,0000
F425,0000
F426,0000
F427,0000
F428,0000
F429,0000
F42A,0000
F42B,0000
F42C,0000
F42D,0000
F42E,0000
F42F,0000
F430,0000
F431,0000
F432,0000
F433,0000
F434,0000
F435,0000
F436,0000
F437,0000
F438,0000
F439,0000
F43A,0000
F43B,0000
F43C,0000
F43D,0000
F43E,0000
F43F,0000
F440,0000
F441,0000
F442,0000
F443,0000
F444,0000
F445,0000
F446,0000
F447,0000
F448,0000
F449,0000
F44A,0000
F44B,0000
F44C,0000
F44D,0000
F44E,0000
F44F,0000
F450,0000
F451,0000
F452,0000
F453,0000
F454,0000
F455,0000
F456,0000
F457,0000
F458,0000
F459,0000
F45A,0000
F45B,0000
F45C,0000
F45D,0000
F45E,0000
F45F,0000
F460,0000
F461,0000
F462,0000
F463,0000
F464,0000
F465,0000
F466,0000
F467,0000
F468,0000
F469,0000
F46A,0000
F46B,0000
F46C,0000
F46D,0000
F46E,0000
F46F,0000
F470,0000
F471,0000
F472,0000
F473,0000
F474,0000
F475,0000
F476,0000
F477,0000
F478,0000
F479,0000
F47A,0000
F47B,0000
F47C,0000
F47D,0000
F47E,0000
F47F,0000
F480,0000
F481,0000
F482,0000
F483,0000
F484,0000
F485,0000
F486,0000
F487,0000
F488,0000
F489,0000
F48A,0000
F48B,0000
F48C,0000
F48D,0000
F48E,0000
F48F,0000
F490,0000
F491,0000
F492,0000
F493,0000
F494,0000
F495,0000
F496,0000
F497,0000
F498,0000
F499,0000
F49A,0000
F49B,0000
F49C,0000
F49D,0000
F49E,0000
F49F,0000
F4A0,0000
F4A1,0000
F4A2,0000
F4A3,0000
F4A4,0000
F4A5,0000
F4A6,0000
F4A7,0000
F4A8,0000
F4A9,0000
F4AA,0000
F4AB,0000
F4AC,0000
F4AD,0000
F4AE,0000
F4AF,0000
F4B0,0000
F4B1,0000
F4B2,0000
F4B3,0000
F4B4,0000
F4B5,0000
F4B6,0000
F4B7,0000
F4B8,0000
F4B9,0000
F4BA,0000
F4BB,0000
F4BC,0000
F4BD,0000
F4BE,0000
F4BF,0000
F4C0,0000
F4C1,0000
F4C2,0000
F4C3,0000
F4C4,0000
F4C5,0000
F4C6,0000
F4C7,0000
F4C8,0000
F4C9,0000
F4CA,0000
F4CB,0000
F4CC,0000
F4CD,0000
F4CE,0000
F4CF,0000
F4D0,0000
F4D1,0000
F4D2,0000
F4D3,0000
F4D4,0000
F4D5,0000
F4D6,0000
F4D7,0000
F4D8,0000
F4D9,0000
F4DA,0000
F4DB,0000
F4DC,0000
F4DD,0000
F4DE,0000
F4DF,0000
F4E0,0000
F4E1,0000
F4E2,0000
F4E3,0000
F4E4,0000
F4E5,0000
F4E6,0000
F4E7,0000
F4E8,0000
F4E9,0000
F4EA,0000
F4EB,0000
F4EC,0000
F4ED,0000
F4EE,0000
F4EF,0000
F4F0,0000
F4F1,0000
F4F2,0000
F4F3,0000
F4F4,0000
F4F5,0000
F4F6,0000
F4F7,0000
F4F8,0000
F4F9,0000
F4FA,0000
F4FB,0000
F4FC,0000
F4FD,0000
F4FE,0000
F4FF,0000
F500,0000
F501,0000
F502,0000
F503,0000
F504,0000
F505,0000
F506,0000
F507,0000
F508,0000
F509,0000
F50A,0000
F50B,0000
F50C,0000
F50D,0000
F50E,0000
F50F,0000
F510,0000
F511,0000
F512,0000
F513,0000
F514,0000
F515,0000
F516,0000
F517,0000
F518,0000
F519,0000
F51A,0000
F51B,0000
F51C,0000
F51D,0000
F51E,0000
F51F,0000
F520,0000
F521,0000
F522,0000
F523,0000
F524,0000
F525,0000
F526,0000
F527,0000
F528,0000
F529,0000
F52A,0000
F52B,0000
F52C,0000
F52D,0000
F52E,0000
F52F,0000
F530,0000
F531,0000
F532,0000
F533,0000
F534,0000
F535,0000
F536,0000
F537,0000
F538,0000
F539,0000
F53A,0000
F53B,0000
F53C,0000
F53D,0000
F53E,0000
F53F,0000
F540,0000
F541,0000
F542,0000
F543,0000
F544,0000
F545,0000
F546,0000
F547,0000
F548,0000
F549,0000
F54A,0000
F54B,0000
F54C,0000
F54D,0000
F54E,0000
F54F,0000
F550,0000
F551,0000
F552,0000
F553,0000
F554,0000
F555,0000
F556,0000
F557,0000
F558,0000
F559,0000
F55A,0000
F55B,0000
F55C,0000
F55D,0000
F55E,0000
F55F,0000
F560,0000
F561,0000
F562,0000
F563,0000
F564,0000
F565,0000
F566,0000
F567,0000
F568,0000
F569,0000
F56A,0000
F56B,0000
F56C,0000
F56D,0000
F56E,0000
F56F,0000
F570,0000
F571,0000
F572,0000
F573,0000
F574,0000
F575,0000
F576,0000
F577,0000
F578,0000
F579,0000
F57A,0000
F57B,0000
F57C,0000
F57D,0000
F57E,0000
F57F,0000
F580,0000
F581,0000
F582,0000
F583,0000
F584,0000
F585,0000
F586,0000
F587,0000
F588,0000
F589,0000
F58A,0000
F58B,0000
F58C,0000
F58D,0000
F58E,0000
F58F,0000
F590,0000
F591,0000
F592,0000
F593,0000
F594,0000
F595,0000
F596,0000
F597,0000
F598,0000
F599,0000
F59A,0000
F59B,0000
F59C,0000
F59D,0000
F59E,0000
F59F,0000
F5A0,0000
F5A1,0000
F5A2,0000
F5A3,0000
F5A4,0000
F5A5,0000
F5A6,0000
F5A7,0000
F5A8,0000
F5A9,0000
F5AA,0000
F5AB,0000
F5AC,0000
F5AD,0000
F5AE,0000
F5AF,0000
F5B0,0000
F5B1,0000
F5B2,0000
F5B3,0000
F5B4,0000
F5B5,0000
F5B6,0000
F5B7,0000
F5B8,0000
F5B9,0000
F5BA,0000
F5BB,0000
F5BC,0000
F5BD,0000
F5BE,0000
F5BF,0000
F5C0,0000
F5C1,0000
F5C2,0000
F5C3,0000
F5C4,0000
F5C5,0000
F5C6,0000
F5C7,0000
F5C8,0000
F5C9,0000
F5CA,0000
F5CB,0000
F5CC,0000
F5CD,0000
F5CE,0000
F5CF,0000
F5D0,0000
F5D1,0000
F5D2,0000
F5D3,0000
F5D4,0000
F5D5,0000
F5D6,0000
F5D7,0000
F5D8,0000
F5D9,0000
F5DA,0000
F5DB,0000
F5DC,0000
F5DD,0000
F5DE,0000
F5DF,0000
F5E0,0000
F5E1,0000
F5E2,0000
F5E3,0000
F5E4,0000
F5E5,0000
F5E6,0000
F5E7,0000
F5E8,0000
F5E9,0000
F5EA,0000
F5EB,0000
F5EC,0000
F5ED,0000
F5EE,0000
F5EF,0000
F5F0,0000
F5F1,0000
F5F2,0000
F5F3,0000
F5F4,0000
F5F5,0000
F5F6,0000
F5F7,0000
F5F8,0000
F5F9,0000
F5FA,0000
F5FB,0000
F5FC,0000
F5FD,0000
F5FE,0000
F5FF,0000
F600,0000
F601,0000
F602,0000
F603,0000
F604,0000
F605,0000
F606,0000
F607,0000
F608,0000
F609,0000
F60A,0000
F60B,0000
F60C,0000
F60D,0000
F60E,0000
F60F,0000
F610,0000
F611,0000
F612,0000
F613,0000
F614,0000
F615,0000
F616,0000
F617,0000
F618,0000
F619,0000
F61A,0000
F61B,0000
F61C,0000
F61D,0000
F61E,0000
F61F,0000
F620,0000
F621,0000
F622,0000
F623,0000
F624,0000
F625,0000
F626,0000
F627,0000
F628,0000
F629,0000
F62A,0000
F62B,0000
F62C,0000
F62D,0000
F62E,0000
F62F,0000
F630,0000
F631,0000
F632,0000
F633,0000
F634,0000
F635,0000
F636,0000
F637,0000
F638,0000
F639,0000
F63A,0000
F63B,0000
F63C,0000
F63D,0000
F63E,0000
F63F,0000
F640,0000
F641,0000
F642,0000
F643,0000
F644,0000
F645,0000
F646,0000
F647,0000
F648,0000
F649,0000
F64A,0000
F64B,0000
F64C,0000
F64D,0000
F64E,0000
F64F,0000
F650,0000
F651,0000
F652,0000
F653,0000
F654,0000
F655,0000
F656,0000
F657,0000
F658,0000
F659,0000
F65A,0000
F65B,0000
F65C,0000
F65D,0000
F65E,0000
F65F,0000
F660,0000
F661,0000
F662,0000
F663,0000
F664,0000
F665,0000
F666,0000
F667,0000
F668,0000
F669,0000
F66A,0000
F66B,0000
F66C,0000
F66D,0000
F66E,0000
F66F,0000
F670,0000
F671,0000
F672,0000
F673,0000
F674,0000
F675,0000
F676,0000
F677,0000
F678,0000
F679,0000
F67A,0000
F67B,0000
F67C,0000
F67D,0000
F67E,0000
F67F,0000
F680,0000
F681,0000
F682,0000
F683,0000
F684,0000
F685,0000
F686,0000
F687,0000
F688,0000
F689,0000
F68A,0000
F68B,0000
F68C,0000
F68D,0000
F68E,0000
F68F,0000
F690,0000
F691,0000
F692,0000
F693,0000
F694,0000
F695,0000
F696,0000
F697,0000
F698,0000
F699,0000
F69A,0000
F69B,0000
F69C,0000
F69D,0000
F69E,0000
F69F,0000
F6A0,0000
F6A1,0000
F6A2,0000
F6A3,0000
F6A4,0000
F6A5,0000
F6A6,0000
F6A7,0000
F6A8,0000
F6A9,0000
F6AA,0000
F6AB,0000
F6AC,0000
F6AD,0000
F6AE,0000
F6AF,0000
F6B0,0000
F6B1,0000
F6B2,0000
F6B3,0000
F6B4,0000
F6B5,0000
F6B6,0000
F6B7,0000
F6B8,0000
F6B9,0000
F6BA,0000
F6BB,0000
F6BC,0000
F6BD,0000
F6BE,0000
F6BF,0000
F6C0,0000
F6C1,0000
F6C2,0000
F6C3,0000
F6C4,0000
F6C5,0000
F6C6,0000
F6C7,0000
F6C8,0000
F6C9,0000
F6CA,0000
F6CB,0000
F6CC,0000
F6CD,0000
F6CE,0000
F6CF,0000
F6D0,0000
F6D1,0000
F6D2,0000
F6D3,0000
F6D4,0000
F6D5,0000
F6D6,0000
F6D7,0000
F6D8,0000
F6D9,0000
F6DA,0000
F6DB,0000
F6DC,0000
F6DD,0000
F6DE,0000
F6DF,0000
F6E0,0000
F6E1,0000
F6E2,0000
F6E3,0000
F6E4,0000
F6E5,0000
F6E6,0000
F6E7,0000
F6E8,0000
F6E9,0000
F6EA,0000
F6EB,0000
F6EC,0000
F6ED,0000
F6EE,0000
F6EF,0000
F6F0,0000
F6F1,0000
F6F2,0000
F6F3,0000
F6F4,0000
F6F5,0000
F6F6,0000
F6F7,0000
F6F8,0000
F6F9,0000
F6FA,0000
F6FB,0000
F6FC,0000
F6FD,0000
F6FE,0000
F6FF,0000
F700,0000
F701,0000
F702,0000
F703,0000
F704,0000
F705,0000
F706,0000
F707,0000
F708,0000
F709,0000
F70A,0000
F70B,0000
F70C,0000
F70D,0000
F70E,0000
F70F,0000
F710,0000
F711,0000
F712,0000
F713,0000
F714,0000
F715,0000
F716,0000
F717,0000
F718,0000
F719,0000
F71A,0000
F71B,0000
F71C,0000
F71D,0000
F71E,0000
F71F,0000
F720,0000
F721,0000
F722,0000
F723,0000
F724,0000
F725,0000
F726,0000
F727,0000
F728,0000
F729,0000
F72A,0000
F72B,0000
F72C,0000
F72D,0000
F72E,0000
F72F,0000
F730,0000
F731,0000
F732,0000
F733,0000
F734,0000
F735,0000
F736,0000
F737,0000
F738,0000
F739,0000
F73A,0000
F73B,0000
F73C,0000
F73D,0000
F73E,0000
F73F,0000
F740,0000
F741,0000
F742,0000
F743,0000
F744,0000
F745,0000
F746,0000
F747,0000
F748,0000
F749,0000
F74A,0000
F74B,0000
F74C,0000
F74D,0000
F74E,0000
F74F,0000
F750,0000
F751,0000
F752,0000
F753,0000
F754,0000
F755,0000
F756,0000
F757,0000
F758,0000
F759,0000
F75A,0000
F75B,0000
F75C,0000
F75D,0000
F75E,0000
F75F,0000
F760,0000
F761,0000
F762,0000
F763,0000
F764,0000
F765,0000
F766,0000
F767,0000
F768,0000
F769,0000
F76A,0000
F76B,0000
F76C,0000
F76D,0000
F76E,0000
F76F,0000
F770,0000
F771,0000
F772,0000
F773,0000
F774,0000
F775,0000
F776,0000
F777,0000
F778,0000
F779,0000
F77A,0000
F77B,0000
F77C,0000
F77D,0000
F77E,0000
F77F,0000
F780,0000
F781,0000
F782,0000
F783,0000
F784,0000
F785,0000
F786,0000
F787,0000
F788,0000
F789,0000
F78A,0000
F78B,0000
F78C,0000
F78D,0000
F78E,0000
F78F,0000
F790,0000
F791,0000
F792,0000
F793,0000
F794,0000
F795,0000
F796,0000
F797,0000
F798,0000
F799,0000
F79A,0000
F79B,0000
F79C,0000
F79D,0000
F79E,0000
F79F,0000
F7A0,0000
F7A1,0000
F7A2,0000
F7A3,0000
F7A4,0000
F7A5,0000
F7A6,0000
F7A7,0000
F7A8,0000
F7A9,0000
F7AA,0000
F7AB,0000
F7AC,0000
F7AD,0000
F7AE,0000
F7AF,0000
F7B0,0000
F7B1,0000
F7B2,0000
F7B3,0000
F7B4,0000
F7B5,0000
F7B6,0000
F7B7,0000
F7B8,0000
F7B9,0000
F7BA,0000
F7BB,0000
F7BC,0000
F7BD,0000
F7BE,0000
F7BF,0000
F7C0,0000
F7C1,0000
F7C2,0000
F7C3,0000
F7C4,0000
F7C5,0000
F7C6,0000
F7C7,0000
F7C8,0000
F7C9,0000
F7CA,0000
F7CB,0000
F7CC,0000
F7CD,0000
F7CE,0000
F7CF,0000
F7D0,0000
F7D1,0000
F7D2,0000
F7D3,0000
F7D4,0000
F7D5,0000
F7D6,0000
F7D7,0000
F7D8,0000
F7D9,0000
F7DA,0000
F7DB,0000
F7DC,0000
F7DD,0000
F7DE,0000
F7DF,0000
F7E0,0000
F7E1,0000
F7E2,0000
F7E3,0000
F7E4,0000
F7E5,0000
F7E6,0000
F7E7,0000
F7E8,0000
F7E9,0000
F7EA,0000
F7EB,0000
F7EC,0000
F7ED,0000
F7EE,0000
F7EF,0000
F7F0,0000
F7F1,0000
F7F2,0000
F7F3,0000
F7F4,0000
F7F5,0000
F7F6,0000
F7F7,0000
F7F8,0000
F7F9,0000
F7FA,0000
F7FB,0000
F7FC,0000
F7FD,0000
F7FE,0000
F7FF,0000
F800,0000
F801,0000
F802,0000
F803,0000
F804,0000
F805,0000
F806,0000
F807,0000
F808,0000
F809,0000
F80A,0000
F80B,0000
F80C,0000
F80D,0000
F80E,0000
F80F,0000
F810,0000
F811,0000
F812,0000
F813,0000
F814,0000
F815,0000
F816,0000
F817,0000
F818,0000
F819,0000
F81A,0000
F81B,0000
F81C,0000
F81D,0000
F81E,0000
F81F,0000
F820,0000
F821,0000
F822,0000
F823,0000
F824,0000
F825,0000
F826,0000
F827,0000
F828,0000
F829,0000
F82A,0000
F82B,0000
F82C,0000
F82D,0000
F82E,0000
F82F,0000
F830,0000
F831,0000
F832,0000
F833,0000
F834,0000
F835,0000
F836,0000
F837,0000
F838,0000
F839,0000
F83A,0000
F83B,0000
F83C,0000
F83D,0000
F83E,0000
F83F,0000
F840,0000
F841,0000
F842,0000
F843,0000
F844,0000
F845,0000
F846,0000
F847,0000
F848,0000
F849,0000
F84A,0000
F84B,0000
F84C,0000
F84D,0000
F84E,0000
F84F,0000
F850,0000
F851,0000
F852,0000
F853,0000
F854,0000
F855,0000
F856,0000
F857,0000
F858,0000
F859,0000
F85A,0000
F85B,0000
F85C,0000
F85D,0000
F85E,0000
F85F,0000
F860,0000
F861,0000
F862,0000
F863,0000
F864,0000
F865,0000
F866,0000
F867,0000
F868,0000
F869,0000
F86A,0000
F86B,0000
F86C,0000
F86D,0000
F86E,0000
F86F,0000
F870,0000
F871,0000
F872,0000
F873,0000
F874,0000
F875,0000
F876,0000
F877,0000
F878,0000
F879,0000
F87A,0000
F87B,0000
F87C,0000
F87D,0000
F87E,0000
F87F,0000
F880,0000
F881,0000
F882,0000
F883,0000
F884,0000
F885,0000
F886,0000
F887,0000
F888,0000
F889,0000
F88A,0000
F88B,0000
F88C,0000
F88D,0000
F88E,0000
F88F,0000
F890,0000
F891,0000
F892,0000
F893,0000
F894,0000
F895,0000
F896,0000
F897,0000
F898,0000
F899,0000
F89A,0000
F89B,0000
F89C,0000
F89D,0000
F89E,0000
F89F,0000
F8A0,0000
F8A1,0000
F8A2,0000
F8A3,0000
F8A4,0000
F8A5,0000
F8A6,0000
F8A7,0000
F8A8,0000
F8A9,0000
F8AA,0000
F8AB,0000
F8AC,0000
F8AD,0000
F8AE,0000
F8AF,0000
F8B0,0000
F8B1,0000
F8B2,0000
F8B3,0000
F8B4,0000
F8B5,0000
F8B6,0000
F8B7,0000
F8B8,0000
F8B9,0000
F8BA,0000
F8BB,0000
F8BC,0000
F8BD,0000
F8BE,0000
F8BF,0000
F8C0,0000
F8C1,0000
F8C2,0000
F8C3,0000
F8C4,0000
F8C5,0000
F8C6,0000
F8C7,0000
F8C8,0000
F8C9,0000
F8CA,0000
F8CB,0000
F8CC,0000
F8CD,0000
F8CE,0000
F8CF,0000
F8D0,0000
F8D1,0000
F8D2,0000
F8D3,0000
F8D4,0000
F8D5,0000
F8D6,0000
F8D7,0000
F8D8,0000
F8D9,0000
F8DA,0000
F8DB,0000
F8DC,0000
F8DD,0000
F8DE,0000
F8DF,0000
F8E0,0000
F8E1,0000
F8E2,0000
F8E3,0000
F8E4,0000
F8E5,0000
F8E6,0000
F8E7,0000
F8E8,0000
F8E9,0000
F8EA,0000
F8EB,0000
F8EC,0000
F8ED,0000
F8EE,0000
F8EF,0000
F8F0,0000
F8F1,0000
F8F2,0000
F8F3,0000
F8F4,0000
F8F5,0000
F8F6,0000
F8F7,0000
F8F8,0000
F8F9,0000
F8FA,0000
F8FB,0000
F8FC,0000
F8FD,0000
F8FE,0000
F8FF,0000
F900,0000
F901,0000
F902,0000
F903,0000
F904,0000
F905,0000
F906,0000
F907,0000
F908,0000
F909,0000
F90A,0000
F90B,0000
F90C,0000
F90D,0000
F90E,0000
F90F,0000
F910,0000
F911,0000
F912,0000
F913,0000
F914,0000
F915,0000
F916,0000
F917,0000
F918,0000
F919,0000
F91A,0000
F91B,0000
F91C,0000
F91D,0000
F91E,0000
F91F,0000
F920,0000
F921,0000
F922,0000
F923,0000
F924,0000
F925,0000
F926,0000
F927,0000
F928,0000
F929,0000
F92A,0000
F92B,0000
F92C,0000
F92D,0000
F92E,0000
F92F,0000
F930,0000
F931,0000
F932,0000
F933,0000
F934,0000
F935,0000
F936,0000
F937,0000
F938,0000
F939,0000
F93A,0000
F93B,0000
F93C,0000
F93D,0000
F93E,0000
F93F,0000
F940,0000
F941,0000
F942,0000
F943,0000
F944,0000
F945,0000
F946,0000
F947,0000
F948,0000
F949,0000
F94A,0000
F94B,0000
F94C,0000
F94D,0000
F94E,0000
F94F,0000
F950,0000
F951,0000
F952,0000
F953,0000
F954,0000
F955,0000
F956,0000
F957,0000
F958,0000
F959,0000
F95A,0000
F95B,0000
F95C,0000
F95D,0000
F95E,0000
F95F,0000
F960,0000
F961,0000
F962,0000
F963,0000
F964,0000
F965,0000
F966,0000
F967,0000
F968,0000
F969,0000
F96A,0000
F96B,0000
F96C,0000
F96D,0000
F96E,0000
F96F,0000
F970,0000
F971,0000
F972,0000
F973,0000
F974,0000
F975,0000
F976,0000
F977,0000
F978,0000
F979,0000
F97A,0000
F97B,0000
F97C,0000
F97D,0000
F97E,0000
F97F,0000
F980,0000
F981,0000
F982,0000
F983,0000
F984,0000
F985,0000
F986,0000
F987,0000
F988,0000
F989,0000
F98A,0000
F98B,0000
F98C,0000
F98D,0000
F98E,0000
F98F,0000
F990,0000
F991,0000
F992,0000
F993,0000
F994,0000
F995,0000
F996,0000
F997,0000
F998,0000
F999,0000
F99A,0000
F99B,0000
F99C,0000
F99D,0000
F99E,0000
F99F,0000
F9A0,0000
F9A1,0000
F9A2,0000
F9A3,0000
F9A4,0000
F9A5,0000
F9A6,0000
F9A7,0000
F9A8,0000
F9A9,0000
F9AA,0000
F9AB,0000
F9AC,0000
F9AD,0000
F9AE,0000
F9AF,0000
F9B0,0000
F9B1,0000
F9B2,0000
F9B3,0000
F9B4,0000
F9B5,0000
F9B6,0000
F9B7,0000
F9B8,0000
F9B9,0000
F9BA,0000
F9BB,0000
F9BC,0000
F9BD,0000
F9BE,0000
F9BF,0000
F9C0,0000
F9C1,0000
F9C2,0000
F9C3,0000
F9C4,0000
F9C5,0000
F9C6,0000
F9C7,0000
F9C8,0000
F9C9,0000
F9CA,0000
F9CB,0000
F9CC,0000
F9CD,0000
F9CE,0000
F9CF,0000
F9D0,0000
F9D1,0000
F9D2,0000
F9D3,0000
F9D4,0000
F9D5,0000
F9D6,0000
F9D7,0000
F9D8,0000
F9D9,0000
F9DA,0000
F9DB,0000
F9DC,0000
F9DD,0000
F9DE,0000
F9DF,0000
F9E0,0000
F9E1,0000
F9E2,0000
F9E3,0000
F9E4,0000
F9E5,0000
F9E6,0000
F9E7,0000
F9E8,0000
F9E9,0000
F9EA,0000
F9EB,0000
F9EC,0000
F9ED,0000
F9EE,0000
F9EF,0000
F9F0,0000
F9F1,0000
F9F2,0000
F9F3,0000
F9F4,0000
F9F5,0000
F9F6,0000
F9F7,0000
F9F8,0000
F9F9,0000
F9FA,0000
F9FB,0000
F9FC,0000
F9FD,0000
F9FE,0000
F9FF,0000
FA00,0000
FA01,0000
FA02,0000
FA03,0000
FA04,0000
FA05,0000
FA06,0000
FA07,0000
FA08,0000
FA09,0000
FA0A,0000
FA0B,0000
FA0C,0000
FA0D,0000
FA0E,0000
FA0F,0000
FA10,0000
FA11,0000
FA12,0000
FA13,0000
FA14,0000
FA15,0000
FA16,0000
FA17,0000
FA18,0000
FA19,0000
FA1A,0000
FA1B,0000
FA1C,0000
FA1D,0000
FA1E,0000
FA1F,0000
FA20,0000
FA21,0000
FA22,0000
FA23,0000
FA24,0000
FA25,0000
FA26,0000
FA27,0000
FA28,0000
FA29,0000
FA2A,0000
FA2B,0000
FA2C,0000
FA2D,0000
FA2E,0000
FA2F,0000
FA30,0000
FA31,0000
FA32,0000
FA33,0000
FA34,0000
FA35,0000
FA36,0000
FA37,0000
FA38,0000
FA39,0000
FA3A,0000
FA3B,0000
FA3C,0000
FA3D,0000
FA3E,0000
FA3F,0000
FA40,0000
FA41,0000
FA42,0000
FA43,0000
FA44,0000
FA45,0000
FA46,0000
FA47,0000
FA48,0000
FA49,0000
FA4A,0000
FA4B,0000
FA4C,0000
FA4D,0000
FA4E,0000
FA4F,0000
FA50,0000
FA51,0000
FA52,0000
FA53,0000
FA54,0000
FA55,0000
FA56,0000
FA57,0000
FA58,0000
FA59,0000
FA5A,0000
FA5B,0000
FA5C,0000
FA5D,0000
FA5E,0000
FA5F,0000
FA60,0000
FA61,0000
FA62,0000
FA63,0000
FA64,0000
FA65,0000
FA66,0000
FA67,0000
FA68,0000
FA69,0000
FA6A,0000
FA6B,0000
FA6C,0000
FA6D,0000
FA6E,0000
FA6F,0000
FA70,0000
FA71,0000
FA72,0000
FA73,0000
FA74,0000
FA75,0000
FA76,0000
FA77,0000
FA78,0000
FA79,0000
FA7A,0000
FA7B,0000
FA7C,0000
FA7D,0000
FA7E,0000
FA7F,0000
FA80,0000
FA81,0000
FA82,0000
FA83,0000
FA84,0000
FA85,0000
FA86,0000
FA87,0000
FA88,0000
FA89,0000
FA8A,0000
FA8B,0000
FA8C,0000
FA8D,0000
FA8E,0000
FA8F,0000
FA90,0000
FA91,0000
FA92,0000
FA93,0000
FA94,0000
FA95,0000
FA96,0000
FA97,0000
FA98,0000
FA99,0000
FA9A,0000
FA9B,0000
FA9C,0000
FA9D,0000
FA9E,0000
FA9F,0000
FAA0,0000
FAA1,0000
FAA2,0000
FAA3,0000
FAA4,0000
FAA5,0000
FAA6,0000
FAA7,0000
FAA8,0000
FAA9,0000
FAAA,0000
FAAB,0000
FAAC,0000
FAAD,0000
FAAE,0000
FAAF,0000
FAB0,0000
FAB1,0000
FAB2,0000
FAB3,0000
FAB4,0000
FAB5,0000
FAB6,0000
FAB7,0000
FAB8,0000
FAB9,0000
FABA,0000
FABB,0000
FABC,0000
FABD,0000
FABE,0000
FABF,0000
FAC0,0000
FAC1,0000
FAC2,0000
FAC3,0000
FAC4,0000
FAC5,0000
FAC6,0000
FAC7,0000
FAC8,0000
FAC9,0000
FACA,0000
FACB,0000
FACC,0000
FACD,0000
FACE,0000
FACF,0000
FAD0,0000
FAD1,0000
FAD2,0000
FAD3,0000
FAD4,0000
FAD5,0000
FAD6,0000
FAD7,0000
FAD8,0000
FAD9,0000
FADA,0000
FADB,0000
FADC,0000
FADD,0000
FADE,0000
FADF,0000
FAE0,0000
FAE1,0000
FAE2,0000
FAE3,0000
FAE4,0000
FAE5,0000
FAE6,0000
FAE7,0000
FAE8,0000
FAE9,0000
FAEA,0000
FAEB,0000
FAEC,0000
FAED,0000
FAEE,0000
FAEF,0000
FAF0,0000
FAF1,0000
FAF2,0000
FAF3,0000
FAF4,0000
FAF5,0000
FAF6,0000
FAF7,0000
FAF8,0000
FAF9,0000
FAFA,0000
FAFB,0000
FAFC,0000
FAFD,0000
FAFE,0000
FAFF,0000
FB00,0000
FB01,0000
FB02,0000
FB03,0000
FB04,0000
FB05,0000
FB06,0000
FB07,0000
FB08,0000
FB09,0000
FB0A,0000
FB0B,0000
FB0C,0000
FB0D,0000
FB0E,0000
FB0F,0000
FB10,0000
FB11,0000
FB12,0000
FB13,0000
FB14,0000
FB15,0000
FB16,0000
FB17,0000
FB18,0000
FB19,0000
FB1A,0000
FB1B,0000
FB1C,0000
FB1D,0000
FB1E,0000
FB1F,0000
FB20,0000
FB21,0000
FB22,0000
FB23,0000
FB24,0000
FB25,0000
FB26,0000
FB27,0000
FB28,0000
FB29,0000
FB2A,0000
FB2B,0000
FB2C,0000
FB2D,0000
FB2E,0000
FB2F,0000
FB30,0000
FB31,0000
FB32,0000
FB33,0000
FB34,0000
FB35,0000
FB36,0000
FB37,0000
FB38,0000
FB39,0000
FB3A,0000
FB3B,0000
FB3C,0000
FB3D,0000
FB3E,0000
FB3F,0000
FB40,0000
FB41,0000
FB42,0000
FB43,0000
FB44,0000
FB45,0000
FB46,0000
FB47,0000
FB48,0000
FB49,0000
FB4A,0000
FB4B,0000
FB4C,0000
FB4D,0000
FB4E,0000
FB4F,0000
FB50,0000
FB51,0000
FB52,0000
FB53,0000
FB54,0000
FB55,0000
FB56,0000
FB57,0000
FB58,0000
FB59,0000
FB5A,0000
FB5B,0000
FB5C,0000
FB5D,0000
FB5E,0000
FB5F,0000
FB60,0000
FB61,0000
FB62,0000
FB63,0000
FB64,0000
FB65,0000
FB66,0000
FB67,0000
FB68,0000
FB69,0000
FB6A,0000
FB6B,0000
FB6C,0000
FB6D,0000
FB6E,0000
FB6F,0000
FB70,0000
FB71,0000
FB72,0000
FB73,0000
FB74,0000
FB75,0000
FB76,0000
FB77,0000
FB78,0000
FB79,0000
FB7A,0000
FB7B,0000
FB7C,0000
FB7D,0000
FB7E,0000
FB7F,0000
FB80,0000
FB81,0000
FB82,0000
FB83,0000
FB84,0000
FB85,0000
FB86,0000
FB87,0000
FB88,0000
FB89,0000
FB8A,0000
FB8B,0000
FB8C,0000
FB8D,0000
FB8E,0000
FB8F,0000
FB90,0000
FB91,0000
FB92,0000
FB93,0000
FB94,0000
FB95,0000
FB96,0000
FB97,0000
FB98,0000
FB99,0000
FB9A,0000
FB9B,0000
FB9C,0000
FB9D,0000
FB9E,0000
FB9F,0000
FBA0,0000
FBA1,0000
FBA2,0000
FBA3,0000
FBA4,0000
FBA5,0000
FBA6,0000
FBA7,0000
FBA8,0000
FBA9,0000
FBAA,0000
FBAB,0000
FBAC,0000
FBAD,0000
FBAE,0000
FBAF,0000
FBB0,0000
FBB1,0000
FBB2,0000
FBB3,0000
FBB4,0000
FBB5,0000
FBB6,0000
FBB7,0000
FBB8,0000
FBB9,0000
FBBA,0000
FBBB,0000
FBBC,0000
FBBD,0000
FBBE,0000
FBBF,0000
FBC0,0000
FBC1,0000
FBC2,0000
FBC3,0000
FBC4,0000
FBC5,0000
FBC6,0000
FBC7,0000
FBC8,0000
FBC9,0000
FBCA,0000
FBCB,0000
FBCC,0000
FBCD,0000
FBCE,0000
FBCF,0000
FBD0,0000
FBD1,0000
FBD2,0000
FBD3,0000
FBD4,0000
FBD5,0000
FBD6,0000
FBD7,0000
FBD8,0000
FBD9,0000
FBDA,0000
FBDB,0000
FBDC,0000
FBDD,0000
FBDE,0000
FBDF,0000
FBE0,0000
FBE1,0000
FBE2,0000
FBE3,0000
FBE4,0000
FBE5,0000
FBE6,0000
FBE7,0000
FBE8,0000
FBE9,0000
FBEA,0000
FBEB,0000
FBEC,0000
FBED,0000
FBEE,0000
FBEF,0000
FBF0,0000
FBF1,0000
FBF2,0000
FBF3,0000
FBF4,0000
FBF5,0000
FBF6,0000
FBF7,0000
FBF8,0000
FBF9,0000
FBFA,0000
FBFB,0000
FBFC,0000
FBFD,0000
FBFE,0000
FBFF,0000
FC00,0000
FC01,0000
FC02,0000
FC03,0000
FC04,0000
FC05,0000
FC06,0000
FC07,0000
FC08,0000
FC09,0000
FC0A,0000
FC0B,0000
FC0C,0000
FC0D,0000
FC0E,0000
FC0F,0000
FC10,0000
FC11,0000
FC12,0000
FC13,0000
FC14,0000
FC15,0000
FC16,0000
FC17,0000
FC18,0000
FC19,0000
FC1A,0000
FC1B,0000
FC1C,0000
FC1D,0000
FC1E,0000
FC1F,0000
FC20,0000
FC21,0000
FC22,0000
FC23,0000
FC24,0000
FC25,0000
FC26,0000
FC27,0000
FC28,0000
FC29,0000
FC2A,0000
FC2B,0000
FC2C,0000
FC2D,0000
FC2E,0000
FC2F,0000
FC30,0000
FC31,0000
FC32,0000
FC33,0000
FC34,0000
FC35,0000
FC36,0000
FC37,0000
FC38,0000
FC39,0000
FC3A,0000
FC3B,0000
FC3C,0000
FC3D,0000
FC3E,0000
FC3F,0000
FC40,0000
FC41,0000
FC42,0000
FC43,0000
FC44,0000
FC45,0000
FC46,0000
FC47,0000
FC48,0000
FC49,0000
FC4A,0000
FC4B,0000
FC4C,0000
FC4D,0000
FC4E,0000
FC4F,0000
FC50,0000
FC51,0000
FC52,0000
FC53,0000
FC54,0000
FC55,0000
FC56,0000
FC57,0000
FC58,0000
FC59,0000
FC5A,0000
FC5B,0000
FC5C,0000
FC5D,0000
FC5E,0000
FC5F,0000
FC60,0000
FC61,0000
FC62,0000
FC63,0000
FC64,0000
FC65,0000
FC66,0000
FC67,0000
FC68,0000
FC69,0000
FC6A,0000
FC6B,0000
FC6C,0000
FC6D,0000
FC6E,0000
FC6F,0000
FC70,0000
FC71,0000
FC72,0000
FC73,0000
FC74,0000
FC75,0000
FC76,0000
FC77,0000
FC78,0000
FC79,0000
FC7A,0000
FC7B,0000
FC7C,0000
FC7D,0000
FC7E,0000
FC7F,0000
FC80,0000
FC81,0000
FC82,0000
FC83,0000
FC84,0000
FC85,0000
FC86,0000
FC87,0000
FC88,0000
FC89,0000
FC8A,0000
FC8B,0000
FC8C,0000
FC8D,0000
FC8E,0000
FC8F,0000
FC90,0000
FC91,0000
FC92,0000
FC93,0000
FC94,0000
FC95,0000
FC96,0000
FC97,0000
FC98,0000
FC99,0000
FC9A,0000
FC9B,0000
FC9C,0000
FC9D,0000
FC9E,0000
FC9F,0000
FCA0,0000
FCA1,0000
FCA2,0000
FCA3,0000
FCA4,0000
FCA5,0000
FCA6,0000
FCA7,0000
FCA8,0000
FCA9,0000
FCAA,0000
FCAB,0000
FCAC,0000
FCAD,0000
FCAE,0000
FCAF,0000
FCB0,0000
FCB1,0000
FCB2,0000
FCB3,0000
FCB4,0000
FCB5,0000
FCB6,0000
FCB7,0000
FCB8,0000
FCB9,0000
FCBA,0000
FCBB,0000
FCBC,0000
FCBD,0000
FCBE,0000
FCBF,0000
FCC0,0000
FCC1,0000
FCC2,0000
FCC3,0000
FCC4,0000
FCC5,0000
FCC6,0000
FCC7,0000
FCC8,0000
FCC9,0000
FCCA,0000
FCCB,0000
FCCC,0000
FCCD,0000
FCCE,0000
FCCF,0000
FCD0,0000
FCD1,0000
FCD2,0000
FCD3,0000
FCD4,0000
FCD5,0000
FCD6,0000
FCD7,0000
FCD8,0000
FCD9,0000
FCDA,0000
FCDB,0000
FCDC,0000
FCDD,0000
FCDE,0000
FCDF,0000
FCE0,0000
FCE1,0000
FCE2,0000
FCE3,0000
FCE4,0000
FCE5,0000
FCE6,0000
FCE7,0000
FCE8,0000
FCE9,0000
FCEA,0000
FCEB,0000
FCEC,0000
FCED,0000
FCEE,0000
FCEF,0000
FCF0,0000
FCF1,0000
FCF2,0000
FCF3,0000
FCF4,0000
FCF5,0000
FCF6,0000
FCF7,0000
FCF8,0000
FCF9,0000
FCFA,0000
FCFB,0000
FCFC,0000
FCFD,0000
FCFE,0000
FCFF,0000
FD00,0000
FD01,0000
FD02,0000
FD03,0000
FD04,0000
FD05,0000
FD06,0000
FD07,0000
FD08,0000
FD09,0000
FD0A,0000
FD0B,0000
FD0C,0000
FD0D,0000
FD0E,0000
FD0F,0000
FD10,0000
FD11,0000
FD12,0000
FD13,0000
FD14,0000
FD15,0000
FD16,0000
FD17,0000
FD18,0000
FD19,0000
FD1A,0000
FD1B,0000
FD1C,0000
FD1D,0000
FD1E,0000
FD1F,0000
FD20,0000
FD21,0000
FD22,0000
FD23,0000
FD24,0000
FD25,0000
FD26,0000
FD27,0000
FD28,0000
FD29,0000
FD2A,0000
FD2B,0000
FD2C,0000
FD2D,0000
FD2E,0000
FD2F,0000
FD30,0000
FD31,0000
FD32,0000
FD33,0000
FD34,0000
FD35,0000
FD36,0000
FD37,0000
FD38,0000
FD39,0000
FD3A,0000
FD3B,0000
FD3C,0000
FD3D,0000
FD3E,0000
FD3F,0000
FD40,0000
FD41,0000
FD42,0000
FD43,0000
FD44,0000
FD45,0000
FD46,0000
FD47,0000
FD48,0000
FD49,0000
FD4A,0000
FD4B,0000
FD4C,0000
FD4D,0000
FD4E,0000
FD4F,0000
FD50,0000
FD51,0000
FD52,0000
FD53,0000
FD54,0000
FD55,0000
FD56,0000
FD57,0000
FD58,0000
FD59,0000
FD5A,0000
FD5B,0000
FD5C,0000
FD5D,0000
FD5E,0000
FD5F,0000
FD60,0000
FD61,0000
FD62,0000
FD63,0000
FD64,0000
FD65,0000
FD66,0000
FD67,0000
FD68,0000
FD69,0000
FD6A,0000
FD6B,0000
FD6C,0000
FD6D,0000
FD6E,0000
FD6F,0000
FD70,0000
FD71,0000
FD72,0000
FD73,0000
FD74,0000
FD75,0000
FD76,0000
FD77,0000
FD78,0000
FD79,0000
FD7A,0000
FD7B,0000
FD7C,0000
FD7D,0000
FD7E,0000
FD7F,0000
FD80,0000
FD81,0000
FD82,0000
FD83,0000
FD84,0000
FD85,0000
FD86,0000
FD87,0000
FD88,0000
FD89,0000
FD8A,0000
FD8B,0000
FD8C,0000
FD8D,0000
FD8E,0000
FD8F,0000
FD90,0000
FD91,0000
FD92,0000
FD93,0000
FD94,0000
FD95,0000
FD96,0000
FD97,0000
FD98,0000
FD99,0000
FD9A,0000
FD9B,0000
FD9C,0000
FD9D,0000
FD9E,0000
FD9F,0000
FDA0,0000
FDA1,0000
FDA2,0000
FDA3,0000
FDA4,0000
FDA5,0000
FDA6,0000
FDA7,0000
FDA8,0000
FDA9,0000
FDAA,0000
FDAB,0000
FDAC,0000
FDAD,0000
FDAE,0000
FDAF,0000
FDB0,0000
FDB1,0000
FDB2,0000
FDB3,0000
FDB4,0000
FDB5,0000
FDB6,0000
FDB7,0000
FDB8,0000
FDB9,0000
FDBA,0000
FDBB,0000
FDBC,0000
FDBD,0000
FDBE,0000
FDBF,0000
FDC0,0000
FDC1,0000
FDC2,0000
FDC3,0000
FDC4,0000
FDC5,0000
FDC6,0000
FDC7,0000
FDC8,0000
FDC9,0000
FDCA,0000
FDCB,0000
FDCC,0000
FDCD,0000
FDCE,0000
FDCF,0000
FDD0,0000
FDD1,0000
FDD2,0000
FDD3,0000
FDD4,0000
FDD5,0000
FDD6,0000
FDD7,0000
FDD8,0000
FDD9,0000
FDDA,0000
FDDB,0000
FDDC,0000
FDDD,0000
FDDE,0000
FDDF,0000
FDE0,0000
FDE1,0000
FDE2,0000
FDE3,0000
FDE4,0000
FDE5,0000
FDE6,0000
FDE7,0000
FDE8,0000
FDE9,0000
FDEA,0000
FDEB,0000
FDEC,0000
FDED,0000
FDEE,0000
FDEF,0000
FDF0,0000
FDF1,0000
FDF2,0000
FDF3,0000
FDF4,0000
FDF5,0000
FDF6,0000
FDF7,0000
FDF8,0000
FDF9,0000
FDFA,0000
FDFB,0000
FDFC,0000
FDFD,0000
FDFE,0000
FDFF,0000
FE00,0000
FE01,0000
FE02,0000
FE03,0000
FE04,0000
FE05,0000
FE06,0000
FE07,0000
FE08,0000
FE09,0000
FE0A,0000
FE0B,0000
FE0C,0000
FE0D,0000
FE0E,0000
FE0F,0000
FE10,0000
FE11,0000
FE12,0000
FE13,0000
FE14,0000
FE15,0000
FE16,0000
FE17,0000
FE18,0000
FE19,0000
FE1A,0000
FE1B,0000
FE1C,0000
FE1D,0000
FE1E,0000
FE1F,0000
FE20,0000
FE21,0000
FE22,0000
FE23,0000
FE24,0000
FE25,0000
FE26,0000
FE27,0000
FE28,0000
FE29,0000
FE2A,0000
FE2B,0000
FE2C,0000
FE2D,0000
FE2E,0000
FE2F,0000
FE30,0000
FE31,0000
FE32,0000
FE33,0000
FE34,0000
FE35,0000
FE36,0000
FE37,0000
FE38,0000
FE39,0000
FE3A,0000
FE3B,0000
FE3C,0000
FE3D,0000
FE3E,0000
FE3F,0000
FE40,0000
FE41,0000
FE42,0000
FE43,0000
FE44,0000
FE45,0000
FE46,0000
FE47,0000
FE48,0000
FE49,0000
FE4A,0000
FE4B,0000
FE4C,0000
FE4D,0000
FE4E,0000
FE4F,0000
FE50,0000
FE51,0000
FE52,0000
FE53,0000
FE54,0000
FE55,0000
FE56,0000
FE57,0000
FE58,0000
FE59,0000
FE5A,0000
FE5B,0000
FE5C,0000
FE5D,0000
FE5E,0000
FE5F,0000
FE60,0000
FE61,0000
FE62,0000
FE63,0000
FE64,0000
FE65,0000
FE66,0000
FE67,0000
FE68,0000
FE69,0000
FE6A,0000
FE6B,0000
FE6C,0000
FE6D,0000
FE6E,0000
FE6F,0000
FE70,0000
FE71,0000
FE72,0000
FE73,0000
FE74,0000
FE75,0000
FE76,0000
FE77,0000
FE78,0000
FE79,0000
FE7A,0000
FE7B,0000
FE7C,0000
FE7D,0000
FE7E,0000
FE7F,0000
FE80,0000
FE81,0000
FE82,0000
FE83,0000
FE84,0000
FE85,0000
FE86,0000
FE87,0000
FE88,0000
FE89,0000
FE8A,0000
FE8B,0000
FE8C,0000
FE8D,0000
FE8E,0000
FE8F,0000
FE90,0000
FE91,0000
FE92,0000
FE93,0000
FE94,0000
FE95,0000
FE96,0000
FE97,0000
FE98,0000
FE99,0000
FE9A,0000
FE9B,0000
FE9C,0000
FE9D,0000
FE9E,0000
FE9F,0000
FEA0,0000
FEA1,0000
FEA2,0000
FEA3,0000
FEA4,0000
FEA5,0000
FEA6,0000
FEA7,0000
FEA8,0000
FEA9,0000
FEAA,0000
FEAB,0000
FEAC,0000
FEAD,0000
FEAE,0000
FEAF,0000
FEB0,0000
FEB1,0000
FEB2,0000
FEB3,0000
FEB4,0000
FEB5,0000
FEB6,0000
FEB7,0000
FEB8,0000
FEB9,0000
FEBA,0000
FEBB,0000
FEBC,0000
FEBD,0000
FEBE,0000
FEBF,0000
FEC0,0000
FEC1,0000
FEC2,0000
FEC3,0000
FEC4,0000
FEC5,0000
FEC6,0000
FEC7,0000
FEC8,0000
FEC9,0000
FECA,0000
FECB,0000
FECC,0000
FECD,0000
FECE,0000
FECF,0000
FED0,0000
FED1,0000
FED2,0000
FED3,0000
FED4,0000
FED5,0000
FED6,0000
FED7,0000
FED8,0000
FED9,0000
FEDA,0000
FEDB,0000
FEDC,0000
FEDD,0000
FEDE,0000
FEDF,0000
FEE0,0000
FEE1,0000
FEE2,0000
FEE3,0000
FEE4,0000
FEE5,0000
FEE6,0000
FEE7,0000
FEE8,0000
FEE9,0000
FEEA,0000
FEEB,0000
FEEC,0000
FEED,0000
FEEE,0000
FEEF,0000
FEF0,0000
FEF1,0000
FEF2,0000
FEF3,0000
FEF4,0000
FEF5,0000
FEF6,0000
FEF7,0000
FEF8,0000
FEF9,0000
FEFA,0000
FEFB,0000
FEFC,0000
FEFD,0000
FEFE,0000
FEFF,0000
FF00,0000
FF01,0000
FF02,0000
FF03,0000
FF04,0000
FF05,0000
FF06,0000
FF07,0000
FF08,0000
FF09,0000
FF0A,0000
FF0B,0000
FF0C,0000
FF0D,0000
FF0E,0000
FF0F,0000
FF10,0000
FF11,0000
FF12,0000
FF13,0000
FF14,0000
FF15,0000
FF16,0000
FF17,0000
FF18,0000
FF19,0000
FF1A,0000
FF1B,0000
FF1C,0000
FF1D,0000
FF1E,0000
FF1F,0000
FF20,0000
FF21,0000
FF22,0000
FF23,0000
FF24,0000
FF25,0000
FF26,0000
FF27,0000
FF28,0000
FF29,0000
FF2A,0000
FF2B,0000
FF2C,0000
FF2D,0000
FF2E,0000
FF2F,0000
FF30,0000
FF31,0000
FF32,0000
FF33,0000
FF34,0000
FF35,0000
FF36,0000
FF37,0000
FF38,0000
FF39,0000
FF3A,0000
FF3B,0000
FF3C,0000
FF3D,0000
FF3E,0000
FF3F,0000
FF40,0000
FF41,0000
FF42,0000
FF43,0000
FF44,0000
FF45,0000
FF46,0000
FF47,0000
FF48,0000
FF49,0000
FF4A,0000
FF4B,0000
FF4C,0000
FF4D,0000
FF4E,0000
FF4F,0000
FF50,0000
FF51,0000
FF52,0000
FF53,0000
FF54,0000
FF55,0000
FF56,0000
FF57,0000
FF58,0000
FF59,0000
FF5A,0000
FF5B,0000
FF5C,0000
FF5D,0000
FF5E,0000
FF5F,0000
FF60,0000
FF61,0000
FF62,0000
FF63,0000
FF64,0000
FF65,0000
FF66,0000
FF67,0000
FF68,0000
FF69,0000
FF6A,0000
FF6B,0000
FF6C,0000
FF6D,0000
FF6E,0000
FF6F,0000
FF70,0000
FF71,0000
FF72,0000
FF73,0000
FF74,0000
FF75,0000
FF76,0000
FF77,0000
FF78,0000
FF79,0000
FF7A,0000
FF7B,0000
FF7C,0000
FF7D,0000
FF7E,0000
FF7F,0000
FF80,0000
FF81,FFC1
FF82,FFC2
FF83,FFC3
FF84,FFC4
FF85,FFC5
FF86,FFC6
FF87,FFC7
FF88,FFC8
FF89,FFC9
FF8A,FFCA
FF8B,FFCB
FF8C,FFCC
FF8D,FFCD
FF8E,FFCE
FF8F,FFCF
FF90,FFD0
FF91,FFD1
FF92,FFD2
FF93,FFD3
FF94,FFD4
FF95,FFD5
FF96,FFD6
FF97,FFD7
FF98,FFD8
FF99,FFD9
FF9A,FFDA
FF9B,FFDB
FF9C,FFDC
FF9D,FFDD
FF9E,FFDE
FF9F,FFDF
FFA0,FFE0
FFA1,FFE1
FFA2,FFE2
FFA3,FFE3
FFA4,FFE4
FFA5,FFE5
FFA6,FFE6
FFA7,FFE7
FFA8,FFE8
FFA9,FFE9
FFAA,FFEA
FFAB,FFEB
FFAC,FFEC
FFAD,FFED
FFAE,FFEE
FFAF,FFEF
FFB0,FFF0
FFB1,FFF1
FFB2,FFF2
FFB3,FFF3
FFB4,FFF4
FFB5,FFF5
FFB6,FFF6
FFB7,FFF7
FFB8,FFF8
FFB9,FFF9
FFBA,FFFA
FFBB,FFFB
FFBC,FFFC
FFBD,FFFD
FFBE,FFFE
FFBF,FFFF
FFC0,FFC0
FFC1,FFC1
FFC2,FFC2
FFC3,FFC3
FFC4,FFC4
FFC5,FFC5
FFC6,FFC6
FFC7,FFC7
FFC8,FFC8
FFC9,FFC9
FFCA,FFCA
FFCB,FFCB
FFCC,FFCC
FFCD,FFCD
FFCE,FFCE
FFCF,FFCF
FFD0,FFD0
FFD1,FFD1
FFD2,FFD2
FFD3,FFD3
FFD4,FFD4
FFD5,FFD5
FFD6,FFD6
FFD7,FFD7
FFD8,FFD8
FFD9,FFD9
FFDA,FFDA
FFDB,FFDB
FFDC,FFDC
FFDD,FFDD
FFDE,FFDE
FFDF,FFDF
FFE0,FFE0
FFE1,FFE1
FFE2,FFE2
FFE3,FFE3
FFE4,FFE4
FFE5,FFE5
FFE6,FFE6
FFE7,FFE7
FFE8,FFE8
FFE9,FFE9
FFEA,FFEA
FFEB,FFEB
FFEC,FFEC
FFED,FFED
FFEE,FFEE
FFEF,FFEF
FFF0,FFF0
FFF1,FFF1
FFF2,FFF2
FFF3,FFF3
FFF4,FFF4
FFF5,FFF5
FFF6,FFF6
FFF7,FFF7
FFF8,FFF8
FFF9,FFF9
FFFA,FFFA
FFFB,FFFB
FFFC,FFFC
FFFD,FFFD
FFFE,FFFE
FFFF,FFFF