============================================================
  Generated by:           Genus(TM) Synthesis Solution 25.11-s095_1
  Generated on:           Mar 10 2026  10:52:55 pm
  Module:                 sysarr_4_input_fp_adder
  Operating conditions:   typical 
  Interconnect mode:      global
  Area mode:              physical library
============================================================


Path 1: MET (0 ps) Setup Check with Pin st1_sum_vec_reg[7]/CK->D
           View: view_1p2_25
          Group: clock1
     Startpoint: (R) add_c[23]
          Clock: (R) clock1
       Endpoint: (F) st1_sum_vec_reg[7]/D
          Clock: (R) clock1

                     Capture       Launch     
        Clock Edge:+    1031            0     
        Drv Adjust:+       0            0     
       Src Latency:+       0            0     
       Net Latency:+       0 (I)        0 (I) 
           Arrival:=    1031            0     
                                              
             Setup:-      39                  
       Uncertainty:-       0                  
     Required Time:=     992                  
      Launch Clock:-       0                  
       Input Delay:-       1                  
         Data Path:-     991                  
             Slack:=       0                  

Exceptions/Constraints:
  input_delay              1              sysarr_4_input_fp_ad_line_21_73_1   

#----------------------------------------------------------------------------------------------
#    Timing Point      Flags    Arc   Edge   Cell     Fanout Load Trans Delay Arrival Instance 
#                                                            (fF)  (ps)  (ps)   (ps)  Location 
#----------------------------------------------------------------------------------------------
  add_c[23]            -       -      R     (arrival)      5 21.4     0     0       1    (-,-) 
  g89466/ZN            -       A->ZN  F     INV_X8         5 13.9     3     6       7    (-,-) 
  g89428/ZN            -       A1->ZN R     NAND2_X4       2  5.3     8    11      17    (-,-) 
  g89182/ZN            -       A1->ZN F     NAND2_X2       1  5.9     9    15      32    (-,-) 
  g89149/ZN            -       B1->ZN R     AOI21_X4       1  6.7    22    26      59    (-,-) 
  g89131/ZN            -       B1->ZN F     OAI21_X4       1  6.0    11    17      75    (-,-) 
  g89120/ZN            -       A1->ZN R     NAND2_X4       2 10.0    12    18      93    (-,-) 
  g89108/ZN            -       A1->ZN F     NAND2_X2       1  5.9     9    16     109    (-,-) 
  g89068/ZN            -       B2->ZN R     AOI21_X4       1  6.7    22    31     140    (-,-) 
  g89056/ZN            -       B1->ZN F     OAI21_X4       1  5.9    15    17     157    (-,-) 
  g88907/ZN            -       B1->ZN R     AOI21_X4       6 14.2    30    38     196    (-,-) 
  g88899/ZN            -       A->ZN  F     INV_X2         4  8.5    11    16     212    (-,-) 
  g88898/ZN            -       A->ZN  R     INV_X1         3  5.8    16    24     236    (-,-) 
  g88897/ZN            -       A->ZN  F     INV_X1         2  5.2     9    15     250    (-,-) 
  g88841/ZN            -       A1->ZN R     NAND2_X1       1  3.5    13    19     269    (-,-) 
  g88768/ZN            -       A->ZN  F     OAI21_X2       2  8.3    13    25     294    (-,-) 
  g88598__2802/ZN      -       A1->ZN R     AOI22_X4       5 11.1    30    39     333    (-,-) 
  g88571/ZN            -       A->ZN  F     INV_X1         3  5.9    12    19     352    (-,-) 
  g88386__6161/ZN      -       B->ZN  R     XNOR2_X1       2  3.9    29    44     396    (-,-) 
  g88143__2883/ZN      -       B2->ZN F     AOI21_X1       1  3.0    11    22     419    (-,-) 
  g88031__7098/CO      -       CI->CO F     FA_X1          1  3.0    15    71     490    (-,-) 
  g88011__6417/S       -       CI->S  R     FA_X1          4  8.3    25   128     617    (-,-) 
  g88000__4733/ZN      -       A1->ZN F     NOR2_X1        3  4.5    10    17     634    (-,-) 
  g87964__6161/ZN      -       A1->ZN F     AND2_X1       10 17.0    21    52     685    (-,-) 
  g87749__6161/ZN      -       C1->ZN R     AOI222_X1      1  2.0    49    91     777    (-,-) 
  g87709__1705/ZN      -       A->ZN  F     OAI21_X1       1  2.5    14    29     806    (-,-) 
  g87602__5526/Z       -       A->Z   F     XOR2_X1        1  3.7    19    56     861    (-,-) 
  g87425__6783/S       -       B->S   R     FA_X1          1  2.0    12   124     985    (-,-) 
  g87422/ZN            -       A->ZN  F     INV_X1         1  1.4     4     7     992    (-,-) 
  st1_sum_vec_reg[7]/D -       -      F     DFFR_X1        1    -     -     0     992    (-,-) 
#----------------------------------------------------------------------------------------------

Capture clock path:
#----------------------------------------------------------------------------------------------
#     Timing Point      Flags   Arc   Edge   Cell     Fanout Load Trans Delay Arrival Instance 
#                                                            (fF)  (ps)  (ps)   (ps)  Location 
#----------------------------------------------------------------------------------------------
  clk                   (i)     -     R     (arrival)    136  0.0     0     0    1031    (-,-) 
  st1_sum_vec_reg[7]/CK <<<     -     R     DFFR_X1      136    -     1     0    1031    (-,-) 
#----------------------------------------------------------------------------------------------



Path 2: MET (0 ps) Setup Check with Pin st1_sum_vec_reg[1]/CK->D
           View: view_1p2_25
          Group: clock1
     Startpoint: (R) add_a[25]
          Clock: (R) clock1
       Endpoint: (R) st1_sum_vec_reg[1]/D
          Clock: (R) clock1

                     Capture       Launch     
        Clock Edge:+    1031            0     
        Drv Adjust:+       0            0     
       Src Latency:+       0            0     
       Net Latency:+       0 (I)        0 (I) 
           Arrival:=    1031            0     
                                              
             Setup:-      33                  
       Uncertainty:-       0                  
     Required Time:=     998                  
      Launch Clock:-       0                  
       Input Delay:-       1                  
         Data Path:-     996                  
             Slack:=       0                  

Exceptions/Constraints:
  input_delay              1              sysarr_4_input_fp_ad_line_21_7_1   

#----------------------------------------------------------------------------------------------
#    Timing Point      Flags    Arc   Edge   Cell     Fanout Load Trans Delay Arrival Instance 
#                                                            (fF)  (ps)  (ps)   (ps)  Location 
#----------------------------------------------------------------------------------------------
  add_a[25]            -       -      R     (arrival)      7 14.6     0     0       1    (-,-) 
  g89480/ZN            -       A->ZN  F     INV_X2         4  8.0     5     8       9    (-,-) 
  g89388/ZN            -       B1->ZN R     AOI22_X2       1  1.9    21    36      44    (-,-) 
  g89187/ZN            -       B1->ZN F     AOI21_X1       1  1.8    10    17      62    (-,-) 
  g89148/ZN            -       B1->ZN R     OAI21_X1       1  1.9    19    28      90    (-,-) 
  g89138/ZN            -       A1->ZN F     NAND2_X1       1  3.0    10    19     108    (-,-) 
  g89119/ZN            -       B1->ZN R     AOI21_X2       2  6.9    30    36     144    (-,-) 
  g89092/ZN            -       B1->ZN F     AOI21_X2       1  5.9    13    22     167    (-,-) 
  g89059/ZN            -       B1->ZN R     OAI21_X4       2 10.2    22    33     200    (-,-) 
  g89049/ZN            -       A2->ZN R     AND2_X4        9 28.8    20    48     248    (-,-) 
  g89001/ZN            -       A->ZN  F     INV_X2         2  9.1     9    15     263    (-,-) 
  g88999/ZN            -       A->ZN  R     INV_X4        33 60.3    37    46     308    (-,-) 
  g88599__1705/Z       -       S->Z   F     MUX2_X1        4  7.9    17    76     384    (-,-) 
  g88403__2398/ZN      -       B->ZN  F     XNOR2_X1       2  4.4    18    48     432    (-,-) 
  g88076__2883/ZN      -       A2->ZN R     NAND2_X1       1  1.9    11    22     454    (-,-) 
  g88053__6260/ZN      -       A1->ZN F     NAND2_X1       2  4.1    11    18     473    (-,-) 
  g88029/ZN            -       A->ZN  R     INV_X1         1  1.9     8    14     487    (-,-) 
  g88026__5122/ZN      -       A1->ZN F     NAND2_X1       1  1.9    10    12     499    (-,-) 
  g88005__9315/ZN      -       A1->ZN R     NAND3_X1       1  1.9    12    17     516    (-,-) 
  g87993__8246/ZN      -       A1->ZN R     AND3_X2        4  9.3    17    49     565    (-,-) 
  g87969__1666/ZN      -       A1->ZN R     AND3_X2        6 12.5    20    54     619    (-,-) 
  g87917__9315/ZN      -       A1->ZN F     NAND2_X1       6  9.7    30    34     653    (-,-) 
  g87886/ZN            -       A->ZN  R     INV_X1         2  3.7    15    27     680    (-,-) 
  g87826__1666/ZN      -       A1->ZN F     NAND2_X1       1  1.8     9    15     695    (-,-) 
  g87756__2346/ZN      -       A->ZN  R     OAI221_X1      1  2.0    37    22     717    (-,-) 
  g87706__3680/ZN      -       A1->ZN F     NOR2_X1        1  2.4    11    13     730    (-,-) 
  g87614__7482/ZN      -       A->ZN  F     XNOR2_X1       1  3.4    19    42     772    (-,-) 
  g87527__6260/S       -       A->S   F     HA_X1          2  4.2    15    59     831    (-,-) 
  g89502/Z             -       A->Z   F     XOR2_X1        1  3.0    15    55     886    (-,-) 
  g87403__2398/S       -       CI->S  R     FA_X1          1  1.4    10   111     997    (-,-) 
  st1_sum_vec_reg[1]/D -       -      R     DFFR_X1        1    -     -     0     997    (-,-) 
#----------------------------------------------------------------------------------------------

Capture clock path:
#----------------------------------------------------------------------------------------------
#     Timing Point      Flags   Arc   Edge   Cell     Fanout Load Trans Delay Arrival Instance 
#                                                            (fF)  (ps)  (ps)   (ps)  Location 
#----------------------------------------------------------------------------------------------
  clk                   (i)     -     R     (arrival)    136  0.0     0     0    1031    (-,-) 
  st1_sum_vec_reg[1]/CK <<<     -     R     DFFR_X1      136    -     1     0    1031    (-,-) 
#----------------------------------------------------------------------------------------------



Path 3: MET (1 ps) Setup Check with Pin st1_sum_vec_reg[11]/CK->D
           View: view_1p2_25
          Group: clock1
     Startpoint: (F) add_c[26]
          Clock: (R) clock1
       Endpoint: (R) st1_sum_vec_reg[11]/D
          Clock: (R) clock1

                     Capture       Launch     
        Clock Edge:+    1031            0     
        Drv Adjust:+       0            0     
       Src Latency:+       0            0     
       Net Latency:+       0 (I)        0 (I) 
           Arrival:=    1031            0     
                                              
             Setup:-      33                  
       Uncertainty:-       0                  
     Required Time:=     998                  
      Launch Clock:-       0                  
       Input Delay:-       1                  
         Data Path:-     996                  
             Slack:=       1                  

Exceptions/Constraints:
  input_delay              1              sysarr_4_input_fp_ad_line_21_70_1   

#-----------------------------------------------------------------------------------------------
#     Timing Point      Flags    Arc   Edge   Cell     Fanout Load Trans Delay Arrival Instance 
#                                                             (fF)  (ps)  (ps)   (ps)  Location 
#-----------------------------------------------------------------------------------------------
  add_c[26]             -       -      F     (arrival)      6 10.2     0     0       1    (-,-) 
  g89493/ZN             -       A->ZN  R     INV_X1         6 11.1    28    31      32    (-,-) 
  g89415/ZN             -       A1->ZN F     NAND2_X1       1  5.9    17    28      60    (-,-) 
  g89131/ZN             -       A->ZN  R     OAI21_X4       1  6.3    18    24      84    (-,-) 
  g89120/ZN             -       A1->ZN F     NAND2_X4       2  9.0     9    17     101    (-,-) 
  g89095/ZN             -       B1->ZN R     OAI21_X4       1  6.7    18    27     128    (-,-) 
  g89068/ZN             -       B1->ZN F     AOI21_X4       1  5.9    15    16     144    (-,-) 
  g89056/ZN             -       B1->ZN R     OAI21_X4       1  6.7    18    29     173    (-,-) 
  g88907/ZN             -       B1->ZN F     AOI21_X4       6 12.8    11    21     194    (-,-) 
  g88893/ZN             -       A->ZN  R     INV_X1         3  8.8    22    31     225    (-,-) 
  g88892/ZN             -       A->ZN  F     INV_X2         8 16.7    12    22     247    (-,-) 
  g88890/ZN             -       A->ZN  R     INV_X4        17 31.3    20    30     276    (-,-) 
  g88770/Z              -       S->Z   F     MUX2_X1        3  7.8    16    74     350    (-,-) 
  g88562__6131/ZN       -       A->ZN  R     XNOR2_X2      17 39.5   102   122     472    (-,-) 
  g88536/ZN             -       A->ZN  F     INV_X2        13 31.1    37    49     522    (-,-) 
  g88387__9315/Z        -       A->Z   R     XOR2_X2       11 29.5    83   105     627    (-,-) 
  g167/ZN               -       A->ZN  F     INV_X2         6 13.9    24    27     653    (-,-) 
  g88266__2802/Z        -       A->Z   F     XOR2_X1        1  2.7    12    59     712    (-,-) 
  g87678__5115/ZN       -       B->ZN  R     XNOR2_X1       2  4.9    34    50     762    (-,-) 
  g87596__8428/ZN       -       A->ZN  R     XNOR2_X1       2  5.9    38    55     817    (-,-) 
  g87576/ZN             -       A->ZN  F     INV_X1         1  1.2     9     8     825    (-,-) 
  g87546__9315/Z        -       B->Z   F     MUX2_X1        1  3.0    12    62     887    (-,-) 
  g87483__5107/S        -       CI->S  R     FA_X1          1  1.4    10   110     996    (-,-) 
  st1_sum_vec_reg[11]/D -       -      R     DFFR_X1        1    -     -     0     996    (-,-) 
#-----------------------------------------------------------------------------------------------

Capture clock path:
#-----------------------------------------------------------------------------------------------
#     Timing Point       Flags   Arc   Edge   Cell     Fanout Load Trans Delay Arrival Instance 
#                                                             (fF)  (ps)  (ps)   (ps)  Location 
#-----------------------------------------------------------------------------------------------
  clk                    (i)     -     R     (arrival)    136  0.0     0     0    1031    (-,-) 
  st1_sum_vec_reg[11]/CK <<<     -     R     DFFR_X1      136    -     1     0    1031    (-,-) 
#-----------------------------------------------------------------------------------------------



Path 4: MET (1 ps) Setup Check with Pin st1_sum_vec_reg[4]/CK->D
           View: view_1p2_25
          Group: clock1
     Startpoint: (R) add_c[23]
          Clock: (R) clock1
       Endpoint: (F) st1_sum_vec_reg[4]/D
          Clock: (R) clock1

                     Capture       Launch     
        Clock Edge:+    1031            0     
        Drv Adjust:+       0            0     
       Src Latency:+       0            0     
       Net Latency:+       0 (I)        0 (I) 
           Arrival:=    1031            0     
                                              
             Setup:-      43                  
       Uncertainty:-       0                  
     Required Time:=     988                  
      Launch Clock:-       0                  
       Input Delay:-       1                  
         Data Path:-     986                  
             Slack:=       1                  

Exceptions/Constraints:
  input_delay              1              sysarr_4_input_fp_ad_line_21_73_1   

#----------------------------------------------------------------------------------------------
#    Timing Point      Flags    Arc   Edge   Cell     Fanout Load Trans Delay Arrival Instance 
#                                                            (fF)  (ps)  (ps)   (ps)  Location 
#----------------------------------------------------------------------------------------------
  add_c[23]            -       -      R     (arrival)      5 21.4     0     0       1    (-,-) 
  g89466/ZN            -       A->ZN  F     INV_X8         5 13.9     3     6       7    (-,-) 
  g89428/ZN            -       A1->ZN R     NAND2_X4       2  5.3     8    11      17    (-,-) 
  g89182/ZN            -       A1->ZN F     NAND2_X2       1  5.9     9    15      32    (-,-) 
  g89149/ZN            -       B1->ZN R     AOI21_X4       1  6.7    22    26      59    (-,-) 
  g89131/ZN            -       B1->ZN F     OAI21_X4       1  6.0    11    17      75    (-,-) 
  g89120/ZN            -       A1->ZN R     NAND2_X4       2 10.0    12    18      93    (-,-) 
  g89108/ZN            -       A1->ZN F     NAND2_X2       1  5.9     9    16     109    (-,-) 
  g89068/ZN            -       B2->ZN R     AOI21_X4       1  6.7    22    31     140    (-,-) 
  g89056/ZN            -       B1->ZN F     OAI21_X4       1  5.9    15    17     157    (-,-) 
  g88907/ZN            -       B1->ZN R     AOI21_X4       6 14.2    30    38     196    (-,-) 
  g88844/ZN            -       A1->ZN F     NAND2_X1       1  1.8    11    17     213    (-,-) 
  g88769/ZN            -       A->ZN  R     OAI21_X1       2  3.8    28    26     239    (-,-) 
  g88733/ZN            -       A->ZN  F     INV_X1         2  4.7    11    16     256    (-,-) 
  g88648__2398/ZN      -       A1->ZN R     NAND2_X1       1  3.4    14    20     275    (-,-) 
  g88600__5122/ZN      -       A1->ZN F     NAND2_X2      12 20.7    22    33     308    (-,-) 
  g88512__1666/ZN      -       A1->ZN F     AND2_X2        2  7.1     8    37     345    (-,-) 
  g88283__1666/ZN      -       A1->ZN R     AOI22_X2       2  6.9    33    40     385    (-,-) 
  g88245__6161/ZN      -       A1->ZN F     NOR2_X2        2  4.9    14    13     398    (-,-) 
  g88142__9945/ZN      -       A->ZN  R     AOI21_X1       2  4.3    34    55     453    (-,-) 
  g88035__5115/ZN      -       B1->ZN F     AOI21_X1       2  3.5    15    25     477    (-,-) 
  g88034/ZN            -       A->ZN  R     INV_X1         1  2.5    10    18     495    (-,-) 
  g88020__6783/ZN      -       A->ZN  R     XNOR2_X1       3  7.3    45    51     546    (-,-) 
  g87967__2883/ZN      -       A2->ZN R     AND3_X2       11 19.3    27    74     620    (-,-) 
  g87920__2346/ZN      -       A1->ZN F     NAND2_X1       7 11.2    29    40     660    (-,-) 
  g87696__7410/ZN      -       B1->ZN R     OAI221_X1      1  2.5    39    58     718    (-,-) 
  g87605__1617/ZN      -       A->ZN  R     XNOR2_X1       1  3.5    28    51     769    (-,-) 
  g87529__8428/S       -       A->S   R     HA_X1          2  4.4    34    65     834    (-,-) 
  g89503/Z             -       A->Z   R     XOR2_X1        1  3.1    29    59     892    (-,-) 
  g87404__5107/S       -       CI->S  F     FA_X1          1  1.4    14    95     987    (-,-) 
  st1_sum_vec_reg[4]/D -       -      F     DFFR_X1        1    -     -     0     987    (-,-) 
#----------------------------------------------------------------------------------------------

Capture clock path:
#----------------------------------------------------------------------------------------------
#     Timing Point      Flags   Arc   Edge   Cell     Fanout Load Trans Delay Arrival Instance 
#                                                            (fF)  (ps)  (ps)   (ps)  Location 
#----------------------------------------------------------------------------------------------
  clk                   (i)     -     R     (arrival)    136  0.0     0     0    1031    (-,-) 
  st1_sum_vec_reg[4]/CK <<<     -     R     DFFR_X1      136    -     1     0    1031    (-,-) 
#----------------------------------------------------------------------------------------------



Path 5: MET (1 ps) Setup Check with Pin add_out_reg[17]/CK->D
           View: view_1p2_25
          Group: clock1
     Startpoint: (R) st2_sum_mag_reg[10]/CK
          Clock: (R) clock1
       Endpoint: (R) add_out_reg[17]/D
          Clock: (R) clock1

                     Capture       Launch     
        Clock Edge:+    1031            0     
       Src Latency:+       0            0     
       Net Latency:+       0 (I)        0 (I) 
           Arrival:=    1031            0     
                                              
             Setup:-      35                  
       Uncertainty:-       0                  
     Required Time:=     996                  
      Launch Clock:-       0                  
         Data Path:-     995                  
             Slack:=       1                  

Launch clock path:
#-----------------------------------------------------------------------------------------------
#     Timing Point       Flags   Arc   Edge   Cell     Fanout Load Trans Delay Arrival Instance 
#                                                             (fF)  (ps)  (ps)   (ps)  Location 
#-----------------------------------------------------------------------------------------------
  clk                    (i)     -     R     (arrival)    136  0.0     0     0       0    (-,-) 
  st2_sum_mag_reg[10]/CK <<<     -     R     DFFR_X2      136    -     1     0       0    (-,-) 
#-----------------------------------------------------------------------------------------------

#------------------------------------------------------------------------------------------------
#     Timing Point       Flags    Arc   Edge   Cell     Fanout Load Trans Delay Arrival Instance 
#                                                              (fF)  (ps)  (ps)   (ps)  Location 
#------------------------------------------------------------------------------------------------
  st2_sum_mag_reg[10]/CK -       -      R     (arrival)    136    -     1     0       0    (-,-) 
  st2_sum_mag_reg[10]/QN -       CK->QN R     DFFR_X2        7 11.8    21    89      89    (-,-) 
  g89174/ZN              -       A1->ZN R     AND2_X1        1  1.9     9    35     124    (-,-) 
  g89143/ZN              -       A1->ZN F     NAND3_X1       2  4.7    18    26     151    (-,-) 
  g89136/ZN              -       A1->ZN R     NOR2_X2        3  5.0    20    32     182    (-,-) 
  g89127/ZN              -       A1->ZN R     AND2_X2        7 17.4    24    51     234    (-,-) 
  g89103/ZN              -       B1->ZN F     AOI21_X4       7 14.0    13    22     256    (-,-) 
  g89098/ZN              -       A->ZN  R     INV_X2         5 11.6    16    25     281    (-,-) 
  g89083/ZN              -       B1->ZN F     OAI21_X1       3  5.2    16    24     305    (-,-) 
  g89057/ZN              -       A->ZN  R     AOI21_X1       2  3.7    31    52     358    (-,-) 
  g88909/ZN              -       A1->ZN F     NAND2_X1       6  9.4    22    37     395    (-,-) 
  g88366__5107/ZN        -       A1->ZN R     NAND2_X1       3  5.7    18    31     426    (-,-) 
  g88244__4733/ZN        -       A1->ZN F     NAND2_X1       2  2.8    10    18     444    (-,-) 
  g88202__7482/ZN        -       A1->ZN F     AND2_X1        3  5.4    10    36     479    (-,-) 
  g88191__2802/ZN        -       A->ZN  R     OAI21_X1       2  5.4    36    29     509    (-,-) 
  g88032__6131/S         -       A->S   R     HA_X1          2  3.7    31    62     571    (-,-) 
  g88022__3680/ZN        -       A1->ZN F     NAND3_X1       1  1.9    15    24     595    (-,-) 
  g88016__6260/ZN        -       A1->ZN R     NAND3_X1       1  3.3    15    23     618    (-,-) 
  g88015__5107/ZN        -       A1->ZN F     NAND3_X2      11 19.9    32    45     663    (-,-) 
  g88001__6161/ZN        -       A1->ZN R     NOR2_X2        4  7.3    26    44     707    (-,-) 
  g87982__8428/ZN        -       A1->ZN F     NAND2_X1       7 12.9    27    43     750    (-,-) 
  g87973/ZN              -       A->ZN  R     INV_X2         7 11.1    18    31     781    (-,-) 
  g87940__2802/ZN        -       A1->ZN F     NAND2_X1       5  8.1    20    30     811    (-,-) 
  g87882__6161/ZN        -       A1->ZN R     NOR2_X1        8 14.4    74    92     903    (-,-) 
  g87723__2883/ZN        -       B1->ZN F     AOI22_X1       1  1.8    26    34     937    (-,-) 
  g87713/ZN              -       A->ZN  R     INV_X1         1  2.0    11    20     957    (-,-) 
  g87655__9945/ZN        -       A->ZN  F     AOI221_X1      1  1.8    26    14     971    (-,-) 
  g87580__7482/ZN        -       A1->ZN R     NAND4_X1       1  1.4    15    24     995    (-,-) 
  add_out_reg[17]/D      -       -      R     DFFR_X1        1    -     -     0     995    (-,-) 
#------------------------------------------------------------------------------------------------

Capture clock path:
#-------------------------------------------------------------------------------------------
#   Timing Point     Flags   Arc   Edge   Cell     Fanout Load Trans Delay Arrival Instance 
#                                                         (fF)  (ps)  (ps)   (ps)  Location 
#-------------------------------------------------------------------------------------------
  clk                (i)     -     R     (arrival)    136  0.0     0     0    1031    (-,-) 
  add_out_reg[17]/CK <<<     -     R     DFFR_X1      136    -     1     0    1031    (-,-) 
#-------------------------------------------------------------------------------------------



Path 6: MET (2 ps) Setup Check with Pin add_out_reg[16]/CK->D
           View: view_1p2_25
          Group: clock1
     Startpoint: (R) st2_sum_mag_reg[10]/CK
          Clock: (R) clock1
       Endpoint: (R) add_out_reg[16]/D
          Clock: (R) clock1

                     Capture       Launch     
        Clock Edge:+    1031            0     
       Src Latency:+       0            0     
       Net Latency:+       0 (I)        0 (I) 
           Arrival:=    1031            0     
                                              
             Setup:-      34                  
       Uncertainty:-       0                  
     Required Time:=     997                  
      Launch Clock:-       0                  
         Data Path:-     994                  
             Slack:=       2                  

Launch clock path:
#-----------------------------------------------------------------------------------------------
#     Timing Point       Flags   Arc   Edge   Cell     Fanout Load Trans Delay Arrival Instance 
#                                                             (fF)  (ps)  (ps)   (ps)  Location 
#-----------------------------------------------------------------------------------------------
  clk                    (i)     -     R     (arrival)    136  0.0     0     0       0    (-,-) 
  st2_sum_mag_reg[10]/CK <<<     -     R     DFFR_X2      136    -     1     0       0    (-,-) 
#-----------------------------------------------------------------------------------------------

#------------------------------------------------------------------------------------------------
#     Timing Point       Flags    Arc   Edge   Cell     Fanout Load Trans Delay Arrival Instance 
#                                                              (fF)  (ps)  (ps)   (ps)  Location 
#------------------------------------------------------------------------------------------------
  st2_sum_mag_reg[10]/CK -       -      R     (arrival)    136    -     1     0       0    (-,-) 
  st2_sum_mag_reg[10]/QN -       CK->QN R     DFFR_X2        7 11.8    21    89      89    (-,-) 
  g89174/ZN              -       A1->ZN R     AND2_X1        1  1.9     9    35     124    (-,-) 
  g89143/ZN              -       A1->ZN F     NAND3_X1       2  4.7    18    26     151    (-,-) 
  g89136/ZN              -       A1->ZN R     NOR2_X2        3  5.0    20    32     182    (-,-) 
  g89127/ZN              -       A1->ZN R     AND2_X2        7 17.4    24    51     234    (-,-) 
  g89103/ZN              -       B1->ZN F     AOI21_X4       7 14.0    13    22     256    (-,-) 
  g89098/ZN              -       A->ZN  R     INV_X2         5 11.6    16    25     281    (-,-) 
  g89083/ZN              -       B1->ZN F     OAI21_X1       3  5.2    16    24     305    (-,-) 
  g89057/ZN              -       A->ZN  R     AOI21_X1       2  3.7    31    52     358    (-,-) 
  g88909/ZN              -       A1->ZN F     NAND2_X1       6  9.4    22    37     395    (-,-) 
  g88366__5107/ZN        -       A1->ZN R     NAND2_X1       3  5.7    18    31     426    (-,-) 
  g88244__4733/ZN        -       A1->ZN F     NAND2_X1       2  2.8    10    18     444    (-,-) 
  g88202__7482/ZN        -       A1->ZN F     AND2_X1        3  5.4    10    36     479    (-,-) 
  g88191__2802/ZN        -       A->ZN  R     OAI21_X1       2  5.4    36    29     509    (-,-) 
  g88032__6131/S         -       A->S   R     HA_X1          2  3.7    31    62     571    (-,-) 
  g88022__3680/ZN        -       A1->ZN F     NAND3_X1       1  1.9    15    24     595    (-,-) 
  g88016__6260/ZN        -       A1->ZN R     NAND3_X1       1  3.3    15    23     618    (-,-) 
  g88015__5107/ZN        -       A1->ZN F     NAND3_X2      11 19.9    32    45     663    (-,-) 
  g88001__6161/ZN        -       A1->ZN R     NOR2_X2        4  7.3    26    44     707    (-,-) 
  g87982__8428/ZN        -       A1->ZN F     NAND2_X1       7 12.9    27    43     750    (-,-) 
  g87973/ZN              -       A->ZN  R     INV_X2         7 11.1    18    31     781    (-,-) 
  g87940__2802/ZN        -       A1->ZN F     NAND2_X1       5  8.1    20    30     811    (-,-) 
  g87883__9315/ZN        -       A1->ZN R     NOR2_X1        7 12.7    66    84     894    (-,-) 
  g87853/ZN              -       A->ZN  F     INV_X1         2  3.3    17    15     909    (-,-) 
  g87722__9945/ZN        -       B1->ZN R     OAI22_X1       1  2.0    31    42     952    (-,-) 
  g87664__6260/ZN        -       A->ZN  F     AOI221_X1      1  1.8    26    19     970    (-,-) 
  g87581__4733/ZN        -       A1->ZN R     NAND4_X1       1  1.4    14    24     994    (-,-) 
  add_out_reg[16]/D      -       -      R     DFFR_X1        1    -     -     0     994    (-,-) 
#------------------------------------------------------------------------------------------------

Capture clock path:
#-------------------------------------------------------------------------------------------
#   Timing Point     Flags   Arc   Edge   Cell     Fanout Load Trans Delay Arrival Instance 
#                                                         (fF)  (ps)  (ps)   (ps)  Location 
#-------------------------------------------------------------------------------------------
  clk                (i)     -     R     (arrival)    136  0.0     0     0    1031    (-,-) 
  add_out_reg[16]/CK <<<     -     R     DFFR_X1      136    -     1     0    1031    (-,-) 
#-------------------------------------------------------------------------------------------



Path 7: MET (3 ps) Setup Check with Pin add_out_reg[22]/CK->D
           View: view_1p2_25
          Group: clock1
     Startpoint: (R) st2_sum_mag_reg[10]/CK
          Clock: (R) clock1
       Endpoint: (R) add_out_reg[22]/D
          Clock: (R) clock1

                     Capture       Launch     
        Clock Edge:+    1031            0     
       Src Latency:+       0            0     
       Net Latency:+       0 (I)        0 (I) 
           Arrival:=    1031            0     
                                              
             Setup:-      35                  
       Uncertainty:-       0                  
     Required Time:=     996                  
      Launch Clock:-       0                  
         Data Path:-     994                  
             Slack:=       3                  

Launch clock path:
#-----------------------------------------------------------------------------------------------
#     Timing Point       Flags   Arc   Edge   Cell     Fanout Load Trans Delay Arrival Instance 
#                                                             (fF)  (ps)  (ps)   (ps)  Location 
#-----------------------------------------------------------------------------------------------
  clk                    (i)     -     R     (arrival)    136  0.0     0     0       0    (-,-) 
  st2_sum_mag_reg[10]/CK <<<     -     R     DFFR_X2      136    -     1     0       0    (-,-) 
#-----------------------------------------------------------------------------------------------

#------------------------------------------------------------------------------------------------
#     Timing Point       Flags    Arc   Edge   Cell     Fanout Load Trans Delay Arrival Instance 
#                                                              (fF)  (ps)  (ps)   (ps)  Location 
#------------------------------------------------------------------------------------------------
  st2_sum_mag_reg[10]/CK -       -      R     (arrival)    136    -     1     0       0    (-,-) 
  st2_sum_mag_reg[10]/QN -       CK->QN R     DFFR_X2        7 11.8    21    89      89    (-,-) 
  g89174/ZN              -       A1->ZN R     AND2_X1        1  1.9     9    35     124    (-,-) 
  g89143/ZN              -       A1->ZN F     NAND3_X1       2  4.7    18    26     151    (-,-) 
  g89136/ZN              -       A1->ZN R     NOR2_X2        3  5.0    20    32     182    (-,-) 
  g89127/ZN              -       A1->ZN R     AND2_X2        7 17.4    24    51     234    (-,-) 
  g89103/ZN              -       B1->ZN F     AOI21_X4       7 14.0    13    22     256    (-,-) 
  g89098/ZN              -       A->ZN  R     INV_X2         5 11.6    16    25     281    (-,-) 
  g89083/ZN              -       B1->ZN F     OAI21_X1       3  5.2    16    24     305    (-,-) 
  g89057/ZN              -       A->ZN  R     AOI21_X1       2  3.7    31    52     358    (-,-) 
  g88909/ZN              -       A1->ZN F     NAND2_X1       6  9.4    22    37     395    (-,-) 
  g88366__5107/ZN        -       A1->ZN R     NAND2_X1       3  5.7    18    31     426    (-,-) 
  g88244__4733/ZN        -       A1->ZN F     NAND2_X1       2  2.8    10    18     444    (-,-) 
  g88202__7482/ZN        -       A1->ZN F     AND2_X1        3  5.4    10    36     479    (-,-) 
  g88191__2802/ZN        -       A->ZN  R     OAI21_X1       2  5.4    36    29     509    (-,-) 
  g88032__6131/S         -       A->S   R     HA_X1          2  3.7    31    62     571    (-,-) 
  g88022__3680/ZN        -       A1->ZN F     NAND3_X1       1  1.9    15    24     595    (-,-) 
  g88016__6260/ZN        -       A1->ZN R     NAND3_X1       1  3.3    15    23     618    (-,-) 
  g88015__5107/ZN        -       A1->ZN F     NAND3_X2      11 19.9    32    45     663    (-,-) 
  g88001__6161/ZN        -       A1->ZN R     NOR2_X2        4  7.3    26    44     707    (-,-) 
  g87982__8428/ZN        -       A1->ZN F     NAND2_X1       7 12.9    27    43     750    (-,-) 
  g87973/ZN              -       A->ZN  R     INV_X2         7 11.1    18    31     781    (-,-) 
  g87940__2802/ZN        -       A1->ZN F     NAND2_X1       5  8.1    20    30     811    (-,-) 
  g87884__9945/ZN        -       A1->ZN R     NOR2_X1        8 14.2    73    91     902    (-,-) 
  g87716__1881/ZN        -       B1->ZN F     AOI22_X1       1  1.8    26    34     936    (-,-) 
  g87712/ZN              -       A->ZN  R     INV_X1         1  2.0    11    20     956    (-,-) 
  g87658__1666/ZN        -       A->ZN  F     AOI221_X1      1  1.8    26    14     970    (-,-) 
  g87624__1666/ZN        -       A1->ZN R     NAND4_X1       1  1.4    15    24     994    (-,-) 
  add_out_reg[22]/D      -       -      R     DFFR_X1        1    -     -     0     994    (-,-) 
#------------------------------------------------------------------------------------------------

Capture clock path:
#-------------------------------------------------------------------------------------------
#   Timing Point     Flags   Arc   Edge   Cell     Fanout Load Trans Delay Arrival Instance 
#                                                         (fF)  (ps)  (ps)   (ps)  Location 
#-------------------------------------------------------------------------------------------
  clk                (i)     -     R     (arrival)    136  0.0     0     0    1031    (-,-) 
  add_out_reg[22]/CK <<<     -     R     DFFR_X1      136    -     1     0    1031    (-,-) 
#-------------------------------------------------------------------------------------------



Path 8: MET (3 ps) Setup Check with Pin st2_sum_mag_reg[24]/CK->D
           View: view_1p2_25
          Group: clock1
     Startpoint: (R) st1_hot_ones_reg[1]/CK
          Clock: (R) clock1
       Endpoint: (F) st2_sum_mag_reg[24]/D
          Clock: (R) clock1

                     Capture       Launch     
        Clock Edge:+    1031            0     
       Src Latency:+       0            0     
       Net Latency:+       0 (I)        0 (I) 
           Arrival:=    1031            0     
                                              
             Setup:-      41                  
       Uncertainty:-       0                  
     Required Time:=     990                  
      Launch Clock:-       0                  
         Data Path:-     987                  
             Slack:=       3                  

Launch clock path:
#-----------------------------------------------------------------------------------------------
#     Timing Point       Flags   Arc   Edge   Cell     Fanout Load Trans Delay Arrival Instance 
#                                                             (fF)  (ps)  (ps)   (ps)  Location 
#-----------------------------------------------------------------------------------------------
  clk                    (i)     -     R     (arrival)    136  0.0     0     0       0    (-,-) 
  st1_hot_ones_reg[1]/CK <<<     -     R     DFFR_X1      136    -     1     0       0    (-,-) 
#-----------------------------------------------------------------------------------------------

#-------------------------------------------------------------------------------------------------------------
#            Timing Point             Flags    Arc   Edge   Cell     Fanout Load Trans Delay Arrival Instance 
#                                                                           (fF)  (ps)  (ps)   (ps)  Location 
#-------------------------------------------------------------------------------------------------------------
  st1_hot_ones_reg[1]/CK              -       -      R     (arrival)    136    -     1     0       0    (-,-) 
  st1_hot_ones_reg[1]/Q               -       CK->Q  R     DFFR_X1        2  3.1    13   103     103    (-,-) 
  csa_tree_add_184_79_groupi_g2210/ZN -       A1->ZN F     NAND2_X1       1  1.8     8    14     117    (-,-) 
  csa_tree_add_184_79_groupi_g2200/ZN -       A2->ZN R     NAND2_X1       3  6.2    20    27     144    (-,-) 
  csa_tree_add_184_79_groupi_g2149/ZN -       A1->ZN F     NOR2_X1        1  3.0     9    13     157    (-,-) 
  csa_tree_add_184_79_groupi_g2072/ZN -       B1->ZN R     OAI21_X2       2  5.5    23    32     190    (-,-) 
  g89515/CO                           -       CI->CO R     FA_X1          2  4.4    17    56     245    (-,-) 
  csa_tree_add_184_79_groupi_g2047/ZN -       A->ZN  F     INV_X1         1  1.8     6     9     254    (-,-) 
  csa_tree_add_184_79_groupi_g2046/ZN -       B1->ZN R     OAI21_X1       3  6.1    39    48     302    (-,-) 
  csa_tree_add_184_79_groupi_g2044/ZN -       B1->ZN F     AOI21_X1       2  4.1    17    28     330    (-,-) 
  csa_tree_add_184_79_groupi_g2041/ZN -       B1->ZN R     OAI21_X1       2  4.3    30    43     373    (-,-) 
  csa_tree_add_184_79_groupi_g2038/ZN -       A1->ZN F     NAND2_X1       1  1.8    11    17     390    (-,-) 
  csa_tree_add_184_79_groupi_g2037/ZN -       A1->ZN R     NAND2_X1       4  7.7    23    30     421    (-,-) 
  g89525/ZN                           -       A1->ZN F     NAND4_X1       1  1.8    17    28     449    (-,-) 
  csa_tree_add_184_79_groupi_g2033/ZN -       A1->ZN R     NAND2_X1       3  6.1    19    29     478    (-,-) 
  csa_tree_add_184_79_groupi_g2029/ZN -       A1->ZN F     NAND2_X1       1  1.8    11    16     494    (-,-) 
  csa_tree_add_184_79_groupi_g2028/ZN -       A1->ZN R     NAND2_X1       4  7.8    23    30     524    (-,-) 
  csa_tree_add_184_79_groupi_g2016/ZN -       A1->ZN F     NAND3_X1       1  1.8    13    22     546    (-,-) 
  csa_tree_add_184_79_groupi_g2013/ZN -       A1->ZN R     NAND2_X1       4  7.8    23    31     578    (-,-) 
  csa_tree_add_184_79_groupi_g2002/ZN -       A1->ZN F     NAND3_X1       1  1.8    13    22     600    (-,-) 
  csa_tree_add_184_79_groupi_g2001/ZN -       A->ZN  R     OAI211_X1      2  4.3    33    30     629    (-,-) 
  csa_tree_add_184_79_groupi_g1996/ZN -       A1->ZN F     NAND2_X1       1  1.8    12    18     647    (-,-) 
  csa_tree_add_184_79_groupi_g1995/ZN -       A1->ZN R     NAND2_X1       2  4.3    15    22     669    (-,-) 
  csa_tree_add_184_79_groupi_g1992/ZN -       A1->ZN F     NAND2_X1       1  1.8     8    15     684    (-,-) 
  csa_tree_add_184_79_groupi_g1991/ZN -       A1->ZN R     NAND2_X1       1  4.0    14    20     704    (-,-) 
  g89526/S                            -       A->S   F     FA_X1         19 36.0    49   144     848    (-,-) 
  g89456/ZN                           -       A->ZN  R     INV_X1        10 19.8    49    77     925    (-,-) 
  g89319/Z                            -       S->Z   F     MUX2_X1        1  1.4    10    62     987    (-,-) 
  st2_sum_mag_reg[24]/D               -       -      F     DFFR_X1        1    -     -     0     987    (-,-) 
#-------------------------------------------------------------------------------------------------------------

Capture clock path:
#-----------------------------------------------------------------------------------------------
#     Timing Point       Flags   Arc   Edge   Cell     Fanout Load Trans Delay Arrival Instance 
#                                                             (fF)  (ps)  (ps)   (ps)  Location 
#-----------------------------------------------------------------------------------------------
  clk                    (i)     -     R     (arrival)    136  0.0     0     0    1031    (-,-) 
  st2_sum_mag_reg[24]/CK <<<     -     R     DFFR_X1      136    -     1     0    1031    (-,-) 
#-----------------------------------------------------------------------------------------------



Path 9: MET (3 ps) Setup Check with Pin st2_sum_mag_reg[23]/CK->D
           View: view_1p2_25
          Group: clock1
     Startpoint: (R) st1_hot_ones_reg[1]/CK
          Clock: (R) clock1
       Endpoint: (F) st2_sum_mag_reg[23]/D
          Clock: (R) clock1

                     Capture       Launch     
        Clock Edge:+    1031            0     
       Src Latency:+       0            0     
       Net Latency:+       0 (I)        0 (I) 
           Arrival:=    1031            0     
                                              
             Setup:-      41                  
       Uncertainty:-       0                  
     Required Time:=     990                  
      Launch Clock:-       0                  
         Data Path:-     987                  
             Slack:=       3                  

Launch clock path:
#-----------------------------------------------------------------------------------------------
#     Timing Point       Flags   Arc   Edge   Cell     Fanout Load Trans Delay Arrival Instance 
#                                                             (fF)  (ps)  (ps)   (ps)  Location 
#-----------------------------------------------------------------------------------------------
  clk                    (i)     -     R     (arrival)    136  0.0     0     0       0    (-,-) 
  st1_hot_ones_reg[1]/CK <<<     -     R     DFFR_X1      136    -     1     0       0    (-,-) 
#-----------------------------------------------------------------------------------------------

#-------------------------------------------------------------------------------------------------------------
#            Timing Point             Flags    Arc   Edge   Cell     Fanout Load Trans Delay Arrival Instance 
#                                                                           (fF)  (ps)  (ps)   (ps)  Location 
#-------------------------------------------------------------------------------------------------------------
  st1_hot_ones_reg[1]/CK              -       -      R     (arrival)    136    -     1     0       0    (-,-) 
  st1_hot_ones_reg[1]/Q               -       CK->Q  R     DFFR_X1        2  3.1    13   103     103    (-,-) 
  csa_tree_add_184_79_groupi_g2210/ZN -       A1->ZN F     NAND2_X1       1  1.8     8    14     117    (-,-) 
  csa_tree_add_184_79_groupi_g2200/ZN -       A2->ZN R     NAND2_X1       3  6.2    20    27     144    (-,-) 
  csa_tree_add_184_79_groupi_g2149/ZN -       A1->ZN F     NOR2_X1        1  3.0     9    13     157    (-,-) 
  csa_tree_add_184_79_groupi_g2072/ZN -       B1->ZN R     OAI21_X2       2  5.5    23    32     190    (-,-) 
  g89515/CO                           -       CI->CO R     FA_X1          2  4.4    17    56     245    (-,-) 
  csa_tree_add_184_79_groupi_g2047/ZN -       A->ZN  F     INV_X1         1  1.8     6     9     254    (-,-) 
  csa_tree_add_184_79_groupi_g2046/ZN -       B1->ZN R     OAI21_X1       3  6.1    39    48     302    (-,-) 
  csa_tree_add_184_79_groupi_g2044/ZN -       B1->ZN F     AOI21_X1       2  4.1    17    28     330    (-,-) 
  csa_tree_add_184_79_groupi_g2041/ZN -       B1->ZN R     OAI21_X1       2  4.3    30    43     373    (-,-) 
  csa_tree_add_184_79_groupi_g2038/ZN -       A1->ZN F     NAND2_X1       1  1.8    11    17     390    (-,-) 
  csa_tree_add_184_79_groupi_g2037/ZN -       A1->ZN R     NAND2_X1       4  7.7    23    30     421    (-,-) 
  g89525/ZN                           -       A1->ZN F     NAND4_X1       1  1.8    17    28     449    (-,-) 
  csa_tree_add_184_79_groupi_g2033/ZN -       A1->ZN R     NAND2_X1       3  6.1    19    29     478    (-,-) 
  csa_tree_add_184_79_groupi_g2029/ZN -       A1->ZN F     NAND2_X1       1  1.8    11    16     494    (-,-) 
  csa_tree_add_184_79_groupi_g2028/ZN -       A1->ZN R     NAND2_X1       4  7.8    23    30     524    (-,-) 
  csa_tree_add_184_79_groupi_g2016/ZN -       A1->ZN F     NAND3_X1       1  1.8    13    22     546    (-,-) 
  csa_tree_add_184_79_groupi_g2013/ZN -       A1->ZN R     NAND2_X1       4  7.8    23    31     578    (-,-) 
  csa_tree_add_184_79_groupi_g2002/ZN -       A1->ZN F     NAND3_X1       1  1.8    13    22     600    (-,-) 
  csa_tree_add_184_79_groupi_g2001/ZN -       A->ZN  R     OAI211_X1      2  4.3    33    30     629    (-,-) 
  csa_tree_add_184_79_groupi_g1996/ZN -       A1->ZN F     NAND2_X1       1  1.8    12    18     647    (-,-) 
  csa_tree_add_184_79_groupi_g1995/ZN -       A1->ZN R     NAND2_X1       2  4.3    15    22     669    (-,-) 
  csa_tree_add_184_79_groupi_g1992/ZN -       A1->ZN F     NAND2_X1       1  1.8     8    15     684    (-,-) 
  csa_tree_add_184_79_groupi_g1991/ZN -       A1->ZN R     NAND2_X1       1  4.0    14    20     704    (-,-) 
  g89526/S                            -       A->S   F     FA_X1         19 36.0    49   144     848    (-,-) 
  g89456/ZN                           -       A->ZN  R     INV_X1        10 19.8    49    77     925    (-,-) 
  g89320/Z                            -       S->Z   F     MUX2_X1        1  1.4    10    62     987    (-,-) 
  st2_sum_mag_reg[23]/D               -       -      F     DFFR_X1        1    -     -     0     987    (-,-) 
#-------------------------------------------------------------------------------------------------------------

Capture clock path:
#-----------------------------------------------------------------------------------------------
#     Timing Point       Flags   Arc   Edge   Cell     Fanout Load Trans Delay Arrival Instance 
#                                                             (fF)  (ps)  (ps)   (ps)  Location 
#-----------------------------------------------------------------------------------------------
  clk                    (i)     -     R     (arrival)    136  0.0     0     0    1031    (-,-) 
  st2_sum_mag_reg[23]/CK <<<     -     R     DFFR_X1      136    -     1     0    1031    (-,-) 
#-----------------------------------------------------------------------------------------------



Path 10: MET (3 ps) Setup Check with Pin st2_sum_mag_reg[22]/CK->D
           View: view_1p2_25
          Group: clock1
     Startpoint: (R) st1_hot_ones_reg[1]/CK
          Clock: (R) clock1
       Endpoint: (F) st2_sum_mag_reg[22]/D
          Clock: (R) clock1

                     Capture       Launch     
        Clock Edge:+    1031            0     
       Src Latency:+       0            0     
       Net Latency:+       0 (I)        0 (I) 
           Arrival:=    1031            0     
                                              
             Setup:-      41                  
       Uncertainty:-       0                  
     Required Time:=     990                  
      Launch Clock:-       0                  
         Data Path:-     987                  
             Slack:=       3                  

Launch clock path:
#-----------------------------------------------------------------------------------------------
#     Timing Point       Flags   Arc   Edge   Cell     Fanout Load Trans Delay Arrival Instance 
#                                                             (fF)  (ps)  (ps)   (ps)  Location 
#-----------------------------------------------------------------------------------------------
  clk                    (i)     -     R     (arrival)    136  0.0     0     0       0    (-,-) 
  st1_hot_ones_reg[1]/CK <<<     -     R     DFFR_X1      136    -     1     0       0    (-,-) 
#-----------------------------------------------------------------------------------------------

#-------------------------------------------------------------------------------------------------------------
#            Timing Point             Flags    Arc   Edge   Cell     Fanout Load Trans Delay Arrival Instance 
#                                                                           (fF)  (ps)  (ps)   (ps)  Location 
#-------------------------------------------------------------------------------------------------------------
  st1_hot_ones_reg[1]/CK              -       -      R     (arrival)    136    -     1     0       0    (-,-) 
  st1_hot_ones_reg[1]/Q               -       CK->Q  R     DFFR_X1        2  3.1    13   103     103    (-,-) 
  csa_tree_add_184_79_groupi_g2210/ZN -       A1->ZN F     NAND2_X1       1  1.8     8    14     117    (-,-) 
  csa_tree_add_184_79_groupi_g2200/ZN -       A2->ZN R     NAND2_X1       3  6.2    20    27     144    (-,-) 
  csa_tree_add_184_79_groupi_g2149/ZN -       A1->ZN F     NOR2_X1        1  3.0     9    13     157    (-,-) 
  csa_tree_add_184_79_groupi_g2072/ZN -       B1->ZN R     OAI21_X2       2  5.5    23    32     190    (-,-) 
  g89515/CO                           -       CI->CO R     FA_X1          2  4.4    17    56     245    (-,-) 
  csa_tree_add_184_79_groupi_g2047/ZN -       A->ZN  F     INV_X1         1  1.8     6     9     254    (-,-) 
  csa_tree_add_184_79_groupi_g2046/ZN -       B1->ZN R     OAI21_X1       3  6.1    39    48     302    (-,-) 
  csa_tree_add_184_79_groupi_g2044/ZN -       B1->ZN F     AOI21_X1       2  4.1    17    28     330    (-,-) 
  csa_tree_add_184_79_groupi_g2041/ZN -       B1->ZN R     OAI21_X1       2  4.3    30    43     373    (-,-) 
  csa_tree_add_184_79_groupi_g2038/ZN -       A1->ZN F     NAND2_X1       1  1.8    11    17     390    (-,-) 
  csa_tree_add_184_79_groupi_g2037/ZN -       A1->ZN R     NAND2_X1       4  7.7    23    30     421    (-,-) 
  g89525/ZN                           -       A1->ZN F     NAND4_X1       1  1.8    17    28     449    (-,-) 
  csa_tree_add_184_79_groupi_g2033/ZN -       A1->ZN R     NAND2_X1       3  6.1    19    29     478    (-,-) 
  csa_tree_add_184_79_groupi_g2029/ZN -       A1->ZN F     NAND2_X1       1  1.8    11    16     494    (-,-) 
  csa_tree_add_184_79_groupi_g2028/ZN -       A1->ZN R     NAND2_X1       4  7.8    23    30     524    (-,-) 
  csa_tree_add_184_79_groupi_g2016/ZN -       A1->ZN F     NAND3_X1       1  1.8    13    22     546    (-,-) 
  csa_tree_add_184_79_groupi_g2013/ZN -       A1->ZN R     NAND2_X1       4  7.8    23    31     578    (-,-) 
  csa_tree_add_184_79_groupi_g2002/ZN -       A1->ZN F     NAND3_X1       1  1.8    13    22     600    (-,-) 
  csa_tree_add_184_79_groupi_g2001/ZN -       A->ZN  R     OAI211_X1      2  4.3    33    30     629    (-,-) 
  csa_tree_add_184_79_groupi_g1996/ZN -       A1->ZN F     NAND2_X1       1  1.8    12    18     647    (-,-) 
  csa_tree_add_184_79_groupi_g1995/ZN -       A1->ZN R     NAND2_X1       2  4.3    15    22     669    (-,-) 
  csa_tree_add_184_79_groupi_g1992/ZN -       A1->ZN F     NAND2_X1       1  1.8     8    15     684    (-,-) 
  csa_tree_add_184_79_groupi_g1991/ZN -       A1->ZN R     NAND2_X1       1  4.0    14    20     704    (-,-) 
  g89526/S                            -       A->S   F     FA_X1         19 36.0    49   144     848    (-,-) 
  g89456/ZN                           -       A->ZN  R     INV_X1        10 19.8    49    77     925    (-,-) 
  g89321/Z                            -       S->Z   F     MUX2_X1        1  1.4    10    62     987    (-,-) 
  st2_sum_mag_reg[22]/D               -       -      F     DFFR_X1        1    -     -     0     987    (-,-) 
#-------------------------------------------------------------------------------------------------------------

Capture clock path:
#-----------------------------------------------------------------------------------------------
#     Timing Point       Flags   Arc   Edge   Cell     Fanout Load Trans Delay Arrival Instance 
#                                                             (fF)  (ps)  (ps)   (ps)  Location 
#-----------------------------------------------------------------------------------------------
  clk                    (i)     -     R     (arrival)    136  0.0     0     0    1031    (-,-) 
  st2_sum_mag_reg[22]/CK <<<     -     R     DFFR_X1      136    -     1     0    1031    (-,-) 
#-----------------------------------------------------------------------------------------------



Path 11: MET (3 ps) Setup Check with Pin st2_sum_mag_reg[21]/CK->D
           View: view_1p2_25
          Group: clock1
     Startpoint: (R) st1_hot_ones_reg[1]/CK
          Clock: (R) clock1
       Endpoint: (F) st2_sum_mag_reg[21]/D
          Clock: (R) clock1

                     Capture       Launch     
        Clock Edge:+    1031            0     
       Src Latency:+       0            0     
       Net Latency:+       0 (I)        0 (I) 
           Arrival:=    1031            0     
                                              
             Setup:-      41                  
       Uncertainty:-       0                  
     Required Time:=     990                  
      Launch Clock:-       0                  
         Data Path:-     987                  
             Slack:=       3                  

Launch clock path:
#-----------------------------------------------------------------------------------------------
#     Timing Point       Flags   Arc   Edge   Cell     Fanout Load Trans Delay Arrival Instance 
#                                                             (fF)  (ps)  (ps)   (ps)  Location 
#-----------------------------------------------------------------------------------------------
  clk                    (i)     -     R     (arrival)    136  0.0     0     0       0    (-,-) 
  st1_hot_ones_reg[1]/CK <<<     -     R     DFFR_X1      136    -     1     0       0    (-,-) 
#-----------------------------------------------------------------------------------------------

#-------------------------------------------------------------------------------------------------------------
#            Timing Point             Flags    Arc   Edge   Cell     Fanout Load Trans Delay Arrival Instance 
#                                                                           (fF)  (ps)  (ps)   (ps)  Location 
#-------------------------------------------------------------------------------------------------------------
  st1_hot_ones_reg[1]/CK              -       -      R     (arrival)    136    -     1     0       0    (-,-) 
  st1_hot_ones_reg[1]/Q               -       CK->Q  R     DFFR_X1        2  3.1    13   103     103    (-,-) 
  csa_tree_add_184_79_groupi_g2210/ZN -       A1->ZN F     NAND2_X1       1  1.8     8    14     117    (-,-) 
  csa_tree_add_184_79_groupi_g2200/ZN -       A2->ZN R     NAND2_X1       3  6.2    20    27     144    (-,-) 
  csa_tree_add_184_79_groupi_g2149/ZN -       A1->ZN F     NOR2_X1        1  3.0     9    13     157    (-,-) 
  csa_tree_add_184_79_groupi_g2072/ZN -       B1->ZN R     OAI21_X2       2  5.5    23    32     190    (-,-) 
  g89515/CO                           -       CI->CO R     FA_X1          2  4.4    17    56     245    (-,-) 
  csa_tree_add_184_79_groupi_g2047/ZN -       A->ZN  F     INV_X1         1  1.8     6     9     254    (-,-) 
  csa_tree_add_184_79_groupi_g2046/ZN -       B1->ZN R     OAI21_X1       3  6.1    39    48     302    (-,-) 
  csa_tree_add_184_79_groupi_g2044/ZN -       B1->ZN F     AOI21_X1       2  4.1    17    28     330    (-,-) 
  csa_tree_add_184_79_groupi_g2041/ZN -       B1->ZN R     OAI21_X1       2  4.3    30    43     373    (-,-) 
  csa_tree_add_184_79_groupi_g2038/ZN -       A1->ZN F     NAND2_X1       1  1.8    11    17     390    (-,-) 
  csa_tree_add_184_79_groupi_g2037/ZN -       A1->ZN R     NAND2_X1       4  7.7    23    30     421    (-,-) 
  g89525/ZN                           -       A1->ZN F     NAND4_X1       1  1.8    17    28     449    (-,-) 
  csa_tree_add_184_79_groupi_g2033/ZN -       A1->ZN R     NAND2_X1       3  6.1    19    29     478    (-,-) 
  csa_tree_add_184_79_groupi_g2029/ZN -       A1->ZN F     NAND2_X1       1  1.8    11    16     494    (-,-) 
  csa_tree_add_184_79_groupi_g2028/ZN -       A1->ZN R     NAND2_X1       4  7.8    23    30     524    (-,-) 
  csa_tree_add_184_79_groupi_g2016/ZN -       A1->ZN F     NAND3_X1       1  1.8    13    22     546    (-,-) 
  csa_tree_add_184_79_groupi_g2013/ZN -       A1->ZN R     NAND2_X1       4  7.8    23    31     578    (-,-) 
  csa_tree_add_184_79_groupi_g2002/ZN -       A1->ZN F     NAND3_X1       1  1.8    13    22     600    (-,-) 
  csa_tree_add_184_79_groupi_g2001/ZN -       A->ZN  R     OAI211_X1      2  4.3    33    30     629    (-,-) 
  csa_tree_add_184_79_groupi_g1996/ZN -       A1->ZN F     NAND2_X1       1  1.8    12    18     647    (-,-) 
  csa_tree_add_184_79_groupi_g1995/ZN -       A1->ZN R     NAND2_X1       2  4.3    15    22     669    (-,-) 
  csa_tree_add_184_79_groupi_g1992/ZN -       A1->ZN F     NAND2_X1       1  1.8     8    15     684    (-,-) 
  csa_tree_add_184_79_groupi_g1991/ZN -       A1->ZN R     NAND2_X1       1  4.0    14    20     704    (-,-) 
  g89526/S                            -       A->S   F     FA_X1         19 36.0    49   144     848    (-,-) 
  g89456/ZN                           -       A->ZN  R     INV_X1        10 19.8    49    77     925    (-,-) 
  g89322/Z                            -       S->Z   F     MUX2_X1        1  1.4    10    62     987    (-,-) 
  st2_sum_mag_reg[21]/D               -       -      F     DFFR_X1        1    -     -     0     987    (-,-) 
#-------------------------------------------------------------------------------------------------------------

Capture clock path:
#-----------------------------------------------------------------------------------------------
#     Timing Point       Flags   Arc   Edge   Cell     Fanout Load Trans Delay Arrival Instance 
#                                                             (fF)  (ps)  (ps)   (ps)  Location 
#-----------------------------------------------------------------------------------------------
  clk                    (i)     -     R     (arrival)    136  0.0     0     0    1031    (-,-) 
  st2_sum_mag_reg[21]/CK <<<     -     R     DFFR_X1      136    -     1     0    1031    (-,-) 
#-----------------------------------------------------------------------------------------------



Path 12: MET (3 ps) Setup Check with Pin st2_sum_mag_reg[20]/CK->D
           View: view_1p2_25
          Group: clock1
     Startpoint: (R) st1_hot_ones_reg[1]/CK
          Clock: (R) clock1
       Endpoint: (F) st2_sum_mag_reg[20]/D
          Clock: (R) clock1

                     Capture       Launch     
        Clock Edge:+    1031            0     
       Src Latency:+       0            0     
       Net Latency:+       0 (I)        0 (I) 
           Arrival:=    1031            0     
                                              
             Setup:-      41                  
       Uncertainty:-       0                  
     Required Time:=     990                  
      Launch Clock:-       0                  
         Data Path:-     987                  
             Slack:=       3                  

Launch clock path:
#-----------------------------------------------------------------------------------------------
#     Timing Point       Flags   Arc   Edge   Cell     Fanout Load Trans Delay Arrival Instance 
#                                                             (fF)  (ps)  (ps)   (ps)  Location 
#-----------------------------------------------------------------------------------------------
  clk                    (i)     -     R     (arrival)    136  0.0     0     0       0    (-,-) 
  st1_hot_ones_reg[1]/CK <<<     -     R     DFFR_X1      136    -     1     0       0    (-,-) 
#-----------------------------------------------------------------------------------------------

#-------------------------------------------------------------------------------------------------------------
#            Timing Point             Flags    Arc   Edge   Cell     Fanout Load Trans Delay Arrival Instance 
#                                                                           (fF)  (ps)  (ps)   (ps)  Location 
#-------------------------------------------------------------------------------------------------------------
  st1_hot_ones_reg[1]/CK              -       -      R     (arrival)    136    -     1     0       0    (-,-) 
  st1_hot_ones_reg[1]/Q               -       CK->Q  R     DFFR_X1        2  3.1    13   103     103    (-,-) 
  csa_tree_add_184_79_groupi_g2210/ZN -       A1->ZN F     NAND2_X1       1  1.8     8    14     117    (-,-) 
  csa_tree_add_184_79_groupi_g2200/ZN -       A2->ZN R     NAND2_X1       3  6.2    20    27     144    (-,-) 
  csa_tree_add_184_79_groupi_g2149/ZN -       A1->ZN F     NOR2_X1        1  3.0     9    13     157    (-,-) 
  csa_tree_add_184_79_groupi_g2072/ZN -       B1->ZN R     OAI21_X2       2  5.5    23    32     190    (-,-) 
  g89515/CO                           -       CI->CO R     FA_X1          2  4.4    17    56     245    (-,-) 
  csa_tree_add_184_79_groupi_g2047/ZN -       A->ZN  F     INV_X1         1  1.8     6     9     254    (-,-) 
  csa_tree_add_184_79_groupi_g2046/ZN -       B1->ZN R     OAI21_X1       3  6.1    39    48     302    (-,-) 
  csa_tree_add_184_79_groupi_g2044/ZN -       B1->ZN F     AOI21_X1       2  4.1    17    28     330    (-,-) 
  csa_tree_add_184_79_groupi_g2041/ZN -       B1->ZN R     OAI21_X1       2  4.3    30    43     373    (-,-) 
  csa_tree_add_184_79_groupi_g2038/ZN -       A1->ZN F     NAND2_X1       1  1.8    11    17     390    (-,-) 
  csa_tree_add_184_79_groupi_g2037/ZN -       A1->ZN R     NAND2_X1       4  7.7    23    30     421    (-,-) 
  g89525/ZN                           -       A1->ZN F     NAND4_X1       1  1.8    17    28     449    (-,-) 
  csa_tree_add_184_79_groupi_g2033/ZN -       A1->ZN R     NAND2_X1       3  6.1    19    29     478    (-,-) 
  csa_tree_add_184_79_groupi_g2029/ZN -       A1->ZN F     NAND2_X1       1  1.8    11    16     494    (-,-) 
  csa_tree_add_184_79_groupi_g2028/ZN -       A1->ZN R     NAND2_X1       4  7.8    23    30     524    (-,-) 
  csa_tree_add_184_79_groupi_g2016/ZN -       A1->ZN F     NAND3_X1       1  1.8    13    22     546    (-,-) 
  csa_tree_add_184_79_groupi_g2013/ZN -       A1->ZN R     NAND2_X1       4  7.8    23    31     578    (-,-) 
  csa_tree_add_184_79_groupi_g2002/ZN -       A1->ZN F     NAND3_X1       1  1.8    13    22     600    (-,-) 
  csa_tree_add_184_79_groupi_g2001/ZN -       A->ZN  R     OAI211_X1      2  4.3    33    30     629    (-,-) 
  csa_tree_add_184_79_groupi_g1996/ZN -       A1->ZN F     NAND2_X1       1  1.8    12    18     647    (-,-) 
  csa_tree_add_184_79_groupi_g1995/ZN -       A1->ZN R     NAND2_X1       2  4.3    15    22     669    (-,-) 
  csa_tree_add_184_79_groupi_g1992/ZN -       A1->ZN F     NAND2_X1       1  1.8     8    15     684    (-,-) 
  csa_tree_add_184_79_groupi_g1991/ZN -       A1->ZN R     NAND2_X1       1  4.0    14    20     704    (-,-) 
  g89526/S                            -       A->S   F     FA_X1         19 36.0    49   144     848    (-,-) 
  g89456/ZN                           -       A->ZN  R     INV_X1        10 19.8    49    77     925    (-,-) 
  g89323/Z                            -       S->Z   F     MUX2_X1        1  1.4    10    62     987    (-,-) 
  st2_sum_mag_reg[20]/D               -       -      F     DFFR_X1        1    -     -     0     987    (-,-) 
#-------------------------------------------------------------------------------------------------------------

Capture clock path:
#-----------------------------------------------------------------------------------------------
#     Timing Point       Flags   Arc   Edge   Cell     Fanout Load Trans Delay Arrival Instance 
#                                                             (fF)  (ps)  (ps)   (ps)  Location 
#-----------------------------------------------------------------------------------------------
  clk                    (i)     -     R     (arrival)    136  0.0     0     0    1031    (-,-) 
  st2_sum_mag_reg[20]/CK <<<     -     R     DFFR_X1      136    -     1     0    1031    (-,-) 
#-----------------------------------------------------------------------------------------------



Path 13: MET (3 ps) Setup Check with Pin st2_sum_mag_reg[19]/CK->D
           View: view_1p2_25
          Group: clock1
     Startpoint: (R) st1_hot_ones_reg[1]/CK
          Clock: (R) clock1
       Endpoint: (F) st2_sum_mag_reg[19]/D
          Clock: (R) clock1

                     Capture       Launch     
        Clock Edge:+    1031            0     
       Src Latency:+       0            0     
       Net Latency:+       0 (I)        0 (I) 
           Arrival:=    1031            0     
                                              
             Setup:-      41                  
       Uncertainty:-       0                  
     Required Time:=     990                  
      Launch Clock:-       0                  
         Data Path:-     987                  
             Slack:=       3                  

Launch clock path:
#-----------------------------------------------------------------------------------------------
#     Timing Point       Flags   Arc   Edge   Cell     Fanout Load Trans Delay Arrival Instance 
#                                                             (fF)  (ps)  (ps)   (ps)  Location 
#-----------------------------------------------------------------------------------------------
  clk                    (i)     -     R     (arrival)    136  0.0     0     0       0    (-,-) 
  st1_hot_ones_reg[1]/CK <<<     -     R     DFFR_X1      136    -     1     0       0    (-,-) 
#-----------------------------------------------------------------------------------------------

#-------------------------------------------------------------------------------------------------------------
#            Timing Point             Flags    Arc   Edge   Cell     Fanout Load Trans Delay Arrival Instance 
#                                                                           (fF)  (ps)  (ps)   (ps)  Location 
#-------------------------------------------------------------------------------------------------------------
  st1_hot_ones_reg[1]/CK              -       -      R     (arrival)    136    -     1     0       0    (-,-) 
  st1_hot_ones_reg[1]/Q               -       CK->Q  R     DFFR_X1        2  3.1    13   103     103    (-,-) 
  csa_tree_add_184_79_groupi_g2210/ZN -       A1->ZN F     NAND2_X1       1  1.8     8    14     117    (-,-) 
  csa_tree_add_184_79_groupi_g2200/ZN -       A2->ZN R     NAND2_X1       3  6.2    20    27     144    (-,-) 
  csa_tree_add_184_79_groupi_g2149/ZN -       A1->ZN F     NOR2_X1        1  3.0     9    13     157    (-,-) 
  csa_tree_add_184_79_groupi_g2072/ZN -       B1->ZN R     OAI21_X2       2  5.5    23    32     190    (-,-) 
  g89515/CO                           -       CI->CO R     FA_X1          2  4.4    17    56     245    (-,-) 
  csa_tree_add_184_79_groupi_g2047/ZN -       A->ZN  F     INV_X1         1  1.8     6     9     254    (-,-) 
  csa_tree_add_184_79_groupi_g2046/ZN -       B1->ZN R     OAI21_X1       3  6.1    39    48     302    (-,-) 
  csa_tree_add_184_79_groupi_g2044/ZN -       B1->ZN F     AOI21_X1       2  4.1    17    28     330    (-,-) 
  csa_tree_add_184_79_groupi_g2041/ZN -       B1->ZN R     OAI21_X1       2  4.3    30    43     373    (-,-) 
  csa_tree_add_184_79_groupi_g2038/ZN -       A1->ZN F     NAND2_X1       1  1.8    11    17     390    (-,-) 
  csa_tree_add_184_79_groupi_g2037/ZN -       A1->ZN R     NAND2_X1       4  7.7    23    30     421    (-,-) 
  g89525/ZN                           -       A1->ZN F     NAND4_X1       1  1.8    17    28     449    (-,-) 
  csa_tree_add_184_79_groupi_g2033/ZN -       A1->ZN R     NAND2_X1       3  6.1    19    29     478    (-,-) 
  csa_tree_add_184_79_groupi_g2029/ZN -       A1->ZN F     NAND2_X1       1  1.8    11    16     494    (-,-) 
  csa_tree_add_184_79_groupi_g2028/ZN -       A1->ZN R     NAND2_X1       4  7.8    23    30     524    (-,-) 
  csa_tree_add_184_79_groupi_g2016/ZN -       A1->ZN F     NAND3_X1       1  1.8    13    22     546    (-,-) 
  csa_tree_add_184_79_groupi_g2013/ZN -       A1->ZN R     NAND2_X1       4  7.8    23    31     578    (-,-) 
  csa_tree_add_184_79_groupi_g2002/ZN -       A1->ZN F     NAND3_X1       1  1.8    13    22     600    (-,-) 
  csa_tree_add_184_79_groupi_g2001/ZN -       A->ZN  R     OAI211_X1      2  4.3    33    30     629    (-,-) 
  csa_tree_add_184_79_groupi_g1996/ZN -       A1->ZN F     NAND2_X1       1  1.8    12    18     647    (-,-) 
  csa_tree_add_184_79_groupi_g1995/ZN -       A1->ZN R     NAND2_X1       2  4.3    15    22     669    (-,-) 
  csa_tree_add_184_79_groupi_g1992/ZN -       A1->ZN F     NAND2_X1       1  1.8     8    15     684    (-,-) 
  csa_tree_add_184_79_groupi_g1991/ZN -       A1->ZN R     NAND2_X1       1  4.0    14    20     704    (-,-) 
  g89526/S                            -       A->S   F     FA_X1         19 36.0    49   144     848    (-,-) 
  g89456/ZN                           -       A->ZN  R     INV_X1        10 19.8    49    77     925    (-,-) 
  g89326/Z                            -       S->Z   F     MUX2_X1        1  1.4    10    62     987    (-,-) 
  st2_sum_mag_reg[19]/D               -       -      F     DFFR_X1        1    -     -     0     987    (-,-) 
#-------------------------------------------------------------------------------------------------------------

Capture clock path:
#-----------------------------------------------------------------------------------------------
#     Timing Point       Flags   Arc   Edge   Cell     Fanout Load Trans Delay Arrival Instance 
#                                                             (fF)  (ps)  (ps)   (ps)  Location 
#-----------------------------------------------------------------------------------------------
  clk                    (i)     -     R     (arrival)    136  0.0     0     0    1031    (-,-) 
  st2_sum_mag_reg[19]/CK <<<     -     R     DFFR_X1      136    -     1     0    1031    (-,-) 
#-----------------------------------------------------------------------------------------------



Path 14: MET (3 ps) Setup Check with Pin st2_sum_mag_reg[18]/CK->D
           View: view_1p2_25
          Group: clock1
     Startpoint: (R) st1_hot_ones_reg[1]/CK
          Clock: (R) clock1
       Endpoint: (F) st2_sum_mag_reg[18]/D
          Clock: (R) clock1

                     Capture       Launch     
        Clock Edge:+    1031            0     
       Src Latency:+       0            0     
       Net Latency:+       0 (I)        0 (I) 
           Arrival:=    1031            0     
                                              
             Setup:-      41                  
       Uncertainty:-       0                  
     Required Time:=     990                  
      Launch Clock:-       0                  
         Data Path:-     987                  
             Slack:=       3                  

Launch clock path:
#-----------------------------------------------------------------------------------------------
#     Timing Point       Flags   Arc   Edge   Cell     Fanout Load Trans Delay Arrival Instance 
#                                                             (fF)  (ps)  (ps)   (ps)  Location 
#-----------------------------------------------------------------------------------------------
  clk                    (i)     -     R     (arrival)    136  0.0     0     0       0    (-,-) 
  st1_hot_ones_reg[1]/CK <<<     -     R     DFFR_X1      136    -     1     0       0    (-,-) 
#-----------------------------------------------------------------------------------------------

#-------------------------------------------------------------------------------------------------------------
#            Timing Point             Flags    Arc   Edge   Cell     Fanout Load Trans Delay Arrival Instance 
#                                                                           (fF)  (ps)  (ps)   (ps)  Location 
#-------------------------------------------------------------------------------------------------------------
  st1_hot_ones_reg[1]/CK              -       -      R     (arrival)    136    -     1     0       0    (-,-) 
  st1_hot_ones_reg[1]/Q               -       CK->Q  R     DFFR_X1        2  3.1    13   103     103    (-,-) 
  csa_tree_add_184_79_groupi_g2210/ZN -       A1->ZN F     NAND2_X1       1  1.8     8    14     117    (-,-) 
  csa_tree_add_184_79_groupi_g2200/ZN -       A2->ZN R     NAND2_X1       3  6.2    20    27     144    (-,-) 
  csa_tree_add_184_79_groupi_g2149/ZN -       A1->ZN F     NOR2_X1        1  3.0     9    13     157    (-,-) 
  csa_tree_add_184_79_groupi_g2072/ZN -       B1->ZN R     OAI21_X2       2  5.5    23    32     190    (-,-) 
  g89515/CO                           -       CI->CO R     FA_X1          2  4.4    17    56     245    (-,-) 
  csa_tree_add_184_79_groupi_g2047/ZN -       A->ZN  F     INV_X1         1  1.8     6     9     254    (-,-) 
  csa_tree_add_184_79_groupi_g2046/ZN -       B1->ZN R     OAI21_X1       3  6.1    39    48     302    (-,-) 
  csa_tree_add_184_79_groupi_g2044/ZN -       B1->ZN F     AOI21_X1       2  4.1    17    28     330    (-,-) 
  csa_tree_add_184_79_groupi_g2041/ZN -       B1->ZN R     OAI21_X1       2  4.3    30    43     373    (-,-) 
  csa_tree_add_184_79_groupi_g2038/ZN -       A1->ZN F     NAND2_X1       1  1.8    11    17     390    (-,-) 
  csa_tree_add_184_79_groupi_g2037/ZN -       A1->ZN R     NAND2_X1       4  7.7    23    30     421    (-,-) 
  g89525/ZN                           -       A1->ZN F     NAND4_X1       1  1.8    17    28     449    (-,-) 
  csa_tree_add_184_79_groupi_g2033/ZN -       A1->ZN R     NAND2_X1       3  6.1    19    29     478    (-,-) 
  csa_tree_add_184_79_groupi_g2029/ZN -       A1->ZN F     NAND2_X1       1  1.8    11    16     494    (-,-) 
  csa_tree_add_184_79_groupi_g2028/ZN -       A1->ZN R     NAND2_X1       4  7.8    23    30     524    (-,-) 
  csa_tree_add_184_79_groupi_g2016/ZN -       A1->ZN F     NAND3_X1       1  1.8    13    22     546    (-,-) 
  csa_tree_add_184_79_groupi_g2013/ZN -       A1->ZN R     NAND2_X1       4  7.8    23    31     578    (-,-) 
  csa_tree_add_184_79_groupi_g2002/ZN -       A1->ZN F     NAND3_X1       1  1.8    13    22     600    (-,-) 
  csa_tree_add_184_79_groupi_g2001/ZN -       A->ZN  R     OAI211_X1      2  4.3    33    30     629    (-,-) 
  csa_tree_add_184_79_groupi_g1996/ZN -       A1->ZN F     NAND2_X1       1  1.8    12    18     647    (-,-) 
  csa_tree_add_184_79_groupi_g1995/ZN -       A1->ZN R     NAND2_X1       2  4.3    15    22     669    (-,-) 
  csa_tree_add_184_79_groupi_g1992/ZN -       A1->ZN F     NAND2_X1       1  1.8     8    15     684    (-,-) 
  csa_tree_add_184_79_groupi_g1991/ZN -       A1->ZN R     NAND2_X1       1  4.0    14    20     704    (-,-) 
  g89526/S                            -       A->S   F     FA_X1         19 36.0    49   144     848    (-,-) 
  g89456/ZN                           -       A->ZN  R     INV_X1        10 19.8    49    77     925    (-,-) 
  g89325/Z                            -       S->Z   F     MUX2_X1        1  1.4    10    62     987    (-,-) 
  st2_sum_mag_reg[18]/D               -       -      F     DFFR_X1        1    -     -     0     987    (-,-) 
#-------------------------------------------------------------------------------------------------------------

Capture clock path:
#-----------------------------------------------------------------------------------------------
#     Timing Point       Flags   Arc   Edge   Cell     Fanout Load Trans Delay Arrival Instance 
#                                                             (fF)  (ps)  (ps)   (ps)  Location 
#-----------------------------------------------------------------------------------------------
  clk                    (i)     -     R     (arrival)    136  0.0     0     0    1031    (-,-) 
  st2_sum_mag_reg[18]/CK <<<     -     R     DFFR_X1      136    -     1     0    1031    (-,-) 
#-----------------------------------------------------------------------------------------------



Path 15: MET (3 ps) Setup Check with Pin st2_sum_mag_reg[17]/CK->D
           View: view_1p2_25
          Group: clock1
     Startpoint: (R) st1_hot_ones_reg[1]/CK
          Clock: (R) clock1
       Endpoint: (F) st2_sum_mag_reg[17]/D
          Clock: (R) clock1

                     Capture       Launch     
        Clock Edge:+    1031            0     
       Src Latency:+       0            0     
       Net Latency:+       0 (I)        0 (I) 
           Arrival:=    1031            0     
                                              
             Setup:-      41                  
       Uncertainty:-       0                  
     Required Time:=     990                  
      Launch Clock:-       0                  
         Data Path:-     987                  
             Slack:=       3                  

Launch clock path:
#-----------------------------------------------------------------------------------------------
#     Timing Point       Flags   Arc   Edge   Cell     Fanout Load Trans Delay Arrival Instance 
#                                                             (fF)  (ps)  (ps)   (ps)  Location 
#-----------------------------------------------------------------------------------------------
  clk                    (i)     -     R     (arrival)    136  0.0     0     0       0    (-,-) 
  st1_hot_ones_reg[1]/CK <<<     -     R     DFFR_X1      136    -     1     0       0    (-,-) 
#-----------------------------------------------------------------------------------------------

#-------------------------------------------------------------------------------------------------------------
#            Timing Point             Flags    Arc   Edge   Cell     Fanout Load Trans Delay Arrival Instance 
#                                                                           (fF)  (ps)  (ps)   (ps)  Location 
#-------------------------------------------------------------------------------------------------------------
  st1_hot_ones_reg[1]/CK              -       -      R     (arrival)    136    -     1     0       0    (-,-) 
  st1_hot_ones_reg[1]/Q               -       CK->Q  R     DFFR_X1        2  3.1    13   103     103    (-,-) 
  csa_tree_add_184_79_groupi_g2210/ZN -       A1->ZN F     NAND2_X1       1  1.8     8    14     117    (-,-) 
  csa_tree_add_184_79_groupi_g2200/ZN -       A2->ZN R     NAND2_X1       3  6.2    20    27     144    (-,-) 
  csa_tree_add_184_79_groupi_g2149/ZN -       A1->ZN F     NOR2_X1        1  3.0     9    13     157    (-,-) 
  csa_tree_add_184_79_groupi_g2072/ZN -       B1->ZN R     OAI21_X2       2  5.5    23    32     190    (-,-) 
  g89515/CO                           -       CI->CO R     FA_X1          2  4.4    17    56     245    (-,-) 
  csa_tree_add_184_79_groupi_g2047/ZN -       A->ZN  F     INV_X1         1  1.8     6     9     254    (-,-) 
  csa_tree_add_184_79_groupi_g2046/ZN -       B1->ZN R     OAI21_X1       3  6.1    39    48     302    (-,-) 
  csa_tree_add_184_79_groupi_g2044/ZN -       B1->ZN F     AOI21_X1       2  4.1    17    28     330    (-,-) 
  csa_tree_add_184_79_groupi_g2041/ZN -       B1->ZN R     OAI21_X1       2  4.3    30    43     373    (-,-) 
  csa_tree_add_184_79_groupi_g2038/ZN -       A1->ZN F     NAND2_X1       1  1.8    11    17     390    (-,-) 
  csa_tree_add_184_79_groupi_g2037/ZN -       A1->ZN R     NAND2_X1       4  7.7    23    30     421    (-,-) 
  g89525/ZN                           -       A1->ZN F     NAND4_X1       1  1.8    17    28     449    (-,-) 
  csa_tree_add_184_79_groupi_g2033/ZN -       A1->ZN R     NAND2_X1       3  6.1    19    29     478    (-,-) 
  csa_tree_add_184_79_groupi_g2029/ZN -       A1->ZN F     NAND2_X1       1  1.8    11    16     494    (-,-) 
  csa_tree_add_184_79_groupi_g2028/ZN -       A1->ZN R     NAND2_X1       4  7.8    23    30     524    (-,-) 
  csa_tree_add_184_79_groupi_g2016/ZN -       A1->ZN F     NAND3_X1       1  1.8    13    22     546    (-,-) 
  csa_tree_add_184_79_groupi_g2013/ZN -       A1->ZN R     NAND2_X1       4  7.8    23    31     578    (-,-) 
  csa_tree_add_184_79_groupi_g2002/ZN -       A1->ZN F     NAND3_X1       1  1.8    13    22     600    (-,-) 
  csa_tree_add_184_79_groupi_g2001/ZN -       A->ZN  R     OAI211_X1      2  4.3    33    30     629    (-,-) 
  csa_tree_add_184_79_groupi_g1996/ZN -       A1->ZN F     NAND2_X1       1  1.8    12    18     647    (-,-) 
  csa_tree_add_184_79_groupi_g1995/ZN -       A1->ZN R     NAND2_X1       2  4.3    15    22     669    (-,-) 
  csa_tree_add_184_79_groupi_g1992/ZN -       A1->ZN F     NAND2_X1       1  1.8     8    15     684    (-,-) 
  csa_tree_add_184_79_groupi_g1991/ZN -       A1->ZN R     NAND2_X1       1  4.0    14    20     704    (-,-) 
  g89526/S                            -       A->S   F     FA_X1         19 36.0    49   144     848    (-,-) 
  g89456/ZN                           -       A->ZN  R     INV_X1        10 19.8    49    77     925    (-,-) 
  g89324/Z                            -       S->Z   F     MUX2_X1        1  1.4    10    62     987    (-,-) 
  st2_sum_mag_reg[17]/D               -       -      F     DFFR_X1        1    -     -     0     987    (-,-) 
#-------------------------------------------------------------------------------------------------------------

Capture clock path:
#-----------------------------------------------------------------------------------------------
#     Timing Point       Flags   Arc   Edge   Cell     Fanout Load Trans Delay Arrival Instance 
#                                                             (fF)  (ps)  (ps)   (ps)  Location 
#-----------------------------------------------------------------------------------------------
  clk                    (i)     -     R     (arrival)    136  0.0     0     0    1031    (-,-) 
  st2_sum_mag_reg[17]/CK <<<     -     R     DFFR_X1      136    -     1     0    1031    (-,-) 
#-----------------------------------------------------------------------------------------------



Path 16: MET (3 ps) Setup Check with Pin st1_sum_vec_reg[3]/CK->D
           View: view_1p2_25
          Group: clock1
     Startpoint: (R) add_c[23]
          Clock: (R) clock1
       Endpoint: (R) st1_sum_vec_reg[3]/D
          Clock: (R) clock1

                     Capture       Launch     
        Clock Edge:+    1031            0     
        Drv Adjust:+       0            0     
       Src Latency:+       0            0     
       Net Latency:+       0 (I)        0 (I) 
           Arrival:=    1031            0     
                                              
             Setup:-      36                  
       Uncertainty:-       0                  
     Required Time:=     995                  
      Launch Clock:-       0                  
       Input Delay:-       1                  
         Data Path:-     990                  
             Slack:=       3                  

Exceptions/Constraints:
  input_delay              1              sysarr_4_input_fp_ad_line_21_73_1   

#----------------------------------------------------------------------------------------------
#    Timing Point      Flags    Arc   Edge   Cell     Fanout Load Trans Delay Arrival Instance 
#                                                            (fF)  (ps)  (ps)   (ps)  Location 
#----------------------------------------------------------------------------------------------
  add_c[23]            -       -      R     (arrival)      5 21.4     0     0       1    (-,-) 
  g89466/ZN            -       A->ZN  F     INV_X8         5 13.9     3     6       7    (-,-) 
  g89428/ZN            -       A1->ZN R     NAND2_X4       2  5.3     8    11      17    (-,-) 
  g89182/ZN            -       A1->ZN F     NAND2_X2       1  5.9     9    15      32    (-,-) 
  g89149/ZN            -       B1->ZN R     AOI21_X4       1  6.7    22    26      59    (-,-) 
  g89131/ZN            -       B1->ZN F     OAI21_X4       1  6.0    11    17      75    (-,-) 
  g89120/ZN            -       A1->ZN R     NAND2_X4       2 10.0    12    18      93    (-,-) 
  g89108/ZN            -       A1->ZN F     NAND2_X2       1  5.9     9    16     109    (-,-) 
  g89068/ZN            -       B2->ZN R     AOI21_X4       1  6.7    22    31     140    (-,-) 
  g89056/ZN            -       B1->ZN F     OAI21_X4       1  5.9    15    17     157    (-,-) 
  g88907/ZN            -       B1->ZN R     AOI21_X4       6 14.2    30    38     196    (-,-) 
  g88893/ZN            -       A->ZN  F     INV_X1         3  7.8    14    23     218    (-,-) 
  g88892/ZN            -       A->ZN  R     INV_X2         8 18.8    24    34     252    (-,-) 
  g88870/ZN            -       A->ZN  F     INV_X1         2  3.8     9    14     267    (-,-) 
  g88771/ZN            -       A1->ZN R     OAI22_X1       4  7.7    59    58     325    (-,-) 
  g88592__4319/Z       -       B->Z   R     MUX2_X1        6 10.3    28    70     395    (-,-) 
  g88400__6417/ZN      -       A1->ZN F     NAND3_X1       2  3.3    17    28     423    (-,-) 
  g88390/ZN            -       A->ZN  R     INV_X1         2  2.9    11    20     443    (-,-) 
  g88293__6260/ZN      -       A1->ZN F     NAND4_X1       1  1.7    17    24     466    (-,-) 
  g88286__5477/ZN      -       A1->ZN R     NOR2_X1        3  4.1    27    39     505    (-,-) 
  g88242__5115/ZN      -       A1->ZN R     OR2_X1         2  3.8    13    33     539    (-,-) 
  g88183__5107/ZN      -       B1->ZN F     AOI21_X1       2  2.9    20    18     557    (-,-) 
  g88049__5477/Z       -       B->Z   F     MUX2_X1        3  5.1    14    71     627    (-,-) 
  g88038/ZN            -       A->ZN  R     INV_X1         1  1.9     8    16     643    (-,-) 
  g87830__2398/ZN      -       A2->ZN F     OAI22_X1       1  1.8    14    18     661    (-,-) 
  g87813/ZN            -       A->ZN  R     INV_X1         1  1.9     8    15     676    (-,-) 
  g87701__6260/ZN      -       A->ZN  F     OAI221_X1      1  2.4    19    32     708    (-,-) 
  g87603__6783/ZN      -       A->ZN  F     XNOR2_X1       2  3.5    26    46     755    (-,-) 
  g87597/ZN            -       A->ZN  R     INV_X1         1  1.9    11    20     775    (-,-) 
  g87570__1705/ZN      -       A1->ZN F     NAND2_X1       2  3.0    13    16     791    (-,-) 
  g87550__2346/ZN      -       A1->ZN F     AND2_X1        1  3.4     8    34     824    (-,-) 
  g87495__6783/CO      -       A->CO  F     HA_X1          2  2.8     8    30     854    (-,-) 
  g87485__4319/ZN      -       A1->ZN F     OR3_X1         1  1.8    13    65     919    (-,-) 
  g87469__2346/ZN      -       A2->ZN R     NAND2_X1       2  4.4    16    26     944    (-,-) 
  g87432__1705/Z       -       A->Z   R     XOR2_X1        1  1.4    20    47     991    (-,-) 
  st1_sum_vec_reg[3]/D -       -      R     DFFR_X1        1    -     -     0     991    (-,-) 
#----------------------------------------------------------------------------------------------

Capture clock path:
#----------------------------------------------------------------------------------------------
#     Timing Point      Flags   Arc   Edge   Cell     Fanout Load Trans Delay Arrival Instance 
#                                                            (fF)  (ps)  (ps)   (ps)  Location 
#----------------------------------------------------------------------------------------------
  clk                   (i)     -     R     (arrival)    136  0.0     0     0    1031    (-,-) 
  st1_sum_vec_reg[3]/CK <<<     -     R     DFFR_X1      136    -     1     0    1031    (-,-) 
#----------------------------------------------------------------------------------------------



Path 17: MET (4 ps) Setup Check with Pin st1_sum_vec_reg[5]/CK->D
           View: view_1p2_25
          Group: clock1
     Startpoint: (R) add_c[23]
          Clock: (R) clock1
       Endpoint: (R) st1_sum_vec_reg[5]/D
          Clock: (R) clock1

                     Capture       Launch     
        Clock Edge:+    1031            0     
        Drv Adjust:+       0            0     
       Src Latency:+       0            0     
       Net Latency:+       0 (I)        0 (I) 
           Arrival:=    1031            0     
                                              
             Setup:-      33                  
       Uncertainty:-       0                  
     Required Time:=     998                  
      Launch Clock:-       0                  
       Input Delay:-       1                  
         Data Path:-     992                  
             Slack:=       4                  

Exceptions/Constraints:
  input_delay              1              sysarr_4_input_fp_ad_line_21_73_1   

#----------------------------------------------------------------------------------------------
#    Timing Point      Flags    Arc   Edge   Cell     Fanout Load Trans Delay Arrival Instance 
#                                                            (fF)  (ps)  (ps)   (ps)  Location 
#----------------------------------------------------------------------------------------------
  add_c[23]            -       -      R     (arrival)      5 21.4     0     0       1    (-,-) 
  g89466/ZN            -       A->ZN  F     INV_X8         5 13.9     3     6       7    (-,-) 
  g89428/ZN            -       A1->ZN R     NAND2_X4       2  5.3     8    11      17    (-,-) 
  g89182/ZN            -       A1->ZN F     NAND2_X2       1  5.9     9    15      32    (-,-) 
  g89149/ZN            -       B1->ZN R     AOI21_X4       1  6.7    22    26      59    (-,-) 
  g89131/ZN            -       B1->ZN F     OAI21_X4       1  6.0    11    17      75    (-,-) 
  g89120/ZN            -       A1->ZN R     NAND2_X4       2 10.0    12    18      93    (-,-) 
  g89108/ZN            -       A1->ZN F     NAND2_X2       1  5.9     9    16     109    (-,-) 
  g89068/ZN            -       B2->ZN R     AOI21_X4       1  6.7    22    31     140    (-,-) 
  g89056/ZN            -       B1->ZN F     OAI21_X4       1  5.9    15    17     157    (-,-) 
  g88907/ZN            -       B1->ZN R     AOI21_X4       6 14.2    30    38     196    (-,-) 
  g88844/ZN            -       A1->ZN F     NAND2_X1       1  1.8    11    17     213    (-,-) 
  g88769/ZN            -       A->ZN  R     OAI21_X1       2  3.8    28    26     239    (-,-) 
  g88733/ZN            -       A->ZN  F     INV_X1         2  4.7    11    16     256    (-,-) 
  g88648__2398/ZN      -       A1->ZN R     NAND2_X1       1  3.4    14    20     275    (-,-) 
  g88600__5122/ZN      -       A1->ZN F     NAND2_X2      12 20.7    22    33     308    (-,-) 
  g88512__1666/ZN      -       A1->ZN F     AND2_X2        2  7.1     8    37     345    (-,-) 
  g88283__1666/ZN      -       A1->ZN R     AOI22_X2       2  6.9    33    40     385    (-,-) 
  g88245__6161/ZN      -       A1->ZN F     NOR2_X2        2  4.9    14    13     398    (-,-) 
  g88142__9945/ZN      -       A->ZN  R     AOI21_X1       2  4.3    34    55     453    (-,-) 
  g88035__5115/ZN      -       B1->ZN F     AOI21_X1       2  3.5    15    25     477    (-,-) 
  g88034/ZN            -       A->ZN  R     INV_X1         1  2.5    10    18     495    (-,-) 
  g88020__6783/ZN      -       A->ZN  R     XNOR2_X1       3  7.3    45    51     546    (-,-) 
  g87967__2883/ZN      -       A2->ZN R     AND3_X2       11 19.3    27    74     620    (-,-) 
  g87920__2346/ZN      -       A1->ZN F     NAND2_X1       7 11.2    29    40     660    (-,-) 
  g87696__7410/ZN      -       B1->ZN R     OAI221_X1      1  2.5    39    58     718    (-,-) 
  g87605__1617/ZN      -       A->ZN  R     XNOR2_X1       1  3.5    28    51     769    (-,-) 
  g87529__8428/S       -       A->S   R     HA_X1          2  4.4    34    65     834    (-,-) 
  g87524/ZN            -       A->ZN  F     INV_X1         1  1.7     9    10     844    (-,-) 
  g87515__2346/ZN      -       A1->ZN R     NOR2_X1        1  2.0    18    25     868    (-,-) 
  g87511__6161/ZN      -       A1->ZN F     NOR2_X1        1  3.9     8    14     883    (-,-) 
  g87405__6260/S       -       A->S   R     FA_X1          1  1.4    10   110     993    (-,-) 
  st1_sum_vec_reg[5]/D -       -      R     DFFR_X1        1    -     -     0     993    (-,-) 
#----------------------------------------------------------------------------------------------

Capture clock path:
#----------------------------------------------------------------------------------------------
#     Timing Point      Flags   Arc   Edge   Cell     Fanout Load Trans Delay Arrival Instance 
#                                                            (fF)  (ps)  (ps)   (ps)  Location 
#----------------------------------------------------------------------------------------------
  clk                   (i)     -     R     (arrival)    136  0.0     0     0    1031    (-,-) 
  st1_sum_vec_reg[5]/CK <<<     -     R     DFFR_X1      136    -     1     0    1031    (-,-) 
#----------------------------------------------------------------------------------------------



Path 18: MET (5 ps) Setup Check with Pin add_out_reg[20]/CK->D
           View: view_1p2_25
          Group: clock1
     Startpoint: (R) st2_sum_mag_reg[10]/CK
          Clock: (R) clock1
       Endpoint: (R) add_out_reg[20]/D
          Clock: (R) clock1

                     Capture       Launch     
        Clock Edge:+    1031            0     
       Src Latency:+       0            0     
       Net Latency:+       0 (I)        0 (I) 
           Arrival:=    1031            0     
                                              
             Setup:-      36                  
       Uncertainty:-       0                  
     Required Time:=     995                  
      Launch Clock:-       0                  
         Data Path:-     990                  
             Slack:=       5                  

Launch clock path:
#-----------------------------------------------------------------------------------------------
#     Timing Point       Flags   Arc   Edge   Cell     Fanout Load Trans Delay Arrival Instance 
#                                                             (fF)  (ps)  (ps)   (ps)  Location 
#-----------------------------------------------------------------------------------------------
  clk                    (i)     -     R     (arrival)    136  0.0     0     0       0    (-,-) 
  st2_sum_mag_reg[10]/CK <<<     -     R     DFFR_X2      136    -     1     0       0    (-,-) 
#-----------------------------------------------------------------------------------------------

#------------------------------------------------------------------------------------------------
#     Timing Point       Flags    Arc   Edge   Cell     Fanout Load Trans Delay Arrival Instance 
#                                                              (fF)  (ps)  (ps)   (ps)  Location 
#------------------------------------------------------------------------------------------------
  st2_sum_mag_reg[10]/CK -       -      R     (arrival)    136    -     1     0       0    (-,-) 
  st2_sum_mag_reg[10]/QN -       CK->QN R     DFFR_X2        7 11.8    21    89      89    (-,-) 
  g89174/ZN              -       A1->ZN R     AND2_X1        1  1.9     9    35     124    (-,-) 
  g89143/ZN              -       A1->ZN F     NAND3_X1       2  4.7    18    26     151    (-,-) 
  g89136/ZN              -       A1->ZN R     NOR2_X2        3  5.0    20    32     182    (-,-) 
  g89127/ZN              -       A1->ZN R     AND2_X2        7 17.4    24    51     234    (-,-) 
  g89103/ZN              -       B1->ZN F     AOI21_X4       7 14.0    13    22     256    (-,-) 
  g89098/ZN              -       A->ZN  R     INV_X2         5 11.6    16    25     281    (-,-) 
  g89083/ZN              -       B1->ZN F     OAI21_X1       3  5.2    16    24     305    (-,-) 
  g89057/ZN              -       A->ZN  R     AOI21_X1       2  3.7    31    52     358    (-,-) 
  g88909/ZN              -       A1->ZN F     NAND2_X1       6  9.4    22    37     395    (-,-) 
  g88366__5107/ZN        -       A1->ZN R     NAND2_X1       3  5.7    18    31     426    (-,-) 
  g88244__4733/ZN        -       A1->ZN F     NAND2_X1       2  2.8    10    18     444    (-,-) 
  g88202__7482/ZN        -       A1->ZN F     AND2_X1        3  5.4    10    36     479    (-,-) 
  g88191__2802/ZN        -       A->ZN  R     OAI21_X1       2  5.4    36    29     509    (-,-) 
  g88032__6131/S         -       A->S   R     HA_X1          2  3.7    31    62     571    (-,-) 
  g88022__3680/ZN        -       A1->ZN F     NAND3_X1       1  1.9    15    24     595    (-,-) 
  g88016__6260/ZN        -       A1->ZN R     NAND3_X1       1  3.3    15    23     618    (-,-) 
  g88015__5107/ZN        -       A1->ZN F     NAND3_X2      11 19.9    32    45     663    (-,-) 
  g88001__6161/ZN        -       A1->ZN R     NOR2_X2        4  7.3    26    44     707    (-,-) 
  g87996/ZN              -       A->ZN  F     INV_X1         2  4.6    10    16     723    (-,-) 
  g87981__4319/ZN        -       A1->ZN R     NOR2_X2        9 15.7    44    55     778    (-,-) 
  g87972/ZN              -       A->ZN  F     INV_X1         5  8.1    18    26     804    (-,-) 
  g87938__3680/ZN        -       A1->ZN R     NOR2_X1        6 10.8    58    73     877    (-,-) 
  g87738__2802/ZN        -       B1->ZN F     AOI221_X1      1  1.8    24    35     912    (-,-) 
  g87623__2346/ZN        -       B->ZN  R     OAI211_X1      1  2.0    22    32     944    (-,-) 
  g87582__6161/ZN        -       A->ZN  F     AOI221_X1      1  1.8    26    17     961    (-,-) 
  g87554__5477/ZN        -       A->ZN  R     OAI211_X1      1  1.4    19    29     990    (-,-) 
  add_out_reg[20]/D      -       -      R     DFFR_X1        1    -     -     0     990    (-,-) 
#------------------------------------------------------------------------------------------------

Capture clock path:
#-------------------------------------------------------------------------------------------
#   Timing Point     Flags   Arc   Edge   Cell     Fanout Load Trans Delay Arrival Instance 
#                                                         (fF)  (ps)  (ps)   (ps)  Location 
#-------------------------------------------------------------------------------------------
  clk                (i)     -     R     (arrival)    136  0.0     0     0    1031    (-,-) 
  add_out_reg[20]/CK <<<     -     R     DFFR_X1      136    -     1     0    1031    (-,-) 
#-------------------------------------------------------------------------------------------



Path 19: MET (6 ps) Setup Check with Pin st1_sum_vec_reg[17]/CK->D
           View: view_1p2_25
          Group: clock1
     Startpoint: (F) add_c[26]
          Clock: (R) clock1
       Endpoint: (R) st1_sum_vec_reg[17]/D
          Clock: (R) clock1

                     Capture       Launch     
        Clock Edge:+    1031            0     
        Drv Adjust:+       0            0     
       Src Latency:+       0            0     
       Net Latency:+       0 (I)        0 (I) 
           Arrival:=    1031            0     
                                              
             Setup:-      33                  
       Uncertainty:-       0                  
     Required Time:=     998                  
      Launch Clock:-       0                  
       Input Delay:-       1                  
         Data Path:-     991                  
             Slack:=       6                  

Exceptions/Constraints:
  input_delay              1              sysarr_4_input_fp_ad_line_21_70_1   

#-----------------------------------------------------------------------------------------------
#     Timing Point      Flags    Arc   Edge   Cell     Fanout Load Trans Delay Arrival Instance 
#                                                             (fF)  (ps)  (ps)   (ps)  Location 
#-----------------------------------------------------------------------------------------------
  add_c[26]             -       -      F     (arrival)      6 10.2     0     0       1    (-,-) 
  g89493/ZN             -       A->ZN  R     INV_X1         6 11.1    28    31      32    (-,-) 
  g89415/ZN             -       A1->ZN F     NAND2_X1       1  5.9    17    28      60    (-,-) 
  g89131/ZN             -       A->ZN  R     OAI21_X4       1  6.3    18    24      84    (-,-) 
  g89120/ZN             -       A1->ZN F     NAND2_X4       2  9.0     9    17     101    (-,-) 
  g89095/ZN             -       B1->ZN R     OAI21_X4       1  6.7    18    27     128    (-,-) 
  g89068/ZN             -       B1->ZN F     AOI21_X4       1  5.9    15    16     144    (-,-) 
  g89056/ZN             -       B1->ZN R     OAI21_X4       1  6.7    18    29     173    (-,-) 
  g88907/ZN             -       B1->ZN F     AOI21_X4       6 12.8    11    21     194    (-,-) 
  g88893/ZN             -       A->ZN  R     INV_X1         3  8.8    22    31     225    (-,-) 
  g88892/ZN             -       A->ZN  F     INV_X2         8 16.7    12    22     247    (-,-) 
  g88890/ZN             -       A->ZN  R     INV_X4        17 31.3    20    30     276    (-,-) 
  g88770/Z              -       S->Z   F     MUX2_X1        3  7.8    16    74     350    (-,-) 
  g88562__6131/ZN       -       A->ZN  R     XNOR2_X2      17 39.5   102   122     472    (-,-) 
  g88536/ZN             -       A->ZN  F     INV_X2        13 31.1    37    49     522    (-,-) 
  g88387__9315/Z        -       A->Z   R     XOR2_X2       11 29.5    83   105     627    (-,-) 
  g167/ZN               -       A->ZN  F     INV_X2         6 13.9    24    27     653    (-,-) 
  g88260__4319/Z        -       A->Z   F     XOR2_X1        1  2.7    15    59     712    (-,-) 
  g87776__1881/Z        -       B->Z   F     XOR2_X1        2  4.7    14    63     775    (-,-) 
  g87633__5526/ZN       -       A->ZN  F     XNOR2_X1       2  2.9    15    43     818    (-,-) 
  g87559__8428/Z        -       A->Z   F     MUX2_X1        1  3.0    12    64     882    (-,-) 
  g87496__3680/S        -       CI->S  R     FA_X1          1  1.4    10   110     992    (-,-) 
  st1_sum_vec_reg[17]/D -       -      R     DFFR_X1        1    -     -     0     992    (-,-) 
#-----------------------------------------------------------------------------------------------

Capture clock path:
#-----------------------------------------------------------------------------------------------
#     Timing Point       Flags   Arc   Edge   Cell     Fanout Load Trans Delay Arrival Instance 
#                                                             (fF)  (ps)  (ps)   (ps)  Location 
#-----------------------------------------------------------------------------------------------
  clk                    (i)     -     R     (arrival)    136  0.0     0     0    1031    (-,-) 
  st1_sum_vec_reg[17]/CK <<<     -     R     DFFR_X1      136    -     1     0    1031    (-,-) 
#-----------------------------------------------------------------------------------------------



Path 20: MET (6 ps) Setup Check with Pin st1_sum_vec_reg[2]/CK->D
           View: view_1p2_25
          Group: clock1
     Startpoint: (R) add_a[25]
          Clock: (R) clock1
       Endpoint: (R) st1_sum_vec_reg[2]/D
          Clock: (R) clock1

                     Capture       Launch     
        Clock Edge:+    1031            0     
        Drv Adjust:+       0            0     
       Src Latency:+       0            0     
       Net Latency:+       0 (I)        0 (I) 
           Arrival:=    1031            0     
                                              
             Setup:-      33                  
       Uncertainty:-       0                  
     Required Time:=     998                  
      Launch Clock:-       0                  
       Input Delay:-       1                  
         Data Path:-     990                  
             Slack:=       6                  

Exceptions/Constraints:
  input_delay              1              sysarr_4_input_fp_ad_line_21_7_1   

#----------------------------------------------------------------------------------------------
#    Timing Point      Flags    Arc   Edge   Cell     Fanout Load Trans Delay Arrival Instance 
#                                                            (fF)  (ps)  (ps)   (ps)  Location 
#----------------------------------------------------------------------------------------------
  add_a[25]            -       -      R     (arrival)      7 14.6     0     0       1    (-,-) 
  g89480/ZN            -       A->ZN  F     INV_X2         4  8.0     5     8       9    (-,-) 
  g89388/ZN            -       B1->ZN R     AOI22_X2       1  1.9    21    36      44    (-,-) 
  g89187/ZN            -       B1->ZN F     AOI21_X1       1  1.8    10    17      62    (-,-) 
  g89148/ZN            -       B1->ZN R     OAI21_X1       1  1.9    19    28      90    (-,-) 
  g89138/ZN            -       A1->ZN F     NAND2_X1       1  3.0    10    19     108    (-,-) 
  g89119/ZN            -       B1->ZN R     AOI21_X2       2  6.9    30    36     144    (-,-) 
  g89092/ZN            -       B1->ZN F     AOI21_X2       1  5.9    13    22     167    (-,-) 
  g89059/ZN            -       B1->ZN R     OAI21_X4       2 10.2    22    33     200    (-,-) 
  g89049/ZN            -       A2->ZN R     AND2_X4        9 28.8    20    48     248    (-,-) 
  g89001/ZN            -       A->ZN  F     INV_X2         2  9.1     9    15     263    (-,-) 
  g88999/ZN            -       A->ZN  R     INV_X4        33 60.3    37    46     308    (-,-) 
  g88599__1705/Z       -       S->Z   F     MUX2_X1        4  7.9    17    76     384    (-,-) 
  g88403__2398/ZN      -       B->ZN  F     XNOR2_X1       2  4.4    18    48     432    (-,-) 
  g88076__2883/ZN      -       A2->ZN R     NAND2_X1       1  1.9    11    22     454    (-,-) 
  g88053__6260/ZN      -       A1->ZN F     NAND2_X1       2  4.1    11    18     473    (-,-) 
  g88029/ZN            -       A->ZN  R     INV_X1         1  1.9     8    14     487    (-,-) 
  g88026__5122/ZN      -       A1->ZN F     NAND2_X1       1  1.9    10    12     499    (-,-) 
  g88005__9315/ZN      -       A1->ZN R     NAND3_X1       1  1.9    12    17     516    (-,-) 
  g87993__8246/ZN      -       A1->ZN R     AND3_X2        4  9.3    17    49     565    (-,-) 
  g87969__1666/ZN      -       A1->ZN R     AND3_X2        6 12.5    20    54     619    (-,-) 
  g87917__9315/ZN      -       A1->ZN F     NAND2_X1       6  9.7    30    34     653    (-,-) 
  g87886/ZN            -       A->ZN  R     INV_X1         2  3.7    15    27     680    (-,-) 
  g87826__1666/ZN      -       A1->ZN F     NAND2_X1       1  1.8     9    15     695    (-,-) 
  g87756__2346/ZN      -       A->ZN  R     OAI221_X1      1  2.0    37    22     717    (-,-) 
  g87706__3680/ZN      -       A1->ZN F     NOR2_X1        1  2.4    11    13     730    (-,-) 
  g87614__7482/ZN      -       A->ZN  R     XNOR2_X1       1  3.5    28    37     767    (-,-) 
  g87527__6260/S       -       A->S   R     HA_X1          2  4.4    34    65     832    (-,-) 
  g87522/ZN            -       A->ZN  F     INV_X1         1  1.7     9    10     842    (-,-) 
  g87514__2883/ZN      -       A1->ZN R     NOR2_X1        1  2.0    17    25     867    (-,-) 
  g87510__4733/ZN      -       A1->ZN F     NOR2_X1        1  3.9     8    14     881    (-,-) 
  g87410__8428/S       -       A->S   R     FA_X1          1  1.4    10   110     991    (-,-) 
  st1_sum_vec_reg[2]/D -       -      R     DFFR_X1        1    -     -     0     991    (-,-) 
#----------------------------------------------------------------------------------------------

Capture clock path:
#----------------------------------------------------------------------------------------------
#     Timing Point      Flags   Arc   Edge   Cell     Fanout Load Trans Delay Arrival Instance 
#                                                            (fF)  (ps)  (ps)   (ps)  Location 
#----------------------------------------------------------------------------------------------
  clk                   (i)     -     R     (arrival)    136  0.0     0     0    1031    (-,-) 
  st1_sum_vec_reg[2]/CK <<<     -     R     DFFR_X1      136    -     1     0    1031    (-,-) 
#----------------------------------------------------------------------------------------------



Path 21: MET (7 ps) Setup Check with Pin st1_sum_vec_reg[18]/CK->D
           View: view_1p2_25
          Group: clock1
     Startpoint: (F) add_c[26]
          Clock: (R) clock1
       Endpoint: (R) st1_sum_vec_reg[18]/D
          Clock: (R) clock1

                     Capture       Launch     
        Clock Edge:+    1031            0     
        Drv Adjust:+       0            0     
       Src Latency:+       0            0     
       Net Latency:+       0 (I)        0 (I) 
           Arrival:=    1031            0     
                                              
             Setup:-      33                  
       Uncertainty:-       0                  
     Required Time:=     998                  
      Launch Clock:-       0                  
       Input Delay:-       1                  
         Data Path:-     990                  
             Slack:=       7                  

Exceptions/Constraints:
  input_delay              1              sysarr_4_input_fp_ad_line_21_70_1   

#-----------------------------------------------------------------------------------------------
#     Timing Point      Flags    Arc   Edge   Cell     Fanout Load Trans Delay Arrival Instance 
#                                                             (fF)  (ps)  (ps)   (ps)  Location 
#-----------------------------------------------------------------------------------------------
  add_c[26]             -       -      F     (arrival)      6 10.2     0     0       1    (-,-) 
  g89493/ZN             -       A->ZN  R     INV_X1         6 11.1    28    31      32    (-,-) 
  g89415/ZN             -       A1->ZN F     NAND2_X1       1  5.9    17    28      60    (-,-) 
  g89131/ZN             -       A->ZN  R     OAI21_X4       1  6.3    18    24      84    (-,-) 
  g89120/ZN             -       A1->ZN F     NAND2_X4       2  9.0     9    17     101    (-,-) 
  g89095/ZN             -       B1->ZN R     OAI21_X4       1  6.7    18    27     128    (-,-) 
  g89068/ZN             -       B1->ZN F     AOI21_X4       1  5.9    15    16     144    (-,-) 
  g89056/ZN             -       B1->ZN R     OAI21_X4       1  6.7    18    29     173    (-,-) 
  g88907/ZN             -       B1->ZN F     AOI21_X4       6 12.8    11    21     194    (-,-) 
  g88893/ZN             -       A->ZN  R     INV_X1         3  8.8    22    31     225    (-,-) 
  g88892/ZN             -       A->ZN  F     INV_X2         8 16.7    12    22     247    (-,-) 
  g88890/ZN             -       A->ZN  R     INV_X4        17 31.3    20    30     276    (-,-) 
  g88770/Z              -       S->Z   F     MUX2_X1        3  7.8    16    74     350    (-,-) 
  g88562__6131/ZN       -       A->ZN  R     XNOR2_X2      17 39.5   102   122     472    (-,-) 
  g88536/ZN             -       A->ZN  F     INV_X2        13 31.1    37    49     522    (-,-) 
  g88387__9315/Z        -       A->Z   R     XOR2_X2       11 29.5    83   105     627    (-,-) 
  g167/ZN               -       A->ZN  F     INV_X2         6 13.9    24    27     653    (-,-) 
  g88261__8428/Z        -       A->Z   F     XOR2_X1        1  2.7    12    59     712    (-,-) 
  g87774__7098/Z        -       B->Z   F     XOR2_X1        2  4.7    14    62     774    (-,-) 
  g87636__1617/ZN       -       A->ZN  F     XNOR2_X1       2  2.9    15    43     817    (-,-) 
  g87562__3680/Z        -       A->Z   F     MUX2_X1        1  3.0    12    64     881    (-,-) 
  g87497__1617/S        -       CI->S  R     FA_X1          1  1.4    10   110     990    (-,-) 
  st1_sum_vec_reg[18]/D -       -      R     DFFR_X1        1    -     -     0     990    (-,-) 
#-----------------------------------------------------------------------------------------------

Capture clock path:
#-----------------------------------------------------------------------------------------------
#     Timing Point       Flags   Arc   Edge   Cell     Fanout Load Trans Delay Arrival Instance 
#                                                             (fF)  (ps)  (ps)   (ps)  Location 
#-----------------------------------------------------------------------------------------------
  clk                    (i)     -     R     (arrival)    136  0.0     0     0    1031    (-,-) 
  st1_sum_vec_reg[18]/CK <<<     -     R     DFFR_X1      136    -     1     0    1031    (-,-) 
#-----------------------------------------------------------------------------------------------



Path 22: MET (8 ps) Setup Check with Pin st1_sum_vec_reg[14]/CK->D
           View: view_1p2_25
          Group: clock1
     Startpoint: (R) add_c[23]
          Clock: (R) clock1
       Endpoint: (F) st1_sum_vec_reg[14]/D
          Clock: (R) clock1

                     Capture       Launch     
        Clock Edge:+    1031            0     
        Drv Adjust:+       0            0     
       Src Latency:+       0            0     
       Net Latency:+       0 (I)        0 (I) 
           Arrival:=    1031            0     
                                              
             Setup:-      40                  
       Uncertainty:-       0                  
     Required Time:=     991                  
      Launch Clock:-       0                  
       Input Delay:-       1                  
         Data Path:-     982                  
             Slack:=       8                  

Exceptions/Constraints:
  input_delay              1              sysarr_4_input_fp_ad_line_21_73_1   

#-----------------------------------------------------------------------------------------------
#     Timing Point      Flags    Arc   Edge   Cell     Fanout Load Trans Delay Arrival Instance 
#                                                             (fF)  (ps)  (ps)   (ps)  Location 
#-----------------------------------------------------------------------------------------------
  add_c[23]             -       -      R     (arrival)      5 21.4     0     0       1    (-,-) 
  g89466/ZN             -       A->ZN  F     INV_X8         5 13.9     3     6       7    (-,-) 
  g89428/ZN             -       A1->ZN R     NAND2_X4       2  5.3     8    11      17    (-,-) 
  g89182/ZN             -       A1->ZN F     NAND2_X2       1  5.9     9    15      32    (-,-) 
  g89149/ZN             -       B1->ZN R     AOI21_X4       1  6.7    22    26      59    (-,-) 
  g89131/ZN             -       B1->ZN F     OAI21_X4       1  6.0    11    17      75    (-,-) 
  g89120/ZN             -       A1->ZN R     NAND2_X4       2 10.0    12    18      93    (-,-) 
  g89108/ZN             -       A1->ZN F     NAND2_X2       1  5.9     9    16     109    (-,-) 
  g89068/ZN             -       B2->ZN R     AOI21_X4       1  6.7    22    31     140    (-,-) 
  g89056/ZN             -       B1->ZN F     OAI21_X4       1  5.9    15    17     157    (-,-) 
  g88907/ZN             -       B1->ZN R     AOI21_X4       6 14.2    30    38     196    (-,-) 
  g88844/ZN             -       A1->ZN F     NAND2_X1       1  1.8    11    17     213    (-,-) 
  g88769/ZN             -       A->ZN  R     OAI21_X1       2  3.8    28    26     239    (-,-) 
  g88733/ZN             -       A->ZN  F     INV_X1         2  4.7    11    16     256    (-,-) 
  g88648__2398/ZN       -       A1->ZN R     NAND2_X1       1  3.4    14    20     275    (-,-) 
  g88600__5122/ZN       -       A1->ZN F     NAND2_X2      12 20.7    22    33     308    (-,-) 
  g88512__1666/ZN       -       A1->ZN F     AND2_X2        2  7.1     8    37     345    (-,-) 
  g88283__1666/ZN       -       A1->ZN R     AOI22_X2       2  6.9    33    40     385    (-,-) 
  g88245__6161/ZN       -       A1->ZN F     NOR2_X2        2  4.9    14    13     398    (-,-) 
  g88142__9945/ZN       -       A->ZN  R     AOI21_X1       2  4.3    34    55     453    (-,-) 
  g88035__5115/ZN       -       B1->ZN F     AOI21_X1       2  3.5    15    25     477    (-,-) 
  g88034/ZN             -       A->ZN  R     INV_X1         1  2.5    10    18     495    (-,-) 
  g88020__6783/ZN       -       A->ZN  R     XNOR2_X1       3  7.3    45    51     546    (-,-) 
  g87966__9945/ZN       -       A2->ZN F     NAND3_X1       8 14.2    43    69     615    (-,-) 
  g87948/ZN             -       A->ZN  R     INV_X2         9 16.7    26    46     662    (-,-) 
  g87835__5526/ZN       -       B1->ZN F     AOI22_X1       1  2.4    16    26     688    (-,-) 
  g87692__9945/ZN       -       A->ZN  F     XNOR2_X1       2  2.8    25    43     732    (-,-) 
  g87645__7098/ZN       -       A1->ZN F     OR2_X1         2  2.9    11    55     786    (-,-) 
  g87589__7410/ZN       -       A1->ZN F     AND2_X1        1  3.4     8    33     819    (-,-) 
  g87536__5122/CO       -       A->CO  F     HA_X1          2  3.4     8    31     850    (-,-) 
  g87508__5115/ZN       -       B1->ZN R     OAI21_X1       1  2.0    20    28     877    (-,-) 
  g87505/ZN             -       A->ZN  F     INV_X1         2  3.5     8    13     890    (-,-) 
  g87488__5526/ZN       -       A1->ZN R     NOR2_X1        1  3.5    24    32     923    (-,-) 
  g87452__8246/S        -       A->S   R     HA_X1          1  2.0    23    52     975    (-,-) 
  g87446/ZN             -       A->ZN  F     INV_X1         1  1.4     7     8     983    (-,-) 
  st1_sum_vec_reg[14]/D -       -      F     DFFR_X1        1    -     -     0     983    (-,-) 
#-----------------------------------------------------------------------------------------------

Capture clock path:
#-----------------------------------------------------------------------------------------------
#     Timing Point       Flags   Arc   Edge   Cell     Fanout Load Trans Delay Arrival Instance 
#                                                             (fF)  (ps)  (ps)   (ps)  Location 
#-----------------------------------------------------------------------------------------------
  clk                    (i)     -     R     (arrival)    136  0.0     0     0    1031    (-,-) 
  st1_sum_vec_reg[14]/CK <<<     -     R     DFFR_X1      136    -     1     0    1031    (-,-) 
#-----------------------------------------------------------------------------------------------



Path 23: MET (8 ps) Setup Check with Pin st1_sum_vec_reg[13]/CK->D
           View: view_1p2_25
          Group: clock1
     Startpoint: (R) add_c[23]
          Clock: (R) clock1
       Endpoint: (F) st1_sum_vec_reg[13]/D
          Clock: (R) clock1

                     Capture       Launch     
        Clock Edge:+    1031            0     
        Drv Adjust:+       0            0     
       Src Latency:+       0            0     
       Net Latency:+       0 (I)        0 (I) 
           Arrival:=    1031            0     
                                              
             Setup:-      42                  
       Uncertainty:-       0                  
     Required Time:=     989                  
      Launch Clock:-       0                  
       Input Delay:-       1                  
         Data Path:-     980                  
             Slack:=       8                  

Exceptions/Constraints:
  input_delay              1              sysarr_4_input_fp_ad_line_21_73_1   

#-----------------------------------------------------------------------------------------------
#     Timing Point      Flags    Arc   Edge   Cell     Fanout Load Trans Delay Arrival Instance 
#                                                             (fF)  (ps)  (ps)   (ps)  Location 
#-----------------------------------------------------------------------------------------------
  add_c[23]             -       -      R     (arrival)      5 21.4     0     0       1    (-,-) 
  g89466/ZN             -       A->ZN  F     INV_X8         5 13.9     3     6       7    (-,-) 
  g89428/ZN             -       A1->ZN R     NAND2_X4       2  5.3     8    11      17    (-,-) 
  g89182/ZN             -       A1->ZN F     NAND2_X2       1  5.9     9    15      32    (-,-) 
  g89149/ZN             -       B1->ZN R     AOI21_X4       1  6.7    22    26      59    (-,-) 
  g89131/ZN             -       B1->ZN F     OAI21_X4       1  6.0    11    17      75    (-,-) 
  g89120/ZN             -       A1->ZN R     NAND2_X4       2 10.0    12    18      93    (-,-) 
  g89108/ZN             -       A1->ZN F     NAND2_X2       1  5.9     9    16     109    (-,-) 
  g89068/ZN             -       B2->ZN R     AOI21_X4       1  6.7    22    31     140    (-,-) 
  g89056/ZN             -       B1->ZN F     OAI21_X4       1  5.9    15    17     157    (-,-) 
  g88907/ZN             -       B1->ZN R     AOI21_X4       6 14.2    30    38     196    (-,-) 
  g88844/ZN             -       A1->ZN F     NAND2_X1       1  1.8    11    17     213    (-,-) 
  g88769/ZN             -       A->ZN  R     OAI21_X1       2  3.8    28    26     239    (-,-) 
  g88733/ZN             -       A->ZN  F     INV_X1         2  4.7    11    16     256    (-,-) 
  g88648__2398/ZN       -       A1->ZN R     NAND2_X1       1  3.4    14    20     275    (-,-) 
  g88600__5122/ZN       -       A1->ZN F     NAND2_X2      12 20.7    22    33     308    (-,-) 
  g88512__1666/ZN       -       A1->ZN F     AND2_X2        2  7.1     8    37     345    (-,-) 
  g88283__1666/ZN       -       A1->ZN R     AOI22_X2       2  6.9    33    40     385    (-,-) 
  g88245__6161/ZN       -       A1->ZN F     NOR2_X2        2  4.9    14    13     398    (-,-) 
  g88142__9945/ZN       -       A->ZN  R     AOI21_X1       2  4.3    34    55     453    (-,-) 
  g88035__5115/ZN       -       B1->ZN F     AOI21_X1       2  3.5    15    25     477    (-,-) 
  g88034/ZN             -       A->ZN  R     INV_X1         1  2.5    10    18     495    (-,-) 
  g88020__6783/ZN       -       A->ZN  R     XNOR2_X1       3  7.3    45    51     546    (-,-) 
  g87966__9945/ZN       -       A2->ZN F     NAND3_X1       8 14.2    43    69     615    (-,-) 
  g87948/ZN             -       A->ZN  R     INV_X2         9 16.7    26    46     662    (-,-) 
  g87835__5526/ZN       -       B1->ZN F     AOI22_X1       1  2.4    16    26     688    (-,-) 
  g87692__9945/ZN       -       A->ZN  F     XNOR2_X1       2  2.8    25    43     732    (-,-) 
  g87645__7098/ZN       -       A1->ZN F     OR2_X1         2  2.9    11    55     786    (-,-) 
  g87589__7410/ZN       -       A1->ZN F     AND2_X1        1  3.4     8    33     819    (-,-) 
  g87536__5122/S        -       A->S   F     HA_X1          1  3.4    14    53     872    (-,-) 
  g87472__7410/S        -       A->S   F     HA_X1          2  4.2    15    57     929    (-,-) 
  g89500/Z              -       A->Z   F     XOR2_X1        1  1.4    12    52     981    (-,-) 
  st1_sum_vec_reg[13]/D -       -      F     DFFR_X1        1    -     -     0     981    (-,-) 
#-----------------------------------------------------------------------------------------------

Capture clock path:
#-----------------------------------------------------------------------------------------------
#     Timing Point       Flags   Arc   Edge   Cell     Fanout Load Trans Delay Arrival Instance 
#                                                             (fF)  (ps)  (ps)   (ps)  Location 
#-----------------------------------------------------------------------------------------------
  clk                    (i)     -     R     (arrival)    136  0.0     0     0    1031    (-,-) 
  st1_sum_vec_reg[13]/CK <<<     -     R     DFFR_X1      136    -     1     0    1031    (-,-) 
#-----------------------------------------------------------------------------------------------



Path 24: MET (9 ps) Setup Check with Pin st1_sum_vec_reg[10]/CK->D
           View: view_1p2_25
          Group: clock1
     Startpoint: (F) add_c[26]
          Clock: (R) clock1
       Endpoint: (R) st1_sum_vec_reg[10]/D
          Clock: (R) clock1

                     Capture       Launch     
        Clock Edge:+    1031            0     
        Drv Adjust:+       0            0     
       Src Latency:+       0            0     
       Net Latency:+       0 (I)        0 (I) 
           Arrival:=    1031            0     
                                              
             Setup:-      33                  
       Uncertainty:-       0                  
     Required Time:=     998                  
      Launch Clock:-       0                  
       Input Delay:-       1                  
         Data Path:-     987                  
             Slack:=       9                  

Exceptions/Constraints:
  input_delay              1              sysarr_4_input_fp_ad_line_21_70_1   

#-----------------------------------------------------------------------------------------------
#     Timing Point      Flags    Arc   Edge   Cell     Fanout Load Trans Delay Arrival Instance 
#                                                             (fF)  (ps)  (ps)   (ps)  Location 
#-----------------------------------------------------------------------------------------------
  add_c[26]             -       -      F     (arrival)      6 10.2     0     0       1    (-,-) 
  g89493/ZN             -       A->ZN  R     INV_X1         6 11.1    28    31      32    (-,-) 
  g89415/ZN             -       A1->ZN F     NAND2_X1       1  5.9    17    28      60    (-,-) 
  g89131/ZN             -       A->ZN  R     OAI21_X4       1  6.3    18    24      84    (-,-) 
  g89120/ZN             -       A1->ZN F     NAND2_X4       2  9.0     9    17     101    (-,-) 
  g89095/ZN             -       B1->ZN R     OAI21_X4       1  6.7    18    27     128    (-,-) 
  g89068/ZN             -       B1->ZN F     AOI21_X4       1  5.9    15    16     144    (-,-) 
  g89056/ZN             -       B1->ZN R     OAI21_X4       1  6.7    18    29     173    (-,-) 
  g88907/ZN             -       B1->ZN F     AOI21_X4       6 12.8    11    21     194    (-,-) 
  g88893/ZN             -       A->ZN  R     INV_X1         3  8.8    22    31     225    (-,-) 
  g88892/ZN             -       A->ZN  F     INV_X2         8 16.7    12    22     247    (-,-) 
  g88890/ZN             -       A->ZN  R     INV_X4        17 31.3    20    30     276    (-,-) 
  g88770/Z              -       S->Z   F     MUX2_X1        3  7.8    16    74     350    (-,-) 
  g88562__6131/ZN       -       A->ZN  R     XNOR2_X2      17 39.5   102   122     472    (-,-) 
  g88536/ZN             -       A->ZN  F     INV_X2        13 31.1    37    49     522    (-,-) 
  g88387__9315/Z        -       A->Z   R     XOR2_X2       11 29.5    83   105     627    (-,-) 
  g88263__6783/Z        -       A->Z   R     XOR2_X1        1  2.7    26    60     687    (-,-) 
  g89505/Z              -       B->Z   R     XOR2_X1        2  4.9    37    66     753    (-,-) 
  g87593__5107/ZN       -       A->ZN  R     XNOR2_X1       2  5.9    38    56     809    (-,-) 
  g87575/ZN             -       A->ZN  F     INV_X1         1  1.2     9     8     817    (-,-) 
  g87547__9945/Z        -       B->Z   F     MUX2_X1        1  3.0    12    62     878    (-,-) 
  g87482__2398/S        -       CI->S  R     FA_X1          1  1.4    10   110     988    (-,-) 
  st1_sum_vec_reg[10]/D -       -      R     DFFR_X1        1    -     -     0     988    (-,-) 
#-----------------------------------------------------------------------------------------------

Capture clock path:
#-----------------------------------------------------------------------------------------------
#     Timing Point       Flags   Arc   Edge   Cell     Fanout Load Trans Delay Arrival Instance 
#                                                             (fF)  (ps)  (ps)   (ps)  Location 
#-----------------------------------------------------------------------------------------------
  clk                    (i)     -     R     (arrival)    136  0.0     0     0    1031    (-,-) 
  st1_sum_vec_reg[10]/CK <<<     -     R     DFFR_X1      136    -     1     0    1031    (-,-) 
#-----------------------------------------------------------------------------------------------



Path 25: MET (10 ps) Setup Check with Pin st1_sum_vec_reg[6]/CK->D
           View: view_1p2_25
          Group: clock1
     Startpoint: (R) add_c[23]
          Clock: (R) clock1
       Endpoint: (F) st1_sum_vec_reg[6]/D
          Clock: (R) clock1

                     Capture       Launch     
        Clock Edge:+    1031            0     
        Drv Adjust:+       0            0     
       Src Latency:+       0            0     
       Net Latency:+       0 (I)        0 (I) 
           Arrival:=    1031            0     
                                              
             Setup:-      41                  
       Uncertainty:-       0                  
     Required Time:=     990                  
      Launch Clock:-       0                  
       Input Delay:-       1                  
         Data Path:-     978                  
             Slack:=      10                  

Exceptions/Constraints:
  input_delay              1              sysarr_4_input_fp_ad_line_21_73_1   

#----------------------------------------------------------------------------------------------
#    Timing Point      Flags    Arc   Edge   Cell     Fanout Load Trans Delay Arrival Instance 
#                                                            (fF)  (ps)  (ps)   (ps)  Location 
#----------------------------------------------------------------------------------------------
  add_c[23]            -       -      R     (arrival)      5 21.4     0     0       1    (-,-) 
  g89466/ZN            -       A->ZN  F     INV_X8         5 13.9     3     6       7    (-,-) 
  g89428/ZN            -       A1->ZN R     NAND2_X4       2  5.3     8    11      17    (-,-) 
  g89182/ZN            -       A1->ZN F     NAND2_X2       1  5.9     9    15      32    (-,-) 
  g89149/ZN            -       B1->ZN R     AOI21_X4       1  6.7    22    26      59    (-,-) 
  g89131/ZN            -       B1->ZN F     OAI21_X4       1  6.0    11    17      75    (-,-) 
  g89120/ZN            -       A1->ZN R     NAND2_X4       2 10.0    12    18      93    (-,-) 
  g89108/ZN            -       A1->ZN F     NAND2_X2       1  5.9     9    16     109    (-,-) 
  g89068/ZN            -       B2->ZN R     AOI21_X4       1  6.7    22    31     140    (-,-) 
  g89056/ZN            -       B1->ZN F     OAI21_X4       1  5.9    15    17     157    (-,-) 
  g88907/ZN            -       B1->ZN R     AOI21_X4       6 14.2    30    38     196    (-,-) 
  g88844/ZN            -       A1->ZN F     NAND2_X1       1  1.8    11    17     213    (-,-) 
  g88769/ZN            -       A->ZN  R     OAI21_X1       2  3.8    28    26     239    (-,-) 
  g88733/ZN            -       A->ZN  F     INV_X1         2  4.7    11    16     256    (-,-) 
  g88648__2398/ZN      -       A1->ZN R     NAND2_X1       1  3.4    14    20     275    (-,-) 
  g88600__5122/ZN      -       A1->ZN F     NAND2_X2      12 20.7    22    33     308    (-,-) 
  g88512__1666/ZN      -       A1->ZN F     AND2_X2        2  7.1     8    37     345    (-,-) 
  g88283__1666/ZN      -       A1->ZN R     AOI22_X2       2  6.9    33    40     385    (-,-) 
  g88245__6161/ZN      -       A1->ZN F     NOR2_X2        2  4.9    14    13     398    (-,-) 
  g88142__9945/ZN      -       A->ZN  R     AOI21_X1       2  4.3    34    55     453    (-,-) 
  g88035__5115/ZN      -       B1->ZN F     AOI21_X1       2  3.5    15    25     477    (-,-) 
  g88034/ZN            -       A->ZN  R     INV_X1         1  2.5    10    18     495    (-,-) 
  g88020__6783/ZN      -       A->ZN  R     XNOR2_X1       3  7.3    45    51     546    (-,-) 
  g87967__2883/ZN      -       A2->ZN R     AND3_X2       11 19.3    27    74     620    (-,-) 
  g87920__2346/ZN      -       A1->ZN F     NAND2_X1       7 11.2    29    40     660    (-,-) 
  g87697__6417/ZN      -       B1->ZN R     OAI221_X1      1  2.5    39    58     718    (-,-) 
  g87606__2802/ZN      -       A->ZN  R     XNOR2_X1       1  3.5    28    51     769    (-,-) 
  g87531__6783/S       -       A->S   R     HA_X1          2  4.4    35    65     834    (-,-) 
  g87526/ZN            -       A->ZN  F     INV_X1         1  1.7     9    10     844    (-,-) 
  g87513__9945/ZN      -       A1->ZN R     NOR2_X1        1  2.0    17    25     868    (-,-) 
  g87509__7482/ZN      -       A1->ZN F     NOR2_X1        2  4.1     8    15     883    (-,-) 
  g87470__1666/ZN      -       A->ZN  F     XNOR2_X1       2  4.3    18    43     926    (-,-) 
  g2/Z                 -       A->Z   F     XOR2_X1        1  1.4    11    53     979    (-,-) 
  st1_sum_vec_reg[6]/D -       -      F     DFFR_X1        1    -     -     0     979    (-,-) 
#----------------------------------------------------------------------------------------------

Capture clock path:
#----------------------------------------------------------------------------------------------
#     Timing Point      Flags   Arc   Edge   Cell     Fanout Load Trans Delay Arrival Instance 
#                                                            (fF)  (ps)  (ps)   (ps)  Location 
#----------------------------------------------------------------------------------------------
  clk                   (i)     -     R     (arrival)    136  0.0     0     0    1031    (-,-) 
  st1_sum_vec_reg[6]/CK <<<     -     R     DFFR_X1      136    -     1     0    1031    (-,-) 
#----------------------------------------------------------------------------------------------



Path 26: MET (15 ps) Setup Check with Pin st1_sum_vec_reg[21]/CK->D
           View: view_1p2_25
          Group: clock1
     Startpoint: (F) add_c[26]
          Clock: (R) clock1
       Endpoint: (F) st1_sum_vec_reg[21]/D
          Clock: (R) clock1

                     Capture       Launch     
        Clock Edge:+    1031            0     
        Drv Adjust:+       0            0     
       Src Latency:+       0            0     
       Net Latency:+       0 (I)        0 (I) 
           Arrival:=    1031            0     
                                              
             Setup:-      39                  
       Uncertainty:-       0                  
     Required Time:=     992                  
      Launch Clock:-       0                  
       Input Delay:-       1                  
         Data Path:-     976                  
             Slack:=      15                  

Exceptions/Constraints:
  input_delay              1              sysarr_4_input_fp_ad_line_21_70_1   

#-----------------------------------------------------------------------------------------------
#     Timing Point      Flags    Arc   Edge   Cell     Fanout Load Trans Delay Arrival Instance 
#                                                             (fF)  (ps)  (ps)   (ps)  Location 
#-----------------------------------------------------------------------------------------------
  add_c[26]             -       -      F     (arrival)      6 10.2     0     0       1    (-,-) 
  g89493/ZN             -       A->ZN  R     INV_X1         6 11.1    28    31      32    (-,-) 
  g89415/ZN             -       A1->ZN F     NAND2_X1       1  5.9    17    28      60    (-,-) 
  g89131/ZN             -       A->ZN  R     OAI21_X4       1  6.3    18    24      84    (-,-) 
  g89120/ZN             -       A1->ZN F     NAND2_X4       2  9.0     9    17     101    (-,-) 
  g89095/ZN             -       B1->ZN R     OAI21_X4       1  6.7    18    27     128    (-,-) 
  g89068/ZN             -       B1->ZN F     AOI21_X4       1  5.9    15    16     144    (-,-) 
  g89056/ZN             -       B1->ZN R     OAI21_X4       1  6.7    18    29     173    (-,-) 
  g88907/ZN             -       B1->ZN F     AOI21_X4       6 12.8    11    21     194    (-,-) 
  g88893/ZN             -       A->ZN  R     INV_X1         3  8.8    22    31     225    (-,-) 
  g88892/ZN             -       A->ZN  F     INV_X2         8 16.7    12    22     247    (-,-) 
  g88890/ZN             -       A->ZN  R     INV_X4        17 31.3    20    30     276    (-,-) 
  g88770/Z              -       S->Z   F     MUX2_X1        3  7.8    16    74     350    (-,-) 
  g88562__6131/ZN       -       A->ZN  R     XNOR2_X2      17 39.5   102   122     472    (-,-) 
  g88536/ZN             -       A->ZN  F     INV_X2        13 31.1    37    49     522    (-,-) 
  g88387__9315/Z        -       A->Z   R     XOR2_X2       11 29.5    83   105     627    (-,-) 
  g167/ZN               -       A->ZN  F     INV_X2         6 13.9    24    27     653    (-,-) 
  g87763__6260/ZN       -       B->ZN  F     XNOR2_X1       1  2.4    12    47     701    (-,-) 
  g87652__9315/ZN       -       A->ZN  F     XNOR2_X1       2  4.7    15    45     746    (-,-) 
  g87563__1617/ZN       -       A->ZN  F     XNOR2_X1       2  5.0    17    47     794    (-,-) 
  g87539__6131/Z        -       A->Z   F     MUX2_X1        1  3.0    12    65     858    (-,-) 
  g87456__5115/S        -       CI->S  R     FA_X1          1  2.0    12   112     970    (-,-) 
  g87449/ZN             -       A->ZN  F     INV_X1         1  1.4     4     7     977    (-,-) 
  st1_sum_vec_reg[21]/D -       -      F     DFFR_X1        1    -     -     0     977    (-,-) 
#-----------------------------------------------------------------------------------------------

Capture clock path:
#-----------------------------------------------------------------------------------------------
#     Timing Point       Flags   Arc   Edge   Cell     Fanout Load Trans Delay Arrival Instance 
#                                                             (fF)  (ps)  (ps)   (ps)  Location 
#-----------------------------------------------------------------------------------------------
  clk                    (i)     -     R     (arrival)    136  0.0     0     0    1031    (-,-) 
  st1_sum_vec_reg[21]/CK <<<     -     R     DFFR_X1      136    -     1     0    1031    (-,-) 
#-----------------------------------------------------------------------------------------------



Path 27: MET (16 ps) Setup Check with Pin st1_sum_vec_reg[9]/CK->D
           View: view_1p2_25
          Group: clock1
     Startpoint: (F) add_a[24]
          Clock: (R) clock1
       Endpoint: (R) st1_sum_vec_reg[9]/D
          Clock: (R) clock1

                     Capture       Launch     
        Clock Edge:+    1031            0     
        Drv Adjust:+       0            0     
       Src Latency:+       0            0     
       Net Latency:+       0 (I)        0 (I) 
           Arrival:=    1031            0     
                                              
             Setup:-      33                  
       Uncertainty:-       0                  
     Required Time:=     998                  
      Launch Clock:-       0                  
       Input Delay:-       1                  
         Data Path:-     981                  
             Slack:=      16                  

Exceptions/Constraints:
  input_delay              1              sysarr_4_input_fp_ad_line_21_8_1   

#----------------------------------------------------------------------------------------------
#    Timing Point      Flags    Arc   Edge   Cell     Fanout Load Trans Delay Arrival Instance 
#                                                            (fF)  (ps)  (ps)   (ps)  Location 
#----------------------------------------------------------------------------------------------
  add_a[24]            -       -      F     (arrival)      7 17.9     0     0       1    (-,-) 
  g89471/ZN            -       A->ZN  R     INV_X4         4 11.7     9    12      13    (-,-) 
  g89448/ZN            -       A1->ZN F     NAND2_X2       1  3.3     7    12      26    (-,-) 
  g89162/ZN            -       A2->ZN R     AOI22_X2       1  1.9    21    31      57    (-,-) 
  g89128/ZN            -       C1->ZN F     OAI211_X1      1  3.0    17    26      83    (-,-) 
  g89107/ZN            -       B1->ZN R     AOI21_X2       1  3.4    21    30     113    (-,-) 
  g89086/ZN            -       B1->ZN F     OAI21_X2       1  5.9    13    20     133    (-,-) 
  g89062/ZN            -       B1->ZN R     AOI21_X4       1  6.7    22    28     161    (-,-) 
  g89048/ZN            -       B1->ZN F     OAI21_X4       6 19.4    20    25     186    (-,-) 
  g88923/ZN            -       A->ZN  R     INV_X8         9 21.2    11    21     207    (-,-) 
  g88921/ZN            -       A->ZN  F     INV_X4        14 23.9     8    15     222    (-,-) 
  g88845/ZN            -       B1->ZN R     AOI21_X1       2  6.7    45    52     274    (-,-) 
  g88589__2398/ZN      -       B1->ZN F     OAI21_X2       3  7.5    18    28     301    (-,-) 
  g88412__4319/ZN      -       A->ZN  R     XNOR2_X2       6 15.2    46    61     362    (-,-) 
  g88210__2883/ZN      -       B1->ZN F     AOI21_X1       2  4.1    19    29     390    (-,-) 
  g88147__6417/ZN      -       A->ZN  R     XNOR2_X1      10 18.8    98   118     508    (-,-) 
  g88083/ZN            -       A->ZN  F     INV_X1        13 22.5    42    62     570    (-,-) 
  g88050__2398/ZN      -       A2->ZN R     AOI22_X1       3  4.8    39    67     637    (-,-) 
  g87844__6131/ZN      -       B2->ZN F     OAI22_X1       1  2.4    14    31     668    (-,-) 
  g87668__6783/ZN      -       A->ZN  F     XNOR2_X1       2  2.8    25    42     710    (-,-) 
  g87647__1881/ZN      -       A1->ZN F     OR2_X1         2  3.0    11    55     765    (-,-) 
  g87588__1666/ZN      -       A2->ZN F     AND2_X1        1  3.4     8    35     800    (-,-) 
  g87532__3680/CO      -       A->CO  F     HA_X1          1  1.1     6    26     826    (-,-) 
  g87519__5477/ZN      -       A1->ZN F     OR2_X1         1  3.0    11    46     873    (-,-) 
  g87426__3680/S       -       CI->S  R     FA_X1          1  1.4    10   109     982    (-,-) 
  st1_sum_vec_reg[9]/D -       -      R     DFFR_X1        1    -     -     0     982    (-,-) 
#----------------------------------------------------------------------------------------------

Capture clock path:
#----------------------------------------------------------------------------------------------
#     Timing Point      Flags   Arc   Edge   Cell     Fanout Load Trans Delay Arrival Instance 
#                                                            (fF)  (ps)  (ps)   (ps)  Location 
#----------------------------------------------------------------------------------------------
  clk                   (i)     -     R     (arrival)    136  0.0     0     0    1031    (-,-) 
  st1_sum_vec_reg[9]/CK <<<     -     R     DFFR_X1      136    -     1     0    1031    (-,-) 
#----------------------------------------------------------------------------------------------



Path 28: MET (17 ps) Setup Check with Pin st1_sum_vec_reg[16]/CK->D
           View: view_1p2_25
          Group: clock1
     Startpoint: (F) add_b[25]
          Clock: (R) clock1
       Endpoint: (R) st1_sum_vec_reg[16]/D
          Clock: (R) clock1

                     Capture       Launch     
        Clock Edge:+    1031            0     
        Drv Adjust:+       0            0     
       Src Latency:+       0            0     
       Net Latency:+       0 (I)        0 (I) 
           Arrival:=    1031            0     
                                              
             Setup:-      33                  
       Uncertainty:-       0                  
     Required Time:=     998                  
      Launch Clock:-       0                  
       Input Delay:-       1                  
         Data Path:-     980                  
             Slack:=      17                  

Exceptions/Constraints:
  input_delay              1              sysarr_4_input_fp_ad_line_21_39_1   

#-----------------------------------------------------------------------------------------------
#     Timing Point      Flags    Arc   Edge   Cell     Fanout Load Trans Delay Arrival Instance 
#                                                             (fF)  (ps)  (ps)   (ps)  Location 
#-----------------------------------------------------------------------------------------------
  add_b[25]             -       -      F     (arrival)      5  9.9     0     0       1    (-,-) 
  g89490/ZN             -       A->ZN  R     INV_X2         6 12.6    17    20      21    (-,-) 
  g89446/ZN             -       A1->ZN F     NOR2_X1        1  1.9     6    11      32    (-,-) 
  g89128/ZN             -       C2->ZN R     OAI211_X1      1  3.4    28    42      73    (-,-) 
  g89107/ZN             -       B1->ZN F     AOI21_X2       1  3.0    11    18      91    (-,-) 
  g89086/ZN             -       B1->ZN R     OAI21_X2       1  6.7    26    36     127    (-,-) 
  g89062/ZN             -       B1->ZN F     AOI21_X4       1  5.9    14    17     144    (-,-) 
  g89048/ZN             -       B1->ZN R     OAI21_X4       6 21.3    35    47     192    (-,-) 
  g88923/ZN             -       A->ZN  F     INV_X8         9 18.9    10    13     205    (-,-) 
  g88921/ZN             -       A->ZN  R     INV_X4        14 26.2    18    26     230    (-,-) 
  g88905/ZN             -       A1->ZN R     AND2_X1       22 39.0    92   125     355    (-,-) 
  g88721/ZN             -       B1->ZN F     AOI22_X1       2  3.3    32    41     396    (-,-) 
  g88615__2346/ZN       -       A1->ZN R     NOR2_X1        1  2.0    20    35     431    (-,-) 
  g88456__1881/ZN       -       A->ZN  F     AOI221_X1      3  4.6    25    21     452    (-,-) 
  g88176__2883/Z        -       B->Z   F     MUX2_X1        2  2.9    11    68     520    (-,-) 
  g88110__6161/Z        -       B->Z   F     MUX2_X1        2  2.3    11    61     581    (-,-) 
  g88044__2883/Z        -       A->Z   F     MUX2_X1        2  3.7    12    64     644    (-,-) 
  g87843__7098/ZN       -       B2->ZN R     OAI22_X1       1  2.5    34    48     692    (-,-) 
  g87666__8428/ZN       -       A->ZN  R     XNOR2_X1       2  3.8    29    50     743    (-,-) 
  g87649__7482/ZN       -       A1->ZN F     NAND2_X1       2  2.9    13    20     763    (-,-) 
  g87587__2346/ZN       -       A2->ZN F     AND2_X1        1  3.4     8    36     799    (-,-) 
  g87535__1705/CO       -       A->CO  F     HA_X1          1  1.1     6    26     825    (-,-) 
  g87518__6417/ZN       -       A1->ZN F     OR2_X1         1  3.0    11    46     872    (-,-) 
  g87427__1617/S        -       CI->S  R     FA_X1          1  1.4    10   109     981    (-,-) 
  st1_sum_vec_reg[16]/D -       -      R     DFFR_X1        1    -     -     0     981    (-,-) 
#-----------------------------------------------------------------------------------------------

Capture clock path:
#-----------------------------------------------------------------------------------------------
#     Timing Point       Flags   Arc   Edge   Cell     Fanout Load Trans Delay Arrival Instance 
#                                                             (fF)  (ps)  (ps)   (ps)  Location 
#-----------------------------------------------------------------------------------------------
  clk                    (i)     -     R     (arrival)    136  0.0     0     0    1031    (-,-) 
  st1_sum_vec_reg[16]/CK <<<     -     R     DFFR_X1      136    -     1     0    1031    (-,-) 
#-----------------------------------------------------------------------------------------------



Path 29: MET (20 ps) Setup Check with Pin st1_carry_vec_reg[13]/CK->D
           View: view_1p2_25
          Group: clock1
     Startpoint: (R) add_c[23]
          Clock: (R) clock1
       Endpoint: (R) st1_carry_vec_reg[13]/D
          Clock: (R) clock1

                     Capture       Launch     
        Clock Edge:+    1031            0     
        Drv Adjust:+       0            0     
       Src Latency:+       0            0     
       Net Latency:+       0 (I)        0 (I) 
           Arrival:=    1031            0     
                                              
             Setup:-      34                  
       Uncertainty:-       0                  
     Required Time:=     996                  
      Launch Clock:-       0                  
       Input Delay:-       1                  
         Data Path:-     975                  
             Slack:=      20                  

Exceptions/Constraints:
  input_delay              1              sysarr_4_input_fp_ad_line_21_73_1   

#-------------------------------------------------------------------------------------------------
#      Timing Point       Flags    Arc   Edge   Cell     Fanout Load Trans Delay Arrival Instance 
#                                                               (fF)  (ps)  (ps)   (ps)  Location 
#-------------------------------------------------------------------------------------------------
  add_c[23]               -       -      R     (arrival)      5 21.4     0     0       1    (-,-) 
  g89466/ZN               -       A->ZN  F     INV_X8         5 13.9     3     6       7    (-,-) 
  g89428/ZN               -       A1->ZN R     NAND2_X4       2  5.3     8    11      17    (-,-) 
  g89182/ZN               -       A1->ZN F     NAND2_X2       1  5.9     9    15      32    (-,-) 
  g89149/ZN               -       B1->ZN R     AOI21_X4       1  6.7    22    26      59    (-,-) 
  g89131/ZN               -       B1->ZN F     OAI21_X4       1  6.0    11    17      75    (-,-) 
  g89120/ZN               -       A1->ZN R     NAND2_X4       2 10.0    12    18      93    (-,-) 
  g89108/ZN               -       A1->ZN F     NAND2_X2       1  5.9     9    16     109    (-,-) 
  g89068/ZN               -       B2->ZN R     AOI21_X4       1  6.7    22    31     140    (-,-) 
  g89056/ZN               -       B1->ZN F     OAI21_X4       1  5.9    15    17     157    (-,-) 
  g88907/ZN               -       B1->ZN R     AOI21_X4       6 14.2    30    38     196    (-,-) 
  g88844/ZN               -       A1->ZN F     NAND2_X1       1  1.8    11    17     213    (-,-) 
  g88769/ZN               -       A->ZN  R     OAI21_X1       2  3.8    28    26     239    (-,-) 
  g88733/ZN               -       A->ZN  F     INV_X1         2  4.7    11    16     256    (-,-) 
  g88648__2398/ZN         -       A1->ZN R     NAND2_X1       1  3.4    14    20     275    (-,-) 
  g88600__5122/ZN         -       A1->ZN F     NAND2_X2      12 20.7    22    33     308    (-,-) 
  g88512__1666/ZN         -       A1->ZN F     AND2_X2        2  7.1     8    37     345    (-,-) 
  g88283__1666/ZN         -       A1->ZN R     AOI22_X2       2  6.9    33    40     385    (-,-) 
  g88245__6161/ZN         -       A1->ZN F     NOR2_X2        2  4.9    14    13     398    (-,-) 
  g88142__9945/ZN         -       A->ZN  R     AOI21_X1       2  4.3    34    55     453    (-,-) 
  g88035__5115/ZN         -       B1->ZN F     AOI21_X1       2  3.5    15    25     477    (-,-) 
  g88034/ZN               -       A->ZN  R     INV_X1         1  2.5    10    18     495    (-,-) 
  g88020__6783/ZN         -       A->ZN  R     XNOR2_X1       3  7.3    45    51     546    (-,-) 
  g87966__9945/ZN         -       A2->ZN F     NAND3_X1       8 14.2    43    69     615    (-,-) 
  g87948/ZN               -       A->ZN  R     INV_X2         9 16.7    26    46     662    (-,-) 
  g87835__5526/ZN         -       B1->ZN F     AOI22_X1       1  2.4    16    26     688    (-,-) 
  g87692__9945/ZN         -       A->ZN  F     XNOR2_X1       2  2.8    25    43     732    (-,-) 
  g87645__7098/ZN         -       A1->ZN F     OR2_X1         2  2.9    11    55     786    (-,-) 
  g87589__7410/ZN         -       A1->ZN F     AND2_X1        1  3.4     8    33     819    (-,-) 
  g87536__5122/S          -       A->S   F     HA_X1          1  3.4    14    53     872    (-,-) 
  g87472__7410/S          -       A->S   F     HA_X1          2  4.2    15    57     929    (-,-) 
  g87471/ZN               -       A->ZN  R     INV_X1         1  2.0     9    17     946    (-,-) 
  g87467__9945/ZN         -       A1->ZN F     NOR2_X1        1  1.7    11     8     954    (-,-) 
  g87459__4733/ZN         -       A1->ZN R     NOR2_X1        1  1.4    14    22     976    (-,-) 
  st1_carry_vec_reg[13]/D -       -      R     DFFR_X1        1    -     -     0     976    (-,-) 
#-------------------------------------------------------------------------------------------------

Capture clock path:
#-------------------------------------------------------------------------------------------------
#      Timing Point        Flags   Arc   Edge   Cell     Fanout Load Trans Delay Arrival Instance 
#                                                               (fF)  (ps)  (ps)   (ps)  Location 
#-------------------------------------------------------------------------------------------------
  clk                      (i)     -     R     (arrival)    136  0.0     0     0    1031    (-,-) 
  st1_carry_vec_reg[13]/CK <<<     -     R     DFFR_X1      136    -     1     0    1031    (-,-) 
#-------------------------------------------------------------------------------------------------



Path 30: MET (23 ps) Setup Check with Pin st1_sum_vec_reg[12]/CK->D
           View: view_1p2_25
          Group: clock1
     Startpoint: (R) add_a[25]
          Clock: (R) clock1
       Endpoint: (F) st1_sum_vec_reg[12]/D
          Clock: (R) clock1

                     Capture       Launch     
        Clock Edge:+    1031            0     
        Drv Adjust:+       0            0     
       Src Latency:+       0            0     
       Net Latency:+       0 (I)        0 (I) 
           Arrival:=    1031            0     
                                              
             Setup:-      39                  
       Uncertainty:-       0                  
     Required Time:=     992                  
      Launch Clock:-       0                  
       Input Delay:-       1                  
         Data Path:-     968                  
             Slack:=      23                  

Exceptions/Constraints:
  input_delay              1              sysarr_4_input_fp_ad_line_21_7_1   

#-----------------------------------------------------------------------------------------------
#     Timing Point      Flags    Arc   Edge   Cell     Fanout Load Trans Delay Arrival Instance 
#                                                             (fF)  (ps)  (ps)   (ps)  Location 
#-----------------------------------------------------------------------------------------------
  add_a[25]             -       -      R     (arrival)      7 14.6     0     0       1    (-,-) 
  g89480/ZN             -       A->ZN  F     INV_X2         4  8.0     5     8       9    (-,-) 
  g89388/ZN             -       B1->ZN R     AOI22_X2       1  1.9    21    36      44    (-,-) 
  g89187/ZN             -       B1->ZN F     AOI21_X1       1  1.8    10    17      62    (-,-) 
  g89148/ZN             -       B1->ZN R     OAI21_X1       1  1.9    19    28      90    (-,-) 
  g89138/ZN             -       A1->ZN F     NAND2_X1       1  3.0    10    19     108    (-,-) 
  g89119/ZN             -       B1->ZN R     AOI21_X2       2  6.9    30    36     144    (-,-) 
  g89092/ZN             -       B1->ZN F     AOI21_X2       1  5.9    13    22     167    (-,-) 
  g89059/ZN             -       B1->ZN R     OAI21_X4       2 10.2    22    33     200    (-,-) 
  g89049/ZN             -       A2->ZN R     AND2_X4        9 28.8    20    48     248    (-,-) 
  g89001/ZN             -       A->ZN  F     INV_X2         2  9.1     9    15     263    (-,-) 
  g88999/ZN             -       A->ZN  R     INV_X4        33 60.3    37    46     308    (-,-) 
  g88599__1705/Z        -       S->Z   F     MUX2_X1        4  7.9    17    76     384    (-,-) 
  g88403__2398/ZN       -       B->ZN  F     XNOR2_X1       2  4.4    18    48     432    (-,-) 
  g88076__2883/ZN       -       A2->ZN R     NAND2_X1       1  1.9    11    22     454    (-,-) 
  g88053__6260/ZN       -       A1->ZN F     NAND2_X1       2  4.1    11    18     473    (-,-) 
  g88029/ZN             -       A->ZN  R     INV_X1         1  1.9     8    14     487    (-,-) 
  g88026__5122/ZN       -       A1->ZN F     NAND2_X1       1  1.9    10    12     499    (-,-) 
  g88005__9315/ZN       -       A1->ZN R     NAND3_X1       1  1.9    12    17     516    (-,-) 
  g87993__8246/ZN       -       A1->ZN R     AND3_X2        4  9.3    17    49     565    (-,-) 
  g87969__1666/ZN       -       A1->ZN R     AND3_X2        6 12.5    20    54     619    (-,-) 
  g87951/ZN             -       A->ZN  F     INV_X2        14 21.3    14    24     643    (-,-) 
  g87833__4319/ZN       -       B1->ZN R     OAI22_X1       1  2.5    34    44     687    (-,-) 
  g87679__7482/ZN       -       A->ZN  R     XNOR2_X1       2  4.9    34    53     740    (-,-) 
  g87585__2883/ZN       -       A->ZN  R     XNOR2_X1       1  2.2    23    46     786    (-,-) 
  g87545__6161/Z        -       S->Z   F     MUX2_X1        1  3.0    12    64     850    (-,-) 
  g87453__7098/S        -       CI->S  R     FA_X1          1  2.0    12   112     962    (-,-) 
  g87447/ZN             -       A->ZN  F     INV_X1         1  1.4     4     7     969    (-,-) 
  st1_sum_vec_reg[12]/D -       -      F     DFFR_X1        1    -     -     0     969    (-,-) 
#-----------------------------------------------------------------------------------------------

Capture clock path:
#-----------------------------------------------------------------------------------------------
#     Timing Point       Flags   Arc   Edge   Cell     Fanout Load Trans Delay Arrival Instance 
#                                                             (fF)  (ps)  (ps)   (ps)  Location 
#-----------------------------------------------------------------------------------------------
  clk                    (i)     -     R     (arrival)    136  0.0     0     0    1031    (-,-) 
  st1_sum_vec_reg[12]/CK <<<     -     R     DFFR_X1      136    -     1     0    1031    (-,-) 
#-----------------------------------------------------------------------------------------------



Path 31: MET (25 ps) Setup Check with Pin st1_sum_vec_reg[8]/CK->D
           View: view_1p2_25
          Group: clock1
     Startpoint: (F) add_b[25]
          Clock: (R) clock1
       Endpoint: (R) st1_sum_vec_reg[8]/D
          Clock: (R) clock1

                     Capture       Launch     
        Clock Edge:+    1031            0     
        Drv Adjust:+       0            0     
       Src Latency:+       0            0     
       Net Latency:+       0 (I)        0 (I) 
           Arrival:=    1031            0     
                                              
             Setup:-      33                  
       Uncertainty:-       0                  
     Required Time:=     998                  
      Launch Clock:-       0                  
       Input Delay:-       1                  
         Data Path:-     972                  
             Slack:=      25                  

Exceptions/Constraints:
  input_delay              1              sysarr_4_input_fp_ad_line_21_39_1   

#----------------------------------------------------------------------------------------------
#    Timing Point      Flags    Arc   Edge   Cell     Fanout Load Trans Delay Arrival Instance 
#                                                            (fF)  (ps)  (ps)   (ps)  Location 
#----------------------------------------------------------------------------------------------
  add_b[25]            -       -      F     (arrival)      5  9.9     0     0       1    (-,-) 
  g89490/ZN            -       A->ZN  R     INV_X2         6 12.6    17    20      21    (-,-) 
  g89446/ZN            -       A1->ZN F     NOR2_X1        1  1.9     6    11      32    (-,-) 
  g89128/ZN            -       C2->ZN R     OAI211_X1      1  3.4    28    42      73    (-,-) 
  g89107/ZN            -       B1->ZN F     AOI21_X2       1  3.0    11    18      91    (-,-) 
  g89086/ZN            -       B1->ZN R     OAI21_X2       1  6.7    26    36     127    (-,-) 
  g89062/ZN            -       B1->ZN F     AOI21_X4       1  5.9    14    17     144    (-,-) 
  g89048/ZN            -       B1->ZN R     OAI21_X4       6 21.3    35    47     192    (-,-) 
  g88923/ZN            -       A->ZN  F     INV_X8         9 18.9    10    13     205    (-,-) 
  g88921/ZN            -       A->ZN  R     INV_X4        14 26.2    18    26     230    (-,-) 
  g88905/ZN            -       A1->ZN R     AND2_X1       22 39.0    92   125     355    (-,-) 
  g88721/ZN            -       B1->ZN F     AOI22_X1       2  3.3    32    41     396    (-,-) 
  g88615__2346/ZN      -       A1->ZN R     NOR2_X1        1  2.0    20    35     431    (-,-) 
  g88456__1881/ZN      -       A->ZN  F     AOI221_X1      3  4.6    25    21     452    (-,-) 
  g88176__2883/Z       -       B->Z   F     MUX2_X1        2  2.9    11    68     520    (-,-) 
  g88110__6161/Z       -       B->Z   F     MUX2_X1        2  2.3    11    61     581    (-,-) 
  g88044__2883/Z       -       A->Z   F     MUX2_X1        2  3.7    12    64     644    (-,-) 
  g87823__2883/ZN      -       B2->ZN R     OAI22_X1       1  2.0    32    46     690    (-,-) 
  g87811/ZN            -       A->ZN  F     INV_X1         1  1.8     9    10     700    (-,-) 
  g87704__5526/ZN      -       A->ZN  R     OAI221_X1      1  2.5    39    23     723    (-,-) 
  g87612__1881/ZN      -       A->ZN  R     XNOR2_X1       1  3.5    28    51     774    (-,-) 
  g87533__1617/S       -       A->S   R     HA_X1          2  4.3    34    64     838    (-,-) 
  g87498__2802/ZN      -       B1->ZN F     AOI21_X1       1  3.0    14    23     862    (-,-) 
  g87451__5122/S       -       CI->S  R     FA_X1          1  1.4    10   111     972    (-,-) 
  st1_sum_vec_reg[8]/D -       -      R     DFFR_X1        1    -     -     0     972    (-,-) 
#----------------------------------------------------------------------------------------------

Capture clock path:
#----------------------------------------------------------------------------------------------
#     Timing Point      Flags   Arc   Edge   Cell     Fanout Load Trans Delay Arrival Instance 
#                                                            (fF)  (ps)  (ps)   (ps)  Location 
#----------------------------------------------------------------------------------------------
  clk                   (i)     -     R     (arrival)    136  0.0     0     0    1031    (-,-) 
  st1_sum_vec_reg[8]/CK <<<     -     R     DFFR_X1      136    -     1     0    1031    (-,-) 
#----------------------------------------------------------------------------------------------



Path 32: MET (25 ps) Setup Check with Pin st1_carry_vec_reg[6]/CK->D
           View: view_1p2_25
          Group: clock1
     Startpoint: (R) add_c[23]
          Clock: (R) clock1
       Endpoint: (R) st1_carry_vec_reg[6]/D
          Clock: (R) clock1

                     Capture       Launch     
        Clock Edge:+    1031            0     
        Drv Adjust:+       0            0     
       Src Latency:+       0            0     
       Net Latency:+       0 (I)        0 (I) 
           Arrival:=    1031            0     
                                              
             Setup:-      37                  
       Uncertainty:-       0                  
     Required Time:=     994                  
      Launch Clock:-       0                  
       Input Delay:-       1                  
         Data Path:-     968                  
             Slack:=      25                  

Exceptions/Constraints:
  input_delay              1              sysarr_4_input_fp_ad_line_21_73_1   

#------------------------------------------------------------------------------------------------
#     Timing Point       Flags    Arc   Edge   Cell     Fanout Load Trans Delay Arrival Instance 
#                                                              (fF)  (ps)  (ps)   (ps)  Location 
#------------------------------------------------------------------------------------------------
  add_c[23]              -       -      R     (arrival)      5 21.4     0     0       1    (-,-) 
  g89466/ZN              -       A->ZN  F     INV_X8         5 13.9     3     6       7    (-,-) 
  g89428/ZN              -       A1->ZN R     NAND2_X4       2  5.3     8    11      17    (-,-) 
  g89182/ZN              -       A1->ZN F     NAND2_X2       1  5.9     9    15      32    (-,-) 
  g89149/ZN              -       B1->ZN R     AOI21_X4       1  6.7    22    26      59    (-,-) 
  g89131/ZN              -       B1->ZN F     OAI21_X4       1  6.0    11    17      75    (-,-) 
  g89120/ZN              -       A1->ZN R     NAND2_X4       2 10.0    12    18      93    (-,-) 
  g89108/ZN              -       A1->ZN F     NAND2_X2       1  5.9     9    16     109    (-,-) 
  g89068/ZN              -       B2->ZN R     AOI21_X4       1  6.7    22    31     140    (-,-) 
  g89056/ZN              -       B1->ZN F     OAI21_X4       1  5.9    15    17     157    (-,-) 
  g88907/ZN              -       B1->ZN R     AOI21_X4       6 14.2    30    38     196    (-,-) 
  g88844/ZN              -       A1->ZN F     NAND2_X1       1  1.8    11    17     213    (-,-) 
  g88769/ZN              -       A->ZN  R     OAI21_X1       2  3.8    28    26     239    (-,-) 
  g88733/ZN              -       A->ZN  F     INV_X1         2  4.7    11    16     256    (-,-) 
  g88648__2398/ZN        -       A1->ZN R     NAND2_X1       1  3.4    14    20     275    (-,-) 
  g88600__5122/ZN        -       A1->ZN F     NAND2_X2      12 20.7    22    33     308    (-,-) 
  g88512__1666/ZN        -       A1->ZN F     AND2_X2        2  7.1     8    37     345    (-,-) 
  g88283__1666/ZN        -       A1->ZN R     AOI22_X2       2  6.9    33    40     385    (-,-) 
  g88245__6161/ZN        -       A1->ZN F     NOR2_X2        2  4.9    14    13     398    (-,-) 
  g88142__9945/ZN        -       A->ZN  R     AOI21_X1       2  4.3    34    55     453    (-,-) 
  g88035__5115/ZN        -       B1->ZN F     AOI21_X1       2  3.5    15    25     477    (-,-) 
  g88034/ZN              -       A->ZN  R     INV_X1         1  2.5    10    18     495    (-,-) 
  g88020__6783/ZN        -       A->ZN  R     XNOR2_X1       3  7.3    45    51     546    (-,-) 
  g87967__2883/ZN        -       A2->ZN R     AND3_X2       11 19.3    27    74     620    (-,-) 
  g87920__2346/ZN        -       A1->ZN F     NAND2_X1       7 11.2    29    40     660    (-,-) 
  g87697__6417/ZN        -       B1->ZN R     OAI221_X1      1  2.5    39    58     718    (-,-) 
  g87606__2802/ZN        -       A->ZN  R     XNOR2_X1       1  3.5    28    51     769    (-,-) 
  g87531__6783/S         -       A->S   R     HA_X1          2  4.4    35    65     834    (-,-) 
  g87526/ZN              -       A->ZN  F     INV_X1         1  1.7     9    10     844    (-,-) 
  g87513__9945/ZN        -       A1->ZN R     NOR2_X1        1  2.0    17    25     868    (-,-) 
  g87509__7482/ZN        -       A1->ZN F     NOR2_X1        2  4.1     8    15     883    (-,-) 
  g87470__1666/ZN        -       A->ZN  F     XNOR2_X1       2  4.3    18    43     926    (-,-) 
  g87412__5526/ZN        -       B1->ZN R     AOI22_X1       1  1.4    23    43     969    (-,-) 
  st1_carry_vec_reg[6]/D -       -      R     DFFR_X1        1    -     -     0     969    (-,-) 
#------------------------------------------------------------------------------------------------

Capture clock path:
#------------------------------------------------------------------------------------------------
#      Timing Point       Flags   Arc   Edge   Cell     Fanout Load Trans Delay Arrival Instance 
#                                                              (fF)  (ps)  (ps)   (ps)  Location 
#------------------------------------------------------------------------------------------------
  clk                     (i)     -     R     (arrival)    136  0.0     0     0    1031    (-,-) 
  st1_carry_vec_reg[6]/CK <<<     -     R     DFFR_X1      136    -     1     0    1031    (-,-) 
#------------------------------------------------------------------------------------------------



Path 33: MET (25 ps) Setup Check with Pin st1_carry_vec_reg[14]/CK->D
           View: view_1p2_25
          Group: clock1
     Startpoint: (R) add_c[23]
          Clock: (R) clock1
       Endpoint: (F) st1_carry_vec_reg[14]/D
          Clock: (R) clock1

                     Capture       Launch     
        Clock Edge:+    1031            0     
        Drv Adjust:+       0            0     
       Src Latency:+       0            0     
       Net Latency:+       0 (I)        0 (I) 
           Arrival:=    1031            0     
                                              
             Setup:-      39                  
       Uncertainty:-       0                  
     Required Time:=     992                  
      Launch Clock:-       0                  
       Input Delay:-       1                  
         Data Path:-     965                  
             Slack:=      25                  

Exceptions/Constraints:
  input_delay              1              sysarr_4_input_fp_ad_line_21_73_1   

#-------------------------------------------------------------------------------------------------
#      Timing Point       Flags    Arc   Edge   Cell     Fanout Load Trans Delay Arrival Instance 
#                                                               (fF)  (ps)  (ps)   (ps)  Location 
#-------------------------------------------------------------------------------------------------
  add_c[23]               -       -      R     (arrival)      5 21.4     0     0       1    (-,-) 
  g89466/ZN               -       A->ZN  F     INV_X8         5 13.9     3     6       7    (-,-) 
  g89428/ZN               -       A1->ZN R     NAND2_X4       2  5.3     8    11      17    (-,-) 
  g89182/ZN               -       A1->ZN F     NAND2_X2       1  5.9     9    15      32    (-,-) 
  g89149/ZN               -       B1->ZN R     AOI21_X4       1  6.7    22    26      59    (-,-) 
  g89131/ZN               -       B1->ZN F     OAI21_X4       1  6.0    11    17      75    (-,-) 
  g89120/ZN               -       A1->ZN R     NAND2_X4       2 10.0    12    18      93    (-,-) 
  g89108/ZN               -       A1->ZN F     NAND2_X2       1  5.9     9    16     109    (-,-) 
  g89068/ZN               -       B2->ZN R     AOI21_X4       1  6.7    22    31     140    (-,-) 
  g89056/ZN               -       B1->ZN F     OAI21_X4       1  5.9    15    17     157    (-,-) 
  g88907/ZN               -       B1->ZN R     AOI21_X4       6 14.2    30    38     196    (-,-) 
  g88844/ZN               -       A1->ZN F     NAND2_X1       1  1.8    11    17     213    (-,-) 
  g88769/ZN               -       A->ZN  R     OAI21_X1       2  3.8    28    26     239    (-,-) 
  g88733/ZN               -       A->ZN  F     INV_X1         2  4.7    11    16     256    (-,-) 
  g88648__2398/ZN         -       A1->ZN R     NAND2_X1       1  3.4    14    20     275    (-,-) 
  g88600__5122/ZN         -       A1->ZN F     NAND2_X2      12 20.7    22    33     308    (-,-) 
  g88512__1666/ZN         -       A1->ZN F     AND2_X2        2  7.1     8    37     345    (-,-) 
  g88283__1666/ZN         -       A1->ZN R     AOI22_X2       2  6.9    33    40     385    (-,-) 
  g88245__6161/ZN         -       A1->ZN F     NOR2_X2        2  4.9    14    13     398    (-,-) 
  g88142__9945/ZN         -       A->ZN  R     AOI21_X1       2  4.3    34    55     453    (-,-) 
  g88035__5115/ZN         -       B1->ZN F     AOI21_X1       2  3.5    15    25     477    (-,-) 
  g88034/ZN               -       A->ZN  R     INV_X1         1  2.5    10    18     495    (-,-) 
  g88020__6783/ZN         -       A->ZN  R     XNOR2_X1       3  7.3    45    51     546    (-,-) 
  g87966__9945/ZN         -       A2->ZN F     NAND3_X1       8 14.2    43    69     615    (-,-) 
  g87948/ZN               -       A->ZN  R     INV_X2         9 16.7    26    46     662    (-,-) 
  g87835__5526/ZN         -       B1->ZN F     AOI22_X1       1  2.4    16    26     688    (-,-) 
  g87692__9945/ZN         -       A->ZN  F     XNOR2_X1       2  2.8    25    43     732    (-,-) 
  g87645__7098/ZN         -       A1->ZN F     OR2_X1         2  2.9    11    55     786    (-,-) 
  g87589__7410/ZN         -       A1->ZN F     AND2_X1        1  3.4     8    33     819    (-,-) 
  g87536__5122/CO         -       A->CO  F     HA_X1          2  3.4     8    31     850    (-,-) 
  g87508__5115/ZN         -       B1->ZN R     OAI21_X1       1  2.0    20    28     877    (-,-) 
  g87505/ZN               -       A->ZN  F     INV_X1         2  3.5     8    13     890    (-,-) 
  g87488__5526/ZN         -       A1->ZN R     NOR2_X1        1  3.5    24    32     923    (-,-) 
  g87452__8246/CO         -       A->CO  R     HA_X1          1  2.0     9    36     959    (-,-) 
  g87429__2802/ZN         -       A1->ZN F     NOR2_X1        1  1.4     6     8     966    (-,-) 
  st1_carry_vec_reg[14]/D -       -      F     DFFR_X1        1    -     -     0     966    (-,-) 
#-------------------------------------------------------------------------------------------------

Capture clock path:
#-------------------------------------------------------------------------------------------------
#      Timing Point        Flags   Arc   Edge   Cell     Fanout Load Trans Delay Arrival Instance 
#                                                               (fF)  (ps)  (ps)   (ps)  Location 
#-------------------------------------------------------------------------------------------------
  clk                      (i)     -     R     (arrival)    136  0.0     0     0    1031    (-,-) 
  st1_carry_vec_reg[14]/CK <<<     -     R     DFFR_X1      136    -     1     0    1031    (-,-) 
#-------------------------------------------------------------------------------------------------



Path 34: MET (26 ps) Setup Check with Pin st2_res_sign_reg/CK->D
           View: view_1p2_25
          Group: clock1
     Startpoint: (R) st1_hot_ones_reg[1]/CK
          Clock: (R) clock1
       Endpoint: (F) st2_res_sign_reg/D
          Clock: (R) clock1

                     Capture       Launch     
        Clock Edge:+    1031            0     
       Src Latency:+       0            0     
       Net Latency:+       0 (I)        0 (I) 
           Arrival:=    1031            0     
                                              
             Setup:-      88                  
       Uncertainty:-       0                  
     Required Time:=     943                  
      Launch Clock:-       0                  
         Data Path:-     918                  
             Slack:=      26                  

Launch clock path:
#-----------------------------------------------------------------------------------------------
#     Timing Point       Flags   Arc   Edge   Cell     Fanout Load Trans Delay Arrival Instance 
#                                                             (fF)  (ps)  (ps)   (ps)  Location 
#-----------------------------------------------------------------------------------------------
  clk                    (i)     -     R     (arrival)    136  0.0     0     0       0    (-,-) 
  st1_hot_ones_reg[1]/CK <<<     -     R     DFFR_X1      136    -     1     0       0    (-,-) 
#-----------------------------------------------------------------------------------------------

#-------------------------------------------------------------------------------------------------------------
#            Timing Point             Flags    Arc   Edge   Cell     Fanout Load Trans Delay Arrival Instance 
#                                                                           (fF)  (ps)  (ps)   (ps)  Location 
#-------------------------------------------------------------------------------------------------------------
  st1_hot_ones_reg[1]/CK              -       -      R     (arrival)    136    -     1     0       0    (-,-) 
  st1_hot_ones_reg[1]/Q               -       CK->Q  F     DFFR_X1        2  2.9     8    87      87    (-,-) 
  csa_tree_add_184_79_groupi_g2210/ZN -       A1->ZN R     NAND2_X1       1  2.0    10    15     102    (-,-) 
  csa_tree_add_184_79_groupi_g2200/ZN -       A2->ZN F     NAND2_X1       3  5.7    14    22     124    (-,-) 
  csa_tree_add_184_79_groupi_g2149/ZN -       A1->ZN R     NOR2_X1        1  3.4    23    34     158    (-,-) 
  csa_tree_add_184_79_groupi_g2072/ZN -       B1->ZN F     OAI21_X2       2  5.3    12    20     178    (-,-) 
  g89515/CO                           -       CI->CO F     FA_X1          2  4.1    17    74     252    (-,-) 
  csa_tree_add_184_79_groupi_g2047/ZN -       A->ZN  R     INV_X1         1  2.0     9    17     269    (-,-) 
  csa_tree_add_184_79_groupi_g2046/ZN -       B1->ZN F     OAI21_X1       3  5.6    16    22     291    (-,-) 
  csa_tree_add_184_79_groupi_g2044/ZN -       B1->ZN R     AOI21_X1       2  4.4    34    42     334    (-,-) 
  csa_tree_add_184_79_groupi_g2041/ZN -       B1->ZN F     OAI21_X1       2  4.1    16    26     360    (-,-) 
  csa_tree_add_184_79_groupi_g2038/ZN -       A1->ZN R     NAND2_X1       1  1.9    10    18     378    (-,-) 
  csa_tree_add_184_79_groupi_g2037/ZN -       A1->ZN F     NAND2_X1       4  7.2    16    25     403    (-,-) 
  g89525/ZN                           -       A1->ZN R     NAND4_X1       1  1.9    15    22     425    (-,-) 
  csa_tree_add_184_79_groupi_g2033/ZN -       A1->ZN F     NAND2_X1       3  5.8    14    24     448    (-,-) 
  csa_tree_add_184_79_groupi_g2029/ZN -       A1->ZN R     NAND2_X1       1  1.9    10    18     466    (-,-) 
  csa_tree_add_184_79_groupi_g2028/ZN -       A1->ZN F     NAND2_X1       4  7.4    17    25     491    (-,-) 
  csa_tree_add_184_79_groupi_g2016/ZN -       A1->ZN R     NAND3_X1       1  1.9    12    20     512    (-,-) 
  csa_tree_add_184_79_groupi_g2013/ZN -       A1->ZN F     NAND2_X1       4  7.5    17    26     538    (-,-) 
  csa_tree_add_184_79_groupi_g2002/ZN -       A1->ZN R     NAND3_X1       1  1.9    12    20     558    (-,-) 
  csa_tree_add_184_79_groupi_g2001/ZN -       A->ZN  F     OAI211_X1      2  4.1    21    35     593    (-,-) 
  csa_tree_add_184_79_groupi_g1996/ZN -       A1->ZN R     NAND2_X1       1  1.9    11    20     613    (-,-) 
  csa_tree_add_184_79_groupi_g1995/ZN -       A1->ZN F     NAND2_X1       2  4.1    11    18     632    (-,-) 
  csa_tree_add_184_79_groupi_g1992/ZN -       A1->ZN R     NAND2_X1       1  1.9    10    16     648    (-,-) 
  csa_tree_add_184_79_groupi_g1991/ZN -       A1->ZN F     NAND2_X1       1  3.9    11    18     666    (-,-) 
  g89526/S                            -       A->S   R     FA_X1         19 38.1    91   198     864    (-,-) 
  g89456/ZN                           -       A->ZN  F     INV_X1        10 18.8    37    54     918    (-,-) 
  st2_res_sign_reg/D                  -       -      F     SDFFR_X1      10    -     -     0     918    (-,-) 
#-------------------------------------------------------------------------------------------------------------

Capture clock path:
#--------------------------------------------------------------------------------------------
#    Timing Point     Flags   Arc   Edge   Cell     Fanout Load Trans Delay Arrival Instance 
#                                                          (fF)  (ps)  (ps)   (ps)  Location 
#--------------------------------------------------------------------------------------------
  clk                 (i)     -     R     (arrival)    136  0.0     0     0    1031    (-,-) 
  st2_res_sign_reg/CK <<<     -     R     SDFFR_X1     136    -     1     0    1031    (-,-) 
#--------------------------------------------------------------------------------------------



Path 35: MET (26 ps) Setup Check with Pin add_out_reg[15]/CK->D
           View: view_1p2_25
          Group: clock1
     Startpoint: (R) st2_sum_mag_reg[10]/CK
          Clock: (R) clock1
       Endpoint: (R) add_out_reg[15]/D
          Clock: (R) clock1

                     Capture       Launch     
        Clock Edge:+    1031            0     
       Src Latency:+       0            0     
       Net Latency:+       0 (I)        0 (I) 
           Arrival:=    1031            0     
                                              
             Setup:-      35                  
       Uncertainty:-       0                  
     Required Time:=     996                  
      Launch Clock:-       0                  
         Data Path:-     970                  
             Slack:=      26                  

Launch clock path:
#-----------------------------------------------------------------------------------------------
#     Timing Point       Flags   Arc   Edge   Cell     Fanout Load Trans Delay Arrival Instance 
#                                                             (fF)  (ps)  (ps)   (ps)  Location 
#-----------------------------------------------------------------------------------------------
  clk                    (i)     -     R     (arrival)    136  0.0     0     0       0    (-,-) 
  st2_sum_mag_reg[10]/CK <<<     -     R     DFFR_X2      136    -     1     0       0    (-,-) 
#-----------------------------------------------------------------------------------------------

#------------------------------------------------------------------------------------------------
#     Timing Point       Flags    Arc   Edge   Cell     Fanout Load Trans Delay Arrival Instance 
#                                                              (fF)  (ps)  (ps)   (ps)  Location 
#------------------------------------------------------------------------------------------------
  st2_sum_mag_reg[10]/CK -       -      R     (arrival)    136    -     1     0       0    (-,-) 
  st2_sum_mag_reg[10]/QN -       CK->QN R     DFFR_X2        7 11.8    21    89      89    (-,-) 
  g89174/ZN              -       A1->ZN R     AND2_X1        1  1.9     9    35     124    (-,-) 
  g89143/ZN              -       A1->ZN F     NAND3_X1       2  4.7    18    26     151    (-,-) 
  g89136/ZN              -       A1->ZN R     NOR2_X2        3  5.0    20    32     182    (-,-) 
  g89127/ZN              -       A1->ZN R     AND2_X2        7 17.4    24    51     234    (-,-) 
  g89103/ZN              -       B1->ZN F     AOI21_X4       7 14.0    13    22     256    (-,-) 
  g89098/ZN              -       A->ZN  R     INV_X2         5 11.6    16    25     281    (-,-) 
  g89083/ZN              -       B1->ZN F     OAI21_X1       3  5.2    16    24     305    (-,-) 
  g89057/ZN              -       A->ZN  R     AOI21_X1       2  3.7    31    52     358    (-,-) 
  g88909/ZN              -       A1->ZN F     NAND2_X1       6  9.4    22    37     395    (-,-) 
  g88366__5107/ZN        -       A1->ZN R     NAND2_X1       3  5.7    18    31     426    (-,-) 
  g88244__4733/ZN        -       A1->ZN F     NAND2_X1       2  2.8    10    18     444    (-,-) 
  g88202__7482/ZN        -       A1->ZN F     AND2_X1        3  5.4    10    36     479    (-,-) 
  g88191__2802/ZN        -       A->ZN  R     OAI21_X1       2  5.4    36    29     509    (-,-) 
  g88032__6131/S         -       A->S   R     HA_X1          2  3.7    31    62     571    (-,-) 
  g88022__3680/ZN        -       A1->ZN F     NAND3_X1       1  1.9    15    24     595    (-,-) 
  g88016__6260/ZN        -       A1->ZN R     NAND3_X1       1  3.3    15    23     618    (-,-) 
  g88015__5107/ZN        -       A1->ZN F     NAND3_X2      11 19.9    32    45     663    (-,-) 
  g88001__6161/ZN        -       A1->ZN R     NOR2_X2        4  7.3    26    44     707    (-,-) 
  g87982__8428/ZN        -       A1->ZN F     NAND2_X1       7 12.9    27    43     750    (-,-) 
  g87973/ZN              -       A->ZN  R     INV_X2         7 11.1    18    31     781    (-,-) 
  g87940__2802/ZN        -       A1->ZN F     NAND2_X1       5  8.1    20    30     811    (-,-) 
  g87884__9945/ZN        -       A1->ZN R     NOR2_X1        8 14.2    73    91     902    (-,-) 
  g87656__2883/ZN        -       C1->ZN F     AOI222_X1      1  1.8    32    42     944    (-,-) 
  g87622__2883/ZN        -       A1->ZN R     NAND4_X1       1  1.4    15    26     970    (-,-) 
  add_out_reg[15]/D      -       -      R     DFFR_X1        1    -     -     0     970    (-,-) 
#------------------------------------------------------------------------------------------------

Capture clock path:
#-------------------------------------------------------------------------------------------
#   Timing Point     Flags   Arc   Edge   Cell     Fanout Load Trans Delay Arrival Instance 
#                                                         (fF)  (ps)  (ps)   (ps)  Location 
#-------------------------------------------------------------------------------------------
  clk                (i)     -     R     (arrival)    136  0.0     0     0    1031    (-,-) 
  add_out_reg[15]/CK <<<     -     R     DFFR_X1      136    -     1     0    1031    (-,-) 
#-------------------------------------------------------------------------------------------



Path 36: MET (26 ps) Setup Check with Pin add_out_reg[18]/CK->D
           View: view_1p2_25
          Group: clock1
     Startpoint: (R) st2_sum_mag_reg[10]/CK
          Clock: (R) clock1
       Endpoint: (R) add_out_reg[18]/D
          Clock: (R) clock1

                     Capture       Launch     
        Clock Edge:+    1031            0     
       Src Latency:+       0            0     
       Net Latency:+       0 (I)        0 (I) 
           Arrival:=    1031            0     
                                              
             Setup:-      35                  
       Uncertainty:-       0                  
     Required Time:=     996                  
      Launch Clock:-       0                  
         Data Path:-     970                  
             Slack:=      26                  

Launch clock path:
#-----------------------------------------------------------------------------------------------
#     Timing Point       Flags   Arc   Edge   Cell     Fanout Load Trans Delay Arrival Instance 
#                                                             (fF)  (ps)  (ps)   (ps)  Location 
#-----------------------------------------------------------------------------------------------
  clk                    (i)     -     R     (arrival)    136  0.0     0     0       0    (-,-) 
  st2_sum_mag_reg[10]/CK <<<     -     R     DFFR_X2      136    -     1     0       0    (-,-) 
#-----------------------------------------------------------------------------------------------

#------------------------------------------------------------------------------------------------
#     Timing Point       Flags    Arc   Edge   Cell     Fanout Load Trans Delay Arrival Instance 
#                                                              (fF)  (ps)  (ps)   (ps)  Location 
#------------------------------------------------------------------------------------------------
  st2_sum_mag_reg[10]/CK -       -      R     (arrival)    136    -     1     0       0    (-,-) 
  st2_sum_mag_reg[10]/QN -       CK->QN R     DFFR_X2        7 11.8    21    89      89    (-,-) 
  g89174/ZN              -       A1->ZN R     AND2_X1        1  1.9     9    35     124    (-,-) 
  g89143/ZN              -       A1->ZN F     NAND3_X1       2  4.7    18    26     151    (-,-) 
  g89136/ZN              -       A1->ZN R     NOR2_X2        3  5.0    20    32     182    (-,-) 
  g89127/ZN              -       A1->ZN R     AND2_X2        7 17.4    24    51     234    (-,-) 
  g89103/ZN              -       B1->ZN F     AOI21_X4       7 14.0    13    22     256    (-,-) 
  g89098/ZN              -       A->ZN  R     INV_X2         5 11.6    16    25     281    (-,-) 
  g89083/ZN              -       B1->ZN F     OAI21_X1       3  5.2    16    24     305    (-,-) 
  g89057/ZN              -       A->ZN  R     AOI21_X1       2  3.7    31    52     358    (-,-) 
  g88909/ZN              -       A1->ZN F     NAND2_X1       6  9.4    22    37     395    (-,-) 
  g88366__5107/ZN        -       A1->ZN R     NAND2_X1       3  5.7    18    31     426    (-,-) 
  g88244__4733/ZN        -       A1->ZN F     NAND2_X1       2  2.8    10    18     444    (-,-) 
  g88202__7482/ZN        -       A1->ZN F     AND2_X1        3  5.4    10    36     479    (-,-) 
  g88191__2802/ZN        -       A->ZN  R     OAI21_X1       2  5.4    36    29     509    (-,-) 
  g88032__6131/S         -       A->S   R     HA_X1          2  3.7    31    62     571    (-,-) 
  g88022__3680/ZN        -       A1->ZN F     NAND3_X1       1  1.9    15    24     595    (-,-) 
  g88016__6260/ZN        -       A1->ZN R     NAND3_X1       1  3.3    15    23     618    (-,-) 
  g88015__5107/ZN        -       A1->ZN F     NAND3_X2      11 19.9    32    45     663    (-,-) 
  g88001__6161/ZN        -       A1->ZN R     NOR2_X2        4  7.3    26    44     707    (-,-) 
  g87982__8428/ZN        -       A1->ZN F     NAND2_X1       7 12.9    27    43     750    (-,-) 
  g87973/ZN              -       A->ZN  R     INV_X2         7 11.1    18    31     781    (-,-) 
  g87941__1705/ZN        -       A1->ZN F     NAND2_X1       7 11.2    24    36     817    (-,-) 
  g87881__4733/ZN        -       A1->ZN R     NOR2_X1        7 12.8    67    86     903    (-,-) 
  g87657__2346/ZN        -       C1->ZN F     AOI222_X1      1  1.8    30    41     944    (-,-) 
  g87579__5115/ZN        -       A1->ZN R     NAND4_X1       1  1.4    15    25     970    (-,-) 
  add_out_reg[18]/D      -       -      R     DFFR_X1        1    -     -     0     970    (-,-) 
#------------------------------------------------------------------------------------------------

Capture clock path:
#-------------------------------------------------------------------------------------------
#   Timing Point     Flags   Arc   Edge   Cell     Fanout Load Trans Delay Arrival Instance 
#                                                         (fF)  (ps)  (ps)   (ps)  Location 
#-------------------------------------------------------------------------------------------
  clk                (i)     -     R     (arrival)    136  0.0     0     0    1031    (-,-) 
  add_out_reg[18]/CK <<<     -     R     DFFR_X1      136    -     1     0    1031    (-,-) 
#-------------------------------------------------------------------------------------------



Path 37: MET (27 ps) Setup Check with Pin add_out_reg[19]/CK->D
           View: view_1p2_25
          Group: clock1
     Startpoint: (R) st2_sum_mag_reg[10]/CK
          Clock: (R) clock1
       Endpoint: (R) add_out_reg[19]/D
          Clock: (R) clock1

                     Capture       Launch     
        Clock Edge:+    1031            0     
       Src Latency:+       0            0     
       Net Latency:+       0 (I)        0 (I) 
           Arrival:=    1031            0     
                                              
             Setup:-      35                  
       Uncertainty:-       0                  
     Required Time:=     996                  
      Launch Clock:-       0                  
         Data Path:-     969                  
             Slack:=      27                  

Launch clock path:
#-----------------------------------------------------------------------------------------------
#     Timing Point       Flags   Arc   Edge   Cell     Fanout Load Trans Delay Arrival Instance 
#                                                             (fF)  (ps)  (ps)   (ps)  Location 
#-----------------------------------------------------------------------------------------------
  clk                    (i)     -     R     (arrival)    136  0.0     0     0       0    (-,-) 
  st2_sum_mag_reg[10]/CK <<<     -     R     DFFR_X2      136    -     1     0       0    (-,-) 
#-----------------------------------------------------------------------------------------------

#------------------------------------------------------------------------------------------------
#     Timing Point       Flags    Arc   Edge   Cell     Fanout Load Trans Delay Arrival Instance 
#                                                              (fF)  (ps)  (ps)   (ps)  Location 
#------------------------------------------------------------------------------------------------
  st2_sum_mag_reg[10]/CK -       -      R     (arrival)    136    -     1     0       0    (-,-) 
  st2_sum_mag_reg[10]/QN -       CK->QN R     DFFR_X2        7 11.8    21    89      89    (-,-) 
  g89174/ZN              -       A1->ZN R     AND2_X1        1  1.9     9    35     124    (-,-) 
  g89143/ZN              -       A1->ZN F     NAND3_X1       2  4.7    18    26     151    (-,-) 
  g89136/ZN              -       A1->ZN R     NOR2_X2        3  5.0    20    32     182    (-,-) 
  g89127/ZN              -       A1->ZN R     AND2_X2        7 17.4    24    51     234    (-,-) 
  g89103/ZN              -       B1->ZN F     AOI21_X4       7 14.0    13    22     256    (-,-) 
  g89098/ZN              -       A->ZN  R     INV_X2         5 11.6    16    25     281    (-,-) 
  g89083/ZN              -       B1->ZN F     OAI21_X1       3  5.2    16    24     305    (-,-) 
  g89057/ZN              -       A->ZN  R     AOI21_X1       2  3.7    31    52     358    (-,-) 
  g88909/ZN              -       A1->ZN F     NAND2_X1       6  9.4    22    37     395    (-,-) 
  g88366__5107/ZN        -       A1->ZN R     NAND2_X1       3  5.7    18    31     426    (-,-) 
  g88244__4733/ZN        -       A1->ZN F     NAND2_X1       2  2.8    10    18     444    (-,-) 
  g88202__7482/ZN        -       A1->ZN F     AND2_X1        3  5.4    10    36     479    (-,-) 
  g88191__2802/ZN        -       A->ZN  R     OAI21_X1       2  5.4    36    29     509    (-,-) 
  g88032__6131/S         -       A->S   R     HA_X1          2  3.7    31    62     571    (-,-) 
  g88022__3680/ZN        -       A1->ZN F     NAND3_X1       1  1.9    15    24     595    (-,-) 
  g88016__6260/ZN        -       A1->ZN R     NAND3_X1       1  3.3    15    23     618    (-,-) 
  g88015__5107/ZN        -       A1->ZN F     NAND3_X2      11 19.9    32    45     663    (-,-) 
  g88001__6161/ZN        -       A1->ZN R     NOR2_X2        4  7.3    26    44     707    (-,-) 
  g87996/ZN              -       A->ZN  F     INV_X1         2  4.6    10    16     723    (-,-) 
  g87981__4319/ZN        -       A1->ZN R     NOR2_X2        9 15.7    44    55     778    (-,-) 
  g87972/ZN              -       A->ZN  F     INV_X1         5  8.1    18    26     804    (-,-) 
  g87939__1617/ZN        -       A1->ZN R     NOR2_X1        6 11.0    59    74     878    (-,-) 
  g87856__9945/ZN        -       A1->ZN F     NAND2_X1       1  1.8    17    20     898    (-,-) 
  g87782__6161/ZN        -       A->ZN  R     OAI21_X1       1  2.0    22    25     922    (-,-) 
  g87729__2398/ZN        -       A->ZN  F     AOI221_X1      1  1.8    24    17     939    (-,-) 
  g87578__1881/ZN        -       A4->ZN R     NAND4_X1       1  1.4    15    30     969    (-,-) 
  add_out_reg[19]/D      -       -      R     DFFR_X1        1    -     -     0     969    (-,-) 
#------------------------------------------------------------------------------------------------

Capture clock path:
#-------------------------------------------------------------------------------------------
#   Timing Point     Flags   Arc   Edge   Cell     Fanout Load Trans Delay Arrival Instance 
#                                                         (fF)  (ps)  (ps)   (ps)  Location 
#-------------------------------------------------------------------------------------------
  clk                (i)     -     R     (arrival)    136  0.0     0     0    1031    (-,-) 
  add_out_reg[19]/CK <<<     -     R     DFFR_X1      136    -     1     0    1031    (-,-) 
#-------------------------------------------------------------------------------------------



Path 38: MET (28 ps) Setup Check with Pin add_out_reg[21]/CK->D
           View: view_1p2_25
          Group: clock1
     Startpoint: (R) st2_sum_mag_reg[10]/CK
          Clock: (R) clock1
       Endpoint: (R) add_out_reg[21]/D
          Clock: (R) clock1

                     Capture       Launch     
        Clock Edge:+    1031            0     
       Src Latency:+       0            0     
       Net Latency:+       0 (I)        0 (I) 
           Arrival:=    1031            0     
                                              
             Setup:-      35                  
       Uncertainty:-       0                  
     Required Time:=     996                  
      Launch Clock:-       0                  
         Data Path:-     968                  
             Slack:=      28                  

Launch clock path:
#-----------------------------------------------------------------------------------------------
#     Timing Point       Flags   Arc   Edge   Cell     Fanout Load Trans Delay Arrival Instance 
#                                                             (fF)  (ps)  (ps)   (ps)  Location 
#-----------------------------------------------------------------------------------------------
  clk                    (i)     -     R     (arrival)    136  0.0     0     0       0    (-,-) 
  st2_sum_mag_reg[10]/CK <<<     -     R     DFFR_X2      136    -     1     0       0    (-,-) 
#-----------------------------------------------------------------------------------------------

#------------------------------------------------------------------------------------------------
#     Timing Point       Flags    Arc   Edge   Cell     Fanout Load Trans Delay Arrival Instance 
#                                                              (fF)  (ps)  (ps)   (ps)  Location 
#------------------------------------------------------------------------------------------------
  st2_sum_mag_reg[10]/CK -       -      R     (arrival)    136    -     1     0       0    (-,-) 
  st2_sum_mag_reg[10]/QN -       CK->QN R     DFFR_X2        7 11.8    21    89      89    (-,-) 
  g89174/ZN              -       A1->ZN R     AND2_X1        1  1.9     9    35     124    (-,-) 
  g89143/ZN              -       A1->ZN F     NAND3_X1       2  4.7    18    26     151    (-,-) 
  g89136/ZN              -       A1->ZN R     NOR2_X2        3  5.0    20    32     182    (-,-) 
  g89127/ZN              -       A1->ZN R     AND2_X2        7 17.4    24    51     234    (-,-) 
  g89103/ZN              -       B1->ZN F     AOI21_X4       7 14.0    13    22     256    (-,-) 
  g89098/ZN              -       A->ZN  R     INV_X2         5 11.6    16    25     281    (-,-) 
  g89083/ZN              -       B1->ZN F     OAI21_X1       3  5.2    16    24     305    (-,-) 
  g89057/ZN              -       A->ZN  R     AOI21_X1       2  3.7    31    52     358    (-,-) 
  g88909/ZN              -       A1->ZN F     NAND2_X1       6  9.4    22    37     395    (-,-) 
  g88366__5107/ZN        -       A1->ZN R     NAND2_X1       3  5.7    18    31     426    (-,-) 
  g88244__4733/ZN        -       A1->ZN F     NAND2_X1       2  2.8    10    18     444    (-,-) 
  g88202__7482/ZN        -       A1->ZN F     AND2_X1        3  5.4    10    36     479    (-,-) 
  g88191__2802/ZN        -       A->ZN  R     OAI21_X1       2  5.4    36    29     509    (-,-) 
  g88032__6131/S         -       A->S   R     HA_X1          2  3.7    31    62     571    (-,-) 
  g88022__3680/ZN        -       A1->ZN F     NAND3_X1       1  1.9    15    24     595    (-,-) 
  g88016__6260/ZN        -       A1->ZN R     NAND3_X1       1  3.3    15    23     618    (-,-) 
  g88015__5107/ZN        -       A1->ZN F     NAND3_X2      11 19.9    32    45     663    (-,-) 
  g88001__6161/ZN        -       A1->ZN R     NOR2_X2        4  7.3    26    44     707    (-,-) 
  g87982__8428/ZN        -       A1->ZN F     NAND2_X1       7 12.9    27    43     750    (-,-) 
  g87973/ZN              -       A->ZN  R     INV_X2         7 11.1    18    31     781    (-,-) 
  g87941__1705/ZN        -       A1->ZN F     NAND2_X1       7 11.2    24    36     817    (-,-) 
  g87880__7482/ZN        -       A1->ZN R     NOR2_X1        7 12.5    66    85     902    (-,-) 
  g87660__6417/ZN        -       C1->ZN F     AOI222_X1      1  1.8    30    41     942    (-,-) 
  g87584__9945/ZN        -       A1->ZN R     NAND4_X1       1  1.4    15    25     968    (-,-) 
  add_out_reg[21]/D      -       -      R     DFFR_X1        1    -     -     0     968    (-,-) 
#------------------------------------------------------------------------------------------------

Capture clock path:
#-------------------------------------------------------------------------------------------
#   Timing Point     Flags   Arc   Edge   Cell     Fanout Load Trans Delay Arrival Instance 
#                                                         (fF)  (ps)  (ps)   (ps)  Location 
#-------------------------------------------------------------------------------------------
  clk                (i)     -     R     (arrival)    136  0.0     0     0    1031    (-,-) 
  add_out_reg[21]/CK <<<     -     R     DFFR_X1      136    -     1     0    1031    (-,-) 
#-------------------------------------------------------------------------------------------



Path 39: MET (31 ps) Setup Check with Pin st1_carry_vec_reg[3]/CK->D
           View: view_1p2_25
          Group: clock1
     Startpoint: (R) add_c[23]
          Clock: (R) clock1
       Endpoint: (F) st1_carry_vec_reg[3]/D
          Clock: (R) clock1

                     Capture       Launch     
        Clock Edge:+    1031            0     
        Drv Adjust:+       0            0     
       Src Latency:+       0            0     
       Net Latency:+       0 (I)        0 (I) 
           Arrival:=    1031            0     
                                              
             Setup:-      41                  
       Uncertainty:-       0                  
     Required Time:=     990                  
      Launch Clock:-       0                  
       Input Delay:-       1                  
         Data Path:-     958                  
             Slack:=      31                  

Exceptions/Constraints:
  input_delay              1              sysarr_4_input_fp_ad_line_21_73_1   

#------------------------------------------------------------------------------------------------
#     Timing Point       Flags    Arc   Edge   Cell     Fanout Load Trans Delay Arrival Instance 
#                                                              (fF)  (ps)  (ps)   (ps)  Location 
#------------------------------------------------------------------------------------------------
  add_c[23]              -       -      R     (arrival)      5 21.4     0     0       1    (-,-) 
  g89466/ZN              -       A->ZN  F     INV_X8         5 13.9     3     6       7    (-,-) 
  g89428/ZN              -       A1->ZN R     NAND2_X4       2  5.3     8    11      17    (-,-) 
  g89182/ZN              -       A1->ZN F     NAND2_X2       1  5.9     9    15      32    (-,-) 
  g89149/ZN              -       B1->ZN R     AOI21_X4       1  6.7    22    26      59    (-,-) 
  g89131/ZN              -       B1->ZN F     OAI21_X4       1  6.0    11    17      75    (-,-) 
  g89120/ZN              -       A1->ZN R     NAND2_X4       2 10.0    12    18      93    (-,-) 
  g89108/ZN              -       A1->ZN F     NAND2_X2       1  5.9     9    16     109    (-,-) 
  g89068/ZN              -       B2->ZN R     AOI21_X4       1  6.7    22    31     140    (-,-) 
  g89056/ZN              -       B1->ZN F     OAI21_X4       1  5.9    15    17     157    (-,-) 
  g88907/ZN              -       B1->ZN R     AOI21_X4       6 14.2    30    38     196    (-,-) 
  g88893/ZN              -       A->ZN  F     INV_X1         3  7.8    14    23     218    (-,-) 
  g88892/ZN              -       A->ZN  R     INV_X2         8 18.8    24    34     252    (-,-) 
  g88870/ZN              -       A->ZN  F     INV_X1         2  3.8     9    14     267    (-,-) 
  g88771/ZN              -       A1->ZN R     OAI22_X1       4  7.7    59    58     325    (-,-) 
  g88592__4319/Z         -       B->Z   R     MUX2_X1        6 10.3    28    70     395    (-,-) 
  g88400__6417/ZN        -       A1->ZN F     NAND3_X1       2  3.3    17    28     423    (-,-) 
  g88390/ZN              -       A->ZN  R     INV_X1         2  2.9    11    20     443    (-,-) 
  g88293__6260/ZN        -       A1->ZN F     NAND4_X1       1  1.7    17    24     466    (-,-) 
  g88286__5477/ZN        -       A1->ZN R     NOR2_X1        3  4.1    27    39     505    (-,-) 
  g88242__5115/ZN        -       A1->ZN R     OR2_X1         2  3.8    13    33     539    (-,-) 
  g88183__5107/ZN        -       B1->ZN F     AOI21_X1       2  2.9    20    18     557    (-,-) 
  g88049__5477/Z         -       B->Z   F     MUX2_X1        3  5.1    14    71     627    (-,-) 
  g88038/ZN              -       A->ZN  R     INV_X1         1  1.9     8    16     643    (-,-) 
  g87830__2398/ZN        -       A2->ZN F     OAI22_X1       1  1.8    14    18     661    (-,-) 
  g87813/ZN              -       A->ZN  R     INV_X1         1  1.9     8    15     676    (-,-) 
  g87701__6260/ZN        -       A->ZN  F     OAI221_X1      1  2.4    19    32     708    (-,-) 
  g87603__6783/ZN        -       A->ZN  F     XNOR2_X1       2  3.5    26    46     755    (-,-) 
  g87597/ZN              -       A->ZN  R     INV_X1         1  1.9    11    20     775    (-,-) 
  g87570__1705/ZN        -       A1->ZN F     NAND2_X1       2  3.0    13    16     791    (-,-) 
  g87550__2346/ZN        -       A1->ZN F     AND2_X1        1  3.4     8    34     824    (-,-) 
  g87495__6783/CO        -       A->CO  F     HA_X1          2  2.8     8    30     854    (-,-) 
  g87485__4319/ZN        -       A1->ZN F     OR3_X1         1  1.8    13    65     919    (-,-) 
  g87469__2346/ZN        -       A2->ZN R     NAND2_X1       2  4.4    16    26     944    (-,-) 
  g87406__4319/ZN        -       B1->ZN F     OAI21_X1       1  1.4    10    15     959    (-,-) 
  st1_carry_vec_reg[3]/D -       -      F     DFFR_X1        1    -     -     0     959    (-,-) 
#------------------------------------------------------------------------------------------------

Capture clock path:
#------------------------------------------------------------------------------------------------
#      Timing Point       Flags   Arc   Edge   Cell     Fanout Load Trans Delay Arrival Instance 
#                                                              (fF)  (ps)  (ps)   (ps)  Location 
#------------------------------------------------------------------------------------------------
  clk                     (i)     -     R     (arrival)    136  0.0     0     0    1031    (-,-) 
  st1_carry_vec_reg[3]/CK <<<     -     R     DFFR_X1      136    -     1     0    1031    (-,-) 
#------------------------------------------------------------------------------------------------



Path 40: MET (32 ps) Setup Check with Pin st1_sum_vec_reg[15]/CK->D
           View: view_1p2_25
          Group: clock1
     Startpoint: (F) add_b[25]
          Clock: (R) clock1
       Endpoint: (F) st1_sum_vec_reg[15]/D
          Clock: (R) clock1

                     Capture       Launch     
        Clock Edge:+    1031            0     
        Drv Adjust:+       0            0     
       Src Latency:+       0            0     
       Net Latency:+       0 (I)        0 (I) 
           Arrival:=    1031            0     
                                              
             Setup:-      43                  
       Uncertainty:-       0                  
     Required Time:=     988                  
      Launch Clock:-       0                  
       Input Delay:-       1                  
         Data Path:-     955                  
             Slack:=      32                  

Exceptions/Constraints:
  input_delay              1              sysarr_4_input_fp_ad_line_21_39_1   

#-----------------------------------------------------------------------------------------------
#     Timing Point      Flags    Arc   Edge   Cell     Fanout Load Trans Delay Arrival Instance 
#                                                             (fF)  (ps)  (ps)   (ps)  Location 
#-----------------------------------------------------------------------------------------------
  add_b[25]             -       -      F     (arrival)      5  9.9     0     0       1    (-,-) 
  g89490/ZN             -       A->ZN  R     INV_X2         6 12.6    17    20      21    (-,-) 
  g89446/ZN             -       A1->ZN F     NOR2_X1        1  1.9     6    11      32    (-,-) 
  g89128/ZN             -       C2->ZN R     OAI211_X1      1  3.4    28    42      73    (-,-) 
  g89107/ZN             -       B1->ZN F     AOI21_X2       1  3.0    11    18      91    (-,-) 
  g89086/ZN             -       B1->ZN R     OAI21_X2       1  6.7    26    36     127    (-,-) 
  g89062/ZN             -       B1->ZN F     AOI21_X4       1  5.9    14    17     144    (-,-) 
  g89048/ZN             -       B1->ZN R     OAI21_X4       6 21.3    35    47     192    (-,-) 
  g88923/ZN             -       A->ZN  F     INV_X8         9 18.9    10    13     205    (-,-) 
  g88921/ZN             -       A->ZN  R     INV_X4        14 26.2    18    26     230    (-,-) 
  g88905/ZN             -       A1->ZN R     AND2_X1       22 39.0    92   125     355    (-,-) 
  g88721/ZN             -       B1->ZN F     AOI22_X1       2  3.3    32    41     396    (-,-) 
  g88615__2346/ZN       -       A1->ZN R     NOR2_X1        1  2.0    20    35     431    (-,-) 
  g88456__1881/ZN       -       A->ZN  F     AOI221_X1      3  4.6    25    21     452    (-,-) 
  g88176__2883/Z        -       B->Z   F     MUX2_X1        2  2.9    11    68     520    (-,-) 
  g88110__6161/Z        -       B->Z   F     MUX2_X1        2  2.3    11    61     581    (-,-) 
  g88044__2883/Z        -       A->Z   F     MUX2_X1        2  3.7    12    64     644    (-,-) 
  g87843__7098/ZN       -       B2->ZN R     OAI22_X1       1  2.5    34    48     692    (-,-) 
  g87666__8428/ZN       -       A->ZN  R     XNOR2_X1       2  3.8    29    50     743    (-,-) 
  g87653/ZN             -       A->ZN  F     INV_X1         1  1.8     8    10     752    (-,-) 
  g87650__4733/ZN       -       A1->ZN R     NAND2_X1       2  3.0    13    17     770    (-,-) 
  g87587__2346/ZN       -       A1->ZN R     AND2_X1        1  3.5    12    37     807    (-,-) 
  g87535__1705/S        -       A->S   R     HA_X1          1  3.1    28    55     862    (-,-) 
  g87454__6131/S        -       CI->S  F     FA_X1          1  1.4    14    95     956    (-,-) 
  st1_sum_vec_reg[15]/D -       -      F     DFFR_X1        1    -     -     0     956    (-,-) 
#-----------------------------------------------------------------------------------------------

Capture clock path:
#-----------------------------------------------------------------------------------------------
#     Timing Point       Flags   Arc   Edge   Cell     Fanout Load Trans Delay Arrival Instance 
#                                                             (fF)  (ps)  (ps)   (ps)  Location 
#-----------------------------------------------------------------------------------------------
  clk                    (i)     -     R     (arrival)    136  0.0     0     0    1031    (-,-) 
  st1_sum_vec_reg[15]/CK <<<     -     R     DFFR_X1      136    -     1     0    1031    (-,-) 
#-----------------------------------------------------------------------------------------------



Path 41: MET (33 ps) Setup Check with Pin st2_sum_mag_reg[25]/CK->D
           View: view_1p2_25
          Group: clock1
     Startpoint: (R) st1_hot_ones_reg[1]/CK
          Clock: (R) clock1
       Endpoint: (F) st2_sum_mag_reg[25]/D
          Clock: (R) clock1

                     Capture       Launch     
        Clock Edge:+    1031            0     
       Src Latency:+       0            0     
       Net Latency:+       0 (I)        0 (I) 
           Arrival:=    1031            0     
                                              
             Setup:-      40                  
       Uncertainty:-       0                  
     Required Time:=     991                  
      Launch Clock:-       0                  
         Data Path:-     958                  
             Slack:=      33                  

Launch clock path:
#-----------------------------------------------------------------------------------------------
#     Timing Point       Flags   Arc   Edge   Cell     Fanout Load Trans Delay Arrival Instance 
#                                                             (fF)  (ps)  (ps)   (ps)  Location 
#-----------------------------------------------------------------------------------------------
  clk                    (i)     -     R     (arrival)    136  0.0     0     0       0    (-,-) 
  st1_hot_ones_reg[1]/CK <<<     -     R     DFFR_X1      136    -     1     0       0    (-,-) 
#-----------------------------------------------------------------------------------------------

#-------------------------------------------------------------------------------------------------------------
#            Timing Point             Flags    Arc   Edge   Cell     Fanout Load Trans Delay Arrival Instance 
#                                                                           (fF)  (ps)  (ps)   (ps)  Location 
#-------------------------------------------------------------------------------------------------------------
  st1_hot_ones_reg[1]/CK              -       -      R     (arrival)    136    -     1     0       0    (-,-) 
  st1_hot_ones_reg[1]/Q               -       CK->Q  F     DFFR_X1        2  2.9     8    87      87    (-,-) 
  csa_tree_add_184_79_groupi_g2210/ZN -       A1->ZN R     NAND2_X1       1  2.0    10    15     102    (-,-) 
  csa_tree_add_184_79_groupi_g2200/ZN -       A2->ZN F     NAND2_X1       3  5.7    14    22     124    (-,-) 
  csa_tree_add_184_79_groupi_g2149/ZN -       A1->ZN R     NOR2_X1        1  3.4    23    34     158    (-,-) 
  csa_tree_add_184_79_groupi_g2072/ZN -       B1->ZN F     OAI21_X2       2  5.3    12    20     178    (-,-) 
  g89515/CO                           -       CI->CO F     FA_X1          2  4.1    17    74     252    (-,-) 
  csa_tree_add_184_79_groupi_g2047/ZN -       A->ZN  R     INV_X1         1  2.0     9    17     269    (-,-) 
  csa_tree_add_184_79_groupi_g2046/ZN -       B1->ZN F     OAI21_X1       3  5.6    16    22     291    (-,-) 
  csa_tree_add_184_79_groupi_g2044/ZN -       B1->ZN R     AOI21_X1       2  4.4    34    42     334    (-,-) 
  csa_tree_add_184_79_groupi_g2041/ZN -       B1->ZN F     OAI21_X1       2  4.1    16    26     360    (-,-) 
  csa_tree_add_184_79_groupi_g2038/ZN -       A1->ZN R     NAND2_X1       1  1.9    10    18     378    (-,-) 
  csa_tree_add_184_79_groupi_g2037/ZN -       A1->ZN F     NAND2_X1       4  7.2    16    25     403    (-,-) 
  g89525/ZN                           -       A1->ZN R     NAND4_X1       1  1.9    15    22     425    (-,-) 
  csa_tree_add_184_79_groupi_g2033/ZN -       A1->ZN F     NAND2_X1       3  5.8    14    24     448    (-,-) 
  csa_tree_add_184_79_groupi_g2029/ZN -       A1->ZN R     NAND2_X1       1  1.9    10    18     466    (-,-) 
  csa_tree_add_184_79_groupi_g2028/ZN -       A1->ZN F     NAND2_X1       4  7.4    17    25     491    (-,-) 
  csa_tree_add_184_79_groupi_g2016/ZN -       A1->ZN R     NAND3_X1       1  1.9    12    20     512    (-,-) 
  csa_tree_add_184_79_groupi_g2013/ZN -       A1->ZN F     NAND2_X1       4  7.5    17    26     538    (-,-) 
  csa_tree_add_184_79_groupi_g2002/ZN -       A1->ZN R     NAND3_X1       1  1.9    12    20     558    (-,-) 
  csa_tree_add_184_79_groupi_g2001/ZN -       A->ZN  F     OAI211_X1      2  4.1    21    35     593    (-,-) 
  csa_tree_add_184_79_groupi_g1996/ZN -       A1->ZN R     NAND2_X1       1  1.9    11    20     613    (-,-) 
  csa_tree_add_184_79_groupi_g1995/ZN -       A1->ZN F     NAND2_X1       2  4.1    11    18     632    (-,-) 
  csa_tree_add_184_79_groupi_g1992/ZN -       A1->ZN R     NAND2_X1       1  1.9    10    16     648    (-,-) 
  csa_tree_add_184_79_groupi_g1991/ZN -       A1->ZN F     NAND2_X1       1  3.9    11    18     666    (-,-) 
  g89526/S                            -       A->S   R     FA_X1         19 38.1    91   198     864    (-,-) 
  g89456/ZN                           -       A->ZN  F     INV_X1        10 18.8    37    54     918    (-,-) 
  g89412/ZN                           -       A1->ZN R     NAND2_X1       1  2.0    15    26     943    (-,-) 
  g89318/ZN                           -       A2->ZN F     NAND2_X1       1  1.4     8    14     958    (-,-) 
  st2_sum_mag_reg[25]/D               -       -      F     DFFR_X1        1    -     -     0     958    (-,-) 
#-------------------------------------------------------------------------------------------------------------

Capture clock path:
#-----------------------------------------------------------------------------------------------
#     Timing Point       Flags   Arc   Edge   Cell     Fanout Load Trans Delay Arrival Instance 
#                                                             (fF)  (ps)  (ps)   (ps)  Location 
#-----------------------------------------------------------------------------------------------
  clk                    (i)     -     R     (arrival)    136  0.0     0     0    1031    (-,-) 
  st2_sum_mag_reg[25]/CK <<<     -     R     DFFR_X1      136    -     1     0    1031    (-,-) 
#-----------------------------------------------------------------------------------------------



Path 42: MET (34 ps) Setup Check with Pin st1_carry_vec_reg[19]/CK->D
           View: view_1p2_25
          Group: clock1
     Startpoint: (F) add_b[25]
          Clock: (R) clock1
       Endpoint: (F) st1_carry_vec_reg[19]/D
          Clock: (R) clock1

                     Capture       Launch     
        Clock Edge:+    1031            0     
        Drv Adjust:+       0            0     
       Src Latency:+       0            0     
       Net Latency:+       0 (I)        0 (I) 
           Arrival:=    1031            0     
                                              
             Setup:-      42                  
       Uncertainty:-       0                  
     Required Time:=     989                  
      Launch Clock:-       0                  
       Input Delay:-       1                  
         Data Path:-     954                  
             Slack:=      34                  

Exceptions/Constraints:
  input_delay              1              sysarr_4_input_fp_ad_line_21_39_1   

#-------------------------------------------------------------------------------------------------
#      Timing Point       Flags    Arc   Edge   Cell     Fanout Load Trans Delay Arrival Instance 
#                                                               (fF)  (ps)  (ps)   (ps)  Location 
#-------------------------------------------------------------------------------------------------
  add_b[25]               -       -      F     (arrival)      5  9.9     0     0       1    (-,-) 
  g89490/ZN               -       A->ZN  R     INV_X2         6 12.6    17    20      21    (-,-) 
  g89446/ZN               -       A1->ZN F     NOR2_X1        1  1.9     6    11      32    (-,-) 
  g89128/ZN               -       C2->ZN R     OAI211_X1      1  3.4    28    42      73    (-,-) 
  g89107/ZN               -       B1->ZN F     AOI21_X2       1  3.0    11    18      91    (-,-) 
  g89086/ZN               -       B1->ZN R     OAI21_X2       1  6.7    26    36     127    (-,-) 
  g89062/ZN               -       B1->ZN F     AOI21_X4       1  5.9    14    17     144    (-,-) 
  g89048/ZN               -       B1->ZN R     OAI21_X4       6 21.3    35    47     192    (-,-) 
  g88923/ZN               -       A->ZN  F     INV_X8         9 18.9    10    13     205    (-,-) 
  g88921/ZN               -       A->ZN  R     INV_X4        14 26.2    18    26     230    (-,-) 
  g88905/ZN               -       A1->ZN R     AND2_X1       22 39.0    92   125     355    (-,-) 
  g88721/ZN               -       B1->ZN F     AOI22_X1       2  3.3    32    41     396    (-,-) 
  g88615__2346/ZN         -       A1->ZN R     NOR2_X1        1  2.0    20    35     431    (-,-) 
  g88456__1881/ZN         -       A->ZN  F     AOI221_X1      3  4.6    25    21     452    (-,-) 
  g88176__2883/Z          -       B->Z   F     MUX2_X1        2  2.9    11    68     520    (-,-) 
  g88110__6161/Z          -       B->Z   F     MUX2_X1        2  2.3    11    61     581    (-,-) 
  g88066__6131/Z          -       A->Z   F     MUX2_X1        3  5.5    14    67     648    (-,-) 
  g87910__7098/ZN         -       A2->ZN R     NOR2_X1        1  2.5    19    34     682    (-,-) 
  g87764__4319/ZN         -       A->ZN  F     XNOR2_X1       2  2.8    25    20     702    (-,-) 
  g87690__6161/ZN         -       A1->ZN F     AND2_X1        2  3.0     8    39     741    (-,-) 
  g87648__5115/ZN         -       A2->ZN R     NOR2_X1        1  3.5    24    37     778    (-,-) 
  g87544__4733/S          -       A->S   R     HA_X1          2  4.3    34    64     841    (-,-) 
  g87516__1666/Z          -       A->Z   R     XOR2_X1        2  4.4    35    65     906    (-,-) 
  g87494/ZN               -       A->ZN  F     INV_X1         1  1.7     9    10     916    (-,-) 
  g87487__8428/ZN         -       A1->ZN R     NOR2_X1        1  1.9    16    24     941    (-,-) 
  g87474__6417/ZN         -       A->ZN  F     AOI21_X1       1  1.4    12    15     955    (-,-) 
  st1_carry_vec_reg[19]/D -       -      F     DFFR_X1        1    -     -     0     955    (-,-) 
#-------------------------------------------------------------------------------------------------

Capture clock path:
#-------------------------------------------------------------------------------------------------
#      Timing Point        Flags   Arc   Edge   Cell     Fanout Load Trans Delay Arrival Instance 
#                                                               (fF)  (ps)  (ps)   (ps)  Location 
#-------------------------------------------------------------------------------------------------
  clk                      (i)     -     R     (arrival)    136  0.0     0     0    1031    (-,-) 
  st1_carry_vec_reg[19]/CK <<<     -     R     DFFR_X1      136    -     1     0    1031    (-,-) 
#-------------------------------------------------------------------------------------------------



Path 43: MET (35 ps) Setup Check with Pin st1_carry_vec_reg[5]/CK->D
           View: view_1p2_25
          Group: clock1
     Startpoint: (R) add_c[23]
          Clock: (R) clock1
       Endpoint: (F) st1_carry_vec_reg[5]/D
          Clock: (R) clock1

                     Capture       Launch     
        Clock Edge:+    1031            0     
        Drv Adjust:+       0            0     
       Src Latency:+       0            0     
       Net Latency:+       0 (I)        0 (I) 
           Arrival:=    1031            0     
                                              
             Setup:-      42                  
       Uncertainty:-       0                  
     Required Time:=     989                  
      Launch Clock:-       0                  
       Input Delay:-       1                  
         Data Path:-     953                  
             Slack:=      35                  

Exceptions/Constraints:
  input_delay              1              sysarr_4_input_fp_ad_line_21_73_1   

#------------------------------------------------------------------------------------------------
#     Timing Point       Flags    Arc   Edge   Cell     Fanout Load Trans Delay Arrival Instance 
#                                                              (fF)  (ps)  (ps)   (ps)  Location 
#------------------------------------------------------------------------------------------------
  add_c[23]              -       -      R     (arrival)      5 21.4     0     0       1    (-,-) 
  g89466/ZN              -       A->ZN  F     INV_X8         5 13.9     3     6       7    (-,-) 
  g89428/ZN              -       A1->ZN R     NAND2_X4       2  5.3     8    11      17    (-,-) 
  g89182/ZN              -       A1->ZN F     NAND2_X2       1  5.9     9    15      32    (-,-) 
  g89149/ZN              -       B1->ZN R     AOI21_X4       1  6.7    22    26      59    (-,-) 
  g89131/ZN              -       B1->ZN F     OAI21_X4       1  6.0    11    17      75    (-,-) 
  g89120/ZN              -       A1->ZN R     NAND2_X4       2 10.0    12    18      93    (-,-) 
  g89108/ZN              -       A1->ZN F     NAND2_X2       1  5.9     9    16     109    (-,-) 
  g89068/ZN              -       B2->ZN R     AOI21_X4       1  6.7    22    31     140    (-,-) 
  g89056/ZN              -       B1->ZN F     OAI21_X4       1  5.9    15    17     157    (-,-) 
  g88907/ZN              -       B1->ZN R     AOI21_X4       6 14.2    30    38     196    (-,-) 
  g88844/ZN              -       A1->ZN F     NAND2_X1       1  1.8    11    17     213    (-,-) 
  g88769/ZN              -       A->ZN  R     OAI21_X1       2  3.8    28    26     239    (-,-) 
  g88733/ZN              -       A->ZN  F     INV_X1         2  4.7    11    16     256    (-,-) 
  g88648__2398/ZN        -       A1->ZN R     NAND2_X1       1  3.4    14    20     275    (-,-) 
  g88600__5122/ZN        -       A1->ZN F     NAND2_X2      12 20.7    22    33     308    (-,-) 
  g88512__1666/ZN        -       A1->ZN F     AND2_X2        2  7.1     8    37     345    (-,-) 
  g88283__1666/ZN        -       A1->ZN R     AOI22_X2       2  6.9    33    40     385    (-,-) 
  g88245__6161/ZN        -       A1->ZN F     NOR2_X2        2  4.9    14    13     398    (-,-) 
  g88142__9945/ZN        -       A->ZN  R     AOI21_X1       2  4.3    34    55     453    (-,-) 
  g88035__5115/ZN        -       B1->ZN F     AOI21_X1       2  3.5    15    25     477    (-,-) 
  g88034/ZN              -       A->ZN  R     INV_X1         1  2.5    10    18     495    (-,-) 
  g88020__6783/ZN        -       A->ZN  R     XNOR2_X1       3  7.3    45    51     546    (-,-) 
  g87967__2883/ZN        -       A2->ZN R     AND3_X2       11 19.3    27    74     620    (-,-) 
  g87920__2346/ZN        -       A1->ZN F     NAND2_X1       7 11.2    29    40     660    (-,-) 
  g87696__7410/ZN        -       B1->ZN R     OAI221_X1      1  2.5    39    58     718    (-,-) 
  g87605__1617/ZN        -       A->ZN  R     XNOR2_X1       1  3.5    28    51     769    (-,-) 
  g87529__8428/S         -       A->S   R     HA_X1          2  4.4    34    65     834    (-,-) 
  g87524/ZN              -       A->ZN  F     INV_X1         1  1.7     9    10     844    (-,-) 
  g87515__2346/ZN        -       A1->ZN R     NOR2_X1        1  2.0    18    25     868    (-,-) 
  g87511__6161/ZN        -       A1->ZN F     NOR2_X1        1  3.9     8    14     883    (-,-) 
  g87405__6260/CO        -       A->CO  F     FA_X1          1  1.4    12    71     954    (-,-) 
  st1_carry_vec_reg[5]/D -       -      F     DFFR_X1        1    -     -     0     954    (-,-) 
#------------------------------------------------------------------------------------------------

Capture clock path:
#------------------------------------------------------------------------------------------------
#      Timing Point       Flags   Arc   Edge   Cell     Fanout Load Trans Delay Arrival Instance 
#                                                              (fF)  (ps)  (ps)   (ps)  Location 
#------------------------------------------------------------------------------------------------
  clk                     (i)     -     R     (arrival)    136  0.0     0     0    1031    (-,-) 
  st1_carry_vec_reg[5]/CK <<<     -     R     DFFR_X1      136    -     1     0    1031    (-,-) 
#------------------------------------------------------------------------------------------------



Path 44: MET (35 ps) Setup Check with Pin st1_carry_vec_reg[1]/CK->D
           View: view_1p2_25
          Group: clock1
     Startpoint: (R) add_a[25]
          Clock: (R) clock1
       Endpoint: (F) st1_carry_vec_reg[1]/D
          Clock: (R) clock1

                     Capture       Launch     
        Clock Edge:+    1031            0     
        Drv Adjust:+       0            0     
       Src Latency:+       0            0     
       Net Latency:+       0 (I)        0 (I) 
           Arrival:=    1031            0     
                                              
             Setup:-      42                  
       Uncertainty:-       0                  
     Required Time:=     989                  
      Launch Clock:-       0                  
       Input Delay:-       1                  
         Data Path:-     953                  
             Slack:=      35                  

Exceptions/Constraints:
  input_delay              1              sysarr_4_input_fp_ad_line_21_7_1   

#------------------------------------------------------------------------------------------------
#     Timing Point       Flags    Arc   Edge   Cell     Fanout Load Trans Delay Arrival Instance 
#                                                              (fF)  (ps)  (ps)   (ps)  Location 
#------------------------------------------------------------------------------------------------
  add_a[25]              -       -      R     (arrival)      7 14.6     0     0       1    (-,-) 
  g89480/ZN              -       A->ZN  F     INV_X2         4  8.0     5     8       9    (-,-) 
  g89388/ZN              -       B1->ZN R     AOI22_X2       1  1.9    21    36      44    (-,-) 
  g89187/ZN              -       B1->ZN F     AOI21_X1       1  1.8    10    17      62    (-,-) 
  g89148/ZN              -       B1->ZN R     OAI21_X1       1  1.9    19    28      90    (-,-) 
  g89138/ZN              -       A1->ZN F     NAND2_X1       1  3.0    10    19     108    (-,-) 
  g89119/ZN              -       B1->ZN R     AOI21_X2       2  6.9    30    36     144    (-,-) 
  g89092/ZN              -       B1->ZN F     AOI21_X2       1  5.9    13    22     167    (-,-) 
  g89059/ZN              -       B1->ZN R     OAI21_X4       2 10.2    22    33     200    (-,-) 
  g89049/ZN              -       A2->ZN R     AND2_X4        9 28.8    20    48     248    (-,-) 
  g89001/ZN              -       A->ZN  F     INV_X2         2  9.1     9    15     263    (-,-) 
  g88999/ZN              -       A->ZN  R     INV_X4        33 60.3    37    46     308    (-,-) 
  g88599__1705/Z         -       S->Z   F     MUX2_X1        4  7.9    17    76     384    (-,-) 
  g88403__2398/ZN        -       B->ZN  F     XNOR2_X1       2  4.4    18    48     432    (-,-) 
  g88076__2883/ZN        -       A2->ZN R     NAND2_X1       1  1.9    11    22     454    (-,-) 
  g88053__6260/ZN        -       A1->ZN F     NAND2_X1       2  4.1    11    18     473    (-,-) 
  g88029/ZN              -       A->ZN  R     INV_X1         1  1.9     8    14     487    (-,-) 
  g88026__5122/ZN        -       A1->ZN F     NAND2_X1       1  1.9    10    12     499    (-,-) 
  g88005__9315/ZN        -       A1->ZN R     NAND3_X1       1  1.9    12    17     516    (-,-) 
  g87993__8246/ZN        -       A1->ZN R     AND3_X2        4  9.3    17    49     565    (-,-) 
  g87969__1666/ZN        -       A1->ZN R     AND3_X2        6 12.5    20    54     619    (-,-) 
  g87917__9315/ZN        -       A1->ZN F     NAND2_X1       6  9.7    30    34     653    (-,-) 
  g87886/ZN              -       A->ZN  R     INV_X1         2  3.7    15    27     680    (-,-) 
  g87826__1666/ZN        -       A1->ZN F     NAND2_X1       1  1.8     9    15     695    (-,-) 
  g87756__2346/ZN        -       A->ZN  R     OAI221_X1      1  2.0    37    22     717    (-,-) 
  g87706__3680/ZN        -       A1->ZN F     NOR2_X1        1  2.4    11    13     730    (-,-) 
  g87614__7482/ZN        -       A->ZN  F     XNOR2_X1       1  3.4    19    42     772    (-,-) 
  g87527__6260/S         -       A->S   F     HA_X1          2  4.2    15    59     831    (-,-) 
  g89502/Z               -       A->Z   F     XOR2_X1        1  3.0    15    55     886    (-,-) 
  g87403__2398/CO        -       CI->CO F     FA_X1          1  1.4    12    67     954    (-,-) 
  st1_carry_vec_reg[1]/D -       -      F     DFFR_X1        1    -     -     0     954    (-,-) 
#------------------------------------------------------------------------------------------------

Capture clock path:
#------------------------------------------------------------------------------------------------
#      Timing Point       Flags   Arc   Edge   Cell     Fanout Load Trans Delay Arrival Instance 
#                                                              (fF)  (ps)  (ps)   (ps)  Location 
#------------------------------------------------------------------------------------------------
  clk                     (i)     -     R     (arrival)    136  0.0     0     0    1031    (-,-) 
  st1_carry_vec_reg[1]/CK <<<     -     R     DFFR_X1      136    -     1     0    1031    (-,-) 
#------------------------------------------------------------------------------------------------



Path 45: MET (36 ps) Setup Check with Pin st1_carry_vec_reg[11]/CK->D
           View: view_1p2_25
          Group: clock1
     Startpoint: (F) add_c[26]
          Clock: (R) clock1
       Endpoint: (F) st1_carry_vec_reg[11]/D
          Clock: (R) clock1

                     Capture       Launch     
        Clock Edge:+    1031            0     
        Drv Adjust:+       0            0     
       Src Latency:+       0            0     
       Net Latency:+       0 (I)        0 (I) 
           Arrival:=    1031            0     
                                              
             Setup:-      42                  
       Uncertainty:-       0                  
     Required Time:=     989                  
      Launch Clock:-       0                  
       Input Delay:-       1                  
         Data Path:-     952                  
             Slack:=      36                  

Exceptions/Constraints:
  input_delay              1              sysarr_4_input_fp_ad_line_21_70_1   

#-------------------------------------------------------------------------------------------------
#      Timing Point       Flags    Arc   Edge   Cell     Fanout Load Trans Delay Arrival Instance 
#                                                               (fF)  (ps)  (ps)   (ps)  Location 
#-------------------------------------------------------------------------------------------------
  add_c[26]               -       -      F     (arrival)      6 10.2     0     0       1    (-,-) 
  g89493/ZN               -       A->ZN  R     INV_X1         6 11.1    28    31      32    (-,-) 
  g89415/ZN               -       A1->ZN F     NAND2_X1       1  5.9    17    28      60    (-,-) 
  g89131/ZN               -       A->ZN  R     OAI21_X4       1  6.3    18    24      84    (-,-) 
  g89120/ZN               -       A1->ZN F     NAND2_X4       2  9.0     9    17     101    (-,-) 
  g89095/ZN               -       B1->ZN R     OAI21_X4       1  6.7    18    27     128    (-,-) 
  g89068/ZN               -       B1->ZN F     AOI21_X4       1  5.9    15    16     144    (-,-) 
  g89056/ZN               -       B1->ZN R     OAI21_X4       1  6.7    18    29     173    (-,-) 
  g88907/ZN               -       B1->ZN F     AOI21_X4       6 12.8    11    21     194    (-,-) 
  g88893/ZN               -       A->ZN  R     INV_X1         3  8.8    22    31     225    (-,-) 
  g88892/ZN               -       A->ZN  F     INV_X2         8 16.7    12    22     247    (-,-) 
  g88890/ZN               -       A->ZN  R     INV_X4        17 31.3    20    30     276    (-,-) 
  g88770/Z                -       S->Z   F     MUX2_X1        3  7.8    16    74     350    (-,-) 
  g88562__6131/ZN         -       A->ZN  R     XNOR2_X2      17 39.5   102   122     472    (-,-) 
  g88536/ZN               -       A->ZN  F     INV_X2        13 31.1    37    49     522    (-,-) 
  g88387__9315/Z          -       A->Z   R     XOR2_X2       11 29.5    83   105     627    (-,-) 
  g167/ZN                 -       A->ZN  F     INV_X2         6 13.9    24    27     653    (-,-) 
  g88266__2802/Z          -       A->Z   F     XOR2_X1        1  2.7    12    59     712    (-,-) 
  g87678__5115/ZN         -       B->ZN  R     XNOR2_X1       2  4.9    34    50     762    (-,-) 
  g87596__8428/ZN         -       A->ZN  R     XNOR2_X1       2  5.9    38    55     817    (-,-) 
  g87576/ZN               -       A->ZN  F     INV_X1         1  1.2     9     8     825    (-,-) 
  g87546__9315/Z          -       B->Z   F     MUX2_X1        1  3.0    12    62     887    (-,-) 
  g87483__5107/CO         -       CI->CO F     FA_X1          1  1.4    12    66     953    (-,-) 
  st1_carry_vec_reg[11]/D -       -      F     DFFR_X1        1    -     -     0     953    (-,-) 
#-------------------------------------------------------------------------------------------------

Capture clock path:
#-------------------------------------------------------------------------------------------------
#      Timing Point        Flags   Arc   Edge   Cell     Fanout Load Trans Delay Arrival Instance 
#                                                               (fF)  (ps)  (ps)   (ps)  Location 
#-------------------------------------------------------------------------------------------------
  clk                      (i)     -     R     (arrival)    136  0.0     0     0    1031    (-,-) 
  st1_carry_vec_reg[11]/CK <<<     -     R     DFFR_X1      136    -     1     0    1031    (-,-) 
#-------------------------------------------------------------------------------------------------



Path 46: MET (37 ps) Setup Check with Pin st1_carry_vec_reg[4]/CK->D
           View: view_1p2_25
          Group: clock1
     Startpoint: (R) add_c[23]
          Clock: (R) clock1
       Endpoint: (F) st1_carry_vec_reg[4]/D
          Clock: (R) clock1

                     Capture       Launch     
        Clock Edge:+    1031            0     
        Drv Adjust:+       0            0     
       Src Latency:+       0            0     
       Net Latency:+       0 (I)        0 (I) 
           Arrival:=    1031            0     
                                              
             Setup:-      42                  
       Uncertainty:-       0                  
     Required Time:=     989                  
      Launch Clock:-       0                  
       Input Delay:-       1                  
         Data Path:-     951                  
             Slack:=      37                  

Exceptions/Constraints:
  input_delay              1              sysarr_4_input_fp_ad_line_21_73_1   

#------------------------------------------------------------------------------------------------
#     Timing Point       Flags    Arc   Edge   Cell     Fanout Load Trans Delay Arrival Instance 
#                                                              (fF)  (ps)  (ps)   (ps)  Location 
#------------------------------------------------------------------------------------------------
  add_c[23]              -       -      R     (arrival)      5 21.4     0     0       1    (-,-) 
  g89466/ZN              -       A->ZN  F     INV_X8         5 13.9     3     6       7    (-,-) 
  g89428/ZN              -       A1->ZN R     NAND2_X4       2  5.3     8    11      17    (-,-) 
  g89182/ZN              -       A1->ZN F     NAND2_X2       1  5.9     9    15      32    (-,-) 
  g89149/ZN              -       B1->ZN R     AOI21_X4       1  6.7    22    26      59    (-,-) 
  g89131/ZN              -       B1->ZN F     OAI21_X4       1  6.0    11    17      75    (-,-) 
  g89120/ZN              -       A1->ZN R     NAND2_X4       2 10.0    12    18      93    (-,-) 
  g89108/ZN              -       A1->ZN F     NAND2_X2       1  5.9     9    16     109    (-,-) 
  g89068/ZN              -       B2->ZN R     AOI21_X4       1  6.7    22    31     140    (-,-) 
  g89056/ZN              -       B1->ZN F     OAI21_X4       1  5.9    15    17     157    (-,-) 
  g88907/ZN              -       B1->ZN R     AOI21_X4       6 14.2    30    38     196    (-,-) 
  g88899/ZN              -       A->ZN  F     INV_X2         4  8.5    11    16     212    (-,-) 
  g88898/ZN              -       A->ZN  R     INV_X1         3  5.8    16    24     236    (-,-) 
  g88897/ZN              -       A->ZN  F     INV_X1         2  5.2     9    15     250    (-,-) 
  g88799/ZN              -       A2->ZN R     NOR2_X2        5  9.1    29    42     293    (-,-) 
  g88740/ZN              -       A1->ZN F     NAND2_X1       1  3.2    13    21     314    (-,-) 
  g88583__2883/ZN        -       B->ZN  R     OAI211_X2      3  9.3    35    33     347    (-,-) 
  g88531__6131/ZN        -       A1->ZN F     NOR2_X4        3  8.2    10    12     359    (-,-) 
  g88211__2346/ZN        -       A2->ZN R     AOI22_X1       2  4.4    37    50     409    (-,-) 
  g88204/ZN              -       A->ZN  F     INV_X1         1  1.7    10    10     419    (-,-) 
  g88143__2883/ZN        -       B1->ZN R     AOI21_X1       1  3.1    28    34     453    (-,-) 
  g88031__7098/CO        -       CI->CO R     FA_X1          1  3.1    14    54     506    (-,-) 
  g88011__6417/S         -       CI->S  F     FA_X1          4  7.2    21   103     609    (-,-) 
  g88000__4733/ZN        -       A1->ZN R     NOR2_X1        3  4.8    30    44     654    (-,-) 
  g87964__6161/ZN        -       A1->ZN R     AND2_X1       10 18.0    44    78     732    (-,-) 
  g87946/ZN              -       A->ZN  F     INV_X1         3  5.1    15    19     751    (-,-) 
  g87746__5115/ZN        -       C1->ZN R     OAI222_X1      1  2.0    47    55     806    (-,-) 
  g87710__5122/ZN        -       A1->ZN F     NOR2_X1        1  2.5    13    14     819    (-,-) 
  g87616__6161/Z         -       A->Z   F     XOR2_X1        1  3.7    19    55     874    (-,-) 
  g87404__5107/CO        -       B->CO  F     FA_X1          1  1.4    12    78     952    (-,-) 
  st1_carry_vec_reg[4]/D -       -      F     DFFR_X1        1    -     -     0     952    (-,-) 
#------------------------------------------------------------------------------------------------

Capture clock path:
#------------------------------------------------------------------------------------------------
#      Timing Point       Flags   Arc   Edge   Cell     Fanout Load Trans Delay Arrival Instance 
#                                                              (fF)  (ps)  (ps)   (ps)  Location 
#------------------------------------------------------------------------------------------------
  clk                     (i)     -     R     (arrival)    136  0.0     0     0    1031    (-,-) 
  st1_carry_vec_reg[4]/CK <<<     -     R     DFFR_X1      136    -     1     0    1031    (-,-) 
#------------------------------------------------------------------------------------------------



Path 47: MET (37 ps) Setup Check with Pin st1_carry_vec_reg[2]/CK->D
           View: view_1p2_25
          Group: clock1
     Startpoint: (R) add_a[25]
          Clock: (R) clock1
       Endpoint: (F) st1_carry_vec_reg[2]/D
          Clock: (R) clock1

                     Capture       Launch     
        Clock Edge:+    1031            0     
        Drv Adjust:+       0            0     
       Src Latency:+       0            0     
       Net Latency:+       0 (I)        0 (I) 
           Arrival:=    1031            0     
                                              
             Setup:-      42                  
       Uncertainty:-       0                  
     Required Time:=     989                  
      Launch Clock:-       0                  
       Input Delay:-       1                  
         Data Path:-     951                  
             Slack:=      37                  

Exceptions/Constraints:
  input_delay              1              sysarr_4_input_fp_ad_line_21_7_1   

#------------------------------------------------------------------------------------------------
#     Timing Point       Flags    Arc   Edge   Cell     Fanout Load Trans Delay Arrival Instance 
#                                                              (fF)  (ps)  (ps)   (ps)  Location 
#------------------------------------------------------------------------------------------------
  add_a[25]              -       -      R     (arrival)      7 14.6     0     0       1    (-,-) 
  g89480/ZN              -       A->ZN  F     INV_X2         4  8.0     5     8       9    (-,-) 
  g89388/ZN              -       B1->ZN R     AOI22_X2       1  1.9    21    36      44    (-,-) 
  g89187/ZN              -       B1->ZN F     AOI21_X1       1  1.8    10    17      62    (-,-) 
  g89148/ZN              -       B1->ZN R     OAI21_X1       1  1.9    19    28      90    (-,-) 
  g89138/ZN              -       A1->ZN F     NAND2_X1       1  3.0    10    19     108    (-,-) 
  g89119/ZN              -       B1->ZN R     AOI21_X2       2  6.9    30    36     144    (-,-) 
  g89092/ZN              -       B1->ZN F     AOI21_X2       1  5.9    13    22     167    (-,-) 
  g89059/ZN              -       B1->ZN R     OAI21_X4       2 10.2    22    33     200    (-,-) 
  g89049/ZN              -       A2->ZN R     AND2_X4        9 28.8    20    48     248    (-,-) 
  g89001/ZN              -       A->ZN  F     INV_X2         2  9.1     9    15     263    (-,-) 
  g88999/ZN              -       A->ZN  R     INV_X4        33 60.3    37    46     308    (-,-) 
  g88599__1705/Z         -       S->Z   F     MUX2_X1        4  7.9    17    76     384    (-,-) 
  g88403__2398/ZN        -       B->ZN  F     XNOR2_X1       2  4.4    18    48     432    (-,-) 
  g88076__2883/ZN        -       A2->ZN R     NAND2_X1       1  1.9    11    22     454    (-,-) 
  g88053__6260/ZN        -       A1->ZN F     NAND2_X1       2  4.1    11    18     473    (-,-) 
  g88029/ZN              -       A->ZN  R     INV_X1         1  1.9     8    14     487    (-,-) 
  g88026__5122/ZN        -       A1->ZN F     NAND2_X1       1  1.9    10    12     499    (-,-) 
  g88005__9315/ZN        -       A1->ZN R     NAND3_X1       1  1.9    12    17     516    (-,-) 
  g87993__8246/ZN        -       A1->ZN R     AND3_X2        4  9.3    17    49     565    (-,-) 
  g87969__1666/ZN        -       A1->ZN R     AND3_X2        6 12.5    20    54     619    (-,-) 
  g87917__9315/ZN        -       A1->ZN F     NAND2_X1       6  9.7    30    34     653    (-,-) 
  g87886/ZN              -       A->ZN  R     INV_X1         2  3.7    15    27     680    (-,-) 
  g87826__1666/ZN        -       A1->ZN F     NAND2_X1       1  1.8     9    15     695    (-,-) 
  g87756__2346/ZN        -       A->ZN  R     OAI221_X1      1  2.0    37    22     717    (-,-) 
  g87706__3680/ZN        -       A1->ZN F     NOR2_X1        1  2.4    11    13     730    (-,-) 
  g87614__7482/ZN        -       A->ZN  R     XNOR2_X1       1  3.5    28    37     767    (-,-) 
  g87527__6260/S         -       A->S   R     HA_X1          2  4.4    34    65     832    (-,-) 
  g87522/ZN              -       A->ZN  F     INV_X1         1  1.7     9    10     842    (-,-) 
  g87514__2883/ZN        -       A1->ZN R     NOR2_X1        1  2.0    17    25     867    (-,-) 
  g87510__4733/ZN        -       A1->ZN F     NOR2_X1        1  3.9     8    14     881    (-,-) 
  g87410__8428/CO        -       A->CO  F     FA_X1          1  1.4    12    71     952    (-,-) 
  st1_carry_vec_reg[2]/D -       -      F     DFFR_X1        1    -     -     0     952    (-,-) 
#------------------------------------------------------------------------------------------------

Capture clock path:
#------------------------------------------------------------------------------------------------
#      Timing Point       Flags   Arc   Edge   Cell     Fanout Load Trans Delay Arrival Instance 
#                                                              (fF)  (ps)  (ps)   (ps)  Location 
#------------------------------------------------------------------------------------------------
  clk                     (i)     -     R     (arrival)    136  0.0     0     0    1031    (-,-) 
  st1_carry_vec_reg[2]/CK <<<     -     R     DFFR_X1      136    -     1     0    1031    (-,-) 
#------------------------------------------------------------------------------------------------



Path 48: MET (38 ps) Setup Check with Pin st1_sum_vec_reg[19]/CK->D
           View: view_1p2_25
          Group: clock1
     Startpoint: (F) add_b[25]
          Clock: (R) clock1
       Endpoint: (R) st1_sum_vec_reg[19]/D
          Clock: (R) clock1

                     Capture       Launch     
        Clock Edge:+    1031            0     
        Drv Adjust:+       0            0     
       Src Latency:+       0            0     
       Net Latency:+       0 (I)        0 (I) 
           Arrival:=    1031            0     
                                              
             Setup:-      36                  
       Uncertainty:-       0                  
     Required Time:=     995                  
      Launch Clock:-       0                  
       Input Delay:-       1                  
         Data Path:-     956                  
             Slack:=      38                  

Exceptions/Constraints:
  input_delay              1              sysarr_4_input_fp_ad_line_21_39_1   

#-----------------------------------------------------------------------------------------------
#     Timing Point      Flags    Arc   Edge   Cell     Fanout Load Trans Delay Arrival Instance 
#                                                             (fF)  (ps)  (ps)   (ps)  Location 
#-----------------------------------------------------------------------------------------------
  add_b[25]             -       -      F     (arrival)      5  9.9     0     0       1    (-,-) 
  g89490/ZN             -       A->ZN  R     INV_X2         6 12.6    17    20      21    (-,-) 
  g89446/ZN             -       A1->ZN F     NOR2_X1        1  1.9     6    11      32    (-,-) 
  g89128/ZN             -       C2->ZN R     OAI211_X1      1  3.4    28    42      73    (-,-) 
  g89107/ZN             -       B1->ZN F     AOI21_X2       1  3.0    11    18      91    (-,-) 
  g89086/ZN             -       B1->ZN R     OAI21_X2       1  6.7    26    36     127    (-,-) 
  g89062/ZN             -       B1->ZN F     AOI21_X4       1  5.9    14    17     144    (-,-) 
  g89048/ZN             -       B1->ZN R     OAI21_X4       6 21.3    35    47     192    (-,-) 
  g88923/ZN             -       A->ZN  F     INV_X8         9 18.9    10    13     205    (-,-) 
  g88921/ZN             -       A->ZN  R     INV_X4        14 26.2    18    26     230    (-,-) 
  g88905/ZN             -       A1->ZN R     AND2_X1       22 39.0    92   125     355    (-,-) 
  g88721/ZN             -       B1->ZN F     AOI22_X1       2  3.3    32    41     396    (-,-) 
  g88615__2346/ZN       -       A1->ZN R     NOR2_X1        1  2.0    20    35     431    (-,-) 
  g88456__1881/ZN       -       A->ZN  F     AOI221_X1      3  4.6    25    21     452    (-,-) 
  g88176__2883/Z        -       B->Z   F     MUX2_X1        2  2.9    11    68     520    (-,-) 
  g88110__6161/Z        -       B->Z   F     MUX2_X1        2  2.3    11    61     581    (-,-) 
  g88066__6131/Z        -       A->Z   F     MUX2_X1        3  5.5    14    67     648    (-,-) 
  g87910__7098/ZN       -       A2->ZN R     NOR2_X1        1  2.5    19    34     682    (-,-) 
  g87764__4319/ZN       -       A->ZN  F     XNOR2_X1       2  2.8    25    20     702    (-,-) 
  g87690__6161/ZN       -       A1->ZN F     AND2_X1        2  3.0     8    39     741    (-,-) 
  g87648__5115/ZN       -       A2->ZN R     NOR2_X1        1  3.5    24    37     778    (-,-) 
  g87544__4733/S        -       A->S   R     HA_X1          2  4.3    34    64     841    (-,-) 
  g87516__1666/Z        -       A->Z   R     XOR2_X1        2  4.4    35    65     906    (-,-) 
  g89501/Z              -       A->Z   R     XOR2_X1        1  1.4    20    50     957    (-,-) 
  st1_sum_vec_reg[19]/D -       -      R     DFFR_X1        1    -     -     0     957    (-,-) 
#-----------------------------------------------------------------------------------------------

Capture clock path:
#-----------------------------------------------------------------------------------------------
#     Timing Point       Flags   Arc   Edge   Cell     Fanout Load Trans Delay Arrival Instance 
#                                                             (fF)  (ps)  (ps)   (ps)  Location 
#-----------------------------------------------------------------------------------------------
  clk                    (i)     -     R     (arrival)    136  0.0     0     0    1031    (-,-) 
  st1_sum_vec_reg[19]/CK <<<     -     R     DFFR_X1      136    -     1     0    1031    (-,-) 
#-----------------------------------------------------------------------------------------------



Path 49: MET (41 ps) Setup Check with Pin st1_carry_vec_reg[17]/CK->D
           View: view_1p2_25
          Group: clock1
     Startpoint: (F) add_c[26]
          Clock: (R) clock1
       Endpoint: (F) st1_carry_vec_reg[17]/D
          Clock: (R) clock1

                     Capture       Launch     
        Clock Edge:+    1031            0     
        Drv Adjust:+       0            0     
       Src Latency:+       0            0     
       Net Latency:+       0 (I)        0 (I) 
           Arrival:=    1031            0     
                                              
             Setup:-      42                  
       Uncertainty:-       0                  
     Required Time:=     989                  
      Launch Clock:-       0                  
       Input Delay:-       1                  
         Data Path:-     947                  
             Slack:=      41                  

Exceptions/Constraints:
  input_delay              1              sysarr_4_input_fp_ad_line_21_70_1   

#-------------------------------------------------------------------------------------------------
#      Timing Point       Flags    Arc   Edge   Cell     Fanout Load Trans Delay Arrival Instance 
#                                                               (fF)  (ps)  (ps)   (ps)  Location 
#-------------------------------------------------------------------------------------------------
  add_c[26]               -       -      F     (arrival)      6 10.2     0     0       1    (-,-) 
  g89493/ZN               -       A->ZN  R     INV_X1         6 11.1    28    31      32    (-,-) 
  g89415/ZN               -       A1->ZN F     NAND2_X1       1  5.9    17    28      60    (-,-) 
  g89131/ZN               -       A->ZN  R     OAI21_X4       1  6.3    18    24      84    (-,-) 
  g89120/ZN               -       A1->ZN F     NAND2_X4       2  9.0     9    17     101    (-,-) 
  g89095/ZN               -       B1->ZN R     OAI21_X4       1  6.7    18    27     128    (-,-) 
  g89068/ZN               -       B1->ZN F     AOI21_X4       1  5.9    15    16     144    (-,-) 
  g89056/ZN               -       B1->ZN R     OAI21_X4       1  6.7    18    29     173    (-,-) 
  g88907/ZN               -       B1->ZN F     AOI21_X4       6 12.8    11    21     194    (-,-) 
  g88893/ZN               -       A->ZN  R     INV_X1         3  8.8    22    31     225    (-,-) 
  g88892/ZN               -       A->ZN  F     INV_X2         8 16.7    12    22     247    (-,-) 
  g88890/ZN               -       A->ZN  R     INV_X4        17 31.3    20    30     276    (-,-) 
  g88770/Z                -       S->Z   F     MUX2_X1        3  7.8    16    74     350    (-,-) 
  g88562__6131/ZN         -       A->ZN  R     XNOR2_X2      17 39.5   102   122     472    (-,-) 
  g88536/ZN               -       A->ZN  F     INV_X2        13 31.1    37    49     522    (-,-) 
  g88387__9315/Z          -       A->Z   R     XOR2_X2       11 29.5    83   105     627    (-,-) 
  g167/ZN                 -       A->ZN  F     INV_X2         6 13.9    24    27     653    (-,-) 
  g88260__4319/Z          -       A->Z   F     XOR2_X1        1  2.7    15    59     712    (-,-) 
  g87776__1881/Z          -       B->Z   F     XOR2_X1        2  4.7    14    63     775    (-,-) 
  g87633__5526/ZN         -       A->ZN  F     XNOR2_X1       2  2.9    15    43     818    (-,-) 
  g87559__8428/Z          -       A->Z   F     MUX2_X1        1  3.0    12    64     882    (-,-) 
  g87496__3680/CO         -       CI->CO F     FA_X1          1  1.4    12    66     948    (-,-) 
  st1_carry_vec_reg[17]/D -       -      F     DFFR_X1        1    -     -     0     948    (-,-) 
#-------------------------------------------------------------------------------------------------

Capture clock path:
#-------------------------------------------------------------------------------------------------
#      Timing Point        Flags   Arc   Edge   Cell     Fanout Load Trans Delay Arrival Instance 
#                                                               (fF)  (ps)  (ps)   (ps)  Location 
#-------------------------------------------------------------------------------------------------
  clk                      (i)     -     R     (arrival)    136  0.0     0     0    1031    (-,-) 
  st1_carry_vec_reg[17]/CK <<<     -     R     DFFR_X1      136    -     1     0    1031    (-,-) 
#-------------------------------------------------------------------------------------------------



Path 50: MET (42 ps) Setup Check with Pin st1_carry_vec_reg[18]/CK->D
           View: view_1p2_25
          Group: clock1
     Startpoint: (F) add_c[26]
          Clock: (R) clock1
       Endpoint: (F) st1_carry_vec_reg[18]/D
          Clock: (R) clock1

                     Capture       Launch     
        Clock Edge:+    1031            0     
        Drv Adjust:+       0            0     
       Src Latency:+       0            0     
       Net Latency:+       0 (I)        0 (I) 
           Arrival:=    1031            0     
                                              
             Setup:-      42                  
       Uncertainty:-       0                  
     Required Time:=     989                  
      Launch Clock:-       0                  
       Input Delay:-       1                  
         Data Path:-     946                  
             Slack:=      42                  

Exceptions/Constraints:
  input_delay              1              sysarr_4_input_fp_ad_line_21_70_1   

#-------------------------------------------------------------------------------------------------
#      Timing Point       Flags    Arc   Edge   Cell     Fanout Load Trans Delay Arrival Instance 
#                                                               (fF)  (ps)  (ps)   (ps)  Location 
#-------------------------------------------------------------------------------------------------
  add_c[26]               -       -      F     (arrival)      6 10.2     0     0       1    (-,-) 
  g89493/ZN               -       A->ZN  R     INV_X1         6 11.1    28    31      32    (-,-) 
  g89415/ZN               -       A1->ZN F     NAND2_X1       1  5.9    17    28      60    (-,-) 
  g89131/ZN               -       A->ZN  R     OAI21_X4       1  6.3    18    24      84    (-,-) 
  g89120/ZN               -       A1->ZN F     NAND2_X4       2  9.0     9    17     101    (-,-) 
  g89095/ZN               -       B1->ZN R     OAI21_X4       1  6.7    18    27     128    (-,-) 
  g89068/ZN               -       B1->ZN F     AOI21_X4       1  5.9    15    16     144    (-,-) 
  g89056/ZN               -       B1->ZN R     OAI21_X4       1  6.7    18    29     173    (-,-) 
  g88907/ZN               -       B1->ZN F     AOI21_X4       6 12.8    11    21     194    (-,-) 
  g88893/ZN               -       A->ZN  R     INV_X1         3  8.8    22    31     225    (-,-) 
  g88892/ZN               -       A->ZN  F     INV_X2         8 16.7    12    22     247    (-,-) 
  g88890/ZN               -       A->ZN  R     INV_X4        17 31.3    20    30     276    (-,-) 
  g88770/Z                -       S->Z   F     MUX2_X1        3  7.8    16    74     350    (-,-) 
  g88562__6131/ZN         -       A->ZN  R     XNOR2_X2      17 39.5   102   122     472    (-,-) 
  g88536/ZN               -       A->ZN  F     INV_X2        13 31.1    37    49     522    (-,-) 
  g88387__9315/Z          -       A->Z   R     XOR2_X2       11 29.5    83   105     627    (-,-) 
  g167/ZN                 -       A->ZN  F     INV_X2         6 13.9    24    27     653    (-,-) 
  g88261__8428/Z          -       A->Z   F     XOR2_X1        1  2.7    12    59     712    (-,-) 
  g87774__7098/Z          -       B->Z   F     XOR2_X1        2  4.7    14    62     774    (-,-) 
  g87636__1617/ZN         -       A->ZN  F     XNOR2_X1       2  2.9    15    43     817    (-,-) 
  g87562__3680/Z          -       A->Z   F     MUX2_X1        1  3.0    12    64     881    (-,-) 
  g87497__1617/CO         -       CI->CO F     FA_X1          1  1.4    12    66     947    (-,-) 
  st1_carry_vec_reg[18]/D -       -      F     DFFR_X1        1    -     -     0     947    (-,-) 
#-------------------------------------------------------------------------------------------------

Capture clock path:
#-------------------------------------------------------------------------------------------------
#      Timing Point        Flags   Arc   Edge   Cell     Fanout Load Trans Delay Arrival Instance 
#                                                               (fF)  (ps)  (ps)   (ps)  Location 
#-------------------------------------------------------------------------------------------------
  clk                      (i)     -     R     (arrival)    136  0.0     0     0    1031    (-,-) 
  st1_carry_vec_reg[18]/CK <<<     -     R     DFFR_X1      136    -     1     0    1031    (-,-) 
#-------------------------------------------------------------------------------------------------



Path 51: MET (44 ps) Setup Check with Pin st1_carry_vec_reg[7]/CK->D
           View: view_1p2_25
          Group: clock1
     Startpoint: (R) add_c[23]
          Clock: (R) clock1
       Endpoint: (R) st1_carry_vec_reg[7]/D
          Clock: (R) clock1

                     Capture       Launch     
        Clock Edge:+    1031            0     
        Drv Adjust:+       0            0     
       Src Latency:+       0            0     
       Net Latency:+       0 (I)        0 (I) 
           Arrival:=    1031            0     
                                              
             Setup:-      32                  
       Uncertainty:-       0                  
     Required Time:=     998                  
      Launch Clock:-       0                  
       Input Delay:-       1                  
         Data Path:-     953                  
             Slack:=      44                  

Exceptions/Constraints:
  input_delay              1              sysarr_4_input_fp_ad_line_21_73_1   

#------------------------------------------------------------------------------------------------
#     Timing Point       Flags    Arc   Edge   Cell     Fanout Load Trans Delay Arrival Instance 
#                                                              (fF)  (ps)  (ps)   (ps)  Location 
#------------------------------------------------------------------------------------------------
  add_c[23]              -       -      R     (arrival)      5 21.4     0     0       1    (-,-) 
  g89466/ZN              -       A->ZN  F     INV_X8         5 13.9     3     6       7    (-,-) 
  g89428/ZN              -       A1->ZN R     NAND2_X4       2  5.3     8    11      17    (-,-) 
  g89182/ZN              -       A1->ZN F     NAND2_X2       1  5.9     9    15      32    (-,-) 
  g89149/ZN              -       B1->ZN R     AOI21_X4       1  6.7    22    26      59    (-,-) 
  g89131/ZN              -       B1->ZN F     OAI21_X4       1  6.0    11    17      75    (-,-) 
  g89120/ZN              -       A1->ZN R     NAND2_X4       2 10.0    12    18      93    (-,-) 
  g89108/ZN              -       A1->ZN F     NAND2_X2       1  5.9     9    16     109    (-,-) 
  g89068/ZN              -       B2->ZN R     AOI21_X4       1  6.7    22    31     140    (-,-) 
  g89056/ZN              -       B1->ZN F     OAI21_X4       1  5.9    15    17     157    (-,-) 
  g88907/ZN              -       B1->ZN R     AOI21_X4       6 14.2    30    38     196    (-,-) 
  g88899/ZN              -       A->ZN  F     INV_X2         4  8.5    11    16     212    (-,-) 
  g88898/ZN              -       A->ZN  R     INV_X1         3  5.8    16    24     236    (-,-) 
  g88897/ZN              -       A->ZN  F     INV_X1         2  5.2     9    15     250    (-,-) 
  g88841/ZN              -       A1->ZN R     NAND2_X1       1  3.5    13    19     269    (-,-) 
  g88768/ZN              -       A->ZN  F     OAI21_X2       2  8.3    13    25     294    (-,-) 
  g88598__2802/ZN        -       A1->ZN R     AOI22_X4       5 11.1    30    39     333    (-,-) 
  g88571/ZN              -       A->ZN  F     INV_X1         3  5.9    12    19     352    (-,-) 
  g88386__6161/ZN        -       B->ZN  R     XNOR2_X1       2  3.9    29    44     396    (-,-) 
  g88143__2883/ZN        -       B2->ZN F     AOI21_X1       1  3.0    11    22     419    (-,-) 
  g88031__7098/CO        -       CI->CO F     FA_X1          1  3.0    15    71     490    (-,-) 
  g88011__6417/S         -       CI->S  R     FA_X1          4  8.3    25   128     617    (-,-) 
  g88000__4733/ZN        -       A1->ZN F     NOR2_X1        3  4.5    10    17     634    (-,-) 
  g87964__6161/ZN        -       A1->ZN F     AND2_X1       10 17.0    21    52     685    (-,-) 
  g87749__6161/ZN        -       C1->ZN R     AOI222_X1      1  2.0    49    91     777    (-,-) 
  g87709__1705/ZN        -       A->ZN  F     OAI21_X1       1  2.5    14    29     806    (-,-) 
  g87602__5526/Z         -       A->Z   F     XOR2_X1        1  3.7    19    56     861    (-,-) 
  g87425__6783/CO        -       B->CO  F     FA_X1          1  1.8    13    79     941    (-,-) 
  g87423/ZN              -       A->ZN  R     INV_X1         1  1.4     7    14     954    (-,-) 
  st1_carry_vec_reg[7]/D -       -      R     DFFR_X1        1    -     -     0     954    (-,-) 
#------------------------------------------------------------------------------------------------

Capture clock path:
#------------------------------------------------------------------------------------------------
#      Timing Point       Flags   Arc   Edge   Cell     Fanout Load Trans Delay Arrival Instance 
#                                                              (fF)  (ps)  (ps)   (ps)  Location 
#------------------------------------------------------------------------------------------------
  clk                     (i)     -     R     (arrival)    136  0.0     0     0    1031    (-,-) 
  st1_carry_vec_reg[7]/CK <<<     -     R     DFFR_X1      136    -     1     0    1031    (-,-) 
#------------------------------------------------------------------------------------------------



Path 52: MET (44 ps) Setup Check with Pin st1_carry_vec_reg[10]/CK->D
           View: view_1p2_25
          Group: clock1
     Startpoint: (F) add_c[26]
          Clock: (R) clock1
       Endpoint: (F) st1_carry_vec_reg[10]/D
          Clock: (R) clock1

                     Capture       Launch     
        Clock Edge:+    1031            0     
        Drv Adjust:+       0            0     
       Src Latency:+       0            0     
       Net Latency:+       0 (I)        0 (I) 
           Arrival:=    1031            0     
                                              
             Setup:-      42                  
       Uncertainty:-       0                  
     Required Time:=     989                  
      Launch Clock:-       0                  
       Input Delay:-       1                  
         Data Path:-     944                  
             Slack:=      44                  

Exceptions/Constraints:
  input_delay              1              sysarr_4_input_fp_ad_line_21_70_1   

#-------------------------------------------------------------------------------------------------
#      Timing Point       Flags    Arc   Edge   Cell     Fanout Load Trans Delay Arrival Instance 
#                                                               (fF)  (ps)  (ps)   (ps)  Location 
#-------------------------------------------------------------------------------------------------
  add_c[26]               -       -      F     (arrival)      6 10.2     0     0       1    (-,-) 
  g89493/ZN               -       A->ZN  R     INV_X1         6 11.1    28    31      32    (-,-) 
  g89415/ZN               -       A1->ZN F     NAND2_X1       1  5.9    17    28      60    (-,-) 
  g89131/ZN               -       A->ZN  R     OAI21_X4       1  6.3    18    24      84    (-,-) 
  g89120/ZN               -       A1->ZN F     NAND2_X4       2  9.0     9    17     101    (-,-) 
  g89095/ZN               -       B1->ZN R     OAI21_X4       1  6.7    18    27     128    (-,-) 
  g89068/ZN               -       B1->ZN F     AOI21_X4       1  5.9    15    16     144    (-,-) 
  g89056/ZN               -       B1->ZN R     OAI21_X4       1  6.7    18    29     173    (-,-) 
  g88907/ZN               -       B1->ZN F     AOI21_X4       6 12.8    11    21     194    (-,-) 
  g88893/ZN               -       A->ZN  R     INV_X1         3  8.8    22    31     225    (-,-) 
  g88892/ZN               -       A->ZN  F     INV_X2         8 16.7    12    22     247    (-,-) 
  g88890/ZN               -       A->ZN  R     INV_X4        17 31.3    20    30     276    (-,-) 
  g88770/Z                -       S->Z   F     MUX2_X1        3  7.8    16    74     350    (-,-) 
  g88562__6131/ZN         -       A->ZN  R     XNOR2_X2      17 39.5   102   122     472    (-,-) 
  g88536/ZN               -       A->ZN  F     INV_X2        13 31.1    37    49     522    (-,-) 
  g88387__9315/Z          -       A->Z   R     XOR2_X2       11 29.5    83   105     627    (-,-) 
  g88263__6783/Z          -       A->Z   R     XOR2_X1        1  2.7    26    60     687    (-,-) 
  g89505/Z                -       B->Z   R     XOR2_X1        2  4.9    37    66     753    (-,-) 
  g87593__5107/ZN         -       A->ZN  R     XNOR2_X1       2  5.9    38    56     809    (-,-) 
  g87575/ZN               -       A->ZN  F     INV_X1         1  1.2     9     8     817    (-,-) 
  g87547__9945/Z          -       B->Z   F     MUX2_X1        1  3.0    12    62     878    (-,-) 
  g87482__2398/CO         -       CI->CO F     FA_X1          1  1.4    12    66     944    (-,-) 
  st1_carry_vec_reg[10]/D -       -      F     DFFR_X1        1    -     -     0     944    (-,-) 
#-------------------------------------------------------------------------------------------------

Capture clock path:
#-------------------------------------------------------------------------------------------------
#      Timing Point        Flags   Arc   Edge   Cell     Fanout Load Trans Delay Arrival Instance 
#                                                               (fF)  (ps)  (ps)   (ps)  Location 
#-------------------------------------------------------------------------------------------------
  clk                      (i)     -     R     (arrival)    136  0.0     0     0    1031    (-,-) 
  st1_carry_vec_reg[10]/CK <<<     -     R     DFFR_X1      136    -     1     0    1031    (-,-) 
#-------------------------------------------------------------------------------------------------



Path 53: MET (49 ps) Setup Check with Pin add_out_reg[7]/CK->D
           View: view_1p2_25
          Group: clock1
     Startpoint: (R) st2_sum_mag_reg[10]/CK
          Clock: (R) clock1
       Endpoint: (R) add_out_reg[7]/D
          Clock: (R) clock1

                     Capture       Launch     
        Clock Edge:+    1031            0     
       Src Latency:+       0            0     
       Net Latency:+       0 (I)        0 (I) 
           Arrival:=    1031            0     
                                              
             Setup:-      40                  
       Uncertainty:-       0                  
     Required Time:=     991                  
      Launch Clock:-       0                  
         Data Path:-     942                  
             Slack:=      49                  

Launch clock path:
#-----------------------------------------------------------------------------------------------
#     Timing Point       Flags   Arc   Edge   Cell     Fanout Load Trans Delay Arrival Instance 
#                                                             (fF)  (ps)  (ps)   (ps)  Location 
#-----------------------------------------------------------------------------------------------
  clk                    (i)     -     R     (arrival)    136  0.0     0     0       0    (-,-) 
  st2_sum_mag_reg[10]/CK <<<     -     R     DFFR_X2      136    -     1     0       0    (-,-) 
#-----------------------------------------------------------------------------------------------

#------------------------------------------------------------------------------------------------
#     Timing Point       Flags    Arc   Edge   Cell     Fanout Load Trans Delay Arrival Instance 
#                                                              (fF)  (ps)  (ps)   (ps)  Location 
#------------------------------------------------------------------------------------------------
  st2_sum_mag_reg[10]/CK -       -      R     (arrival)    136    -     1     0       0    (-,-) 
  st2_sum_mag_reg[10]/QN -       CK->QN R     DFFR_X2        7 11.8    21    89      89    (-,-) 
  g89174/ZN              -       A1->ZN R     AND2_X1        1  1.9     9    35     124    (-,-) 
  g89143/ZN              -       A1->ZN F     NAND3_X1       2  4.7    18    26     151    (-,-) 
  g89136/ZN              -       A1->ZN R     NOR2_X2        3  5.0    20    32     182    (-,-) 
  g89127/ZN              -       A1->ZN R     AND2_X2        7 17.4    24    51     234    (-,-) 
  g89103/ZN              -       B1->ZN F     AOI21_X4       7 14.0    13    22     256    (-,-) 
  g89098/ZN              -       A->ZN  R     INV_X2         5 11.6    16    25     281    (-,-) 
  g89083/ZN              -       B1->ZN F     OAI21_X1       3  5.2    16    24     305    (-,-) 
  g89057/ZN              -       A->ZN  R     AOI21_X1       2  3.7    31    52     358    (-,-) 
  g88909/ZN              -       A1->ZN F     NAND2_X1       6  9.4    22    37     395    (-,-) 
  g88366__5107/ZN        -       A1->ZN R     NAND2_X1       3  5.7    18    31     426    (-,-) 
  g88244__4733/ZN        -       A1->ZN F     NAND2_X1       2  2.8    10    18     444    (-,-) 
  g88202__7482/ZN        -       A1->ZN F     AND2_X1        3  5.4    10    36     479    (-,-) 
  g88191__2802/ZN        -       A->ZN  R     OAI21_X1       2  5.4    36    29     509    (-,-) 
  g88032__6131/S         -       A->S   R     HA_X1          2  3.7    31    62     571    (-,-) 
  g88022__3680/ZN        -       A1->ZN F     NAND3_X1       1  1.9    15    24     595    (-,-) 
  g88016__6260/ZN        -       A1->ZN R     NAND3_X1       1  3.3    15    23     618    (-,-) 
  g88015__5107/ZN        -       A1->ZN F     NAND3_X2      11 19.9    32    45     663    (-,-) 
  g88001__6161/ZN        -       A1->ZN R     NOR2_X2        4  7.3    26    44     707    (-,-) 
  g87996/ZN              -       A->ZN  F     INV_X1         2  4.6    10    16     723    (-,-) 
  g87981__4319/ZN        -       A1->ZN R     NOR2_X2        9 15.7    44    55     778    (-,-) 
  g87942__5122/ZN        -       A1->ZN R     AND2_X1        9 16.1    40    77     855    (-,-) 
  g87790__5477/ZN        -       B1->ZN F     AOI22_X1       1  1.8    18    29     884    (-,-) 
  g87777/ZN              -       A->ZN  R     INV_X1         1  2.0    10    18     902    (-,-) 
  g87734__5526/ZN        -       A->ZN  F     AOI221_X1      1  1.8    20    13     915    (-,-) 
  g87661__5477/ZN        -       A->ZN  R     OAI221_X1      1  1.4    34    26     942    (-,-) 
  add_out_reg[7]/D       -       -      R     DFFR_X1        1    -     -     0     942    (-,-) 
#------------------------------------------------------------------------------------------------

Capture clock path:
#------------------------------------------------------------------------------------------
#   Timing Point    Flags   Arc   Edge   Cell     Fanout Load Trans Delay Arrival Instance 
#                                                        (fF)  (ps)  (ps)   (ps)  Location 
#------------------------------------------------------------------------------------------
  clk               (i)     -     R     (arrival)    136  0.0     0     0    1031    (-,-) 
  add_out_reg[7]/CK <<<     -     R     DFFR_X1      136    -     1     0    1031    (-,-) 
#------------------------------------------------------------------------------------------



Path 54: MET (50 ps) Setup Check with Pin st1_carry_vec_reg[9]/CK->D
           View: view_1p2_25
          Group: clock1
     Startpoint: (F) add_a[24]
          Clock: (R) clock1
       Endpoint: (F) st1_carry_vec_reg[9]/D
          Clock: (R) clock1

                     Capture       Launch     
        Clock Edge:+    1031            0     
        Drv Adjust:+       0            0     
       Src Latency:+       0            0     
       Net Latency:+       0 (I)        0 (I) 
           Arrival:=    1031            0     
                                              
             Setup:-      42                  
       Uncertainty:-       0                  
     Required Time:=     989                  
      Launch Clock:-       0                  
       Input Delay:-       1                  
         Data Path:-     938                  
             Slack:=      50                  

Exceptions/Constraints:
  input_delay              1              sysarr_4_input_fp_ad_line_21_8_1   

#------------------------------------------------------------------------------------------------
#     Timing Point       Flags    Arc   Edge   Cell     Fanout Load Trans Delay Arrival Instance 
#                                                              (fF)  (ps)  (ps)   (ps)  Location 
#------------------------------------------------------------------------------------------------
  add_a[24]              -       -      F     (arrival)      7 17.9     0     0       1    (-,-) 
  g89471/ZN              -       A->ZN  R     INV_X4         4 11.7     9    12      13    (-,-) 
  g89448/ZN              -       A1->ZN F     NAND2_X2       1  3.3     7    12      26    (-,-) 
  g89162/ZN              -       A2->ZN R     AOI22_X2       1  1.9    21    31      57    (-,-) 
  g89128/ZN              -       C1->ZN F     OAI211_X1      1  3.0    17    26      83    (-,-) 
  g89107/ZN              -       B1->ZN R     AOI21_X2       1  3.4    21    30     113    (-,-) 
  g89086/ZN              -       B1->ZN F     OAI21_X2       1  5.9    13    20     133    (-,-) 
  g89062/ZN              -       B1->ZN R     AOI21_X4       1  6.7    22    28     161    (-,-) 
  g89048/ZN              -       B1->ZN F     OAI21_X4       6 19.4    20    25     186    (-,-) 
  g88923/ZN              -       A->ZN  R     INV_X8         9 21.2    11    21     207    (-,-) 
  g88921/ZN              -       A->ZN  F     INV_X4        14 23.9     8    15     222    (-,-) 
  g88845/ZN              -       B1->ZN R     AOI21_X1       2  6.7    45    52     274    (-,-) 
  g88589__2398/ZN        -       B1->ZN F     OAI21_X2       3  7.5    18    28     301    (-,-) 
  g88412__4319/ZN        -       A->ZN  R     XNOR2_X2       6 15.2    46    61     362    (-,-) 
  g88210__2883/ZN        -       B1->ZN F     AOI21_X1       2  4.1    19    29     390    (-,-) 
  g88147__6417/ZN        -       A->ZN  R     XNOR2_X1      10 18.8    98   118     508    (-,-) 
  g88083/ZN              -       A->ZN  F     INV_X1        13 22.5    42    62     570    (-,-) 
  g88050__2398/ZN        -       A2->ZN R     AOI22_X1       3  4.8    39    67     637    (-,-) 
  g87844__6131/ZN        -       B2->ZN F     OAI22_X1       1  2.4    14    31     668    (-,-) 
  g87668__6783/ZN        -       A->ZN  F     XNOR2_X1       2  2.8    25    42     710    (-,-) 
  g87647__1881/ZN        -       A1->ZN F     OR2_X1         2  3.0    11    55     765    (-,-) 
  g87588__1666/ZN        -       A2->ZN F     AND2_X1        1  3.4     8    35     800    (-,-) 
  g87532__3680/CO        -       A->CO  F     HA_X1          1  1.1     6    26     826    (-,-) 
  g87519__5477/ZN        -       A1->ZN F     OR2_X1         1  3.0    11    46     873    (-,-) 
  g87426__3680/CO        -       CI->CO F     FA_X1          1  1.4    12    66     938    (-,-) 
  st1_carry_vec_reg[9]/D -       -      F     DFFR_X1        1    -     -     0     938    (-,-) 
#------------------------------------------------------------------------------------------------

Capture clock path:
#------------------------------------------------------------------------------------------------
#      Timing Point       Flags   Arc   Edge   Cell     Fanout Load Trans Delay Arrival Instance 
#                                                              (fF)  (ps)  (ps)   (ps)  Location 
#------------------------------------------------------------------------------------------------
  clk                     (i)     -     R     (arrival)    136  0.0     0     0    1031    (-,-) 
  st1_carry_vec_reg[9]/CK <<<     -     R     DFFR_X1      136    -     1     0    1031    (-,-) 
#------------------------------------------------------------------------------------------------



Path 55: MET (52 ps) Setup Check with Pin st1_carry_vec_reg[16]/CK->D
           View: view_1p2_25
          Group: clock1
     Startpoint: (F) add_b[25]
          Clock: (R) clock1
       Endpoint: (F) st1_carry_vec_reg[16]/D
          Clock: (R) clock1

                     Capture       Launch     
        Clock Edge:+    1031            0     
        Drv Adjust:+       0            0     
       Src Latency:+       0            0     
       Net Latency:+       0 (I)        0 (I) 
           Arrival:=    1031            0     
                                              
             Setup:-      42                  
       Uncertainty:-       0                  
     Required Time:=     989                  
      Launch Clock:-       0                  
       Input Delay:-       1                  
         Data Path:-     936                  
             Slack:=      52                  

Exceptions/Constraints:
  input_delay              1              sysarr_4_input_fp_ad_line_21_39_1   

#-------------------------------------------------------------------------------------------------
#      Timing Point       Flags    Arc   Edge   Cell     Fanout Load Trans Delay Arrival Instance 
#                                                               (fF)  (ps)  (ps)   (ps)  Location 
#-------------------------------------------------------------------------------------------------
  add_b[25]               -       -      F     (arrival)      5  9.9     0     0       1    (-,-) 
  g89490/ZN               -       A->ZN  R     INV_X2         6 12.6    17    20      21    (-,-) 
  g89446/ZN               -       A1->ZN F     NOR2_X1        1  1.9     6    11      32    (-,-) 
  g89128/ZN               -       C2->ZN R     OAI211_X1      1  3.4    28    42      73    (-,-) 
  g89107/ZN               -       B1->ZN F     AOI21_X2       1  3.0    11    18      91    (-,-) 
  g89086/ZN               -       B1->ZN R     OAI21_X2       1  6.7    26    36     127    (-,-) 
  g89062/ZN               -       B1->ZN F     AOI21_X4       1  5.9    14    17     144    (-,-) 
  g89048/ZN               -       B1->ZN R     OAI21_X4       6 21.3    35    47     192    (-,-) 
  g88923/ZN               -       A->ZN  F     INV_X8         9 18.9    10    13     205    (-,-) 
  g88921/ZN               -       A->ZN  R     INV_X4        14 26.2    18    26     230    (-,-) 
  g88905/ZN               -       A1->ZN R     AND2_X1       22 39.0    92   125     355    (-,-) 
  g88721/ZN               -       B1->ZN F     AOI22_X1       2  3.3    32    41     396    (-,-) 
  g88615__2346/ZN         -       A1->ZN R     NOR2_X1        1  2.0    20    35     431    (-,-) 
  g88456__1881/ZN         -       A->ZN  F     AOI221_X1      3  4.6    25    21     452    (-,-) 
  g88176__2883/Z          -       B->Z   F     MUX2_X1        2  2.9    11    68     520    (-,-) 
  g88110__6161/Z          -       B->Z   F     MUX2_X1        2  2.3    11    61     581    (-,-) 
  g88044__2883/Z          -       A->Z   F     MUX2_X1        2  3.7    12    64     644    (-,-) 
  g87843__7098/ZN         -       B2->ZN R     OAI22_X1       1  2.5    34    48     692    (-,-) 
  g87666__8428/ZN         -       A->ZN  R     XNOR2_X1       2  3.8    29    50     743    (-,-) 
  g87649__7482/ZN         -       A1->ZN F     NAND2_X1       2  2.9    13    20     763    (-,-) 
  g87587__2346/ZN         -       A2->ZN F     AND2_X1        1  3.4     8    36     799    (-,-) 
  g87535__1705/CO         -       A->CO  F     HA_X1          1  1.1     6    26     825    (-,-) 
  g87518__6417/ZN         -       A1->ZN F     OR2_X1         1  3.0    11    46     872    (-,-) 
  g87427__1617/CO         -       CI->CO F     FA_X1          1  1.4    12    66     937    (-,-) 
  st1_carry_vec_reg[16]/D -       -      F     DFFR_X1        1    -     -     0     937    (-,-) 
#-------------------------------------------------------------------------------------------------

Capture clock path:
#-------------------------------------------------------------------------------------------------
#      Timing Point        Flags   Arc   Edge   Cell     Fanout Load Trans Delay Arrival Instance 
#                                                               (fF)  (ps)  (ps)   (ps)  Location 
#-------------------------------------------------------------------------------------------------
  clk                      (i)     -     R     (arrival)    136  0.0     0     0    1031    (-,-) 
  st1_carry_vec_reg[16]/CK <<<     -     R     DFFR_X1      136    -     1     0    1031    (-,-) 
#-------------------------------------------------------------------------------------------------



Path 56: MET (58 ps) Setup Check with Pin st1_sum_vec_reg[20]/CK->D
           View: view_1p2_25
          Group: clock1
     Startpoint: (F) add_b[25]
          Clock: (R) clock1
       Endpoint: (F) st1_sum_vec_reg[20]/D
          Clock: (R) clock1

                     Capture       Launch     
        Clock Edge:+    1031            0     
        Drv Adjust:+       0            0     
       Src Latency:+       0            0     
       Net Latency:+       0 (I)        0 (I) 
           Arrival:=    1031            0     
                                              
             Setup:-      43                  
       Uncertainty:-       0                  
     Required Time:=     988                  
      Launch Clock:-       0                  
       Input Delay:-       1                  
         Data Path:-     929                  
             Slack:=      58                  

Exceptions/Constraints:
  input_delay              1              sysarr_4_input_fp_ad_line_21_39_1   

#-----------------------------------------------------------------------------------------------
#     Timing Point      Flags    Arc   Edge   Cell     Fanout Load Trans Delay Arrival Instance 
#                                                             (fF)  (ps)  (ps)   (ps)  Location 
#-----------------------------------------------------------------------------------------------
  add_b[25]             -       -      F     (arrival)      5  9.9     0     0       1    (-,-) 
  g89490/ZN             -       A->ZN  R     INV_X2         6 12.6    17    20      21    (-,-) 
  g89446/ZN             -       A1->ZN F     NOR2_X1        1  1.9     6    11      32    (-,-) 
  g89128/ZN             -       C2->ZN R     OAI211_X1      1  3.4    28    42      73    (-,-) 
  g89107/ZN             -       B1->ZN F     AOI21_X2       1  3.0    11    18      91    (-,-) 
  g89086/ZN             -       B1->ZN R     OAI21_X2       1  6.7    26    36     127    (-,-) 
  g89062/ZN             -       B1->ZN F     AOI21_X4       1  5.9    14    17     144    (-,-) 
  g89048/ZN             -       B1->ZN R     OAI21_X4       6 21.3    35    47     192    (-,-) 
  g88923/ZN             -       A->ZN  F     INV_X8         9 18.9    10    13     205    (-,-) 
  g88921/ZN             -       A->ZN  R     INV_X4        14 26.2    18    26     230    (-,-) 
  g88905/ZN             -       A1->ZN R     AND2_X1       22 39.0    92   125     355    (-,-) 
  g88721/ZN             -       B1->ZN F     AOI22_X1       2  3.3    32    41     396    (-,-) 
  g88615__2346/ZN       -       A1->ZN R     NOR2_X1        1  2.0    20    35     431    (-,-) 
  g88456__1881/ZN       -       A->ZN  F     AOI221_X1      3  4.6    25    21     452    (-,-) 
  g88176__2883/Z        -       B->Z   F     MUX2_X1        2  2.9    11    68     520    (-,-) 
  g88110__6161/Z        -       B->Z   F     MUX2_X1        2  2.3    11    61     581    (-,-) 
  g88066__6131/Z        -       A->Z   F     MUX2_X1        3  5.5    14    67     648    (-,-) 
  g87910__7098/ZN       -       A2->ZN R     NOR2_X1        1  2.5    19    34     682    (-,-) 
  g87764__4319/ZN       -       A->ZN  R     XNOR2_X1       2  3.1    26    44     727    (-,-) 
  g87690__6161/ZN       -       A1->ZN R     AND2_X1        2  3.1    12    40     767    (-,-) 
  g87648__5115/ZN       -       A2->ZN F     NOR2_X1        1  3.4     9    13     780    (-,-) 
  g87544__4733/CO       -       A->CO  F     HA_X1          1  1.7     6    28     808    (-,-) 
  g87541__1881/ZN       -       A1->ZN R     NOR2_X1        1  3.1    22    29     838    (-,-) 
  g87455__1881/S        -       CI->S  F     FA_X1          1  1.4    14    92     930    (-,-) 
  st1_sum_vec_reg[20]/D -       -      F     DFFR_X1        1    -     -     0     930    (-,-) 
#-----------------------------------------------------------------------------------------------

Capture clock path:
#-----------------------------------------------------------------------------------------------
#     Timing Point       Flags   Arc   Edge   Cell     Fanout Load Trans Delay Arrival Instance 
#                                                             (fF)  (ps)  (ps)   (ps)  Location 
#-----------------------------------------------------------------------------------------------
  clk                    (i)     -     R     (arrival)    136  0.0     0     0    1031    (-,-) 
  st1_sum_vec_reg[20]/CK <<<     -     R     DFFR_X1      136    -     1     0    1031    (-,-) 
#-----------------------------------------------------------------------------------------------



Path 57: MET (59 ps) Setup Check with Pin st1_carry_vec_reg[21]/CK->D
           View: view_1p2_25
          Group: clock1
     Startpoint: (F) add_c[26]
          Clock: (R) clock1
       Endpoint: (R) st1_carry_vec_reg[21]/D
          Clock: (R) clock1

                     Capture       Launch     
        Clock Edge:+    1031            0     
        Drv Adjust:+       0            0     
       Src Latency:+       0            0     
       Net Latency:+       0 (I)        0 (I) 
           Arrival:=    1031            0     
                                              
             Setup:-      32                  
       Uncertainty:-       0                  
     Required Time:=     998                  
      Launch Clock:-       0                  
       Input Delay:-       1                  
         Data Path:-     938                  
             Slack:=      59                  

Exceptions/Constraints:
  input_delay              1              sysarr_4_input_fp_ad_line_21_70_1   

#-------------------------------------------------------------------------------------------------
#      Timing Point       Flags    Arc   Edge   Cell     Fanout Load Trans Delay Arrival Instance 
#                                                               (fF)  (ps)  (ps)   (ps)  Location 
#-------------------------------------------------------------------------------------------------
  add_c[26]               -       -      F     (arrival)      6 10.2     0     0       1    (-,-) 
  g89493/ZN               -       A->ZN  R     INV_X1         6 11.1    28    31      32    (-,-) 
  g89415/ZN               -       A1->ZN F     NAND2_X1       1  5.9    17    28      60    (-,-) 
  g89131/ZN               -       A->ZN  R     OAI21_X4       1  6.3    18    24      84    (-,-) 
  g89120/ZN               -       A1->ZN F     NAND2_X4       2  9.0     9    17     101    (-,-) 
  g89095/ZN               -       B1->ZN R     OAI21_X4       1  6.7    18    27     128    (-,-) 
  g89068/ZN               -       B1->ZN F     AOI21_X4       1  5.9    15    16     144    (-,-) 
  g89056/ZN               -       B1->ZN R     OAI21_X4       1  6.7    18    29     173    (-,-) 
  g88907/ZN               -       B1->ZN F     AOI21_X4       6 12.8    11    21     194    (-,-) 
  g88893/ZN               -       A->ZN  R     INV_X1         3  8.8    22    31     225    (-,-) 
  g88892/ZN               -       A->ZN  F     INV_X2         8 16.7    12    22     247    (-,-) 
  g88890/ZN               -       A->ZN  R     INV_X4        17 31.3    20    30     276    (-,-) 
  g88770/Z                -       S->Z   F     MUX2_X1        3  7.8    16    74     350    (-,-) 
  g88562__6131/ZN         -       A->ZN  R     XNOR2_X2      17 39.5   102   122     472    (-,-) 
  g88536/ZN               -       A->ZN  F     INV_X2        13 31.1    37    49     522    (-,-) 
  g88387__9315/Z          -       A->Z   R     XOR2_X2       11 29.5    83   105     627    (-,-) 
  g167/ZN                 -       A->ZN  F     INV_X2         6 13.9    24    27     653    (-,-) 
  g87763__6260/ZN         -       B->ZN  F     XNOR2_X1       1  2.4    12    47     701    (-,-) 
  g87652__9315/ZN         -       A->ZN  F     XNOR2_X1       2  4.7    15    45     746    (-,-) 
  g87563__1617/ZN         -       A->ZN  F     XNOR2_X1       2  5.0    17    47     794    (-,-) 
  g87539__6131/Z          -       A->Z   F     MUX2_X1        1  3.0    12    65     858    (-,-) 
  g87456__5115/CO         -       CI->CO F     FA_X1          1  1.8    13    68     926    (-,-) 
  g87450/ZN               -       A->ZN  R     INV_X1         1  1.4     7    14     939    (-,-) 
  st1_carry_vec_reg[21]/D -       -      R     DFFR_X1        1    -     -     0     939    (-,-) 
#-------------------------------------------------------------------------------------------------

Capture clock path:
#-------------------------------------------------------------------------------------------------
#      Timing Point        Flags   Arc   Edge   Cell     Fanout Load Trans Delay Arrival Instance 
#                                                               (fF)  (ps)  (ps)   (ps)  Location 
#-------------------------------------------------------------------------------------------------
  clk                      (i)     -     R     (arrival)    136  0.0     0     0    1031    (-,-) 
  st1_carry_vec_reg[21]/CK <<<     -     R     DFFR_X1      136    -     1     0    1031    (-,-) 
#-------------------------------------------------------------------------------------------------



Path 58: MET (60 ps) Setup Check with Pin st1_carry_vec_reg[8]/CK->D
           View: view_1p2_25
          Group: clock1
     Startpoint: (F) add_b[25]
          Clock: (R) clock1
       Endpoint: (F) st1_carry_vec_reg[8]/D
          Clock: (R) clock1

                     Capture       Launch     
        Clock Edge:+    1031            0     
        Drv Adjust:+       0            0     
       Src Latency:+       0            0     
       Net Latency:+       0 (I)        0 (I) 
           Arrival:=    1031            0     
                                              
             Setup:-      42                  
       Uncertainty:-       0                  
     Required Time:=     989                  
      Launch Clock:-       0                  
       Input Delay:-       1                  
         Data Path:-     928                  
             Slack:=      60                  

Exceptions/Constraints:
  input_delay              1              sysarr_4_input_fp_ad_line_21_39_1   

#------------------------------------------------------------------------------------------------
#     Timing Point       Flags    Arc   Edge   Cell     Fanout Load Trans Delay Arrival Instance 
#                                                              (fF)  (ps)  (ps)   (ps)  Location 
#------------------------------------------------------------------------------------------------
  add_b[25]              -       -      F     (arrival)      5  9.9     0     0       1    (-,-) 
  g89490/ZN              -       A->ZN  R     INV_X2         6 12.6    17    20      21    (-,-) 
  g89446/ZN              -       A1->ZN F     NOR2_X1        1  1.9     6    11      32    (-,-) 
  g89128/ZN              -       C2->ZN R     OAI211_X1      1  3.4    28    42      73    (-,-) 
  g89107/ZN              -       B1->ZN F     AOI21_X2       1  3.0    11    18      91    (-,-) 
  g89086/ZN              -       B1->ZN R     OAI21_X2       1  6.7    26    36     127    (-,-) 
  g89062/ZN              -       B1->ZN F     AOI21_X4       1  5.9    14    17     144    (-,-) 
  g89048/ZN              -       B1->ZN R     OAI21_X4       6 21.3    35    47     192    (-,-) 
  g88923/ZN              -       A->ZN  F     INV_X8         9 18.9    10    13     205    (-,-) 
  g88921/ZN              -       A->ZN  R     INV_X4        14 26.2    18    26     230    (-,-) 
  g88905/ZN              -       A1->ZN R     AND2_X1       22 39.0    92   125     355    (-,-) 
  g88721/ZN              -       B1->ZN F     AOI22_X1       2  3.3    32    41     396    (-,-) 
  g88615__2346/ZN        -       A1->ZN R     NOR2_X1        1  2.0    20    35     431    (-,-) 
  g88456__1881/ZN        -       A->ZN  F     AOI221_X1      3  4.6    25    21     452    (-,-) 
  g88176__2883/Z         -       B->Z   F     MUX2_X1        2  2.9    11    68     520    (-,-) 
  g88110__6161/Z         -       B->Z   F     MUX2_X1        2  2.3    11    61     581    (-,-) 
  g88044__2883/Z         -       A->Z   F     MUX2_X1        2  3.7    12    64     644    (-,-) 
  g87823__2883/ZN        -       B2->ZN R     OAI22_X1       1  2.0    32    46     690    (-,-) 
  g87811/ZN              -       A->ZN  F     INV_X1         1  1.8     9    10     700    (-,-) 
  g87704__5526/ZN        -       A->ZN  R     OAI221_X1      1  2.5    39    23     723    (-,-) 
  g87612__1881/ZN        -       A->ZN  R     XNOR2_X1       1  3.5    28    51     774    (-,-) 
  g87533__1617/S         -       A->S   R     HA_X1          2  4.3    34    64     838    (-,-) 
  g87498__2802/ZN        -       B1->ZN F     AOI21_X1       1  3.0    14    23     862    (-,-) 
  g87451__5122/CO        -       CI->CO F     FA_X1          1  1.4    12    67     929    (-,-) 
  st1_carry_vec_reg[8]/D -       -      F     DFFR_X1        1    -     -     0     929    (-,-) 
#------------------------------------------------------------------------------------------------

Capture clock path:
#------------------------------------------------------------------------------------------------
#      Timing Point       Flags   Arc   Edge   Cell     Fanout Load Trans Delay Arrival Instance 
#                                                              (fF)  (ps)  (ps)   (ps)  Location 
#------------------------------------------------------------------------------------------------
  clk                     (i)     -     R     (arrival)    136  0.0     0     0    1031    (-,-) 
  st1_carry_vec_reg[8]/CK <<<     -     R     DFFR_X1      136    -     1     0    1031    (-,-) 
#------------------------------------------------------------------------------------------------



Path 59: MET (62 ps) Setup Check with Pin st2_sum_mag_reg[10]/CK->D
           View: view_1p2_25
          Group: clock1
     Startpoint: (R) st1_hot_ones_reg[1]/CK
          Clock: (R) clock1
       Endpoint: (F) st2_sum_mag_reg[10]/D
          Clock: (R) clock1

                     Capture       Launch     
        Clock Edge:+    1031            0     
       Src Latency:+       0            0     
       Net Latency:+       0 (I)        0 (I) 
           Arrival:=    1031            0     
                                              
             Setup:-      42                  
       Uncertainty:-       0                  
     Required Time:=     989                  
      Launch Clock:-       0                  
         Data Path:-     927                  
             Slack:=      62                  

Launch clock path:
#-----------------------------------------------------------------------------------------------
#     Timing Point       Flags   Arc   Edge   Cell     Fanout Load Trans Delay Arrival Instance 
#                                                             (fF)  (ps)  (ps)   (ps)  Location 
#-----------------------------------------------------------------------------------------------
  clk                    (i)     -     R     (arrival)    136  0.0     0     0       0    (-,-) 
  st1_hot_ones_reg[1]/CK <<<     -     R     DFFR_X1      136    -     1     0       0    (-,-) 
#-----------------------------------------------------------------------------------------------

#-------------------------------------------------------------------------------------------------------------
#            Timing Point             Flags    Arc   Edge   Cell     Fanout Load Trans Delay Arrival Instance 
#                                                                           (fF)  (ps)  (ps)   (ps)  Location 
#-------------------------------------------------------------------------------------------------------------
  st1_hot_ones_reg[1]/CK              -       -      R     (arrival)    136    -     1     0       0    (-,-) 
  st1_hot_ones_reg[1]/Q               -       CK->Q  F     DFFR_X1        2  2.9     8    87      87    (-,-) 
  csa_tree_add_184_79_groupi_g2210/ZN -       A1->ZN R     NAND2_X1       1  2.0    10    15     102    (-,-) 
  csa_tree_add_184_79_groupi_g2200/ZN -       A2->ZN F     NAND2_X1       3  5.7    14    22     124    (-,-) 
  csa_tree_add_184_79_groupi_g2149/ZN -       A1->ZN R     NOR2_X1        1  3.4    23    34     158    (-,-) 
  csa_tree_add_184_79_groupi_g2072/ZN -       B1->ZN F     OAI21_X2       2  5.3    12    20     178    (-,-) 
  g89515/CO                           -       CI->CO F     FA_X1          2  4.1    17    74     252    (-,-) 
  csa_tree_add_184_79_groupi_g2047/ZN -       A->ZN  R     INV_X1         1  2.0     9    17     269    (-,-) 
  csa_tree_add_184_79_groupi_g2046/ZN -       B1->ZN F     OAI21_X1       3  5.6    16    22     291    (-,-) 
  csa_tree_add_184_79_groupi_g2044/ZN -       B1->ZN R     AOI21_X1       2  4.4    34    42     334    (-,-) 
  csa_tree_add_184_79_groupi_g2041/ZN -       B1->ZN F     OAI21_X1       2  4.1    16    26     360    (-,-) 
  csa_tree_add_184_79_groupi_g2038/ZN -       A1->ZN R     NAND2_X1       1  1.9    10    18     378    (-,-) 
  csa_tree_add_184_79_groupi_g2037/ZN -       A1->ZN F     NAND2_X1       4  7.2    16    25     403    (-,-) 
  g89525/ZN                           -       A1->ZN R     NAND4_X1       1  1.9    15    22     425    (-,-) 
  csa_tree_add_184_79_groupi_g2033/ZN -       A1->ZN F     NAND2_X1       3  5.8    14    24     448    (-,-) 
  csa_tree_add_184_79_groupi_g2029/ZN -       A1->ZN R     NAND2_X1       1  1.9    10    18     466    (-,-) 
  csa_tree_add_184_79_groupi_g2028/ZN -       A1->ZN F     NAND2_X1       4  7.4    17    25     491    (-,-) 
  csa_tree_add_184_79_groupi_g2016/ZN -       A1->ZN R     NAND3_X1       1  1.9    12    20     512    (-,-) 
  csa_tree_add_184_79_groupi_g2013/ZN -       A1->ZN F     NAND2_X1       4  7.5    17    26     538    (-,-) 
  csa_tree_add_184_79_groupi_g2002/ZN -       A1->ZN R     NAND3_X1       1  1.9    12    20     558    (-,-) 
  csa_tree_add_184_79_groupi_g2001/ZN -       A->ZN  F     OAI211_X1      2  4.1    21    35     593    (-,-) 
  csa_tree_add_184_79_groupi_g1996/ZN -       A1->ZN R     NAND2_X1       1  1.9    11    20     613    (-,-) 
  csa_tree_add_184_79_groupi_g1995/ZN -       A1->ZN F     NAND2_X1       2  4.1    11    18     632    (-,-) 
  csa_tree_add_184_79_groupi_g1992/ZN -       A1->ZN R     NAND2_X1       1  1.9    10    16     648    (-,-) 
  csa_tree_add_184_79_groupi_g1991/ZN -       A1->ZN F     NAND2_X1       1  3.9    11    18     666    (-,-) 
  g89526/S                            -       A->S   R     FA_X1         19 38.1    91   198     864    (-,-) 
  g89338/Z                            -       S->Z   F     MUX2_X1        1  1.4    10    63     927    (-,-) 
  st2_sum_mag_reg[10]/D               -       -      F     DFFR_X2        1    -     -     0     927    (-,-) 
#-------------------------------------------------------------------------------------------------------------

Capture clock path:
#-----------------------------------------------------------------------------------------------
#     Timing Point       Flags   Arc   Edge   Cell     Fanout Load Trans Delay Arrival Instance 
#                                                             (fF)  (ps)  (ps)   (ps)  Location 
#-----------------------------------------------------------------------------------------------
  clk                    (i)     -     R     (arrival)    136  0.0     0     0    1031    (-,-) 
  st2_sum_mag_reg[10]/CK <<<     -     R     DFFR_X2      136    -     1     0    1031    (-,-) 
#-----------------------------------------------------------------------------------------------



Path 60: MET (63 ps) Setup Check with Pin st2_sum_mag_reg[16]/CK->D
           View: view_1p2_25
          Group: clock1
     Startpoint: (R) st1_hot_ones_reg[1]/CK
          Clock: (R) clock1
       Endpoint: (F) st2_sum_mag_reg[16]/D
          Clock: (R) clock1

                     Capture       Launch     
        Clock Edge:+    1031            0     
       Src Latency:+       0            0     
       Net Latency:+       0 (I)        0 (I) 
           Arrival:=    1031            0     
                                              
             Setup:-      41                  
       Uncertainty:-       0                  
     Required Time:=     990                  
      Launch Clock:-       0                  
         Data Path:-     927                  
             Slack:=      63                  

Launch clock path:
#-----------------------------------------------------------------------------------------------
#     Timing Point       Flags   Arc   Edge   Cell     Fanout Load Trans Delay Arrival Instance 
#                                                             (fF)  (ps)  (ps)   (ps)  Location 
#-----------------------------------------------------------------------------------------------
  clk                    (i)     -     R     (arrival)    136  0.0     0     0       0    (-,-) 
  st1_hot_ones_reg[1]/CK <<<     -     R     DFFR_X1      136    -     1     0       0    (-,-) 
#-----------------------------------------------------------------------------------------------

#-------------------------------------------------------------------------------------------------------------
#            Timing Point             Flags    Arc   Edge   Cell     Fanout Load Trans Delay Arrival Instance 
#                                                                           (fF)  (ps)  (ps)   (ps)  Location 
#-------------------------------------------------------------------------------------------------------------
  st1_hot_ones_reg[1]/CK              -       -      R     (arrival)    136    -     1     0       0    (-,-) 
  st1_hot_ones_reg[1]/Q               -       CK->Q  F     DFFR_X1        2  2.9     8    87      87    (-,-) 
  csa_tree_add_184_79_groupi_g2210/ZN -       A1->ZN R     NAND2_X1       1  2.0    10    15     102    (-,-) 
  csa_tree_add_184_79_groupi_g2200/ZN -       A2->ZN F     NAND2_X1       3  5.7    14    22     124    (-,-) 
  csa_tree_add_184_79_groupi_g2149/ZN -       A1->ZN R     NOR2_X1        1  3.4    23    34     158    (-,-) 
  csa_tree_add_184_79_groupi_g2072/ZN -       B1->ZN F     OAI21_X2       2  5.3    12    20     178    (-,-) 
  g89515/CO                           -       CI->CO F     FA_X1          2  4.1    17    74     252    (-,-) 
  csa_tree_add_184_79_groupi_g2047/ZN -       A->ZN  R     INV_X1         1  2.0     9    17     269    (-,-) 
  csa_tree_add_184_79_groupi_g2046/ZN -       B1->ZN F     OAI21_X1       3  5.6    16    22     291    (-,-) 
  csa_tree_add_184_79_groupi_g2044/ZN -       B1->ZN R     AOI21_X1       2  4.4    34    42     334    (-,-) 
  csa_tree_add_184_79_groupi_g2041/ZN -       B1->ZN F     OAI21_X1       2  4.1    16    26     360    (-,-) 
  csa_tree_add_184_79_groupi_g2038/ZN -       A1->ZN R     NAND2_X1       1  1.9    10    18     378    (-,-) 
  csa_tree_add_184_79_groupi_g2037/ZN -       A1->ZN F     NAND2_X1       4  7.2    16    25     403    (-,-) 
  g89525/ZN                           -       A1->ZN R     NAND4_X1       1  1.9    15    22     425    (-,-) 
  csa_tree_add_184_79_groupi_g2033/ZN -       A1->ZN F     NAND2_X1       3  5.8    14    24     448    (-,-) 
  csa_tree_add_184_79_groupi_g2029/ZN -       A1->ZN R     NAND2_X1       1  1.9    10    18     466    (-,-) 
  csa_tree_add_184_79_groupi_g2028/ZN -       A1->ZN F     NAND2_X1       4  7.4    17    25     491    (-,-) 
  csa_tree_add_184_79_groupi_g2016/ZN -       A1->ZN R     NAND3_X1       1  1.9    12    20     512    (-,-) 
  csa_tree_add_184_79_groupi_g2013/ZN -       A1->ZN F     NAND2_X1       4  7.5    17    26     538    (-,-) 
  csa_tree_add_184_79_groupi_g2002/ZN -       A1->ZN R     NAND3_X1       1  1.9    12    20     558    (-,-) 
  csa_tree_add_184_79_groupi_g2001/ZN -       A->ZN  F     OAI211_X1      2  4.1    21    35     593    (-,-) 
  csa_tree_add_184_79_groupi_g1996/ZN -       A1->ZN R     NAND2_X1       1  1.9    11    20     613    (-,-) 
  csa_tree_add_184_79_groupi_g1995/ZN -       A1->ZN F     NAND2_X1       2  4.1    11    18     632    (-,-) 
  csa_tree_add_184_79_groupi_g1992/ZN -       A1->ZN R     NAND2_X1       1  1.9    10    16     648    (-,-) 
  csa_tree_add_184_79_groupi_g1991/ZN -       A1->ZN F     NAND2_X1       1  3.9    11    18     666    (-,-) 
  g89526/S                            -       A->S   R     FA_X1         19 38.1    91   198     864    (-,-) 
  g89327/Z                            -       S->Z   F     MUX2_X1        1  1.4    10    63     927    (-,-) 
  st2_sum_mag_reg[16]/D               -       -      F     DFFR_X1        1    -     -     0     927    (-,-) 
#-------------------------------------------------------------------------------------------------------------

Capture clock path:
#-----------------------------------------------------------------------------------------------
#     Timing Point       Flags   Arc   Edge   Cell     Fanout Load Trans Delay Arrival Instance 
#                                                             (fF)  (ps)  (ps)   (ps)  Location 
#-----------------------------------------------------------------------------------------------
  clk                    (i)     -     R     (arrival)    136  0.0     0     0    1031    (-,-) 
  st2_sum_mag_reg[16]/CK <<<     -     R     DFFR_X1      136    -     1     0    1031    (-,-) 
#-----------------------------------------------------------------------------------------------



Path 61: MET (63 ps) Setup Check with Pin st2_sum_mag_reg[15]/CK->D
           View: view_1p2_25
          Group: clock1
     Startpoint: (R) st1_hot_ones_reg[1]/CK
          Clock: (R) clock1
       Endpoint: (F) st2_sum_mag_reg[15]/D
          Clock: (R) clock1

                     Capture       Launch     
        Clock Edge:+    1031            0     
       Src Latency:+       0            0     
       Net Latency:+       0 (I)        0 (I) 
           Arrival:=    1031            0     
                                              
             Setup:-      41                  
       Uncertainty:-       0                  
     Required Time:=     990                  
      Launch Clock:-       0                  
         Data Path:-     927                  
             Slack:=      63                  

Launch clock path:
#-----------------------------------------------------------------------------------------------
#     Timing Point       Flags   Arc   Edge   Cell     Fanout Load Trans Delay Arrival Instance 
#                                                             (fF)  (ps)  (ps)   (ps)  Location 
#-----------------------------------------------------------------------------------------------
  clk                    (i)     -     R     (arrival)    136  0.0     0     0       0    (-,-) 
  st1_hot_ones_reg[1]/CK <<<     -     R     DFFR_X1      136    -     1     0       0    (-,-) 
#-----------------------------------------------------------------------------------------------

#-------------------------------------------------------------------------------------------------------------
#            Timing Point             Flags    Arc   Edge   Cell     Fanout Load Trans Delay Arrival Instance 
#                                                                           (fF)  (ps)  (ps)   (ps)  Location 
#-------------------------------------------------------------------------------------------------------------
  st1_hot_ones_reg[1]/CK              -       -      R     (arrival)    136    -     1     0       0    (-,-) 
  st1_hot_ones_reg[1]/Q               -       CK->Q  F     DFFR_X1        2  2.9     8    87      87    (-,-) 
  csa_tree_add_184_79_groupi_g2210/ZN -       A1->ZN R     NAND2_X1       1  2.0    10    15     102    (-,-) 
  csa_tree_add_184_79_groupi_g2200/ZN -       A2->ZN F     NAND2_X1       3  5.7    14    22     124    (-,-) 
  csa_tree_add_184_79_groupi_g2149/ZN -       A1->ZN R     NOR2_X1        1  3.4    23    34     158    (-,-) 
  csa_tree_add_184_79_groupi_g2072/ZN -       B1->ZN F     OAI21_X2       2  5.3    12    20     178    (-,-) 
  g89515/CO                           -       CI->CO F     FA_X1          2  4.1    17    74     252    (-,-) 
  csa_tree_add_184_79_groupi_g2047/ZN -       A->ZN  R     INV_X1         1  2.0     9    17     269    (-,-) 
  csa_tree_add_184_79_groupi_g2046/ZN -       B1->ZN F     OAI21_X1       3  5.6    16    22     291    (-,-) 
  csa_tree_add_184_79_groupi_g2044/ZN -       B1->ZN R     AOI21_X1       2  4.4    34    42     334    (-,-) 
  csa_tree_add_184_79_groupi_g2041/ZN -       B1->ZN F     OAI21_X1       2  4.1    16    26     360    (-,-) 
  csa_tree_add_184_79_groupi_g2038/ZN -       A1->ZN R     NAND2_X1       1  1.9    10    18     378    (-,-) 
  csa_tree_add_184_79_groupi_g2037/ZN -       A1->ZN F     NAND2_X1       4  7.2    16    25     403    (-,-) 
  g89525/ZN                           -       A1->ZN R     NAND4_X1       1  1.9    15    22     425    (-,-) 
  csa_tree_add_184_79_groupi_g2033/ZN -       A1->ZN F     NAND2_X1       3  5.8    14    24     448    (-,-) 
  csa_tree_add_184_79_groupi_g2029/ZN -       A1->ZN R     NAND2_X1       1  1.9    10    18     466    (-,-) 
  csa_tree_add_184_79_groupi_g2028/ZN -       A1->ZN F     NAND2_X1       4  7.4    17    25     491    (-,-) 
  csa_tree_add_184_79_groupi_g2016/ZN -       A1->ZN R     NAND3_X1       1  1.9    12    20     512    (-,-) 
  csa_tree_add_184_79_groupi_g2013/ZN -       A1->ZN F     NAND2_X1       4  7.5    17    26     538    (-,-) 
  csa_tree_add_184_79_groupi_g2002/ZN -       A1->ZN R     NAND3_X1       1  1.9    12    20     558    (-,-) 
  csa_tree_add_184_79_groupi_g2001/ZN -       A->ZN  F     OAI211_X1      2  4.1    21    35     593    (-,-) 
  csa_tree_add_184_79_groupi_g1996/ZN -       A1->ZN R     NAND2_X1       1  1.9    11    20     613    (-,-) 
  csa_tree_add_184_79_groupi_g1995/ZN -       A1->ZN F     NAND2_X1       2  4.1    11    18     632    (-,-) 
  csa_tree_add_184_79_groupi_g1992/ZN -       A1->ZN R     NAND2_X1       1  1.9    10    16     648    (-,-) 
  csa_tree_add_184_79_groupi_g1991/ZN -       A1->ZN F     NAND2_X1       1  3.9    11    18     666    (-,-) 
  g89526/S                            -       A->S   R     FA_X1         19 38.1    91   198     864    (-,-) 
  g89329/Z                            -       S->Z   F     MUX2_X1        1  1.4    10    63     927    (-,-) 
  st2_sum_mag_reg[15]/D               -       -      F     DFFR_X1        1    -     -     0     927    (-,-) 
#-------------------------------------------------------------------------------------------------------------

Capture clock path:
#-----------------------------------------------------------------------------------------------
#     Timing Point       Flags   Arc   Edge   Cell     Fanout Load Trans Delay Arrival Instance 
#                                                             (fF)  (ps)  (ps)   (ps)  Location 
#-----------------------------------------------------------------------------------------------
  clk                    (i)     -     R     (arrival)    136  0.0     0     0    1031    (-,-) 
  st2_sum_mag_reg[15]/CK <<<     -     R     DFFR_X1      136    -     1     0    1031    (-,-) 
#-----------------------------------------------------------------------------------------------



Path 62: MET (63 ps) Setup Check with Pin st2_sum_mag_reg[14]/CK->D
           View: view_1p2_25
          Group: clock1
     Startpoint: (R) st1_hot_ones_reg[1]/CK
          Clock: (R) clock1
       Endpoint: (F) st2_sum_mag_reg[14]/D
          Clock: (R) clock1

                     Capture       Launch     
        Clock Edge:+    1031            0     
       Src Latency:+       0            0     
       Net Latency:+       0 (I)        0 (I) 
           Arrival:=    1031            0     
                                              
             Setup:-      41                  
       Uncertainty:-       0                  
     Required Time:=     990                  
      Launch Clock:-       0                  
         Data Path:-     927                  
             Slack:=      63                  

Launch clock path:
#-----------------------------------------------------------------------------------------------
#     Timing Point       Flags   Arc   Edge   Cell     Fanout Load Trans Delay Arrival Instance 
#                                                             (fF)  (ps)  (ps)   (ps)  Location 
#-----------------------------------------------------------------------------------------------
  clk                    (i)     -     R     (arrival)    136  0.0     0     0       0    (-,-) 
  st1_hot_ones_reg[1]/CK <<<     -     R     DFFR_X1      136    -     1     0       0    (-,-) 
#-----------------------------------------------------------------------------------------------

#-------------------------------------------------------------------------------------------------------------
#            Timing Point             Flags    Arc   Edge   Cell     Fanout Load Trans Delay Arrival Instance 
#                                                                           (fF)  (ps)  (ps)   (ps)  Location 
#-------------------------------------------------------------------------------------------------------------
  st1_hot_ones_reg[1]/CK              -       -      R     (arrival)    136    -     1     0       0    (-,-) 
  st1_hot_ones_reg[1]/Q               -       CK->Q  F     DFFR_X1        2  2.9     8    87      87    (-,-) 
  csa_tree_add_184_79_groupi_g2210/ZN -       A1->ZN R     NAND2_X1       1  2.0    10    15     102    (-,-) 
  csa_tree_add_184_79_groupi_g2200/ZN -       A2->ZN F     NAND2_X1       3  5.7    14    22     124    (-,-) 
  csa_tree_add_184_79_groupi_g2149/ZN -       A1->ZN R     NOR2_X1        1  3.4    23    34     158    (-,-) 
  csa_tree_add_184_79_groupi_g2072/ZN -       B1->ZN F     OAI21_X2       2  5.3    12    20     178    (-,-) 
  g89515/CO                           -       CI->CO F     FA_X1          2  4.1    17    74     252    (-,-) 
  csa_tree_add_184_79_groupi_g2047/ZN -       A->ZN  R     INV_X1         1  2.0     9    17     269    (-,-) 
  csa_tree_add_184_79_groupi_g2046/ZN -       B1->ZN F     OAI21_X1       3  5.6    16    22     291    (-,-) 
  csa_tree_add_184_79_groupi_g2044/ZN -       B1->ZN R     AOI21_X1       2  4.4    34    42     334    (-,-) 
  csa_tree_add_184_79_groupi_g2041/ZN -       B1->ZN F     OAI21_X1       2  4.1    16    26     360    (-,-) 
  csa_tree_add_184_79_groupi_g2038/ZN -       A1->ZN R     NAND2_X1       1  1.9    10    18     378    (-,-) 
  csa_tree_add_184_79_groupi_g2037/ZN -       A1->ZN F     NAND2_X1       4  7.2    16    25     403    (-,-) 
  g89525/ZN                           -       A1->ZN R     NAND4_X1       1  1.9    15    22     425    (-,-) 
  csa_tree_add_184_79_groupi_g2033/ZN -       A1->ZN F     NAND2_X1       3  5.8    14    24     448    (-,-) 
  csa_tree_add_184_79_groupi_g2029/ZN -       A1->ZN R     NAND2_X1       1  1.9    10    18     466    (-,-) 
  csa_tree_add_184_79_groupi_g2028/ZN -       A1->ZN F     NAND2_X1       4  7.4    17    25     491    (-,-) 
  csa_tree_add_184_79_groupi_g2016/ZN -       A1->ZN R     NAND3_X1       1  1.9    12    20     512    (-,-) 
  csa_tree_add_184_79_groupi_g2013/ZN -       A1->ZN F     NAND2_X1       4  7.5    17    26     538    (-,-) 
  csa_tree_add_184_79_groupi_g2002/ZN -       A1->ZN R     NAND3_X1       1  1.9    12    20     558    (-,-) 
  csa_tree_add_184_79_groupi_g2001/ZN -       A->ZN  F     OAI211_X1      2  4.1    21    35     593    (-,-) 
  csa_tree_add_184_79_groupi_g1996/ZN -       A1->ZN R     NAND2_X1       1  1.9    11    20     613    (-,-) 
  csa_tree_add_184_79_groupi_g1995/ZN -       A1->ZN F     NAND2_X1       2  4.1    11    18     632    (-,-) 
  csa_tree_add_184_79_groupi_g1992/ZN -       A1->ZN R     NAND2_X1       1  1.9    10    16     648    (-,-) 
  csa_tree_add_184_79_groupi_g1991/ZN -       A1->ZN F     NAND2_X1       1  3.9    11    18     666    (-,-) 
  g89526/S                            -       A->S   R     FA_X1         19 38.1    91   198     864    (-,-) 
  g89330/Z                            -       S->Z   F     MUX2_X1        1  1.4    10    63     927    (-,-) 
  st2_sum_mag_reg[14]/D               -       -      F     DFFR_X1        1    -     -     0     927    (-,-) 
#-------------------------------------------------------------------------------------------------------------

Capture clock path:
#-----------------------------------------------------------------------------------------------
#     Timing Point       Flags   Arc   Edge   Cell     Fanout Load Trans Delay Arrival Instance 
#                                                             (fF)  (ps)  (ps)   (ps)  Location 
#-----------------------------------------------------------------------------------------------
  clk                    (i)     -     R     (arrival)    136  0.0     0     0    1031    (-,-) 
  st2_sum_mag_reg[14]/CK <<<     -     R     DFFR_X1      136    -     1     0    1031    (-,-) 
#-----------------------------------------------------------------------------------------------



Path 63: MET (63 ps) Setup Check with Pin st2_sum_mag_reg[13]/CK->D
           View: view_1p2_25
          Group: clock1
     Startpoint: (R) st1_hot_ones_reg[1]/CK
          Clock: (R) clock1
       Endpoint: (F) st2_sum_mag_reg[13]/D
          Clock: (R) clock1

                     Capture       Launch     
        Clock Edge:+    1031            0     
       Src Latency:+       0            0     
       Net Latency:+       0 (I)        0 (I) 
           Arrival:=    1031            0     
                                              
             Setup:-      41                  
       Uncertainty:-       0                  
     Required Time:=     990                  
      Launch Clock:-       0                  
         Data Path:-     927                  
             Slack:=      63                  

Launch clock path:
#-----------------------------------------------------------------------------------------------
#     Timing Point       Flags   Arc   Edge   Cell     Fanout Load Trans Delay Arrival Instance 
#                                                             (fF)  (ps)  (ps)   (ps)  Location 
#-----------------------------------------------------------------------------------------------
  clk                    (i)     -     R     (arrival)    136  0.0     0     0       0    (-,-) 
  st1_hot_ones_reg[1]/CK <<<     -     R     DFFR_X1      136    -     1     0       0    (-,-) 
#-----------------------------------------------------------------------------------------------

#-------------------------------------------------------------------------------------------------------------
#            Timing Point             Flags    Arc   Edge   Cell     Fanout Load Trans Delay Arrival Instance 
#                                                                           (fF)  (ps)  (ps)   (ps)  Location 
#-------------------------------------------------------------------------------------------------------------
  st1_hot_ones_reg[1]/CK              -       -      R     (arrival)    136    -     1     0       0    (-,-) 
  st1_hot_ones_reg[1]/Q               -       CK->Q  F     DFFR_X1        2  2.9     8    87      87    (-,-) 
  csa_tree_add_184_79_groupi_g2210/ZN -       A1->ZN R     NAND2_X1       1  2.0    10    15     102    (-,-) 
  csa_tree_add_184_79_groupi_g2200/ZN -       A2->ZN F     NAND2_X1       3  5.7    14    22     124    (-,-) 
  csa_tree_add_184_79_groupi_g2149/ZN -       A1->ZN R     NOR2_X1        1  3.4    23    34     158    (-,-) 
  csa_tree_add_184_79_groupi_g2072/ZN -       B1->ZN F     OAI21_X2       2  5.3    12    20     178    (-,-) 
  g89515/CO                           -       CI->CO F     FA_X1          2  4.1    17    74     252    (-,-) 
  csa_tree_add_184_79_groupi_g2047/ZN -       A->ZN  R     INV_X1         1  2.0     9    17     269    (-,-) 
  csa_tree_add_184_79_groupi_g2046/ZN -       B1->ZN F     OAI21_X1       3  5.6    16    22     291    (-,-) 
  csa_tree_add_184_79_groupi_g2044/ZN -       B1->ZN R     AOI21_X1       2  4.4    34    42     334    (-,-) 
  csa_tree_add_184_79_groupi_g2041/ZN -       B1->ZN F     OAI21_X1       2  4.1    16    26     360    (-,-) 
  csa_tree_add_184_79_groupi_g2038/ZN -       A1->ZN R     NAND2_X1       1  1.9    10    18     378    (-,-) 
  csa_tree_add_184_79_groupi_g2037/ZN -       A1->ZN F     NAND2_X1       4  7.2    16    25     403    (-,-) 
  g89525/ZN                           -       A1->ZN R     NAND4_X1       1  1.9    15    22     425    (-,-) 
  csa_tree_add_184_79_groupi_g2033/ZN -       A1->ZN F     NAND2_X1       3  5.8    14    24     448    (-,-) 
  csa_tree_add_184_79_groupi_g2029/ZN -       A1->ZN R     NAND2_X1       1  1.9    10    18     466    (-,-) 
  csa_tree_add_184_79_groupi_g2028/ZN -       A1->ZN F     NAND2_X1       4  7.4    17    25     491    (-,-) 
  csa_tree_add_184_79_groupi_g2016/ZN -       A1->ZN R     NAND3_X1       1  1.9    12    20     512    (-,-) 
  csa_tree_add_184_79_groupi_g2013/ZN -       A1->ZN F     NAND2_X1       4  7.5    17    26     538    (-,-) 
  csa_tree_add_184_79_groupi_g2002/ZN -       A1->ZN R     NAND3_X1       1  1.9    12    20     558    (-,-) 
  csa_tree_add_184_79_groupi_g2001/ZN -       A->ZN  F     OAI211_X1      2  4.1    21    35     593    (-,-) 
  csa_tree_add_184_79_groupi_g1996/ZN -       A1->ZN R     NAND2_X1       1  1.9    11    20     613    (-,-) 
  csa_tree_add_184_79_groupi_g1995/ZN -       A1->ZN F     NAND2_X1       2  4.1    11    18     632    (-,-) 
  csa_tree_add_184_79_groupi_g1992/ZN -       A1->ZN R     NAND2_X1       1  1.9    10    16     648    (-,-) 
  csa_tree_add_184_79_groupi_g1991/ZN -       A1->ZN F     NAND2_X1       1  3.9    11    18     666    (-,-) 
  g89526/S                            -       A->S   R     FA_X1         19 38.1    91   198     864    (-,-) 
  g89336/Z                            -       S->Z   F     MUX2_X1        1  1.4    10    63     927    (-,-) 
  st2_sum_mag_reg[13]/D               -       -      F     DFFR_X1        1    -     -     0     927    (-,-) 
#-------------------------------------------------------------------------------------------------------------

Capture clock path:
#-----------------------------------------------------------------------------------------------
#     Timing Point       Flags   Arc   Edge   Cell     Fanout Load Trans Delay Arrival Instance 
#                                                             (fF)  (ps)  (ps)   (ps)  Location 
#-----------------------------------------------------------------------------------------------
  clk                    (i)     -     R     (arrival)    136  0.0     0     0    1031    (-,-) 
  st2_sum_mag_reg[13]/CK <<<     -     R     DFFR_X1      136    -     1     0    1031    (-,-) 
#-----------------------------------------------------------------------------------------------



Path 64: MET (63 ps) Setup Check with Pin st2_sum_mag_reg[12]/CK->D
           View: view_1p2_25
          Group: clock1
     Startpoint: (R) st1_hot_ones_reg[1]/CK
          Clock: (R) clock1
       Endpoint: (F) st2_sum_mag_reg[12]/D
          Clock: (R) clock1

                     Capture       Launch     
        Clock Edge:+    1031            0     
       Src Latency:+       0            0     
       Net Latency:+       0 (I)        0 (I) 
           Arrival:=    1031            0     
                                              
             Setup:-      41                  
       Uncertainty:-       0                  
     Required Time:=     990                  
      Launch Clock:-       0                  
         Data Path:-     927                  
             Slack:=      63                  

Launch clock path:
#-----------------------------------------------------------------------------------------------
#     Timing Point       Flags   Arc   Edge   Cell     Fanout Load Trans Delay Arrival Instance 
#                                                             (fF)  (ps)  (ps)   (ps)  Location 
#-----------------------------------------------------------------------------------------------
  clk                    (i)     -     R     (arrival)    136  0.0     0     0       0    (-,-) 
  st1_hot_ones_reg[1]/CK <<<     -     R     DFFR_X1      136    -     1     0       0    (-,-) 
#-----------------------------------------------------------------------------------------------

#-------------------------------------------------------------------------------------------------------------
#            Timing Point             Flags    Arc   Edge   Cell     Fanout Load Trans Delay Arrival Instance 
#                                                                           (fF)  (ps)  (ps)   (ps)  Location 
#-------------------------------------------------------------------------------------------------------------
  st1_hot_ones_reg[1]/CK              -       -      R     (arrival)    136    -     1     0       0    (-,-) 
  st1_hot_ones_reg[1]/Q               -       CK->Q  F     DFFR_X1        2  2.9     8    87      87    (-,-) 
  csa_tree_add_184_79_groupi_g2210/ZN -       A1->ZN R     NAND2_X1       1  2.0    10    15     102    (-,-) 
  csa_tree_add_184_79_groupi_g2200/ZN -       A2->ZN F     NAND2_X1       3  5.7    14    22     124    (-,-) 
  csa_tree_add_184_79_groupi_g2149/ZN -       A1->ZN R     NOR2_X1        1  3.4    23    34     158    (-,-) 
  csa_tree_add_184_79_groupi_g2072/ZN -       B1->ZN F     OAI21_X2       2  5.3    12    20     178    (-,-) 
  g89515/CO                           -       CI->CO F     FA_X1          2  4.1    17    74     252    (-,-) 
  csa_tree_add_184_79_groupi_g2047/ZN -       A->ZN  R     INV_X1         1  2.0     9    17     269    (-,-) 
  csa_tree_add_184_79_groupi_g2046/ZN -       B1->ZN F     OAI21_X1       3  5.6    16    22     291    (-,-) 
  csa_tree_add_184_79_groupi_g2044/ZN -       B1->ZN R     AOI21_X1       2  4.4    34    42     334    (-,-) 
  csa_tree_add_184_79_groupi_g2041/ZN -       B1->ZN F     OAI21_X1       2  4.1    16    26     360    (-,-) 
  csa_tree_add_184_79_groupi_g2038/ZN -       A1->ZN R     NAND2_X1       1  1.9    10    18     378    (-,-) 
  csa_tree_add_184_79_groupi_g2037/ZN -       A1->ZN F     NAND2_X1       4  7.2    16    25     403    (-,-) 
  g89525/ZN                           -       A1->ZN R     NAND4_X1       1  1.9    15    22     425    (-,-) 
  csa_tree_add_184_79_groupi_g2033/ZN -       A1->ZN F     NAND2_X1       3  5.8    14    24     448    (-,-) 
  csa_tree_add_184_79_groupi_g2029/ZN -       A1->ZN R     NAND2_X1       1  1.9    10    18     466    (-,-) 
  csa_tree_add_184_79_groupi_g2028/ZN -       A1->ZN F     NAND2_X1       4  7.4    17    25     491    (-,-) 
  csa_tree_add_184_79_groupi_g2016/ZN -       A1->ZN R     NAND3_X1       1  1.9    12    20     512    (-,-) 
  csa_tree_add_184_79_groupi_g2013/ZN -       A1->ZN F     NAND2_X1       4  7.5    17    26     538    (-,-) 
  csa_tree_add_184_79_groupi_g2002/ZN -       A1->ZN R     NAND3_X1       1  1.9    12    20     558    (-,-) 
  csa_tree_add_184_79_groupi_g2001/ZN -       A->ZN  F     OAI211_X1      2  4.1    21    35     593    (-,-) 
  csa_tree_add_184_79_groupi_g1996/ZN -       A1->ZN R     NAND2_X1       1  1.9    11    20     613    (-,-) 
  csa_tree_add_184_79_groupi_g1995/ZN -       A1->ZN F     NAND2_X1       2  4.1    11    18     632    (-,-) 
  csa_tree_add_184_79_groupi_g1992/ZN -       A1->ZN R     NAND2_X1       1  1.9    10    16     648    (-,-) 
  csa_tree_add_184_79_groupi_g1991/ZN -       A1->ZN F     NAND2_X1       1  3.9    11    18     666    (-,-) 
  g89526/S                            -       A->S   R     FA_X1         19 38.1    91   198     864    (-,-) 
  g89328/Z                            -       S->Z   F     MUX2_X1        1  1.4    10    63     927    (-,-) 
  st2_sum_mag_reg[12]/D               -       -      F     DFFR_X1        1    -     -     0     927    (-,-) 
#-------------------------------------------------------------------------------------------------------------

Capture clock path:
#-----------------------------------------------------------------------------------------------
#     Timing Point       Flags   Arc   Edge   Cell     Fanout Load Trans Delay Arrival Instance 
#                                                             (fF)  (ps)  (ps)   (ps)  Location 
#-----------------------------------------------------------------------------------------------
  clk                    (i)     -     R     (arrival)    136  0.0     0     0    1031    (-,-) 
  st2_sum_mag_reg[12]/CK <<<     -     R     DFFR_X1      136    -     1     0    1031    (-,-) 
#-----------------------------------------------------------------------------------------------



Path 65: MET (63 ps) Setup Check with Pin st2_sum_mag_reg[11]/CK->D
           View: view_1p2_25
          Group: clock1
     Startpoint: (R) st1_hot_ones_reg[1]/CK
          Clock: (R) clock1
       Endpoint: (F) st2_sum_mag_reg[11]/D
          Clock: (R) clock1

                     Capture       Launch     
        Clock Edge:+    1031            0     
       Src Latency:+       0            0     
       Net Latency:+       0 (I)        0 (I) 
           Arrival:=    1031            0     
                                              
             Setup:-      41                  
       Uncertainty:-       0                  
     Required Time:=     990                  
      Launch Clock:-       0                  
         Data Path:-     927                  
             Slack:=      63                  

Launch clock path:
#-----------------------------------------------------------------------------------------------
#     Timing Point       Flags   Arc   Edge   Cell     Fanout Load Trans Delay Arrival Instance 
#                                                             (fF)  (ps)  (ps)   (ps)  Location 
#-----------------------------------------------------------------------------------------------
  clk                    (i)     -     R     (arrival)    136  0.0     0     0       0    (-,-) 
  st1_hot_ones_reg[1]/CK <<<     -     R     DFFR_X1      136    -     1     0       0    (-,-) 
#-----------------------------------------------------------------------------------------------

#-------------------------------------------------------------------------------------------------------------
#            Timing Point             Flags    Arc   Edge   Cell     Fanout Load Trans Delay Arrival Instance 
#                                                                           (fF)  (ps)  (ps)   (ps)  Location 
#-------------------------------------------------------------------------------------------------------------
  st1_hot_ones_reg[1]/CK              -       -      R     (arrival)    136    -     1     0       0    (-,-) 
  st1_hot_ones_reg[1]/Q               -       CK->Q  F     DFFR_X1        2  2.9     8    87      87    (-,-) 
  csa_tree_add_184_79_groupi_g2210/ZN -       A1->ZN R     NAND2_X1       1  2.0    10    15     102    (-,-) 
  csa_tree_add_184_79_groupi_g2200/ZN -       A2->ZN F     NAND2_X1       3  5.7    14    22     124    (-,-) 
  csa_tree_add_184_79_groupi_g2149/ZN -       A1->ZN R     NOR2_X1        1  3.4    23    34     158    (-,-) 
  csa_tree_add_184_79_groupi_g2072/ZN -       B1->ZN F     OAI21_X2       2  5.3    12    20     178    (-,-) 
  g89515/CO                           -       CI->CO F     FA_X1          2  4.1    17    74     252    (-,-) 
  csa_tree_add_184_79_groupi_g2047/ZN -       A->ZN  R     INV_X1         1  2.0     9    17     269    (-,-) 
  csa_tree_add_184_79_groupi_g2046/ZN -       B1->ZN F     OAI21_X1       3  5.6    16    22     291    (-,-) 
  csa_tree_add_184_79_groupi_g2044/ZN -       B1->ZN R     AOI21_X1       2  4.4    34    42     334    (-,-) 
  csa_tree_add_184_79_groupi_g2041/ZN -       B1->ZN F     OAI21_X1       2  4.1    16    26     360    (-,-) 
  csa_tree_add_184_79_groupi_g2038/ZN -       A1->ZN R     NAND2_X1       1  1.9    10    18     378    (-,-) 
  csa_tree_add_184_79_groupi_g2037/ZN -       A1->ZN F     NAND2_X1       4  7.2    16    25     403    (-,-) 
  g89525/ZN                           -       A1->ZN R     NAND4_X1       1  1.9    15    22     425    (-,-) 
  csa_tree_add_184_79_groupi_g2033/ZN -       A1->ZN F     NAND2_X1       3  5.8    14    24     448    (-,-) 
  csa_tree_add_184_79_groupi_g2029/ZN -       A1->ZN R     NAND2_X1       1  1.9    10    18     466    (-,-) 
  csa_tree_add_184_79_groupi_g2028/ZN -       A1->ZN F     NAND2_X1       4  7.4    17    25     491    (-,-) 
  csa_tree_add_184_79_groupi_g2016/ZN -       A1->ZN R     NAND3_X1       1  1.9    12    20     512    (-,-) 
  csa_tree_add_184_79_groupi_g2013/ZN -       A1->ZN F     NAND2_X1       4  7.5    17    26     538    (-,-) 
  csa_tree_add_184_79_groupi_g2002/ZN -       A1->ZN R     NAND3_X1       1  1.9    12    20     558    (-,-) 
  csa_tree_add_184_79_groupi_g2001/ZN -       A->ZN  F     OAI211_X1      2  4.1    21    35     593    (-,-) 
  csa_tree_add_184_79_groupi_g1996/ZN -       A1->ZN R     NAND2_X1       1  1.9    11    20     613    (-,-) 
  csa_tree_add_184_79_groupi_g1995/ZN -       A1->ZN F     NAND2_X1       2  4.1    11    18     632    (-,-) 
  csa_tree_add_184_79_groupi_g1992/ZN -       A1->ZN R     NAND2_X1       1  1.9    10    16     648    (-,-) 
  csa_tree_add_184_79_groupi_g1991/ZN -       A1->ZN F     NAND2_X1       1  3.9    11    18     666    (-,-) 
  g89526/S                            -       A->S   R     FA_X1         19 38.1    91   198     864    (-,-) 
  g89333/Z                            -       S->Z   F     MUX2_X1        1  1.4    10    63     927    (-,-) 
  st2_sum_mag_reg[11]/D               -       -      F     DFFR_X1        1    -     -     0     927    (-,-) 
#-------------------------------------------------------------------------------------------------------------

Capture clock path:
#-----------------------------------------------------------------------------------------------
#     Timing Point       Flags   Arc   Edge   Cell     Fanout Load Trans Delay Arrival Instance 
#                                                             (fF)  (ps)  (ps)   (ps)  Location 
#-----------------------------------------------------------------------------------------------
  clk                    (i)     -     R     (arrival)    136  0.0     0     0    1031    (-,-) 
  st2_sum_mag_reg[11]/CK <<<     -     R     DFFR_X1      136    -     1     0    1031    (-,-) 
#-----------------------------------------------------------------------------------------------



Path 66: MET (63 ps) Setup Check with Pin st2_sum_mag_reg[9]/CK->D
           View: view_1p2_25
          Group: clock1
     Startpoint: (R) st1_hot_ones_reg[1]/CK
          Clock: (R) clock1
       Endpoint: (F) st2_sum_mag_reg[9]/D
          Clock: (R) clock1

                     Capture       Launch     
        Clock Edge:+    1031            0     
       Src Latency:+       0            0     
       Net Latency:+       0 (I)        0 (I) 
           Arrival:=    1031            0     
                                              
             Setup:-      41                  
       Uncertainty:-       0                  
     Required Time:=     990                  
      Launch Clock:-       0                  
         Data Path:-     927                  
             Slack:=      63                  

Launch clock path:
#-----------------------------------------------------------------------------------------------
#     Timing Point       Flags   Arc   Edge   Cell     Fanout Load Trans Delay Arrival Instance 
#                                                             (fF)  (ps)  (ps)   (ps)  Location 
#-----------------------------------------------------------------------------------------------
  clk                    (i)     -     R     (arrival)    136  0.0     0     0       0    (-,-) 
  st1_hot_ones_reg[1]/CK <<<     -     R     DFFR_X1      136    -     1     0       0    (-,-) 
#-----------------------------------------------------------------------------------------------

#-------------------------------------------------------------------------------------------------------------
#            Timing Point             Flags    Arc   Edge   Cell     Fanout Load Trans Delay Arrival Instance 
#                                                                           (fF)  (ps)  (ps)   (ps)  Location 
#-------------------------------------------------------------------------------------------------------------
  st1_hot_ones_reg[1]/CK              -       -      R     (arrival)    136    -     1     0       0    (-,-) 
  st1_hot_ones_reg[1]/Q               -       CK->Q  F     DFFR_X1        2  2.9     8    87      87    (-,-) 
  csa_tree_add_184_79_groupi_g2210/ZN -       A1->ZN R     NAND2_X1       1  2.0    10    15     102    (-,-) 
  csa_tree_add_184_79_groupi_g2200/ZN -       A2->ZN F     NAND2_X1       3  5.7    14    22     124    (-,-) 
  csa_tree_add_184_79_groupi_g2149/ZN -       A1->ZN R     NOR2_X1        1  3.4    23    34     158    (-,-) 
  csa_tree_add_184_79_groupi_g2072/ZN -       B1->ZN F     OAI21_X2       2  5.3    12    20     178    (-,-) 
  g89515/CO                           -       CI->CO F     FA_X1          2  4.1    17    74     252    (-,-) 
  csa_tree_add_184_79_groupi_g2047/ZN -       A->ZN  R     INV_X1         1  2.0     9    17     269    (-,-) 
  csa_tree_add_184_79_groupi_g2046/ZN -       B1->ZN F     OAI21_X1       3  5.6    16    22     291    (-,-) 
  csa_tree_add_184_79_groupi_g2044/ZN -       B1->ZN R     AOI21_X1       2  4.4    34    42     334    (-,-) 
  csa_tree_add_184_79_groupi_g2041/ZN -       B1->ZN F     OAI21_X1       2  4.1    16    26     360    (-,-) 
  csa_tree_add_184_79_groupi_g2038/ZN -       A1->ZN R     NAND2_X1       1  1.9    10    18     378    (-,-) 
  csa_tree_add_184_79_groupi_g2037/ZN -       A1->ZN F     NAND2_X1       4  7.2    16    25     403    (-,-) 
  g89525/ZN                           -       A1->ZN R     NAND4_X1       1  1.9    15    22     425    (-,-) 
  csa_tree_add_184_79_groupi_g2033/ZN -       A1->ZN F     NAND2_X1       3  5.8    14    24     448    (-,-) 
  csa_tree_add_184_79_groupi_g2029/ZN -       A1->ZN R     NAND2_X1       1  1.9    10    18     466    (-,-) 
  csa_tree_add_184_79_groupi_g2028/ZN -       A1->ZN F     NAND2_X1       4  7.4    17    25     491    (-,-) 
  csa_tree_add_184_79_groupi_g2016/ZN -       A1->ZN R     NAND3_X1       1  1.9    12    20     512    (-,-) 
  csa_tree_add_184_79_groupi_g2013/ZN -       A1->ZN F     NAND2_X1       4  7.5    17    26     538    (-,-) 
  csa_tree_add_184_79_groupi_g2002/ZN -       A1->ZN R     NAND3_X1       1  1.9    12    20     558    (-,-) 
  csa_tree_add_184_79_groupi_g2001/ZN -       A->ZN  F     OAI211_X1      2  4.1    21    35     593    (-,-) 
  csa_tree_add_184_79_groupi_g1996/ZN -       A1->ZN R     NAND2_X1       1  1.9    11    20     613    (-,-) 
  csa_tree_add_184_79_groupi_g1995/ZN -       A1->ZN F     NAND2_X1       2  4.1    11    18     632    (-,-) 
  csa_tree_add_184_79_groupi_g1992/ZN -       A1->ZN R     NAND2_X1       1  1.9    10    16     648    (-,-) 
  csa_tree_add_184_79_groupi_g1991/ZN -       A1->ZN F     NAND2_X1       1  3.9    11    18     666    (-,-) 
  g89526/S                            -       A->S   R     FA_X1         19 38.1    91   198     864    (-,-) 
  g89339/Z                            -       S->Z   F     MUX2_X1        1  1.4    10    63     927    (-,-) 
  st2_sum_mag_reg[9]/D                -       -      F     DFFR_X1        1    -     -     0     927    (-,-) 
#-------------------------------------------------------------------------------------------------------------

Capture clock path:
#----------------------------------------------------------------------------------------------
#     Timing Point      Flags   Arc   Edge   Cell     Fanout Load Trans Delay Arrival Instance 
#                                                            (fF)  (ps)  (ps)   (ps)  Location 
#----------------------------------------------------------------------------------------------
  clk                   (i)     -     R     (arrival)    136  0.0     0     0    1031    (-,-) 
  st2_sum_mag_reg[9]/CK <<<     -     R     DFFR_X1      136    -     1     0    1031    (-,-) 
#----------------------------------------------------------------------------------------------



Path 67: MET (63 ps) Setup Check with Pin st2_sum_mag_reg[8]/CK->D
           View: view_1p2_25
          Group: clock1
     Startpoint: (R) st1_hot_ones_reg[1]/CK
          Clock: (R) clock1
       Endpoint: (F) st2_sum_mag_reg[8]/D
          Clock: (R) clock1

                     Capture       Launch     
        Clock Edge:+    1031            0     
       Src Latency:+       0            0     
       Net Latency:+       0 (I)        0 (I) 
           Arrival:=    1031            0     
                                              
             Setup:-      41                  
       Uncertainty:-       0                  
     Required Time:=     990                  
      Launch Clock:-       0                  
         Data Path:-     927                  
             Slack:=      63                  

Launch clock path:
#-----------------------------------------------------------------------------------------------
#     Timing Point       Flags   Arc   Edge   Cell     Fanout Load Trans Delay Arrival Instance 
#                                                             (fF)  (ps)  (ps)   (ps)  Location 
#-----------------------------------------------------------------------------------------------
  clk                    (i)     -     R     (arrival)    136  0.0     0     0       0    (-,-) 
  st1_hot_ones_reg[1]/CK <<<     -     R     DFFR_X1      136    -     1     0       0    (-,-) 
#-----------------------------------------------------------------------------------------------

#-------------------------------------------------------------------------------------------------------------
#            Timing Point             Flags    Arc   Edge   Cell     Fanout Load Trans Delay Arrival Instance 
#                                                                           (fF)  (ps)  (ps)   (ps)  Location 
#-------------------------------------------------------------------------------------------------------------
  st1_hot_ones_reg[1]/CK              -       -      R     (arrival)    136    -     1     0       0    (-,-) 
  st1_hot_ones_reg[1]/Q               -       CK->Q  F     DFFR_X1        2  2.9     8    87      87    (-,-) 
  csa_tree_add_184_79_groupi_g2210/ZN -       A1->ZN R     NAND2_X1       1  2.0    10    15     102    (-,-) 
  csa_tree_add_184_79_groupi_g2200/ZN -       A2->ZN F     NAND2_X1       3  5.7    14    22     124    (-,-) 
  csa_tree_add_184_79_groupi_g2149/ZN -       A1->ZN R     NOR2_X1        1  3.4    23    34     158    (-,-) 
  csa_tree_add_184_79_groupi_g2072/ZN -       B1->ZN F     OAI21_X2       2  5.3    12    20     178    (-,-) 
  g89515/CO                           -       CI->CO F     FA_X1          2  4.1    17    74     252    (-,-) 
  csa_tree_add_184_79_groupi_g2047/ZN -       A->ZN  R     INV_X1         1  2.0     9    17     269    (-,-) 
  csa_tree_add_184_79_groupi_g2046/ZN -       B1->ZN F     OAI21_X1       3  5.6    16    22     291    (-,-) 
  csa_tree_add_184_79_groupi_g2044/ZN -       B1->ZN R     AOI21_X1       2  4.4    34    42     334    (-,-) 
  csa_tree_add_184_79_groupi_g2041/ZN -       B1->ZN F     OAI21_X1       2  4.1    16    26     360    (-,-) 
  csa_tree_add_184_79_groupi_g2038/ZN -       A1->ZN R     NAND2_X1       1  1.9    10    18     378    (-,-) 
  csa_tree_add_184_79_groupi_g2037/ZN -       A1->ZN F     NAND2_X1       4  7.2    16    25     403    (-,-) 
  g89525/ZN                           -       A1->ZN R     NAND4_X1       1  1.9    15    22     425    (-,-) 
  csa_tree_add_184_79_groupi_g2033/ZN -       A1->ZN F     NAND2_X1       3  5.8    14    24     448    (-,-) 
  csa_tree_add_184_79_groupi_g2029/ZN -       A1->ZN R     NAND2_X1       1  1.9    10    18     466    (-,-) 
  csa_tree_add_184_79_groupi_g2028/ZN -       A1->ZN F     NAND2_X1       4  7.4    17    25     491    (-,-) 
  csa_tree_add_184_79_groupi_g2016/ZN -       A1->ZN R     NAND3_X1       1  1.9    12    20     512    (-,-) 
  csa_tree_add_184_79_groupi_g2013/ZN -       A1->ZN F     NAND2_X1       4  7.5    17    26     538    (-,-) 
  csa_tree_add_184_79_groupi_g2002/ZN -       A1->ZN R     NAND3_X1       1  1.9    12    20     558    (-,-) 
  csa_tree_add_184_79_groupi_g2001/ZN -       A->ZN  F     OAI211_X1      2  4.1    21    35     593    (-,-) 
  csa_tree_add_184_79_groupi_g1996/ZN -       A1->ZN R     NAND2_X1       1  1.9    11    20     613    (-,-) 
  csa_tree_add_184_79_groupi_g1995/ZN -       A1->ZN F     NAND2_X1       2  4.1    11    18     632    (-,-) 
  csa_tree_add_184_79_groupi_g1992/ZN -       A1->ZN R     NAND2_X1       1  1.9    10    16     648    (-,-) 
  csa_tree_add_184_79_groupi_g1991/ZN -       A1->ZN F     NAND2_X1       1  3.9    11    18     666    (-,-) 
  g89526/S                            -       A->S   R     FA_X1         19 38.1    91   198     864    (-,-) 
  g89334/Z                            -       S->Z   F     MUX2_X1        1  1.4    10    63     927    (-,-) 
  st2_sum_mag_reg[8]/D                -       -      F     DFFR_X1        1    -     -     0     927    (-,-) 
#-------------------------------------------------------------------------------------------------------------

Capture clock path:
#----------------------------------------------------------------------------------------------
#     Timing Point      Flags   Arc   Edge   Cell     Fanout Load Trans Delay Arrival Instance 
#                                                            (fF)  (ps)  (ps)   (ps)  Location 
#----------------------------------------------------------------------------------------------
  clk                   (i)     -     R     (arrival)    136  0.0     0     0    1031    (-,-) 
  st2_sum_mag_reg[8]/CK <<<     -     R     DFFR_X1      136    -     1     0    1031    (-,-) 
#----------------------------------------------------------------------------------------------



Path 68: MET (63 ps) Setup Check with Pin st2_sum_mag_reg[7]/CK->D
           View: view_1p2_25
          Group: clock1
     Startpoint: (R) st1_hot_ones_reg[1]/CK
          Clock: (R) clock1
       Endpoint: (F) st2_sum_mag_reg[7]/D
          Clock: (R) clock1

                     Capture       Launch     
        Clock Edge:+    1031            0     
       Src Latency:+       0            0     
       Net Latency:+       0 (I)        0 (I) 
           Arrival:=    1031            0     
                                              
             Setup:-      41                  
       Uncertainty:-       0                  
     Required Time:=     990                  
      Launch Clock:-       0                  
         Data Path:-     927                  
             Slack:=      63                  

Launch clock path:
#-----------------------------------------------------------------------------------------------
#     Timing Point       Flags   Arc   Edge   Cell     Fanout Load Trans Delay Arrival Instance 
#                                                             (fF)  (ps)  (ps)   (ps)  Location 
#-----------------------------------------------------------------------------------------------
  clk                    (i)     -     R     (arrival)    136  0.0     0     0       0    (-,-) 
  st1_hot_ones_reg[1]/CK <<<     -     R     DFFR_X1      136    -     1     0       0    (-,-) 
#-----------------------------------------------------------------------------------------------

#-------------------------------------------------------------------------------------------------------------
#            Timing Point             Flags    Arc   Edge   Cell     Fanout Load Trans Delay Arrival Instance 
#                                                                           (fF)  (ps)  (ps)   (ps)  Location 
#-------------------------------------------------------------------------------------------------------------
  st1_hot_ones_reg[1]/CK              -       -      R     (arrival)    136    -     1     0       0    (-,-) 
  st1_hot_ones_reg[1]/Q               -       CK->Q  F     DFFR_X1        2  2.9     8    87      87    (-,-) 
  csa_tree_add_184_79_groupi_g2210/ZN -       A1->ZN R     NAND2_X1       1  2.0    10    15     102    (-,-) 
  csa_tree_add_184_79_groupi_g2200/ZN -       A2->ZN F     NAND2_X1       3  5.7    14    22     124    (-,-) 
  csa_tree_add_184_79_groupi_g2149/ZN -       A1->ZN R     NOR2_X1        1  3.4    23    34     158    (-,-) 
  csa_tree_add_184_79_groupi_g2072/ZN -       B1->ZN F     OAI21_X2       2  5.3    12    20     178    (-,-) 
  g89515/CO                           -       CI->CO F     FA_X1          2  4.1    17    74     252    (-,-) 
  csa_tree_add_184_79_groupi_g2047/ZN -       A->ZN  R     INV_X1         1  2.0     9    17     269    (-,-) 
  csa_tree_add_184_79_groupi_g2046/ZN -       B1->ZN F     OAI21_X1       3  5.6    16    22     291    (-,-) 
  csa_tree_add_184_79_groupi_g2044/ZN -       B1->ZN R     AOI21_X1       2  4.4    34    42     334    (-,-) 
  csa_tree_add_184_79_groupi_g2041/ZN -       B1->ZN F     OAI21_X1       2  4.1    16    26     360    (-,-) 
  csa_tree_add_184_79_groupi_g2038/ZN -       A1->ZN R     NAND2_X1       1  1.9    10    18     378    (-,-) 
  csa_tree_add_184_79_groupi_g2037/ZN -       A1->ZN F     NAND2_X1       4  7.2    16    25     403    (-,-) 
  g89525/ZN                           -       A1->ZN R     NAND4_X1       1  1.9    15    22     425    (-,-) 
  csa_tree_add_184_79_groupi_g2033/ZN -       A1->ZN F     NAND2_X1       3  5.8    14    24     448    (-,-) 
  csa_tree_add_184_79_groupi_g2029/ZN -       A1->ZN R     NAND2_X1       1  1.9    10    18     466    (-,-) 
  csa_tree_add_184_79_groupi_g2028/ZN -       A1->ZN F     NAND2_X1       4  7.4    17    25     491    (-,-) 
  csa_tree_add_184_79_groupi_g2016/ZN -       A1->ZN R     NAND3_X1       1  1.9    12    20     512    (-,-) 
  csa_tree_add_184_79_groupi_g2013/ZN -       A1->ZN F     NAND2_X1       4  7.5    17    26     538    (-,-) 
  csa_tree_add_184_79_groupi_g2002/ZN -       A1->ZN R     NAND3_X1       1  1.9    12    20     558    (-,-) 
  csa_tree_add_184_79_groupi_g2001/ZN -       A->ZN  F     OAI211_X1      2  4.1    21    35     593    (-,-) 
  csa_tree_add_184_79_groupi_g1996/ZN -       A1->ZN R     NAND2_X1       1  1.9    11    20     613    (-,-) 
  csa_tree_add_184_79_groupi_g1995/ZN -       A1->ZN F     NAND2_X1       2  4.1    11    18     632    (-,-) 
  csa_tree_add_184_79_groupi_g1992/ZN -       A1->ZN R     NAND2_X1       1  1.9    10    16     648    (-,-) 
  csa_tree_add_184_79_groupi_g1991/ZN -       A1->ZN F     NAND2_X1       1  3.9    11    18     666    (-,-) 
  g89526/S                            -       A->S   R     FA_X1         19 38.1    91   198     864    (-,-) 
  g89337/Z                            -       S->Z   F     MUX2_X1        1  1.4    10    63     927    (-,-) 
  st2_sum_mag_reg[7]/D                -       -      F     DFFR_X1        1    -     -     0     927    (-,-) 
#-------------------------------------------------------------------------------------------------------------

Capture clock path:
#----------------------------------------------------------------------------------------------
#     Timing Point      Flags   Arc   Edge   Cell     Fanout Load Trans Delay Arrival Instance 
#                                                            (fF)  (ps)  (ps)   (ps)  Location 
#----------------------------------------------------------------------------------------------
  clk                   (i)     -     R     (arrival)    136  0.0     0     0    1031    (-,-) 
  st2_sum_mag_reg[7]/CK <<<     -     R     DFFR_X1      136    -     1     0    1031    (-,-) 
#----------------------------------------------------------------------------------------------



Path 69: MET (63 ps) Setup Check with Pin st2_sum_mag_reg[6]/CK->D
           View: view_1p2_25
          Group: clock1
     Startpoint: (R) st1_hot_ones_reg[1]/CK
          Clock: (R) clock1
       Endpoint: (F) st2_sum_mag_reg[6]/D
          Clock: (R) clock1

                     Capture       Launch     
        Clock Edge:+    1031            0     
       Src Latency:+       0            0     
       Net Latency:+       0 (I)        0 (I) 
           Arrival:=    1031            0     
                                              
             Setup:-      41                  
       Uncertainty:-       0                  
     Required Time:=     990                  
      Launch Clock:-       0                  
         Data Path:-     927                  
             Slack:=      63                  

Launch clock path:
#-----------------------------------------------------------------------------------------------
#     Timing Point       Flags   Arc   Edge   Cell     Fanout Load Trans Delay Arrival Instance 
#                                                             (fF)  (ps)  (ps)   (ps)  Location 
#-----------------------------------------------------------------------------------------------
  clk                    (i)     -     R     (arrival)    136  0.0     0     0       0    (-,-) 
  st1_hot_ones_reg[1]/CK <<<     -     R     DFFR_X1      136    -     1     0       0    (-,-) 
#-----------------------------------------------------------------------------------------------

#-------------------------------------------------------------------------------------------------------------
#            Timing Point             Flags    Arc   Edge   Cell     Fanout Load Trans Delay Arrival Instance 
#                                                                           (fF)  (ps)  (ps)   (ps)  Location 
#-------------------------------------------------------------------------------------------------------------
  st1_hot_ones_reg[1]/CK              -       -      R     (arrival)    136    -     1     0       0    (-,-) 
  st1_hot_ones_reg[1]/Q               -       CK->Q  F     DFFR_X1        2  2.9     8    87      87    (-,-) 
  csa_tree_add_184_79_groupi_g2210/ZN -       A1->ZN R     NAND2_X1       1  2.0    10    15     102    (-,-) 
  csa_tree_add_184_79_groupi_g2200/ZN -       A2->ZN F     NAND2_X1       3  5.7    14    22     124    (-,-) 
  csa_tree_add_184_79_groupi_g2149/ZN -       A1->ZN R     NOR2_X1        1  3.4    23    34     158    (-,-) 
  csa_tree_add_184_79_groupi_g2072/ZN -       B1->ZN F     OAI21_X2       2  5.3    12    20     178    (-,-) 
  g89515/CO                           -       CI->CO F     FA_X1          2  4.1    17    74     252    (-,-) 
  csa_tree_add_184_79_groupi_g2047/ZN -       A->ZN  R     INV_X1         1  2.0     9    17     269    (-,-) 
  csa_tree_add_184_79_groupi_g2046/ZN -       B1->ZN F     OAI21_X1       3  5.6    16    22     291    (-,-) 
  csa_tree_add_184_79_groupi_g2044/ZN -       B1->ZN R     AOI21_X1       2  4.4    34    42     334    (-,-) 
  csa_tree_add_184_79_groupi_g2041/ZN -       B1->ZN F     OAI21_X1       2  4.1    16    26     360    (-,-) 
  csa_tree_add_184_79_groupi_g2038/ZN -       A1->ZN R     NAND2_X1       1  1.9    10    18     378    (-,-) 
  csa_tree_add_184_79_groupi_g2037/ZN -       A1->ZN F     NAND2_X1       4  7.2    16    25     403    (-,-) 
  g89525/ZN                           -       A1->ZN R     NAND4_X1       1  1.9    15    22     425    (-,-) 
  csa_tree_add_184_79_groupi_g2033/ZN -       A1->ZN F     NAND2_X1       3  5.8    14    24     448    (-,-) 
  csa_tree_add_184_79_groupi_g2029/ZN -       A1->ZN R     NAND2_X1       1  1.9    10    18     466    (-,-) 
  csa_tree_add_184_79_groupi_g2028/ZN -       A1->ZN F     NAND2_X1       4  7.4    17    25     491    (-,-) 
  csa_tree_add_184_79_groupi_g2016/ZN -       A1->ZN R     NAND3_X1       1  1.9    12    20     512    (-,-) 
  csa_tree_add_184_79_groupi_g2013/ZN -       A1->ZN F     NAND2_X1       4  7.5    17    26     538    (-,-) 
  csa_tree_add_184_79_groupi_g2002/ZN -       A1->ZN R     NAND3_X1       1  1.9    12    20     558    (-,-) 
  csa_tree_add_184_79_groupi_g2001/ZN -       A->ZN  F     OAI211_X1      2  4.1    21    35     593    (-,-) 
  csa_tree_add_184_79_groupi_g1996/ZN -       A1->ZN R     NAND2_X1       1  1.9    11    20     613    (-,-) 
  csa_tree_add_184_79_groupi_g1995/ZN -       A1->ZN F     NAND2_X1       2  4.1    11    18     632    (-,-) 
  csa_tree_add_184_79_groupi_g1992/ZN -       A1->ZN R     NAND2_X1       1  1.9    10    16     648    (-,-) 
  csa_tree_add_184_79_groupi_g1991/ZN -       A1->ZN F     NAND2_X1       1  3.9    11    18     666    (-,-) 
  g89526/S                            -       A->S   R     FA_X1         19 38.1    91   198     864    (-,-) 
  g89340/Z                            -       S->Z   F     MUX2_X1        1  1.4    10    63     927    (-,-) 
  st2_sum_mag_reg[6]/D                -       -      F     DFFR_X1        1    -     -     0     927    (-,-) 
#-------------------------------------------------------------------------------------------------------------

Capture clock path:
#----------------------------------------------------------------------------------------------
#     Timing Point      Flags   Arc   Edge   Cell     Fanout Load Trans Delay Arrival Instance 
#                                                            (fF)  (ps)  (ps)   (ps)  Location 
#----------------------------------------------------------------------------------------------
  clk                   (i)     -     R     (arrival)    136  0.0     0     0    1031    (-,-) 
  st2_sum_mag_reg[6]/CK <<<     -     R     DFFR_X1      136    -     1     0    1031    (-,-) 
#----------------------------------------------------------------------------------------------



Path 70: MET (63 ps) Setup Check with Pin st2_sum_mag_reg[5]/CK->D
           View: view_1p2_25
          Group: clock1
     Startpoint: (R) st1_hot_ones_reg[1]/CK
          Clock: (R) clock1
       Endpoint: (F) st2_sum_mag_reg[5]/D
          Clock: (R) clock1

                     Capture       Launch     
        Clock Edge:+    1031            0     
       Src Latency:+       0            0     
       Net Latency:+       0 (I)        0 (I) 
           Arrival:=    1031            0     
                                              
             Setup:-      41                  
       Uncertainty:-       0                  
     Required Time:=     990                  
      Launch Clock:-       0                  
         Data Path:-     927                  
             Slack:=      63                  

Launch clock path:
#-----------------------------------------------------------------------------------------------
#     Timing Point       Flags   Arc   Edge   Cell     Fanout Load Trans Delay Arrival Instance 
#                                                             (fF)  (ps)  (ps)   (ps)  Location 
#-----------------------------------------------------------------------------------------------
  clk                    (i)     -     R     (arrival)    136  0.0     0     0       0    (-,-) 
  st1_hot_ones_reg[1]/CK <<<     -     R     DFFR_X1      136    -     1     0       0    (-,-) 
#-----------------------------------------------------------------------------------------------

#-------------------------------------------------------------------------------------------------------------
#            Timing Point             Flags    Arc   Edge   Cell     Fanout Load Trans Delay Arrival Instance 
#                                                                           (fF)  (ps)  (ps)   (ps)  Location 
#-------------------------------------------------------------------------------------------------------------
  st1_hot_ones_reg[1]/CK              -       -      R     (arrival)    136    -     1     0       0    (-,-) 
  st1_hot_ones_reg[1]/Q               -       CK->Q  F     DFFR_X1        2  2.9     8    87      87    (-,-) 
  csa_tree_add_184_79_groupi_g2210/ZN -       A1->ZN R     NAND2_X1       1  2.0    10    15     102    (-,-) 
  csa_tree_add_184_79_groupi_g2200/ZN -       A2->ZN F     NAND2_X1       3  5.7    14    22     124    (-,-) 
  csa_tree_add_184_79_groupi_g2149/ZN -       A1->ZN R     NOR2_X1        1  3.4    23    34     158    (-,-) 
  csa_tree_add_184_79_groupi_g2072/ZN -       B1->ZN F     OAI21_X2       2  5.3    12    20     178    (-,-) 
  g89515/CO                           -       CI->CO F     FA_X1          2  4.1    17    74     252    (-,-) 
  csa_tree_add_184_79_groupi_g2047/ZN -       A->ZN  R     INV_X1         1  2.0     9    17     269    (-,-) 
  csa_tree_add_184_79_groupi_g2046/ZN -       B1->ZN F     OAI21_X1       3  5.6    16    22     291    (-,-) 
  csa_tree_add_184_79_groupi_g2044/ZN -       B1->ZN R     AOI21_X1       2  4.4    34    42     334    (-,-) 
  csa_tree_add_184_79_groupi_g2041/ZN -       B1->ZN F     OAI21_X1       2  4.1    16    26     360    (-,-) 
  csa_tree_add_184_79_groupi_g2038/ZN -       A1->ZN R     NAND2_X1       1  1.9    10    18     378    (-,-) 
  csa_tree_add_184_79_groupi_g2037/ZN -       A1->ZN F     NAND2_X1       4  7.2    16    25     403    (-,-) 
  g89525/ZN                           -       A1->ZN R     NAND4_X1       1  1.9    15    22     425    (-,-) 
  csa_tree_add_184_79_groupi_g2033/ZN -       A1->ZN F     NAND2_X1       3  5.8    14    24     448    (-,-) 
  csa_tree_add_184_79_groupi_g2029/ZN -       A1->ZN R     NAND2_X1       1  1.9    10    18     466    (-,-) 
  csa_tree_add_184_79_groupi_g2028/ZN -       A1->ZN F     NAND2_X1       4  7.4    17    25     491    (-,-) 
  csa_tree_add_184_79_groupi_g2016/ZN -       A1->ZN R     NAND3_X1       1  1.9    12    20     512    (-,-) 
  csa_tree_add_184_79_groupi_g2013/ZN -       A1->ZN F     NAND2_X1       4  7.5    17    26     538    (-,-) 
  csa_tree_add_184_79_groupi_g2002/ZN -       A1->ZN R     NAND3_X1       1  1.9    12    20     558    (-,-) 
  csa_tree_add_184_79_groupi_g2001/ZN -       A->ZN  F     OAI211_X1      2  4.1    21    35     593    (-,-) 
  csa_tree_add_184_79_groupi_g1996/ZN -       A1->ZN R     NAND2_X1       1  1.9    11    20     613    (-,-) 
  csa_tree_add_184_79_groupi_g1995/ZN -       A1->ZN F     NAND2_X1       2  4.1    11    18     632    (-,-) 
  csa_tree_add_184_79_groupi_g1992/ZN -       A1->ZN R     NAND2_X1       1  1.9    10    16     648    (-,-) 
  csa_tree_add_184_79_groupi_g1991/ZN -       A1->ZN F     NAND2_X1       1  3.9    11    18     666    (-,-) 
  g89526/S                            -       A->S   R     FA_X1         19 38.1    91   198     864    (-,-) 
  g89332/Z                            -       S->Z   F     MUX2_X1        1  1.4    10    63     927    (-,-) 
  st2_sum_mag_reg[5]/D                -       -      F     DFFR_X1        1    -     -     0     927    (-,-) 
#-------------------------------------------------------------------------------------------------------------

Capture clock path:
#----------------------------------------------------------------------------------------------
#     Timing Point      Flags   Arc   Edge   Cell     Fanout Load Trans Delay Arrival Instance 
#                                                            (fF)  (ps)  (ps)   (ps)  Location 
#----------------------------------------------------------------------------------------------
  clk                   (i)     -     R     (arrival)    136  0.0     0     0    1031    (-,-) 
  st2_sum_mag_reg[5]/CK <<<     -     R     DFFR_X1      136    -     1     0    1031    (-,-) 
#----------------------------------------------------------------------------------------------



Path 71: MET (63 ps) Setup Check with Pin st2_sum_mag_reg[4]/CK->D
           View: view_1p2_25
          Group: clock1
     Startpoint: (R) st1_hot_ones_reg[1]/CK
          Clock: (R) clock1
       Endpoint: (F) st2_sum_mag_reg[4]/D
          Clock: (R) clock1

                     Capture       Launch     
        Clock Edge:+    1031            0     
       Src Latency:+       0            0     
       Net Latency:+       0 (I)        0 (I) 
           Arrival:=    1031            0     
                                              
             Setup:-      41                  
       Uncertainty:-       0                  
     Required Time:=     990                  
      Launch Clock:-       0                  
         Data Path:-     927                  
             Slack:=      63                  

Launch clock path:
#-----------------------------------------------------------------------------------------------
#     Timing Point       Flags   Arc   Edge   Cell     Fanout Load Trans Delay Arrival Instance 
#                                                             (fF)  (ps)  (ps)   (ps)  Location 
#-----------------------------------------------------------------------------------------------
  clk                    (i)     -     R     (arrival)    136  0.0     0     0       0    (-,-) 
  st1_hot_ones_reg[1]/CK <<<     -     R     DFFR_X1      136    -     1     0       0    (-,-) 
#-----------------------------------------------------------------------------------------------

#-------------------------------------------------------------------------------------------------------------
#            Timing Point             Flags    Arc   Edge   Cell     Fanout Load Trans Delay Arrival Instance 
#                                                                           (fF)  (ps)  (ps)   (ps)  Location 
#-------------------------------------------------------------------------------------------------------------
  st1_hot_ones_reg[1]/CK              -       -      R     (arrival)    136    -     1     0       0    (-,-) 
  st1_hot_ones_reg[1]/Q               -       CK->Q  F     DFFR_X1        2  2.9     8    87      87    (-,-) 
  csa_tree_add_184_79_groupi_g2210/ZN -       A1->ZN R     NAND2_X1       1  2.0    10    15     102    (-,-) 
  csa_tree_add_184_79_groupi_g2200/ZN -       A2->ZN F     NAND2_X1       3  5.7    14    22     124    (-,-) 
  csa_tree_add_184_79_groupi_g2149/ZN -       A1->ZN R     NOR2_X1        1  3.4    23    34     158    (-,-) 
  csa_tree_add_184_79_groupi_g2072/ZN -       B1->ZN F     OAI21_X2       2  5.3    12    20     178    (-,-) 
  g89515/CO                           -       CI->CO F     FA_X1          2  4.1    17    74     252    (-,-) 
  csa_tree_add_184_79_groupi_g2047/ZN -       A->ZN  R     INV_X1         1  2.0     9    17     269    (-,-) 
  csa_tree_add_184_79_groupi_g2046/ZN -       B1->ZN F     OAI21_X1       3  5.6    16    22     291    (-,-) 
  csa_tree_add_184_79_groupi_g2044/ZN -       B1->ZN R     AOI21_X1       2  4.4    34    42     334    (-,-) 
  csa_tree_add_184_79_groupi_g2041/ZN -       B1->ZN F     OAI21_X1       2  4.1    16    26     360    (-,-) 
  csa_tree_add_184_79_groupi_g2038/ZN -       A1->ZN R     NAND2_X1       1  1.9    10    18     378    (-,-) 
  csa_tree_add_184_79_groupi_g2037/ZN -       A1->ZN F     NAND2_X1       4  7.2    16    25     403    (-,-) 
  g89525/ZN                           -       A1->ZN R     NAND4_X1       1  1.9    15    22     425    (-,-) 
  csa_tree_add_184_79_groupi_g2033/ZN -       A1->ZN F     NAND2_X1       3  5.8    14    24     448    (-,-) 
  csa_tree_add_184_79_groupi_g2029/ZN -       A1->ZN R     NAND2_X1       1  1.9    10    18     466    (-,-) 
  csa_tree_add_184_79_groupi_g2028/ZN -       A1->ZN F     NAND2_X1       4  7.4    17    25     491    (-,-) 
  csa_tree_add_184_79_groupi_g2016/ZN -       A1->ZN R     NAND3_X1       1  1.9    12    20     512    (-,-) 
  csa_tree_add_184_79_groupi_g2013/ZN -       A1->ZN F     NAND2_X1       4  7.5    17    26     538    (-,-) 
  csa_tree_add_184_79_groupi_g2002/ZN -       A1->ZN R     NAND3_X1       1  1.9    12    20     558    (-,-) 
  csa_tree_add_184_79_groupi_g2001/ZN -       A->ZN  F     OAI211_X1      2  4.1    21    35     593    (-,-) 
  csa_tree_add_184_79_groupi_g1996/ZN -       A1->ZN R     NAND2_X1       1  1.9    11    20     613    (-,-) 
  csa_tree_add_184_79_groupi_g1995/ZN -       A1->ZN F     NAND2_X1       2  4.1    11    18     632    (-,-) 
  csa_tree_add_184_79_groupi_g1992/ZN -       A1->ZN R     NAND2_X1       1  1.9    10    16     648    (-,-) 
  csa_tree_add_184_79_groupi_g1991/ZN -       A1->ZN F     NAND2_X1       1  3.9    11    18     666    (-,-) 
  g89526/S                            -       A->S   R     FA_X1         19 38.1    91   198     864    (-,-) 
  g89331/Z                            -       S->Z   F     MUX2_X1        1  1.4    10    63     927    (-,-) 
  st2_sum_mag_reg[4]/D                -       -      F     DFFR_X1        1    -     -     0     927    (-,-) 
#-------------------------------------------------------------------------------------------------------------

Capture clock path:
#----------------------------------------------------------------------------------------------
#     Timing Point      Flags   Arc   Edge   Cell     Fanout Load Trans Delay Arrival Instance 
#                                                            (fF)  (ps)  (ps)   (ps)  Location 
#----------------------------------------------------------------------------------------------
  clk                   (i)     -     R     (arrival)    136  0.0     0     0    1031    (-,-) 
  st2_sum_mag_reg[4]/CK <<<     -     R     DFFR_X1      136    -     1     0    1031    (-,-) 
#----------------------------------------------------------------------------------------------



Path 72: MET (63 ps) Setup Check with Pin st2_sum_mag_reg[3]/CK->D
           View: view_1p2_25
          Group: clock1
     Startpoint: (R) st1_hot_ones_reg[1]/CK
          Clock: (R) clock1
       Endpoint: (F) st2_sum_mag_reg[3]/D
          Clock: (R) clock1

                     Capture       Launch     
        Clock Edge:+    1031            0     
       Src Latency:+       0            0     
       Net Latency:+       0 (I)        0 (I) 
           Arrival:=    1031            0     
                                              
             Setup:-      41                  
       Uncertainty:-       0                  
     Required Time:=     990                  
      Launch Clock:-       0                  
         Data Path:-     927                  
             Slack:=      63                  

Launch clock path:
#-----------------------------------------------------------------------------------------------
#     Timing Point       Flags   Arc   Edge   Cell     Fanout Load Trans Delay Arrival Instance 
#                                                             (fF)  (ps)  (ps)   (ps)  Location 
#-----------------------------------------------------------------------------------------------
  clk                    (i)     -     R     (arrival)    136  0.0     0     0       0    (-,-) 
  st1_hot_ones_reg[1]/CK <<<     -     R     DFFR_X1      136    -     1     0       0    (-,-) 
#-----------------------------------------------------------------------------------------------

#-------------------------------------------------------------------------------------------------------------
#            Timing Point             Flags    Arc   Edge   Cell     Fanout Load Trans Delay Arrival Instance 
#                                                                           (fF)  (ps)  (ps)   (ps)  Location 
#-------------------------------------------------------------------------------------------------------------
  st1_hot_ones_reg[1]/CK              -       -      R     (arrival)    136    -     1     0       0    (-,-) 
  st1_hot_ones_reg[1]/Q               -       CK->Q  F     DFFR_X1        2  2.9     8    87      87    (-,-) 
  csa_tree_add_184_79_groupi_g2210/ZN -       A1->ZN R     NAND2_X1       1  2.0    10    15     102    (-,-) 
  csa_tree_add_184_79_groupi_g2200/ZN -       A2->ZN F     NAND2_X1       3  5.7    14    22     124    (-,-) 
  csa_tree_add_184_79_groupi_g2149/ZN -       A1->ZN R     NOR2_X1        1  3.4    23    34     158    (-,-) 
  csa_tree_add_184_79_groupi_g2072/ZN -       B1->ZN F     OAI21_X2       2  5.3    12    20     178    (-,-) 
  g89515/CO                           -       CI->CO F     FA_X1          2  4.1    17    74     252    (-,-) 
  csa_tree_add_184_79_groupi_g2047/ZN -       A->ZN  R     INV_X1         1  2.0     9    17     269    (-,-) 
  csa_tree_add_184_79_groupi_g2046/ZN -       B1->ZN F     OAI21_X1       3  5.6    16    22     291    (-,-) 
  csa_tree_add_184_79_groupi_g2044/ZN -       B1->ZN R     AOI21_X1       2  4.4    34    42     334    (-,-) 
  csa_tree_add_184_79_groupi_g2041/ZN -       B1->ZN F     OAI21_X1       2  4.1    16    26     360    (-,-) 
  csa_tree_add_184_79_groupi_g2038/ZN -       A1->ZN R     NAND2_X1       1  1.9    10    18     378    (-,-) 
  csa_tree_add_184_79_groupi_g2037/ZN -       A1->ZN F     NAND2_X1       4  7.2    16    25     403    (-,-) 
  g89525/ZN                           -       A1->ZN R     NAND4_X1       1  1.9    15    22     425    (-,-) 
  csa_tree_add_184_79_groupi_g2033/ZN -       A1->ZN F     NAND2_X1       3  5.8    14    24     448    (-,-) 
  csa_tree_add_184_79_groupi_g2029/ZN -       A1->ZN R     NAND2_X1       1  1.9    10    18     466    (-,-) 
  csa_tree_add_184_79_groupi_g2028/ZN -       A1->ZN F     NAND2_X1       4  7.4    17    25     491    (-,-) 
  csa_tree_add_184_79_groupi_g2016/ZN -       A1->ZN R     NAND3_X1       1  1.9    12    20     512    (-,-) 
  csa_tree_add_184_79_groupi_g2013/ZN -       A1->ZN F     NAND2_X1       4  7.5    17    26     538    (-,-) 
  csa_tree_add_184_79_groupi_g2002/ZN -       A1->ZN R     NAND3_X1       1  1.9    12    20     558    (-,-) 
  csa_tree_add_184_79_groupi_g2001/ZN -       A->ZN  F     OAI211_X1      2  4.1    21    35     593    (-,-) 
  csa_tree_add_184_79_groupi_g1996/ZN -       A1->ZN R     NAND2_X1       1  1.9    11    20     613    (-,-) 
  csa_tree_add_184_79_groupi_g1995/ZN -       A1->ZN F     NAND2_X1       2  4.1    11    18     632    (-,-) 
  csa_tree_add_184_79_groupi_g1992/ZN -       A1->ZN R     NAND2_X1       1  1.9    10    16     648    (-,-) 
  csa_tree_add_184_79_groupi_g1991/ZN -       A1->ZN F     NAND2_X1       1  3.9    11    18     666    (-,-) 
  g89526/S                            -       A->S   R     FA_X1         19 38.1    91   198     864    (-,-) 
  g89335/Z                            -       S->Z   F     MUX2_X1        1  1.4    10    63     927    (-,-) 
  st2_sum_mag_reg[3]/D                -       -      F     DFFR_X1        1    -     -     0     927    (-,-) 
#-------------------------------------------------------------------------------------------------------------

Capture clock path:
#----------------------------------------------------------------------------------------------
#     Timing Point      Flags   Arc   Edge   Cell     Fanout Load Trans Delay Arrival Instance 
#                                                            (fF)  (ps)  (ps)   (ps)  Location 
#----------------------------------------------------------------------------------------------
  clk                   (i)     -     R     (arrival)    136  0.0     0     0    1031    (-,-) 
  st2_sum_mag_reg[3]/CK <<<     -     R     DFFR_X1      136    -     1     0    1031    (-,-) 
#----------------------------------------------------------------------------------------------



Path 73: MET (63 ps) Setup Check with Pin st2_sum_mag_reg[2]/CK->D
           View: view_1p2_25
          Group: clock1
     Startpoint: (R) st1_hot_ones_reg[1]/CK
          Clock: (R) clock1
       Endpoint: (F) st2_sum_mag_reg[2]/D
          Clock: (R) clock1

                     Capture       Launch     
        Clock Edge:+    1031            0     
       Src Latency:+       0            0     
       Net Latency:+       0 (I)        0 (I) 
           Arrival:=    1031            0     
                                              
             Setup:-      41                  
       Uncertainty:-       0                  
     Required Time:=     990                  
      Launch Clock:-       0                  
         Data Path:-     927                  
             Slack:=      63                  

Launch clock path:
#-----------------------------------------------------------------------------------------------
#     Timing Point       Flags   Arc   Edge   Cell     Fanout Load Trans Delay Arrival Instance 
#                                                             (fF)  (ps)  (ps)   (ps)  Location 
#-----------------------------------------------------------------------------------------------
  clk                    (i)     -     R     (arrival)    136  0.0     0     0       0    (-,-) 
  st1_hot_ones_reg[1]/CK <<<     -     R     DFFR_X1      136    -     1     0       0    (-,-) 
#-----------------------------------------------------------------------------------------------

#-------------------------------------------------------------------------------------------------------------
#            Timing Point             Flags    Arc   Edge   Cell     Fanout Load Trans Delay Arrival Instance 
#                                                                           (fF)  (ps)  (ps)   (ps)  Location 
#-------------------------------------------------------------------------------------------------------------
  st1_hot_ones_reg[1]/CK              -       -      R     (arrival)    136    -     1     0       0    (-,-) 
  st1_hot_ones_reg[1]/Q               -       CK->Q  F     DFFR_X1        2  2.9     8    87      87    (-,-) 
  csa_tree_add_184_79_groupi_g2210/ZN -       A1->ZN R     NAND2_X1       1  2.0    10    15     102    (-,-) 
  csa_tree_add_184_79_groupi_g2200/ZN -       A2->ZN F     NAND2_X1       3  5.7    14    22     124    (-,-) 
  csa_tree_add_184_79_groupi_g2149/ZN -       A1->ZN R     NOR2_X1        1  3.4    23    34     158    (-,-) 
  csa_tree_add_184_79_groupi_g2072/ZN -       B1->ZN F     OAI21_X2       2  5.3    12    20     178    (-,-) 
  g89515/CO                           -       CI->CO F     FA_X1          2  4.1    17    74     252    (-,-) 
  csa_tree_add_184_79_groupi_g2047/ZN -       A->ZN  R     INV_X1         1  2.0     9    17     269    (-,-) 
  csa_tree_add_184_79_groupi_g2046/ZN -       B1->ZN F     OAI21_X1       3  5.6    16    22     291    (-,-) 
  csa_tree_add_184_79_groupi_g2044/ZN -       B1->ZN R     AOI21_X1       2  4.4    34    42     334    (-,-) 
  csa_tree_add_184_79_groupi_g2041/ZN -       B1->ZN F     OAI21_X1       2  4.1    16    26     360    (-,-) 
  csa_tree_add_184_79_groupi_g2038/ZN -       A1->ZN R     NAND2_X1       1  1.9    10    18     378    (-,-) 
  csa_tree_add_184_79_groupi_g2037/ZN -       A1->ZN F     NAND2_X1       4  7.2    16    25     403    (-,-) 
  g89525/ZN                           -       A1->ZN R     NAND4_X1       1  1.9    15    22     425    (-,-) 
  csa_tree_add_184_79_groupi_g2033/ZN -       A1->ZN F     NAND2_X1       3  5.8    14    24     448    (-,-) 
  csa_tree_add_184_79_groupi_g2029/ZN -       A1->ZN R     NAND2_X1       1  1.9    10    18     466    (-,-) 
  csa_tree_add_184_79_groupi_g2028/ZN -       A1->ZN F     NAND2_X1       4  7.4    17    25     491    (-,-) 
  csa_tree_add_184_79_groupi_g2016/ZN -       A1->ZN R     NAND3_X1       1  1.9    12    20     512    (-,-) 
  csa_tree_add_184_79_groupi_g2013/ZN -       A1->ZN F     NAND2_X1       4  7.5    17    26     538    (-,-) 
  csa_tree_add_184_79_groupi_g2002/ZN -       A1->ZN R     NAND3_X1       1  1.9    12    20     558    (-,-) 
  csa_tree_add_184_79_groupi_g2001/ZN -       A->ZN  F     OAI211_X1      2  4.1    21    35     593    (-,-) 
  csa_tree_add_184_79_groupi_g1996/ZN -       A1->ZN R     NAND2_X1       1  1.9    11    20     613    (-,-) 
  csa_tree_add_184_79_groupi_g1995/ZN -       A1->ZN F     NAND2_X1       2  4.1    11    18     632    (-,-) 
  csa_tree_add_184_79_groupi_g1992/ZN -       A1->ZN R     NAND2_X1       1  1.9    10    16     648    (-,-) 
  csa_tree_add_184_79_groupi_g1991/ZN -       A1->ZN F     NAND2_X1       1  3.9    11    18     666    (-,-) 
  g89526/S                            -       A->S   R     FA_X1         19 38.1    91   198     864    (-,-) 
  g89341/Z                            -       S->Z   F     MUX2_X1        1  1.4    10    63     927    (-,-) 
  st2_sum_mag_reg[2]/D                -       -      F     DFFR_X1        1    -     -     0     927    (-,-) 
#-------------------------------------------------------------------------------------------------------------

Capture clock path:
#----------------------------------------------------------------------------------------------
#     Timing Point      Flags   Arc   Edge   Cell     Fanout Load Trans Delay Arrival Instance 
#                                                            (fF)  (ps)  (ps)   (ps)  Location 
#----------------------------------------------------------------------------------------------
  clk                   (i)     -     R     (arrival)    136  0.0     0     0    1031    (-,-) 
  st2_sum_mag_reg[2]/CK <<<     -     R     DFFR_X1      136    -     1     0    1031    (-,-) 
#----------------------------------------------------------------------------------------------



Path 74: MET (64 ps) Setup Check with Pin st1_sum_vec_reg[0]/CK->D
           View: view_1p2_25
          Group: clock1
     Startpoint: (F) add_a[24]
          Clock: (R) clock1
       Endpoint: (F) st1_sum_vec_reg[0]/D
          Clock: (R) clock1

                     Capture       Launch     
        Clock Edge:+    1031            0     
        Drv Adjust:+       0            0     
       Src Latency:+       0            0     
       Net Latency:+       0 (I)        0 (I) 
           Arrival:=    1031            0     
                                              
             Setup:-      41                  
       Uncertainty:-       0                  
     Required Time:=     990                  
      Launch Clock:-       0                  
       Input Delay:-       1                  
         Data Path:-     924                  
             Slack:=      64                  

Exceptions/Constraints:
  input_delay              1              sysarr_4_input_fp_ad_line_21_8_1   

#----------------------------------------------------------------------------------------------
#    Timing Point      Flags    Arc   Edge   Cell     Fanout Load Trans Delay Arrival Instance 
#                                                            (fF)  (ps)  (ps)   (ps)  Location 
#----------------------------------------------------------------------------------------------
  add_a[24]            -       -      F     (arrival)      7 17.9     0     0       1    (-,-) 
  g89471/ZN            -       A->ZN  R     INV_X4         4 11.7     9    12      13    (-,-) 
  g89448/ZN            -       A1->ZN F     NAND2_X2       1  3.3     7    12      26    (-,-) 
  g89162/ZN            -       A2->ZN R     AOI22_X2       1  1.9    21    31      57    (-,-) 
  g89128/ZN            -       C1->ZN F     OAI211_X1      1  3.0    17    26      83    (-,-) 
  g89107/ZN            -       B1->ZN R     AOI21_X2       1  3.4    21    30     113    (-,-) 
  g89086/ZN            -       B1->ZN F     OAI21_X2       1  5.9    13    20     133    (-,-) 
  g89062/ZN            -       B1->ZN R     AOI21_X4       1  6.7    22    28     161    (-,-) 
  g89048/ZN            -       B1->ZN F     OAI21_X4       6 19.4    20    25     186    (-,-) 
  g88923/ZN            -       A->ZN  R     INV_X8         9 21.2    11    21     207    (-,-) 
  g88921/ZN            -       A->ZN  F     INV_X4        14 23.9     8    15     222    (-,-) 
  g88845/ZN            -       B1->ZN R     AOI21_X1       2  6.7    45    52     274    (-,-) 
  g88589__2398/ZN      -       B1->ZN F     OAI21_X2       3  7.5    18    28     301    (-,-) 
  g88412__4319/ZN      -       A->ZN  R     XNOR2_X2       6 15.2    46    61     362    (-,-) 
  g88210__2883/ZN      -       B1->ZN F     AOI21_X1       2  4.1    19    29     390    (-,-) 
  g88147__6417/ZN      -       A->ZN  R     XNOR2_X1      10 18.8    98   118     508    (-,-) 
  g88083/ZN            -       A->ZN  F     INV_X1        13 22.5    42    62     570    (-,-) 
  g88050__2398/ZN      -       A2->ZN R     AOI22_X1       3  4.8    39    67     637    (-,-) 
  g87753__9315/ZN      -       C1->ZN F     OAI222_X1      1  1.8    23    41     678    (-,-) 
  g87707__1617/ZN      -       A->ZN  R     AOI21_X1       1  2.5    26    49     727    (-,-) 
  g87613__5115/ZN      -       A->ZN  R     XNOR2_X1       1  3.1    26    46     773    (-,-) 
  g87484__6260/S       -       CI->S  F     FA_X1          1  3.4    17    99     872    (-,-) 
  g87457__7482/S       -       A->S   F     HA_X1          1  1.4    11    53     925    (-,-) 
  st1_sum_vec_reg[0]/D -       -      F     DFFR_X1        1    -     -     0     925    (-,-) 
#----------------------------------------------------------------------------------------------

Capture clock path:
#----------------------------------------------------------------------------------------------
#     Timing Point      Flags   Arc   Edge   Cell     Fanout Load Trans Delay Arrival Instance 
#                                                            (fF)  (ps)  (ps)   (ps)  Location 
#----------------------------------------------------------------------------------------------
  clk                   (i)     -     R     (arrival)    136  0.0     0     0    1031    (-,-) 
  st1_sum_vec_reg[0]/CK <<<     -     R     DFFR_X1      136    -     1     0    1031    (-,-) 
#----------------------------------------------------------------------------------------------



Path 75: MET (67 ps) Setup Check with Pin st1_sum_vec_reg[23]/CK->D
           View: view_1p2_25
          Group: clock1
     Startpoint: (R) add_c[23]
          Clock: (R) clock1
       Endpoint: (R) st1_sum_vec_reg[23]/D
          Clock: (R) clock1

                     Capture       Launch     
        Clock Edge:+    1031            0     
        Drv Adjust:+       0            0     
       Src Latency:+       0            0     
       Net Latency:+       0 (I)        0 (I) 
           Arrival:=    1031            0     
                                              
             Setup:-      33                  
       Uncertainty:-       0                  
     Required Time:=     998                  
      Launch Clock:-       0                  
       Input Delay:-       1                  
         Data Path:-     930                  
             Slack:=      67                  

Exceptions/Constraints:
  input_delay              1              sysarr_4_input_fp_ad_line_21_73_1   

#-----------------------------------------------------------------------------------------------
#     Timing Point      Flags    Arc   Edge   Cell     Fanout Load Trans Delay Arrival Instance 
#                                                             (fF)  (ps)  (ps)   (ps)  Location 
#-----------------------------------------------------------------------------------------------
  add_c[23]             -       -      R     (arrival)      5 21.4     0     0       1    (-,-) 
  g89466/ZN             -       A->ZN  F     INV_X8         5 13.9     3     6       7    (-,-) 
  g89428/ZN             -       A1->ZN R     NAND2_X4       2  5.3     8    11      17    (-,-) 
  g89182/ZN             -       A1->ZN F     NAND2_X2       1  5.9     9    15      32    (-,-) 
  g89149/ZN             -       B1->ZN R     AOI21_X4       1  6.7    22    26      59    (-,-) 
  g89131/ZN             -       B1->ZN F     OAI21_X4       1  6.0    11    17      75    (-,-) 
  g89120/ZN             -       A1->ZN R     NAND2_X4       2 10.0    12    18      93    (-,-) 
  g89108/ZN             -       A1->ZN F     NAND2_X2       1  5.9     9    16     109    (-,-) 
  g89068/ZN             -       B2->ZN R     AOI21_X4       1  6.7    22    31     140    (-,-) 
  g89056/ZN             -       B1->ZN F     OAI21_X4       1  5.9    15    17     157    (-,-) 
  g88907/ZN             -       B1->ZN R     AOI21_X4       6 14.2    30    38     196    (-,-) 
  g88844/ZN             -       A1->ZN F     NAND2_X1       1  1.8    11    17     213    (-,-) 
  g88769/ZN             -       A->ZN  R     OAI21_X1       2  3.8    28    26     239    (-,-) 
  g88733/ZN             -       A->ZN  F     INV_X1         2  4.7    11    16     256    (-,-) 
  g88648__2398/ZN       -       A1->ZN R     NAND2_X1       1  3.4    14    20     275    (-,-) 
  g88600__5122/ZN       -       A1->ZN F     NAND2_X2      12 20.7    22    33     308    (-,-) 
  g88512__1666/ZN       -       A1->ZN F     AND2_X2        2  7.1     8    37     345    (-,-) 
  g88283__1666/ZN       -       A1->ZN R     AOI22_X2       2  6.9    33    40     385    (-,-) 
  g88245__6161/ZN       -       A1->ZN F     NOR2_X2        2  4.9    14    13     398    (-,-) 
  g88142__9945/ZN       -       A->ZN  R     AOI21_X1       2  4.3    34    55     453    (-,-) 
  g88035__5115/ZN       -       B1->ZN F     AOI21_X1       2  3.5    15    25     477    (-,-) 
  g88034/ZN             -       A->ZN  R     INV_X1         1  2.5    10    18     495    (-,-) 
  g88020__6783/ZN       -       A->ZN  R     XNOR2_X1       3  7.3    45    51     546    (-,-) 
  g87967__2883/ZN       -       A2->ZN R     AND3_X2       11 19.3    27    74     620    (-,-) 
  g87920__2346/ZN       -       A1->ZN F     NAND2_X1       7 11.2    29    40     660    (-,-) 
  g87888/ZN             -       A->ZN  R     INV_X1         3  5.5    18    32     692    (-,-) 
  g159/ZN               -       B1->ZN F     AOI21_X1       1  2.7    20    19     711    (-,-) 
  g158/Z                -       B->Z   F     XOR2_X1        2  4.1    18    64     774    (-,-) 
  g327/ZN               -       A->ZN  F     XNOR2_X1       1  3.0    16    45     819    (-,-) 
  g315/S                -       CI->S  R     FA_X1          1  1.4    10   111     931    (-,-) 
  st1_sum_vec_reg[23]/D -       -      R     DFFR_X1        1    -     -     0     931    (-,-) 
#-----------------------------------------------------------------------------------------------

Capture clock path:
#-----------------------------------------------------------------------------------------------
#     Timing Point       Flags   Arc   Edge   Cell     Fanout Load Trans Delay Arrival Instance 
#                                                             (fF)  (ps)  (ps)   (ps)  Location 
#-----------------------------------------------------------------------------------------------
  clk                    (i)     -     R     (arrival)    136  0.0     0     0    1031    (-,-) 
  st1_sum_vec_reg[23]/CK <<<     -     R     DFFR_X1      136    -     1     0    1031    (-,-) 
#-----------------------------------------------------------------------------------------------



Path 76: MET (67 ps) Setup Check with Pin st1_carry_vec_reg[12]/CK->D
           View: view_1p2_25
          Group: clock1
     Startpoint: (R) add_a[25]
          Clock: (R) clock1
       Endpoint: (R) st1_carry_vec_reg[12]/D
          Clock: (R) clock1

                     Capture       Launch     
        Clock Edge:+    1031            0     
        Drv Adjust:+       0            0     
       Src Latency:+       0            0     
       Net Latency:+       0 (I)        0 (I) 
           Arrival:=    1031            0     
                                              
             Setup:-      32                  
       Uncertainty:-       0                  
     Required Time:=     998                  
      Launch Clock:-       0                  
       Input Delay:-       1                  
         Data Path:-     930                  
             Slack:=      67                  

Exceptions/Constraints:
  input_delay              1              sysarr_4_input_fp_ad_line_21_7_1   

#-------------------------------------------------------------------------------------------------
#      Timing Point       Flags    Arc   Edge   Cell     Fanout Load Trans Delay Arrival Instance 
#                                                               (fF)  (ps)  (ps)   (ps)  Location 
#-------------------------------------------------------------------------------------------------
  add_a[25]               -       -      R     (arrival)      7 14.6     0     0       1    (-,-) 
  g89480/ZN               -       A->ZN  F     INV_X2         4  8.0     5     8       9    (-,-) 
  g89388/ZN               -       B1->ZN R     AOI22_X2       1  1.9    21    36      44    (-,-) 
  g89187/ZN               -       B1->ZN F     AOI21_X1       1  1.8    10    17      62    (-,-) 
  g89148/ZN               -       B1->ZN R     OAI21_X1       1  1.9    19    28      90    (-,-) 
  g89138/ZN               -       A1->ZN F     NAND2_X1       1  3.0    10    19     108    (-,-) 
  g89119/ZN               -       B1->ZN R     AOI21_X2       2  6.9    30    36     144    (-,-) 
  g89092/ZN               -       B1->ZN F     AOI21_X2       1  5.9    13    22     167    (-,-) 
  g89059/ZN               -       B1->ZN R     OAI21_X4       2 10.2    22    33     200    (-,-) 
  g89049/ZN               -       A2->ZN R     AND2_X4        9 28.8    20    48     248    (-,-) 
  g89001/ZN               -       A->ZN  F     INV_X2         2  9.1     9    15     263    (-,-) 
  g88999/ZN               -       A->ZN  R     INV_X4        33 60.3    37    46     308    (-,-) 
  g88599__1705/Z          -       S->Z   F     MUX2_X1        4  7.9    17    76     384    (-,-) 
  g88403__2398/ZN         -       B->ZN  F     XNOR2_X1       2  4.4    18    48     432    (-,-) 
  g88076__2883/ZN         -       A2->ZN R     NAND2_X1       1  1.9    11    22     454    (-,-) 
  g88053__6260/ZN         -       A1->ZN F     NAND2_X1       2  4.1    11    18     473    (-,-) 
  g88029/ZN               -       A->ZN  R     INV_X1         1  1.9     8    14     487    (-,-) 
  g88026__5122/ZN         -       A1->ZN F     NAND2_X1       1  1.9    10    12     499    (-,-) 
  g88005__9315/ZN         -       A1->ZN R     NAND3_X1       1  1.9    12    17     516    (-,-) 
  g87993__8246/ZN         -       A1->ZN R     AND3_X2        4  9.3    17    49     565    (-,-) 
  g87969__1666/ZN         -       A1->ZN R     AND3_X2        6 12.5    20    54     619    (-,-) 
  g87951/ZN               -       A->ZN  F     INV_X2        14 21.3    14    24     643    (-,-) 
  g87833__4319/ZN         -       B1->ZN R     OAI22_X1       1  2.5    34    44     687    (-,-) 
  g87679__7482/ZN         -       A->ZN  R     XNOR2_X1       2  4.9    34    53     740    (-,-) 
  g87585__2883/ZN         -       A->ZN  R     XNOR2_X1       1  2.2    23    46     786    (-,-) 
  g87545__6161/Z          -       S->Z   F     MUX2_X1        1  3.0    12    64     850    (-,-) 
  g87453__7098/CO         -       CI->CO F     FA_X1          1  1.8    13    68     918    (-,-) 
  g87448/ZN               -       A->ZN  R     INV_X1         1  1.4     7    14     931    (-,-) 
  st1_carry_vec_reg[12]/D -       -      R     DFFR_X1        1    -     -     0     931    (-,-) 
#-------------------------------------------------------------------------------------------------

Capture clock path:
#-------------------------------------------------------------------------------------------------
#      Timing Point        Flags   Arc   Edge   Cell     Fanout Load Trans Delay Arrival Instance 
#                                                               (fF)  (ps)  (ps)   (ps)  Location 
#-------------------------------------------------------------------------------------------------
  clk                      (i)     -     R     (arrival)    136  0.0     0     0    1031    (-,-) 
  st1_carry_vec_reg[12]/CK <<<     -     R     DFFR_X1      136    -     1     0    1031    (-,-) 
#-------------------------------------------------------------------------------------------------



Path 77: MET (71 ps) Setup Check with Pin st1_carry_vec_reg[15]/CK->D
           View: view_1p2_25
          Group: clock1
     Startpoint: (F) add_b[25]
          Clock: (R) clock1
       Endpoint: (F) st1_carry_vec_reg[15]/D
          Clock: (R) clock1

                     Capture       Launch     
        Clock Edge:+    1031            0     
        Drv Adjust:+       0            0     
       Src Latency:+       0            0     
       Net Latency:+       0 (I)        0 (I) 
           Arrival:=    1031            0     
                                              
             Setup:-      42                  
       Uncertainty:-       0                  
     Required Time:=     989                  
      Launch Clock:-       0                  
       Input Delay:-       1                  
         Data Path:-     917                  
             Slack:=      71                  

Exceptions/Constraints:
  input_delay              1              sysarr_4_input_fp_ad_line_21_39_1   

#-------------------------------------------------------------------------------------------------
#      Timing Point       Flags    Arc   Edge   Cell     Fanout Load Trans Delay Arrival Instance 
#                                                               (fF)  (ps)  (ps)   (ps)  Location 
#-------------------------------------------------------------------------------------------------
  add_b[25]               -       -      F     (arrival)      5  9.9     0     0       1    (-,-) 
  g89490/ZN               -       A->ZN  R     INV_X2         6 12.6    17    20      21    (-,-) 
  g89446/ZN               -       A1->ZN F     NOR2_X1        1  1.9     6    11      32    (-,-) 
  g89128/ZN               -       C2->ZN R     OAI211_X1      1  3.4    28    42      73    (-,-) 
  g89107/ZN               -       B1->ZN F     AOI21_X2       1  3.0    11    18      91    (-,-) 
  g89086/ZN               -       B1->ZN R     OAI21_X2       1  6.7    26    36     127    (-,-) 
  g89062/ZN               -       B1->ZN F     AOI21_X4       1  5.9    14    17     144    (-,-) 
  g89048/ZN               -       B1->ZN R     OAI21_X4       6 21.3    35    47     192    (-,-) 
  g88923/ZN               -       A->ZN  F     INV_X8         9 18.9    10    13     205    (-,-) 
  g88921/ZN               -       A->ZN  R     INV_X4        14 26.2    18    26     230    (-,-) 
  g88905/ZN               -       A1->ZN R     AND2_X1       22 39.0    92   125     355    (-,-) 
  g88721/ZN               -       B1->ZN F     AOI22_X1       2  3.3    32    41     396    (-,-) 
  g88615__2346/ZN         -       A1->ZN R     NOR2_X1        1  2.0    20    35     431    (-,-) 
  g88456__1881/ZN         -       A->ZN  F     AOI221_X1      3  4.6    25    21     452    (-,-) 
  g88176__2883/Z          -       B->Z   F     MUX2_X1        2  2.9    11    68     520    (-,-) 
  g88110__6161/Z          -       B->Z   F     MUX2_X1        2  2.3    11    61     581    (-,-) 
  g88044__2883/Z          -       A->Z   F     MUX2_X1        2  3.7    12    64     644    (-,-) 
  g87843__7098/ZN         -       B2->ZN R     OAI22_X1       1  2.5    34    48     692    (-,-) 
  g87666__8428/ZN         -       A->ZN  R     XNOR2_X1       2  3.8    29    50     743    (-,-) 
  g87649__7482/ZN         -       A1->ZN F     NAND2_X1       2  2.9    13    20     763    (-,-) 
  g87587__2346/ZN         -       A2->ZN F     AND2_X1        1  3.4     8    36     799    (-,-) 
  g87535__1705/S          -       A->S   F     HA_X1          1  3.0    13    52     851    (-,-) 
  g87454__6131/CO         -       CI->CO F     FA_X1          1  1.4    12    67     918    (-,-) 
  st1_carry_vec_reg[15]/D -       -      F     DFFR_X1        1    -     -     0     918    (-,-) 
#-------------------------------------------------------------------------------------------------

Capture clock path:
#-------------------------------------------------------------------------------------------------
#      Timing Point        Flags   Arc   Edge   Cell     Fanout Load Trans Delay Arrival Instance 
#                                                               (fF)  (ps)  (ps)   (ps)  Location 
#-------------------------------------------------------------------------------------------------
  clk                      (i)     -     R     (arrival)    136  0.0     0     0    1031    (-,-) 
  st1_carry_vec_reg[15]/CK <<<     -     R     DFFR_X1      136    -     1     0    1031    (-,-) 
#-------------------------------------------------------------------------------------------------



Path 78: MET (73 ps) Setup Check with Pin add_out_reg[9]/CK->D
           View: view_1p2_25
          Group: clock1
     Startpoint: (R) st2_sum_mag_reg[10]/CK
          Clock: (R) clock1
       Endpoint: (R) add_out_reg[9]/D
          Clock: (R) clock1

                     Capture       Launch     
        Clock Edge:+    1031            0     
       Src Latency:+       0            0     
       Net Latency:+       0 (I)        0 (I) 
           Arrival:=    1031            0     
                                              
             Setup:-      37                  
       Uncertainty:-       0                  
     Required Time:=     994                  
      Launch Clock:-       0                  
         Data Path:-     921                  
             Slack:=      73                  

Launch clock path:
#-----------------------------------------------------------------------------------------------
#     Timing Point       Flags   Arc   Edge   Cell     Fanout Load Trans Delay Arrival Instance 
#                                                             (fF)  (ps)  (ps)   (ps)  Location 
#-----------------------------------------------------------------------------------------------
  clk                    (i)     -     R     (arrival)    136  0.0     0     0       0    (-,-) 
  st2_sum_mag_reg[10]/CK <<<     -     R     DFFR_X2      136    -     1     0       0    (-,-) 
#-----------------------------------------------------------------------------------------------

#------------------------------------------------------------------------------------------------
#     Timing Point       Flags    Arc   Edge   Cell     Fanout Load Trans Delay Arrival Instance 
#                                                              (fF)  (ps)  (ps)   (ps)  Location 
#------------------------------------------------------------------------------------------------
  st2_sum_mag_reg[10]/CK -       -      R     (arrival)    136    -     1     0       0    (-,-) 
  st2_sum_mag_reg[10]/QN -       CK->QN R     DFFR_X2        7 11.8    21    89      89    (-,-) 
  g89174/ZN              -       A1->ZN R     AND2_X1        1  1.9     9    35     124    (-,-) 
  g89143/ZN              -       A1->ZN F     NAND3_X1       2  4.7    18    26     151    (-,-) 
  g89136/ZN              -       A1->ZN R     NOR2_X2        3  5.0    20    32     182    (-,-) 
  g89127/ZN              -       A1->ZN R     AND2_X2        7 17.4    24    51     234    (-,-) 
  g89103/ZN              -       B1->ZN F     AOI21_X4       7 14.0    13    22     256    (-,-) 
  g89098/ZN              -       A->ZN  R     INV_X2         5 11.6    16    25     281    (-,-) 
  g89083/ZN              -       B1->ZN F     OAI21_X1       3  5.2    16    24     305    (-,-) 
  g89057/ZN              -       A->ZN  R     AOI21_X1       2  3.7    31    52     358    (-,-) 
  g88909/ZN              -       A1->ZN F     NAND2_X1       6  9.4    22    37     395    (-,-) 
  g88366__5107/ZN        -       A1->ZN R     NAND2_X1       3  5.7    18    31     426    (-,-) 
  g88244__4733/ZN        -       A1->ZN F     NAND2_X1       2  2.8    10    18     444    (-,-) 
  g88202__7482/ZN        -       A1->ZN F     AND2_X1        3  5.4    10    36     479    (-,-) 
  g88191__2802/ZN        -       A->ZN  R     OAI21_X1       2  5.4    36    29     509    (-,-) 
  g88032__6131/S         -       A->S   R     HA_X1          2  3.7    31    62     571    (-,-) 
  g88022__3680/ZN        -       A1->ZN F     NAND3_X1       1  1.9    15    24     595    (-,-) 
  g88016__6260/ZN        -       A1->ZN R     NAND3_X1       1  3.3    15    23     618    (-,-) 
  g88015__5107/ZN        -       A1->ZN F     NAND3_X2      11 19.9    32    45     663    (-,-) 
  g88001__6161/ZN        -       A1->ZN R     NOR2_X2        4  7.3    26    44     707    (-,-) 
  g87996/ZN              -       A->ZN  F     INV_X1         2  4.6    10    16     723    (-,-) 
  g87981__4319/ZN        -       A1->ZN R     NOR2_X2        9 15.7    44    55     778    (-,-) 
  g87942__5122/ZN        -       A1->ZN R     AND2_X1        9 16.1    40    77     855    (-,-) 
  g87789__6417/ZN        -       C1->ZN F     AOI222_X1      1  1.8    25    35     891    (-,-) 
  g87662__2398/ZN        -       B->ZN  R     OAI211_X1      1  1.4    22    30     921    (-,-) 
  add_out_reg[9]/D       -       -      R     DFFR_X1        1    -     -     0     921    (-,-) 
#------------------------------------------------------------------------------------------------

Capture clock path:
#------------------------------------------------------------------------------------------
#   Timing Point    Flags   Arc   Edge   Cell     Fanout Load Trans Delay Arrival Instance 
#                                                        (fF)  (ps)  (ps)   (ps)  Location 
#------------------------------------------------------------------------------------------
  clk               (i)     -     R     (arrival)    136  0.0     0     0    1031    (-,-) 
  add_out_reg[9]/CK <<<     -     R     DFFR_X1      136    -     1     0    1031    (-,-) 
#------------------------------------------------------------------------------------------



Path 79: MET (77 ps) Setup Check with Pin st2_sum_mag_reg[1]/CK->SE
           View: view_1p2_25
          Group: clock1
     Startpoint: (R) st1_hot_ones_reg[1]/CK
          Clock: (R) clock1
       Endpoint: (R) st2_sum_mag_reg[1]/SE
          Clock: (R) clock1

                     Capture       Launch     
        Clock Edge:+    1031            0     
       Src Latency:+       0            0     
       Net Latency:+       0 (I)        0 (I) 
           Arrival:=    1031            0     
                                              
             Setup:-      90                  
       Uncertainty:-       0                  
     Required Time:=     941                  
      Launch Clock:-       0                  
         Data Path:-     864                  
             Slack:=      77                  

Launch clock path:
#-----------------------------------------------------------------------------------------------
#     Timing Point       Flags   Arc   Edge   Cell     Fanout Load Trans Delay Arrival Instance 
#                                                             (fF)  (ps)  (ps)   (ps)  Location 
#-----------------------------------------------------------------------------------------------
  clk                    (i)     -     R     (arrival)    136  0.0     0     0       0    (-,-) 
  st1_hot_ones_reg[1]/CK <<<     -     R     DFFR_X1      136    -     1     0       0    (-,-) 
#-----------------------------------------------------------------------------------------------

#-------------------------------------------------------------------------------------------------------------
#            Timing Point             Flags    Arc   Edge   Cell     Fanout Load Trans Delay Arrival Instance 
#                                                                           (fF)  (ps)  (ps)   (ps)  Location 
#-------------------------------------------------------------------------------------------------------------
  st1_hot_ones_reg[1]/CK              -       -      R     (arrival)    136    -     1     0       0    (-,-) 
  st1_hot_ones_reg[1]/Q               -       CK->Q  F     DFFR_X1        2  2.9     8    87      87    (-,-) 
  csa_tree_add_184_79_groupi_g2210/ZN -       A1->ZN R     NAND2_X1       1  2.0    10    15     102    (-,-) 
  csa_tree_add_184_79_groupi_g2200/ZN -       A2->ZN F     NAND2_X1       3  5.7    14    22     124    (-,-) 
  csa_tree_add_184_79_groupi_g2149/ZN -       A1->ZN R     NOR2_X1        1  3.4    23    34     158    (-,-) 
  csa_tree_add_184_79_groupi_g2072/ZN -       B1->ZN F     OAI21_X2       2  5.3    12    20     178    (-,-) 
  g89515/CO                           -       CI->CO F     FA_X1          2  4.1    17    74     252    (-,-) 
  csa_tree_add_184_79_groupi_g2047/ZN -       A->ZN  R     INV_X1         1  2.0     9    17     269    (-,-) 
  csa_tree_add_184_79_groupi_g2046/ZN -       B1->ZN F     OAI21_X1       3  5.6    16    22     291    (-,-) 
  csa_tree_add_184_79_groupi_g2044/ZN -       B1->ZN R     AOI21_X1       2  4.4    34    42     334    (-,-) 
  csa_tree_add_184_79_groupi_g2041/ZN -       B1->ZN F     OAI21_X1       2  4.1    16    26     360    (-,-) 
  csa_tree_add_184_79_groupi_g2038/ZN -       A1->ZN R     NAND2_X1       1  1.9    10    18     378    (-,-) 
  csa_tree_add_184_79_groupi_g2037/ZN -       A1->ZN F     NAND2_X1       4  7.2    16    25     403    (-,-) 
  g89525/ZN                           -       A1->ZN R     NAND4_X1       1  1.9    15    22     425    (-,-) 
  csa_tree_add_184_79_groupi_g2033/ZN -       A1->ZN F     NAND2_X1       3  5.8    14    24     448    (-,-) 
  csa_tree_add_184_79_groupi_g2029/ZN -       A1->ZN R     NAND2_X1       1  1.9    10    18     466    (-,-) 
  csa_tree_add_184_79_groupi_g2028/ZN -       A1->ZN F     NAND2_X1       4  7.4    17    25     491    (-,-) 
  csa_tree_add_184_79_groupi_g2016/ZN -       A1->ZN R     NAND3_X1       1  1.9    12    20     512    (-,-) 
  csa_tree_add_184_79_groupi_g2013/ZN -       A1->ZN F     NAND2_X1       4  7.5    17    26     538    (-,-) 
  csa_tree_add_184_79_groupi_g2002/ZN -       A1->ZN R     NAND3_X1       1  1.9    12    20     558    (-,-) 
  csa_tree_add_184_79_groupi_g2001/ZN -       A->ZN  F     OAI211_X1      2  4.1    21    35     593    (-,-) 
  csa_tree_add_184_79_groupi_g1996/ZN -       A1->ZN R     NAND2_X1       1  1.9    11    20     613    (-,-) 
  csa_tree_add_184_79_groupi_g1995/ZN -       A1->ZN F     NAND2_X1       2  4.1    11    18     632    (-,-) 
  csa_tree_add_184_79_groupi_g1992/ZN -       A1->ZN R     NAND2_X1       1  1.9    10    16     648    (-,-) 
  csa_tree_add_184_79_groupi_g1991/ZN -       A1->ZN F     NAND2_X1       1  3.9    11    18     666    (-,-) 
  g89526/S                            -       A->S   R     FA_X1         19 38.1    91   198     864    (-,-) 
  st2_sum_mag_reg[1]/SE               -       -      R     SDFFR_X1      19    -     -     0     864    (-,-) 
#-------------------------------------------------------------------------------------------------------------

Capture clock path:
#----------------------------------------------------------------------------------------------
#     Timing Point      Flags   Arc   Edge   Cell     Fanout Load Trans Delay Arrival Instance 
#                                                            (fF)  (ps)  (ps)   (ps)  Location 
#----------------------------------------------------------------------------------------------
  clk                   (i)     -     R     (arrival)    136  0.0     0     0    1031    (-,-) 
  st2_sum_mag_reg[1]/CK <<<     -     R     SDFFR_X1     136    -     1     0    1031    (-,-) 
#----------------------------------------------------------------------------------------------



Path 80: MET (77 ps) Setup Check with Pin st1_sum_vec_reg[22]/CK->D
           View: view_1p2_25
          Group: clock1
     Startpoint: (R) add_a[25]
          Clock: (R) clock1
       Endpoint: (F) st1_sum_vec_reg[22]/D
          Clock: (R) clock1

                     Capture       Launch     
        Clock Edge:+    1031            0     
        Drv Adjust:+       0            0     
       Src Latency:+       0            0     
       Net Latency:+       0 (I)        0 (I) 
           Arrival:=    1031            0     
                                              
             Setup:-      42                  
       Uncertainty:-       0                  
     Required Time:=     989                  
      Launch Clock:-       0                  
       Input Delay:-       1                  
         Data Path:-     911                  
             Slack:=      77                  

Exceptions/Constraints:
  input_delay              1              sysarr_4_input_fp_ad_line_21_7_1   

#-----------------------------------------------------------------------------------------------
#     Timing Point      Flags    Arc   Edge   Cell     Fanout Load Trans Delay Arrival Instance 
#                                                             (fF)  (ps)  (ps)   (ps)  Location 
#-----------------------------------------------------------------------------------------------
  add_a[25]             -       -      R     (arrival)      7 14.6     0     0       1    (-,-) 
  g89480/ZN             -       A->ZN  F     INV_X2         4  8.0     5     8       9    (-,-) 
  g89388/ZN             -       B1->ZN R     AOI22_X2       1  1.9    21    36      44    (-,-) 
  g89187/ZN             -       B1->ZN F     AOI21_X1       1  1.8    10    17      62    (-,-) 
  g89148/ZN             -       B1->ZN R     OAI21_X1       1  1.9    19    28      90    (-,-) 
  g89138/ZN             -       A1->ZN F     NAND2_X1       1  3.0    10    19     108    (-,-) 
  g89119/ZN             -       B1->ZN R     AOI21_X2       2  6.9    30    36     144    (-,-) 
  g89092/ZN             -       B1->ZN F     AOI21_X2       1  5.9    13    22     167    (-,-) 
  g89059/ZN             -       B1->ZN R     OAI21_X4       2 10.2    22    33     200    (-,-) 
  g89049/ZN             -       A2->ZN R     AND2_X4        9 28.8    20    48     248    (-,-) 
  g89001/ZN             -       A->ZN  F     INV_X2         2  9.1     9    15     263    (-,-) 
  g88999/ZN             -       A->ZN  R     INV_X4        33 60.3    37    46     308    (-,-) 
  g88599__1705/Z        -       S->Z   F     MUX2_X1        4  7.9    17    76     384    (-,-) 
  g88403__2398/ZN       -       B->ZN  F     XNOR2_X1       2  4.4    18    48     432    (-,-) 
  g88076__2883/ZN       -       A2->ZN R     NAND2_X1       1  1.9    11    22     454    (-,-) 
  g88053__6260/ZN       -       A1->ZN F     NAND2_X1       2  4.1    11    18     473    (-,-) 
  g88029/ZN             -       A->ZN  R     INV_X1         1  1.9     8    14     487    (-,-) 
  g88026__5122/ZN       -       A1->ZN F     NAND2_X1       1  1.9    10    12     499    (-,-) 
  g88005__9315/ZN       -       A1->ZN R     NAND3_X1       1  1.9    12    17     516    (-,-) 
  g87993__8246/ZN       -       A1->ZN R     AND3_X2        4  9.3    17    49     565    (-,-) 
  g87969__1666/ZN       -       A1->ZN R     AND3_X2        6 12.5    20    54     619    (-,-) 
  g87951/ZN             -       A->ZN  F     INV_X2        14 21.3    14    24     643    (-,-) 
  g87909__8246/ZN       -       A1->ZN R     NOR2_X1        1  2.5    20    29     673    (-,-) 
  g329/ZN               -       A->ZN  R     XNOR2_X1       2  4.3    31    48     720    (-,-) 
  g323/Z                -       A->Z   R     XOR2_X1        2  4.4    34    65     785    (-,-) 
  g322/ZN               -       A1->ZN F     AOI22_X1       2  4.2    20    27     812    (-,-) 
  g318/Z                -       A->Z   F     XOR2_X1        2  4.1    17    59     871    (-,-) 
  g87466__9315/ZN       -       A->ZN  F     XNOR2_X1       1  1.4    12    41     912    (-,-) 
  st1_sum_vec_reg[22]/D -       -      F     DFFR_X1        1    -     -     0     912    (-,-) 
#-----------------------------------------------------------------------------------------------

Capture clock path:
#-----------------------------------------------------------------------------------------------
#     Timing Point       Flags   Arc   Edge   Cell     Fanout Load Trans Delay Arrival Instance 
#                                                             (fF)  (ps)  (ps)   (ps)  Location 
#-----------------------------------------------------------------------------------------------
  clk                    (i)     -     R     (arrival)    136  0.0     0     0    1031    (-,-) 
  st1_sum_vec_reg[22]/CK <<<     -     R     DFFR_X1      136    -     1     0    1031    (-,-) 
#-----------------------------------------------------------------------------------------------



Path 81: MET (82 ps) Setup Check with Pin add_out_reg[6]/CK->D
           View: view_1p2_25
          Group: clock1
     Startpoint: (R) st2_sum_mag_reg[10]/CK
          Clock: (R) clock1
       Endpoint: (R) add_out_reg[6]/D
          Clock: (R) clock1

                     Capture       Launch     
        Clock Edge:+    1031            0     
       Src Latency:+       0            0     
       Net Latency:+       0 (I)        0 (I) 
           Arrival:=    1031            0     
                                              
             Setup:-      43                  
       Uncertainty:-       0                  
     Required Time:=     988                  
      Launch Clock:-       0                  
         Data Path:-     906                  
             Slack:=      82                  

Launch clock path:
#-----------------------------------------------------------------------------------------------
#     Timing Point       Flags   Arc   Edge   Cell     Fanout Load Trans Delay Arrival Instance 
#                                                             (fF)  (ps)  (ps)   (ps)  Location 
#-----------------------------------------------------------------------------------------------
  clk                    (i)     -     R     (arrival)    136  0.0     0     0       0    (-,-) 
  st2_sum_mag_reg[10]/CK <<<     -     R     DFFR_X2      136    -     1     0       0    (-,-) 
#-----------------------------------------------------------------------------------------------

#------------------------------------------------------------------------------------------------
#     Timing Point       Flags    Arc   Edge   Cell     Fanout Load Trans Delay Arrival Instance 
#                                                              (fF)  (ps)  (ps)   (ps)  Location 
#------------------------------------------------------------------------------------------------
  st2_sum_mag_reg[10]/CK -       -      R     (arrival)    136    -     1     0       0    (-,-) 
  st2_sum_mag_reg[10]/QN -       CK->QN R     DFFR_X2        7 11.8    21    89      89    (-,-) 
  g89174/ZN              -       A1->ZN R     AND2_X1        1  1.9     9    35     124    (-,-) 
  g89143/ZN              -       A1->ZN F     NAND3_X1       2  4.7    18    26     151    (-,-) 
  g89136/ZN              -       A1->ZN R     NOR2_X2        3  5.0    20    32     182    (-,-) 
  g89127/ZN              -       A1->ZN R     AND2_X2        7 17.4    24    51     234    (-,-) 
  g89103/ZN              -       B1->ZN F     AOI21_X4       7 14.0    13    22     256    (-,-) 
  g89098/ZN              -       A->ZN  R     INV_X2         5 11.6    16    25     281    (-,-) 
  g89083/ZN              -       B1->ZN F     OAI21_X1       3  5.2    16    24     305    (-,-) 
  g89057/ZN              -       A->ZN  R     AOI21_X1       2  3.7    31    52     358    (-,-) 
  g88909/ZN              -       A1->ZN F     NAND2_X1       6  9.4    22    37     395    (-,-) 
  g88366__5107/ZN        -       A1->ZN R     NAND2_X1       3  5.7    18    31     426    (-,-) 
  g88244__4733/ZN        -       A1->ZN F     NAND2_X1       2  2.8    10    18     444    (-,-) 
  g88202__7482/ZN        -       A1->ZN F     AND2_X1        3  5.4    10    36     479    (-,-) 
  g88191__2802/ZN        -       A->ZN  R     OAI21_X1       2  5.4    36    29     509    (-,-) 
  g88032__6131/S         -       A->S   R     HA_X1          2  3.7    31    62     571    (-,-) 
  g88022__3680/ZN        -       A1->ZN F     NAND3_X1       1  1.9    15    24     595    (-,-) 
  g88016__6260/ZN        -       A1->ZN R     NAND3_X1       1  3.3    15    23     618    (-,-) 
  g88015__5107/ZN        -       A1->ZN F     NAND3_X2      11 19.9    32    45     663    (-,-) 
  g88001__6161/ZN        -       A1->ZN R     NOR2_X2        4  7.3    26    44     707    (-,-) 
  g87996/ZN              -       A->ZN  F     INV_X1         2  4.6    10    16     723    (-,-) 
  g87981__4319/ZN        -       A1->ZN R     NOR2_X2        9 15.7    44    55     778    (-,-) 
  g87942__5122/ZN        -       A1->ZN R     AND2_X1        9 16.1    40    77     855    (-,-) 
  g87925/ZN              -       A->ZN  F     INV_X1         1  1.7    10    10     865    (-,-) 
  g87791__2398/ZN        -       B1->ZN R     OAI222_X1      1  1.4    45    41     906    (-,-) 
  add_out_reg[6]/D       -       -      R     DFFR_X1        1    -     -     0     906    (-,-) 
#------------------------------------------------------------------------------------------------

Capture clock path:
#------------------------------------------------------------------------------------------
#   Timing Point    Flags   Arc   Edge   Cell     Fanout Load Trans Delay Arrival Instance 
#                                                        (fF)  (ps)  (ps)   (ps)  Location 
#------------------------------------------------------------------------------------------
  clk               (i)     -     R     (arrival)    136  0.0     0     0    1031    (-,-) 
  add_out_reg[6]/CK <<<     -     R     DFFR_X1      136    -     1     0    1031    (-,-) 
#------------------------------------------------------------------------------------------



Path 82: MET (83 ps) Setup Check with Pin st2_res_sign_reg/CK->SI
           View: view_1p2_25
          Group: clock1
     Startpoint: (R) st1_hot_ones_reg[1]/CK
          Clock: (R) clock1
       Endpoint: (F) st2_res_sign_reg/SI
          Clock: (R) clock1

                     Capture       Launch     
        Clock Edge:+    1031            0     
       Src Latency:+       0            0     
       Net Latency:+       0 (I)        0 (I) 
           Arrival:=    1031            0     
                                              
             Setup:-     100                  
       Uncertainty:-       0                  
     Required Time:=     930                  
      Launch Clock:-       0                  
         Data Path:-     848                  
             Slack:=      83                  

Launch clock path:
#-----------------------------------------------------------------------------------------------
#     Timing Point       Flags   Arc   Edge   Cell     Fanout Load Trans Delay Arrival Instance 
#                                                             (fF)  (ps)  (ps)   (ps)  Location 
#-----------------------------------------------------------------------------------------------
  clk                    (i)     -     R     (arrival)    136  0.0     0     0       0    (-,-) 
  st1_hot_ones_reg[1]/CK <<<     -     R     DFFR_X1      136    -     1     0       0    (-,-) 
#-----------------------------------------------------------------------------------------------

#-------------------------------------------------------------------------------------------------------------
#            Timing Point             Flags    Arc   Edge   Cell     Fanout Load Trans Delay Arrival Instance 
#                                                                           (fF)  (ps)  (ps)   (ps)  Location 
#-------------------------------------------------------------------------------------------------------------
  st1_hot_ones_reg[1]/CK              -       -      R     (arrival)    136    -     1     0       0    (-,-) 
  st1_hot_ones_reg[1]/Q               -       CK->Q  R     DFFR_X1        2  3.1    13   103     103    (-,-) 
  csa_tree_add_184_79_groupi_g2210/ZN -       A1->ZN F     NAND2_X1       1  1.8     8    14     117    (-,-) 
  csa_tree_add_184_79_groupi_g2200/ZN -       A2->ZN R     NAND2_X1       3  6.2    20    27     144    (-,-) 
  csa_tree_add_184_79_groupi_g2149/ZN -       A1->ZN F     NOR2_X1        1  3.0     9    13     157    (-,-) 
  csa_tree_add_184_79_groupi_g2072/ZN -       B1->ZN R     OAI21_X2       2  5.5    23    32     190    (-,-) 
  g89515/CO                           -       CI->CO R     FA_X1          2  4.4    17    56     245    (-,-) 
  csa_tree_add_184_79_groupi_g2047/ZN -       A->ZN  F     INV_X1         1  1.8     6     9     254    (-,-) 
  csa_tree_add_184_79_groupi_g2046/ZN -       B1->ZN R     OAI21_X1       3  6.1    39    48     302    (-,-) 
  csa_tree_add_184_79_groupi_g2044/ZN -       B1->ZN F     AOI21_X1       2  4.1    17    28     330    (-,-) 
  csa_tree_add_184_79_groupi_g2041/ZN -       B1->ZN R     OAI21_X1       2  4.3    30    43     373    (-,-) 
  csa_tree_add_184_79_groupi_g2038/ZN -       A1->ZN F     NAND2_X1       1  1.8    11    17     390    (-,-) 
  csa_tree_add_184_79_groupi_g2037/ZN -       A1->ZN R     NAND2_X1       4  7.7    23    30     421    (-,-) 
  g89525/ZN                           -       A1->ZN F     NAND4_X1       1  1.8    17    28     449    (-,-) 
  csa_tree_add_184_79_groupi_g2033/ZN -       A1->ZN R     NAND2_X1       3  6.1    19    29     478    (-,-) 
  csa_tree_add_184_79_groupi_g2029/ZN -       A1->ZN F     NAND2_X1       1  1.8    11    16     494    (-,-) 
  csa_tree_add_184_79_groupi_g2028/ZN -       A1->ZN R     NAND2_X1       4  7.8    23    30     524    (-,-) 
  csa_tree_add_184_79_groupi_g2016/ZN -       A1->ZN F     NAND3_X1       1  1.8    13    22     546    (-,-) 
  csa_tree_add_184_79_groupi_g2013/ZN -       A1->ZN R     NAND2_X1       4  7.8    23    31     578    (-,-) 
  csa_tree_add_184_79_groupi_g2002/ZN -       A1->ZN F     NAND3_X1       1  1.8    13    22     600    (-,-) 
  csa_tree_add_184_79_groupi_g2001/ZN -       A->ZN  R     OAI211_X1      2  4.3    33    30     629    (-,-) 
  csa_tree_add_184_79_groupi_g1996/ZN -       A1->ZN F     NAND2_X1       1  1.8    12    18     647    (-,-) 
  csa_tree_add_184_79_groupi_g1995/ZN -       A1->ZN R     NAND2_X1       2  4.3    15    22     669    (-,-) 
  csa_tree_add_184_79_groupi_g1992/ZN -       A1->ZN F     NAND2_X1       1  1.8     8    15     684    (-,-) 
  csa_tree_add_184_79_groupi_g1991/ZN -       A1->ZN R     NAND2_X1       1  4.0    14    20     704    (-,-) 
  g89526/S                            -       A->S   F     FA_X1         19 36.0    49   144     848    (-,-) 
  st2_res_sign_reg/SI                 -       -      F     SDFFR_X1      19    -     -     0     848    (-,-) 
#-------------------------------------------------------------------------------------------------------------

Capture clock path:
#--------------------------------------------------------------------------------------------
#    Timing Point     Flags   Arc   Edge   Cell     Fanout Load Trans Delay Arrival Instance 
#                                                          (fF)  (ps)  (ps)   (ps)  Location 
#--------------------------------------------------------------------------------------------
  clk                 (i)     -     R     (arrival)    136  0.0     0     0    1031    (-,-) 
  st2_res_sign_reg/CK <<<     -     R     SDFFR_X1     136    -     1     0    1031    (-,-) 
#--------------------------------------------------------------------------------------------



Path 83: MET (86 ps) Setup Check with Pin st1_carry_vec_reg[0]/CK->D
           View: view_1p2_25
          Group: clock1
     Startpoint: (R) add_c[23]
          Clock: (R) clock1
       Endpoint: (R) st1_carry_vec_reg[0]/D
          Clock: (R) clock1

                     Capture       Launch     
        Clock Edge:+    1031            0     
        Drv Adjust:+       0            0     
       Src Latency:+       0            0     
       Net Latency:+       0 (I)        0 (I) 
           Arrival:=    1031            0     
                                              
             Setup:-      33                  
       Uncertainty:-       0                  
     Required Time:=     998                  
      Launch Clock:-       0                  
       Input Delay:-       1                  
         Data Path:-     911                  
             Slack:=      86                  

Exceptions/Constraints:
  input_delay              1              sysarr_4_input_fp_ad_line_21_73_1   

#------------------------------------------------------------------------------------------------
#     Timing Point       Flags    Arc   Edge   Cell     Fanout Load Trans Delay Arrival Instance 
#                                                              (fF)  (ps)  (ps)   (ps)  Location 
#------------------------------------------------------------------------------------------------
  add_c[23]              -       -      R     (arrival)      5 21.4     0     0       1    (-,-) 
  g89466/ZN              -       A->ZN  F     INV_X8         5 13.9     3     6       7    (-,-) 
  g89428/ZN              -       A1->ZN R     NAND2_X4       2  5.3     8    11      17    (-,-) 
  g89182/ZN              -       A1->ZN F     NAND2_X2       1  5.9     9    15      32    (-,-) 
  g89149/ZN              -       B1->ZN R     AOI21_X4       1  6.7    22    26      59    (-,-) 
  g89131/ZN              -       B1->ZN F     OAI21_X4       1  6.0    11    17      75    (-,-) 
  g89120/ZN              -       A1->ZN R     NAND2_X4       2 10.0    12    18      93    (-,-) 
  g89108/ZN              -       A1->ZN F     NAND2_X2       1  5.9     9    16     109    (-,-) 
  g89068/ZN              -       B2->ZN R     AOI21_X4       1  6.7    22    31     140    (-,-) 
  g89056/ZN              -       B1->ZN F     OAI21_X4       1  5.9    15    17     157    (-,-) 
  g88907/ZN              -       B1->ZN R     AOI21_X4       6 14.2    30    38     196    (-,-) 
  g88844/ZN              -       A1->ZN F     NAND2_X1       1  1.8    11    17     213    (-,-) 
  g88769/ZN              -       A->ZN  R     OAI21_X1       2  3.8    28    26     239    (-,-) 
  g88733/ZN              -       A->ZN  F     INV_X1         2  4.7    11    16     256    (-,-) 
  g88648__2398/ZN        -       A1->ZN R     NAND2_X1       1  3.4    14    20     275    (-,-) 
  g88600__5122/ZN        -       A1->ZN F     NAND2_X2      12 20.7    22    33     308    (-,-) 
  g88512__1666/ZN        -       A1->ZN F     AND2_X2        2  7.1     8    37     345    (-,-) 
  g88283__1666/ZN        -       A1->ZN R     AOI22_X2       2  6.9    33    40     385    (-,-) 
  g88245__6161/ZN        -       A1->ZN F     NOR2_X2        2  4.9    14    13     398    (-,-) 
  g88142__9945/ZN        -       A->ZN  R     AOI21_X1       2  4.3    34    55     453    (-,-) 
  g88035__5115/ZN        -       B1->ZN F     AOI21_X1       2  3.5    15    25     477    (-,-) 
  g88025__1705/ZN        -       A1->ZN R     NAND2_X1       1  1.9    11    18     495    (-,-) 
  g88006__9945/ZN        -       A->ZN  F     OAI211_X1      1  1.9    18    27     523    (-,-) 
  g87990__2802/ZN        -       A1->ZN F     AND3_X2        3  5.4     8    36     559    (-,-) 
  g87966__9945/ZN        -       A1->ZN R     NAND3_X1       8 16.5    46    51     610    (-,-) 
  g87948/ZN              -       A->ZN  F     INV_X2         9 15.5    18    26     635    (-,-) 
  g87825__2346/ZN        -       A1->ZN R     AOI22_X1       1  1.9    26    35     671    (-,-) 
  g87705__6783/ZN        -       A->ZN  F     OAI221_X1      1  2.4    20    38     708    (-,-) 
  g87608__5122/ZN        -       A->ZN  F     XNOR2_X1       1  3.9    31    47     756    (-,-) 
  g87484__6260/S         -       A->S   R     FA_X1          1  3.5    15   125     881    (-,-) 
  g87457__7482/CO        -       A->CO  R     HA_X1          1  1.4     8    31     912    (-,-) 
  st1_carry_vec_reg[0]/D -       -      R     DFFR_X1        1    -     -     0     912    (-,-) 
#------------------------------------------------------------------------------------------------

Capture clock path:
#------------------------------------------------------------------------------------------------
#      Timing Point       Flags   Arc   Edge   Cell     Fanout Load Trans Delay Arrival Instance 
#                                                              (fF)  (ps)  (ps)   (ps)  Location 
#------------------------------------------------------------------------------------------------
  clk                     (i)     -     R     (arrival)    136  0.0     0     0    1031    (-,-) 
  st1_carry_vec_reg[0]/CK <<<     -     R     DFFR_X1      136    -     1     0    1031    (-,-) 
#------------------------------------------------------------------------------------------------



Path 84: MET (89 ps) Setup Check with Pin st1_carry_vec_reg[22]/CK->D
           View: view_1p2_25
          Group: clock1
     Startpoint: (R) add_a[25]
          Clock: (R) clock1
       Endpoint: (F) st1_carry_vec_reg[22]/D
          Clock: (R) clock1

                     Capture       Launch     
        Clock Edge:+    1031            0     
        Drv Adjust:+       0            0     
       Src Latency:+       0            0     
       Net Latency:+       0 (I)        0 (I) 
           Arrival:=    1031            0     
                                              
             Setup:-      41                  
       Uncertainty:-       0                  
     Required Time:=     990                  
      Launch Clock:-       0                  
       Input Delay:-       1                  
         Data Path:-     900                  
             Slack:=      89                  

Exceptions/Constraints:
  input_delay              1              sysarr_4_input_fp_ad_line_21_7_1   

#-------------------------------------------------------------------------------------------------
#      Timing Point       Flags    Arc   Edge   Cell     Fanout Load Trans Delay Arrival Instance 
#                                                               (fF)  (ps)  (ps)   (ps)  Location 
#-------------------------------------------------------------------------------------------------
  add_a[25]               -       -      R     (arrival)      7 14.6     0     0       1    (-,-) 
  g89480/ZN               -       A->ZN  F     INV_X2         4  8.0     5     8       9    (-,-) 
  g89388/ZN               -       B1->ZN R     AOI22_X2       1  1.9    21    36      44    (-,-) 
  g89187/ZN               -       B1->ZN F     AOI21_X1       1  1.8    10    17      62    (-,-) 
  g89148/ZN               -       B1->ZN R     OAI21_X1       1  1.9    19    28      90    (-,-) 
  g89138/ZN               -       A1->ZN F     NAND2_X1       1  3.0    10    19     108    (-,-) 
  g89119/ZN               -       B1->ZN R     AOI21_X2       2  6.9    30    36     144    (-,-) 
  g89092/ZN               -       B1->ZN F     AOI21_X2       1  5.9    13    22     167    (-,-) 
  g89059/ZN               -       B1->ZN R     OAI21_X4       2 10.2    22    33     200    (-,-) 
  g89049/ZN               -       A2->ZN R     AND2_X4        9 28.8    20    48     248    (-,-) 
  g89001/ZN               -       A->ZN  F     INV_X2         2  9.1     9    15     263    (-,-) 
  g88999/ZN               -       A->ZN  R     INV_X4        33 60.3    37    46     308    (-,-) 
  g88599__1705/Z          -       S->Z   F     MUX2_X1        4  7.9    17    76     384    (-,-) 
  g88403__2398/ZN         -       B->ZN  F     XNOR2_X1       2  4.4    18    48     432    (-,-) 
  g88076__2883/ZN         -       A2->ZN R     NAND2_X1       1  1.9    11    22     454    (-,-) 
  g88053__6260/ZN         -       A1->ZN F     NAND2_X1       2  4.1    11    18     473    (-,-) 
  g88029/ZN               -       A->ZN  R     INV_X1         1  1.9     8    14     487    (-,-) 
  g88026__5122/ZN         -       A1->ZN F     NAND2_X1       1  1.9    10    12     499    (-,-) 
  g88005__9315/ZN         -       A1->ZN R     NAND3_X1       1  1.9    12    17     516    (-,-) 
  g87993__8246/ZN         -       A1->ZN R     AND3_X2        4  9.3    17    49     565    (-,-) 
  g87969__1666/ZN         -       A1->ZN R     AND3_X2        6 12.5    20    54     619    (-,-) 
  g87951/ZN               -       A->ZN  F     INV_X2        14 21.3    14    24     643    (-,-) 
  g87909__8246/ZN         -       A1->ZN R     NOR2_X1        1  2.5    20    29     673    (-,-) 
  g329/ZN                 -       A->ZN  R     XNOR2_X1       2  4.3    31    48     720    (-,-) 
  g323/Z                  -       A->Z   R     XOR2_X1        2  4.4    34    65     785    (-,-) 
  g322/ZN                 -       A1->ZN F     AOI22_X1       2  4.2    20    27     812    (-,-) 
  g318/Z                  -       A->Z   F     XOR2_X1        2  4.1    17    59     871    (-,-) 
  g317/ZN                 -       A->ZN  R     INV_X1         1  2.0     9    17     888    (-,-) 
  g316/ZN                 -       B1->ZN F     OAI21_X1       1  1.4    10    13     901    (-,-) 
  st1_carry_vec_reg[22]/D -       -      F     DFFR_X1        1    -     -     0     901    (-,-) 
#-------------------------------------------------------------------------------------------------

Capture clock path:
#-------------------------------------------------------------------------------------------------
#      Timing Point        Flags   Arc   Edge   Cell     Fanout Load Trans Delay Arrival Instance 
#                                                               (fF)  (ps)  (ps)   (ps)  Location 
#-------------------------------------------------------------------------------------------------
  clk                      (i)     -     R     (arrival)    136  0.0     0     0    1031    (-,-) 
  st1_carry_vec_reg[22]/CK <<<     -     R     DFFR_X1      136    -     1     0    1031    (-,-) 
#-------------------------------------------------------------------------------------------------



Path 85: MET (94 ps) Setup Check with Pin add_out_reg[13]/CK->D
           View: view_1p2_25
          Group: clock1
     Startpoint: (R) st2_sum_mag_reg[23]/CK
          Clock: (R) clock1
       Endpoint: (F) add_out_reg[13]/D
          Clock: (R) clock1

                     Capture       Launch     
        Clock Edge:+    1031            0     
       Src Latency:+       0            0     
       Net Latency:+       0 (I)        0 (I) 
           Arrival:=    1031            0     
                                              
             Setup:-      44                  
       Uncertainty:-       0                  
     Required Time:=     986                  
      Launch Clock:-       0                  
         Data Path:-     892                  
             Slack:=      94                  

Launch clock path:
#-----------------------------------------------------------------------------------------------
#     Timing Point       Flags   Arc   Edge   Cell     Fanout Load Trans Delay Arrival Instance 
#                                                             (fF)  (ps)  (ps)   (ps)  Location 
#-----------------------------------------------------------------------------------------------
  clk                    (i)     -     R     (arrival)    136  0.0     0     0       0    (-,-) 
  st2_sum_mag_reg[23]/CK <<<     -     R     DFFR_X1      136    -     1     0       0    (-,-) 
#-----------------------------------------------------------------------------------------------

#------------------------------------------------------------------------------------------------
#     Timing Point       Flags    Arc   Edge   Cell     Fanout Load Trans Delay Arrival Instance 
#                                                              (fF)  (ps)  (ps)   (ps)  Location 
#------------------------------------------------------------------------------------------------
  st2_sum_mag_reg[23]/CK -       -      R     (arrival)    136    -     1     0       0    (-,-) 
  st2_sum_mag_reg[23]/QN -       CK->QN R     DFFR_X1        3  5.5    18    76      76    (-,-) 
  g89521/ZN              -       A3->ZN F     NAND4_X1       2  3.6    22    39     115    (-,-) 
  g89146/ZN              -       A2->ZN R     NOR2_X1        3  5.8    35    54     170    (-,-) 
  g89142/ZN              -       A->ZN  F     INV_X1         4 11.0    18    29     198    (-,-) 
  g89103/ZN              -       A->ZN  R     AOI21_X4       7 15.8    32    55     253    (-,-) 
  g89098/ZN              -       A->ZN  F     INV_X2         5 10.8    12    19     272    (-,-) 
  g89083/ZN              -       B1->ZN R     OAI21_X1       3  5.7    37    49     320    (-,-) 
  g89057/ZN              -       A->ZN  F     AOI21_X1       2  3.6    15    23     343    (-,-) 
  g88909/ZN              -       A1->ZN R     NAND2_X1       6 10.3    29    38     382    (-,-) 
  g88366__5107/ZN        -       A1->ZN F     NAND2_X1       3  5.1    16    26     408    (-,-) 
  g88244__4733/ZN        -       A1->ZN R     NAND2_X1       2  3.0    12    21     429    (-,-) 
  g88202__7482/ZN        -       A1->ZN R     AND2_X1        3  5.6    17    42     471    (-,-) 
  g88191__2802/ZN        -       A->ZN  F     OAI21_X1       2  5.1    15    28     499    (-,-) 
  g88032__6131/S         -       A->S   F     HA_X1          2  3.7    16    56     556    (-,-) 
  g88022__3680/ZN        -       A1->ZN R     NAND3_X1       1  1.9    12    20     576    (-,-) 
  g88016__6260/ZN        -       A1->ZN F     NAND3_X1       1  3.2    16    23     598    (-,-) 
  g88015__5107/ZN        -       A1->ZN R     NAND3_X2      11 22.0    33    42     641    (-,-) 
  g88001__6161/ZN        -       A1->ZN F     NOR2_X2        4  6.8    18    16     656    (-,-) 
  g87983__5526/ZN        -       A1->ZN R     NAND2_X1       9 16.8    44    55     712    (-,-) 
  g87974/ZN              -       A->ZN  F     INV_X1        13 21.3    28    47     758    (-,-) 
  g87788__7410/ZN        -       C1->ZN R     AOI222_X1      1  1.9    48    93     851    (-,-) 
  g87733__8428/ZN        -       A->ZN  F     OAI221_X1      1  1.4    19    41     892    (-,-) 
  add_out_reg[13]/D      -       -      F     DFFR_X1        1    -     -     0     892    (-,-) 
#------------------------------------------------------------------------------------------------

Capture clock path:
#-------------------------------------------------------------------------------------------
#   Timing Point     Flags   Arc   Edge   Cell     Fanout Load Trans Delay Arrival Instance 
#                                                         (fF)  (ps)  (ps)   (ps)  Location 
#-------------------------------------------------------------------------------------------
  clk                (i)     -     R     (arrival)    136  0.0     0     0    1031    (-,-) 
  add_out_reg[13]/CK <<<     -     R     DFFR_X1      136    -     1     0    1031    (-,-) 
#-------------------------------------------------------------------------------------------



Path 86: MET (94 ps) Setup Check with Pin add_out_reg[12]/CK->D
           View: view_1p2_25
          Group: clock1
     Startpoint: (R) st2_sum_mag_reg[23]/CK
          Clock: (R) clock1
       Endpoint: (F) add_out_reg[12]/D
          Clock: (R) clock1

                     Capture       Launch     
        Clock Edge:+    1031            0     
       Src Latency:+       0            0     
       Net Latency:+       0 (I)        0 (I) 
           Arrival:=    1031            0     
                                              
             Setup:-      44                  
       Uncertainty:-       0                  
     Required Time:=     986                  
      Launch Clock:-       0                  
         Data Path:-     892                  
             Slack:=      94                  

Launch clock path:
#-----------------------------------------------------------------------------------------------
#     Timing Point       Flags   Arc   Edge   Cell     Fanout Load Trans Delay Arrival Instance 
#                                                             (fF)  (ps)  (ps)   (ps)  Location 
#-----------------------------------------------------------------------------------------------
  clk                    (i)     -     R     (arrival)    136  0.0     0     0       0    (-,-) 
  st2_sum_mag_reg[23]/CK <<<     -     R     DFFR_X1      136    -     1     0       0    (-,-) 
#-----------------------------------------------------------------------------------------------

#------------------------------------------------------------------------------------------------
#     Timing Point       Flags    Arc   Edge   Cell     Fanout Load Trans Delay Arrival Instance 
#                                                              (fF)  (ps)  (ps)   (ps)  Location 
#------------------------------------------------------------------------------------------------
  st2_sum_mag_reg[23]/CK -       -      R     (arrival)    136    -     1     0       0    (-,-) 
  st2_sum_mag_reg[23]/QN -       CK->QN R     DFFR_X1        3  5.5    18    76      76    (-,-) 
  g89521/ZN              -       A3->ZN F     NAND4_X1       2  3.6    22    39     115    (-,-) 
  g89146/ZN              -       A2->ZN R     NOR2_X1        3  5.8    35    54     170    (-,-) 
  g89142/ZN              -       A->ZN  F     INV_X1         4 11.0    18    29     198    (-,-) 
  g89103/ZN              -       A->ZN  R     AOI21_X4       7 15.8    32    55     253    (-,-) 
  g89098/ZN              -       A->ZN  F     INV_X2         5 10.8    12    19     272    (-,-) 
  g89083/ZN              -       B1->ZN R     OAI21_X1       3  5.7    37    49     320    (-,-) 
  g89057/ZN              -       A->ZN  F     AOI21_X1       2  3.6    15    23     343    (-,-) 
  g88909/ZN              -       A1->ZN R     NAND2_X1       6 10.3    29    38     382    (-,-) 
  g88366__5107/ZN        -       A1->ZN F     NAND2_X1       3  5.1    16    26     408    (-,-) 
  g88244__4733/ZN        -       A1->ZN R     NAND2_X1       2  3.0    12    21     429    (-,-) 
  g88202__7482/ZN        -       A1->ZN R     AND2_X1        3  5.6    17    42     471    (-,-) 
  g88191__2802/ZN        -       A->ZN  F     OAI21_X1       2  5.1    15    28     499    (-,-) 
  g88032__6131/S         -       A->S   F     HA_X1          2  3.7    16    56     556    (-,-) 
  g88022__3680/ZN        -       A1->ZN R     NAND3_X1       1  1.9    12    20     576    (-,-) 
  g88016__6260/ZN        -       A1->ZN F     NAND3_X1       1  3.2    16    23     598    (-,-) 
  g88015__5107/ZN        -       A1->ZN R     NAND3_X2      11 22.0    33    42     641    (-,-) 
  g88001__6161/ZN        -       A1->ZN F     NOR2_X2        4  6.8    18    16     656    (-,-) 
  g87983__5526/ZN        -       A1->ZN R     NAND2_X1       9 16.8    44    55     712    (-,-) 
  g87974/ZN              -       A->ZN  F     INV_X1        13 21.3    28    47     758    (-,-) 
  g87787__1666/ZN        -       C1->ZN R     AOI222_X1      1  1.9    48    93     851    (-,-) 
  g87732__4319/ZN        -       A->ZN  F     OAI221_X1      1  1.4    19    41     892    (-,-) 
  add_out_reg[12]/D      -       -      F     DFFR_X1        1    -     -     0     892    (-,-) 
#------------------------------------------------------------------------------------------------

Capture clock path:
#-------------------------------------------------------------------------------------------
#   Timing Point     Flags   Arc   Edge   Cell     Fanout Load Trans Delay Arrival Instance 
#                                                         (fF)  (ps)  (ps)   (ps)  Location 
#-------------------------------------------------------------------------------------------
  clk                (i)     -     R     (arrival)    136  0.0     0     0    1031    (-,-) 
  add_out_reg[12]/CK <<<     -     R     DFFR_X1      136    -     1     0    1031    (-,-) 
#-------------------------------------------------------------------------------------------



Path 87: MET (94 ps) Setup Check with Pin add_out_reg[11]/CK->D
           View: view_1p2_25
          Group: clock1
     Startpoint: (R) st2_sum_mag_reg[23]/CK
          Clock: (R) clock1
       Endpoint: (F) add_out_reg[11]/D
          Clock: (R) clock1

                     Capture       Launch     
        Clock Edge:+    1031            0     
       Src Latency:+       0            0     
       Net Latency:+       0 (I)        0 (I) 
           Arrival:=    1031            0     
                                              
             Setup:-      44                  
       Uncertainty:-       0                  
     Required Time:=     986                  
      Launch Clock:-       0                  
         Data Path:-     892                  
             Slack:=      94                  

Launch clock path:
#-----------------------------------------------------------------------------------------------
#     Timing Point       Flags   Arc   Edge   Cell     Fanout Load Trans Delay Arrival Instance 
#                                                             (fF)  (ps)  (ps)   (ps)  Location 
#-----------------------------------------------------------------------------------------------
  clk                    (i)     -     R     (arrival)    136  0.0     0     0       0    (-,-) 
  st2_sum_mag_reg[23]/CK <<<     -     R     DFFR_X1      136    -     1     0       0    (-,-) 
#-----------------------------------------------------------------------------------------------

#------------------------------------------------------------------------------------------------
#     Timing Point       Flags    Arc   Edge   Cell     Fanout Load Trans Delay Arrival Instance 
#                                                              (fF)  (ps)  (ps)   (ps)  Location 
#------------------------------------------------------------------------------------------------
  st2_sum_mag_reg[23]/CK -       -      R     (arrival)    136    -     1     0       0    (-,-) 
  st2_sum_mag_reg[23]/QN -       CK->QN R     DFFR_X1        3  5.5    18    76      76    (-,-) 
  g89521/ZN              -       A3->ZN F     NAND4_X1       2  3.6    22    39     115    (-,-) 
  g89146/ZN              -       A2->ZN R     NOR2_X1        3  5.8    35    54     170    (-,-) 
  g89142/ZN              -       A->ZN  F     INV_X1         4 11.0    18    29     198    (-,-) 
  g89103/ZN              -       A->ZN  R     AOI21_X4       7 15.8    32    55     253    (-,-) 
  g89098/ZN              -       A->ZN  F     INV_X2         5 10.8    12    19     272    (-,-) 
  g89083/ZN              -       B1->ZN R     OAI21_X1       3  5.7    37    49     320    (-,-) 
  g89057/ZN              -       A->ZN  F     AOI21_X1       2  3.6    15    23     343    (-,-) 
  g88909/ZN              -       A1->ZN R     NAND2_X1       6 10.3    29    38     382    (-,-) 
  g88366__5107/ZN        -       A1->ZN F     NAND2_X1       3  5.1    16    26     408    (-,-) 
  g88244__4733/ZN        -       A1->ZN R     NAND2_X1       2  3.0    12    21     429    (-,-) 
  g88202__7482/ZN        -       A1->ZN R     AND2_X1        3  5.6    17    42     471    (-,-) 
  g88191__2802/ZN        -       A->ZN  F     OAI21_X1       2  5.1    15    28     499    (-,-) 
  g88032__6131/S         -       A->S   F     HA_X1          2  3.7    16    56     556    (-,-) 
  g88022__3680/ZN        -       A1->ZN R     NAND3_X1       1  1.9    12    20     576    (-,-) 
  g88016__6260/ZN        -       A1->ZN F     NAND3_X1       1  3.2    16    23     598    (-,-) 
  g88015__5107/ZN        -       A1->ZN R     NAND3_X2      11 22.0    33    42     641    (-,-) 
  g88001__6161/ZN        -       A1->ZN F     NOR2_X2        4  6.8    18    16     656    (-,-) 
  g87983__5526/ZN        -       A1->ZN R     NAND2_X1       9 16.8    44    55     712    (-,-) 
  g87974/ZN              -       A->ZN  F     INV_X1        13 21.3    28    47     758    (-,-) 
  g87786__2346/ZN        -       C1->ZN R     AOI222_X1      1  1.9    48    93     851    (-,-) 
  g87731__6260/ZN        -       A->ZN  F     OAI221_X1      1  1.4    19    41     892    (-,-) 
  add_out_reg[11]/D      -       -      F     DFFR_X1        1    -     -     0     892    (-,-) 
#------------------------------------------------------------------------------------------------

Capture clock path:
#-------------------------------------------------------------------------------------------
#   Timing Point     Flags   Arc   Edge   Cell     Fanout Load Trans Delay Arrival Instance 
#                                                         (fF)  (ps)  (ps)   (ps)  Location 
#-------------------------------------------------------------------------------------------
  clk                (i)     -     R     (arrival)    136  0.0     0     0    1031    (-,-) 
  add_out_reg[11]/CK <<<     -     R     DFFR_X1      136    -     1     0    1031    (-,-) 
#-------------------------------------------------------------------------------------------



Path 88: MET (101 ps) Setup Check with Pin st1_carry_vec_reg[20]/CK->D
           View: view_1p2_25
          Group: clock1
     Startpoint: (F) add_b[25]
          Clock: (R) clock1
       Endpoint: (F) st1_carry_vec_reg[20]/D
          Clock: (R) clock1

                     Capture       Launch     
        Clock Edge:+    1031            0     
        Drv Adjust:+       0            0     
       Src Latency:+       0            0     
       Net Latency:+       0 (I)        0 (I) 
           Arrival:=    1031            0     
                                              
             Setup:-      42                  
       Uncertainty:-       0                  
     Required Time:=     989                  
      Launch Clock:-       0                  
       Input Delay:-       1                  
         Data Path:-     887                  
             Slack:=     101                  

Exceptions/Constraints:
  input_delay              1              sysarr_4_input_fp_ad_line_21_39_1   

#-------------------------------------------------------------------------------------------------
#      Timing Point       Flags    Arc   Edge   Cell     Fanout Load Trans Delay Arrival Instance 
#                                                               (fF)  (ps)  (ps)   (ps)  Location 
#-------------------------------------------------------------------------------------------------
  add_b[25]               -       -      F     (arrival)      5  9.9     0     0       1    (-,-) 
  g89490/ZN               -       A->ZN  R     INV_X2         6 12.6    17    20      21    (-,-) 
  g89446/ZN               -       A1->ZN F     NOR2_X1        1  1.9     6    11      32    (-,-) 
  g89128/ZN               -       C2->ZN R     OAI211_X1      1  3.4    28    42      73    (-,-) 
  g89107/ZN               -       B1->ZN F     AOI21_X2       1  3.0    11    18      91    (-,-) 
  g89086/ZN               -       B1->ZN R     OAI21_X2       1  6.7    26    36     127    (-,-) 
  g89062/ZN               -       B1->ZN F     AOI21_X4       1  5.9    14    17     144    (-,-) 
  g89048/ZN               -       B1->ZN R     OAI21_X4       6 21.3    35    47     192    (-,-) 
  g88923/ZN               -       A->ZN  F     INV_X8         9 18.9    10    13     205    (-,-) 
  g88921/ZN               -       A->ZN  R     INV_X4        14 26.2    18    26     230    (-,-) 
  g88905/ZN               -       A1->ZN R     AND2_X1       22 39.0    92   125     355    (-,-) 
  g88721/ZN               -       B1->ZN F     AOI22_X1       2  3.3    32    41     396    (-,-) 
  g88615__2346/ZN         -       A1->ZN R     NOR2_X1        1  2.0    20    35     431    (-,-) 
  g88456__1881/ZN         -       A->ZN  F     AOI221_X1      3  4.6    25    21     452    (-,-) 
  g88176__2883/Z          -       B->Z   F     MUX2_X1        2  2.9    11    68     520    (-,-) 
  g88110__6161/Z          -       B->Z   F     MUX2_X1        2  2.3    11    61     581    (-,-) 
  g88066__6131/Z          -       A->Z   F     MUX2_X1        3  5.5    14    67     648    (-,-) 
  g87910__7098/ZN         -       A2->ZN R     NOR2_X1        1  2.5    19    34     682    (-,-) 
  g87764__4319/ZN         -       A->ZN  F     XNOR2_X1       2  2.8    25    20     702    (-,-) 
  g87690__6161/ZN         -       A1->ZN F     AND2_X1        2  3.0     8    39     741    (-,-) 
  g87648__5115/ZN         -       A2->ZN R     NOR2_X1        1  3.5    24    37     778    (-,-) 
  g87544__4733/CO         -       A->CO  R     HA_X1          1  2.0     9    36     814    (-,-) 
  g87541__1881/ZN         -       A1->ZN F     NOR2_X1        1  3.0     7    10     824    (-,-) 
  g87455__1881/CO         -       CI->CO F     FA_X1          1  1.4    12    64     888    (-,-) 
  st1_carry_vec_reg[20]/D -       -      F     DFFR_X1        1    -     -     0     888    (-,-) 
#-------------------------------------------------------------------------------------------------

Capture clock path:
#-------------------------------------------------------------------------------------------------
#      Timing Point        Flags   Arc   Edge   Cell     Fanout Load Trans Delay Arrival Instance 
#                                                               (fF)  (ps)  (ps)   (ps)  Location 
#-------------------------------------------------------------------------------------------------
  clk                      (i)     -     R     (arrival)    136  0.0     0     0    1031    (-,-) 
  st1_carry_vec_reg[20]/CK <<<     -     R     DFFR_X1      136    -     1     0    1031    (-,-) 
#-------------------------------------------------------------------------------------------------



Path 89: MET (102 ps) Setup Check with Pin st1_carry_vec_reg[23]/CK->D
           View: view_1p2_25
          Group: clock1
     Startpoint: (R) add_c[23]
          Clock: (R) clock1
       Endpoint: (F) st1_carry_vec_reg[23]/D
          Clock: (R) clock1

                     Capture       Launch     
        Clock Edge:+    1031            0     
        Drv Adjust:+       0            0     
       Src Latency:+       0            0     
       Net Latency:+       0 (I)        0 (I) 
           Arrival:=    1031            0     
                                              
             Setup:-      42                  
       Uncertainty:-       0                  
     Required Time:=     989                  
      Launch Clock:-       0                  
       Input Delay:-       1                  
         Data Path:-     886                  
             Slack:=     102                  

Exceptions/Constraints:
  input_delay              1              sysarr_4_input_fp_ad_line_21_73_1   

#-------------------------------------------------------------------------------------------------
#      Timing Point       Flags    Arc   Edge   Cell     Fanout Load Trans Delay Arrival Instance 
#                                                               (fF)  (ps)  (ps)   (ps)  Location 
#-------------------------------------------------------------------------------------------------
  add_c[23]               -       -      R     (arrival)      5 21.4     0     0       1    (-,-) 
  g89466/ZN               -       A->ZN  F     INV_X8         5 13.9     3     6       7    (-,-) 
  g89428/ZN               -       A1->ZN R     NAND2_X4       2  5.3     8    11      17    (-,-) 
  g89182/ZN               -       A1->ZN F     NAND2_X2       1  5.9     9    15      32    (-,-) 
  g89149/ZN               -       B1->ZN R     AOI21_X4       1  6.7    22    26      59    (-,-) 
  g89131/ZN               -       B1->ZN F     OAI21_X4       1  6.0    11    17      75    (-,-) 
  g89120/ZN               -       A1->ZN R     NAND2_X4       2 10.0    12    18      93    (-,-) 
  g89108/ZN               -       A1->ZN F     NAND2_X2       1  5.9     9    16     109    (-,-) 
  g89068/ZN               -       B2->ZN R     AOI21_X4       1  6.7    22    31     140    (-,-) 
  g89056/ZN               -       B1->ZN F     OAI21_X4       1  5.9    15    17     157    (-,-) 
  g88907/ZN               -       B1->ZN R     AOI21_X4       6 14.2    30    38     196    (-,-) 
  g88844/ZN               -       A1->ZN F     NAND2_X1       1  1.8    11    17     213    (-,-) 
  g88769/ZN               -       A->ZN  R     OAI21_X1       2  3.8    28    26     239    (-,-) 
  g88733/ZN               -       A->ZN  F     INV_X1         2  4.7    11    16     256    (-,-) 
  g88648__2398/ZN         -       A1->ZN R     NAND2_X1       1  3.4    14    20     275    (-,-) 
  g88600__5122/ZN         -       A1->ZN F     NAND2_X2      12 20.7    22    33     308    (-,-) 
  g88512__1666/ZN         -       A1->ZN F     AND2_X2        2  7.1     8    37     345    (-,-) 
  g88283__1666/ZN         -       A1->ZN R     AOI22_X2       2  6.9    33    40     385    (-,-) 
  g88245__6161/ZN         -       A1->ZN F     NOR2_X2        2  4.9    14    13     398    (-,-) 
  g88142__9945/ZN         -       A->ZN  R     AOI21_X1       2  4.3    34    55     453    (-,-) 
  g88035__5115/ZN         -       B1->ZN F     AOI21_X1       2  3.5    15    25     477    (-,-) 
  g88034/ZN               -       A->ZN  R     INV_X1         1  2.5    10    18     495    (-,-) 
  g88020__6783/ZN         -       A->ZN  R     XNOR2_X1       3  7.3    45    51     546    (-,-) 
  g87967__2883/ZN         -       A2->ZN R     AND3_X2       11 19.3    27    74     620    (-,-) 
  g87920__2346/ZN         -       A1->ZN F     NAND2_X1       7 11.2    29    40     660    (-,-) 
  g87888/ZN               -       A->ZN  R     INV_X1         3  5.5    18    32     692    (-,-) 
  g159/ZN                 -       B1->ZN F     AOI21_X1       1  2.7    20    19     711    (-,-) 
  g158/Z                  -       B->Z   F     XOR2_X1        2  4.1    18    64     774    (-,-) 
  g327/ZN                 -       A->ZN  F     XNOR2_X1       1  3.0    16    45     819    (-,-) 
  g315/CO                 -       CI->CO F     FA_X1          1  1.4    12    68     887    (-,-) 
  st1_carry_vec_reg[23]/D -       -      F     DFFR_X1        1    -     -     0     887    (-,-) 
#-------------------------------------------------------------------------------------------------

Capture clock path:
#-------------------------------------------------------------------------------------------------
#      Timing Point        Flags   Arc   Edge   Cell     Fanout Load Trans Delay Arrival Instance 
#                                                               (fF)  (ps)  (ps)   (ps)  Location 
#-------------------------------------------------------------------------------------------------
  clk                      (i)     -     R     (arrival)    136  0.0     0     0    1031    (-,-) 
  st1_carry_vec_reg[23]/CK <<<     -     R     DFFR_X1      136    -     1     0    1031    (-,-) 
#-------------------------------------------------------------------------------------------------



Path 90: MET (105 ps) Setup Check with Pin add_out_reg[10]/CK->D
           View: view_1p2_25
          Group: clock1
     Startpoint: (R) st2_sum_mag_reg[10]/CK
          Clock: (R) clock1
       Endpoint: (R) add_out_reg[10]/D
          Clock: (R) clock1

                     Capture       Launch     
        Clock Edge:+    1031            0     
       Src Latency:+       0            0     
       Net Latency:+       0 (I)        0 (I) 
           Arrival:=    1031            0     
                                              
             Setup:-      40                  
       Uncertainty:-       0                  
     Required Time:=     991                  
      Launch Clock:-       0                  
         Data Path:-     886                  
             Slack:=     105                  

Launch clock path:
#-----------------------------------------------------------------------------------------------
#     Timing Point       Flags   Arc   Edge   Cell     Fanout Load Trans Delay Arrival Instance 
#                                                             (fF)  (ps)  (ps)   (ps)  Location 
#-----------------------------------------------------------------------------------------------
  clk                    (i)     -     R     (arrival)    136  0.0     0     0       0    (-,-) 
  st2_sum_mag_reg[10]/CK <<<     -     R     DFFR_X2      136    -     1     0       0    (-,-) 
#-----------------------------------------------------------------------------------------------

#------------------------------------------------------------------------------------------------
#     Timing Point       Flags    Arc   Edge   Cell     Fanout Load Trans Delay Arrival Instance 
#                                                              (fF)  (ps)  (ps)   (ps)  Location 
#------------------------------------------------------------------------------------------------
  st2_sum_mag_reg[10]/CK -       -      R     (arrival)    136    -     1     0       0    (-,-) 
  st2_sum_mag_reg[10]/QN -       CK->QN R     DFFR_X2        7 11.8    21    89      89    (-,-) 
  g89174/ZN              -       A1->ZN R     AND2_X1        1  1.9     9    35     124    (-,-) 
  g89143/ZN              -       A1->ZN F     NAND3_X1       2  4.7    18    26     151    (-,-) 
  g89136/ZN              -       A1->ZN R     NOR2_X2        3  5.0    20    32     182    (-,-) 
  g89127/ZN              -       A1->ZN R     AND2_X2        7 17.4    24    51     234    (-,-) 
  g89103/ZN              -       B1->ZN F     AOI21_X4       7 14.0    13    22     256    (-,-) 
  g89098/ZN              -       A->ZN  R     INV_X2         5 11.6    16    25     281    (-,-) 
  g89083/ZN              -       B1->ZN F     OAI21_X1       3  5.2    16    24     305    (-,-) 
  g89057/ZN              -       A->ZN  R     AOI21_X1       2  3.7    31    52     358    (-,-) 
  g88909/ZN              -       A1->ZN F     NAND2_X1       6  9.4    22    37     395    (-,-) 
  g88366__5107/ZN        -       A1->ZN R     NAND2_X1       3  5.7    18    31     426    (-,-) 
  g88244__4733/ZN        -       A1->ZN F     NAND2_X1       2  2.8    10    18     444    (-,-) 
  g88202__7482/ZN        -       A1->ZN F     AND2_X1        3  5.4    10    36     479    (-,-) 
  g88191__2802/ZN        -       A->ZN  R     OAI21_X1       2  5.4    36    29     509    (-,-) 
  g88032__6131/S         -       A->S   R     HA_X1          2  3.7    31    62     571    (-,-) 
  g88022__3680/ZN        -       A1->ZN F     NAND3_X1       1  1.9    15    24     595    (-,-) 
  g88016__6260/ZN        -       A1->ZN R     NAND3_X1       1  3.3    15    23     618    (-,-) 
  g88015__5107/ZN        -       A1->ZN F     NAND3_X2      11 19.9    32    45     663    (-,-) 
  g88001__6161/ZN        -       A1->ZN R     NOR2_X2        4  7.3    26    44     707    (-,-) 
  g87983__5526/ZN        -       A1->ZN F     NAND2_X1       9 14.7    30    47     754    (-,-) 
  g87974/ZN              -       A->ZN  R     INV_X1        13 22.8    55    75     828    (-,-) 
  g87868__5526/ZN        -       B1->ZN F     AOI22_X1       1  1.8    22    31     859    (-,-) 
  g87736__3680/ZN        -       A->ZN  R     OAI221_X1      1  1.4    34    27     886    (-,-) 
  add_out_reg[10]/D      -       -      R     DFFR_X1        1    -     -     0     886    (-,-) 
#------------------------------------------------------------------------------------------------

Capture clock path:
#-------------------------------------------------------------------------------------------
#   Timing Point     Flags   Arc   Edge   Cell     Fanout Load Trans Delay Arrival Instance 
#                                                         (fF)  (ps)  (ps)   (ps)  Location 
#-------------------------------------------------------------------------------------------
  clk                (i)     -     R     (arrival)    136  0.0     0     0    1031    (-,-) 
  add_out_reg[10]/CK <<<     -     R     DFFR_X1      136    -     1     0    1031    (-,-) 
#-------------------------------------------------------------------------------------------



Path 91: MET (109 ps) Setup Check with Pin add_out_reg[14]/CK->D
           View: view_1p2_25
          Group: clock1
     Startpoint: (R) st2_sum_mag_reg[10]/CK
          Clock: (R) clock1
       Endpoint: (R) add_out_reg[14]/D
          Clock: (R) clock1

                     Capture       Launch     
        Clock Edge:+    1031            0     
       Src Latency:+       0            0     
       Net Latency:+       0 (I)        0 (I) 
           Arrival:=    1031            0     
                                              
             Setup:-      40                  
       Uncertainty:-       0                  
     Required Time:=     991                  
      Launch Clock:-       0                  
         Data Path:-     882                  
             Slack:=     109                  

Launch clock path:
#-----------------------------------------------------------------------------------------------
#     Timing Point       Flags   Arc   Edge   Cell     Fanout Load Trans Delay Arrival Instance 
#                                                             (fF)  (ps)  (ps)   (ps)  Location 
#-----------------------------------------------------------------------------------------------
  clk                    (i)     -     R     (arrival)    136  0.0     0     0       0    (-,-) 
  st2_sum_mag_reg[10]/CK <<<     -     R     DFFR_X2      136    -     1     0       0    (-,-) 
#-----------------------------------------------------------------------------------------------

#------------------------------------------------------------------------------------------------
#     Timing Point       Flags    Arc   Edge   Cell     Fanout Load Trans Delay Arrival Instance 
#                                                              (fF)  (ps)  (ps)   (ps)  Location 
#------------------------------------------------------------------------------------------------
  st2_sum_mag_reg[10]/CK -       -      R     (arrival)    136    -     1     0       0    (-,-) 
  st2_sum_mag_reg[10]/QN -       CK->QN R     DFFR_X2        7 11.8    21    89      89    (-,-) 
  g89174/ZN              -       A1->ZN R     AND2_X1        1  1.9     9    35     124    (-,-) 
  g89143/ZN              -       A1->ZN F     NAND3_X1       2  4.7    18    26     151    (-,-) 
  g89136/ZN              -       A1->ZN R     NOR2_X2        3  5.0    20    32     182    (-,-) 
  g89127/ZN              -       A1->ZN R     AND2_X2        7 17.4    24    51     234    (-,-) 
  g89103/ZN              -       B1->ZN F     AOI21_X4       7 14.0    13    22     256    (-,-) 
  g89098/ZN              -       A->ZN  R     INV_X2         5 11.6    16    25     281    (-,-) 
  g89083/ZN              -       B1->ZN F     OAI21_X1       3  5.2    16    24     305    (-,-) 
  g89057/ZN              -       A->ZN  R     AOI21_X1       2  3.7    31    52     358    (-,-) 
  g88909/ZN              -       A1->ZN F     NAND2_X1       6  9.4    22    37     395    (-,-) 
  g88366__5107/ZN        -       A1->ZN R     NAND2_X1       3  5.7    18    31     426    (-,-) 
  g88244__4733/ZN        -       A1->ZN F     NAND2_X1       2  2.8    10    18     444    (-,-) 
  g88202__7482/ZN        -       A1->ZN F     AND2_X1        3  5.4    10    36     479    (-,-) 
  g88191__2802/ZN        -       A->ZN  R     OAI21_X1       2  5.4    36    29     509    (-,-) 
  g88032__6131/S         -       A->S   R     HA_X1          2  3.7    31    62     571    (-,-) 
  g88022__3680/ZN        -       A1->ZN F     NAND3_X1       1  1.9    15    24     595    (-,-) 
  g88016__6260/ZN        -       A1->ZN R     NAND3_X1       1  3.3    15    23     618    (-,-) 
  g88015__5107/ZN        -       A1->ZN F     NAND3_X2      11 19.9    32    45     663    (-,-) 
  g88001__6161/ZN        -       A1->ZN R     NOR2_X2        4  7.3    26    44     707    (-,-) 
  g87982__8428/ZN        -       A1->ZN F     NAND2_X1       7 12.9    27    43     750    (-,-) 
  g87973/ZN              -       A->ZN  R     INV_X2         7 11.1    18    31     781    (-,-) 
  g87943__8246/ZN        -       A1->ZN F     NAND2_X1      10 16.1    33    46     827    (-,-) 
  g87663__5107/ZN        -       B1->ZN R     OAI221_X1      1  1.4    34    54     882    (-,-) 
  add_out_reg[14]/D      -       -      R     DFFR_X1        1    -     -     0     882    (-,-) 
#------------------------------------------------------------------------------------------------

Capture clock path:
#-------------------------------------------------------------------------------------------
#   Timing Point     Flags   Arc   Edge   Cell     Fanout Load Trans Delay Arrival Instance 
#                                                         (fF)  (ps)  (ps)   (ps)  Location 
#-------------------------------------------------------------------------------------------
  clk                (i)     -     R     (arrival)    136  0.0     0     0    1031    (-,-) 
  add_out_reg[14]/CK <<<     -     R     DFFR_X1      136    -     1     0    1031    (-,-) 
#-------------------------------------------------------------------------------------------



Path 92: MET (122 ps) Setup Check with Pin add_out_reg[1]/CK->D
           View: view_1p2_25
          Group: clock1
     Startpoint: (R) st2_sum_mag_reg[10]/CK
          Clock: (R) clock1
       Endpoint: (R) add_out_reg[1]/D
          Clock: (R) clock1

                     Capture       Launch     
        Clock Edge:+    1031            0     
       Src Latency:+       0            0     
       Net Latency:+       0 (I)        0 (I) 
           Arrival:=    1031            0     
                                              
             Setup:-      33                  
       Uncertainty:-       0                  
     Required Time:=     998                  
      Launch Clock:-       0                  
         Data Path:-     876                  
             Slack:=     122                  

Launch clock path:
#-----------------------------------------------------------------------------------------------
#     Timing Point       Flags   Arc   Edge   Cell     Fanout Load Trans Delay Arrival Instance 
#                                                             (fF)  (ps)  (ps)   (ps)  Location 
#-----------------------------------------------------------------------------------------------
  clk                    (i)     -     R     (arrival)    136  0.0     0     0       0    (-,-) 
  st2_sum_mag_reg[10]/CK <<<     -     R     DFFR_X2      136    -     1     0       0    (-,-) 
#-----------------------------------------------------------------------------------------------

#------------------------------------------------------------------------------------------------
#     Timing Point       Flags    Arc   Edge   Cell     Fanout Load Trans Delay Arrival Instance 
#                                                              (fF)  (ps)  (ps)   (ps)  Location 
#------------------------------------------------------------------------------------------------
  st2_sum_mag_reg[10]/CK -       -      R     (arrival)    136    -     1     0       0    (-,-) 
  st2_sum_mag_reg[10]/QN -       CK->QN R     DFFR_X2        7 11.8    21    89      89    (-,-) 
  g89174/ZN              -       A1->ZN R     AND2_X1        1  1.9     9    35     124    (-,-) 
  g89143/ZN              -       A1->ZN F     NAND3_X1       2  4.7    18    26     151    (-,-) 
  g89136/ZN              -       A1->ZN R     NOR2_X2        3  5.0    20    32     182    (-,-) 
  g89127/ZN              -       A1->ZN R     AND2_X2        7 17.4    24    51     234    (-,-) 
  g89103/ZN              -       B1->ZN F     AOI21_X4       7 14.0    13    22     256    (-,-) 
  g89098/ZN              -       A->ZN  R     INV_X2         5 11.6    16    25     281    (-,-) 
  g89083/ZN              -       B1->ZN F     OAI21_X1       3  5.2    16    24     305    (-,-) 
  g89057/ZN              -       A->ZN  R     AOI21_X1       2  3.7    31    52     358    (-,-) 
  g88909/ZN              -       A1->ZN F     NAND2_X1       6  9.4    22    37     395    (-,-) 
  g88366__5107/ZN        -       A1->ZN R     NAND2_X1       3  5.7    18    31     426    (-,-) 
  g88244__4733/ZN        -       A1->ZN F     NAND2_X1       2  2.8    10    18     444    (-,-) 
  g88202__7482/ZN        -       A1->ZN F     AND2_X1        3  5.4    10    36     479    (-,-) 
  g88191__2802/ZN        -       A->ZN  R     OAI21_X1       2  5.4    36    29     509    (-,-) 
  g88032__6131/S         -       A->S   R     HA_X1          2  3.7    31    62     571    (-,-) 
  g88022__3680/ZN        -       A1->ZN F     NAND3_X1       1  1.9    15    24     595    (-,-) 
  g88016__6260/ZN        -       A1->ZN R     NAND3_X1       1  3.3    15    23     618    (-,-) 
  g88015__5107/ZN        -       A1->ZN F     NAND3_X2      11 19.9    32    45     663    (-,-) 
  g88001__6161/ZN        -       A1->ZN R     NOR2_X2        4  7.3    26    44     707    (-,-) 
  g87983__5526/ZN        -       A1->ZN F     NAND2_X1       9 14.7    30    47     754    (-,-) 
  g87974/ZN              -       A->ZN  R     INV_X1        13 22.8    55    75     828    (-,-) 
  g87866__4319/ZN        -       B1->ZN F     AOI22_X1       1  1.8    22    31     859    (-,-) 
  g87850/ZN              -       A->ZN  R     INV_X1         1  1.4     9    17     876    (-,-) 
  add_out_reg[1]/D       -       -      R     DFFR_X1        1    -     -     0     876    (-,-) 
#------------------------------------------------------------------------------------------------

Capture clock path:
#------------------------------------------------------------------------------------------
#   Timing Point    Flags   Arc   Edge   Cell     Fanout Load Trans Delay Arrival Instance 
#                                                        (fF)  (ps)  (ps)   (ps)  Location 
#------------------------------------------------------------------------------------------
  clk               (i)     -     R     (arrival)    136  0.0     0     0    1031    (-,-) 
  add_out_reg[1]/CK <<<     -     R     DFFR_X1      136    -     1     0    1031    (-,-) 
#------------------------------------------------------------------------------------------



Path 93: MET (128 ps) Setup Check with Pin st1_sum_vec_reg[24]/CK->D
           View: view_1p2_25
          Group: clock1
     Startpoint: (R) add_c[23]
          Clock: (R) clock1
       Endpoint: (R) st1_sum_vec_reg[24]/D
          Clock: (R) clock1

                     Capture       Launch     
        Clock Edge:+    1031            0     
        Drv Adjust:+       0            0     
       Src Latency:+       0            0     
       Net Latency:+       0 (I)        0 (I) 
           Arrival:=    1031            0     
                                              
             Setup:-      36                  
       Uncertainty:-       0                  
     Required Time:=     995                  
      Launch Clock:-       0                  
       Input Delay:-       1                  
         Data Path:-     866                  
             Slack:=     128                  

Exceptions/Constraints:
  input_delay              1              sysarr_4_input_fp_ad_line_21_73_1   

#-----------------------------------------------------------------------------------------------
#     Timing Point      Flags    Arc   Edge   Cell     Fanout Load Trans Delay Arrival Instance 
#                                                             (fF)  (ps)  (ps)   (ps)  Location 
#-----------------------------------------------------------------------------------------------
  add_c[23]             -       -      R     (arrival)      5 21.4     0     0       1    (-,-) 
  g89466/ZN             -       A->ZN  F     INV_X8         5 13.9     3     6       7    (-,-) 
  g89428/ZN             -       A1->ZN R     NAND2_X4       2  5.3     8    11      17    (-,-) 
  g89182/ZN             -       A1->ZN F     NAND2_X2       1  5.9     9    15      32    (-,-) 
  g89149/ZN             -       B1->ZN R     AOI21_X4       1  6.7    22    26      59    (-,-) 
  g89131/ZN             -       B1->ZN F     OAI21_X4       1  6.0    11    17      75    (-,-) 
  g89120/ZN             -       A1->ZN R     NAND2_X4       2 10.0    12    18      93    (-,-) 
  g89108/ZN             -       A1->ZN F     NAND2_X2       1  5.9     9    16     109    (-,-) 
  g89068/ZN             -       B2->ZN R     AOI21_X4       1  6.7    22    31     140    (-,-) 
  g89056/ZN             -       B1->ZN F     OAI21_X4       1  5.9    15    17     157    (-,-) 
  g88907/ZN             -       B1->ZN R     AOI21_X4       6 14.2    30    38     196    (-,-) 
  g88844/ZN             -       A1->ZN F     NAND2_X1       1  1.8    11    17     213    (-,-) 
  g88769/ZN             -       A->ZN  R     OAI21_X1       2  3.8    28    26     239    (-,-) 
  g88733/ZN             -       A->ZN  F     INV_X1         2  4.7    11    16     256    (-,-) 
  g88648__2398/ZN       -       A1->ZN R     NAND2_X1       1  3.4    14    20     275    (-,-) 
  g88600__5122/ZN       -       A1->ZN F     NAND2_X2      12 20.7    22    33     308    (-,-) 
  g88512__1666/ZN       -       A1->ZN F     AND2_X2        2  7.1     8    37     345    (-,-) 
  g88283__1666/ZN       -       A1->ZN R     AOI22_X2       2  6.9    33    40     385    (-,-) 
  g88245__6161/ZN       -       A1->ZN F     NOR2_X2        2  4.9    14    13     398    (-,-) 
  g88142__9945/ZN       -       A->ZN  R     AOI21_X1       2  4.3    34    55     453    (-,-) 
  g88035__5115/ZN       -       B1->ZN F     AOI21_X1       2  3.5    15    25     477    (-,-) 
  g88034/ZN             -       A->ZN  R     INV_X1         1  2.5    10    18     495    (-,-) 
  g88020__6783/ZN       -       A->ZN  R     XNOR2_X1       3  7.3    45    51     546    (-,-) 
  g87967__2883/ZN       -       A2->ZN R     AND3_X2       11 19.3    27    74     620    (-,-) 
  g87920__2346/ZN       -       A1->ZN F     NAND2_X1       7 11.2    29    40     660    (-,-) 
  g87888/ZN             -       A->ZN  R     INV_X1         3  5.5    18    32     692    (-,-) 
  g159/ZN               -       B1->ZN F     AOI21_X1       1  2.7    20    19     711    (-,-) 
  g158/Z                -       B->Z   F     XOR2_X1        2  4.1    18    64     774    (-,-) 
  g157/ZN               -       A1->ZN R     AOI22_X1       2  4.3    37    48     822    (-,-) 
  g87507__1881/ZN       -       A->ZN  R     XNOR2_X1       1  1.4    19    45     867    (-,-) 
  st1_sum_vec_reg[24]/D -       -      R     DFFR_X1        1    -     -     0     867    (-,-) 
#-----------------------------------------------------------------------------------------------

Capture clock path:
#-----------------------------------------------------------------------------------------------
#     Timing Point       Flags   Arc   Edge   Cell     Fanout Load Trans Delay Arrival Instance 
#                                                             (fF)  (ps)  (ps)   (ps)  Location 
#-----------------------------------------------------------------------------------------------
  clk                    (i)     -     R     (arrival)    136  0.0     0     0    1031    (-,-) 
  st1_sum_vec_reg[24]/CK <<<     -     R     DFFR_X1      136    -     1     0    1031    (-,-) 
#-----------------------------------------------------------------------------------------------



Path 94: MET (131 ps) Setup Check with Pin add_out_reg[8]/CK->D
           View: view_1p2_25
          Group: clock1
     Startpoint: (R) st2_sum_mag_reg[10]/CK
          Clock: (R) clock1
       Endpoint: (R) add_out_reg[8]/D
          Clock: (R) clock1

                     Capture       Launch     
        Clock Edge:+    1031            0     
       Src Latency:+       0            0     
       Net Latency:+       0 (I)        0 (I) 
           Arrival:=    1031            0     
                                              
             Setup:-      43                  
       Uncertainty:-       0                  
     Required Time:=     988                  
      Launch Clock:-       0                  
         Data Path:-     856                  
             Slack:=     131                  

Launch clock path:
#-----------------------------------------------------------------------------------------------
#     Timing Point       Flags   Arc   Edge   Cell     Fanout Load Trans Delay Arrival Instance 
#                                                             (fF)  (ps)  (ps)   (ps)  Location 
#-----------------------------------------------------------------------------------------------
  clk                    (i)     -     R     (arrival)    136  0.0     0     0       0    (-,-) 
  st2_sum_mag_reg[10]/CK <<<     -     R     DFFR_X2      136    -     1     0       0    (-,-) 
#-----------------------------------------------------------------------------------------------

#------------------------------------------------------------------------------------------------
#     Timing Point       Flags    Arc   Edge   Cell     Fanout Load Trans Delay Arrival Instance 
#                                                              (fF)  (ps)  (ps)   (ps)  Location 
#------------------------------------------------------------------------------------------------
  st2_sum_mag_reg[10]/CK -       -      R     (arrival)    136    -     1     0       0    (-,-) 
  st2_sum_mag_reg[10]/QN -       CK->QN R     DFFR_X2        7 11.8    21    89      89    (-,-) 
  g89174/ZN              -       A1->ZN R     AND2_X1        1  1.9     9    35     124    (-,-) 
  g89143/ZN              -       A1->ZN F     NAND3_X1       2  4.7    18    26     151    (-,-) 
  g89136/ZN              -       A1->ZN R     NOR2_X2        3  5.0    20    32     182    (-,-) 
  g89127/ZN              -       A1->ZN R     AND2_X2        7 17.4    24    51     234    (-,-) 
  g89103/ZN              -       B1->ZN F     AOI21_X4       7 14.0    13    22     256    (-,-) 
  g89098/ZN              -       A->ZN  R     INV_X2         5 11.6    16    25     281    (-,-) 
  g89083/ZN              -       B1->ZN F     OAI21_X1       3  5.2    16    24     305    (-,-) 
  g89057/ZN              -       A->ZN  R     AOI21_X1       2  3.7    31    52     358    (-,-) 
  g88909/ZN              -       A1->ZN F     NAND2_X1       6  9.4    22    37     395    (-,-) 
  g88366__5107/ZN        -       A1->ZN R     NAND2_X1       3  5.7    18    31     426    (-,-) 
  g88244__4733/ZN        -       A1->ZN F     NAND2_X1       2  2.8    10    18     444    (-,-) 
  g88202__7482/ZN        -       A1->ZN F     AND2_X1        3  5.4    10    36     479    (-,-) 
  g88191__2802/ZN        -       A->ZN  R     OAI21_X1       2  5.4    36    29     509    (-,-) 
  g88032__6131/S         -       A->S   R     HA_X1          2  3.7    31    62     571    (-,-) 
  g88022__3680/ZN        -       A1->ZN F     NAND3_X1       1  1.9    15    24     595    (-,-) 
  g88016__6260/ZN        -       A1->ZN R     NAND3_X1       1  3.3    15    23     618    (-,-) 
  g88015__5107/ZN        -       A1->ZN F     NAND3_X2      11 19.9    32    45     663    (-,-) 
  g88001__6161/ZN        -       A1->ZN R     NOR2_X2        4  7.3    26    44     707    (-,-) 
  g87996/ZN              -       A->ZN  F     INV_X1         2  4.6    10    16     723    (-,-) 
  g87981__4319/ZN        -       A1->ZN R     NOR2_X2        9 15.7    44    55     778    (-,-) 
  g87972/ZN              -       A->ZN  F     INV_X1         5  8.1    18    26     804    (-,-) 
  g87794__4319/ZN        -       C1->ZN R     OAI222_X1      1  1.4    44    53     856    (-,-) 
  add_out_reg[8]/D       -       -      R     DFFR_X1        1    -     -     0     856    (-,-) 
#------------------------------------------------------------------------------------------------

Capture clock path:
#------------------------------------------------------------------------------------------
#   Timing Point    Flags   Arc   Edge   Cell     Fanout Load Trans Delay Arrival Instance 
#                                                        (fF)  (ps)  (ps)   (ps)  Location 
#------------------------------------------------------------------------------------------
  clk               (i)     -     R     (arrival)    136  0.0     0     0    1031    (-,-) 
  add_out_reg[8]/CK <<<     -     R     DFFR_X1      136    -     1     0    1031    (-,-) 
#------------------------------------------------------------------------------------------



Path 95: MET (141 ps) Setup Check with Pin st1_carry_vec_reg[24]/CK->D
           View: view_1p2_25
          Group: clock1
     Startpoint: (R) add_c[23]
          Clock: (R) clock1
       Endpoint: (R) st1_carry_vec_reg[24]/D
          Clock: (R) clock1

                     Capture       Launch     
        Clock Edge:+    1031            0     
        Drv Adjust:+       0            0     
       Src Latency:+       0            0     
       Net Latency:+       0 (I)        0 (I) 
           Arrival:=    1031            0     
                                              
             Setup:-      34                  
       Uncertainty:-       0                  
     Required Time:=     997                  
      Launch Clock:-       0                  
       Input Delay:-       1                  
         Data Path:-     855                  
             Slack:=     141                  

Exceptions/Constraints:
  input_delay              1              sysarr_4_input_fp_ad_line_21_73_1   

#-------------------------------------------------------------------------------------------------
#      Timing Point       Flags    Arc   Edge   Cell     Fanout Load Trans Delay Arrival Instance 
#                                                               (fF)  (ps)  (ps)   (ps)  Location 
#-------------------------------------------------------------------------------------------------
  add_c[23]               -       -      R     (arrival)      5 21.4     0     0       1    (-,-) 
  g89466/ZN               -       A->ZN  F     INV_X8         5 13.9     3     6       7    (-,-) 
  g89428/ZN               -       A1->ZN R     NAND2_X4       2  5.3     8    11      17    (-,-) 
  g89182/ZN               -       A1->ZN F     NAND2_X2       1  5.9     9    15      32    (-,-) 
  g89149/ZN               -       B1->ZN R     AOI21_X4       1  6.7    22    26      59    (-,-) 
  g89131/ZN               -       B1->ZN F     OAI21_X4       1  6.0    11    17      75    (-,-) 
  g89120/ZN               -       A1->ZN R     NAND2_X4       2 10.0    12    18      93    (-,-) 
  g89108/ZN               -       A1->ZN F     NAND2_X2       1  5.9     9    16     109    (-,-) 
  g89068/ZN               -       B2->ZN R     AOI21_X4       1  6.7    22    31     140    (-,-) 
  g89056/ZN               -       B1->ZN F     OAI21_X4       1  5.9    15    17     157    (-,-) 
  g88907/ZN               -       B1->ZN R     AOI21_X4       6 14.2    30    38     196    (-,-) 
  g88844/ZN               -       A1->ZN F     NAND2_X1       1  1.8    11    17     213    (-,-) 
  g88769/ZN               -       A->ZN  R     OAI21_X1       2  3.8    28    26     239    (-,-) 
  g88733/ZN               -       A->ZN  F     INV_X1         2  4.7    11    16     256    (-,-) 
  g88648__2398/ZN         -       A1->ZN R     NAND2_X1       1  3.4    14    20     275    (-,-) 
  g88600__5122/ZN         -       A1->ZN F     NAND2_X2      12 20.7    22    33     308    (-,-) 
  g88512__1666/ZN         -       A1->ZN F     AND2_X2        2  7.1     8    37     345    (-,-) 
  g88283__1666/ZN         -       A1->ZN R     AOI22_X2       2  6.9    33    40     385    (-,-) 
  g88245__6161/ZN         -       A1->ZN F     NOR2_X2        2  4.9    14    13     398    (-,-) 
  g88142__9945/ZN         -       A->ZN  R     AOI21_X1       2  4.3    34    55     453    (-,-) 
  g88035__5115/ZN         -       B1->ZN F     AOI21_X1       2  3.5    15    25     477    (-,-) 
  g88034/ZN               -       A->ZN  R     INV_X1         1  2.5    10    18     495    (-,-) 
  g88020__6783/ZN         -       A->ZN  R     XNOR2_X1       3  7.3    45    51     546    (-,-) 
  g87967__2883/ZN         -       A2->ZN R     AND3_X2       11 19.3    27    74     620    (-,-) 
  g87920__2346/ZN         -       A1->ZN F     NAND2_X1       7 11.2    29    40     660    (-,-) 
  g87888/ZN               -       A->ZN  R     INV_X1         3  5.5    18    32     692    (-,-) 
  g159/ZN                 -       B1->ZN F     AOI21_X1       1  2.7    20    19     711    (-,-) 
  g158/Z                  -       B->Z   F     XOR2_X1        2  4.1    18    64     774    (-,-) 
  g157/ZN                 -       A1->ZN R     AOI22_X1       2  4.3    37    48     822    (-,-) 
  g156/ZN                 -       A1->ZN F     NAND2_X1       1  1.8    13    18     841    (-,-) 
  g155/ZN                 -       A1->ZN R     NAND2_X1       1  1.4    11    15     856    (-,-) 
  st1_carry_vec_reg[24]/D -       -      R     DFFR_X1        1    -     -     0     856    (-,-) 
#-------------------------------------------------------------------------------------------------

Capture clock path:
#-------------------------------------------------------------------------------------------------
#      Timing Point        Flags   Arc   Edge   Cell     Fanout Load Trans Delay Arrival Instance 
#                                                               (fF)  (ps)  (ps)   (ps)  Location 
#-------------------------------------------------------------------------------------------------
  clk                      (i)     -     R     (arrival)    136  0.0     0     0    1031    (-,-) 
  st1_carry_vec_reg[24]/CK <<<     -     R     DFFR_X1      136    -     1     0    1031    (-,-) 
#-------------------------------------------------------------------------------------------------



Path 96: MET (184 ps) Setup Check with Pin add_out_reg[5]/CK->D
           View: view_1p2_25
          Group: clock1
     Startpoint: (R) st2_sum_mag_reg[10]/CK
          Clock: (R) clock1
       Endpoint: (R) add_out_reg[5]/D
          Clock: (R) clock1

                     Capture       Launch     
        Clock Edge:+    1031            0     
       Src Latency:+       0            0     
       Net Latency:+       0 (I)        0 (I) 
           Arrival:=    1031            0     
                                              
             Setup:-      33                  
       Uncertainty:-       0                  
     Required Time:=     998                  
      Launch Clock:-       0                  
         Data Path:-     814                  
             Slack:=     184                  

Launch clock path:
#-----------------------------------------------------------------------------------------------
#     Timing Point       Flags   Arc   Edge   Cell     Fanout Load Trans Delay Arrival Instance 
#                                                             (fF)  (ps)  (ps)   (ps)  Location 
#-----------------------------------------------------------------------------------------------
  clk                    (i)     -     R     (arrival)    136  0.0     0     0       0    (-,-) 
  st2_sum_mag_reg[10]/CK <<<     -     R     DFFR_X2      136    -     1     0       0    (-,-) 
#-----------------------------------------------------------------------------------------------

#------------------------------------------------------------------------------------------------
#     Timing Point       Flags    Arc   Edge   Cell     Fanout Load Trans Delay Arrival Instance 
#                                                              (fF)  (ps)  (ps)   (ps)  Location 
#------------------------------------------------------------------------------------------------
  st2_sum_mag_reg[10]/CK -       -      R     (arrival)    136    -     1     0       0    (-,-) 
  st2_sum_mag_reg[10]/QN -       CK->QN R     DFFR_X2        7 11.8    21    89      89    (-,-) 
  g89174/ZN              -       A1->ZN R     AND2_X1        1  1.9     9    35     124    (-,-) 
  g89143/ZN              -       A1->ZN F     NAND3_X1       2  4.7    18    26     151    (-,-) 
  g89136/ZN              -       A1->ZN R     NOR2_X2        3  5.0    20    32     182    (-,-) 
  g89127/ZN              -       A1->ZN R     AND2_X2        7 17.4    24    51     234    (-,-) 
  g89103/ZN              -       B1->ZN F     AOI21_X4       7 14.0    13    22     256    (-,-) 
  g89098/ZN              -       A->ZN  R     INV_X2         5 11.6    16    25     281    (-,-) 
  g89083/ZN              -       B1->ZN F     OAI21_X1       3  5.2    16    24     305    (-,-) 
  g89057/ZN              -       A->ZN  R     AOI21_X1       2  3.7    31    52     358    (-,-) 
  g88909/ZN              -       A1->ZN F     NAND2_X1       6  9.4    22    37     395    (-,-) 
  g88366__5107/ZN        -       A1->ZN R     NAND2_X1       3  5.7    18    31     426    (-,-) 
  g88244__4733/ZN        -       A1->ZN F     NAND2_X1       2  2.8    10    18     444    (-,-) 
  g88202__7482/ZN        -       A1->ZN F     AND2_X1        3  5.4    10    36     479    (-,-) 
  g88191__2802/ZN        -       A->ZN  R     OAI21_X1       2  5.4    36    29     509    (-,-) 
  g88032__6131/S         -       A->S   R     HA_X1          2  3.7    31    62     571    (-,-) 
  g88022__3680/ZN        -       A1->ZN F     NAND3_X1       1  1.9    15    24     595    (-,-) 
  g88016__6260/ZN        -       A1->ZN R     NAND3_X1       1  3.3    15    23     618    (-,-) 
  g88015__5107/ZN        -       A1->ZN F     NAND3_X2      11 19.9    32    45     663    (-,-) 
  g88001__6161/ZN        -       A1->ZN R     NOR2_X2        4  7.3    26    44     707    (-,-) 
  g87982__8428/ZN        -       A1->ZN F     NAND2_X1       7 12.9    27    43     750    (-,-) 
  g87973/ZN              -       A->ZN  R     INV_X2         7 11.1    18    31     781    (-,-) 
  g87928__7410/ZN        -       A1->ZN R     AND2_X1        1  1.4     9    33     814    (-,-) 
  add_out_reg[5]/D       -       -      R     DFFR_X1        1    -     -     0     814    (-,-) 
#------------------------------------------------------------------------------------------------

Capture clock path:
#------------------------------------------------------------------------------------------
#   Timing Point    Flags   Arc   Edge   Cell     Fanout Load Trans Delay Arrival Instance 
#                                                        (fF)  (ps)  (ps)   (ps)  Location 
#------------------------------------------------------------------------------------------
  clk               (i)     -     R     (arrival)    136  0.0     0     0    1031    (-,-) 
  add_out_reg[5]/CK <<<     -     R     DFFR_X1      136    -     1     0    1031    (-,-) 
#------------------------------------------------------------------------------------------



Path 97: MET (184 ps) Setup Check with Pin add_out_reg[4]/CK->D
           View: view_1p2_25
          Group: clock1
     Startpoint: (R) st2_sum_mag_reg[10]/CK
          Clock: (R) clock1
       Endpoint: (R) add_out_reg[4]/D
          Clock: (R) clock1

                     Capture       Launch     
        Clock Edge:+    1031            0     
       Src Latency:+       0            0     
       Net Latency:+       0 (I)        0 (I) 
           Arrival:=    1031            0     
                                              
             Setup:-      33                  
       Uncertainty:-       0                  
     Required Time:=     998                  
      Launch Clock:-       0                  
         Data Path:-     814                  
             Slack:=     184                  

Launch clock path:
#-----------------------------------------------------------------------------------------------
#     Timing Point       Flags   Arc   Edge   Cell     Fanout Load Trans Delay Arrival Instance 
#                                                             (fF)  (ps)  (ps)   (ps)  Location 
#-----------------------------------------------------------------------------------------------
  clk                    (i)     -     R     (arrival)    136  0.0     0     0       0    (-,-) 
  st2_sum_mag_reg[10]/CK <<<     -     R     DFFR_X2      136    -     1     0       0    (-,-) 
#-----------------------------------------------------------------------------------------------

#------------------------------------------------------------------------------------------------
#     Timing Point       Flags    Arc   Edge   Cell     Fanout Load Trans Delay Arrival Instance 
#                                                              (fF)  (ps)  (ps)   (ps)  Location 
#------------------------------------------------------------------------------------------------
  st2_sum_mag_reg[10]/CK -       -      R     (arrival)    136    -     1     0       0    (-,-) 
  st2_sum_mag_reg[10]/QN -       CK->QN R     DFFR_X2        7 11.8    21    89      89    (-,-) 
  g89174/ZN              -       A1->ZN R     AND2_X1        1  1.9     9    35     124    (-,-) 
  g89143/ZN              -       A1->ZN F     NAND3_X1       2  4.7    18    26     151    (-,-) 
  g89136/ZN              -       A1->ZN R     NOR2_X2        3  5.0    20    32     182    (-,-) 
  g89127/ZN              -       A1->ZN R     AND2_X2        7 17.4    24    51     234    (-,-) 
  g89103/ZN              -       B1->ZN F     AOI21_X4       7 14.0    13    22     256    (-,-) 
  g89098/ZN              -       A->ZN  R     INV_X2         5 11.6    16    25     281    (-,-) 
  g89083/ZN              -       B1->ZN F     OAI21_X1       3  5.2    16    24     305    (-,-) 
  g89057/ZN              -       A->ZN  R     AOI21_X1       2  3.7    31    52     358    (-,-) 
  g88909/ZN              -       A1->ZN F     NAND2_X1       6  9.4    22    37     395    (-,-) 
  g88366__5107/ZN        -       A1->ZN R     NAND2_X1       3  5.7    18    31     426    (-,-) 
  g88244__4733/ZN        -       A1->ZN F     NAND2_X1       2  2.8    10    18     444    (-,-) 
  g88202__7482/ZN        -       A1->ZN F     AND2_X1        3  5.4    10    36     479    (-,-) 
  g88191__2802/ZN        -       A->ZN  R     OAI21_X1       2  5.4    36    29     509    (-,-) 
  g88032__6131/S         -       A->S   R     HA_X1          2  3.7    31    62     571    (-,-) 
  g88022__3680/ZN        -       A1->ZN F     NAND3_X1       1  1.9    15    24     595    (-,-) 
  g88016__6260/ZN        -       A1->ZN R     NAND3_X1       1  3.3    15    23     618    (-,-) 
  g88015__5107/ZN        -       A1->ZN F     NAND3_X2      11 19.9    32    45     663    (-,-) 
  g88001__6161/ZN        -       A1->ZN R     NOR2_X2        4  7.3    26    44     707    (-,-) 
  g87982__8428/ZN        -       A1->ZN F     NAND2_X1       7 12.9    27    43     750    (-,-) 
  g87973/ZN              -       A->ZN  R     INV_X2         7 11.1    18    31     781    (-,-) 
  g87927__1666/ZN        -       A1->ZN R     AND2_X1        1  1.4     9    33     814    (-,-) 
  add_out_reg[4]/D       -       -      R     DFFR_X1        1    -     -     0     814    (-,-) 
#------------------------------------------------------------------------------------------------

Capture clock path:
#------------------------------------------------------------------------------------------
#   Timing Point    Flags   Arc   Edge   Cell     Fanout Load Trans Delay Arrival Instance 
#                                                        (fF)  (ps)  (ps)   (ps)  Location 
#------------------------------------------------------------------------------------------
  clk               (i)     -     R     (arrival)    136  0.0     0     0    1031    (-,-) 
  add_out_reg[4]/CK <<<     -     R     DFFR_X1      136    -     1     0    1031    (-,-) 
#------------------------------------------------------------------------------------------



Path 98: MET (193 ps) Setup Check with Pin add_out_reg[3]/CK->D
           View: view_1p2_25
          Group: clock1
     Startpoint: (R) st2_sum_mag_reg[10]/CK
          Clock: (R) clock1
       Endpoint: (R) add_out_reg[3]/D
          Clock: (R) clock1

                     Capture       Launch     
        Clock Edge:+    1031            0     
       Src Latency:+       0            0     
       Net Latency:+       0 (I)        0 (I) 
           Arrival:=    1031            0     
                                              
             Setup:-      39                  
       Uncertainty:-       0                  
     Required Time:=     992                  
      Launch Clock:-       0                  
         Data Path:-     800                  
             Slack:=     193                  

Launch clock path:
#-----------------------------------------------------------------------------------------------
#     Timing Point       Flags   Arc   Edge   Cell     Fanout Load Trans Delay Arrival Instance 
#                                                             (fF)  (ps)  (ps)   (ps)  Location 
#-----------------------------------------------------------------------------------------------
  clk                    (i)     -     R     (arrival)    136  0.0     0     0       0    (-,-) 
  st2_sum_mag_reg[10]/CK <<<     -     R     DFFR_X2      136    -     1     0       0    (-,-) 
#-----------------------------------------------------------------------------------------------

#------------------------------------------------------------------------------------------------
#     Timing Point       Flags    Arc   Edge   Cell     Fanout Load Trans Delay Arrival Instance 
#                                                              (fF)  (ps)  (ps)   (ps)  Location 
#------------------------------------------------------------------------------------------------
  st2_sum_mag_reg[10]/CK -       -      R     (arrival)    136    -     1     0       0    (-,-) 
  st2_sum_mag_reg[10]/QN -       CK->QN R     DFFR_X2        7 11.8    21    89      89    (-,-) 
  g89174/ZN              -       A1->ZN R     AND2_X1        1  1.9     9    35     124    (-,-) 
  g89143/ZN              -       A1->ZN F     NAND3_X1       2  4.7    18    26     151    (-,-) 
  g89136/ZN              -       A1->ZN R     NOR2_X2        3  5.0    20    32     182    (-,-) 
  g89127/ZN              -       A1->ZN R     AND2_X2        7 17.4    24    51     234    (-,-) 
  g89103/ZN              -       B1->ZN F     AOI21_X4       7 14.0    13    22     256    (-,-) 
  g89098/ZN              -       A->ZN  R     INV_X2         5 11.6    16    25     281    (-,-) 
  g89083/ZN              -       B1->ZN F     OAI21_X1       3  5.2    16    24     305    (-,-) 
  g89057/ZN              -       A->ZN  R     AOI21_X1       2  3.7    31    52     358    (-,-) 
  g88909/ZN              -       A1->ZN F     NAND2_X1       6  9.4    22    37     395    (-,-) 
  g88366__5107/ZN        -       A1->ZN R     NAND2_X1       3  5.7    18    31     426    (-,-) 
  g88244__4733/ZN        -       A1->ZN F     NAND2_X1       2  2.8    10    18     444    (-,-) 
  g88202__7482/ZN        -       A1->ZN F     AND2_X1        3  5.4    10    36     479    (-,-) 
  g88191__2802/ZN        -       A->ZN  R     OAI21_X1       2  5.4    36    29     509    (-,-) 
  g88032__6131/S         -       A->S   R     HA_X1          2  3.7    31    62     571    (-,-) 
  g88022__3680/ZN        -       A1->ZN F     NAND3_X1       1  1.9    15    24     595    (-,-) 
  g88016__6260/ZN        -       A1->ZN R     NAND3_X1       1  3.3    15    23     618    (-,-) 
  g88015__5107/ZN        -       A1->ZN F     NAND3_X2      11 19.9    32    45     663    (-,-) 
  g88001__6161/ZN        -       A1->ZN R     NOR2_X2        4  7.3    26    44     707    (-,-) 
  g87983__5526/ZN        -       A1->ZN F     NAND2_X1       9 14.7    30    47     754    (-,-) 
  g87867__8428/ZN        -       B1->ZN R     OAI22_X1       1  1.4    29    46     800    (-,-) 
  add_out_reg[3]/D       -       -      R     DFFR_X1        1    -     -     0     800    (-,-) 
#------------------------------------------------------------------------------------------------

Capture clock path:
#------------------------------------------------------------------------------------------
#   Timing Point    Flags   Arc   Edge   Cell     Fanout Load Trans Delay Arrival Instance 
#                                                        (fF)  (ps)  (ps)   (ps)  Location 
#------------------------------------------------------------------------------------------
  clk               (i)     -     R     (arrival)    136  0.0     0     0    1031    (-,-) 
  add_out_reg[3]/CK <<<     -     R     DFFR_X1      136    -     1     0    1031    (-,-) 
#------------------------------------------------------------------------------------------



Path 99: MET (193 ps) Setup Check with Pin add_out_reg[2]/CK->D
           View: view_1p2_25
          Group: clock1
     Startpoint: (R) st2_sum_mag_reg[10]/CK
          Clock: (R) clock1
       Endpoint: (R) add_out_reg[2]/D
          Clock: (R) clock1

                     Capture       Launch     
        Clock Edge:+    1031            0     
       Src Latency:+       0            0     
       Net Latency:+       0 (I)        0 (I) 
           Arrival:=    1031            0     
                                              
             Setup:-      39                  
       Uncertainty:-       0                  
     Required Time:=     992                  
      Launch Clock:-       0                  
         Data Path:-     800                  
             Slack:=     193                  

Launch clock path:
#-----------------------------------------------------------------------------------------------
#     Timing Point       Flags   Arc   Edge   Cell     Fanout Load Trans Delay Arrival Instance 
#                                                             (fF)  (ps)  (ps)   (ps)  Location 
#-----------------------------------------------------------------------------------------------
  clk                    (i)     -     R     (arrival)    136  0.0     0     0       0    (-,-) 
  st2_sum_mag_reg[10]/CK <<<     -     R     DFFR_X2      136    -     1     0       0    (-,-) 
#-----------------------------------------------------------------------------------------------

#------------------------------------------------------------------------------------------------
#     Timing Point       Flags    Arc   Edge   Cell     Fanout Load Trans Delay Arrival Instance 
#                                                              (fF)  (ps)  (ps)   (ps)  Location 
#------------------------------------------------------------------------------------------------
  st2_sum_mag_reg[10]/CK -       -      R     (arrival)    136    -     1     0       0    (-,-) 
  st2_sum_mag_reg[10]/QN -       CK->QN R     DFFR_X2        7 11.8    21    89      89    (-,-) 
  g89174/ZN              -       A1->ZN R     AND2_X1        1  1.9     9    35     124    (-,-) 
  g89143/ZN              -       A1->ZN F     NAND3_X1       2  4.7    18    26     151    (-,-) 
  g89136/ZN              -       A1->ZN R     NOR2_X2        3  5.0    20    32     182    (-,-) 
  g89127/ZN              -       A1->ZN R     AND2_X2        7 17.4    24    51     234    (-,-) 
  g89103/ZN              -       B1->ZN F     AOI21_X4       7 14.0    13    22     256    (-,-) 
  g89098/ZN              -       A->ZN  R     INV_X2         5 11.6    16    25     281    (-,-) 
  g89083/ZN              -       B1->ZN F     OAI21_X1       3  5.2    16    24     305    (-,-) 
  g89057/ZN              -       A->ZN  R     AOI21_X1       2  3.7    31    52     358    (-,-) 
  g88909/ZN              -       A1->ZN F     NAND2_X1       6  9.4    22    37     395    (-,-) 
  g88366__5107/ZN        -       A1->ZN R     NAND2_X1       3  5.7    18    31     426    (-,-) 
  g88244__4733/ZN        -       A1->ZN F     NAND2_X1       2  2.8    10    18     444    (-,-) 
  g88202__7482/ZN        -       A1->ZN F     AND2_X1        3  5.4    10    36     479    (-,-) 
  g88191__2802/ZN        -       A->ZN  R     OAI21_X1       2  5.4    36    29     509    (-,-) 
  g88032__6131/S         -       A->S   R     HA_X1          2  3.7    31    62     571    (-,-) 
  g88022__3680/ZN        -       A1->ZN F     NAND3_X1       1  1.9    15    24     595    (-,-) 
  g88016__6260/ZN        -       A1->ZN R     NAND3_X1       1  3.3    15    23     618    (-,-) 
  g88015__5107/ZN        -       A1->ZN F     NAND3_X2      11 19.9    32    45     663    (-,-) 
  g88001__6161/ZN        -       A1->ZN R     NOR2_X2        4  7.3    26    44     707    (-,-) 
  g87983__5526/ZN        -       A1->ZN F     NAND2_X1       9 14.7    30    47     754    (-,-) 
  g87865__6260/ZN        -       B1->ZN R     OAI22_X1       1  1.4    29    46     800    (-,-) 
  add_out_reg[2]/D       -       -      R     DFFR_X1        1    -     -     0     800    (-,-) 
#------------------------------------------------------------------------------------------------

Capture clock path:
#------------------------------------------------------------------------------------------
#   Timing Point    Flags   Arc   Edge   Cell     Fanout Load Trans Delay Arrival Instance 
#                                                        (fF)  (ps)  (ps)   (ps)  Location 
#------------------------------------------------------------------------------------------
  clk               (i)     -     R     (arrival)    136  0.0     0     0    1031    (-,-) 
  add_out_reg[2]/CK <<<     -     R     DFFR_X1      136    -     1     0    1031    (-,-) 
#------------------------------------------------------------------------------------------



Path 100: MET (193 ps) Setup Check with Pin add_out_reg[0]/CK->D
           View: view_1p2_25
          Group: clock1
     Startpoint: (R) st2_sum_mag_reg[10]/CK
          Clock: (R) clock1
       Endpoint: (R) add_out_reg[0]/D
          Clock: (R) clock1

                     Capture       Launch     
        Clock Edge:+    1031            0     
       Src Latency:+       0            0     
       Net Latency:+       0 (I)        0 (I) 
           Arrival:=    1031            0     
                                              
             Setup:-      39                  
       Uncertainty:-       0                  
     Required Time:=     992                  
      Launch Clock:-       0                  
         Data Path:-     800                  
             Slack:=     193                  

Launch clock path:
#-----------------------------------------------------------------------------------------------
#     Timing Point       Flags   Arc   Edge   Cell     Fanout Load Trans Delay Arrival Instance 
#                                                             (fF)  (ps)  (ps)   (ps)  Location 
#-----------------------------------------------------------------------------------------------
  clk                    (i)     -     R     (arrival)    136  0.0     0     0       0    (-,-) 
  st2_sum_mag_reg[10]/CK <<<     -     R     DFFR_X2      136    -     1     0       0    (-,-) 
#-----------------------------------------------------------------------------------------------

#------------------------------------------------------------------------------------------------
#     Timing Point       Flags    Arc   Edge   Cell     Fanout Load Trans Delay Arrival Instance 
#                                                              (fF)  (ps)  (ps)   (ps)  Location 
#------------------------------------------------------------------------------------------------
  st2_sum_mag_reg[10]/CK -       -      R     (arrival)    136    -     1     0       0    (-,-) 
  st2_sum_mag_reg[10]/QN -       CK->QN R     DFFR_X2        7 11.8    21    89      89    (-,-) 
  g89174/ZN              -       A1->ZN R     AND2_X1        1  1.9     9    35     124    (-,-) 
  g89143/ZN              -       A1->ZN F     NAND3_X1       2  4.7    18    26     151    (-,-) 
  g89136/ZN              -       A1->ZN R     NOR2_X2        3  5.0    20    32     182    (-,-) 
  g89127/ZN              -       A1->ZN R     AND2_X2        7 17.4    24    51     234    (-,-) 
  g89103/ZN              -       B1->ZN F     AOI21_X4       7 14.0    13    22     256    (-,-) 
  g89098/ZN              -       A->ZN  R     INV_X2         5 11.6    16    25     281    (-,-) 
  g89083/ZN              -       B1->ZN F     OAI21_X1       3  5.2    16    24     305    (-,-) 
  g89057/ZN              -       A->ZN  R     AOI21_X1       2  3.7    31    52     358    (-,-) 
  g88909/ZN              -       A1->ZN F     NAND2_X1       6  9.4    22    37     395    (-,-) 
  g88366__5107/ZN        -       A1->ZN R     NAND2_X1       3  5.7    18    31     426    (-,-) 
  g88244__4733/ZN        -       A1->ZN F     NAND2_X1       2  2.8    10    18     444    (-,-) 
  g88202__7482/ZN        -       A1->ZN F     AND2_X1        3  5.4    10    36     479    (-,-) 
  g88191__2802/ZN        -       A->ZN  R     OAI21_X1       2  5.4    36    29     509    (-,-) 
  g88032__6131/S         -       A->S   R     HA_X1          2  3.7    31    62     571    (-,-) 
  g88022__3680/ZN        -       A1->ZN F     NAND3_X1       1  1.9    15    24     595    (-,-) 
  g88016__6260/ZN        -       A1->ZN R     NAND3_X1       1  3.3    15    23     618    (-,-) 
  g88015__5107/ZN        -       A1->ZN F     NAND3_X2      11 19.9    32    45     663    (-,-) 
  g88001__6161/ZN        -       A1->ZN R     NOR2_X2        4  7.3    26    44     707    (-,-) 
  g87983__5526/ZN        -       A1->ZN F     NAND2_X1       9 14.7    30    47     754    (-,-) 
  g87864__5107/ZN        -       B1->ZN R     OAI22_X1       1  1.4    29    46     800    (-,-) 
  add_out_reg[0]/D       -       -      R     DFFR_X1        1    -     -     0     800    (-,-) 
#------------------------------------------------------------------------------------------------

Capture clock path:
#------------------------------------------------------------------------------------------
#   Timing Point    Flags   Arc   Edge   Cell     Fanout Load Trans Delay Arrival Instance 
#                                                        (fF)  (ps)  (ps)   (ps)  Location 
#------------------------------------------------------------------------------------------
  clk               (i)     -     R     (arrival)    136  0.0     0     0    1031    (-,-) 
  add_out_reg[0]/CK <<<     -     R     DFFR_X1      136    -     1     0    1031    (-,-) 
#------------------------------------------------------------------------------------------



Path 101: MET (208 ps) Setup Check with Pin add_out_reg[30]/CK->SE
           View: view_1p2_25
          Group: clock1
     Startpoint: (R) st2_sum_mag_reg[10]/CK
          Clock: (R) clock1
       Endpoint: (R) add_out_reg[30]/SE
          Clock: (R) clock1

                     Capture       Launch     
        Clock Edge:+    1031            0     
       Src Latency:+       0            0     
       Net Latency:+       0 (I)        0 (I) 
           Arrival:=    1031            0     
                                              
             Setup:-      87                  
       Uncertainty:-       0                  
     Required Time:=     944                  
      Launch Clock:-       0                  
         Data Path:-     735                  
             Slack:=     208                  

Launch clock path:
#-----------------------------------------------------------------------------------------------
#     Timing Point       Flags   Arc   Edge   Cell     Fanout Load Trans Delay Arrival Instance 
#                                                             (fF)  (ps)  (ps)   (ps)  Location 
#-----------------------------------------------------------------------------------------------
  clk                    (i)     -     R     (arrival)    136  0.0     0     0       0    (-,-) 
  st2_sum_mag_reg[10]/CK <<<     -     R     DFFR_X2      136    -     1     0       0    (-,-) 
#-----------------------------------------------------------------------------------------------

#------------------------------------------------------------------------------------------------
#     Timing Point       Flags    Arc   Edge   Cell     Fanout Load Trans Delay Arrival Instance 
#                                                              (fF)  (ps)  (ps)   (ps)  Location 
#------------------------------------------------------------------------------------------------
  st2_sum_mag_reg[10]/CK -       -      R     (arrival)    136    -     1     0       0    (-,-) 
  st2_sum_mag_reg[10]/QN -       CK->QN R     DFFR_X2        7 11.8    21    89      89    (-,-) 
  g89174/ZN              -       A1->ZN R     AND2_X1        1  1.9     9    35     124    (-,-) 
  g89143/ZN              -       A1->ZN F     NAND3_X1       2  4.7    18    26     151    (-,-) 
  g89136/ZN              -       A1->ZN R     NOR2_X2        3  5.0    20    32     182    (-,-) 
  g89127/ZN              -       A1->ZN R     AND2_X2        7 17.4    24    51     234    (-,-) 
  g89103/ZN              -       B1->ZN F     AOI21_X4       7 14.0    13    22     256    (-,-) 
  g89098/ZN              -       A->ZN  R     INV_X2         5 11.6    16    25     281    (-,-) 
  g89083/ZN              -       B1->ZN F     OAI21_X1       3  5.2    16    24     305    (-,-) 
  g89057/ZN              -       A->ZN  R     AOI21_X1       2  3.7    31    52     358    (-,-) 
  g88909/ZN              -       A1->ZN F     NAND2_X1       6  9.4    22    37     395    (-,-) 
  g88366__5107/ZN        -       A1->ZN R     NAND2_X1       3  5.7    18    31     426    (-,-) 
  g88244__4733/ZN        -       A1->ZN F     NAND2_X1       2  2.8    10    18     444    (-,-) 
  g88202__7482/ZN        -       A1->ZN F     AND2_X1        3  5.4    10    36     479    (-,-) 
  g88191__2802/ZN        -       A->ZN  R     OAI21_X1       2  5.4    36    29     509    (-,-) 
  g88032__6131/CO        -       A->CO  R     HA_X1          2  3.9    13    44     553    (-,-) 
  g88024__2802/ZN        -       A1->ZN F     NOR2_X1        2  3.5     9    12     566    (-,-) 
  g88021/ZN              -       A->ZN  R     INV_X1         2  3.8    11    18     584    (-,-) 
  g88018__8428/ZN        -       A1->ZN F     NAND2_X1       2  2.9    11    16     600    (-,-) 
  g87999__7482/Z         -       A->Z   F     MUX2_X1        1  2.4    11    60     660    (-,-) 
  g89528/ZN              -       A->ZN  F     XNOR2_X1       1  1.8    10    38     698    (-,-) 
  g89527/ZN              -       B1->ZN R     OAI21_X1       2  3.6    28    37     735    (-,-) 
  add_out_reg[30]/SE     -       -      R     SDFFR_X1       2    -     -     0     735    (-,-) 
#------------------------------------------------------------------------------------------------

Capture clock path:
#-------------------------------------------------------------------------------------------
#   Timing Point     Flags   Arc   Edge   Cell     Fanout Load Trans Delay Arrival Instance 
#                                                         (fF)  (ps)  (ps)   (ps)  Location 
#-------------------------------------------------------------------------------------------
  clk                (i)     -     R     (arrival)    136  0.0     0     0    1031    (-,-) 
  add_out_reg[30]/CK <<<     -     R     SDFFR_X1     136    -     1     0    1031    (-,-) 
#-------------------------------------------------------------------------------------------



Path 102: MET (243 ps) Setup Check with Pin add_out_reg[30]/CK->SI
           View: view_1p2_25
          Group: clock1
     Startpoint: (R) st2_sum_mag_reg[10]/CK
          Clock: (R) clock1
       Endpoint: (F) add_out_reg[30]/SI
          Clock: (R) clock1

                     Capture       Launch     
        Clock Edge:+    1031            0     
       Src Latency:+       0            0     
       Net Latency:+       0 (I)        0 (I) 
           Arrival:=    1031            0     
                                              
             Setup:-      85                  
       Uncertainty:-       0                  
     Required Time:=     946                  
      Launch Clock:-       0                  
         Data Path:-     702                  
             Slack:=     243                  

Launch clock path:
#-----------------------------------------------------------------------------------------------
#     Timing Point       Flags   Arc   Edge   Cell     Fanout Load Trans Delay Arrival Instance 
#                                                             (fF)  (ps)  (ps)   (ps)  Location 
#-----------------------------------------------------------------------------------------------
  clk                    (i)     -     R     (arrival)    136  0.0     0     0       0    (-,-) 
  st2_sum_mag_reg[10]/CK <<<     -     R     DFFR_X2      136    -     1     0       0    (-,-) 
#-----------------------------------------------------------------------------------------------

#------------------------------------------------------------------------------------------------
#     Timing Point       Flags    Arc   Edge   Cell     Fanout Load Trans Delay Arrival Instance 
#                                                              (fF)  (ps)  (ps)   (ps)  Location 
#------------------------------------------------------------------------------------------------
  st2_sum_mag_reg[10]/CK -       -      R     (arrival)    136    -     1     0       0    (-,-) 
  st2_sum_mag_reg[10]/QN -       CK->QN R     DFFR_X2        7 11.8    21    89      89    (-,-) 
  g89174/ZN              -       A1->ZN R     AND2_X1        1  1.9     9    35     124    (-,-) 
  g89143/ZN              -       A1->ZN F     NAND3_X1       2  4.7    18    26     151    (-,-) 
  g89136/ZN              -       A1->ZN R     NOR2_X2        3  5.0    20    32     182    (-,-) 
  g89127/ZN              -       A1->ZN R     AND2_X2        7 17.4    24    51     234    (-,-) 
  g89103/ZN              -       B1->ZN F     AOI21_X4       7 14.0    13    22     256    (-,-) 
  g89098/ZN              -       A->ZN  R     INV_X2         5 11.6    16    25     281    (-,-) 
  g89083/ZN              -       B1->ZN F     OAI21_X1       3  5.2    16    24     305    (-,-) 
  g89057/ZN              -       A->ZN  R     AOI21_X1       2  3.7    31    52     358    (-,-) 
  g88909/ZN              -       A1->ZN F     NAND2_X1       6  9.4    22    37     395    (-,-) 
  g88366__5107/ZN        -       A1->ZN R     NAND2_X1       3  5.7    18    31     426    (-,-) 
  g88244__4733/ZN        -       A1->ZN F     NAND2_X1       2  2.8    10    18     444    (-,-) 
  g88202__7482/ZN        -       A1->ZN F     AND2_X1        3  5.4    10    36     479    (-,-) 
  g88191__2802/ZN        -       A->ZN  R     OAI21_X1       2  5.4    36    29     509    (-,-) 
  g88032__6131/S         -       A->S   R     HA_X1          2  3.7    31    62     571    (-,-) 
  g88022__3680/ZN        -       A1->ZN F     NAND3_X1       1  1.9    15    24     595    (-,-) 
  g88016__6260/ZN        -       A1->ZN R     NAND3_X1       1  3.3    15    23     618    (-,-) 
  g88015__5107/ZN        -       A1->ZN F     NAND3_X2      11 19.9    32    45     663    (-,-) 
  g88013/ZN              -       A->ZN  R     INV_X1         1  2.0    12    22     685    (-,-) 
  g87997__1881/ZN        -       A->ZN  F     OAI21_X1       1  1.1    10    18     702    (-,-) 
  add_out_reg[30]/SI     -       -      F     SDFFR_X1       1    -     -     0     702    (-,-) 
#------------------------------------------------------------------------------------------------

Capture clock path:
#-------------------------------------------------------------------------------------------
#   Timing Point     Flags   Arc   Edge   Cell     Fanout Load Trans Delay Arrival Instance 
#                                                         (fF)  (ps)  (ps)   (ps)  Location 
#-------------------------------------------------------------------------------------------
  clk                (i)     -     R     (arrival)    136  0.0     0     0    1031    (-,-) 
  add_out_reg[30]/CK <<<     -     R     SDFFR_X1     136    -     1     0    1031    (-,-) 
#-------------------------------------------------------------------------------------------



Path 103: MET (250 ps) Setup Check with Pin add_out_reg[30]/CK->D
           View: view_1p2_25
          Group: clock1
     Startpoint: (R) st2_sum_mag_reg[10]/CK
          Clock: (R) clock1
       Endpoint: (R) add_out_reg[30]/D
          Clock: (R) clock1

                     Capture       Launch     
        Clock Edge:+    1031            0     
       Src Latency:+       0            0     
       Net Latency:+       0 (I)        0 (I) 
           Arrival:=    1031            0     
                                              
             Setup:-      71                  
       Uncertainty:-       0                  
     Required Time:=     960                  
      Launch Clock:-       0                  
         Data Path:-     710                  
             Slack:=     250                  

Launch clock path:
#-----------------------------------------------------------------------------------------------
#     Timing Point       Flags   Arc   Edge   Cell     Fanout Load Trans Delay Arrival Instance 
#                                                             (fF)  (ps)  (ps)   (ps)  Location 
#-----------------------------------------------------------------------------------------------
  clk                    (i)     -     R     (arrival)    136  0.0     0     0       0    (-,-) 
  st2_sum_mag_reg[10]/CK <<<     -     R     DFFR_X2      136    -     1     0       0    (-,-) 
#-----------------------------------------------------------------------------------------------

#------------------------------------------------------------------------------------------------
#     Timing Point       Flags    Arc   Edge   Cell     Fanout Load Trans Delay Arrival Instance 
#                                                              (fF)  (ps)  (ps)   (ps)  Location 
#------------------------------------------------------------------------------------------------
  st2_sum_mag_reg[10]/CK -       -      R     (arrival)    136    -     1     0       0    (-,-) 
  st2_sum_mag_reg[10]/QN -       CK->QN R     DFFR_X2        7 11.8    21    89      89    (-,-) 
  g89174/ZN              -       A1->ZN R     AND2_X1        1  1.9     9    35     124    (-,-) 
  g89143/ZN              -       A1->ZN F     NAND3_X1       2  4.7    18    26     151    (-,-) 
  g89136/ZN              -       A1->ZN R     NOR2_X2        3  5.0    20    32     182    (-,-) 
  g89127/ZN              -       A1->ZN R     AND2_X2        7 17.4    24    51     234    (-,-) 
  g89103/ZN              -       B1->ZN F     AOI21_X4       7 14.0    13    22     256    (-,-) 
  g89098/ZN              -       A->ZN  R     INV_X2         5 11.6    16    25     281    (-,-) 
  g89083/ZN              -       B1->ZN F     OAI21_X1       3  5.2    16    24     305    (-,-) 
  g89057/ZN              -       A->ZN  R     AOI21_X1       2  3.7    31    52     358    (-,-) 
  g88909/ZN              -       A1->ZN F     NAND2_X1       6  9.4    22    37     395    (-,-) 
  g88366__5107/ZN        -       A1->ZN R     NAND2_X1       3  5.7    18    31     426    (-,-) 
  g88244__4733/ZN        -       A1->ZN F     NAND2_X1       2  2.8    10    18     444    (-,-) 
  g88202__7482/ZN        -       A1->ZN F     AND2_X1        3  5.4    10    36     479    (-,-) 
  g88191__2802/ZN        -       A->ZN  R     OAI21_X1       2  5.4    36    29     509    (-,-) 
  g88032__6131/S         -       A->S   R     HA_X1          2  3.7    31    62     571    (-,-) 
  g88022__3680/ZN        -       A1->ZN F     NAND3_X1       1  1.9    15    24     595    (-,-) 
  g88016__6260/ZN        -       A1->ZN R     NAND3_X1       1  3.3    15    23     618    (-,-) 
  g88015__5107/ZN        -       A1->ZN F     NAND3_X2      11 19.9    32    45     663    (-,-) 
  g87998__5115/ZN        -       A->ZN  R     AOI21_X1       1  1.5    22    48     710    (-,-) 
  add_out_reg[30]/D      -       -      R     SDFFR_X1       1    -     -     0     710    (-,-) 
#------------------------------------------------------------------------------------------------

Capture clock path:
#-------------------------------------------------------------------------------------------
#   Timing Point     Flags   Arc   Edge   Cell     Fanout Load Trans Delay Arrival Instance 
#                                                         (fF)  (ps)  (ps)   (ps)  Location 
#-------------------------------------------------------------------------------------------
  clk                (i)     -     R     (arrival)    136  0.0     0     0    1031    (-,-) 
  add_out_reg[30]/CK <<<     -     R     SDFFR_X1     136    -     1     0    1031    (-,-) 
#-------------------------------------------------------------------------------------------



Path 104: MET (257 ps) Setup Check with Pin add_out_reg[29]/CK->D
           View: view_1p2_25
          Group: clock1
     Startpoint: (R) st2_sum_mag_reg[10]/CK
          Clock: (R) clock1
       Endpoint: (R) add_out_reg[29]/D
          Clock: (R) clock1

                     Capture       Launch     
        Clock Edge:+    1031            0     
       Src Latency:+       0            0     
       Net Latency:+       0 (I)        0 (I) 
           Arrival:=    1031            0     
                                              
             Setup:-      38                  
       Uncertainty:-       0                  
     Required Time:=     993                  
      Launch Clock:-       0                  
         Data Path:-     735                  
             Slack:=     257                  

Launch clock path:
#-----------------------------------------------------------------------------------------------
#     Timing Point       Flags   Arc   Edge   Cell     Fanout Load Trans Delay Arrival Instance 
#                                                             (fF)  (ps)  (ps)   (ps)  Location 
#-----------------------------------------------------------------------------------------------
  clk                    (i)     -     R     (arrival)    136  0.0     0     0       0    (-,-) 
  st2_sum_mag_reg[10]/CK <<<     -     R     DFFR_X2      136    -     1     0       0    (-,-) 
#-----------------------------------------------------------------------------------------------

#------------------------------------------------------------------------------------------------
#     Timing Point       Flags    Arc   Edge   Cell     Fanout Load Trans Delay Arrival Instance 
#                                                              (fF)  (ps)  (ps)   (ps)  Location 
#------------------------------------------------------------------------------------------------
  st2_sum_mag_reg[10]/CK -       -      R     (arrival)    136    -     1     0       0    (-,-) 
  st2_sum_mag_reg[10]/QN -       CK->QN R     DFFR_X2        7 11.8    21    89      89    (-,-) 
  g89174/ZN              -       A1->ZN R     AND2_X1        1  1.9     9    35     124    (-,-) 
  g89143/ZN              -       A1->ZN F     NAND3_X1       2  4.7    18    26     151    (-,-) 
  g89136/ZN              -       A1->ZN R     NOR2_X2        3  5.0    20    32     182    (-,-) 
  g89127/ZN              -       A1->ZN R     AND2_X2        7 17.4    24    51     234    (-,-) 
  g89103/ZN              -       B1->ZN F     AOI21_X4       7 14.0    13    22     256    (-,-) 
  g89098/ZN              -       A->ZN  R     INV_X2         5 11.6    16    25     281    (-,-) 
  g89083/ZN              -       B1->ZN F     OAI21_X1       3  5.2    16    24     305    (-,-) 
  g89057/ZN              -       A->ZN  R     AOI21_X1       2  3.7    31    52     358    (-,-) 
  g88909/ZN              -       A1->ZN F     NAND2_X1       6  9.4    22    37     395    (-,-) 
  g88366__5107/ZN        -       A1->ZN R     NAND2_X1       3  5.7    18    31     426    (-,-) 
  g88244__4733/ZN        -       A1->ZN F     NAND2_X1       2  2.8    10    18     444    (-,-) 
  g88202__7482/ZN        -       A1->ZN F     AND2_X1        3  5.4    10    36     479    (-,-) 
  g88191__2802/ZN        -       A->ZN  R     OAI21_X1       2  5.4    36    29     509    (-,-) 
  g88032__6131/CO        -       A->CO  R     HA_X1          2  3.9    13    44     553    (-,-) 
  g88024__2802/ZN        -       A1->ZN F     NOR2_X1        2  3.5     9    12     566    (-,-) 
  g88021/ZN              -       A->ZN  R     INV_X1         2  3.8    11    18     584    (-,-) 
  g88018__8428/ZN        -       A1->ZN F     NAND2_X1       2  2.9    11    16     600    (-,-) 
  g87999__7482/Z         -       A->Z   F     MUX2_X1        1  2.4    11    60     660    (-,-) 
  g89528/ZN              -       A->ZN  F     XNOR2_X1       1  1.8    10    38     698    (-,-) 
  g89527/ZN              -       B1->ZN R     OAI21_X1       2  3.6    28    37     735    (-,-) 
  add_out_reg[29]/D      -       -      R     DFFR_X1        2    -     -     0     735    (-,-) 
#------------------------------------------------------------------------------------------------

Capture clock path:
#-------------------------------------------------------------------------------------------
#   Timing Point     Flags   Arc   Edge   Cell     Fanout Load Trans Delay Arrival Instance 
#                                                         (fF)  (ps)  (ps)   (ps)  Location 
#-------------------------------------------------------------------------------------------
  clk                (i)     -     R     (arrival)    136  0.0     0     0    1031    (-,-) 
  add_out_reg[29]/CK <<<     -     R     DFFR_X1      136    -     1     0    1031    (-,-) 
#-------------------------------------------------------------------------------------------



Path 105: MET (283 ps) Setup Check with Pin st1_hot_ones_reg[0]/CK->D
           View: view_1p2_25
          Group: clock1
     Startpoint: (F) add_c[26]
          Clock: (R) clock1
       Endpoint: (R) st1_hot_ones_reg[0]/D
          Clock: (R) clock1

                     Capture       Launch     
        Clock Edge:+    1031            0     
        Drv Adjust:+       0            0     
       Src Latency:+       0            0     
       Net Latency:+       0 (I)        0 (I) 
           Arrival:=    1031            0     
                                              
             Setup:-      32                  
       Uncertainty:-       0                  
     Required Time:=     998                  
      Launch Clock:-       0                  
       Input Delay:-       1                  
         Data Path:-     714                  
             Slack:=     283                  

Exceptions/Constraints:
  input_delay              1              sysarr_4_input_fp_ad_line_21_70_1   

#-----------------------------------------------------------------------------------------------
#     Timing Point      Flags    Arc   Edge   Cell     Fanout Load Trans Delay Arrival Instance 
#                                                             (fF)  (ps)  (ps)   (ps)  Location 
#-----------------------------------------------------------------------------------------------
  add_c[26]             -       -      F     (arrival)      6 10.2     0     0       1    (-,-) 
  g89493/ZN             -       A->ZN  R     INV_X1         6 11.1    28    31      32    (-,-) 
  g89415/ZN             -       A1->ZN F     NAND2_X1       1  5.9    17    28      60    (-,-) 
  g89131/ZN             -       A->ZN  R     OAI21_X4       1  6.3    18    24      84    (-,-) 
  g89120/ZN             -       A1->ZN F     NAND2_X4       2  9.0     9    17     101    (-,-) 
  g89095/ZN             -       B1->ZN R     OAI21_X4       1  6.7    18    27     128    (-,-) 
  g89068/ZN             -       B1->ZN F     AOI21_X4       1  5.9    15    16     144    (-,-) 
  g89056/ZN             -       B1->ZN R     OAI21_X4       1  6.7    18    29     173    (-,-) 
  g88907/ZN             -       B1->ZN F     AOI21_X4       6 12.8    11    21     194    (-,-) 
  g88893/ZN             -       A->ZN  R     INV_X1         3  8.8    22    31     225    (-,-) 
  g88892/ZN             -       A->ZN  F     INV_X2         8 16.7    12    22     247    (-,-) 
  g88890/ZN             -       A->ZN  R     INV_X4        17 31.3    20    30     276    (-,-) 
  g88770/Z              -       S->Z   F     MUX2_X1        3  7.8    16    74     350    (-,-) 
  g88562__6131/ZN       -       A->ZN  R     XNOR2_X2      17 39.5   102   122     472    (-,-) 
  g88536/ZN             -       A->ZN  F     INV_X2        13 31.1    37    49     522    (-,-) 
  g88387__9315/Z        -       A->Z   R     XOR2_X2       11 29.5    83   105     627    (-,-) 
  g167/ZN               -       A->ZN  F     INV_X2         6 13.9    24    27     653    (-,-) 
  g165/ZN               -       A1->ZN R     NAND2_X1       2  3.8    19    27     680    (-,-) 
  g162/ZN               -       A1->ZN F     NAND2_X1       2  4.4    12    22     702    (-,-) 
  g161/ZN               -       A->ZN  R     INV_X1         1  1.4     7    13     716    (-,-) 
  st1_hot_ones_reg[0]/D -       -      R     DFFR_X1        1    -     -     0     716    (-,-) 
#-----------------------------------------------------------------------------------------------

Capture clock path:
#-----------------------------------------------------------------------------------------------
#     Timing Point       Flags   Arc   Edge   Cell     Fanout Load Trans Delay Arrival Instance 
#                                                             (fF)  (ps)  (ps)   (ps)  Location 
#-----------------------------------------------------------------------------------------------
  clk                    (i)     -     R     (arrival)    136  0.0     0     0    1031    (-,-) 
  st1_hot_ones_reg[0]/CK <<<     -     R     DFFR_X1      136    -     1     0    1031    (-,-) 
#-----------------------------------------------------------------------------------------------



Path 106: MET (294 ps) Setup Check with Pin add_out_reg[28]/CK->D
           View: view_1p2_25
          Group: clock1
     Startpoint: (R) st2_sum_mag_reg[10]/CK
          Clock: (R) clock1
       Endpoint: (R) add_out_reg[28]/D
          Clock: (R) clock1

                     Capture       Launch     
        Clock Edge:+    1031            0     
       Src Latency:+       0            0     
       Net Latency:+       0 (I)        0 (I) 
           Arrival:=    1031            0     
                                              
             Setup:-      36                  
       Uncertainty:-       0                  
     Required Time:=     995                  
      Launch Clock:-       0                  
         Data Path:-     701                  
             Slack:=     294                  

Launch clock path:
#-----------------------------------------------------------------------------------------------
#     Timing Point       Flags   Arc   Edge   Cell     Fanout Load Trans Delay Arrival Instance 
#                                                             (fF)  (ps)  (ps)   (ps)  Location 
#-----------------------------------------------------------------------------------------------
  clk                    (i)     -     R     (arrival)    136  0.0     0     0       0    (-,-) 
  st2_sum_mag_reg[10]/CK <<<     -     R     DFFR_X2      136    -     1     0       0    (-,-) 
#-----------------------------------------------------------------------------------------------

#------------------------------------------------------------------------------------------------
#     Timing Point       Flags    Arc   Edge   Cell     Fanout Load Trans Delay Arrival Instance 
#                                                              (fF)  (ps)  (ps)   (ps)  Location 
#------------------------------------------------------------------------------------------------
  st2_sum_mag_reg[10]/CK -       -      R     (arrival)    136    -     1     0       0    (-,-) 
  st2_sum_mag_reg[10]/QN -       CK->QN R     DFFR_X2        7 11.8    21    89      89    (-,-) 
  g89174/ZN              -       A1->ZN R     AND2_X1        1  1.9     9    35     124    (-,-) 
  g89143/ZN              -       A1->ZN F     NAND3_X1       2  4.7    18    26     151    (-,-) 
  g89136/ZN              -       A1->ZN R     NOR2_X2        3  5.0    20    32     182    (-,-) 
  g89127/ZN              -       A1->ZN R     AND2_X2        7 17.4    24    51     234    (-,-) 
  g89103/ZN              -       B1->ZN F     AOI21_X4       7 14.0    13    22     256    (-,-) 
  g89098/ZN              -       A->ZN  R     INV_X2         5 11.6    16    25     281    (-,-) 
  g89083/ZN              -       B1->ZN F     OAI21_X1       3  5.2    16    24     305    (-,-) 
  g89057/ZN              -       A->ZN  R     AOI21_X1       2  3.7    31    52     358    (-,-) 
  g88909/ZN              -       A1->ZN F     NAND2_X1       6  9.4    22    37     395    (-,-) 
  g88366__5107/ZN        -       A1->ZN R     NAND2_X1       3  5.7    18    31     426    (-,-) 
  g88244__4733/ZN        -       A1->ZN F     NAND2_X1       2  2.8    10    18     444    (-,-) 
  g88202__7482/ZN        -       A1->ZN F     AND2_X1        3  5.4    10    36     479    (-,-) 
  g88191__2802/ZN        -       A->ZN  R     OAI21_X1       2  5.4    36    29     509    (-,-) 
  g88032__6131/S         -       A->S   R     HA_X1          2  3.7    31    62     571    (-,-) 
  g88022__3680/ZN        -       A1->ZN F     NAND3_X1       1  1.9    15    24     595    (-,-) 
  g88016__6260/ZN        -       A1->ZN R     NAND3_X1       1  3.3    15    23     618    (-,-) 
  g88015__5107/ZN        -       A1->ZN F     NAND3_X2      11 19.9    32    45     663    (-,-) 
  g87859__1666/ZN        -       B2->ZN R     OAI21_X1       1  1.4    19    38     701    (-,-) 
  add_out_reg[28]/D      -       -      R     DFFR_X1        1    -     -     0     701    (-,-) 
#------------------------------------------------------------------------------------------------

Capture clock path:
#-------------------------------------------------------------------------------------------
#   Timing Point     Flags   Arc   Edge   Cell     Fanout Load Trans Delay Arrival Instance 
#                                                         (fF)  (ps)  (ps)   (ps)  Location 
#-------------------------------------------------------------------------------------------
  clk                (i)     -     R     (arrival)    136  0.0     0     0    1031    (-,-) 
  add_out_reg[28]/CK <<<     -     R     DFFR_X1      136    -     1     0    1031    (-,-) 
#-------------------------------------------------------------------------------------------



Path 107: MET (297 ps) Setup Check with Pin add_out_reg[31]/CK->D
           View: view_1p2_25
          Group: clock1
     Startpoint: (R) st2_sum_mag_reg[10]/CK
          Clock: (R) clock1
       Endpoint: (R) add_out_reg[31]/D
          Clock: (R) clock1

                     Capture       Launch     
        Clock Edge:+    1031            0     
       Src Latency:+       0            0     
       Net Latency:+       0 (I)        0 (I) 
           Arrival:=    1031            0     
                                              
             Setup:-      36                  
       Uncertainty:-       0                  
     Required Time:=     995                  
      Launch Clock:-       0                  
         Data Path:-     698                  
             Slack:=     297                  

Launch clock path:
#-----------------------------------------------------------------------------------------------
#     Timing Point       Flags   Arc   Edge   Cell     Fanout Load Trans Delay Arrival Instance 
#                                                             (fF)  (ps)  (ps)   (ps)  Location 
#-----------------------------------------------------------------------------------------------
  clk                    (i)     -     R     (arrival)    136  0.0     0     0       0    (-,-) 
  st2_sum_mag_reg[10]/CK <<<     -     R     DFFR_X2      136    -     1     0       0    (-,-) 
#-----------------------------------------------------------------------------------------------

#------------------------------------------------------------------------------------------------
#     Timing Point       Flags    Arc   Edge   Cell     Fanout Load Trans Delay Arrival Instance 
#                                                              (fF)  (ps)  (ps)   (ps)  Location 
#------------------------------------------------------------------------------------------------
  st2_sum_mag_reg[10]/CK -       -      R     (arrival)    136    -     1     0       0    (-,-) 
  st2_sum_mag_reg[10]/QN -       CK->QN R     DFFR_X2        7 11.8    21    89      89    (-,-) 
  g89174/ZN              -       A1->ZN R     AND2_X1        1  1.9     9    35     124    (-,-) 
  g89143/ZN              -       A1->ZN F     NAND3_X1       2  4.7    18    26     151    (-,-) 
  g89136/ZN              -       A1->ZN R     NOR2_X2        3  5.0    20    32     182    (-,-) 
  g89127/ZN              -       A1->ZN R     AND2_X2        7 17.4    24    51     234    (-,-) 
  g89103/ZN              -       B1->ZN F     AOI21_X4       7 14.0    13    22     256    (-,-) 
  g89098/ZN              -       A->ZN  R     INV_X2         5 11.6    16    25     281    (-,-) 
  g89083/ZN              -       B1->ZN F     OAI21_X1       3  5.2    16    24     305    (-,-) 
  g89057/ZN              -       A->ZN  R     AOI21_X1       2  3.7    31    52     358    (-,-) 
  g88909/ZN              -       A1->ZN F     NAND2_X1       6  9.4    22    37     395    (-,-) 
  g88366__5107/ZN        -       A1->ZN R     NAND2_X1       3  5.7    18    31     426    (-,-) 
  g88244__4733/ZN        -       A1->ZN F     NAND2_X1       2  2.8    10    18     444    (-,-) 
  g88202__7482/ZN        -       A1->ZN F     AND2_X1        3  5.4    10    36     479    (-,-) 
  g88191__2802/ZN        -       A->ZN  R     OAI21_X1       2  5.4    36    29     509    (-,-) 
  g88032__6131/S         -       A->S   R     HA_X1          2  3.7    31    62     571    (-,-) 
  g88022__3680/ZN        -       A1->ZN F     NAND3_X1       1  1.9    15    24     595    (-,-) 
  g88016__6260/ZN        -       A1->ZN R     NAND3_X1       1  3.3    15    23     618    (-,-) 
  g88015__5107/ZN        -       A1->ZN F     NAND3_X2      11 19.9    32    45     663    (-,-) 
  g87977__5477/ZN        -       B1->ZN R     OAI21_X1       1  1.4    20    35     698    (-,-) 
  add_out_reg[31]/D      -       -      R     DFFR_X1        1    -     -     0     698    (-,-) 
#------------------------------------------------------------------------------------------------

Capture clock path:
#-------------------------------------------------------------------------------------------
#   Timing Point     Flags   Arc   Edge   Cell     Fanout Load Trans Delay Arrival Instance 
#                                                         (fF)  (ps)  (ps)   (ps)  Location 
#-------------------------------------------------------------------------------------------
  clk                (i)     -     R     (arrival)    136  0.0     0     0    1031    (-,-) 
  add_out_reg[31]/CK <<<     -     R     DFFR_X1      136    -     1     0    1031    (-,-) 
#-------------------------------------------------------------------------------------------



Path 108: MET (297 ps) Setup Check with Pin add_out_reg[27]/CK->D
           View: view_1p2_25
          Group: clock1
     Startpoint: (R) st2_sum_mag_reg[10]/CK
          Clock: (R) clock1
       Endpoint: (R) add_out_reg[27]/D
          Clock: (R) clock1

                     Capture       Launch     
        Clock Edge:+    1031            0     
       Src Latency:+       0            0     
       Net Latency:+       0 (I)        0 (I) 
           Arrival:=    1031            0     
                                              
             Setup:-      36                  
       Uncertainty:-       0                  
     Required Time:=     995                  
      Launch Clock:-       0                  
         Data Path:-     698                  
             Slack:=     297                  

Launch clock path:
#-----------------------------------------------------------------------------------------------
#     Timing Point       Flags   Arc   Edge   Cell     Fanout Load Trans Delay Arrival Instance 
#                                                             (fF)  (ps)  (ps)   (ps)  Location 
#-----------------------------------------------------------------------------------------------
  clk                    (i)     -     R     (arrival)    136  0.0     0     0       0    (-,-) 
  st2_sum_mag_reg[10]/CK <<<     -     R     DFFR_X2      136    -     1     0       0    (-,-) 
#-----------------------------------------------------------------------------------------------

#------------------------------------------------------------------------------------------------
#     Timing Point       Flags    Arc   Edge   Cell     Fanout Load Trans Delay Arrival Instance 
#                                                              (fF)  (ps)  (ps)   (ps)  Location 
#------------------------------------------------------------------------------------------------
  st2_sum_mag_reg[10]/CK -       -      R     (arrival)    136    -     1     0       0    (-,-) 
  st2_sum_mag_reg[10]/QN -       CK->QN R     DFFR_X2        7 11.8    21    89      89    (-,-) 
  g89174/ZN              -       A1->ZN R     AND2_X1        1  1.9     9    35     124    (-,-) 
  g89143/ZN              -       A1->ZN F     NAND3_X1       2  4.7    18    26     151    (-,-) 
  g89136/ZN              -       A1->ZN R     NOR2_X2        3  5.0    20    32     182    (-,-) 
  g89127/ZN              -       A1->ZN R     AND2_X2        7 17.4    24    51     234    (-,-) 
  g89103/ZN              -       B1->ZN F     AOI21_X4       7 14.0    13    22     256    (-,-) 
  g89098/ZN              -       A->ZN  R     INV_X2         5 11.6    16    25     281    (-,-) 
  g89083/ZN              -       B1->ZN F     OAI21_X1       3  5.2    16    24     305    (-,-) 
  g89057/ZN              -       A->ZN  R     AOI21_X1       2  3.7    31    52     358    (-,-) 
  g88909/ZN              -       A1->ZN F     NAND2_X1       6  9.4    22    37     395    (-,-) 
  g88366__5107/ZN        -       A1->ZN R     NAND2_X1       3  5.7    18    31     426    (-,-) 
  g88244__4733/ZN        -       A1->ZN F     NAND2_X1       2  2.8    10    18     444    (-,-) 
  g88202__7482/ZN        -       A1->ZN F     AND2_X1        3  5.4    10    36     479    (-,-) 
  g88191__2802/ZN        -       A->ZN  R     OAI21_X1       2  5.4    36    29     509    (-,-) 
  g88032__6131/S         -       A->S   R     HA_X1          2  3.7    31    62     571    (-,-) 
  g88022__3680/ZN        -       A1->ZN F     NAND3_X1       1  1.9    15    24     595    (-,-) 
  g88016__6260/ZN        -       A1->ZN R     NAND3_X1       1  3.3    15    23     618    (-,-) 
  g88015__5107/ZN        -       A1->ZN F     NAND3_X2      11 19.9    32    45     663    (-,-) 
  g87989__1617/ZN        -       B1->ZN R     OAI21_X1       1  1.4    20    35     698    (-,-) 
  add_out_reg[27]/D      -       -      R     DFFR_X1        1    -     -     0     698    (-,-) 
#------------------------------------------------------------------------------------------------

Capture clock path:
#-------------------------------------------------------------------------------------------
#   Timing Point     Flags   Arc   Edge   Cell     Fanout Load Trans Delay Arrival Instance 
#                                                         (fF)  (ps)  (ps)   (ps)  Location 
#-------------------------------------------------------------------------------------------
  clk                (i)     -     R     (arrival)    136  0.0     0     0    1031    (-,-) 
  add_out_reg[27]/CK <<<     -     R     DFFR_X1      136    -     1     0    1031    (-,-) 
#-------------------------------------------------------------------------------------------



Path 109: MET (297 ps) Setup Check with Pin add_out_reg[26]/CK->D
           View: view_1p2_25
          Group: clock1
     Startpoint: (R) st2_sum_mag_reg[10]/CK
          Clock: (R) clock1
       Endpoint: (R) add_out_reg[26]/D
          Clock: (R) clock1

                     Capture       Launch     
        Clock Edge:+    1031            0     
       Src Latency:+       0            0     
       Net Latency:+       0 (I)        0 (I) 
           Arrival:=    1031            0     
                                              
             Setup:-      36                  
       Uncertainty:-       0                  
     Required Time:=     995                  
      Launch Clock:-       0                  
         Data Path:-     698                  
             Slack:=     297                  

Launch clock path:
#-----------------------------------------------------------------------------------------------
#     Timing Point       Flags   Arc   Edge   Cell     Fanout Load Trans Delay Arrival Instance 
#                                                             (fF)  (ps)  (ps)   (ps)  Location 
#-----------------------------------------------------------------------------------------------
  clk                    (i)     -     R     (arrival)    136  0.0     0     0       0    (-,-) 
  st2_sum_mag_reg[10]/CK <<<     -     R     DFFR_X2      136    -     1     0       0    (-,-) 
#-----------------------------------------------------------------------------------------------

#------------------------------------------------------------------------------------------------
#     Timing Point       Flags    Arc   Edge   Cell     Fanout Load Trans Delay Arrival Instance 
#                                                              (fF)  (ps)  (ps)   (ps)  Location 
#------------------------------------------------------------------------------------------------
  st2_sum_mag_reg[10]/CK -       -      R     (arrival)    136    -     1     0       0    (-,-) 
  st2_sum_mag_reg[10]/QN -       CK->QN R     DFFR_X2        7 11.8    21    89      89    (-,-) 
  g89174/ZN              -       A1->ZN R     AND2_X1        1  1.9     9    35     124    (-,-) 
  g89143/ZN              -       A1->ZN F     NAND3_X1       2  4.7    18    26     151    (-,-) 
  g89136/ZN              -       A1->ZN R     NOR2_X2        3  5.0    20    32     182    (-,-) 
  g89127/ZN              -       A1->ZN R     AND2_X2        7 17.4    24    51     234    (-,-) 
  g89103/ZN              -       B1->ZN F     AOI21_X4       7 14.0    13    22     256    (-,-) 
  g89098/ZN              -       A->ZN  R     INV_X2         5 11.6    16    25     281    (-,-) 
  g89083/ZN              -       B1->ZN F     OAI21_X1       3  5.2    16    24     305    (-,-) 
  g89057/ZN              -       A->ZN  R     AOI21_X1       2  3.7    31    52     358    (-,-) 
  g88909/ZN              -       A1->ZN F     NAND2_X1       6  9.4    22    37     395    (-,-) 
  g88366__5107/ZN        -       A1->ZN R     NAND2_X1       3  5.7    18    31     426    (-,-) 
  g88244__4733/ZN        -       A1->ZN F     NAND2_X1       2  2.8    10    18     444    (-,-) 
  g88202__7482/ZN        -       A1->ZN F     AND2_X1        3  5.4    10    36     479    (-,-) 
  g88191__2802/ZN        -       A->ZN  R     OAI21_X1       2  5.4    36    29     509    (-,-) 
  g88032__6131/S         -       A->S   R     HA_X1          2  3.7    31    62     571    (-,-) 
  g88022__3680/ZN        -       A1->ZN F     NAND3_X1       1  1.9    15    24     595    (-,-) 
  g88016__6260/ZN        -       A1->ZN R     NAND3_X1       1  3.3    15    23     618    (-,-) 
  g88015__5107/ZN        -       A1->ZN F     NAND3_X2      11 19.9    32    45     663    (-,-) 
  g87987__6783/ZN        -       B1->ZN R     OAI21_X1       1  1.4    20    35     698    (-,-) 
  add_out_reg[26]/D      -       -      R     DFFR_X1        1    -     -     0     698    (-,-) 
#------------------------------------------------------------------------------------------------

Capture clock path:
#-------------------------------------------------------------------------------------------
#   Timing Point     Flags   Arc   Edge   Cell     Fanout Load Trans Delay Arrival Instance 
#                                                         (fF)  (ps)  (ps)   (ps)  Location 
#-------------------------------------------------------------------------------------------
  clk                (i)     -     R     (arrival)    136  0.0     0     0    1031    (-,-) 
  add_out_reg[26]/CK <<<     -     R     DFFR_X1      136    -     1     0    1031    (-,-) 
#-------------------------------------------------------------------------------------------



Path 110: MET (297 ps) Setup Check with Pin add_out_reg[25]/CK->D
           View: view_1p2_25
          Group: clock1
     Startpoint: (R) st2_sum_mag_reg[10]/CK
          Clock: (R) clock1
       Endpoint: (R) add_out_reg[25]/D
          Clock: (R) clock1

                     Capture       Launch     
        Clock Edge:+    1031            0     
       Src Latency:+       0            0     
       Net Latency:+       0 (I)        0 (I) 
           Arrival:=    1031            0     
                                              
             Setup:-      36                  
       Uncertainty:-       0                  
     Required Time:=     995                  
      Launch Clock:-       0                  
         Data Path:-     698                  
             Slack:=     297                  

Launch clock path:
#-----------------------------------------------------------------------------------------------
#     Timing Point       Flags   Arc   Edge   Cell     Fanout Load Trans Delay Arrival Instance 
#                                                             (fF)  (ps)  (ps)   (ps)  Location 
#-----------------------------------------------------------------------------------------------
  clk                    (i)     -     R     (arrival)    136  0.0     0     0       0    (-,-) 
  st2_sum_mag_reg[10]/CK <<<     -     R     DFFR_X2      136    -     1     0       0    (-,-) 
#-----------------------------------------------------------------------------------------------

#------------------------------------------------------------------------------------------------
#     Timing Point       Flags    Arc   Edge   Cell     Fanout Load Trans Delay Arrival Instance 
#                                                              (fF)  (ps)  (ps)   (ps)  Location 
#------------------------------------------------------------------------------------------------
  st2_sum_mag_reg[10]/CK -       -      R     (arrival)    136    -     1     0       0    (-,-) 
  st2_sum_mag_reg[10]/QN -       CK->QN R     DFFR_X2        7 11.8    21    89      89    (-,-) 
  g89174/ZN              -       A1->ZN R     AND2_X1        1  1.9     9    35     124    (-,-) 
  g89143/ZN              -       A1->ZN F     NAND3_X1       2  4.7    18    26     151    (-,-) 
  g89136/ZN              -       A1->ZN R     NOR2_X2        3  5.0    20    32     182    (-,-) 
  g89127/ZN              -       A1->ZN R     AND2_X2        7 17.4    24    51     234    (-,-) 
  g89103/ZN              -       B1->ZN F     AOI21_X4       7 14.0    13    22     256    (-,-) 
  g89098/ZN              -       A->ZN  R     INV_X2         5 11.6    16    25     281    (-,-) 
  g89083/ZN              -       B1->ZN F     OAI21_X1       3  5.2    16    24     305    (-,-) 
  g89057/ZN              -       A->ZN  R     AOI21_X1       2  3.7    31    52     358    (-,-) 
  g88909/ZN              -       A1->ZN F     NAND2_X1       6  9.4    22    37     395    (-,-) 
  g88366__5107/ZN        -       A1->ZN R     NAND2_X1       3  5.7    18    31     426    (-,-) 
  g88244__4733/ZN        -       A1->ZN F     NAND2_X1       2  2.8    10    18     444    (-,-) 
  g88202__7482/ZN        -       A1->ZN F     AND2_X1        3  5.4    10    36     479    (-,-) 
  g88191__2802/ZN        -       A->ZN  R     OAI21_X1       2  5.4    36    29     509    (-,-) 
  g88032__6131/S         -       A->S   R     HA_X1          2  3.7    31    62     571    (-,-) 
  g88022__3680/ZN        -       A1->ZN F     NAND3_X1       1  1.9    15    24     595    (-,-) 
  g88016__6260/ZN        -       A1->ZN R     NAND3_X1       1  3.3    15    23     618    (-,-) 
  g88015__5107/ZN        -       A1->ZN F     NAND3_X2      11 19.9    32    45     663    (-,-) 
  g87975__7410/ZN        -       B1->ZN R     OAI21_X1       1  1.4    20    35     698    (-,-) 
  add_out_reg[25]/D      -       -      R     DFFR_X1        1    -     -     0     698    (-,-) 
#------------------------------------------------------------------------------------------------

Capture clock path:
#-------------------------------------------------------------------------------------------
#   Timing Point     Flags   Arc   Edge   Cell     Fanout Load Trans Delay Arrival Instance 
#                                                         (fF)  (ps)  (ps)   (ps)  Location 
#-------------------------------------------------------------------------------------------
  clk                (i)     -     R     (arrival)    136  0.0     0     0    1031    (-,-) 
  add_out_reg[25]/CK <<<     -     R     DFFR_X1      136    -     1     0    1031    (-,-) 
#-------------------------------------------------------------------------------------------



Path 111: MET (297 ps) Setup Check with Pin add_out_reg[24]/CK->D
           View: view_1p2_25
          Group: clock1
     Startpoint: (R) st2_sum_mag_reg[10]/CK
          Clock: (R) clock1
       Endpoint: (R) add_out_reg[24]/D
          Clock: (R) clock1

                     Capture       Launch     
        Clock Edge:+    1031            0     
       Src Latency:+       0            0     
       Net Latency:+       0 (I)        0 (I) 
           Arrival:=    1031            0     
                                              
             Setup:-      36                  
       Uncertainty:-       0                  
     Required Time:=     995                  
      Launch Clock:-       0                  
         Data Path:-     698                  
             Slack:=     297                  

Launch clock path:
#-----------------------------------------------------------------------------------------------
#     Timing Point       Flags   Arc   Edge   Cell     Fanout Load Trans Delay Arrival Instance 
#                                                             (fF)  (ps)  (ps)   (ps)  Location 
#-----------------------------------------------------------------------------------------------
  clk                    (i)     -     R     (arrival)    136  0.0     0     0       0    (-,-) 
  st2_sum_mag_reg[10]/CK <<<     -     R     DFFR_X2      136    -     1     0       0    (-,-) 
#-----------------------------------------------------------------------------------------------

#------------------------------------------------------------------------------------------------
#     Timing Point       Flags    Arc   Edge   Cell     Fanout Load Trans Delay Arrival Instance 
#                                                              (fF)  (ps)  (ps)   (ps)  Location 
#------------------------------------------------------------------------------------------------
  st2_sum_mag_reg[10]/CK -       -      R     (arrival)    136    -     1     0       0    (-,-) 
  st2_sum_mag_reg[10]/QN -       CK->QN R     DFFR_X2        7 11.8    21    89      89    (-,-) 
  g89174/ZN              -       A1->ZN R     AND2_X1        1  1.9     9    35     124    (-,-) 
  g89143/ZN              -       A1->ZN F     NAND3_X1       2  4.7    18    26     151    (-,-) 
  g89136/ZN              -       A1->ZN R     NOR2_X2        3  5.0    20    32     182    (-,-) 
  g89127/ZN              -       A1->ZN R     AND2_X2        7 17.4    24    51     234    (-,-) 
  g89103/ZN              -       B1->ZN F     AOI21_X4       7 14.0    13    22     256    (-,-) 
  g89098/ZN              -       A->ZN  R     INV_X2         5 11.6    16    25     281    (-,-) 
  g89083/ZN              -       B1->ZN F     OAI21_X1       3  5.2    16    24     305    (-,-) 
  g89057/ZN              -       A->ZN  R     AOI21_X1       2  3.7    31    52     358    (-,-) 
  g88909/ZN              -       A1->ZN F     NAND2_X1       6  9.4    22    37     395    (-,-) 
  g88366__5107/ZN        -       A1->ZN R     NAND2_X1       3  5.7    18    31     426    (-,-) 
  g88244__4733/ZN        -       A1->ZN F     NAND2_X1       2  2.8    10    18     444    (-,-) 
  g88202__7482/ZN        -       A1->ZN F     AND2_X1        3  5.4    10    36     479    (-,-) 
  g88191__2802/ZN        -       A->ZN  R     OAI21_X1       2  5.4    36    29     509    (-,-) 
  g88032__6131/S         -       A->S   R     HA_X1          2  3.7    31    62     571    (-,-) 
  g88022__3680/ZN        -       A1->ZN F     NAND3_X1       1  1.9    15    24     595    (-,-) 
  g88016__6260/ZN        -       A1->ZN R     NAND3_X1       1  3.3    15    23     618    (-,-) 
  g88015__5107/ZN        -       A1->ZN F     NAND3_X2      11 19.9    32    45     663    (-,-) 
  g87976__6417/ZN        -       B1->ZN R     OAI21_X1       1  1.4    20    35     698    (-,-) 
  add_out_reg[24]/D      -       -      R     DFFR_X1        1    -     -     0     698    (-,-) 
#------------------------------------------------------------------------------------------------

Capture clock path:
#-------------------------------------------------------------------------------------------
#   Timing Point     Flags   Arc   Edge   Cell     Fanout Load Trans Delay Arrival Instance 
#                                                         (fF)  (ps)  (ps)   (ps)  Location 
#-------------------------------------------------------------------------------------------
  clk                (i)     -     R     (arrival)    136  0.0     0     0    1031    (-,-) 
  add_out_reg[24]/CK <<<     -     R     DFFR_X1      136    -     1     0    1031    (-,-) 
#-------------------------------------------------------------------------------------------



Path 112: MET (297 ps) Setup Check with Pin add_out_reg[23]/CK->D
           View: view_1p2_25
          Group: clock1
     Startpoint: (R) st2_sum_mag_reg[10]/CK
          Clock: (R) clock1
       Endpoint: (R) add_out_reg[23]/D
          Clock: (R) clock1

                     Capture       Launch     
        Clock Edge:+    1031            0     
       Src Latency:+       0            0     
       Net Latency:+       0 (I)        0 (I) 
           Arrival:=    1031            0     
                                              
             Setup:-      36                  
       Uncertainty:-       0                  
     Required Time:=     995                  
      Launch Clock:-       0                  
         Data Path:-     698                  
             Slack:=     297                  

Launch clock path:
#-----------------------------------------------------------------------------------------------
#     Timing Point       Flags   Arc   Edge   Cell     Fanout Load Trans Delay Arrival Instance 
#                                                             (fF)  (ps)  (ps)   (ps)  Location 
#-----------------------------------------------------------------------------------------------
  clk                    (i)     -     R     (arrival)    136  0.0     0     0       0    (-,-) 
  st2_sum_mag_reg[10]/CK <<<     -     R     DFFR_X2      136    -     1     0       0    (-,-) 
#-----------------------------------------------------------------------------------------------

#------------------------------------------------------------------------------------------------
#     Timing Point       Flags    Arc   Edge   Cell     Fanout Load Trans Delay Arrival Instance 
#                                                              (fF)  (ps)  (ps)   (ps)  Location 
#------------------------------------------------------------------------------------------------
  st2_sum_mag_reg[10]/CK -       -      R     (arrival)    136    -     1     0       0    (-,-) 
  st2_sum_mag_reg[10]/QN -       CK->QN R     DFFR_X2        7 11.8    21    89      89    (-,-) 
  g89174/ZN              -       A1->ZN R     AND2_X1        1  1.9     9    35     124    (-,-) 
  g89143/ZN              -       A1->ZN F     NAND3_X1       2  4.7    18    26     151    (-,-) 
  g89136/ZN              -       A1->ZN R     NOR2_X2        3  5.0    20    32     182    (-,-) 
  g89127/ZN              -       A1->ZN R     AND2_X2        7 17.4    24    51     234    (-,-) 
  g89103/ZN              -       B1->ZN F     AOI21_X4       7 14.0    13    22     256    (-,-) 
  g89098/ZN              -       A->ZN  R     INV_X2         5 11.6    16    25     281    (-,-) 
  g89083/ZN              -       B1->ZN F     OAI21_X1       3  5.2    16    24     305    (-,-) 
  g89057/ZN              -       A->ZN  R     AOI21_X1       2  3.7    31    52     358    (-,-) 
  g88909/ZN              -       A1->ZN F     NAND2_X1       6  9.4    22    37     395    (-,-) 
  g88366__5107/ZN        -       A1->ZN R     NAND2_X1       3  5.7    18    31     426    (-,-) 
  g88244__4733/ZN        -       A1->ZN F     NAND2_X1       2  2.8    10    18     444    (-,-) 
  g88202__7482/ZN        -       A1->ZN F     AND2_X1        3  5.4    10    36     479    (-,-) 
  g88191__2802/ZN        -       A->ZN  R     OAI21_X1       2  5.4    36    29     509    (-,-) 
  g88032__6131/S         -       A->S   R     HA_X1          2  3.7    31    62     571    (-,-) 
  g88022__3680/ZN        -       A1->ZN F     NAND3_X1       1  1.9    15    24     595    (-,-) 
  g88016__6260/ZN        -       A1->ZN R     NAND3_X1       1  3.3    15    23     618    (-,-) 
  g88015__5107/ZN        -       A1->ZN F     NAND3_X2      11 19.9    32    45     663    (-,-) 
  g87978__2398/ZN        -       B1->ZN R     OAI21_X1       1  1.4    20    35     698    (-,-) 
  add_out_reg[23]/D      -       -      R     DFFR_X1        1    -     -     0     698    (-,-) 
#------------------------------------------------------------------------------------------------

Capture clock path:
#-------------------------------------------------------------------------------------------
#   Timing Point     Flags   Arc   Edge   Cell     Fanout Load Trans Delay Arrival Instance 
#                                                         (fF)  (ps)  (ps)   (ps)  Location 
#-------------------------------------------------------------------------------------------
  clk                (i)     -     R     (arrival)    136  0.0     0     0    1031    (-,-) 
  add_out_reg[23]/CK <<<     -     R     DFFR_X1      136    -     1     0    1031    (-,-) 
#-------------------------------------------------------------------------------------------



Path 113: MET (344 ps) Setup Check with Pin st1_hot_ones_reg[1]/CK->D
           View: view_1p2_25
          Group: clock1
     Startpoint: (R) add_a[25]
          Clock: (R) clock1
       Endpoint: (F) st1_hot_ones_reg[1]/D
          Clock: (R) clock1

                     Capture       Launch     
        Clock Edge:+    1031            0     
        Drv Adjust:+       0            0     
       Src Latency:+       0            0     
       Net Latency:+       0 (I)        0 (I) 
           Arrival:=    1031            0     
                                              
             Setup:-      40                  
       Uncertainty:-       0                  
     Required Time:=     991                  
      Launch Clock:-       0                  
       Input Delay:-       1                  
         Data Path:-     646                  
             Slack:=     344                  

Exceptions/Constraints:
  input_delay              1              sysarr_4_input_fp_ad_line_21_7_1   

#-----------------------------------------------------------------------------------------------
#     Timing Point      Flags    Arc   Edge   Cell     Fanout Load Trans Delay Arrival Instance 
#                                                             (fF)  (ps)  (ps)   (ps)  Location 
#-----------------------------------------------------------------------------------------------
  add_a[25]             -       -      R     (arrival)      7 14.6     0     0       1    (-,-) 
  g89480/ZN             -       A->ZN  F     INV_X2         4  8.0     5     8       9    (-,-) 
  g89388/ZN             -       B1->ZN R     AOI22_X2       1  1.9    21    36      44    (-,-) 
  g89187/ZN             -       B1->ZN F     AOI21_X1       1  1.8    10    17      62    (-,-) 
  g89148/ZN             -       B1->ZN R     OAI21_X1       1  1.9    19    28      90    (-,-) 
  g89138/ZN             -       A1->ZN F     NAND2_X1       1  3.0    10    19     108    (-,-) 
  g89119/ZN             -       B1->ZN R     AOI21_X2       2  6.9    30    36     144    (-,-) 
  g89092/ZN             -       B1->ZN F     AOI21_X2       1  5.9    13    22     167    (-,-) 
  g89059/ZN             -       B1->ZN R     OAI21_X4       2 10.2    22    33     200    (-,-) 
  g89049/ZN             -       A2->ZN R     AND2_X4        9 28.8    20    48     248    (-,-) 
  g88800/ZN             -       A1->ZN R     AND2_X4       17 29.6    21    48     296    (-,-) 
  g88784/ZN             -       A->ZN  F     INV_X1         4  6.6    11    18     314    (-,-) 
  g88624__8428/ZN       -       B1->ZN R     AOI22_X1       1  2.0    26    43     357    (-,-) 
  g88547__5477/ZN       -       A1->ZN F     NOR2_X1        1  1.8     9    11     368    (-,-) 
  g88376__2802/ZN       -       A->ZN  R     AOI221_X1      1  2.0    44    73     441    (-,-) 
  g88369__8428/ZN       -       A1->ZN R     OR2_X2        26 67.1    80   107     548    (-,-) 
  g88349/ZN             -       A->ZN  F     INV_X1         2  5.1    21    21     569    (-,-) 
  g88218__7410/CO       -       A->CO  F     HA_X1          2  2.4     7    35     604    (-,-) 
  g88198__7098/ZN       -       A1->ZN F     OR2_X1         1  1.4     9    43     647    (-,-) 
  st1_hot_ones_reg[1]/D -       -      F     DFFR_X1        1    -     -     0     647    (-,-) 
#-----------------------------------------------------------------------------------------------

Capture clock path:
#-----------------------------------------------------------------------------------------------
#     Timing Point       Flags   Arc   Edge   Cell     Fanout Load Trans Delay Arrival Instance 
#                                                             (fF)  (ps)  (ps)   (ps)  Location 
#-----------------------------------------------------------------------------------------------
  clk                    (i)     -     R     (arrival)    136  0.0     0     0    1031    (-,-) 
  st1_hot_ones_reg[1]/CK <<<     -     R     DFFR_X1      136    -     1     0    1031    (-,-) 
#-----------------------------------------------------------------------------------------------



Path 114: MET (366 ps) Setup Check with Pin st1_sum_vec_reg[25]/CK->D
           View: view_1p2_25
          Group: clock1
     Startpoint: (R) add_a[25]
          Clock: (R) clock1
       Endpoint: (F) st1_sum_vec_reg[25]/D
          Clock: (R) clock1

                     Capture       Launch     
        Clock Edge:+    1031            0     
        Drv Adjust:+       0            0     
       Src Latency:+       0            0     
       Net Latency:+       0 (I)        0 (I) 
           Arrival:=    1031            0     
                                              
             Setup:-      41                  
       Uncertainty:-       0                  
     Required Time:=     990                  
      Launch Clock:-       0                  
       Input Delay:-       1                  
         Data Path:-     622                  
             Slack:=     366                  

Exceptions/Constraints:
  input_delay              1              sysarr_4_input_fp_ad_line_21_7_1   

#-----------------------------------------------------------------------------------------------
#     Timing Point      Flags    Arc   Edge   Cell     Fanout Load Trans Delay Arrival Instance 
#                                                             (fF)  (ps)  (ps)   (ps)  Location 
#-----------------------------------------------------------------------------------------------
  add_a[25]             -       -      R     (arrival)      7 14.6     0     0       1    (-,-) 
  g89480/ZN             -       A->ZN  F     INV_X2         4  8.0     5     8       9    (-,-) 
  g89388/ZN             -       B1->ZN R     AOI22_X2       1  1.9    21    36      44    (-,-) 
  g89187/ZN             -       B1->ZN F     AOI21_X1       1  1.8    10    17      62    (-,-) 
  g89148/ZN             -       B1->ZN R     OAI21_X1       1  1.9    19    28      90    (-,-) 
  g89138/ZN             -       A1->ZN F     NAND2_X1       1  3.0    10    19     108    (-,-) 
  g89119/ZN             -       B1->ZN R     AOI21_X2       2  6.9    30    36     144    (-,-) 
  g89092/ZN             -       B1->ZN F     AOI21_X2       1  5.9    13    22     167    (-,-) 
  g89059/ZN             -       B1->ZN R     OAI21_X4       2 10.2    22    33     200    (-,-) 
  g89049/ZN             -       A2->ZN R     AND2_X4        9 28.8    20    48     248    (-,-) 
  g88800/ZN             -       A1->ZN R     AND2_X4       17 29.6    21    48     296    (-,-) 
  g88784/ZN             -       A->ZN  F     INV_X1         4  6.6    11    18     314    (-,-) 
  g88624__8428/ZN       -       B1->ZN R     AOI22_X1       1  2.0    26    43     357    (-,-) 
  g88547__5477/ZN       -       A1->ZN F     NOR2_X1        1  1.8     9    11     368    (-,-) 
  g88376__2802/ZN       -       A->ZN  R     AOI221_X1      1  2.0    44    73     441    (-,-) 
  g88369__8428/ZN       -       A1->ZN R     OR2_X2        26 67.1    80   107     548    (-,-) 
  g88349/ZN             -       A->ZN  F     INV_X1         2  5.1    21    21     569    (-,-) 
  g88218__7410/S        -       A->S   F     HA_X1          1  1.4    11    55     624    (-,-) 
  st1_sum_vec_reg[25]/D -       -      F     DFFR_X1        1    -     -     0     624    (-,-) 
#-----------------------------------------------------------------------------------------------

Capture clock path:
#-----------------------------------------------------------------------------------------------
#     Timing Point       Flags   Arc   Edge   Cell     Fanout Load Trans Delay Arrival Instance 
#                                                             (fF)  (ps)  (ps)   (ps)  Location 
#-----------------------------------------------------------------------------------------------
  clk                    (i)     -     R     (arrival)    136  0.0     0     0    1031    (-,-) 
  st1_sum_vec_reg[25]/CK <<<     -     R     DFFR_X1      136    -     1     0    1031    (-,-) 
#-----------------------------------------------------------------------------------------------



Path 115: MET (387 ps) Setup Check with Pin st1_carry_vec_reg[25]/CK->D
           View: view_1p2_25
          Group: clock1
     Startpoint: (R) add_a[25]
          Clock: (R) clock1
       Endpoint: (F) st1_carry_vec_reg[25]/D
          Clock: (R) clock1

                     Capture       Launch     
        Clock Edge:+    1031            0     
        Drv Adjust:+       0            0     
       Src Latency:+       0            0     
       Net Latency:+       0 (I)        0 (I) 
           Arrival:=    1031            0     
                                              
             Setup:-      40                  
       Uncertainty:-       0                  
     Required Time:=     991                  
      Launch Clock:-       0                  
       Input Delay:-       1                  
         Data Path:-     603                  
             Slack:=     387                  

Exceptions/Constraints:
  input_delay              1              sysarr_4_input_fp_ad_line_21_7_1   

#-------------------------------------------------------------------------------------------------
#      Timing Point       Flags    Arc   Edge   Cell     Fanout Load Trans Delay Arrival Instance 
#                                                               (fF)  (ps)  (ps)   (ps)  Location 
#-------------------------------------------------------------------------------------------------
  add_a[25]               -       -      R     (arrival)      7 14.6     0     0       1    (-,-) 
  g89480/ZN               -       A->ZN  F     INV_X2         4  8.0     5     8       9    (-,-) 
  g89388/ZN               -       B1->ZN R     AOI22_X2       1  1.9    21    36      44    (-,-) 
  g89187/ZN               -       B1->ZN F     AOI21_X1       1  1.8    10    17      62    (-,-) 
  g89148/ZN               -       B1->ZN R     OAI21_X1       1  1.9    19    28      90    (-,-) 
  g89138/ZN               -       A1->ZN F     NAND2_X1       1  3.0    10    19     108    (-,-) 
  g89119/ZN               -       B1->ZN R     AOI21_X2       2  6.9    30    36     144    (-,-) 
  g89092/ZN               -       B1->ZN F     AOI21_X2       1  5.9    13    22     167    (-,-) 
  g89059/ZN               -       B1->ZN R     OAI21_X4       2 10.2    22    33     200    (-,-) 
  g89049/ZN               -       A2->ZN R     AND2_X4        9 28.8    20    48     248    (-,-) 
  g88800/ZN               -       A1->ZN R     AND2_X4       17 29.6    21    48     296    (-,-) 
  g88784/ZN               -       A->ZN  F     INV_X1         4  6.6    11    18     314    (-,-) 
  g88624__8428/ZN         -       B1->ZN R     AOI22_X1       1  2.0    26    43     357    (-,-) 
  g88547__5477/ZN         -       A1->ZN F     NOR2_X1        1  1.8     9    11     368    (-,-) 
  g88376__2802/ZN         -       A->ZN  R     AOI221_X1      1  2.0    44    73     441    (-,-) 
  g88369__8428/ZN         -       A1->ZN R     OR2_X2        26 67.1    80   107     548    (-,-) 
  g88349/ZN               -       A->ZN  F     INV_X1         2  5.1    21    21     569    (-,-) 
  g88218__7410/CO         -       A->CO  F     HA_X1          2  2.4     7    35     604    (-,-) 
  st1_carry_vec_reg[25]/D -       -      F     DFFR_X1        2    -     -     0     604    (-,-) 
#-------------------------------------------------------------------------------------------------

Capture clock path:
#-------------------------------------------------------------------------------------------------
#      Timing Point        Flags   Arc   Edge   Cell     Fanout Load Trans Delay Arrival Instance 
#                                                               (fF)  (ps)  (ps)   (ps)  Location 
#-------------------------------------------------------------------------------------------------
  clk                      (i)     -     R     (arrival)    136  0.0     0     0    1031    (-,-) 
  st1_carry_vec_reg[25]/CK <<<     -     R     DFFR_X1      136    -     1     0    1031    (-,-) 
#-------------------------------------------------------------------------------------------------



Path 116: MET (576 ps) Setup Check with Pin st1_a_e_reg[4]/CK->D
           View: view_1p2_25
          Group: clock1
     Startpoint: (F) add_c[26]
          Clock: (R) clock1
       Endpoint: (F) st1_a_e_reg[4]/D
          Clock: (R) clock1

                     Capture       Launch     
        Clock Edge:+    1031            0     
        Drv Adjust:+       0            0     
       Src Latency:+       0            0     
       Net Latency:+       0 (I)        0 (I) 
           Arrival:=    1031            0     
                                              
             Setup:-      45                  
       Uncertainty:-       0                  
     Required Time:=     986                  
      Launch Clock:-       0                  
       Input Delay:-       1                  
         Data Path:-     409                  
             Slack:=     576                  

Exceptions/Constraints:
  input_delay              1              sysarr_4_input_fp_ad_line_21_70_1   

#------------------------------------------------------------------------------------------
#  Timing Point    Flags    Arc   Edge   Cell     Fanout Load Trans Delay Arrival Instance 
#                                                        (fF)  (ps)  (ps)   (ps)  Location 
#------------------------------------------------------------------------------------------
  add_c[26]        -       -      F     (arrival)      6 10.2     0     0       1    (-,-) 
  g89493/ZN        -       A->ZN  R     INV_X1         6 11.1    28    31      32    (-,-) 
  g89415/ZN        -       A1->ZN F     NAND2_X1       1  5.9    17    28      60    (-,-) 
  g89131/ZN        -       A->ZN  R     OAI21_X4       1  6.3    18    24      84    (-,-) 
  g89120/ZN        -       A1->ZN F     NAND2_X4       2  9.0     9    17     101    (-,-) 
  g89095/ZN        -       B1->ZN R     OAI21_X4       1  6.7    18    27     128    (-,-) 
  g89068/ZN        -       B1->ZN F     AOI21_X4       1  5.9    15    16     144    (-,-) 
  g89056/ZN        -       B1->ZN R     OAI21_X4       1  6.7    18    29     173    (-,-) 
  g88907/ZN        -       B1->ZN F     AOI21_X4       6 12.8    11    21     194    (-,-) 
  g88893/ZN        -       A->ZN  R     INV_X1         3  8.8    22    31     225    (-,-) 
  g88892/ZN        -       A->ZN  F     INV_X2         8 16.7    12    22     247    (-,-) 
  g88870/ZN        -       A->ZN  R     INV_X1         2  4.1    12    20     267    (-,-) 
  g88766/Z         -       S->Z   F     MUX2_X1        2  3.5    12    63     330    (-,-) 
  g88594__5526/Z   -       A->Z   F     MUX2_X1        6 12.0    20    80     410    (-,-) 
  st1_a_e_reg[4]/D -       -      F     DFFR_X1        6    -     -     0     410    (-,-) 
#------------------------------------------------------------------------------------------

Capture clock path:
#------------------------------------------------------------------------------------------
#   Timing Point    Flags   Arc   Edge   Cell     Fanout Load Trans Delay Arrival Instance 
#                                                        (fF)  (ps)  (ps)   (ps)  Location 
#------------------------------------------------------------------------------------------
  clk               (i)     -     R     (arrival)    136  0.0     0     0    1031    (-,-) 
  st1_a_e_reg[4]/CK <<<     -     R     DFFR_X1      136    -     1     0    1031    (-,-) 
#------------------------------------------------------------------------------------------



Path 117: MET (581 ps) Setup Check with Pin st1_a_e_reg[3]/CK->D
           View: view_1p2_25
          Group: clock1
     Startpoint: (R) add_a[25]
          Clock: (R) clock1
       Endpoint: (R) st1_a_e_reg[3]/D
          Clock: (R) clock1

                     Capture       Launch     
        Clock Edge:+    1031            0     
        Drv Adjust:+       0            0     
       Src Latency:+       0            0     
       Net Latency:+       0 (I)        0 (I) 
           Arrival:=    1031            0     
                                              
             Setup:-      36                  
       Uncertainty:-       0                  
     Required Time:=     995                  
      Launch Clock:-       0                  
       Input Delay:-       1                  
         Data Path:-     413                  
             Slack:=     581                  

Exceptions/Constraints:
  input_delay              1              sysarr_4_input_fp_ad_line_21_7_1   

#------------------------------------------------------------------------------------------
#  Timing Point    Flags    Arc   Edge   Cell     Fanout Load Trans Delay Arrival Instance 
#                                                        (fF)  (ps)  (ps)   (ps)  Location 
#------------------------------------------------------------------------------------------
  add_a[25]        -       -      R     (arrival)      7 14.6     0     0       1    (-,-) 
  g89480/ZN        -       A->ZN  F     INV_X2         4  8.0     5     8       9    (-,-) 
  g89388/ZN        -       B1->ZN R     AOI22_X2       1  1.9    21    36      44    (-,-) 
  g89187/ZN        -       B1->ZN F     AOI21_X1       1  1.8    10    17      62    (-,-) 
  g89148/ZN        -       B1->ZN R     OAI21_X1       1  1.9    19    28      90    (-,-) 
  g89138/ZN        -       A1->ZN F     NAND2_X1       1  3.0    10    19     108    (-,-) 
  g89119/ZN        -       B1->ZN R     AOI21_X2       2  6.9    30    36     144    (-,-) 
  g89092/ZN        -       B1->ZN F     AOI21_X2       1  5.9    13    22     167    (-,-) 
  g89059/ZN        -       B1->ZN R     OAI21_X4       2 10.2    22    33     200    (-,-) 
  g89049/ZN        -       A2->ZN R     AND2_X4        9 28.8    20    48     248    (-,-) 
  g89001/ZN        -       A->ZN  F     INV_X2         2  9.1     9    15     263    (-,-) 
  g88999/ZN        -       A->ZN  R     INV_X4        33 60.3    37    46     308    (-,-) 
  g88599__1705/Z   -       S->Z   F     MUX2_X1        4  7.9    17    76     384    (-,-) 
  g88572/ZN        -       A->ZN  R     INV_X1         3  7.0    19    30     414    (-,-) 
  st1_a_e_reg[3]/D -       -      R     DFFR_X1        3    -     -     0     414    (-,-) 
#------------------------------------------------------------------------------------------

Capture clock path:
#------------------------------------------------------------------------------------------
#   Timing Point    Flags   Arc   Edge   Cell     Fanout Load Trans Delay Arrival Instance 
#                                                        (fF)  (ps)  (ps)   (ps)  Location 
#------------------------------------------------------------------------------------------
  clk               (i)     -     R     (arrival)    136  0.0     0     0    1031    (-,-) 
  st1_a_e_reg[3]/CK <<<     -     R     DFFR_X1      136    -     1     0    1031    (-,-) 
#------------------------------------------------------------------------------------------



Path 118: MET (583 ps) Setup Check with Pin st1_a_e_reg[6]/CK->D
           View: view_1p2_25
          Group: clock1
     Startpoint: (F) add_b[24]
          Clock: (R) clock1
       Endpoint: (R) st1_a_e_reg[6]/D
          Clock: (R) clock1

                     Capture       Launch     
        Clock Edge:+    1031            0     
        Drv Adjust:+       0            0     
       Src Latency:+       0            0     
       Net Latency:+       0 (I)        0 (I) 
           Arrival:=    1031            0     
                                              
             Setup:-      35                  
       Uncertainty:-       0                  
     Required Time:=     996                  
      Launch Clock:-       0                  
       Input Delay:-       1                  
         Data Path:-     412                  
             Slack:=     583                  

Exceptions/Constraints:
  input_delay              1              sysarr_4_input_fp_ad_line_21_40_1   

#------------------------------------------------------------------------------------------
#  Timing Point    Flags    Arc   Edge   Cell     Fanout Load Trans Delay Arrival Instance 
#                                                        (fF)  (ps)  (ps)   (ps)  Location 
#------------------------------------------------------------------------------------------
  add_b[24]        -       -      F     (arrival)      9 22.5     0     0       1    (-,-) 
  g89485/ZN        -       A->ZN  R     INV_X4         1  3.6     5     7       8    (-,-) 
  g89372/ZN        -       A2->ZN F     NAND3_X2       1  1.8     9    17      24    (-,-) 
  g89301/ZN        -       A1->ZN R     NAND2_X1       1  3.4    13    19      43    (-,-) 
  g89167/ZN        -       A1->ZN F     AOI22_X2       1  1.8    12    13      56    (-,-) 
  g89140/ZN        -       A1->ZN R     OAI22_X1       1  2.0    31    30      86    (-,-) 
  g89118/ZN        -       A1->ZN F     AOI22_X1       1  1.8    14    19     105    (-,-) 
  g89093/ZN        -       A1->ZN R     OAI22_X1       1  1.9    30    30     136    (-,-) 
  g89087/ZN        -       A1->ZN F     NAND2_X1       1  3.2    13    22     157    (-,-) 
  g89069/ZN        -       A1->ZN R     NAND2_X2       1  6.5    13    21     178    (-,-) 
  g89059/ZN        -       A->ZN  F     OAI21_X4       2  9.3    12    21     199    (-,-) 
  g89050/ZN        -       A2->ZN R     NAND2_X4      11 35.1    25    36     235    (-,-) 
  g89047/ZN        -       A->ZN  F     INV_X2         2  9.1    10    16     251    (-,-) 
  g89043/ZN        -       A->ZN  R     INV_X4        40 76.6    46    56     307    (-,-) 
  g88596__3680/Z   -       S->Z   F     MUX2_X1        6 10.4    19    81     387    (-,-) 
  g88569/ZN        -       A->ZN  R     INV_X1         3  5.0    15    26     413    (-,-) 
  st1_a_e_reg[6]/D -       -      R     DFFR_X1        3    -     -     0     413    (-,-) 
#------------------------------------------------------------------------------------------

Capture clock path:
#------------------------------------------------------------------------------------------
#   Timing Point    Flags   Arc   Edge   Cell     Fanout Load Trans Delay Arrival Instance 
#                                                        (fF)  (ps)  (ps)   (ps)  Location 
#------------------------------------------------------------------------------------------
  clk               (i)     -     R     (arrival)    136  0.0     0     0    1031    (-,-) 
  st1_a_e_reg[6]/CK <<<     -     R     DFFR_X1      136    -     1     0    1031    (-,-) 
#------------------------------------------------------------------------------------------



Path 119: MET (588 ps) Setup Check with Pin st1_a_e_reg[5]/CK->D
           View: view_1p2_25
          Group: clock1
     Startpoint: (R) add_c[23]
          Clock: (R) clock1
       Endpoint: (F) st1_a_e_reg[5]/D
          Clock: (R) clock1

                     Capture       Launch     
        Clock Edge:+    1031            0     
        Drv Adjust:+       0            0     
       Src Latency:+       0            0     
       Net Latency:+       0 (I)        0 (I) 
           Arrival:=    1031            0     
                                              
             Setup:-      40                  
       Uncertainty:-       0                  
     Required Time:=     991                  
      Launch Clock:-       0                  
       Input Delay:-       1                  
         Data Path:-     402                  
             Slack:=     588                  

Exceptions/Constraints:
  input_delay              1              sysarr_4_input_fp_ad_line_21_73_1   

#------------------------------------------------------------------------------------------
#  Timing Point    Flags    Arc   Edge   Cell     Fanout Load Trans Delay Arrival Instance 
#                                                        (fF)  (ps)  (ps)   (ps)  Location 
#------------------------------------------------------------------------------------------
  add_c[23]        -       -      R     (arrival)      5 21.4     0     0       1    (-,-) 
  g89466/ZN        -       A->ZN  F     INV_X8         5 13.9     3     6       7    (-,-) 
  g89428/ZN        -       A1->ZN R     NAND2_X4       2  5.3     8    11      17    (-,-) 
  g89182/ZN        -       A1->ZN F     NAND2_X2       1  5.9     9    15      32    (-,-) 
  g89149/ZN        -       B1->ZN R     AOI21_X4       1  6.7    22    26      59    (-,-) 
  g89131/ZN        -       B1->ZN F     OAI21_X4       1  6.0    11    17      75    (-,-) 
  g89120/ZN        -       A1->ZN R     NAND2_X4       2 10.0    12    18      93    (-,-) 
  g89108/ZN        -       A1->ZN F     NAND2_X2       1  5.9     9    16     109    (-,-) 
  g89068/ZN        -       B2->ZN R     AOI21_X4       1  6.7    22    31     140    (-,-) 
  g89056/ZN        -       B1->ZN F     OAI21_X4       1  5.9    15    17     157    (-,-) 
  g88907/ZN        -       B1->ZN R     AOI21_X4       6 14.2    30    38     196    (-,-) 
  g88893/ZN        -       A->ZN  F     INV_X1         3  7.8    14    23     218    (-,-) 
  g88892/ZN        -       A->ZN  R     INV_X2         8 18.8    24    34     252    (-,-) 
  g88870/ZN        -       A->ZN  F     INV_X1         2  3.8     9    14     267    (-,-) 
  g88771/ZN        -       A1->ZN R     OAI22_X1       4  7.7    59    58     325    (-,-) 
  g88592__4319/Z   -       B->Z   R     MUX2_X1        6 10.3    28    70     395    (-,-) 
  g88566/ZN        -       A->ZN  F     INV_X1         1  1.4     8     9     404    (-,-) 
  st1_a_e_reg[5]/D -       -      F     DFFR_X1        1    -     -     0     404    (-,-) 
#------------------------------------------------------------------------------------------

Capture clock path:
#------------------------------------------------------------------------------------------
#   Timing Point    Flags   Arc   Edge   Cell     Fanout Load Trans Delay Arrival Instance 
#                                                        (fF)  (ps)  (ps)   (ps)  Location 
#------------------------------------------------------------------------------------------
  clk               (i)     -     R     (arrival)    136  0.0     0     0    1031    (-,-) 
  st1_a_e_reg[5]/CK <<<     -     R     DFFR_X1      136    -     1     0    1031    (-,-) 
#------------------------------------------------------------------------------------------



Path 120: MET (590 ps) Setup Check with Pin st1_a_s_reg/CK->SE
           View: view_1p2_25
          Group: clock1
     Startpoint: (R) add_a[25]
          Clock: (R) clock1
       Endpoint: (R) st1_a_s_reg/SE
          Clock: (R) clock1

                     Capture       Launch     
        Clock Edge:+    1031            0     
        Drv Adjust:+       0            0     
       Src Latency:+       0            0     
       Net Latency:+       0 (I)        0 (I) 
           Arrival:=    1031            0     
                                              
             Setup:-      90                  
       Uncertainty:-       0                  
     Required Time:=     941                  
      Launch Clock:-       0                  
       Input Delay:-       1                  
         Data Path:-     350                  
             Slack:=     590                  

Exceptions/Constraints:
  input_delay              1              sysarr_4_input_fp_ad_line_21_7_1   

#----------------------------------------------------------------------------------------
# Timing Point   Flags    Arc   Edge   Cell     Fanout Load Trans Delay Arrival Instance 
#                                                      (fF)  (ps)  (ps)   (ps)  Location 
#----------------------------------------------------------------------------------------
  add_a[25]      -       -      R     (arrival)      7 14.6     0     0       1    (-,-) 
  g89480/ZN      -       A->ZN  F     INV_X2         4  8.0     5     8       9    (-,-) 
  g89388/ZN      -       B1->ZN R     AOI22_X2       1  1.9    21    36      44    (-,-) 
  g89187/ZN      -       B1->ZN F     AOI21_X1       1  1.8    10    17      62    (-,-) 
  g89148/ZN      -       B1->ZN R     OAI21_X1       1  1.9    19    28      90    (-,-) 
  g89138/ZN      -       A1->ZN F     NAND2_X1       1  3.0    10    19     108    (-,-) 
  g89119/ZN      -       B1->ZN R     AOI21_X2       2  6.9    30    36     144    (-,-) 
  g89092/ZN      -       B1->ZN F     AOI21_X2       1  5.9    13    22     167    (-,-) 
  g89059/ZN      -       B1->ZN R     OAI21_X4       2 10.2    22    33     200    (-,-) 
  g89049/ZN      -       A2->ZN R     AND2_X4        9 28.8    20    48     248    (-,-) 
  g89001/ZN      -       A->ZN  F     INV_X2         2  9.1     9    15     263    (-,-) 
  g88988/ZN      -       A->ZN  R     INV_X2        34 65.3    77    88     350    (-,-) 
  st1_a_s_reg/SE -       -      R     SDFFR_X1      34    -     -     0     350    (-,-) 
#----------------------------------------------------------------------------------------

Capture clock path:
#---------------------------------------------------------------------------------------
# Timing Point   Flags   Arc   Edge   Cell     Fanout Load Trans Delay Arrival Instance 
#                                                     (fF)  (ps)  (ps)   (ps)  Location 
#---------------------------------------------------------------------------------------
  clk            (i)     -     R     (arrival)    136  0.0     0     0    1031    (-,-) 
  st1_a_s_reg/CK <<<     -     R     SDFFR_X1     136    -     1     0    1031    (-,-) 
#---------------------------------------------------------------------------------------



Path 121: MET (601 ps) Setup Check with Pin st1_a_s_reg/CK->D
           View: view_1p2_25
          Group: clock1
     Startpoint: (F) add_c[26]
          Clock: (R) clock1
       Endpoint: (F) st1_a_s_reg/D
          Clock: (R) clock1

                     Capture       Launch     
        Clock Edge:+    1031            0     
        Drv Adjust:+       0            0     
       Src Latency:+       0            0     
       Net Latency:+       0 (I)        0 (I) 
           Arrival:=    1031            0     
                                              
             Setup:-      80                  
       Uncertainty:-       0                  
     Required Time:=     951                  
      Launch Clock:-       0                  
       Input Delay:-       1                  
         Data Path:-     349                  
             Slack:=     601                  

Exceptions/Constraints:
  input_delay              1              sysarr_4_input_fp_ad_line_21_70_1   

#----------------------------------------------------------------------------------------
# Timing Point   Flags    Arc   Edge   Cell     Fanout Load Trans Delay Arrival Instance 
#                                                      (fF)  (ps)  (ps)   (ps)  Location 
#----------------------------------------------------------------------------------------
  add_c[26]      -       -      F     (arrival)      6 10.2     0     0       1    (-,-) 
  g89493/ZN      -       A->ZN  R     INV_X1         6 11.1    28    31      32    (-,-) 
  g89415/ZN      -       A1->ZN F     NAND2_X1       1  5.9    17    28      60    (-,-) 
  g89131/ZN      -       A->ZN  R     OAI21_X4       1  6.3    18    24      84    (-,-) 
  g89120/ZN      -       A1->ZN F     NAND2_X4       2  9.0     9    17     101    (-,-) 
  g89095/ZN      -       B1->ZN R     OAI21_X4       1  6.7    18    27     128    (-,-) 
  g89068/ZN      -       B1->ZN F     AOI21_X4       1  5.9    15    16     144    (-,-) 
  g89056/ZN      -       B1->ZN R     OAI21_X4       1  6.7    18    29     173    (-,-) 
  g88907/ZN      -       B1->ZN F     AOI21_X4       6 12.8    11    21     194    (-,-) 
  g88893/ZN      -       A->ZN  R     INV_X1         3  8.8    22    31     225    (-,-) 
  g88892/ZN      -       A->ZN  F     INV_X2         8 16.7    12    22     247    (-,-) 
  g88890/ZN      -       A->ZN  R     INV_X4        17 31.3    20    30     276    (-,-) 
  g88770/Z       -       S->Z   F     MUX2_X1        3  7.8    16    74     350    (-,-) 
  st1_a_s_reg/D  -       -      F     SDFFR_X1       3    -     -     0     350    (-,-) 
#----------------------------------------------------------------------------------------

Capture clock path:
#---------------------------------------------------------------------------------------
# Timing Point   Flags   Arc   Edge   Cell     Fanout Load Trans Delay Arrival Instance 
#                                                     (fF)  (ps)  (ps)   (ps)  Location 
#---------------------------------------------------------------------------------------
  clk            (i)     -     R     (arrival)    136  0.0     0     0    1031    (-,-) 
  st1_a_s_reg/CK <<<     -     R     SDFFR_X1     136    -     1     0    1031    (-,-) 
#---------------------------------------------------------------------------------------



Path 122: MET (649 ps) Setup Check with Pin st2_sum_mag_reg[1]/CK->SI
           View: view_1p2_25
          Group: clock1
     Startpoint: (R) st1_hot_ones_reg[1]/CK
          Clock: (R) clock1
       Endpoint: (F) st2_sum_mag_reg[1]/SI
          Clock: (R) clock1

                     Capture       Launch     
        Clock Edge:+    1031            0     
       Src Latency:+       0            0     
       Net Latency:+       0 (I)        0 (I) 
           Arrival:=    1031            0     
                                              
             Setup:-      85                  
       Uncertainty:-       0                  
     Required Time:=     945                  
      Launch Clock:-       0                  
         Data Path:-     296                  
             Slack:=     649                  

Launch clock path:
#-----------------------------------------------------------------------------------------------
#     Timing Point       Flags   Arc   Edge   Cell     Fanout Load Trans Delay Arrival Instance 
#                                                             (fF)  (ps)  (ps)   (ps)  Location 
#-----------------------------------------------------------------------------------------------
  clk                    (i)     -     R     (arrival)    136  0.0     0     0       0    (-,-) 
  st1_hot_ones_reg[1]/CK <<<     -     R     DFFR_X1      136    -     1     0       0    (-,-) 
#-----------------------------------------------------------------------------------------------

#-------------------------------------------------------------------------------------------------------------
#            Timing Point             Flags    Arc   Edge   Cell     Fanout Load Trans Delay Arrival Instance 
#                                                                           (fF)  (ps)  (ps)   (ps)  Location 
#-------------------------------------------------------------------------------------------------------------
  st1_hot_ones_reg[1]/CK              -       -      R     (arrival)    136    -     1     0       0    (-,-) 
  st1_hot_ones_reg[1]/Q               -       CK->Q  R     DFFR_X1        2  3.1    13   103     103    (-,-) 
  csa_tree_add_184_79_groupi_g2210/ZN -       A1->ZN F     NAND2_X1       1  1.8     8    14     117    (-,-) 
  csa_tree_add_184_79_groupi_g2200/ZN -       A2->ZN R     NAND2_X1       3  6.2    20    27     144    (-,-) 
  csa_tree_add_184_79_groupi_g2101/ZN -       A->ZN  R     XNOR2_X1       1  2.5    22    43     187    (-,-) 
  csa_tree_add_184_79_groupi_g2058/ZN -       A->ZN  R     XNOR2_X1       2  3.4    27    46     233    (-,-) 
  g38946/ZN                           -       A->ZN  F     INV_X1         1  3.4     9    14     247    (-,-) 
  g89535/S                            -       A->S   F     HA_X1          1  1.1    11    49     296    (-,-) 
  st2_sum_mag_reg[1]/SI               -       -      F     SDFFR_X1       1    -     -     0     296    (-,-) 
#-------------------------------------------------------------------------------------------------------------

Capture clock path:
#----------------------------------------------------------------------------------------------
#     Timing Point      Flags   Arc   Edge   Cell     Fanout Load Trans Delay Arrival Instance 
#                                                            (fF)  (ps)  (ps)   (ps)  Location 
#----------------------------------------------------------------------------------------------
  clk                   (i)     -     R     (arrival)    136  0.0     0     0    1031    (-,-) 
  st2_sum_mag_reg[1]/CK <<<     -     R     SDFFR_X1     136    -     1     0    1031    (-,-) 
#----------------------------------------------------------------------------------------------



Path 123: MET (659 ps) Setup Check with Pin st1_a_e_reg[2]/CK->D
           View: view_1p2_25
          Group: clock1
     Startpoint: (R) add_c[23]
          Clock: (R) clock1
       Endpoint: (R) st1_a_e_reg[2]/D
          Clock: (R) clock1

                     Capture       Launch     
        Clock Edge:+    1031            0     
        Drv Adjust:+       0            0     
       Src Latency:+       0            0     
       Net Latency:+       0 (I)        0 (I) 
           Arrival:=    1031            0     
                                              
             Setup:-      39                  
       Uncertainty:-       0                  
     Required Time:=     992                  
      Launch Clock:-       0                  
       Input Delay:-       1                  
         Data Path:-     332                  
             Slack:=     659                  

Exceptions/Constraints:
  input_delay              1              sysarr_4_input_fp_ad_line_21_73_1   

#------------------------------------------------------------------------------------------
#  Timing Point    Flags    Arc   Edge   Cell     Fanout Load Trans Delay Arrival Instance 
#                                                        (fF)  (ps)  (ps)   (ps)  Location 
#------------------------------------------------------------------------------------------
  add_c[23]        -       -      R     (arrival)      5 21.4     0     0       1    (-,-) 
  g89466/ZN        -       A->ZN  F     INV_X8         5 13.9     3     6       7    (-,-) 
  g89428/ZN        -       A1->ZN R     NAND2_X4       2  5.3     8    11      17    (-,-) 
  g89182/ZN        -       A1->ZN F     NAND2_X2       1  5.9     9    15      32    (-,-) 
  g89149/ZN        -       B1->ZN R     AOI21_X4       1  6.7    22    26      59    (-,-) 
  g89131/ZN        -       B1->ZN F     OAI21_X4       1  6.0    11    17      75    (-,-) 
  g89120/ZN        -       A1->ZN R     NAND2_X4       2 10.0    12    18      93    (-,-) 
  g89108/ZN        -       A1->ZN F     NAND2_X2       1  5.9     9    16     109    (-,-) 
  g89068/ZN        -       B2->ZN R     AOI21_X4       1  6.7    22    31     140    (-,-) 
  g89056/ZN        -       B1->ZN F     OAI21_X4       1  5.9    15    17     157    (-,-) 
  g88907/ZN        -       B1->ZN R     AOI21_X4       6 14.2    30    38     196    (-,-) 
  g88899/ZN        -       A->ZN  F     INV_X2         4  8.5    11    16     212    (-,-) 
  g88898/ZN        -       A->ZN  R     INV_X1         3  5.8    16    24     236    (-,-) 
  g88897/ZN        -       A->ZN  F     INV_X1         2  5.2     9    15     250    (-,-) 
  g88841/ZN        -       A1->ZN R     NAND2_X1       1  3.5    13    19     269    (-,-) 
  g88768/ZN        -       A->ZN  F     OAI21_X2       2  8.3    13    25     294    (-,-) 
  g88598__2802/ZN  -       A1->ZN R     AOI22_X4       5 11.1    30    39     333    (-,-) 
  st1_a_e_reg[2]/D -       -      R     DFFR_X1        5    -     -     0     333    (-,-) 
#------------------------------------------------------------------------------------------

Capture clock path:
#------------------------------------------------------------------------------------------
#   Timing Point    Flags   Arc   Edge   Cell     Fanout Load Trans Delay Arrival Instance 
#                                                        (fF)  (ps)  (ps)   (ps)  Location 
#------------------------------------------------------------------------------------------
  clk               (i)     -     R     (arrival)    136  0.0     0     0    1031    (-,-) 
  st1_a_e_reg[2]/CK <<<     -     R     DFFR_X1      136    -     1     0    1031    (-,-) 
#------------------------------------------------------------------------------------------



Path 124: MET (661 ps) Setup Check with Pin st1_a_s_reg/CK->SI
           View: view_1p2_25
          Group: clock1
     Startpoint: (F) add_a[24]
          Clock: (R) clock1
       Endpoint: (F) st1_a_s_reg/SI
          Clock: (R) clock1

                     Capture       Launch     
        Clock Edge:+    1031            0     
        Drv Adjust:+       0            0     
       Src Latency:+       0            0     
       Net Latency:+       0 (I)        0 (I) 
           Arrival:=    1031            0     
                                              
             Setup:-      88                  
       Uncertainty:-       0                  
     Required Time:=     943                  
      Launch Clock:-       0                  
       Input Delay:-       1                  
         Data Path:-     280                  
             Slack:=     661                  

Exceptions/Constraints:
  input_delay              1              sysarr_4_input_fp_ad_line_21_8_1   

#----------------------------------------------------------------------------------------
# Timing Point   Flags    Arc   Edge   Cell     Fanout Load Trans Delay Arrival Instance 
#                                                      (fF)  (ps)  (ps)   (ps)  Location 
#----------------------------------------------------------------------------------------
  add_a[24]      -       -      F     (arrival)      7 17.9     0     0       1    (-,-) 
  g89471/ZN      -       A->ZN  R     INV_X4         4 11.7     9    12      13    (-,-) 
  g89448/ZN      -       A1->ZN F     NAND2_X2       1  3.3     7    12      26    (-,-) 
  g89162/ZN      -       A2->ZN R     AOI22_X2       1  1.9    21    31      57    (-,-) 
  g89128/ZN      -       C1->ZN F     OAI211_X1      1  3.0    17    26      83    (-,-) 
  g89107/ZN      -       B1->ZN R     AOI21_X2       1  3.4    21    30     113    (-,-) 
  g89086/ZN      -       B1->ZN F     OAI21_X2       1  5.9    13    20     133    (-,-) 
  g89062/ZN      -       B1->ZN R     AOI21_X4       1  6.7    22    28     161    (-,-) 
  g89048/ZN      -       B1->ZN F     OAI21_X4       6 19.4    20    25     186    (-,-) 
  g88923/ZN      -       A->ZN  R     INV_X8         9 21.2    11    21     207    (-,-) 
  g88798/Z       -       S->Z   F     MUX2_X1        4  9.2    18    74     281    (-,-) 
  st1_a_s_reg/SI -       -      F     SDFFR_X1       4    -     -     0     281    (-,-) 
#----------------------------------------------------------------------------------------

Capture clock path:
#---------------------------------------------------------------------------------------
# Timing Point   Flags   Arc   Edge   Cell     Fanout Load Trans Delay Arrival Instance 
#                                                     (fF)  (ps)  (ps)   (ps)  Location 
#---------------------------------------------------------------------------------------
  clk            (i)     -     R     (arrival)    136  0.0     0     0    1031    (-,-) 
  st1_a_s_reg/CK <<<     -     R     SDFFR_X1     136    -     1     0    1031    (-,-) 
#---------------------------------------------------------------------------------------



Path 125: MET (665 ps) Setup Check with Pin st1_a_e_reg[0]/CK->D
           View: view_1p2_25
          Group: clock1
     Startpoint: (R) add_c[23]
          Clock: (R) clock1
       Endpoint: (F) st1_a_e_reg[0]/D
          Clock: (R) clock1

                     Capture       Launch     
        Clock Edge:+    1031            0     
        Drv Adjust:+       0            0     
       Src Latency:+       0            0     
       Net Latency:+       0 (I)        0 (I) 
           Arrival:=    1031            0     
                                              
             Setup:-      43                  
       Uncertainty:-       0                  
     Required Time:=     988                  
      Launch Clock:-       0                  
       Input Delay:-       1                  
         Data Path:-     322                  
             Slack:=     665                  

Exceptions/Constraints:
  input_delay              1              sysarr_4_input_fp_ad_line_21_73_1   

#------------------------------------------------------------------------------------------
#  Timing Point    Flags    Arc   Edge   Cell     Fanout Load Trans Delay Arrival Instance 
#                                                        (fF)  (ps)  (ps)   (ps)  Location 
#------------------------------------------------------------------------------------------
  add_c[23]        -       -      R     (arrival)      5 21.4     0     0       1    (-,-) 
  g89466/ZN        -       A->ZN  F     INV_X8         5 13.9     3     6       7    (-,-) 
  g89428/ZN        -       A1->ZN R     NAND2_X4       2  5.3     8    11      17    (-,-) 
  g89182/ZN        -       A1->ZN F     NAND2_X2       1  5.9     9    15      32    (-,-) 
  g89149/ZN        -       B1->ZN R     AOI21_X4       1  6.7    22    26      59    (-,-) 
  g89131/ZN        -       B1->ZN F     OAI21_X4       1  6.0    11    17      75    (-,-) 
  g89120/ZN        -       A1->ZN R     NAND2_X4       2 10.0    12    18      93    (-,-) 
  g89108/ZN        -       A1->ZN F     NAND2_X2       1  5.9     9    16     109    (-,-) 
  g89068/ZN        -       B2->ZN R     AOI21_X4       1  6.7    22    31     140    (-,-) 
  g89056/ZN        -       B1->ZN F     OAI21_X4       1  5.9    15    17     157    (-,-) 
  g88907/ZN        -       B1->ZN R     AOI21_X4       6 14.2    30    38     196    (-,-) 
  g88844/ZN        -       A1->ZN F     NAND2_X1       1  1.8    11    17     213    (-,-) 
  g88769/ZN        -       A->ZN  R     OAI21_X1       2  3.8    28    26     239    (-,-) 
  g88733/ZN        -       A->ZN  F     INV_X1         2  4.7    11    16     256    (-,-) 
  g88595__6783/ZN  -       B1->ZN R     OAI21_X2       5  9.2    32    42     298    (-,-) 
  g88568/ZN        -       A->ZN  F     INV_X1         3  9.0    15    25     323    (-,-) 
  st1_a_e_reg[0]/D -       -      F     DFFR_X1        3    -     -     0     323    (-,-) 
#------------------------------------------------------------------------------------------

Capture clock path:
#------------------------------------------------------------------------------------------
#   Timing Point    Flags   Arc   Edge   Cell     Fanout Load Trans Delay Arrival Instance 
#                                                        (fF)  (ps)  (ps)   (ps)  Location 
#------------------------------------------------------------------------------------------
  clk               (i)     -     R     (arrival)    136  0.0     0     0    1031    (-,-) 
  st1_a_e_reg[0]/CK <<<     -     R     DFFR_X1      136    -     1     0    1031    (-,-) 
#------------------------------------------------------------------------------------------



Path 126: MET (670 ps) Setup Check with Pin st1_special_result_reg[31]/CK->D
           View: view_1p2_25
          Group: clock1
     Startpoint: (F) add_b[15]
          Clock: (R) clock1
       Endpoint: (R) st1_special_result_reg[31]/D
          Clock: (R) clock1

                     Capture       Launch     
        Clock Edge:+    1031            0     
        Drv Adjust:+       0            0     
       Src Latency:+       0            0     
       Net Latency:+       0 (I)        0 (I) 
           Arrival:=    1031            0     
                                              
             Setup:-      35                  
       Uncertainty:-       0                  
     Required Time:=     996                  
      Launch Clock:-       0                  
       Input Delay:-       1                  
         Data Path:-     325                  
             Slack:=     670                  

Exceptions/Constraints:
  input_delay              1              sysarr_4_input_fp_ad_line_21_49_1   

#------------------------------------------------------------------------------------------------------
#        Timing Point          Flags    Arc   Edge   Cell     Fanout Load Trans Delay Arrival Instance 
#                                                                    (fF)  (ps)  (ps)   (ps)  Location 
#------------------------------------------------------------------------------------------------------
  add_b[15]                    -       -      F     (arrival)      3  4.6     0     0       1    (-,-) 
  g89364/ZN                    -       A4->ZN F     OR4_X1         1  1.9    18   114     115    (-,-) 
  g89156/ZN                    -       A3->ZN R     NOR3_X1        1  2.0    29    55     169    (-,-) 
  g89135/ZN                    -       B1->ZN F     OAI22_X1       1  1.8    12    24     193    (-,-) 
  g89132/ZN                    -       A->ZN  R     AOI221_X1      2  3.8    57    89     282    (-,-) 
  g89121/ZN                    -       A1->ZN F     NAND2_X1       1  1.7    16    19     301    (-,-) 
  g89102/ZN                    -       A1->ZN R     NOR2_X1        1  1.4    15    25     326    (-,-) 
  st1_special_result_reg[31]/D -       -      R     DFFR_X1        1    -     -     0     326    (-,-) 
#------------------------------------------------------------------------------------------------------

Capture clock path:
#------------------------------------------------------------------------------------------------------
#         Timing Point          Flags   Arc   Edge   Cell     Fanout Load Trans Delay Arrival Instance 
#                                                                    (fF)  (ps)  (ps)   (ps)  Location 
#------------------------------------------------------------------------------------------------------
  clk                           (i)     -     R     (arrival)    136  0.0     0     0    1031    (-,-) 
  st1_special_result_reg[31]/CK <<<     -     R     DFFR_X1      136    -     1     0    1031    (-,-) 
#------------------------------------------------------------------------------------------------------



Path 127: MET (678 ps) Setup Check with Pin st1_special_result_reg[22]/CK->D
           View: view_1p2_25
          Group: clock1
     Startpoint: (F) add_b[15]
          Clock: (R) clock1
       Endpoint: (F) st1_special_result_reg[22]/D
          Clock: (R) clock1

                     Capture       Launch     
        Clock Edge:+    1031            0     
        Drv Adjust:+       0            0     
       Src Latency:+       0            0     
       Net Latency:+       0 (I)        0 (I) 
           Arrival:=    1031            0     
                                              
             Setup:-      44                  
       Uncertainty:-       0                  
     Required Time:=     986                  
      Launch Clock:-       0                  
       Input Delay:-       1                  
         Data Path:-     307                  
             Slack:=     678                  

Exceptions/Constraints:
  input_delay              1              sysarr_4_input_fp_ad_line_21_49_1   

#------------------------------------------------------------------------------------------------------
#        Timing Point          Flags    Arc   Edge   Cell     Fanout Load Trans Delay Arrival Instance 
#                                                                    (fF)  (ps)  (ps)   (ps)  Location 
#------------------------------------------------------------------------------------------------------
  add_b[15]                    -       -      F     (arrival)      3  4.6     0     0       1    (-,-) 
  g89364/ZN                    -       A4->ZN F     OR4_X1         1  1.9    18   114     115    (-,-) 
  g89156/ZN                    -       A3->ZN R     NOR3_X1        1  2.0    29    55     169    (-,-) 
  g89135/ZN                    -       B1->ZN F     OAI22_X1       1  1.8    12    24     193    (-,-) 
  g89132/ZN                    -       A->ZN  R     AOI221_X1      2  3.8    57    89     282    (-,-) 
  g89113/ZN                    -       A->ZN  F     OAI21_X1       1  1.4    19    26     308    (-,-) 
  st1_special_result_reg[22]/D -       -      F     DFFR_X1        1    -     -     0     308    (-,-) 
#------------------------------------------------------------------------------------------------------

Capture clock path:
#------------------------------------------------------------------------------------------------------
#         Timing Point          Flags   Arc   Edge   Cell     Fanout Load Trans Delay Arrival Instance 
#                                                                    (fF)  (ps)  (ps)   (ps)  Location 
#------------------------------------------------------------------------------------------------------
  clk                           (i)     -     R     (arrival)    136  0.0     0     0    1031    (-,-) 
  st1_special_result_reg[22]/CK <<<     -     R     DFFR_X1      136    -     1     0    1031    (-,-) 
#------------------------------------------------------------------------------------------------------



Path 128: MET (679 ps) Setup Check with Pin st1_a_e_reg[1]/CK->D
           View: view_1p2_25
          Group: clock1
     Startpoint: (F) add_b[25]
          Clock: (R) clock1
       Endpoint: (F) st1_a_e_reg[1]/D
          Clock: (R) clock1

                     Capture       Launch     
        Clock Edge:+    1031            0     
        Drv Adjust:+       0            0     
       Src Latency:+       0            0     
       Net Latency:+       0 (I)        0 (I) 
           Arrival:=    1031            0     
                                              
             Setup:-      40                  
       Uncertainty:-       0                  
     Required Time:=     991                  
      Launch Clock:-       0                  
       Input Delay:-       1                  
         Data Path:-     310                  
             Slack:=     679                  

Exceptions/Constraints:
  input_delay              1              sysarr_4_input_fp_ad_line_21_39_1   

#------------------------------------------------------------------------------------------
#  Timing Point    Flags    Arc   Edge   Cell     Fanout Load Trans Delay Arrival Instance 
#                                                        (fF)  (ps)  (ps)   (ps)  Location 
#------------------------------------------------------------------------------------------
  add_b[25]        -       -      F     (arrival)      5  9.9     0     0       1    (-,-) 
  g89490/ZN        -       A->ZN  R     INV_X2         6 12.6    17    20      21    (-,-) 
  g89446/ZN        -       A1->ZN F     NOR2_X1        1  1.9     6    11      32    (-,-) 
  g89128/ZN        -       C2->ZN R     OAI211_X1      1  3.4    28    42      73    (-,-) 
  g89107/ZN        -       B1->ZN F     AOI21_X2       1  3.0    11    18      91    (-,-) 
  g89086/ZN        -       B1->ZN R     OAI21_X2       1  6.7    26    36     127    (-,-) 
  g89062/ZN        -       B1->ZN F     AOI21_X4       1  5.9    14    17     144    (-,-) 
  g89048/ZN        -       B1->ZN R     OAI21_X4       6 21.3    35    47     192    (-,-) 
  g88904/ZN        -       A1->ZN F     NAND2_X1       1  1.8    12    18     210    (-,-) 
  g88852/ZN        -       A->ZN  R     OAI21_X1       1  2.0    20    22     232    (-,-) 
  g88808/ZN        -       A->ZN  F     INV_X1         2 10.5    14    24     256    (-,-) 
  g88597__1617/ZN  -       B1->ZN R     OAI21_X4       7 21.0    35    47     303    (-,-) 
  g88570/ZN        -       A->ZN  F     INV_X1         1  1.4     9     9     312    (-,-) 
  st1_a_e_reg[1]/D -       -      F     DFFR_X1        1    -     -     0     312    (-,-) 
#------------------------------------------------------------------------------------------

Capture clock path:
#------------------------------------------------------------------------------------------
#   Timing Point    Flags   Arc   Edge   Cell     Fanout Load Trans Delay Arrival Instance 
#                                                        (fF)  (ps)  (ps)   (ps)  Location 
#------------------------------------------------------------------------------------------
  clk               (i)     -     R     (arrival)    136  0.0     0     0    1031    (-,-) 
  st1_a_e_reg[1]/CK <<<     -     R     DFFR_X1      136    -     1     0    1031    (-,-) 
#------------------------------------------------------------------------------------------



Path 129: MET (725 ps) Setup Check with Pin st2_sum_mag_reg[1]/CK->D
           View: view_1p2_25
          Group: clock1
     Startpoint: (R) st1_hot_ones_reg[1]/CK
          Clock: (R) clock1
       Endpoint: (R) st2_sum_mag_reg[1]/D
          Clock: (R) clock1

                     Capture       Launch     
        Clock Edge:+    1031            0     
       Src Latency:+       0            0     
       Net Latency:+       0 (I)        0 (I) 
           Arrival:=    1031            0     
                                              
             Setup:-      72                  
       Uncertainty:-       0                  
     Required Time:=     959                  
      Launch Clock:-       0                  
         Data Path:-     233                  
             Slack:=     725                  

Launch clock path:
#-----------------------------------------------------------------------------------------------
#     Timing Point       Flags   Arc   Edge   Cell     Fanout Load Trans Delay Arrival Instance 
#                                                             (fF)  (ps)  (ps)   (ps)  Location 
#-----------------------------------------------------------------------------------------------
  clk                    (i)     -     R     (arrival)    136  0.0     0     0       0    (-,-) 
  st1_hot_ones_reg[1]/CK <<<     -     R     DFFR_X1      136    -     1     0       0    (-,-) 
#-----------------------------------------------------------------------------------------------

#-------------------------------------------------------------------------------------------------------------
#            Timing Point             Flags    Arc   Edge   Cell     Fanout Load Trans Delay Arrival Instance 
#                                                                           (fF)  (ps)  (ps)   (ps)  Location 
#-------------------------------------------------------------------------------------------------------------
  st1_hot_ones_reg[1]/CK              -       -      R     (arrival)    136    -     1     0       0    (-,-) 
  st1_hot_ones_reg[1]/Q               -       CK->Q  R     DFFR_X1        2  3.1    13   103     103    (-,-) 
  csa_tree_add_184_79_groupi_g2210/ZN -       A1->ZN F     NAND2_X1       1  1.8     8    14     117    (-,-) 
  csa_tree_add_184_79_groupi_g2200/ZN -       A2->ZN R     NAND2_X1       3  6.2    20    27     144    (-,-) 
  csa_tree_add_184_79_groupi_g2101/ZN -       A->ZN  R     XNOR2_X1       1  2.5    22    43     187    (-,-) 
  csa_tree_add_184_79_groupi_g2058/ZN -       A->ZN  R     XNOR2_X1       2  3.4    27    46     233    (-,-) 
  st2_sum_mag_reg[1]/D                -       -      R     SDFFR_X1       2    -     -     0     233    (-,-) 
#-------------------------------------------------------------------------------------------------------------

Capture clock path:
#----------------------------------------------------------------------------------------------
#     Timing Point      Flags   Arc   Edge   Cell     Fanout Load Trans Delay Arrival Instance 
#                                                            (fF)  (ps)  (ps)   (ps)  Location 
#----------------------------------------------------------------------------------------------
  clk                   (i)     -     R     (arrival)    136  0.0     0     0    1031    (-,-) 
  st2_sum_mag_reg[1]/CK <<<     -     R     SDFFR_X1     136    -     1     0    1031    (-,-) 
#----------------------------------------------------------------------------------------------



Path 130: MET (803 ps) Setup Check with Pin st1_special_case_reg/CK->D
           View: view_1p2_25
          Group: clock1
     Startpoint: (F) add_b[23]
          Clock: (R) clock1
       Endpoint: (F) st1_special_case_reg/D
          Clock: (R) clock1

                     Capture       Launch     
        Clock Edge:+    1031            0     
        Drv Adjust:+       0            0     
       Src Latency:+       0            0     
       Net Latency:+       0 (I)        0 (I) 
           Arrival:=    1031            0     
                                              
             Setup:-      42                  
       Uncertainty:-       0                  
     Required Time:=     989                  
      Launch Clock:-       0                  
       Input Delay:-       1                  
         Data Path:-     184                  
             Slack:=     803                  

Exceptions/Constraints:
  input_delay              1              sysarr_4_input_fp_ad_line_21_41_1   

#------------------------------------------------------------------------------------------------
#     Timing Point       Flags    Arc   Edge   Cell     Fanout Load Trans Delay Arrival Instance 
#                                                              (fF)  (ps)  (ps)   (ps)  Location 
#------------------------------------------------------------------------------------------------
  add_b[23]              -       -      F     (arrival)      9 19.8     0     0       1    (-,-) 
  g89406/ZN              -       A4->ZN R     NAND4_X1       1  2.0    15    20      21    (-,-) 
  g89305/ZN              -       A2->ZN F     NOR2_X1        2  3.5     8    15      35    (-,-) 
  g89183/ZN              -       A1->ZN R     NAND2_X1       1  2.0    10    15      50    (-,-) 
  g89168/ZN              -       A2->ZN F     NAND2_X1       1  1.8     7    14      64    (-,-) 
  g89150/ZN              -       A->ZN  R     AOI221_X1      3  5.8    71   102     166    (-,-) 
  g89139/ZN              -       A2->ZN F     NAND2_X1       1  1.4    14    19     185    (-,-) 
  st1_special_case_reg/D -       -      F     DFFR_X1        1    -     -     0     185    (-,-) 
#------------------------------------------------------------------------------------------------

Capture clock path:
#------------------------------------------------------------------------------------------------
#      Timing Point       Flags   Arc   Edge   Cell     Fanout Load Trans Delay Arrival Instance 
#                                                              (fF)  (ps)  (ps)   (ps)  Location 
#------------------------------------------------------------------------------------------------
  clk                     (i)     -     R     (arrival)    136  0.0     0     0    1031    (-,-) 
  st1_special_case_reg/CK <<<     -     R     DFFR_X1      136    -     1     0    1031    (-,-) 
#------------------------------------------------------------------------------------------------



Path 131: MET (828 ps) Setup Check with Pin st2_sum_mag_reg[0]/CK->D
           View: view_1p2_25
          Group: clock1
     Startpoint: (R) st1_hot_ones_reg[0]/CK
          Clock: (R) clock1
       Endpoint: (F) st2_sum_mag_reg[0]/D
          Clock: (R) clock1

                     Capture       Launch     
        Clock Edge:+    1031            0     
       Src Latency:+       0            0     
       Net Latency:+       0 (I)        0 (I) 
           Arrival:=    1031            0     
                                              
             Setup:-      40                  
       Uncertainty:-       0                  
     Required Time:=     991                  
      Launch Clock:-       0                  
         Data Path:-     163                  
             Slack:=     828                  

Launch clock path:
#-----------------------------------------------------------------------------------------------
#     Timing Point       Flags   Arc   Edge   Cell     Fanout Load Trans Delay Arrival Instance 
#                                                             (fF)  (ps)  (ps)   (ps)  Location 
#-----------------------------------------------------------------------------------------------
  clk                    (i)     -     R     (arrival)    136  0.0     0     0       0    (-,-) 
  st1_hot_ones_reg[0]/CK <<<     -     R     DFFR_X1      136    -     1     0       0    (-,-) 
#-----------------------------------------------------------------------------------------------

#-------------------------------------------------------------------------------------------------------------
#            Timing Point             Flags    Arc   Edge   Cell     Fanout Load Trans Delay Arrival Instance 
#                                                                           (fF)  (ps)  (ps)   (ps)  Location 
#-------------------------------------------------------------------------------------------------------------
  st1_hot_ones_reg[0]/CK              -       -      R     (arrival)    136    -     1     0       0    (-,-) 
  st1_hot_ones_reg[0]/Q               -       CK->Q  R     DFFR_X1        2  3.9    14   105     105    (-,-) 
  csa_tree_add_184_79_groupi_g2213/ZN -       A2->ZN F     NAND2_X1       2  5.3    13    23     128    (-,-) 
  csa_tree_add_184_79_groupi_g2207/ZN -       A->ZN  R     INV_X1         2  4.8    14    23     151    (-,-) 
  csa_tree_add_184_79_groupi_g2201/ZN -       A1->ZN F     NOR2_X1        2  3.1     8    12     163    (-,-) 
  st2_sum_mag_reg[0]/D                -       -      F     DFFR_X1        2    -     -     0     163    (-,-) 
#-------------------------------------------------------------------------------------------------------------

Capture clock path:
#----------------------------------------------------------------------------------------------
#     Timing Point      Flags   Arc   Edge   Cell     Fanout Load Trans Delay Arrival Instance 
#                                                            (fF)  (ps)  (ps)   (ps)  Location 
#----------------------------------------------------------------------------------------------
  clk                   (i)     -     R     (arrival)    136  0.0     0     0    1031    (-,-) 
  st2_sum_mag_reg[0]/CK <<<     -     R     DFFR_X1      136    -     1     0    1031    (-,-) 
#----------------------------------------------------------------------------------------------



Path 132: MET (847 ps) Setup Check with Pin st2_res_sign_reg/CK->SE
           View: view_1p2_25
          Group: clock1
     Startpoint: (R) st1_a_s_reg/CK
          Clock: (R) clock1
       Endpoint: (R) st2_res_sign_reg/SE
          Clock: (R) clock1

                     Capture       Launch     
        Clock Edge:+    1031            0     
       Src Latency:+       0            0     
       Net Latency:+       0 (I)        0 (I) 
           Arrival:=    1031            0     
                                              
             Setup:-      84                  
       Uncertainty:-       0                  
     Required Time:=     946                  
      Launch Clock:-       0                  
         Data Path:-      99                  
             Slack:=     847                  

Launch clock path:
#---------------------------------------------------------------------------------------
# Timing Point   Flags   Arc   Edge   Cell     Fanout Load Trans Delay Arrival Instance 
#                                                     (fF)  (ps)  (ps)   (ps)  Location 
#---------------------------------------------------------------------------------------
  clk            (i)     -     R     (arrival)    136  0.0     0     0       0    (-,-) 
  st1_a_s_reg/CK <<<     -     R     SDFFR_X1     136    -     1     0       0    (-,-) 
#---------------------------------------------------------------------------------------

#---------------------------------------------------------------------------------------------
#    Timing Point     Flags    Arc   Edge   Cell     Fanout Load Trans Delay Arrival Instance 
#                                                           (fF)  (ps)  (ps)   (ps)  Location 
#---------------------------------------------------------------------------------------------
  st1_a_s_reg/CK      -       -      R     (arrival)    136    -     1     0       0    (-,-) 
  st1_a_s_reg/QN      -       CK->QN R     SDFFR_X1       1  2.3    11    99      99    (-,-) 
  st2_res_sign_reg/SE -       -      R     SDFFR_X1       1    -     -     0      99    (-,-) 
#---------------------------------------------------------------------------------------------

Capture clock path:
#--------------------------------------------------------------------------------------------
#    Timing Point     Flags   Arc   Edge   Cell     Fanout Load Trans Delay Arrival Instance 
#                                                          (fF)  (ps)  (ps)   (ps)  Location 
#--------------------------------------------------------------------------------------------
  clk                 (i)     -     R     (arrival)    136  0.0     0     0    1031    (-,-) 
  st2_res_sign_reg/CK <<<     -     R     SDFFR_X1     136    -     1     0    1031    (-,-) 
#--------------------------------------------------------------------------------------------



Path 133: MET (859 ps) Setup Check with Pin st1_a_e_reg[7]/CK->D
           View: view_1p2_25
          Group: clock1
     Startpoint: (F) add_b[30]
          Clock: (R) clock1
       Endpoint: (F) st1_a_e_reg[7]/D
          Clock: (R) clock1

                     Capture       Launch     
        Clock Edge:+    1031            0     
        Drv Adjust:+       0            0     
       Src Latency:+       0            0     
       Net Latency:+       0 (I)        0 (I) 
           Arrival:=    1031            0     
                                              
             Setup:-      39                  
       Uncertainty:-       0                  
     Required Time:=     992                  
      Launch Clock:-       0                  
       Input Delay:-       1                  
         Data Path:-     132                  
             Slack:=     859                  

Exceptions/Constraints:
  input_delay              1              sysarr_4_input_fp_ad_line_21_34_1   

#------------------------------------------------------------------------------------------
#  Timing Point    Flags    Arc   Edge   Cell     Fanout Load Trans Delay Arrival Instance 
#                                                        (fF)  (ps)  (ps)   (ps)  Location 
#------------------------------------------------------------------------------------------
  add_b[30]        -       -      F     (arrival)      4  6.5     0     0       1    (-,-) 
  g89462/ZN        -       A->ZN  R     INV_X1         5  9.1    23    26      28    (-,-) 
  g89430/ZN        -       A1->ZN F     NAND2_X1       2  5.2    15    25      52    (-,-) 
  g89409/ZN        -       A->ZN  R     INV_X1         2  5.4    15    25      77    (-,-) 
  g89172/CO        -       A->CO  R     HA_X1          4  7.4    20    47     124    (-,-) 
  g89171/ZN        -       A->ZN  F     INV_X1         1  1.4     6     8     133    (-,-) 
  st1_a_e_reg[7]/D -       -      F     DFFR_X1        1    -     -     0     133    (-,-) 
#------------------------------------------------------------------------------------------

Capture clock path:
#------------------------------------------------------------------------------------------
#   Timing Point    Flags   Arc   Edge   Cell     Fanout Load Trans Delay Arrival Instance 
#                                                        (fF)  (ps)  (ps)   (ps)  Location 
#------------------------------------------------------------------------------------------
  clk               (i)     -     R     (arrival)    136  0.0     0     0    1031    (-,-) 
  st1_a_e_reg[7]/CK <<<     -     R     DFFR_X1      136    -     1     0    1031    (-,-) 
#------------------------------------------------------------------------------------------



Path 134: MET (899 ps) Setup Check with Pin st2_spec_res_reg[31]/CK->D
           View: view_1p2_25
          Group: clock1
     Startpoint: (R) st1_special_result_reg[31]/CK
          Clock: (R) clock1
       Endpoint: (R) st2_spec_res_reg[31]/D
          Clock: (R) clock1

                     Capture       Launch     
        Clock Edge:+    1031            0     
       Src Latency:+       0            0     
       Net Latency:+       0 (I)        0 (I) 
           Arrival:=    1031            0     
                                              
             Setup:-      33                  
       Uncertainty:-       0                  
     Required Time:=     998                  
      Launch Clock:-       0                  
         Data Path:-      99                  
             Slack:=     899                  

Launch clock path:
#------------------------------------------------------------------------------------------------------
#         Timing Point          Flags   Arc   Edge   Cell     Fanout Load Trans Delay Arrival Instance 
#                                                                    (fF)  (ps)  (ps)   (ps)  Location 
#------------------------------------------------------------------------------------------------------
  clk                           (i)     -     R     (arrival)    136  0.0     0     0       0    (-,-) 
  st1_special_result_reg[31]/CK <<<     -     R     DFFR_X1      136    -     1     0       0    (-,-) 
#------------------------------------------------------------------------------------------------------

#------------------------------------------------------------------------------------------------------
#         Timing Point          Flags   Arc   Edge   Cell     Fanout Load Trans Delay Arrival Instance 
#                                                                    (fF)  (ps)  (ps)   (ps)  Location 
#------------------------------------------------------------------------------------------------------
  st1_special_result_reg[31]/CK -       -     R     (arrival)    136    -     1     0       0    (-,-) 
  st1_special_result_reg[31]/Q  -       CK->Q R     DFFR_X1        1  1.4     9    99      99    (-,-) 
  st2_spec_res_reg[31]/D        -       -     R     DFFR_X1        1    -     -     0      99    (-,-) 
#------------------------------------------------------------------------------------------------------

Capture clock path:
#------------------------------------------------------------------------------------------------
#      Timing Point       Flags   Arc   Edge   Cell     Fanout Load Trans Delay Arrival Instance 
#                                                              (fF)  (ps)  (ps)   (ps)  Location 
#------------------------------------------------------------------------------------------------
  clk                     (i)     -     R     (arrival)    136  0.0     0     0    1031    (-,-) 
  st2_spec_res_reg[31]/CK <<<     -     R     DFFR_X1      136    -     1     0    1031    (-,-) 
#------------------------------------------------------------------------------------------------



Path 135: MET (899 ps) Setup Check with Pin st2_spec_res_reg[23]/CK->D
           View: view_1p2_25
          Group: clock1
     Startpoint: (R) st1_special_case_reg/CK
          Clock: (R) clock1
       Endpoint: (R) st2_spec_res_reg[23]/D
          Clock: (R) clock1

                     Capture       Launch     
        Clock Edge:+    1031            0     
       Src Latency:+       0            0     
       Net Latency:+       0 (I)        0 (I) 
           Arrival:=    1031            0     
                                              
             Setup:-      33                  
       Uncertainty:-       0                  
     Required Time:=     998                  
      Launch Clock:-       0                  
         Data Path:-      99                  
             Slack:=     899                  

Launch clock path:
#------------------------------------------------------------------------------------------------
#      Timing Point       Flags   Arc   Edge   Cell     Fanout Load Trans Delay Arrival Instance 
#                                                              (fF)  (ps)  (ps)   (ps)  Location 
#------------------------------------------------------------------------------------------------
  clk                     (i)     -     R     (arrival)    136  0.0     0     0       0    (-,-) 
  st1_special_case_reg/CK <<<     -     R     DFFR_X1      136    -     1     0       0    (-,-) 
#------------------------------------------------------------------------------------------------

#------------------------------------------------------------------------------------------------
#      Timing Point       Flags   Arc   Edge   Cell     Fanout Load Trans Delay Arrival Instance 
#                                                              (fF)  (ps)  (ps)   (ps)  Location 
#------------------------------------------------------------------------------------------------
  st1_special_case_reg/CK -       -     R     (arrival)    136    -     1     0       0    (-,-) 
  st1_special_case_reg/Q  -       CK->Q R     DFFR_X1        1  1.4     9    99      99    (-,-) 
  st2_spec_res_reg[23]/D  -       -     R     DFFR_X1        1    -     -     0      99    (-,-) 
#------------------------------------------------------------------------------------------------

Capture clock path:
#------------------------------------------------------------------------------------------------
#      Timing Point       Flags   Arc   Edge   Cell     Fanout Load Trans Delay Arrival Instance 
#                                                              (fF)  (ps)  (ps)   (ps)  Location 
#------------------------------------------------------------------------------------------------
  clk                     (i)     -     R     (arrival)    136  0.0     0     0    1031    (-,-) 
  st2_spec_res_reg[23]/CK <<<     -     R     DFFR_X1      136    -     1     0    1031    (-,-) 
#------------------------------------------------------------------------------------------------



Path 136: MET (899 ps) Setup Check with Pin st2_spec_res_reg[22]/CK->D
           View: view_1p2_25
          Group: clock1
     Startpoint: (R) st1_special_result_reg[22]/CK
          Clock: (R) clock1
       Endpoint: (R) st2_spec_res_reg[22]/D
          Clock: (R) clock1

                     Capture       Launch     
        Clock Edge:+    1031            0     
       Src Latency:+       0            0     
       Net Latency:+       0 (I)        0 (I) 
           Arrival:=    1031            0     
                                              
             Setup:-      33                  
       Uncertainty:-       0                  
     Required Time:=     998                  
      Launch Clock:-       0                  
         Data Path:-      99                  
             Slack:=     899                  

Launch clock path:
#------------------------------------------------------------------------------------------------------
#         Timing Point          Flags   Arc   Edge   Cell     Fanout Load Trans Delay Arrival Instance 
#                                                                    (fF)  (ps)  (ps)   (ps)  Location 
#------------------------------------------------------------------------------------------------------
  clk                           (i)     -     R     (arrival)    136  0.0     0     0       0    (-,-) 
  st1_special_result_reg[22]/CK <<<     -     R     DFFR_X1      136    -     1     0       0    (-,-) 
#------------------------------------------------------------------------------------------------------

#------------------------------------------------------------------------------------------------------
#         Timing Point          Flags   Arc   Edge   Cell     Fanout Load Trans Delay Arrival Instance 
#                                                                    (fF)  (ps)  (ps)   (ps)  Location 
#------------------------------------------------------------------------------------------------------
  st1_special_result_reg[22]/CK -       -     R     (arrival)    136    -     1     0       0    (-,-) 
  st1_special_result_reg[22]/Q  -       CK->Q R     DFFR_X1        1  1.4     9    99      99    (-,-) 
  st2_spec_res_reg[22]/D        -       -     R     DFFR_X1        1    -     -     0      99    (-,-) 
#------------------------------------------------------------------------------------------------------

Capture clock path:
#------------------------------------------------------------------------------------------------
#      Timing Point       Flags   Arc   Edge   Cell     Fanout Load Trans Delay Arrival Instance 
#                                                              (fF)  (ps)  (ps)   (ps)  Location 
#------------------------------------------------------------------------------------------------
  clk                     (i)     -     R     (arrival)    136  0.0     0     0    1031    (-,-) 
  st2_spec_res_reg[22]/CK <<<     -     R     DFFR_X1      136    -     1     0    1031    (-,-) 
#------------------------------------------------------------------------------------------------



Path 137: MET (899 ps) Setup Check with Pin st2_exp_base_reg[7]/CK->D
           View: view_1p2_25
          Group: clock1
     Startpoint: (R) st1_a_e_reg[7]/CK
          Clock: (R) clock1
       Endpoint: (R) st2_exp_base_reg[7]/D
          Clock: (R) clock1

                     Capture       Launch     
        Clock Edge:+    1031            0     
       Src Latency:+       0            0     
       Net Latency:+       0 (I)        0 (I) 
           Arrival:=    1031            0     
                                              
             Setup:-      33                  
       Uncertainty:-       0                  
     Required Time:=     998                  
      Launch Clock:-       0                  
         Data Path:-      99                  
             Slack:=     899                  

Launch clock path:
#------------------------------------------------------------------------------------------
#   Timing Point    Flags   Arc   Edge   Cell     Fanout Load Trans Delay Arrival Instance 
#                                                        (fF)  (ps)  (ps)   (ps)  Location 
#------------------------------------------------------------------------------------------
  clk               (i)     -     R     (arrival)    136  0.0     0     0       0    (-,-) 
  st1_a_e_reg[7]/CK <<<     -     R     DFFR_X1      136    -     1     0       0    (-,-) 
#------------------------------------------------------------------------------------------

#----------------------------------------------------------------------------------------------
#     Timing Point      Flags   Arc   Edge   Cell     Fanout Load Trans Delay Arrival Instance 
#                                                            (fF)  (ps)  (ps)   (ps)  Location 
#----------------------------------------------------------------------------------------------
  st1_a_e_reg[7]/CK     -       -     R     (arrival)    136    -     1     0       0    (-,-) 
  st1_a_e_reg[7]/Q      -       CK->Q R     DFFR_X1        1  1.4     9    99      99    (-,-) 
  st2_exp_base_reg[7]/D -       -     R     DFFR_X1        1    -     -     0      99    (-,-) 
#----------------------------------------------------------------------------------------------

Capture clock path:
#-----------------------------------------------------------------------------------------------
#     Timing Point       Flags   Arc   Edge   Cell     Fanout Load Trans Delay Arrival Instance 
#                                                             (fF)  (ps)  (ps)   (ps)  Location 
#-----------------------------------------------------------------------------------------------
  clk                    (i)     -     R     (arrival)    136  0.0     0     0    1031    (-,-) 
  st2_exp_base_reg[7]/CK <<<     -     R     DFFR_X1      136    -     1     0    1031    (-,-) 
#-----------------------------------------------------------------------------------------------



Path 138: MET (899 ps) Setup Check with Pin st2_exp_base_reg[6]/CK->D
           View: view_1p2_25
          Group: clock1
     Startpoint: (R) st1_a_e_reg[6]/CK
          Clock: (R) clock1
       Endpoint: (R) st2_exp_base_reg[6]/D
          Clock: (R) clock1

                     Capture       Launch     
        Clock Edge:+    1031            0     
       Src Latency:+       0            0     
       Net Latency:+       0 (I)        0 (I) 
           Arrival:=    1031            0     
                                              
             Setup:-      33                  
       Uncertainty:-       0                  
     Required Time:=     998                  
      Launch Clock:-       0                  
         Data Path:-      99                  
             Slack:=     899                  

Launch clock path:
#------------------------------------------------------------------------------------------
#   Timing Point    Flags   Arc   Edge   Cell     Fanout Load Trans Delay Arrival Instance 
#                                                        (fF)  (ps)  (ps)   (ps)  Location 
#------------------------------------------------------------------------------------------
  clk               (i)     -     R     (arrival)    136  0.0     0     0       0    (-,-) 
  st1_a_e_reg[6]/CK <<<     -     R     DFFR_X1      136    -     1     0       0    (-,-) 
#------------------------------------------------------------------------------------------

#----------------------------------------------------------------------------------------------
#     Timing Point      Flags   Arc   Edge   Cell     Fanout Load Trans Delay Arrival Instance 
#                                                            (fF)  (ps)  (ps)   (ps)  Location 
#----------------------------------------------------------------------------------------------
  st1_a_e_reg[6]/CK     -       -     R     (arrival)    136    -     1     0       0    (-,-) 
  st1_a_e_reg[6]/Q      -       CK->Q R     DFFR_X1        1  1.4     9    99      99    (-,-) 
  st2_exp_base_reg[6]/D -       -     R     DFFR_X1        1    -     -     0      99    (-,-) 
#----------------------------------------------------------------------------------------------

Capture clock path:
#-----------------------------------------------------------------------------------------------
#     Timing Point       Flags   Arc   Edge   Cell     Fanout Load Trans Delay Arrival Instance 
#                                                             (fF)  (ps)  (ps)   (ps)  Location 
#-----------------------------------------------------------------------------------------------
  clk                    (i)     -     R     (arrival)    136  0.0     0     0    1031    (-,-) 
  st2_exp_base_reg[6]/CK <<<     -     R     DFFR_X1      136    -     1     0    1031    (-,-) 
#-----------------------------------------------------------------------------------------------



Path 139: MET (899 ps) Setup Check with Pin st2_exp_base_reg[5]/CK->D
           View: view_1p2_25
          Group: clock1
     Startpoint: (R) st1_a_e_reg[5]/CK
          Clock: (R) clock1
       Endpoint: (R) st2_exp_base_reg[5]/D
          Clock: (R) clock1

                     Capture       Launch     
        Clock Edge:+    1031            0     
       Src Latency:+       0            0     
       Net Latency:+       0 (I)        0 (I) 
           Arrival:=    1031            0     
                                              
             Setup:-      33                  
       Uncertainty:-       0                  
     Required Time:=     998                  
      Launch Clock:-       0                  
         Data Path:-      99                  
             Slack:=     899                  

Launch clock path:
#------------------------------------------------------------------------------------------
#   Timing Point    Flags   Arc   Edge   Cell     Fanout Load Trans Delay Arrival Instance 
#                                                        (fF)  (ps)  (ps)   (ps)  Location 
#------------------------------------------------------------------------------------------
  clk               (i)     -     R     (arrival)    136  0.0     0     0       0    (-,-) 
  st1_a_e_reg[5]/CK <<<     -     R     DFFR_X1      136    -     1     0       0    (-,-) 
#------------------------------------------------------------------------------------------

#----------------------------------------------------------------------------------------------
#     Timing Point      Flags   Arc   Edge   Cell     Fanout Load Trans Delay Arrival Instance 
#                                                            (fF)  (ps)  (ps)   (ps)  Location 
#----------------------------------------------------------------------------------------------
  st1_a_e_reg[5]/CK     -       -     R     (arrival)    136    -     1     0       0    (-,-) 
  st1_a_e_reg[5]/Q      -       CK->Q R     DFFR_X1        1  1.4     9    99      99    (-,-) 
  st2_exp_base_reg[5]/D -       -     R     DFFR_X1        1    -     -     0      99    (-,-) 
#----------------------------------------------------------------------------------------------

Capture clock path:
#-----------------------------------------------------------------------------------------------
#     Timing Point       Flags   Arc   Edge   Cell     Fanout Load Trans Delay Arrival Instance 
#                                                             (fF)  (ps)  (ps)   (ps)  Location 
#-----------------------------------------------------------------------------------------------
  clk                    (i)     -     R     (arrival)    136  0.0     0     0    1031    (-,-) 
  st2_exp_base_reg[5]/CK <<<     -     R     DFFR_X1      136    -     1     0    1031    (-,-) 
#-----------------------------------------------------------------------------------------------



Path 140: MET (899 ps) Setup Check with Pin st2_exp_base_reg[4]/CK->D
           View: view_1p2_25
          Group: clock1
     Startpoint: (R) st1_a_e_reg[4]/CK
          Clock: (R) clock1
       Endpoint: (R) st2_exp_base_reg[4]/D
          Clock: (R) clock1

                     Capture       Launch     
        Clock Edge:+    1031            0     
       Src Latency:+       0            0     
       Net Latency:+       0 (I)        0 (I) 
           Arrival:=    1031            0     
                                              
             Setup:-      33                  
       Uncertainty:-       0                  
     Required Time:=     998                  
      Launch Clock:-       0                  
         Data Path:-      99                  
             Slack:=     899                  

Launch clock path:
#------------------------------------------------------------------------------------------
#   Timing Point    Flags   Arc   Edge   Cell     Fanout Load Trans Delay Arrival Instance 
#                                                        (fF)  (ps)  (ps)   (ps)  Location 
#------------------------------------------------------------------------------------------
  clk               (i)     -     R     (arrival)    136  0.0     0     0       0    (-,-) 
  st1_a_e_reg[4]/CK <<<     -     R     DFFR_X1      136    -     1     0       0    (-,-) 
#------------------------------------------------------------------------------------------

#----------------------------------------------------------------------------------------------
#     Timing Point      Flags   Arc   Edge   Cell     Fanout Load Trans Delay Arrival Instance 
#                                                            (fF)  (ps)  (ps)   (ps)  Location 
#----------------------------------------------------------------------------------------------
  st1_a_e_reg[4]/CK     -       -     R     (arrival)    136    -     1     0       0    (-,-) 
  st1_a_e_reg[4]/Q      -       CK->Q R     DFFR_X1        1  1.4     9    99      99    (-,-) 
  st2_exp_base_reg[4]/D -       -     R     DFFR_X1        1    -     -     0      99    (-,-) 
#----------------------------------------------------------------------------------------------

Capture clock path:
#-----------------------------------------------------------------------------------------------
#     Timing Point       Flags   Arc   Edge   Cell     Fanout Load Trans Delay Arrival Instance 
#                                                             (fF)  (ps)  (ps)   (ps)  Location 
#-----------------------------------------------------------------------------------------------
  clk                    (i)     -     R     (arrival)    136  0.0     0     0    1031    (-,-) 
  st2_exp_base_reg[4]/CK <<<     -     R     DFFR_X1      136    -     1     0    1031    (-,-) 
#-----------------------------------------------------------------------------------------------



Path 141: MET (899 ps) Setup Check with Pin st2_exp_base_reg[3]/CK->D
           View: view_1p2_25
          Group: clock1
     Startpoint: (R) st1_a_e_reg[3]/CK
          Clock: (R) clock1
       Endpoint: (R) st2_exp_base_reg[3]/D
          Clock: (R) clock1

                     Capture       Launch     
        Clock Edge:+    1031            0     
       Src Latency:+       0            0     
       Net Latency:+       0 (I)        0 (I) 
           Arrival:=    1031            0     
                                              
             Setup:-      33                  
       Uncertainty:-       0                  
     Required Time:=     998                  
      Launch Clock:-       0                  
         Data Path:-      99                  
             Slack:=     899                  

Launch clock path:
#------------------------------------------------------------------------------------------
#   Timing Point    Flags   Arc   Edge   Cell     Fanout Load Trans Delay Arrival Instance 
#                                                        (fF)  (ps)  (ps)   (ps)  Location 
#------------------------------------------------------------------------------------------
  clk               (i)     -     R     (arrival)    136  0.0     0     0       0    (-,-) 
  st1_a_e_reg[3]/CK <<<     -     R     DFFR_X1      136    -     1     0       0    (-,-) 
#------------------------------------------------------------------------------------------

#----------------------------------------------------------------------------------------------
#     Timing Point      Flags   Arc   Edge   Cell     Fanout Load Trans Delay Arrival Instance 
#                                                            (fF)  (ps)  (ps)   (ps)  Location 
#----------------------------------------------------------------------------------------------
  st1_a_e_reg[3]/CK     -       -     R     (arrival)    136    -     1     0       0    (-,-) 
  st1_a_e_reg[3]/Q      -       CK->Q R     DFFR_X1        1  1.4     9    99      99    (-,-) 
  st2_exp_base_reg[3]/D -       -     R     DFFR_X1        1    -     -     0      99    (-,-) 
#----------------------------------------------------------------------------------------------

Capture clock path:
#-----------------------------------------------------------------------------------------------
#     Timing Point       Flags   Arc   Edge   Cell     Fanout Load Trans Delay Arrival Instance 
#                                                             (fF)  (ps)  (ps)   (ps)  Location 
#-----------------------------------------------------------------------------------------------
  clk                    (i)     -     R     (arrival)    136  0.0     0     0    1031    (-,-) 
  st2_exp_base_reg[3]/CK <<<     -     R     DFFR_X1      136    -     1     0    1031    (-,-) 
#-----------------------------------------------------------------------------------------------



Path 142: MET (899 ps) Setup Check with Pin st2_exp_base_reg[2]/CK->D
           View: view_1p2_25
          Group: clock1
     Startpoint: (R) st1_a_e_reg[2]/CK
          Clock: (R) clock1
       Endpoint: (R) st2_exp_base_reg[2]/D
          Clock: (R) clock1

                     Capture       Launch     
        Clock Edge:+    1031            0     
       Src Latency:+       0            0     
       Net Latency:+       0 (I)        0 (I) 
           Arrival:=    1031            0     
                                              
             Setup:-      33                  
       Uncertainty:-       0                  
     Required Time:=     998                  
      Launch Clock:-       0                  
         Data Path:-      99                  
             Slack:=     899                  

Launch clock path:
#------------------------------------------------------------------------------------------
#   Timing Point    Flags   Arc   Edge   Cell     Fanout Load Trans Delay Arrival Instance 
#                                                        (fF)  (ps)  (ps)   (ps)  Location 
#------------------------------------------------------------------------------------------
  clk               (i)     -     R     (arrival)    136  0.0     0     0       0    (-,-) 
  st1_a_e_reg[2]/CK <<<     -     R     DFFR_X1      136    -     1     0       0    (-,-) 
#------------------------------------------------------------------------------------------

#----------------------------------------------------------------------------------------------
#     Timing Point      Flags   Arc   Edge   Cell     Fanout Load Trans Delay Arrival Instance 
#                                                            (fF)  (ps)  (ps)   (ps)  Location 
#----------------------------------------------------------------------------------------------
  st1_a_e_reg[2]/CK     -       -     R     (arrival)    136    -     1     0       0    (-,-) 
  st1_a_e_reg[2]/Q      -       CK->Q R     DFFR_X1        1  1.4     9    99      99    (-,-) 
  st2_exp_base_reg[2]/D -       -     R     DFFR_X1        1    -     -     0      99    (-,-) 
#----------------------------------------------------------------------------------------------

Capture clock path:
#-----------------------------------------------------------------------------------------------
#     Timing Point       Flags   Arc   Edge   Cell     Fanout Load Trans Delay Arrival Instance 
#                                                             (fF)  (ps)  (ps)   (ps)  Location 
#-----------------------------------------------------------------------------------------------
  clk                    (i)     -     R     (arrival)    136  0.0     0     0    1031    (-,-) 
  st2_exp_base_reg[2]/CK <<<     -     R     DFFR_X1      136    -     1     0    1031    (-,-) 
#-----------------------------------------------------------------------------------------------



Path 143: MET (899 ps) Setup Check with Pin st2_exp_base_reg[1]/CK->D
           View: view_1p2_25
          Group: clock1
     Startpoint: (R) st1_a_e_reg[1]/CK
          Clock: (R) clock1
       Endpoint: (R) st2_exp_base_reg[1]/D
          Clock: (R) clock1

                     Capture       Launch     
        Clock Edge:+    1031            0     
       Src Latency:+       0            0     
       Net Latency:+       0 (I)        0 (I) 
           Arrival:=    1031            0     
                                              
             Setup:-      33                  
       Uncertainty:-       0                  
     Required Time:=     998                  
      Launch Clock:-       0                  
         Data Path:-      99                  
             Slack:=     899                  

Launch clock path:
#------------------------------------------------------------------------------------------
#   Timing Point    Flags   Arc   Edge   Cell     Fanout Load Trans Delay Arrival Instance 
#                                                        (fF)  (ps)  (ps)   (ps)  Location 
#------------------------------------------------------------------------------------------
  clk               (i)     -     R     (arrival)    136  0.0     0     0       0    (-,-) 
  st1_a_e_reg[1]/CK <<<     -     R     DFFR_X1      136    -     1     0       0    (-,-) 
#------------------------------------------------------------------------------------------

#----------------------------------------------------------------------------------------------
#     Timing Point      Flags   Arc   Edge   Cell     Fanout Load Trans Delay Arrival Instance 
#                                                            (fF)  (ps)  (ps)   (ps)  Location 
#----------------------------------------------------------------------------------------------
  st1_a_e_reg[1]/CK     -       -     R     (arrival)    136    -     1     0       0    (-,-) 
  st1_a_e_reg[1]/Q      -       CK->Q R     DFFR_X1        1  1.4     9    99      99    (-,-) 
  st2_exp_base_reg[1]/D -       -     R     DFFR_X1        1    -     -     0      99    (-,-) 
#----------------------------------------------------------------------------------------------

Capture clock path:
#-----------------------------------------------------------------------------------------------
#     Timing Point       Flags   Arc   Edge   Cell     Fanout Load Trans Delay Arrival Instance 
#                                                             (fF)  (ps)  (ps)   (ps)  Location 
#-----------------------------------------------------------------------------------------------
  clk                    (i)     -     R     (arrival)    136  0.0     0     0    1031    (-,-) 
  st2_exp_base_reg[1]/CK <<<     -     R     DFFR_X1      136    -     1     0    1031    (-,-) 
#-----------------------------------------------------------------------------------------------



Path 144: MET (899 ps) Setup Check with Pin st2_exp_base_reg[0]/CK->D
           View: view_1p2_25
          Group: clock1
     Startpoint: (R) st1_a_e_reg[0]/CK
          Clock: (R) clock1
       Endpoint: (R) st2_exp_base_reg[0]/D
          Clock: (R) clock1

                     Capture       Launch     
        Clock Edge:+    1031            0     
       Src Latency:+       0            0     
       Net Latency:+       0 (I)        0 (I) 
           Arrival:=    1031            0     
                                              
             Setup:-      33                  
       Uncertainty:-       0                  
     Required Time:=     998                  
      Launch Clock:-       0                  
         Data Path:-      99                  
             Slack:=     899                  

Launch clock path:
#------------------------------------------------------------------------------------------
#   Timing Point    Flags   Arc   Edge   Cell     Fanout Load Trans Delay Arrival Instance 
#                                                        (fF)  (ps)  (ps)   (ps)  Location 
#------------------------------------------------------------------------------------------
  clk               (i)     -     R     (arrival)    136  0.0     0     0       0    (-,-) 
  st1_a_e_reg[0]/CK <<<     -     R     DFFR_X1      136    -     1     0       0    (-,-) 
#------------------------------------------------------------------------------------------

#----------------------------------------------------------------------------------------------
#     Timing Point      Flags   Arc   Edge   Cell     Fanout Load Trans Delay Arrival Instance 
#                                                            (fF)  (ps)  (ps)   (ps)  Location 
#----------------------------------------------------------------------------------------------
  st1_a_e_reg[0]/CK     -       -     R     (arrival)    136    -     1     0       0    (-,-) 
  st1_a_e_reg[0]/Q      -       CK->Q R     DFFR_X1        1  1.4     9    99      99    (-,-) 
  st2_exp_base_reg[0]/D -       -     R     DFFR_X1        1    -     -     0      99    (-,-) 
#----------------------------------------------------------------------------------------------

Capture clock path:
#-----------------------------------------------------------------------------------------------
#     Timing Point       Flags   Arc   Edge   Cell     Fanout Load Trans Delay Arrival Instance 
#                                                             (fF)  (ps)  (ps)   (ps)  Location 
#-----------------------------------------------------------------------------------------------
  clk                    (i)     -     R     (arrival)    136  0.0     0     0    1031    (-,-) 
  st2_exp_base_reg[0]/CK <<<     -     R     DFFR_X1      136    -     1     0    1031    (-,-) 
#-----------------------------------------------------------------------------------------------



Path 145: MET (934 ps) Late External Delay Assertion at pin add_out[0]
           View: view_1p2_25
          Group: clock1
     Startpoint: (R) add_out_reg[0]/CK
          Clock: (R) clock1
       Endpoint: (R) add_out[0]
          Clock: (R) clock1

                     Capture       Launch     
        Clock Edge:+    1031            0     
       Src Latency:+       0            0     
       Net Latency:+       0 (I)        0 (I) 
           Arrival:=    1031            0     
                                              
      Output Delay:-       1                  
       Uncertainty:-       0                  
     Required Time:=    1030                  
      Launch Clock:-       0                  
         Data Path:-      96                  
             Slack:=     934                  

Exceptions/Constraints:
  output_delay              1              sysarr_4_input_fp_ad_line_22_158_1   

Launch clock path:
#------------------------------------------------------------------------------------------
#   Timing Point    Flags   Arc   Edge   Cell     Fanout Load Trans Delay Arrival Instance 
#                                                        (fF)  (ps)  (ps)   (ps)  Location 
#------------------------------------------------------------------------------------------
  clk               (i)     -     R     (arrival)    136  0.0     0     0       0    (-,-) 
  add_out_reg[0]/CK <<<     -     R     DFFR_X1      136    -     1     0       0    (-,-) 
#------------------------------------------------------------------------------------------

#------------------------------------------------------------------------------------------
#   Timing Point    Flags   Arc   Edge   Cell     Fanout Load Trans Delay Arrival Instance 
#                                                        (fF)  (ps)  (ps)   (ps)  Location 
#------------------------------------------------------------------------------------------
  add_out_reg[0]/CK -       -     R     (arrival)    136    -     1     0       0    (-,-) 
  add_out_reg[0]/Q  -       CK->Q R     DFFR_X1        1  0.3     7    96      96    (-,-) 
  add_out[0]        -       -     R     (port)         -    -     -     0      96    (-,-) 
#------------------------------------------------------------------------------------------



Path 146: MET (934 ps) Late External Delay Assertion at pin add_out[1]
           View: view_1p2_25
          Group: clock1
     Startpoint: (R) add_out_reg[1]/CK
          Clock: (R) clock1
       Endpoint: (R) add_out[1]
          Clock: (R) clock1

                     Capture       Launch     
        Clock Edge:+    1031            0     
       Src Latency:+       0            0     
       Net Latency:+       0 (I)        0 (I) 
           Arrival:=    1031            0     
                                              
      Output Delay:-       1                  
       Uncertainty:-       0                  
     Required Time:=    1030                  
      Launch Clock:-       0                  
         Data Path:-      96                  
             Slack:=     934                  

Exceptions/Constraints:
  output_delay              1              sysarr_4_input_fp_ad_line_22_157_1   

Launch clock path:
#------------------------------------------------------------------------------------------
#   Timing Point    Flags   Arc   Edge   Cell     Fanout Load Trans Delay Arrival Instance 
#                                                        (fF)  (ps)  (ps)   (ps)  Location 
#------------------------------------------------------------------------------------------
  clk               (i)     -     R     (arrival)    136  0.0     0     0       0    (-,-) 
  add_out_reg[1]/CK <<<     -     R     DFFR_X1      136    -     1     0       0    (-,-) 
#------------------------------------------------------------------------------------------

#------------------------------------------------------------------------------------------
#   Timing Point    Flags   Arc   Edge   Cell     Fanout Load Trans Delay Arrival Instance 
#                                                        (fF)  (ps)  (ps)   (ps)  Location 
#------------------------------------------------------------------------------------------
  add_out_reg[1]/CK -       -     R     (arrival)    136    -     1     0       0    (-,-) 
  add_out_reg[1]/Q  -       CK->Q R     DFFR_X1        1  0.3     7    96      96    (-,-) 
  add_out[1]        -       -     R     (port)         -    -     -     0      96    (-,-) 
#------------------------------------------------------------------------------------------



Path 147: MET (934 ps) Late External Delay Assertion at pin add_out[2]
           View: view_1p2_25
          Group: clock1
     Startpoint: (R) add_out_reg[2]/CK
          Clock: (R) clock1
       Endpoint: (R) add_out[2]
          Clock: (R) clock1

                     Capture       Launch     
        Clock Edge:+    1031            0     
       Src Latency:+       0            0     
       Net Latency:+       0 (I)        0 (I) 
           Arrival:=    1031            0     
                                              
      Output Delay:-       1                  
       Uncertainty:-       0                  
     Required Time:=    1030                  
      Launch Clock:-       0                  
         Data Path:-      96                  
             Slack:=     934                  

Exceptions/Constraints:
  output_delay              1              sysarr_4_input_fp_ad_line_22_156_1   

Launch clock path:
#------------------------------------------------------------------------------------------
#   Timing Point    Flags   Arc   Edge   Cell     Fanout Load Trans Delay Arrival Instance 
#                                                        (fF)  (ps)  (ps)   (ps)  Location 
#------------------------------------------------------------------------------------------
  clk               (i)     -     R     (arrival)    136  0.0     0     0       0    (-,-) 
  add_out_reg[2]/CK <<<     -     R     DFFR_X1      136    -     1     0       0    (-,-) 
#------------------------------------------------------------------------------------------

#------------------------------------------------------------------------------------------
#   Timing Point    Flags   Arc   Edge   Cell     Fanout Load Trans Delay Arrival Instance 
#                                                        (fF)  (ps)  (ps)   (ps)  Location 
#------------------------------------------------------------------------------------------
  add_out_reg[2]/CK -       -     R     (arrival)    136    -     1     0       0    (-,-) 
  add_out_reg[2]/Q  -       CK->Q R     DFFR_X1        1  0.3     7    96      96    (-,-) 
  add_out[2]        -       -     R     (port)         -    -     -     0      96    (-,-) 
#------------------------------------------------------------------------------------------



Path 148: MET (934 ps) Late External Delay Assertion at pin add_out[3]
           View: view_1p2_25
          Group: clock1
     Startpoint: (R) add_out_reg[3]/CK
          Clock: (R) clock1
       Endpoint: (R) add_out[3]
          Clock: (R) clock1

                     Capture       Launch     
        Clock Edge:+    1031            0     
       Src Latency:+       0            0     
       Net Latency:+       0 (I)        0 (I) 
           Arrival:=    1031            0     
                                              
      Output Delay:-       1                  
       Uncertainty:-       0                  
     Required Time:=    1030                  
      Launch Clock:-       0                  
         Data Path:-      96                  
             Slack:=     934                  

Exceptions/Constraints:
  output_delay              1              sysarr_4_input_fp_ad_line_22_155_1   

Launch clock path:
#------------------------------------------------------------------------------------------
#   Timing Point    Flags   Arc   Edge   Cell     Fanout Load Trans Delay Arrival Instance 
#                                                        (fF)  (ps)  (ps)   (ps)  Location 
#------------------------------------------------------------------------------------------
  clk               (i)     -     R     (arrival)    136  0.0     0     0       0    (-,-) 
  add_out_reg[3]/CK <<<     -     R     DFFR_X1      136    -     1     0       0    (-,-) 
#------------------------------------------------------------------------------------------

#------------------------------------------------------------------------------------------
#   Timing Point    Flags   Arc   Edge   Cell     Fanout Load Trans Delay Arrival Instance 
#                                                        (fF)  (ps)  (ps)   (ps)  Location 
#------------------------------------------------------------------------------------------
  add_out_reg[3]/CK -       -     R     (arrival)    136    -     1     0       0    (-,-) 
  add_out_reg[3]/Q  -       CK->Q R     DFFR_X1        1  0.3     7    96      96    (-,-) 
  add_out[3]        -       -     R     (port)         -    -     -     0      96    (-,-) 
#------------------------------------------------------------------------------------------



Path 149: MET (934 ps) Late External Delay Assertion at pin add_out[4]
           View: view_1p2_25
          Group: clock1
     Startpoint: (R) add_out_reg[4]/CK
          Clock: (R) clock1
       Endpoint: (R) add_out[4]
          Clock: (R) clock1

                     Capture       Launch     
        Clock Edge:+    1031            0     
       Src Latency:+       0            0     
       Net Latency:+       0 (I)        0 (I) 
           Arrival:=    1031            0     
                                              
      Output Delay:-       1                  
       Uncertainty:-       0                  
     Required Time:=    1030                  
      Launch Clock:-       0                  
         Data Path:-      96                  
             Slack:=     934                  

Exceptions/Constraints:
  output_delay              1              sysarr_4_input_fp_ad_line_22_154_1   

Launch clock path:
#------------------------------------------------------------------------------------------
#   Timing Point    Flags   Arc   Edge   Cell     Fanout Load Trans Delay Arrival Instance 
#                                                        (fF)  (ps)  (ps)   (ps)  Location 
#------------------------------------------------------------------------------------------
  clk               (i)     -     R     (arrival)    136  0.0     0     0       0    (-,-) 
  add_out_reg[4]/CK <<<     -     R     DFFR_X1      136    -     1     0       0    (-,-) 
#------------------------------------------------------------------------------------------

#------------------------------------------------------------------------------------------
#   Timing Point    Flags   Arc   Edge   Cell     Fanout Load Trans Delay Arrival Instance 
#                                                        (fF)  (ps)  (ps)   (ps)  Location 
#------------------------------------------------------------------------------------------
  add_out_reg[4]/CK -       -     R     (arrival)    136    -     1     0       0    (-,-) 
  add_out_reg[4]/Q  -       CK->Q R     DFFR_X1        1  0.3     7    96      96    (-,-) 
  add_out[4]        -       -     R     (port)         -    -     -     0      96    (-,-) 
#------------------------------------------------------------------------------------------



Path 150: MET (934 ps) Late External Delay Assertion at pin add_out[5]
           View: view_1p2_25
          Group: clock1
     Startpoint: (R) add_out_reg[5]/CK
          Clock: (R) clock1
       Endpoint: (R) add_out[5]
          Clock: (R) clock1

                     Capture       Launch     
        Clock Edge:+    1031            0     
       Src Latency:+       0            0     
       Net Latency:+       0 (I)        0 (I) 
           Arrival:=    1031            0     
                                              
      Output Delay:-       1                  
       Uncertainty:-       0                  
     Required Time:=    1030                  
      Launch Clock:-       0                  
         Data Path:-      96                  
             Slack:=     934                  

Exceptions/Constraints:
  output_delay              1              sysarr_4_input_fp_ad_line_22_153_1   

Launch clock path:
#------------------------------------------------------------------------------------------
#   Timing Point    Flags   Arc   Edge   Cell     Fanout Load Trans Delay Arrival Instance 
#                                                        (fF)  (ps)  (ps)   (ps)  Location 
#------------------------------------------------------------------------------------------
  clk               (i)     -     R     (arrival)    136  0.0     0     0       0    (-,-) 
  add_out_reg[5]/CK <<<     -     R     DFFR_X1      136    -     1     0       0    (-,-) 
#------------------------------------------------------------------------------------------

#------------------------------------------------------------------------------------------
#   Timing Point    Flags   Arc   Edge   Cell     Fanout Load Trans Delay Arrival Instance 
#                                                        (fF)  (ps)  (ps)   (ps)  Location 
#------------------------------------------------------------------------------------------
  add_out_reg[5]/CK -       -     R     (arrival)    136    -     1     0       0    (-,-) 
  add_out_reg[5]/Q  -       CK->Q R     DFFR_X1        1  0.3     7    96      96    (-,-) 
  add_out[5]        -       -     R     (port)         -    -     -     0      96    (-,-) 
#------------------------------------------------------------------------------------------



Path 151: MET (934 ps) Late External Delay Assertion at pin add_out[6]
           View: view_1p2_25
          Group: clock1
     Startpoint: (R) add_out_reg[6]/CK
          Clock: (R) clock1
       Endpoint: (R) add_out[6]
          Clock: (R) clock1

                     Capture       Launch     
        Clock Edge:+    1031            0     
       Src Latency:+       0            0     
       Net Latency:+       0 (I)        0 (I) 
           Arrival:=    1031            0     
                                              
      Output Delay:-       1                  
       Uncertainty:-       0                  
     Required Time:=    1030                  
      Launch Clock:-       0                  
         Data Path:-      96                  
             Slack:=     934                  

Exceptions/Constraints:
  output_delay              1              sysarr_4_input_fp_ad_line_22_152_1   

Launch clock path:
#------------------------------------------------------------------------------------------
#   Timing Point    Flags   Arc   Edge   Cell     Fanout Load Trans Delay Arrival Instance 
#                                                        (fF)  (ps)  (ps)   (ps)  Location 
#------------------------------------------------------------------------------------------
  clk               (i)     -     R     (arrival)    136  0.0     0     0       0    (-,-) 
  add_out_reg[6]/CK <<<     -     R     DFFR_X1      136    -     1     0       0    (-,-) 
#------------------------------------------------------------------------------------------

#------------------------------------------------------------------------------------------
#   Timing Point    Flags   Arc   Edge   Cell     Fanout Load Trans Delay Arrival Instance 
#                                                        (fF)  (ps)  (ps)   (ps)  Location 
#------------------------------------------------------------------------------------------
  add_out_reg[6]/CK -       -     R     (arrival)    136    -     1     0       0    (-,-) 
  add_out_reg[6]/Q  -       CK->Q R     DFFR_X1        1  0.3     7    96      96    (-,-) 
  add_out[6]        -       -     R     (port)         -    -     -     0      96    (-,-) 
#------------------------------------------------------------------------------------------



Path 152: MET (934 ps) Late External Delay Assertion at pin add_out[7]
           View: view_1p2_25
          Group: clock1
     Startpoint: (R) add_out_reg[7]/CK
          Clock: (R) clock1
       Endpoint: (R) add_out[7]
          Clock: (R) clock1

                     Capture       Launch     
        Clock Edge:+    1031            0     
       Src Latency:+       0            0     
       Net Latency:+       0 (I)        0 (I) 
           Arrival:=    1031            0     
                                              
      Output Delay:-       1                  
       Uncertainty:-       0                  
     Required Time:=    1030                  
      Launch Clock:-       0                  
         Data Path:-      96                  
             Slack:=     934                  

Exceptions/Constraints:
  output_delay              1              sysarr_4_input_fp_ad_line_22_151_1   

Launch clock path:
#------------------------------------------------------------------------------------------
#   Timing Point    Flags   Arc   Edge   Cell     Fanout Load Trans Delay Arrival Instance 
#                                                        (fF)  (ps)  (ps)   (ps)  Location 
#------------------------------------------------------------------------------------------
  clk               (i)     -     R     (arrival)    136  0.0     0     0       0    (-,-) 
  add_out_reg[7]/CK <<<     -     R     DFFR_X1      136    -     1     0       0    (-,-) 
#------------------------------------------------------------------------------------------

#------------------------------------------------------------------------------------------
#   Timing Point    Flags   Arc   Edge   Cell     Fanout Load Trans Delay Arrival Instance 
#                                                        (fF)  (ps)  (ps)   (ps)  Location 
#------------------------------------------------------------------------------------------
  add_out_reg[7]/CK -       -     R     (arrival)    136    -     1     0       0    (-,-) 
  add_out_reg[7]/Q  -       CK->Q R     DFFR_X1        1  0.3     7    96      96    (-,-) 
  add_out[7]        -       -     R     (port)         -    -     -     0      96    (-,-) 
#------------------------------------------------------------------------------------------



Path 153: MET (934 ps) Late External Delay Assertion at pin add_out[8]
           View: view_1p2_25
          Group: clock1
     Startpoint: (R) add_out_reg[8]/CK
          Clock: (R) clock1
       Endpoint: (R) add_out[8]
          Clock: (R) clock1

                     Capture       Launch     
        Clock Edge:+    1031            0     
       Src Latency:+       0            0     
       Net Latency:+       0 (I)        0 (I) 
           Arrival:=    1031            0     
                                              
      Output Delay:-       1                  
       Uncertainty:-       0                  
     Required Time:=    1030                  
      Launch Clock:-       0                  
         Data Path:-      96                  
             Slack:=     934                  

Exceptions/Constraints:
  output_delay              1              sysarr_4_input_fp_ad_line_22_150_1   

Launch clock path:
#------------------------------------------------------------------------------------------
#   Timing Point    Flags   Arc   Edge   Cell     Fanout Load Trans Delay Arrival Instance 
#                                                        (fF)  (ps)  (ps)   (ps)  Location 
#------------------------------------------------------------------------------------------
  clk               (i)     -     R     (arrival)    136  0.0     0     0       0    (-,-) 
  add_out_reg[8]/CK <<<     -     R     DFFR_X1      136    -     1     0       0    (-,-) 
#------------------------------------------------------------------------------------------

#------------------------------------------------------------------------------------------
#   Timing Point    Flags   Arc   Edge   Cell     Fanout Load Trans Delay Arrival Instance 
#                                                        (fF)  (ps)  (ps)   (ps)  Location 
#------------------------------------------------------------------------------------------
  add_out_reg[8]/CK -       -     R     (arrival)    136    -     1     0       0    (-,-) 
  add_out_reg[8]/Q  -       CK->Q R     DFFR_X1        1  0.3     7    96      96    (-,-) 
  add_out[8]        -       -     R     (port)         -    -     -     0      96    (-,-) 
#------------------------------------------------------------------------------------------



Path 154: MET (934 ps) Late External Delay Assertion at pin add_out[9]
           View: view_1p2_25
          Group: clock1
     Startpoint: (R) add_out_reg[9]/CK
          Clock: (R) clock1
       Endpoint: (R) add_out[9]
          Clock: (R) clock1

                     Capture       Launch     
        Clock Edge:+    1031            0     
       Src Latency:+       0            0     
       Net Latency:+       0 (I)        0 (I) 
           Arrival:=    1031            0     
                                              
      Output Delay:-       1                  
       Uncertainty:-       0                  
     Required Time:=    1030                  
      Launch Clock:-       0                  
         Data Path:-      96                  
             Slack:=     934                  

Exceptions/Constraints:
  output_delay              1              sysarr_4_input_fp_ad_line_22_149_1   

Launch clock path:
#------------------------------------------------------------------------------------------
#   Timing Point    Flags   Arc   Edge   Cell     Fanout Load Trans Delay Arrival Instance 
#                                                        (fF)  (ps)  (ps)   (ps)  Location 
#------------------------------------------------------------------------------------------
  clk               (i)     -     R     (arrival)    136  0.0     0     0       0    (-,-) 
  add_out_reg[9]/CK <<<     -     R     DFFR_X1      136    -     1     0       0    (-,-) 
#------------------------------------------------------------------------------------------

#------------------------------------------------------------------------------------------
#   Timing Point    Flags   Arc   Edge   Cell     Fanout Load Trans Delay Arrival Instance 
#                                                        (fF)  (ps)  (ps)   (ps)  Location 
#------------------------------------------------------------------------------------------
  add_out_reg[9]/CK -       -     R     (arrival)    136    -     1     0       0    (-,-) 
  add_out_reg[9]/Q  -       CK->Q R     DFFR_X1        1  0.3     7    96      96    (-,-) 
  add_out[9]        -       -     R     (port)         -    -     -     0      96    (-,-) 
#------------------------------------------------------------------------------------------



Path 155: MET (934 ps) Late External Delay Assertion at pin add_out[10]
           View: view_1p2_25
          Group: clock1
     Startpoint: (R) add_out_reg[10]/CK
          Clock: (R) clock1
       Endpoint: (R) add_out[10]
          Clock: (R) clock1

                     Capture       Launch     
        Clock Edge:+    1031            0     
       Src Latency:+       0            0     
       Net Latency:+       0 (I)        0 (I) 
           Arrival:=    1031            0     
                                              
      Output Delay:-       1                  
       Uncertainty:-       0                  
     Required Time:=    1030                  
      Launch Clock:-       0                  
         Data Path:-      96                  
             Slack:=     934                  

Exceptions/Constraints:
  output_delay              1              sysarr_4_input_fp_ad_line_22_148_1   

Launch clock path:
#-------------------------------------------------------------------------------------------
#   Timing Point     Flags   Arc   Edge   Cell     Fanout Load Trans Delay Arrival Instance 
#                                                         (fF)  (ps)  (ps)   (ps)  Location 
#-------------------------------------------------------------------------------------------
  clk                (i)     -     R     (arrival)    136  0.0     0     0       0    (-,-) 
  add_out_reg[10]/CK <<<     -     R     DFFR_X1      136    -     1     0       0    (-,-) 
#-------------------------------------------------------------------------------------------

#-------------------------------------------------------------------------------------------
#   Timing Point     Flags   Arc   Edge   Cell     Fanout Load Trans Delay Arrival Instance 
#                                                         (fF)  (ps)  (ps)   (ps)  Location 
#-------------------------------------------------------------------------------------------
  add_out_reg[10]/CK -       -     R     (arrival)    136    -     1     0       0    (-,-) 
  add_out_reg[10]/Q  -       CK->Q R     DFFR_X1        1  0.3     7    96      96    (-,-) 
  add_out[10]        -       -     R     (port)         -    -     -     0      96    (-,-) 
#-------------------------------------------------------------------------------------------



Path 156: MET (934 ps) Late External Delay Assertion at pin add_out[11]
           View: view_1p2_25
          Group: clock1
     Startpoint: (R) add_out_reg[11]/CK
          Clock: (R) clock1
       Endpoint: (R) add_out[11]
          Clock: (R) clock1

                     Capture       Launch     
        Clock Edge:+    1031            0     
       Src Latency:+       0            0     
       Net Latency:+       0 (I)        0 (I) 
           Arrival:=    1031            0     
                                              
      Output Delay:-       1                  
       Uncertainty:-       0                  
     Required Time:=    1030                  
      Launch Clock:-       0                  
         Data Path:-      96                  
             Slack:=     934                  

Exceptions/Constraints:
  output_delay              1              sysarr_4_input_fp_ad_line_22_147_1   

Launch clock path:
#-------------------------------------------------------------------------------------------
#   Timing Point     Flags   Arc   Edge   Cell     Fanout Load Trans Delay Arrival Instance 
#                                                         (fF)  (ps)  (ps)   (ps)  Location 
#-------------------------------------------------------------------------------------------
  clk                (i)     -     R     (arrival)    136  0.0     0     0       0    (-,-) 
  add_out_reg[11]/CK <<<     -     R     DFFR_X1      136    -     1     0       0    (-,-) 
#-------------------------------------------------------------------------------------------

#-------------------------------------------------------------------------------------------
#   Timing Point     Flags   Arc   Edge   Cell     Fanout Load Trans Delay Arrival Instance 
#                                                         (fF)  (ps)  (ps)   (ps)  Location 
#-------------------------------------------------------------------------------------------
  add_out_reg[11]/CK -       -     R     (arrival)    136    -     1     0       0    (-,-) 
  add_out_reg[11]/Q  -       CK->Q R     DFFR_X1        1  0.3     7    96      96    (-,-) 
  add_out[11]        -       -     R     (port)         -    -     -     0      96    (-,-) 
#-------------------------------------------------------------------------------------------



Path 157: MET (934 ps) Late External Delay Assertion at pin add_out[12]
           View: view_1p2_25
          Group: clock1
     Startpoint: (R) add_out_reg[12]/CK
          Clock: (R) clock1
       Endpoint: (R) add_out[12]
          Clock: (R) clock1

                     Capture       Launch     
        Clock Edge:+    1031            0     
       Src Latency:+       0            0     
       Net Latency:+       0 (I)        0 (I) 
           Arrival:=    1031            0     
                                              
      Output Delay:-       1                  
       Uncertainty:-       0                  
     Required Time:=    1030                  
      Launch Clock:-       0                  
         Data Path:-      96                  
             Slack:=     934                  

Exceptions/Constraints:
  output_delay              1              sysarr_4_input_fp_ad_line_22_146_1   

Launch clock path:
#-------------------------------------------------------------------------------------------
#   Timing Point     Flags   Arc   Edge   Cell     Fanout Load Trans Delay Arrival Instance 
#                                                         (fF)  (ps)  (ps)   (ps)  Location 
#-------------------------------------------------------------------------------------------
  clk                (i)     -     R     (arrival)    136  0.0     0     0       0    (-,-) 
  add_out_reg[12]/CK <<<     -     R     DFFR_X1      136    -     1     0       0    (-,-) 
#-------------------------------------------------------------------------------------------

#-------------------------------------------------------------------------------------------
#   Timing Point     Flags   Arc   Edge   Cell     Fanout Load Trans Delay Arrival Instance 
#                                                         (fF)  (ps)  (ps)   (ps)  Location 
#-------------------------------------------------------------------------------------------
  add_out_reg[12]/CK -       -     R     (arrival)    136    -     1     0       0    (-,-) 
  add_out_reg[12]/Q  -       CK->Q R     DFFR_X1        1  0.3     7    96      96    (-,-) 
  add_out[12]        -       -     R     (port)         -    -     -     0      96    (-,-) 
#-------------------------------------------------------------------------------------------



Path 158: MET (934 ps) Late External Delay Assertion at pin add_out[13]
           View: view_1p2_25
          Group: clock1
     Startpoint: (R) add_out_reg[13]/CK
          Clock: (R) clock1
       Endpoint: (R) add_out[13]
          Clock: (R) clock1

                     Capture       Launch     
        Clock Edge:+    1031            0     
       Src Latency:+       0            0     
       Net Latency:+       0 (I)        0 (I) 
           Arrival:=    1031            0     
                                              
      Output Delay:-       1                  
       Uncertainty:-       0                  
     Required Time:=    1030                  
      Launch Clock:-       0                  
         Data Path:-      96                  
             Slack:=     934                  

Exceptions/Constraints:
  output_delay              1              sysarr_4_input_fp_ad_line_22_145_1   

Launch clock path:
#-------------------------------------------------------------------------------------------
#   Timing Point     Flags   Arc   Edge   Cell     Fanout Load Trans Delay Arrival Instance 
#                                                         (fF)  (ps)  (ps)   (ps)  Location 
#-------------------------------------------------------------------------------------------
  clk                (i)     -     R     (arrival)    136  0.0     0     0       0    (-,-) 
  add_out_reg[13]/CK <<<     -     R     DFFR_X1      136    -     1     0       0    (-,-) 
#-------------------------------------------------------------------------------------------

#-------------------------------------------------------------------------------------------
#   Timing Point     Flags   Arc   Edge   Cell     Fanout Load Trans Delay Arrival Instance 
#                                                         (fF)  (ps)  (ps)   (ps)  Location 
#-------------------------------------------------------------------------------------------
  add_out_reg[13]/CK -       -     R     (arrival)    136    -     1     0       0    (-,-) 
  add_out_reg[13]/Q  -       CK->Q R     DFFR_X1        1  0.3     7    96      96    (-,-) 
  add_out[13]        -       -     R     (port)         -    -     -     0      96    (-,-) 
#-------------------------------------------------------------------------------------------



Path 159: MET (934 ps) Late External Delay Assertion at pin add_out[14]
           View: view_1p2_25
          Group: clock1
     Startpoint: (R) add_out_reg[14]/CK
          Clock: (R) clock1
       Endpoint: (R) add_out[14]
          Clock: (R) clock1

                     Capture       Launch     
        Clock Edge:+    1031            0     
       Src Latency:+       0            0     
       Net Latency:+       0 (I)        0 (I) 
           Arrival:=    1031            0     
                                              
      Output Delay:-       1                  
       Uncertainty:-       0                  
     Required Time:=    1030                  
      Launch Clock:-       0                  
         Data Path:-      96                  
             Slack:=     934                  

Exceptions/Constraints:
  output_delay              1              sysarr_4_input_fp_ad_line_22_144_1   

Launch clock path:
#-------------------------------------------------------------------------------------------
#   Timing Point     Flags   Arc   Edge   Cell     Fanout Load Trans Delay Arrival Instance 
#                                                         (fF)  (ps)  (ps)   (ps)  Location 
#-------------------------------------------------------------------------------------------
  clk                (i)     -     R     (arrival)    136  0.0     0     0       0    (-,-) 
  add_out_reg[14]/CK <<<     -     R     DFFR_X1      136    -     1     0       0    (-,-) 
#-------------------------------------------------------------------------------------------

#-------------------------------------------------------------------------------------------
#   Timing Point     Flags   Arc   Edge   Cell     Fanout Load Trans Delay Arrival Instance 
#                                                         (fF)  (ps)  (ps)   (ps)  Location 
#-------------------------------------------------------------------------------------------
  add_out_reg[14]/CK -       -     R     (arrival)    136    -     1     0       0    (-,-) 
  add_out_reg[14]/Q  -       CK->Q R     DFFR_X1        1  0.3     7    96      96    (-,-) 
  add_out[14]        -       -     R     (port)         -    -     -     0      96    (-,-) 
#-------------------------------------------------------------------------------------------



Path 160: MET (934 ps) Late External Delay Assertion at pin add_out[15]
           View: view_1p2_25
          Group: clock1
     Startpoint: (R) add_out_reg[15]/CK
          Clock: (R) clock1
       Endpoint: (R) add_out[15]
          Clock: (R) clock1

                     Capture       Launch     
        Clock Edge:+    1031            0     
       Src Latency:+       0            0     
       Net Latency:+       0 (I)        0 (I) 
           Arrival:=    1031            0     
                                              
      Output Delay:-       1                  
       Uncertainty:-       0                  
     Required Time:=    1030                  
      Launch Clock:-       0                  
         Data Path:-      96                  
             Slack:=     934                  

Exceptions/Constraints:
  output_delay              1              sysarr_4_input_fp_ad_line_22_143_1   

Launch clock path:
#-------------------------------------------------------------------------------------------
#   Timing Point     Flags   Arc   Edge   Cell     Fanout Load Trans Delay Arrival Instance 
#                                                         (fF)  (ps)  (ps)   (ps)  Location 
#-------------------------------------------------------------------------------------------
  clk                (i)     -     R     (arrival)    136  0.0     0     0       0    (-,-) 
  add_out_reg[15]/CK <<<     -     R     DFFR_X1      136    -     1     0       0    (-,-) 
#-------------------------------------------------------------------------------------------

#-------------------------------------------------------------------------------------------
#   Timing Point     Flags   Arc   Edge   Cell     Fanout Load Trans Delay Arrival Instance 
#                                                         (fF)  (ps)  (ps)   (ps)  Location 
#-------------------------------------------------------------------------------------------
  add_out_reg[15]/CK -       -     R     (arrival)    136    -     1     0       0    (-,-) 
  add_out_reg[15]/Q  -       CK->Q R     DFFR_X1        1  0.3     7    96      96    (-,-) 
  add_out[15]        -       -     R     (port)         -    -     -     0      96    (-,-) 
#-------------------------------------------------------------------------------------------



Path 161: MET (934 ps) Late External Delay Assertion at pin add_out[16]
           View: view_1p2_25
          Group: clock1
     Startpoint: (R) add_out_reg[16]/CK
          Clock: (R) clock1
       Endpoint: (R) add_out[16]
          Clock: (R) clock1

                     Capture       Launch     
        Clock Edge:+    1031            0     
       Src Latency:+       0            0     
       Net Latency:+       0 (I)        0 (I) 
           Arrival:=    1031            0     
                                              
      Output Delay:-       1                  
       Uncertainty:-       0                  
     Required Time:=    1030                  
      Launch Clock:-       0                  
         Data Path:-      96                  
             Slack:=     934                  

Exceptions/Constraints:
  output_delay              1              sysarr_4_input_fp_ad_line_22_142_1   

Launch clock path:
#-------------------------------------------------------------------------------------------
#   Timing Point     Flags   Arc   Edge   Cell     Fanout Load Trans Delay Arrival Instance 
#                                                         (fF)  (ps)  (ps)   (ps)  Location 
#-------------------------------------------------------------------------------------------
  clk                (i)     -     R     (arrival)    136  0.0     0     0       0    (-,-) 
  add_out_reg[16]/CK <<<     -     R     DFFR_X1      136    -     1     0       0    (-,-) 
#-------------------------------------------------------------------------------------------

#-------------------------------------------------------------------------------------------
#   Timing Point     Flags   Arc   Edge   Cell     Fanout Load Trans Delay Arrival Instance 
#                                                         (fF)  (ps)  (ps)   (ps)  Location 
#-------------------------------------------------------------------------------------------
  add_out_reg[16]/CK -       -     R     (arrival)    136    -     1     0       0    (-,-) 
  add_out_reg[16]/Q  -       CK->Q R     DFFR_X1        1  0.3     7    96      96    (-,-) 
  add_out[16]        -       -     R     (port)         -    -     -     0      96    (-,-) 
#-------------------------------------------------------------------------------------------



Path 162: MET (934 ps) Late External Delay Assertion at pin add_out[17]
           View: view_1p2_25
          Group: clock1
     Startpoint: (R) add_out_reg[17]/CK
          Clock: (R) clock1
       Endpoint: (R) add_out[17]
          Clock: (R) clock1

                     Capture       Launch     
        Clock Edge:+    1031            0     
       Src Latency:+       0            0     
       Net Latency:+       0 (I)        0 (I) 
           Arrival:=    1031            0     
                                              
      Output Delay:-       1                  
       Uncertainty:-       0                  
     Required Time:=    1030                  
      Launch Clock:-       0                  
         Data Path:-      96                  
             Slack:=     934                  

Exceptions/Constraints:
  output_delay              1              sysarr_4_input_fp_ad_line_22_141_1   

Launch clock path:
#-------------------------------------------------------------------------------------------
#   Timing Point     Flags   Arc   Edge   Cell     Fanout Load Trans Delay Arrival Instance 
#                                                         (fF)  (ps)  (ps)   (ps)  Location 
#-------------------------------------------------------------------------------------------
  clk                (i)     -     R     (arrival)    136  0.0     0     0       0    (-,-) 
  add_out_reg[17]/CK <<<     -     R     DFFR_X1      136    -     1     0       0    (-,-) 
#-------------------------------------------------------------------------------------------

#-------------------------------------------------------------------------------------------
#   Timing Point     Flags   Arc   Edge   Cell     Fanout Load Trans Delay Arrival Instance 
#                                                         (fF)  (ps)  (ps)   (ps)  Location 
#-------------------------------------------------------------------------------------------
  add_out_reg[17]/CK -       -     R     (arrival)    136    -     1     0       0    (-,-) 
  add_out_reg[17]/Q  -       CK->Q R     DFFR_X1        1  0.3     7    96      96    (-,-) 
  add_out[17]        -       -     R     (port)         -    -     -     0      96    (-,-) 
#-------------------------------------------------------------------------------------------



Path 163: MET (934 ps) Late External Delay Assertion at pin add_out[18]
           View: view_1p2_25
          Group: clock1
     Startpoint: (R) add_out_reg[18]/CK
          Clock: (R) clock1
       Endpoint: (R) add_out[18]
          Clock: (R) clock1

                     Capture       Launch     
        Clock Edge:+    1031            0     
       Src Latency:+       0            0     
       Net Latency:+       0 (I)        0 (I) 
           Arrival:=    1031            0     
                                              
      Output Delay:-       1                  
       Uncertainty:-       0                  
     Required Time:=    1030                  
      Launch Clock:-       0                  
         Data Path:-      96                  
             Slack:=     934                  

Exceptions/Constraints:
  output_delay              1              sysarr_4_input_fp_ad_line_22_140_1   

Launch clock path:
#-------------------------------------------------------------------------------------------
#   Timing Point     Flags   Arc   Edge   Cell     Fanout Load Trans Delay Arrival Instance 
#                                                         (fF)  (ps)  (ps)   (ps)  Location 
#-------------------------------------------------------------------------------------------
  clk                (i)     -     R     (arrival)    136  0.0     0     0       0    (-,-) 
  add_out_reg[18]/CK <<<     -     R     DFFR_X1      136    -     1     0       0    (-,-) 
#-------------------------------------------------------------------------------------------

#-------------------------------------------------------------------------------------------
#   Timing Point     Flags   Arc   Edge   Cell     Fanout Load Trans Delay Arrival Instance 
#                                                         (fF)  (ps)  (ps)   (ps)  Location 
#-------------------------------------------------------------------------------------------
  add_out_reg[18]/CK -       -     R     (arrival)    136    -     1     0       0    (-,-) 
  add_out_reg[18]/Q  -       CK->Q R     DFFR_X1        1  0.3     7    96      96    (-,-) 
  add_out[18]        -       -     R     (port)         -    -     -     0      96    (-,-) 
#-------------------------------------------------------------------------------------------



Path 164: MET (934 ps) Late External Delay Assertion at pin add_out[19]
           View: view_1p2_25
          Group: clock1
     Startpoint: (R) add_out_reg[19]/CK
          Clock: (R) clock1
       Endpoint: (R) add_out[19]
          Clock: (R) clock1

                     Capture       Launch     
        Clock Edge:+    1031            0     
       Src Latency:+       0            0     
       Net Latency:+       0 (I)        0 (I) 
           Arrival:=    1031            0     
                                              
      Output Delay:-       1                  
       Uncertainty:-       0                  
     Required Time:=    1030                  
      Launch Clock:-       0                  
         Data Path:-      96                  
             Slack:=     934                  

Exceptions/Constraints:
  output_delay              1              sysarr_4_input_fp_ad_line_22_139_1   

Launch clock path:
#-------------------------------------------------------------------------------------------
#   Timing Point     Flags   Arc   Edge   Cell     Fanout Load Trans Delay Arrival Instance 
#                                                         (fF)  (ps)  (ps)   (ps)  Location 
#-------------------------------------------------------------------------------------------
  clk                (i)     -     R     (arrival)    136  0.0     0     0       0    (-,-) 
  add_out_reg[19]/CK <<<     -     R     DFFR_X1      136    -     1     0       0    (-,-) 
#-------------------------------------------------------------------------------------------

#-------------------------------------------------------------------------------------------
#   Timing Point     Flags   Arc   Edge   Cell     Fanout Load Trans Delay Arrival Instance 
#                                                         (fF)  (ps)  (ps)   (ps)  Location 
#-------------------------------------------------------------------------------------------
  add_out_reg[19]/CK -       -     R     (arrival)    136    -     1     0       0    (-,-) 
  add_out_reg[19]/Q  -       CK->Q R     DFFR_X1        1  0.3     7    96      96    (-,-) 
  add_out[19]        -       -     R     (port)         -    -     -     0      96    (-,-) 
#-------------------------------------------------------------------------------------------



Path 165: MET (934 ps) Late External Delay Assertion at pin add_out[20]
           View: view_1p2_25
          Group: clock1
     Startpoint: (R) add_out_reg[20]/CK
          Clock: (R) clock1
       Endpoint: (R) add_out[20]
          Clock: (R) clock1

                     Capture       Launch     
        Clock Edge:+    1031            0     
       Src Latency:+       0            0     
       Net Latency:+       0 (I)        0 (I) 
           Arrival:=    1031            0     
                                              
      Output Delay:-       1                  
       Uncertainty:-       0                  
     Required Time:=    1030                  
      Launch Clock:-       0                  
         Data Path:-      96                  
             Slack:=     934                  

Exceptions/Constraints:
  output_delay              1              sysarr_4_input_fp_ad_line_22_138_1   

Launch clock path:
#-------------------------------------------------------------------------------------------
#   Timing Point     Flags   Arc   Edge   Cell     Fanout Load Trans Delay Arrival Instance 
#                                                         (fF)  (ps)  (ps)   (ps)  Location 
#-------------------------------------------------------------------------------------------
  clk                (i)     -     R     (arrival)    136  0.0     0     0       0    (-,-) 
  add_out_reg[20]/CK <<<     -     R     DFFR_X1      136    -     1     0       0    (-,-) 
#-------------------------------------------------------------------------------------------

#-------------------------------------------------------------------------------------------
#   Timing Point     Flags   Arc   Edge   Cell     Fanout Load Trans Delay Arrival Instance 
#                                                         (fF)  (ps)  (ps)   (ps)  Location 
#-------------------------------------------------------------------------------------------
  add_out_reg[20]/CK -       -     R     (arrival)    136    -     1     0       0    (-,-) 
  add_out_reg[20]/Q  -       CK->Q R     DFFR_X1        1  0.3     7    96      96    (-,-) 
  add_out[20]        -       -     R     (port)         -    -     -     0      96    (-,-) 
#-------------------------------------------------------------------------------------------



Path 166: MET (934 ps) Late External Delay Assertion at pin add_out[21]
           View: view_1p2_25
          Group: clock1
     Startpoint: (R) add_out_reg[21]/CK
          Clock: (R) clock1
       Endpoint: (R) add_out[21]
          Clock: (R) clock1

                     Capture       Launch     
        Clock Edge:+    1031            0     
       Src Latency:+       0            0     
       Net Latency:+       0 (I)        0 (I) 
           Arrival:=    1031            0     
                                              
      Output Delay:-       1                  
       Uncertainty:-       0                  
     Required Time:=    1030                  
      Launch Clock:-       0                  
         Data Path:-      96                  
             Slack:=     934                  

Exceptions/Constraints:
  output_delay              1              sysarr_4_input_fp_ad_line_22_137_1   

Launch clock path:
#-------------------------------------------------------------------------------------------
#   Timing Point     Flags   Arc   Edge   Cell     Fanout Load Trans Delay Arrival Instance 
#                                                         (fF)  (ps)  (ps)   (ps)  Location 
#-------------------------------------------------------------------------------------------
  clk                (i)     -     R     (arrival)    136  0.0     0     0       0    (-,-) 
  add_out_reg[21]/CK <<<     -     R     DFFR_X1      136    -     1     0       0    (-,-) 
#-------------------------------------------------------------------------------------------

#-------------------------------------------------------------------------------------------
#   Timing Point     Flags   Arc   Edge   Cell     Fanout Load Trans Delay Arrival Instance 
#                                                         (fF)  (ps)  (ps)   (ps)  Location 
#-------------------------------------------------------------------------------------------
  add_out_reg[21]/CK -       -     R     (arrival)    136    -     1     0       0    (-,-) 
  add_out_reg[21]/Q  -       CK->Q R     DFFR_X1        1  0.3     7    96      96    (-,-) 
  add_out[21]        -       -     R     (port)         -    -     -     0      96    (-,-) 
#-------------------------------------------------------------------------------------------



Path 167: MET (934 ps) Late External Delay Assertion at pin add_out[22]
           View: view_1p2_25
          Group: clock1
     Startpoint: (R) add_out_reg[22]/CK
          Clock: (R) clock1
       Endpoint: (R) add_out[22]
          Clock: (R) clock1

                     Capture       Launch     
        Clock Edge:+    1031            0     
       Src Latency:+       0            0     
       Net Latency:+       0 (I)        0 (I) 
           Arrival:=    1031            0     
                                              
      Output Delay:-       1                  
       Uncertainty:-       0                  
     Required Time:=    1030                  
      Launch Clock:-       0                  
         Data Path:-      96                  
             Slack:=     934                  

Exceptions/Constraints:
  output_delay              1              sysarr_4_input_fp_ad_line_22_136_1   

Launch clock path:
#-------------------------------------------------------------------------------------------
#   Timing Point     Flags   Arc   Edge   Cell     Fanout Load Trans Delay Arrival Instance 
#                                                         (fF)  (ps)  (ps)   (ps)  Location 
#-------------------------------------------------------------------------------------------
  clk                (i)     -     R     (arrival)    136  0.0     0     0       0    (-,-) 
  add_out_reg[22]/CK <<<     -     R     DFFR_X1      136    -     1     0       0    (-,-) 
#-------------------------------------------------------------------------------------------

#-------------------------------------------------------------------------------------------
#   Timing Point     Flags   Arc   Edge   Cell     Fanout Load Trans Delay Arrival Instance 
#                                                         (fF)  (ps)  (ps)   (ps)  Location 
#-------------------------------------------------------------------------------------------
  add_out_reg[22]/CK -       -     R     (arrival)    136    -     1     0       0    (-,-) 
  add_out_reg[22]/Q  -       CK->Q R     DFFR_X1        1  0.3     7    96      96    (-,-) 
  add_out[22]        -       -     R     (port)         -    -     -     0      96    (-,-) 
#-------------------------------------------------------------------------------------------



Path 168: MET (934 ps) Late External Delay Assertion at pin add_out[23]
           View: view_1p2_25
          Group: clock1
     Startpoint: (R) add_out_reg[23]/CK
          Clock: (R) clock1
       Endpoint: (R) add_out[23]
          Clock: (R) clock1

                     Capture       Launch     
        Clock Edge:+    1031            0     
       Src Latency:+       0            0     
       Net Latency:+       0 (I)        0 (I) 
           Arrival:=    1031            0     
                                              
      Output Delay:-       1                  
       Uncertainty:-       0                  
     Required Time:=    1030                  
      Launch Clock:-       0                  
         Data Path:-      96                  
             Slack:=     934                  

Exceptions/Constraints:
  output_delay              1              sysarr_4_input_fp_ad_line_22_135_1   

Launch clock path:
#-------------------------------------------------------------------------------------------
#   Timing Point     Flags   Arc   Edge   Cell     Fanout Load Trans Delay Arrival Instance 
#                                                         (fF)  (ps)  (ps)   (ps)  Location 
#-------------------------------------------------------------------------------------------
  clk                (i)     -     R     (arrival)    136  0.0     0     0       0    (-,-) 
  add_out_reg[23]/CK <<<     -     R     DFFR_X1      136    -     1     0       0    (-,-) 
#-------------------------------------------------------------------------------------------

#-------------------------------------------------------------------------------------------
#   Timing Point     Flags   Arc   Edge   Cell     Fanout Load Trans Delay Arrival Instance 
#                                                         (fF)  (ps)  (ps)   (ps)  Location 
#-------------------------------------------------------------------------------------------
  add_out_reg[23]/CK -       -     R     (arrival)    136    -     1     0       0    (-,-) 
  add_out_reg[23]/Q  -       CK->Q R     DFFR_X1        1  0.3     7    96      96    (-,-) 
  add_out[23]        -       -     R     (port)         -    -     -     0      96    (-,-) 
#-------------------------------------------------------------------------------------------



Path 169: MET (934 ps) Late External Delay Assertion at pin add_out[24]
           View: view_1p2_25
          Group: clock1
     Startpoint: (R) add_out_reg[24]/CK
          Clock: (R) clock1
       Endpoint: (R) add_out[24]
          Clock: (R) clock1

                     Capture       Launch     
        Clock Edge:+    1031            0     
       Src Latency:+       0            0     
       Net Latency:+       0 (I)        0 (I) 
           Arrival:=    1031            0     
                                              
      Output Delay:-       1                  
       Uncertainty:-       0                  
     Required Time:=    1030                  
      Launch Clock:-       0                  
         Data Path:-      96                  
             Slack:=     934                  

Exceptions/Constraints:
  output_delay              1              sysarr_4_input_fp_ad_line_22_134_1   

Launch clock path:
#-------------------------------------------------------------------------------------------
#   Timing Point     Flags   Arc   Edge   Cell     Fanout Load Trans Delay Arrival Instance 
#                                                         (fF)  (ps)  (ps)   (ps)  Location 
#-------------------------------------------------------------------------------------------
  clk                (i)     -     R     (arrival)    136  0.0     0     0       0    (-,-) 
  add_out_reg[24]/CK <<<     -     R     DFFR_X1      136    -     1     0       0    (-,-) 
#-------------------------------------------------------------------------------------------

#-------------------------------------------------------------------------------------------
#   Timing Point     Flags   Arc   Edge   Cell     Fanout Load Trans Delay Arrival Instance 
#                                                         (fF)  (ps)  (ps)   (ps)  Location 
#-------------------------------------------------------------------------------------------
  add_out_reg[24]/CK -       -     R     (arrival)    136    -     1     0       0    (-,-) 
  add_out_reg[24]/Q  -       CK->Q R     DFFR_X1        1  0.3     7    96      96    (-,-) 
  add_out[24]        -       -     R     (port)         -    -     -     0      96    (-,-) 
#-------------------------------------------------------------------------------------------



Path 170: MET (934 ps) Late External Delay Assertion at pin add_out[25]
           View: view_1p2_25
          Group: clock1
     Startpoint: (R) add_out_reg[25]/CK
          Clock: (R) clock1
       Endpoint: (R) add_out[25]
          Clock: (R) clock1

                     Capture       Launch     
        Clock Edge:+    1031            0     
       Src Latency:+       0            0     
       Net Latency:+       0 (I)        0 (I) 
           Arrival:=    1031            0     
                                              
      Output Delay:-       1                  
       Uncertainty:-       0                  
     Required Time:=    1030                  
      Launch Clock:-       0                  
         Data Path:-      96                  
             Slack:=     934                  

Exceptions/Constraints:
  output_delay              1              sysarr_4_input_fp_ad_line_22_133_1   

Launch clock path:
#-------------------------------------------------------------------------------------------
#   Timing Point     Flags   Arc   Edge   Cell     Fanout Load Trans Delay Arrival Instance 
#                                                         (fF)  (ps)  (ps)   (ps)  Location 
#-------------------------------------------------------------------------------------------
  clk                (i)     -     R     (arrival)    136  0.0     0     0       0    (-,-) 
  add_out_reg[25]/CK <<<     -     R     DFFR_X1      136    -     1     0       0    (-,-) 
#-------------------------------------------------------------------------------------------

#-------------------------------------------------------------------------------------------
#   Timing Point     Flags   Arc   Edge   Cell     Fanout Load Trans Delay Arrival Instance 
#                                                         (fF)  (ps)  (ps)   (ps)  Location 
#-------------------------------------------------------------------------------------------
  add_out_reg[25]/CK -       -     R     (arrival)    136    -     1     0       0    (-,-) 
  add_out_reg[25]/Q  -       CK->Q R     DFFR_X1        1  0.3     7    96      96    (-,-) 
  add_out[25]        -       -     R     (port)         -    -     -     0      96    (-,-) 
#-------------------------------------------------------------------------------------------



Path 171: MET (934 ps) Late External Delay Assertion at pin add_out[26]
           View: view_1p2_25
          Group: clock1
     Startpoint: (R) add_out_reg[26]/CK
          Clock: (R) clock1
       Endpoint: (R) add_out[26]
          Clock: (R) clock1

                     Capture       Launch     
        Clock Edge:+    1031            0     
       Src Latency:+       0            0     
       Net Latency:+       0 (I)        0 (I) 
           Arrival:=    1031            0     
                                              
      Output Delay:-       1                  
       Uncertainty:-       0                  
     Required Time:=    1030                  
      Launch Clock:-       0                  
         Data Path:-      96                  
             Slack:=     934                  

Exceptions/Constraints:
  output_delay              1              sysarr_4_input_fp_ad_line_22_132_1   

Launch clock path:
#-------------------------------------------------------------------------------------------
#   Timing Point     Flags   Arc   Edge   Cell     Fanout Load Trans Delay Arrival Instance 
#                                                         (fF)  (ps)  (ps)   (ps)  Location 
#-------------------------------------------------------------------------------------------
  clk                (i)     -     R     (arrival)    136  0.0     0     0       0    (-,-) 
  add_out_reg[26]/CK <<<     -     R     DFFR_X1      136    -     1     0       0    (-,-) 
#-------------------------------------------------------------------------------------------

#-------------------------------------------------------------------------------------------
#   Timing Point     Flags   Arc   Edge   Cell     Fanout Load Trans Delay Arrival Instance 
#                                                         (fF)  (ps)  (ps)   (ps)  Location 
#-------------------------------------------------------------------------------------------
  add_out_reg[26]/CK -       -     R     (arrival)    136    -     1     0       0    (-,-) 
  add_out_reg[26]/Q  -       CK->Q R     DFFR_X1        1  0.3     7    96      96    (-,-) 
  add_out[26]        -       -     R     (port)         -    -     -     0      96    (-,-) 
#-------------------------------------------------------------------------------------------



Path 172: MET (934 ps) Late External Delay Assertion at pin add_out[27]
           View: view_1p2_25
          Group: clock1
     Startpoint: (R) add_out_reg[27]/CK
          Clock: (R) clock1
       Endpoint: (R) add_out[27]
          Clock: (R) clock1

                     Capture       Launch     
        Clock Edge:+    1031            0     
       Src Latency:+       0            0     
       Net Latency:+       0 (I)        0 (I) 
           Arrival:=    1031            0     
                                              
      Output Delay:-       1                  
       Uncertainty:-       0                  
     Required Time:=    1030                  
      Launch Clock:-       0                  
         Data Path:-      96                  
             Slack:=     934                  

Exceptions/Constraints:
  output_delay              1              sysarr_4_input_fp_ad_line_22_131_1   

Launch clock path:
#-------------------------------------------------------------------------------------------
#   Timing Point     Flags   Arc   Edge   Cell     Fanout Load Trans Delay Arrival Instance 
#                                                         (fF)  (ps)  (ps)   (ps)  Location 
#-------------------------------------------------------------------------------------------
  clk                (i)     -     R     (arrival)    136  0.0     0     0       0    (-,-) 
  add_out_reg[27]/CK <<<     -     R     DFFR_X1      136    -     1     0       0    (-,-) 
#-------------------------------------------------------------------------------------------

#-------------------------------------------------------------------------------------------
#   Timing Point     Flags   Arc   Edge   Cell     Fanout Load Trans Delay Arrival Instance 
#                                                         (fF)  (ps)  (ps)   (ps)  Location 
#-------------------------------------------------------------------------------------------
  add_out_reg[27]/CK -       -     R     (arrival)    136    -     1     0       0    (-,-) 
  add_out_reg[27]/Q  -       CK->Q R     DFFR_X1        1  0.3     7    96      96    (-,-) 
  add_out[27]        -       -     R     (port)         -    -     -     0      96    (-,-) 
#-------------------------------------------------------------------------------------------



Path 173: MET (934 ps) Late External Delay Assertion at pin add_out[28]
           View: view_1p2_25
          Group: clock1
     Startpoint: (R) add_out_reg[28]/CK
          Clock: (R) clock1
       Endpoint: (R) add_out[28]
          Clock: (R) clock1

                     Capture       Launch     
        Clock Edge:+    1031            0     
       Src Latency:+       0            0     
       Net Latency:+       0 (I)        0 (I) 
           Arrival:=    1031            0     
                                              
      Output Delay:-       1                  
       Uncertainty:-       0                  
     Required Time:=    1030                  
      Launch Clock:-       0                  
         Data Path:-      96                  
             Slack:=     934                  

Exceptions/Constraints:
  output_delay              1              sysarr_4_input_fp_ad_line_22_130_1   

Launch clock path:
#-------------------------------------------------------------------------------------------
#   Timing Point     Flags   Arc   Edge   Cell     Fanout Load Trans Delay Arrival Instance 
#                                                         (fF)  (ps)  (ps)   (ps)  Location 
#-------------------------------------------------------------------------------------------
  clk                (i)     -     R     (arrival)    136  0.0     0     0       0    (-,-) 
  add_out_reg[28]/CK <<<     -     R     DFFR_X1      136    -     1     0       0    (-,-) 
#-------------------------------------------------------------------------------------------

#-------------------------------------------------------------------------------------------
#   Timing Point     Flags   Arc   Edge   Cell     Fanout Load Trans Delay Arrival Instance 
#                                                         (fF)  (ps)  (ps)   (ps)  Location 
#-------------------------------------------------------------------------------------------
  add_out_reg[28]/CK -       -     R     (arrival)    136    -     1     0       0    (-,-) 
  add_out_reg[28]/Q  -       CK->Q R     DFFR_X1        1  0.3     7    96      96    (-,-) 
  add_out[28]        -       -     R     (port)         -    -     -     0      96    (-,-) 
#-------------------------------------------------------------------------------------------



Path 174: MET (934 ps) Late External Delay Assertion at pin add_out[29]
           View: view_1p2_25
          Group: clock1
     Startpoint: (R) add_out_reg[29]/CK
          Clock: (R) clock1
       Endpoint: (R) add_out[29]
          Clock: (R) clock1

                     Capture       Launch     
        Clock Edge:+    1031            0     
       Src Latency:+       0            0     
       Net Latency:+       0 (I)        0 (I) 
           Arrival:=    1031            0     
                                              
      Output Delay:-       1                  
       Uncertainty:-       0                  
     Required Time:=    1030                  
      Launch Clock:-       0                  
         Data Path:-      96                  
             Slack:=     934                  

Exceptions/Constraints:
  output_delay              1              sysarr_4_input_fp_ad_line_22_129_1   

Launch clock path:
#-------------------------------------------------------------------------------------------
#   Timing Point     Flags   Arc   Edge   Cell     Fanout Load Trans Delay Arrival Instance 
#                                                         (fF)  (ps)  (ps)   (ps)  Location 
#-------------------------------------------------------------------------------------------
  clk                (i)     -     R     (arrival)    136  0.0     0     0       0    (-,-) 
  add_out_reg[29]/CK <<<     -     R     DFFR_X1      136    -     1     0       0    (-,-) 
#-------------------------------------------------------------------------------------------

#-------------------------------------------------------------------------------------------
#   Timing Point     Flags   Arc   Edge   Cell     Fanout Load Trans Delay Arrival Instance 
#                                                         (fF)  (ps)  (ps)   (ps)  Location 
#-------------------------------------------------------------------------------------------
  add_out_reg[29]/CK -       -     R     (arrival)    136    -     1     0       0    (-,-) 
  add_out_reg[29]/Q  -       CK->Q R     DFFR_X1        1  0.3     7    96      96    (-,-) 
  add_out[29]        -       -     R     (port)         -    -     -     0      96    (-,-) 
#-------------------------------------------------------------------------------------------



Path 175: MET (934 ps) Late External Delay Assertion at pin add_out[31]
           View: view_1p2_25
          Group: clock1
     Startpoint: (R) add_out_reg[31]/CK
          Clock: (R) clock1
       Endpoint: (R) add_out[31]
          Clock: (R) clock1

                     Capture       Launch     
        Clock Edge:+    1031            0     
       Src Latency:+       0            0     
       Net Latency:+       0 (I)        0 (I) 
           Arrival:=    1031            0     
                                              
      Output Delay:-       1                  
       Uncertainty:-       0                  
     Required Time:=    1030                  
      Launch Clock:-       0                  
         Data Path:-      96                  
             Slack:=     934                  

Exceptions/Constraints:
  output_delay              1              sysarr_4_input_fp_ad_line_22   

Launch clock path:
#-------------------------------------------------------------------------------------------
#   Timing Point     Flags   Arc   Edge   Cell     Fanout Load Trans Delay Arrival Instance 
#                                                         (fF)  (ps)  (ps)   (ps)  Location 
#-------------------------------------------------------------------------------------------
  clk                (i)     -     R     (arrival)    136  0.0     0     0       0    (-,-) 
  add_out_reg[31]/CK <<<     -     R     DFFR_X1      136    -     1     0       0    (-,-) 
#-------------------------------------------------------------------------------------------

#-------------------------------------------------------------------------------------------
#   Timing Point     Flags   Arc   Edge   Cell     Fanout Load Trans Delay Arrival Instance 
#                                                         (fF)  (ps)  (ps)   (ps)  Location 
#-------------------------------------------------------------------------------------------
  add_out_reg[31]/CK -       -     R     (arrival)    136    -     1     0       0    (-,-) 
  add_out_reg[31]/Q  -       CK->Q R     DFFR_X1        1  0.3     7    96      96    (-,-) 
  add_out[31]        -       -     R     (port)         -    -     -     0      96    (-,-) 
#-------------------------------------------------------------------------------------------



Path 176: MET (965 ps) Late External Delay Assertion at pin add_out[30]
           View: view_1p2_25
          Group: clock1
     Startpoint: (R) add_out_reg[30]/CK
          Clock: (R) clock1
       Endpoint: (R) add_out[30]
          Clock: (R) clock1

                     Capture       Launch     
        Clock Edge:+    1031            0     
       Src Latency:+       0            0     
       Net Latency:+       0 (I)        0 (I) 
           Arrival:=    1031            0     
                                              
      Output Delay:-       1                  
       Uncertainty:-       0                  
     Required Time:=    1030                  
      Launch Clock:-       0                  
         Data Path:-      65                  
             Slack:=     965                  

Exceptions/Constraints:
  output_delay              1              sysarr_4_input_fp_ad_line_22_128_1   

Launch clock path:
#-------------------------------------------------------------------------------------------
#   Timing Point     Flags   Arc   Edge   Cell     Fanout Load Trans Delay Arrival Instance 
#                                                         (fF)  (ps)  (ps)   (ps)  Location 
#-------------------------------------------------------------------------------------------
  clk                (i)     -     R     (arrival)    136  0.0     0     0       0    (-,-) 
  add_out_reg[30]/CK <<<     -     R     SDFFR_X1     136    -     1     0       0    (-,-) 
#-------------------------------------------------------------------------------------------

#-------------------------------------------------------------------------------------------
#   Timing Point     Flags   Arc   Edge   Cell     Fanout Load Trans Delay Arrival Instance 
#                                                         (fF)  (ps)  (ps)   (ps)  Location 
#-------------------------------------------------------------------------------------------
  add_out_reg[30]/CK -       -     R     (arrival)    136    -     1     0       0    (-,-) 
  add_out_reg[30]/Q  -       CK->Q R     SDFFR_X1       1  0.3     7    65      65    (-,-) 
  add_out[30]        -       -     R     (port)         -    -     -     0      65    (-,-) 
#-------------------------------------------------------------------------------------------


