============================================================
  Generated by:           Genus(TM) Synthesis Solution 25.11-s095_1
  Generated on:           Mar 10 2026  02:26:20 pm
  Module:                 add_fp16
  Operating conditions:   typical 
  Interconnect mode:      global
  Area mode:              physical library
============================================================


Path 1: MET (0 ps) Late External Delay Assertion at pin fp_out[30]
           View: view_1p2_25
          Group: clock1
     Startpoint: (R) smaller_mantissa_l_reg[11]/CK
          Clock: (R) clock1
       Endpoint: (R) fp_out[30]
          Clock: (R) clock1

                     Capture       Launch     
        Clock Edge:+    1111            0     
       Src Latency:+       0            0     
       Net Latency:+       0 (I)        0 (I) 
           Arrival:=    1111            0     
                                              
      Output Delay:-       1                  
       Uncertainty:-       0                  
     Required Time:=    1110                  
      Launch Clock:-       0                  
         Data Path:-    1110                  
             Slack:=       0                  

Exceptions/Constraints:
  output_delay              1              add_fp16.sdc_line_17_67_1   

Launch clock path:
#------------------------------------------------------------------------------------------------------
#         Timing Point          Flags   Arc   Edge   Cell     Fanout Load Trans Delay Arrival Instance 
#                                                                    (fF)  (ps)  (ps)   (ps)  Location 
#------------------------------------------------------------------------------------------------------
  clk                           (i)     -     R     (arrival)     68  0.0     0     0       0    (-,-) 
  smaller_mantissa_l_reg[11]/CK <<<     -     R     DFFR_X1       68    -     1     0       0    (-,-) 
#------------------------------------------------------------------------------------------------------

#-------------------------------------------------------------------------------------------------------
#         Timing Point          Flags    Arc   Edge   Cell     Fanout Load Trans Delay Arrival Instance 
#                                                                     (fF)  (ps)  (ps)   (ps)  Location 
#-------------------------------------------------------------------------------------------------------
  smaller_mantissa_l_reg[11]/CK -       -      R     (arrival)     68    -     1     0       0    (-,-) 
  smaller_mantissa_l_reg[11]/Q  -       CK->Q  R     DFFR_X1        4  6.8    20   112     112    (-,-) 
  g46736__1705/ZN               -       A2->ZN F     NOR2_X1        2  3.6     9    16     128    (-,-) 
  g46567__2883/ZN               -       A->ZN  R     AOI21_X1       1  2.0    23    41     168    (-,-) 
  g46520__9315/ZN               -       A->ZN  F     OAI21_X1       2  4.8    15    29     198    (-,-) 
  g46958/ZN                     -       B1->ZN R     AOI222_X2      1  3.4    48    79     276    (-,-) 
  g46447__2346/ZN               -       A1->ZN F     NAND2_X2       5  8.5    19    28     305    (-,-) 
  g46433__5122/ZN               -       A1->ZN R     NAND2_X1       1  1.9    10    20     324    (-,-) 
  g46413__7410/ZN               -       A1->ZN F     NAND2_X1       2  3.5    10    17     341    (-,-) 
  g46345__7410/ZN               -       B1->ZN R     OAI21_X1       1  4.6    32    42     383    (-,-) 
  g46906/Z                      -       A->Z   R     XOR2_X2       12 21.3    64    98     481    (-,-) 
  g46270__9945/ZN               -       A1->ZN F     NAND3_X1       1  1.7    21    28     510    (-,-) 
  g46218__3680/ZN               -       A1->ZN R     NOR2_X1        1  2.0    18    30     540    (-,-) 
  g46198__7482/ZN               -       A1->ZN R     AND2_X2        2  3.7     9    33     573    (-,-) 
  g46932/ZN                     -       A2->ZN R     AND4_X2        3  5.5    15    55     628    (-,-) 
  g46041__2883/ZN               -       A1->ZN F     NAND2_X1       2  4.7    13    21     649    (-,-) 
  g46014/ZN                     -       A->ZN  R     INV_X1         3  5.5    15    24     673    (-,-) 
  g45979__7410/ZN               -       A1->ZN F     NAND2_X1       3  5.0    17    22     695    (-,-) 
  g45951/ZN                     -       A->ZN  R     INV_X1         5  9.0    23    35     730    (-,-) 
  g45845__7482/ZN               -       B1->ZN F     AOI22_X1       1  1.9    17    24     754    (-,-) 
  g45812__7098/ZN               -       A1->ZN R     NAND3_X1       1  1.9    13    20     774    (-,-) 
  g45794__1666/ZN               -       A->ZN  F     AOI21_X1       1  3.2    13    16     790    (-,-) 
  g45782__5115/ZN               -       A1->ZN R     NAND3_X2       2  4.0    13    19     810    (-,-) 
  g45755__7410/ZN               -       A3->ZN R     AND4_X1        1  3.3    16    63     873    (-,-) 
  g45750__9945/ZN               -       A1->ZN F     NAND3_X2       2  5.5    14    24     896    (-,-) 
  g45740__1881/ZN               -       A1->ZN R     NAND2_X2       2  4.6    13    18     915    (-,-) 
  g45734__1705/ZN               -       A1->ZN R     AND2_X4        2  5.3     8    29     944    (-,-) 
  g45728__5526/ZN               -       A1->ZN F     NAND2_X2       3  6.3    10    15     959    (-,-) 
  g45709__9315/ZN               -       A1->ZN R     NOR2_X2        2  5.3    21    29     988    (-,-) 
  g45703__7482/ZN               -       A1->ZN F     NAND2_X2       3  5.8    11    19    1007    (-,-) 
  g45697__7098/ZN               -       A1->ZN R     NOR2_X1        2  3.8    25    35    1042    (-,-) 
  g45686__8428/ZN               -       A1->ZN F     NAND2_X1       2  2.9    12    20    1062    (-,-) 
  g46889__7482/ZN               -       A1->ZN F     AND2_X1        1  1.8     6    30    1092    (-,-) 
  g45677__7410/ZN               -       B1->ZN R     OAI21_X1       1  0.3    14    18    1110    (-,-) 
  fp_out[30]                    -       -      R     (port)         -    -     -     0    1110    (-,-) 
#-------------------------------------------------------------------------------------------------------



Path 2: MET (0 ps) Late External Delay Assertion at pin fp_out[22]
           View: view_1p2_25
          Group: clock1
     Startpoint: (R) larger_mantissa_l_reg[2]/CK
          Clock: (R) clock1
       Endpoint: (R) fp_out[22]
          Clock: (R) clock1

                     Capture       Launch     
        Clock Edge:+    1111            0     
       Src Latency:+       0            0     
       Net Latency:+       0 (I)        0 (I) 
           Arrival:=    1111            0     
                                              
      Output Delay:-       1                  
       Uncertainty:-       0                  
     Required Time:=    1110                  
      Launch Clock:-       0                  
         Data Path:-    1110                  
             Slack:=       0                  

Exceptions/Constraints:
  output_delay              1              add_fp16.sdc_line_17_75_1   

Launch clock path:
#----------------------------------------------------------------------------------------------------
#        Timing Point         Flags   Arc   Edge   Cell     Fanout Load Trans Delay Arrival Instance 
#                                                                  (fF)  (ps)  (ps)   (ps)  Location 
#----------------------------------------------------------------------------------------------------
  clk                         (i)     -     R     (arrival)     68  0.0     0     0       0    (-,-) 
  larger_mantissa_l_reg[2]/CK <<<     -     R     DFFR_X1       68    -     1     0       0    (-,-) 
#----------------------------------------------------------------------------------------------------

#-----------------------------------------------------------------------------------------------------
#        Timing Point         Flags    Arc   Edge   Cell     Fanout Load Trans Delay Arrival Instance 
#                                                                   (fF)  (ps)  (ps)   (ps)  Location 
#-----------------------------------------------------------------------------------------------------
  larger_mantissa_l_reg[2]/CK -       -      R     (arrival)     68    -     1     0       0    (-,-) 
  larger_mantissa_l_reg[2]/Q  -       CK->Q  R     DFFR_X1        4  7.5    22   113     113    (-,-) 
  g46760__5526/ZN             -       A1->ZN F     NAND2_X1       2  3.5    12    21     134    (-,-) 
  g46527__2346/ZN             -       B1->ZN R     OAI21_X1       2  3.8    28    38     172    (-,-) 
  g46512__1881/ZN             -       A1->ZN F     NAND2_X1       3  4.6    15    25     197    (-,-) 
  g46507/ZN                   -       A->ZN  R     INV_X1         1  1.9     9    16     213    (-,-) 
  g46496__2398/ZN             -       A1->ZN F     NAND2_X1       1  3.2     9    16     229    (-,-) 
  g46481__9315/ZN             -       A1->ZN R     NAND3_X2       5 10.5    20    25     254    (-,-) 
  g46448__1666/ZN             -       A1->ZN F     NAND3_X2       1  3.4    12    22     276    (-,-) 
  g46427__6783/ZN             -       A2->ZN R     NAND3_X2       4  7.3    16    25     301    (-,-) 
  g46401__6131/ZN             -       A1->ZN F     NAND2_X1       1  1.8     8    15     316    (-,-) 
  g46388__4319/ZN             -       A1->ZN R     NAND2_X1       4  7.3    22    28     344    (-,-) 
  g46362__1705/ZN             -       A1->ZN F     NAND3_X1       1  1.9    14    22     366    (-,-) 
  g46343__2346/ZN             -       A1->ZN R     NAND3_X1       2  3.9    20    24     389    (-,-) 
  g46335/ZN                   -       A->ZN  F     INV_X1         1  1.9     7    10     399    (-,-) 
  g46312__5477/ZN             -       A2->ZN R     NOR2_X1        1  1.2    14    24     424    (-,-) 
  g46971/Z                    -       A->Z   R     MUX2_X1        1  2.0    10    39     462    (-,-) 
  g4/ZN                       -       A->ZN  F     INV_X1         5 12.9    15    22     484    (-,-) 
  g46279/ZN                   -       A->ZN  R     INV_X2         4  7.1    12    21     505    (-,-) 
  g46209__2398/ZN             -       A1->ZN R     AND4_X2        3  7.5    17    55     560    (-,-) 
  g46885__7098/ZN             -       A2->ZN R     AND2_X4        6 16.2    13    39     599    (-,-) 
  g46166__9315/ZN             -       A1->ZN R     AND2_X1        2  5.2    16    42     641    (-,-) 
  g46085__5526/ZN             -       A1->ZN F     NAND2_X2      10 16.4    19    29     670    (-,-) 
  g46048/ZN                   -       A->ZN  R     INV_X1         6 11.0    28    40     710    (-,-) 
  g45889__4319/ZN             -       B1->ZN F     AOI21_X1       1  1.8    11    18     728    (-,-) 
  g45821__2883/ZN             -       A3->ZN R     NAND4_X1       4  7.7    28    38     766    (-,-) 
  inc_ADD_TC_OP51_g777/ZN     -       A2->ZN F     NAND4_X1       2  3.5    23    40     806    (-,-) 
  inc_ADD_TC_OP51_g773/ZN     -       A1->ZN R     NOR2_X1        2  3.0    22    36     842    (-,-) 
  inc_ADD_TC_OP51_g749/ZN     -       A2->ZN R     AND4_X1        2  3.6    16    65     908    (-,-) 
  inc_ADD_TC_OP51_g741/ZN     -       A1->ZN R     AND2_X1        3  6.1    18    45     953    (-,-) 
  g46968/ZN                   -       A1->ZN F     NAND3_X1       2  4.1    17    28     980    (-,-) 
  inc_ADD_TC_OP51_g730/ZN     -       A1->ZN R     NOR2_X1        2  4.3    28    40    1020    (-,-) 
  inc_ADD_TC_OP51_g724/ZN     -       A1->ZN F     NAND2_X1       1  2.4    12    19    1039    (-,-) 
  inc_ADD_TC_OP51_g722/ZN     -       A->ZN  R     XNOR2_X1       1  2.0    20    30    1068    (-,-) 
  g21138__1666/ZN             -       A2->ZN F     NAND2_X1       1  1.9    10    16    1085    (-,-) 
  g21114__2398/ZN             -       B2->ZN R     OAI21_X1       1  0.3    12    24    1110    (-,-) 
  fp_out[22]                  -       -      R     (port)         -    -     -     0    1110    (-,-) 
#-----------------------------------------------------------------------------------------------------



Path 3: MET (1 ps) Setup Check with Pin larger_mantissa_l_reg[25]/CK->D
           View: view_1p2_25
          Group: clock1
     Startpoint: (R) fp2_in[24]
          Clock: (R) clock1
       Endpoint: (F) larger_mantissa_l_reg[25]/D
          Clock: (R) clock1

                     Capture       Launch     
        Clock Edge:+    1111            0     
        Drv Adjust:+       0            0     
       Src Latency:+       0            0     
       Net Latency:+       0 (I)        0 (I) 
           Arrival:=    1111            0     
                                              
             Setup:-      41                  
       Uncertainty:-       0                  
     Required Time:=    1070                  
      Launch Clock:-       0                  
       Input Delay:-       1                  
         Data Path:-    1068                  
             Slack:=       1                  

Exceptions/Constraints:
  input_delay              1              add_fp16.sdc_line_16_43_1   

#-----------------------------------------------------------------------------------------------------
#        Timing Point         Flags    Arc   Edge   Cell     Fanout Load Trans Delay Arrival Instance 
#                                                                   (fF)  (ps)  (ps)   (ps)  Location 
#-----------------------------------------------------------------------------------------------------
  fp2_in[24]                  -       -      R     (arrival)      5 15.0     0     0       1    (-,-) 
  g33014/ZN                   -       A->ZN  F     INV_X4         2  5.1     2     4       5    (-,-) 
  g32961/ZN                   -       A2->ZN R     NAND2_X2       1  6.3    13    17      23    (-,-) 
  g32924/ZN                   -       A1->ZN F     NAND2_X4       4  8.2     8    14      37    (-,-) 
  g32877/ZN                   -       A1->ZN R     NAND2_X1       1  3.4    13    18      55    (-,-) 
  g32868/ZN                   -       A1->ZN F     NAND2_X2       3  6.4    10    18      73    (-,-) 
  g32856/ZN                   -       A1->ZN R     OAI22_X2       2  5.4    35    33     106    (-,-) 
  g32853/ZN                   -       A1->ZN F     NOR2_X2        1  3.5    12    11     117    (-,-) 
  g32846/ZN                   -       A2->ZN R     NOR2_X2        2  5.2    20    34     151    (-,-) 
  g32840/ZN                   -       C1->ZN F     OAI211_X2      1  6.0    23    27     178    (-,-) 
  g32839/ZN                   -       A1->ZN R     NAND2_X4       2 10.2    12    23     201    (-,-) 
  g32838/ZN                   -       A->ZN  F     INV_X2         1  5.9     6    10     211    (-,-) 
  g32837/ZN                   -       B1->ZN R     OAI21_X4      10 18.6    32    41     252    (-,-) 
  g32787/ZN                   -       B1->ZN F     OAI21_X1       1  1.8    12    19     271    (-,-) 
  g32734/ZN                   -       A1->ZN R     NAND2_X1       1  3.8    14    21     293    (-,-) 
  g32697/ZN                   -       A2->ZN R     AND2_X4       25 48.2    31    58     350    (-,-) 
  g32676/ZN                   -       A1->ZN F     NAND2_X1       2  3.6    14    23     373    (-,-) 
  g32655/ZN                   -       A->ZN  R     INV_X1         3  5.6    16    25     398    (-,-) 
  g32622/ZN                   -       A1->ZN F     NAND2_X1       3  4.9    15    22     420    (-,-) 
  g32610/ZN                   -       A1->ZN R     NOR2_X1        4  6.5    38    50     470    (-,-) 
  g32595/ZN                   -       A->ZN  F     INV_X1         1  1.7    10    10     480    (-,-) 
  g32562/ZN                   -       A1->ZN R     NOR2_X1        2  3.7    25    34     514    (-,-) 
  g32513/ZN                   -       A1->ZN F     AOI222_X1      1  1.8    25    20     534    (-,-) 
  g32507/ZN                   -       A->ZN  R     INV_X1         1  2.0    11    20     554    (-,-) 
  g32469/ZN                   -       A2->ZN F     NOR2_X1        3  5.4    16    16     569    (-,-) 
  g32460/ZN                   -       A->ZN  R     INV_X1         1  1.9     9    17     586    (-,-) 
  g32436__2346/ZN             -       A->ZN  F     OAI211_X1      1  1.8    21    26     612    (-,-) 
  g32430__4733/ZN             -       A2->ZN R     NAND2_X1       1  1.9    12    23     635    (-,-) 
  g32427__1881/ZN             -       A1->ZN F     NAND2_X1       1  1.2     7    12     647    (-,-) 
  g32424__8246/ZN             -       A1->ZN F     AND2_X1        1  1.8     6    28     675    (-,-) 
  g32420__2802/ZN             -       B1->ZN R     OAI21_X1       1  1.9    19    27     702    (-,-) 
  g32418__1617/ZN             -       A->ZN  F     OAI221_X1      1  1.7    23    33     735    (-,-) 
  g32416__6783/ZN             -       B1->ZN R     AOI21_X1       1  2.0    23    34     768    (-,-) 
  g32415/ZN                   -       A->ZN  F     INV_X1         1  1.7     7     9     778    (-,-) 
  g32414__5526/ZN             -       A1->ZN R     AOI222_X1      1  2.0    49    54     832    (-,-) 
  g32413__8428/ZN             -       B1->ZN F     OAI221_X1      3 10.7    39    64     896    (-,-) 
  g32409__6260/ZN             -       A1->ZN R     NAND2_X4      49 91.9    58    82     977    (-,-) 
  g32408/ZN                   -       A->ZN  F     INV_X2         2  3.5    13    10     987    (-,-) 
  g32394__5115/ZN             -       B1->ZN R     AOI221_X1      1  2.0    44    74    1061    (-,-) 
  g32390/ZN                   -       A->ZN  F     INV_X1         1  1.4    10     9    1070    (-,-) 
  larger_mantissa_l_reg[25]/D -       -      F     DFFR_X1        1    -     -     0    1070    (-,-) 
#-----------------------------------------------------------------------------------------------------

Capture clock path:
#-----------------------------------------------------------------------------------------------------
#        Timing Point          Flags   Arc   Edge   Cell     Fanout Load Trans Delay Arrival Instance 
#                                                                   (fF)  (ps)  (ps)   (ps)  Location 
#-----------------------------------------------------------------------------------------------------
  clk                          (i)     -     R     (arrival)     68  0.0     0     0    1111    (-,-) 
  larger_mantissa_l_reg[25]/CK <<<     -     R     DFFR_X1       68    -     1     0    1111    (-,-) 
#-----------------------------------------------------------------------------------------------------



Path 4: MET (1 ps) Late External Delay Assertion at pin fp_out[0]
           View: view_1p2_25
          Group: clock1
     Startpoint: (R) signs_differ_l_reg/CK
          Clock: (R) clock1
       Endpoint: (F) fp_out[0]
          Clock: (R) clock1

                     Capture       Launch     
        Clock Edge:+    1111            0     
       Src Latency:+       0            0     
       Net Latency:+       0 (I)        0 (I) 
           Arrival:=    1111            0     
                                              
      Output Delay:-       1                  
       Uncertainty:-       0                  
     Required Time:=    1110                  
      Launch Clock:-       0                  
         Data Path:-    1109                  
             Slack:=       1                  

Exceptions/Constraints:
  output_delay              1              add_fp16.sdc_line_17_97_1   

Launch clock path:
#----------------------------------------------------------------------------------------------
#     Timing Point      Flags   Arc   Edge   Cell     Fanout Load Trans Delay Arrival Instance 
#                                                            (fF)  (ps)  (ps)   (ps)  Location 
#----------------------------------------------------------------------------------------------
  clk                   (i)     -     R     (arrival)     68  0.0     0     0       0    (-,-) 
  signs_differ_l_reg/CK <<<     -     R     DFFR_X1       68    -     1     0       0    (-,-) 
#----------------------------------------------------------------------------------------------

#-----------------------------------------------------------------------------------------------
#     Timing Point      Flags    Arc   Edge   Cell     Fanout Load Trans Delay Arrival Instance 
#                                                             (fF)  (ps)  (ps)   (ps)  Location 
#-----------------------------------------------------------------------------------------------
  signs_differ_l_reg/CK -       -      R     (arrival)     68    -     1     0       0    (-,-) 
  signs_differ_l_reg/QN -       CK->QN F     DFFR_X1        3  6.6    17    76      76    (-,-) 
  g32978/ZN             -       A->ZN  R     INV_X2        25 51.2    61    75     151    (-,-) 
  g46831/ZN             -       A->ZN  F     INV_X2        30 51.7    36    59     210    (-,-) 
  g46540__1617/ZN       -       A1->ZN R     NAND2_X1       1  2.0    15    25     235    (-,-) 
  g46529__7410/ZN       -       A->ZN  F     OAI21_X1       1  4.1    14    25     260    (-,-) 
  g46956/ZN             -       A->ZN  R     XNOR2_X2      20 35.9    94   112     372    (-,-) 
  g46478__7482/ZN       -       A->ZN  F     AOI21_X1       1  1.9    25    22     394    (-,-) 
  g46421__2398/ZN       -       B2->ZN R     OAI21_X1       1  1.9    23    39     433    (-,-) 
  g46391__5526/ZN       -       A1->ZN F     NAND2_X1       1  1.7    13    16     448    (-,-) 
  g46317__4319/ZN       -       B1->ZN R     OAI221_X1      1  1.9    36    48     497    (-,-) 
  g46302__4733/ZN       -       A1->ZN F     NAND2_X1       1  1.7    13    18     514    (-,-) 
  g46267__4733/ZN       -       B1->ZN R     AOI21_X1       1  2.0    24    29     543    (-,-) 
  g46196__1881/ZN       -       B1->ZN F     OAI21_X1       1  1.2    18    16     559    (-,-) 
  g46183__4319/ZN       -       A2->ZN F     AND4_X1        1  1.8     8    40     599    (-,-) 
  g46107__2883/ZN       -       B1->ZN R     OAI21_X1       1  2.0    20    28     627    (-,-) 
  g46941/ZN             -       C1->ZN F     AOI211_X1      1  1.7    14    18     645    (-,-) 
  g45914__2346/ZN       -       A1->ZN R     NOR2_X1        2  3.8    25    36     681    (-,-) 
  g46893__9945/ZN       -       A1->ZN R     OR2_X2         3  5.8    10    30     711    (-,-) 
  g45799__5107/ZN       -       A1->ZN F     NAND2_X1       2  3.5    10    17     728    (-,-) 
  g45790__2883/ZN       -       A1->ZN R     NAND2_X1       2  4.4    16    22     750    (-,-) 
  g46902/Z              -       A->Z   R     XOR2_X1        1  1.2    19    46     795    (-,-) 
  g46901/ZN             -       A1->ZN R     AND2_X1        2  3.1    12    38     834    (-,-) 
  g45745__4733/Z        -       B->Z   R     MUX2_X1        3  7.5    21    52     885    (-,-) 
  g45715__1666/ZN       -       A3->ZN F     NAND4_X1       1  1.7    18    32     917    (-,-) 
  g45712__9945/ZN       -       A1->ZN R     NOR2_X1        1  1.9    18    28     946    (-,-) 
  g45705__6161/ZN       -       A1->ZN F     NAND2_X1       1  3.5    13    20     965    (-,-) 
  g45699__1881/ZN       -       A2->ZN R     NOR2_X2        3  5.7    21    36    1001    (-,-) 
  g45695__5122/ZN       -       A2->ZN R     AND2_X2        2  3.9     9    34    1036    (-,-) 
  g21150/ZN             -       A->ZN  F     INV_X1         1  3.2     6    10    1045    (-,-) 
  g21137__2346/ZN       -       A1->ZN R     NAND2_X2      22 41.2    52    59    1104    (-,-) 
  g21133__6161/ZN       -       A1->ZN F     NOR2_X1        1  0.3    11     5    1109    (-,-) 
  fp_out[0]             -       -      F     (port)         -    -     -     0    1109    (-,-) 
#-----------------------------------------------------------------------------------------------



Path 5: MET (1 ps) Late External Delay Assertion at pin fp_out[1]
           View: view_1p2_25
          Group: clock1
     Startpoint: (R) signs_differ_l_reg/CK
          Clock: (R) clock1
       Endpoint: (F) fp_out[1]
          Clock: (R) clock1

                     Capture       Launch     
        Clock Edge:+    1111            0     
       Src Latency:+       0            0     
       Net Latency:+       0 (I)        0 (I) 
           Arrival:=    1111            0     
                                              
      Output Delay:-       1                  
       Uncertainty:-       0                  
     Required Time:=    1110                  
      Launch Clock:-       0                  
         Data Path:-    1109                  
             Slack:=       1                  

Exceptions/Constraints:
  output_delay              1              add_fp16.sdc_line_17_96_1   

Launch clock path:
#----------------------------------------------------------------------------------------------
#     Timing Point      Flags   Arc   Edge   Cell     Fanout Load Trans Delay Arrival Instance 
#                                                            (fF)  (ps)  (ps)   (ps)  Location 
#----------------------------------------------------------------------------------------------
  clk                   (i)     -     R     (arrival)     68  0.0     0     0       0    (-,-) 
  signs_differ_l_reg/CK <<<     -     R     DFFR_X1       68    -     1     0       0    (-,-) 
#----------------------------------------------------------------------------------------------

#-----------------------------------------------------------------------------------------------
#     Timing Point      Flags    Arc   Edge   Cell     Fanout Load Trans Delay Arrival Instance 
#                                                             (fF)  (ps)  (ps)   (ps)  Location 
#-----------------------------------------------------------------------------------------------
  signs_differ_l_reg/CK -       -      R     (arrival)     68    -     1     0       0    (-,-) 
  signs_differ_l_reg/QN -       CK->QN F     DFFR_X1        3  6.6    17    76      76    (-,-) 
  g32978/ZN             -       A->ZN  R     INV_X2        25 51.2    61    75     151    (-,-) 
  g46831/ZN             -       A->ZN  F     INV_X2        30 51.7    36    59     210    (-,-) 
  g46540__1617/ZN       -       A1->ZN R     NAND2_X1       1  2.0    15    25     235    (-,-) 
  g46529__7410/ZN       -       A->ZN  F     OAI21_X1       1  4.1    14    25     260    (-,-) 
  g46956/ZN             -       A->ZN  R     XNOR2_X2      20 35.9    94   112     372    (-,-) 
  g46478__7482/ZN       -       A->ZN  F     AOI21_X1       1  1.9    25    22     394    (-,-) 
  g46421__2398/ZN       -       B2->ZN R     OAI21_X1       1  1.9    23    39     433    (-,-) 
  g46391__5526/ZN       -       A1->ZN F     NAND2_X1       1  1.7    13    16     448    (-,-) 
  g46317__4319/ZN       -       B1->ZN R     OAI221_X1      1  1.9    36    48     497    (-,-) 
  g46302__4733/ZN       -       A1->ZN F     NAND2_X1       1  1.7    13    18     514    (-,-) 
  g46267__4733/ZN       -       B1->ZN R     AOI21_X1       1  2.0    24    29     543    (-,-) 
  g46196__1881/ZN       -       B1->ZN F     OAI21_X1       1  1.2    18    16     559    (-,-) 
  g46183__4319/ZN       -       A2->ZN F     AND4_X1        1  1.8     8    40     599    (-,-) 
  g46107__2883/ZN       -       B1->ZN R     OAI21_X1       1  2.0    20    28     627    (-,-) 
  g46941/ZN             -       C1->ZN F     AOI211_X1      1  1.7    14    18     645    (-,-) 
  g45914__2346/ZN       -       A1->ZN R     NOR2_X1        2  3.8    25    36     681    (-,-) 
  g46893__9945/ZN       -       A1->ZN R     OR2_X2         3  5.8    10    30     711    (-,-) 
  g45799__5107/ZN       -       A1->ZN F     NAND2_X1       2  3.5    10    17     728    (-,-) 
  g45790__2883/ZN       -       A1->ZN R     NAND2_X1       2  4.4    16    22     750    (-,-) 
  g46902/Z              -       A->Z   R     XOR2_X1        1  1.2    19    46     795    (-,-) 
  g46901/ZN             -       A1->ZN R     AND2_X1        2  3.1    12    38     834    (-,-) 
  g45745__4733/Z        -       B->Z   R     MUX2_X1        3  7.5    21    52     885    (-,-) 
  g45715__1666/ZN       -       A3->ZN F     NAND4_X1       1  1.7    18    32     917    (-,-) 
  g45712__9945/ZN       -       A1->ZN R     NOR2_X1        1  1.9    18    28     946    (-,-) 
  g45705__6161/ZN       -       A1->ZN F     NAND2_X1       1  3.5    13    20     965    (-,-) 
  g45699__1881/ZN       -       A2->ZN R     NOR2_X2        3  5.7    21    36    1001    (-,-) 
  g45695__5122/ZN       -       A2->ZN R     AND2_X2        2  3.9     9    34    1036    (-,-) 
  g21150/ZN             -       A->ZN  F     INV_X1         1  3.2     6    10    1045    (-,-) 
  g21137__2346/ZN       -       A1->ZN R     NAND2_X2      22 41.2    52    59    1104    (-,-) 
  g21126__8246/ZN       -       A1->ZN F     NOR2_X1        1  0.3    11     5    1109    (-,-) 
  fp_out[1]             -       -      F     (port)         -    -     -     0    1109    (-,-) 
#-----------------------------------------------------------------------------------------------



Path 6: MET (1 ps) Late External Delay Assertion at pin fp_out[2]
           View: view_1p2_25
          Group: clock1
     Startpoint: (R) signs_differ_l_reg/CK
          Clock: (R) clock1
       Endpoint: (F) fp_out[2]
          Clock: (R) clock1

                     Capture       Launch     
        Clock Edge:+    1111            0     
       Src Latency:+       0            0     
       Net Latency:+       0 (I)        0 (I) 
           Arrival:=    1111            0     
                                              
      Output Delay:-       1                  
       Uncertainty:-       0                  
     Required Time:=    1110                  
      Launch Clock:-       0                  
         Data Path:-    1109                  
             Slack:=       1                  

Exceptions/Constraints:
  output_delay              1              add_fp16.sdc_line_17_95_1   

Launch clock path:
#----------------------------------------------------------------------------------------------
#     Timing Point      Flags   Arc   Edge   Cell     Fanout Load Trans Delay Arrival Instance 
#                                                            (fF)  (ps)  (ps)   (ps)  Location 
#----------------------------------------------------------------------------------------------
  clk                   (i)     -     R     (arrival)     68  0.0     0     0       0    (-,-) 
  signs_differ_l_reg/CK <<<     -     R     DFFR_X1       68    -     1     0       0    (-,-) 
#----------------------------------------------------------------------------------------------

#-----------------------------------------------------------------------------------------------
#     Timing Point      Flags    Arc   Edge   Cell     Fanout Load Trans Delay Arrival Instance 
#                                                             (fF)  (ps)  (ps)   (ps)  Location 
#-----------------------------------------------------------------------------------------------
  signs_differ_l_reg/CK -       -      R     (arrival)     68    -     1     0       0    (-,-) 
  signs_differ_l_reg/QN -       CK->QN F     DFFR_X1        3  6.6    17    76      76    (-,-) 
  g32978/ZN             -       A->ZN  R     INV_X2        25 51.2    61    75     151    (-,-) 
  g46831/ZN             -       A->ZN  F     INV_X2        30 51.7    36    59     210    (-,-) 
  g46540__1617/ZN       -       A1->ZN R     NAND2_X1       1  2.0    15    25     235    (-,-) 
  g46529__7410/ZN       -       A->ZN  F     OAI21_X1       1  4.1    14    25     260    (-,-) 
  g46956/ZN             -       A->ZN  R     XNOR2_X2      20 35.9    94   112     372    (-,-) 
  g46478__7482/ZN       -       A->ZN  F     AOI21_X1       1  1.9    25    22     394    (-,-) 
  g46421__2398/ZN       -       B2->ZN R     OAI21_X1       1  1.9    23    39     433    (-,-) 
  g46391__5526/ZN       -       A1->ZN F     NAND2_X1       1  1.7    13    16     448    (-,-) 
  g46317__4319/ZN       -       B1->ZN R     OAI221_X1      1  1.9    36    48     497    (-,-) 
  g46302__4733/ZN       -       A1->ZN F     NAND2_X1       1  1.7    13    18     514    (-,-) 
  g46267__4733/ZN       -       B1->ZN R     AOI21_X1       1  2.0    24    29     543    (-,-) 
  g46196__1881/ZN       -       B1->ZN F     OAI21_X1       1  1.2    18    16     559    (-,-) 
  g46183__4319/ZN       -       A2->ZN F     AND4_X1        1  1.8     8    40     599    (-,-) 
  g46107__2883/ZN       -       B1->ZN R     OAI21_X1       1  2.0    20    28     627    (-,-) 
  g46941/ZN             -       C1->ZN F     AOI211_X1      1  1.7    14    18     645    (-,-) 
  g45914__2346/ZN       -       A1->ZN R     NOR2_X1        2  3.8    25    36     681    (-,-) 
  g46893__9945/ZN       -       A1->ZN R     OR2_X2         3  5.8    10    30     711    (-,-) 
  g45799__5107/ZN       -       A1->ZN F     NAND2_X1       2  3.5    10    17     728    (-,-) 
  g45790__2883/ZN       -       A1->ZN R     NAND2_X1       2  4.4    16    22     750    (-,-) 
  g46902/Z              -       A->Z   R     XOR2_X1        1  1.2    19    46     795    (-,-) 
  g46901/ZN             -       A1->ZN R     AND2_X1        2  3.1    12    38     834    (-,-) 
  g45745__4733/Z        -       B->Z   R     MUX2_X1        3  7.5    21    52     885    (-,-) 
  g45715__1666/ZN       -       A3->ZN F     NAND4_X1       1  1.7    18    32     917    (-,-) 
  g45712__9945/ZN       -       A1->ZN R     NOR2_X1        1  1.9    18    28     946    (-,-) 
  g45705__6161/ZN       -       A1->ZN F     NAND2_X1       1  3.5    13    20     965    (-,-) 
  g45699__1881/ZN       -       A2->ZN R     NOR2_X2        3  5.7    21    36    1001    (-,-) 
  g45695__5122/ZN       -       A2->ZN R     AND2_X2        2  3.9     9    34    1036    (-,-) 
  g21150/ZN             -       A->ZN  F     INV_X1         1  3.2     6    10    1045    (-,-) 
  g21137__2346/ZN       -       A1->ZN R     NAND2_X2      22 41.2    52    59    1104    (-,-) 
  g21130__5115/ZN       -       A1->ZN F     NOR2_X1        1  0.3    11     5    1109    (-,-) 
  fp_out[2]             -       -      F     (port)         -    -     -     0    1109    (-,-) 
#-----------------------------------------------------------------------------------------------



Path 7: MET (1 ps) Late External Delay Assertion at pin fp_out[3]
           View: view_1p2_25
          Group: clock1
     Startpoint: (R) signs_differ_l_reg/CK
          Clock: (R) clock1
       Endpoint: (F) fp_out[3]
          Clock: (R) clock1

                     Capture       Launch     
        Clock Edge:+    1111            0     
       Src Latency:+       0            0     
       Net Latency:+       0 (I)        0 (I) 
           Arrival:=    1111            0     
                                              
      Output Delay:-       1                  
       Uncertainty:-       0                  
     Required Time:=    1110                  
      Launch Clock:-       0                  
         Data Path:-    1109                  
             Slack:=       1                  

Exceptions/Constraints:
  output_delay              1              add_fp16.sdc_line_17_94_1   

Launch clock path:
#----------------------------------------------------------------------------------------------
#     Timing Point      Flags   Arc   Edge   Cell     Fanout Load Trans Delay Arrival Instance 
#                                                            (fF)  (ps)  (ps)   (ps)  Location 
#----------------------------------------------------------------------------------------------
  clk                   (i)     -     R     (arrival)     68  0.0     0     0       0    (-,-) 
  signs_differ_l_reg/CK <<<     -     R     DFFR_X1       68    -     1     0       0    (-,-) 
#----------------------------------------------------------------------------------------------

#-----------------------------------------------------------------------------------------------
#     Timing Point      Flags    Arc   Edge   Cell     Fanout Load Trans Delay Arrival Instance 
#                                                             (fF)  (ps)  (ps)   (ps)  Location 
#-----------------------------------------------------------------------------------------------
  signs_differ_l_reg/CK -       -      R     (arrival)     68    -     1     0       0    (-,-) 
  signs_differ_l_reg/QN -       CK->QN F     DFFR_X1        3  6.6    17    76      76    (-,-) 
  g32978/ZN             -       A->ZN  R     INV_X2        25 51.2    61    75     151    (-,-) 
  g46831/ZN             -       A->ZN  F     INV_X2        30 51.7    36    59     210    (-,-) 
  g46540__1617/ZN       -       A1->ZN R     NAND2_X1       1  2.0    15    25     235    (-,-) 
  g46529__7410/ZN       -       A->ZN  F     OAI21_X1       1  4.1    14    25     260    (-,-) 
  g46956/ZN             -       A->ZN  R     XNOR2_X2      20 35.9    94   112     372    (-,-) 
  g46478__7482/ZN       -       A->ZN  F     AOI21_X1       1  1.9    25    22     394    (-,-) 
  g46421__2398/ZN       -       B2->ZN R     OAI21_X1       1  1.9    23    39     433    (-,-) 
  g46391__5526/ZN       -       A1->ZN F     NAND2_X1       1  1.7    13    16     448    (-,-) 
  g46317__4319/ZN       -       B1->ZN R     OAI221_X1      1  1.9    36    48     497    (-,-) 
  g46302__4733/ZN       -       A1->ZN F     NAND2_X1       1  1.7    13    18     514    (-,-) 
  g46267__4733/ZN       -       B1->ZN R     AOI21_X1       1  2.0    24    29     543    (-,-) 
  g46196__1881/ZN       -       B1->ZN F     OAI21_X1       1  1.2    18    16     559    (-,-) 
  g46183__4319/ZN       -       A2->ZN F     AND4_X1        1  1.8     8    40     599    (-,-) 
  g46107__2883/ZN       -       B1->ZN R     OAI21_X1       1  2.0    20    28     627    (-,-) 
  g46941/ZN             -       C1->ZN F     AOI211_X1      1  1.7    14    18     645    (-,-) 
  g45914__2346/ZN       -       A1->ZN R     NOR2_X1        2  3.8    25    36     681    (-,-) 
  g46893__9945/ZN       -       A1->ZN R     OR2_X2         3  5.8    10    30     711    (-,-) 
  g45799__5107/ZN       -       A1->ZN F     NAND2_X1       2  3.5    10    17     728    (-,-) 
  g45790__2883/ZN       -       A1->ZN R     NAND2_X1       2  4.4    16    22     750    (-,-) 
  g46902/Z              -       A->Z   R     XOR2_X1        1  1.2    19    46     795    (-,-) 
  g46901/ZN             -       A1->ZN R     AND2_X1        2  3.1    12    38     834    (-,-) 
  g45745__4733/Z        -       B->Z   R     MUX2_X1        3  7.5    21    52     885    (-,-) 
  g45715__1666/ZN       -       A3->ZN F     NAND4_X1       1  1.7    18    32     917    (-,-) 
  g45712__9945/ZN       -       A1->ZN R     NOR2_X1        1  1.9    18    28     946    (-,-) 
  g45705__6161/ZN       -       A1->ZN F     NAND2_X1       1  3.5    13    20     965    (-,-) 
  g45699__1881/ZN       -       A2->ZN R     NOR2_X2        3  5.7    21    36    1001    (-,-) 
  g45695__5122/ZN       -       A2->ZN R     AND2_X2        2  3.9     9    34    1036    (-,-) 
  g21150/ZN             -       A->ZN  F     INV_X1         1  3.2     6    10    1045    (-,-) 
  g21137__2346/ZN       -       A1->ZN R     NAND2_X2      22 41.2    52    59    1104    (-,-) 
  g21127__7098/ZN       -       A1->ZN F     NOR2_X1        1  0.3    11     5    1109    (-,-) 
  fp_out[3]             -       -      F     (port)         -    -     -     0    1109    (-,-) 
#-----------------------------------------------------------------------------------------------



Path 8: MET (1 ps) Late External Delay Assertion at pin fp_out[4]
           View: view_1p2_25
          Group: clock1
     Startpoint: (R) signs_differ_l_reg/CK
          Clock: (R) clock1
       Endpoint: (F) fp_out[4]
          Clock: (R) clock1

                     Capture       Launch     
        Clock Edge:+    1111            0     
       Src Latency:+       0            0     
       Net Latency:+       0 (I)        0 (I) 
           Arrival:=    1111            0     
                                              
      Output Delay:-       1                  
       Uncertainty:-       0                  
     Required Time:=    1110                  
      Launch Clock:-       0                  
         Data Path:-    1109                  
             Slack:=       1                  

Exceptions/Constraints:
  output_delay              1              add_fp16.sdc_line_17_93_1   

Launch clock path:
#----------------------------------------------------------------------------------------------
#     Timing Point      Flags   Arc   Edge   Cell     Fanout Load Trans Delay Arrival Instance 
#                                                            (fF)  (ps)  (ps)   (ps)  Location 
#----------------------------------------------------------------------------------------------
  clk                   (i)     -     R     (arrival)     68  0.0     0     0       0    (-,-) 
  signs_differ_l_reg/CK <<<     -     R     DFFR_X1       68    -     1     0       0    (-,-) 
#----------------------------------------------------------------------------------------------

#-----------------------------------------------------------------------------------------------
#     Timing Point      Flags    Arc   Edge   Cell     Fanout Load Trans Delay Arrival Instance 
#                                                             (fF)  (ps)  (ps)   (ps)  Location 
#-----------------------------------------------------------------------------------------------
  signs_differ_l_reg/CK -       -      R     (arrival)     68    -     1     0       0    (-,-) 
  signs_differ_l_reg/QN -       CK->QN F     DFFR_X1        3  6.6    17    76      76    (-,-) 
  g32978/ZN             -       A->ZN  R     INV_X2        25 51.2    61    75     151    (-,-) 
  g46831/ZN             -       A->ZN  F     INV_X2        30 51.7    36    59     210    (-,-) 
  g46540__1617/ZN       -       A1->ZN R     NAND2_X1       1  2.0    15    25     235    (-,-) 
  g46529__7410/ZN       -       A->ZN  F     OAI21_X1       1  4.1    14    25     260    (-,-) 
  g46956/ZN             -       A->ZN  R     XNOR2_X2      20 35.9    94   112     372    (-,-) 
  g46478__7482/ZN       -       A->ZN  F     AOI21_X1       1  1.9    25    22     394    (-,-) 
  g46421__2398/ZN       -       B2->ZN R     OAI21_X1       1  1.9    23    39     433    (-,-) 
  g46391__5526/ZN       -       A1->ZN F     NAND2_X1       1  1.7    13    16     448    (-,-) 
  g46317__4319/ZN       -       B1->ZN R     OAI221_X1      1  1.9    36    48     497    (-,-) 
  g46302__4733/ZN       -       A1->ZN F     NAND2_X1       1  1.7    13    18     514    (-,-) 
  g46267__4733/ZN       -       B1->ZN R     AOI21_X1       1  2.0    24    29     543    (-,-) 
  g46196__1881/ZN       -       B1->ZN F     OAI21_X1       1  1.2    18    16     559    (-,-) 
  g46183__4319/ZN       -       A2->ZN F     AND4_X1        1  1.8     8    40     599    (-,-) 
  g46107__2883/ZN       -       B1->ZN R     OAI21_X1       1  2.0    20    28     627    (-,-) 
  g46941/ZN             -       C1->ZN F     AOI211_X1      1  1.7    14    18     645    (-,-) 
  g45914__2346/ZN       -       A1->ZN R     NOR2_X1        2  3.8    25    36     681    (-,-) 
  g46893__9945/ZN       -       A1->ZN R     OR2_X2         3  5.8    10    30     711    (-,-) 
  g45799__5107/ZN       -       A1->ZN F     NAND2_X1       2  3.5    10    17     728    (-,-) 
  g45790__2883/ZN       -       A1->ZN R     NAND2_X1       2  4.4    16    22     750    (-,-) 
  g46902/Z              -       A->Z   R     XOR2_X1        1  1.2    19    46     795    (-,-) 
  g46901/ZN             -       A1->ZN R     AND2_X1        2  3.1    12    38     834    (-,-) 
  g45745__4733/Z        -       B->Z   R     MUX2_X1        3  7.5    21    52     885    (-,-) 
  g45715__1666/ZN       -       A3->ZN F     NAND4_X1       1  1.7    18    32     917    (-,-) 
  g45712__9945/ZN       -       A1->ZN R     NOR2_X1        1  1.9    18    28     946    (-,-) 
  g45705__6161/ZN       -       A1->ZN F     NAND2_X1       1  3.5    13    20     965    (-,-) 
  g45699__1881/ZN       -       A2->ZN R     NOR2_X2        3  5.7    21    36    1001    (-,-) 
  g45695__5122/ZN       -       A2->ZN R     AND2_X2        2  3.9     9    34    1036    (-,-) 
  g21150/ZN             -       A->ZN  F     INV_X1         1  3.2     6    10    1045    (-,-) 
  g21137__2346/ZN       -       A1->ZN R     NAND2_X2      22 41.2    52    59    1104    (-,-) 
  g21131__7482/ZN       -       A1->ZN F     NOR2_X1        1  0.3    11     5    1109    (-,-) 
  fp_out[4]             -       -      F     (port)         -    -     -     0    1109    (-,-) 
#-----------------------------------------------------------------------------------------------



Path 9: MET (1 ps) Late External Delay Assertion at pin fp_out[5]
           View: view_1p2_25
          Group: clock1
     Startpoint: (R) signs_differ_l_reg/CK
          Clock: (R) clock1
       Endpoint: (F) fp_out[5]
          Clock: (R) clock1

                     Capture       Launch     
        Clock Edge:+    1111            0     
       Src Latency:+       0            0     
       Net Latency:+       0 (I)        0 (I) 
           Arrival:=    1111            0     
                                              
      Output Delay:-       1                  
       Uncertainty:-       0                  
     Required Time:=    1110                  
      Launch Clock:-       0                  
         Data Path:-    1109                  
             Slack:=       1                  

Exceptions/Constraints:
  output_delay              1              add_fp16.sdc_line_17_92_1   

Launch clock path:
#----------------------------------------------------------------------------------------------
#     Timing Point      Flags   Arc   Edge   Cell     Fanout Load Trans Delay Arrival Instance 
#                                                            (fF)  (ps)  (ps)   (ps)  Location 
#----------------------------------------------------------------------------------------------
  clk                   (i)     -     R     (arrival)     68  0.0     0     0       0    (-,-) 
  signs_differ_l_reg/CK <<<     -     R     DFFR_X1       68    -     1     0       0    (-,-) 
#----------------------------------------------------------------------------------------------

#-----------------------------------------------------------------------------------------------
#     Timing Point      Flags    Arc   Edge   Cell     Fanout Load Trans Delay Arrival Instance 
#                                                             (fF)  (ps)  (ps)   (ps)  Location 
#-----------------------------------------------------------------------------------------------
  signs_differ_l_reg/CK -       -      R     (arrival)     68    -     1     0       0    (-,-) 
  signs_differ_l_reg/QN -       CK->QN F     DFFR_X1        3  6.6    17    76      76    (-,-) 
  g32978/ZN             -       A->ZN  R     INV_X2        25 51.2    61    75     151    (-,-) 
  g46831/ZN             -       A->ZN  F     INV_X2        30 51.7    36    59     210    (-,-) 
  g46540__1617/ZN       -       A1->ZN R     NAND2_X1       1  2.0    15    25     235    (-,-) 
  g46529__7410/ZN       -       A->ZN  F     OAI21_X1       1  4.1    14    25     260    (-,-) 
  g46956/ZN             -       A->ZN  R     XNOR2_X2      20 35.9    94   112     372    (-,-) 
  g46478__7482/ZN       -       A->ZN  F     AOI21_X1       1  1.9    25    22     394    (-,-) 
  g46421__2398/ZN       -       B2->ZN R     OAI21_X1       1  1.9    23    39     433    (-,-) 
  g46391__5526/ZN       -       A1->ZN F     NAND2_X1       1  1.7    13    16     448    (-,-) 
  g46317__4319/ZN       -       B1->ZN R     OAI221_X1      1  1.9    36    48     497    (-,-) 
  g46302__4733/ZN       -       A1->ZN F     NAND2_X1       1  1.7    13    18     514    (-,-) 
  g46267__4733/ZN       -       B1->ZN R     AOI21_X1       1  2.0    24    29     543    (-,-) 
  g46196__1881/ZN       -       B1->ZN F     OAI21_X1       1  1.2    18    16     559    (-,-) 
  g46183__4319/ZN       -       A2->ZN F     AND4_X1        1  1.8     8    40     599    (-,-) 
  g46107__2883/ZN       -       B1->ZN R     OAI21_X1       1  2.0    20    28     627    (-,-) 
  g46941/ZN             -       C1->ZN F     AOI211_X1      1  1.7    14    18     645    (-,-) 
  g45914__2346/ZN       -       A1->ZN R     NOR2_X1        2  3.8    25    36     681    (-,-) 
  g46893__9945/ZN       -       A1->ZN R     OR2_X2         3  5.8    10    30     711    (-,-) 
  g45799__5107/ZN       -       A1->ZN F     NAND2_X1       2  3.5    10    17     728    (-,-) 
  g45790__2883/ZN       -       A1->ZN R     NAND2_X1       2  4.4    16    22     750    (-,-) 
  g46902/Z              -       A->Z   R     XOR2_X1        1  1.2    19    46     795    (-,-) 
  g46901/ZN             -       A1->ZN R     AND2_X1        2  3.1    12    38     834    (-,-) 
  g45745__4733/Z        -       B->Z   R     MUX2_X1        3  7.5    21    52     885    (-,-) 
  g45715__1666/ZN       -       A3->ZN F     NAND4_X1       1  1.7    18    32     917    (-,-) 
  g45712__9945/ZN       -       A1->ZN R     NOR2_X1        1  1.9    18    28     946    (-,-) 
  g45705__6161/ZN       -       A1->ZN F     NAND2_X1       1  3.5    13    20     965    (-,-) 
  g45699__1881/ZN       -       A2->ZN R     NOR2_X2        3  5.7    21    36    1001    (-,-) 
  g45695__5122/ZN       -       A2->ZN R     AND2_X2        2  3.9     9    34    1036    (-,-) 
  g21150/ZN             -       A->ZN  F     INV_X1         1  3.2     6    10    1045    (-,-) 
  g21137__2346/ZN       -       A1->ZN R     NAND2_X2      22 41.2    52    59    1104    (-,-) 
  g21124__1705/ZN       -       A1->ZN F     NOR2_X1        1  0.3    11     5    1109    (-,-) 
  fp_out[5]             -       -      F     (port)         -    -     -     0    1109    (-,-) 
#-----------------------------------------------------------------------------------------------



Path 10: MET (1 ps) Late External Delay Assertion at pin fp_out[6]
           View: view_1p2_25
          Group: clock1
     Startpoint: (R) signs_differ_l_reg/CK
          Clock: (R) clock1
       Endpoint: (F) fp_out[6]
          Clock: (R) clock1

                     Capture       Launch     
        Clock Edge:+    1111            0     
       Src Latency:+       0            0     
       Net Latency:+       0 (I)        0 (I) 
           Arrival:=    1111            0     
                                              
      Output Delay:-       1                  
       Uncertainty:-       0                  
     Required Time:=    1110                  
      Launch Clock:-       0                  
         Data Path:-    1109                  
             Slack:=       1                  

Exceptions/Constraints:
  output_delay              1              add_fp16.sdc_line_17_91_1   

Launch clock path:
#----------------------------------------------------------------------------------------------
#     Timing Point      Flags   Arc   Edge   Cell     Fanout Load Trans Delay Arrival Instance 
#                                                            (fF)  (ps)  (ps)   (ps)  Location 
#----------------------------------------------------------------------------------------------
  clk                   (i)     -     R     (arrival)     68  0.0     0     0       0    (-,-) 
  signs_differ_l_reg/CK <<<     -     R     DFFR_X1       68    -     1     0       0    (-,-) 
#----------------------------------------------------------------------------------------------

#-----------------------------------------------------------------------------------------------
#     Timing Point      Flags    Arc   Edge   Cell     Fanout Load Trans Delay Arrival Instance 
#                                                             (fF)  (ps)  (ps)   (ps)  Location 
#-----------------------------------------------------------------------------------------------
  signs_differ_l_reg/CK -       -      R     (arrival)     68    -     1     0       0    (-,-) 
  signs_differ_l_reg/QN -       CK->QN F     DFFR_X1        3  6.6    17    76      76    (-,-) 
  g32978/ZN             -       A->ZN  R     INV_X2        25 51.2    61    75     151    (-,-) 
  g46831/ZN             -       A->ZN  F     INV_X2        30 51.7    36    59     210    (-,-) 
  g46540__1617/ZN       -       A1->ZN R     NAND2_X1       1  2.0    15    25     235    (-,-) 
  g46529__7410/ZN       -       A->ZN  F     OAI21_X1       1  4.1    14    25     260    (-,-) 
  g46956/ZN             -       A->ZN  R     XNOR2_X2      20 35.9    94   112     372    (-,-) 
  g46478__7482/ZN       -       A->ZN  F     AOI21_X1       1  1.9    25    22     394    (-,-) 
  g46421__2398/ZN       -       B2->ZN R     OAI21_X1       1  1.9    23    39     433    (-,-) 
  g46391__5526/ZN       -       A1->ZN F     NAND2_X1       1  1.7    13    16     448    (-,-) 
  g46317__4319/ZN       -       B1->ZN R     OAI221_X1      1  1.9    36    48     497    (-,-) 
  g46302__4733/ZN       -       A1->ZN F     NAND2_X1       1  1.7    13    18     514    (-,-) 
  g46267__4733/ZN       -       B1->ZN R     AOI21_X1       1  2.0    24    29     543    (-,-) 
  g46196__1881/ZN       -       B1->ZN F     OAI21_X1       1  1.2    18    16     559    (-,-) 
  g46183__4319/ZN       -       A2->ZN F     AND4_X1        1  1.8     8    40     599    (-,-) 
  g46107__2883/ZN       -       B1->ZN R     OAI21_X1       1  2.0    20    28     627    (-,-) 
  g46941/ZN             -       C1->ZN F     AOI211_X1      1  1.7    14    18     645    (-,-) 
  g45914__2346/ZN       -       A1->ZN R     NOR2_X1        2  3.8    25    36     681    (-,-) 
  g46893__9945/ZN       -       A1->ZN R     OR2_X2         3  5.8    10    30     711    (-,-) 
  g45799__5107/ZN       -       A1->ZN F     NAND2_X1       2  3.5    10    17     728    (-,-) 
  g45790__2883/ZN       -       A1->ZN R     NAND2_X1       2  4.4    16    22     750    (-,-) 
  g46902/Z              -       A->Z   R     XOR2_X1        1  1.2    19    46     795    (-,-) 
  g46901/ZN             -       A1->ZN R     AND2_X1        2  3.1    12    38     834    (-,-) 
  g45745__4733/Z        -       B->Z   R     MUX2_X1        3  7.5    21    52     885    (-,-) 
  g45715__1666/ZN       -       A3->ZN F     NAND4_X1       1  1.7    18    32     917    (-,-) 
  g45712__9945/ZN       -       A1->ZN R     NOR2_X1        1  1.9    18    28     946    (-,-) 
  g45705__6161/ZN       -       A1->ZN F     NAND2_X1       1  3.5    13    20     965    (-,-) 
  g45699__1881/ZN       -       A2->ZN R     NOR2_X2        3  5.7    21    36    1001    (-,-) 
  g45695__5122/ZN       -       A2->ZN R     AND2_X2        2  3.9     9    34    1036    (-,-) 
  g21150/ZN             -       A->ZN  F     INV_X1         1  3.2     6    10    1045    (-,-) 
  g21137__2346/ZN       -       A1->ZN R     NAND2_X2      22 41.2    52    59    1104    (-,-) 
  g21123__2802/ZN       -       A1->ZN F     NOR2_X1        1  0.3    11     5    1109    (-,-) 
  fp_out[6]             -       -      F     (port)         -    -     -     0    1109    (-,-) 
#-----------------------------------------------------------------------------------------------



Path 11: MET (1 ps) Late External Delay Assertion at pin fp_out[7]
           View: view_1p2_25
          Group: clock1
     Startpoint: (R) signs_differ_l_reg/CK
          Clock: (R) clock1
       Endpoint: (F) fp_out[7]
          Clock: (R) clock1

                     Capture       Launch     
        Clock Edge:+    1111            0     
       Src Latency:+       0            0     
       Net Latency:+       0 (I)        0 (I) 
           Arrival:=    1111            0     
                                              
      Output Delay:-       1                  
       Uncertainty:-       0                  
     Required Time:=    1110                  
      Launch Clock:-       0                  
         Data Path:-    1109                  
             Slack:=       1                  

Exceptions/Constraints:
  output_delay              1              add_fp16.sdc_line_17_90_1   

Launch clock path:
#----------------------------------------------------------------------------------------------
#     Timing Point      Flags   Arc   Edge   Cell     Fanout Load Trans Delay Arrival Instance 
#                                                            (fF)  (ps)  (ps)   (ps)  Location 
#----------------------------------------------------------------------------------------------
  clk                   (i)     -     R     (arrival)     68  0.0     0     0       0    (-,-) 
  signs_differ_l_reg/CK <<<     -     R     DFFR_X1       68    -     1     0       0    (-,-) 
#----------------------------------------------------------------------------------------------

#-----------------------------------------------------------------------------------------------
#     Timing Point      Flags    Arc   Edge   Cell     Fanout Load Trans Delay Arrival Instance 
#                                                             (fF)  (ps)  (ps)   (ps)  Location 
#-----------------------------------------------------------------------------------------------
  signs_differ_l_reg/CK -       -      R     (arrival)     68    -     1     0       0    (-,-) 
  signs_differ_l_reg/QN -       CK->QN F     DFFR_X1        3  6.6    17    76      76    (-,-) 
  g32978/ZN             -       A->ZN  R     INV_X2        25 51.2    61    75     151    (-,-) 
  g46831/ZN             -       A->ZN  F     INV_X2        30 51.7    36    59     210    (-,-) 
  g46540__1617/ZN       -       A1->ZN R     NAND2_X1       1  2.0    15    25     235    (-,-) 
  g46529__7410/ZN       -       A->ZN  F     OAI21_X1       1  4.1    14    25     260    (-,-) 
  g46956/ZN             -       A->ZN  R     XNOR2_X2      20 35.9    94   112     372    (-,-) 
  g46478__7482/ZN       -       A->ZN  F     AOI21_X1       1  1.9    25    22     394    (-,-) 
  g46421__2398/ZN       -       B2->ZN R     OAI21_X1       1  1.9    23    39     433    (-,-) 
  g46391__5526/ZN       -       A1->ZN F     NAND2_X1       1  1.7    13    16     448    (-,-) 
  g46317__4319/ZN       -       B1->ZN R     OAI221_X1      1  1.9    36    48     497    (-,-) 
  g46302__4733/ZN       -       A1->ZN F     NAND2_X1       1  1.7    13    18     514    (-,-) 
  g46267__4733/ZN       -       B1->ZN R     AOI21_X1       1  2.0    24    29     543    (-,-) 
  g46196__1881/ZN       -       B1->ZN F     OAI21_X1       1  1.2    18    16     559    (-,-) 
  g46183__4319/ZN       -       A2->ZN F     AND4_X1        1  1.8     8    40     599    (-,-) 
  g46107__2883/ZN       -       B1->ZN R     OAI21_X1       1  2.0    20    28     627    (-,-) 
  g46941/ZN             -       C1->ZN F     AOI211_X1      1  1.7    14    18     645    (-,-) 
  g45914__2346/ZN       -       A1->ZN R     NOR2_X1        2  3.8    25    36     681    (-,-) 
  g46893__9945/ZN       -       A1->ZN R     OR2_X2         3  5.8    10    30     711    (-,-) 
  g45799__5107/ZN       -       A1->ZN F     NAND2_X1       2  3.5    10    17     728    (-,-) 
  g45790__2883/ZN       -       A1->ZN R     NAND2_X1       2  4.4    16    22     750    (-,-) 
  g46902/Z              -       A->Z   R     XOR2_X1        1  1.2    19    46     795    (-,-) 
  g46901/ZN             -       A1->ZN R     AND2_X1        2  3.1    12    38     834    (-,-) 
  g45745__4733/Z        -       B->Z   R     MUX2_X1        3  7.5    21    52     885    (-,-) 
  g45715__1666/ZN       -       A3->ZN F     NAND4_X1       1  1.7    18    32     917    (-,-) 
  g45712__9945/ZN       -       A1->ZN R     NOR2_X1        1  1.9    18    28     946    (-,-) 
  g45705__6161/ZN       -       A1->ZN F     NAND2_X1       1  3.5    13    20     965    (-,-) 
  g45699__1881/ZN       -       A2->ZN R     NOR2_X2        3  5.7    21    36    1001    (-,-) 
  g45695__5122/ZN       -       A2->ZN R     AND2_X2        2  3.9     9    34    1036    (-,-) 
  g21150/ZN             -       A->ZN  F     INV_X1         1  3.2     6    10    1045    (-,-) 
  g21137__2346/ZN       -       A1->ZN R     NAND2_X2      22 41.2    52    59    1104    (-,-) 
  g21121__3680/ZN       -       A1->ZN F     NOR2_X1        1  0.3    11     5    1109    (-,-) 
  fp_out[7]             -       -      F     (port)         -    -     -     0    1109    (-,-) 
#-----------------------------------------------------------------------------------------------



Path 12: MET (1 ps) Late External Delay Assertion at pin fp_out[8]
           View: view_1p2_25
          Group: clock1
     Startpoint: (R) signs_differ_l_reg/CK
          Clock: (R) clock1
       Endpoint: (F) fp_out[8]
          Clock: (R) clock1

                     Capture       Launch     
        Clock Edge:+    1111            0     
       Src Latency:+       0            0     
       Net Latency:+       0 (I)        0 (I) 
           Arrival:=    1111            0     
                                              
      Output Delay:-       1                  
       Uncertainty:-       0                  
     Required Time:=    1110                  
      Launch Clock:-       0                  
         Data Path:-    1109                  
             Slack:=       1                  

Exceptions/Constraints:
  output_delay              1              add_fp16.sdc_line_17_89_1   

Launch clock path:
#----------------------------------------------------------------------------------------------
#     Timing Point      Flags   Arc   Edge   Cell     Fanout Load Trans Delay Arrival Instance 
#                                                            (fF)  (ps)  (ps)   (ps)  Location 
#----------------------------------------------------------------------------------------------
  clk                   (i)     -     R     (arrival)     68  0.0     0     0       0    (-,-) 
  signs_differ_l_reg/CK <<<     -     R     DFFR_X1       68    -     1     0       0    (-,-) 
#----------------------------------------------------------------------------------------------

#-----------------------------------------------------------------------------------------------
#     Timing Point      Flags    Arc   Edge   Cell     Fanout Load Trans Delay Arrival Instance 
#                                                             (fF)  (ps)  (ps)   (ps)  Location 
#-----------------------------------------------------------------------------------------------
  signs_differ_l_reg/CK -       -      R     (arrival)     68    -     1     0       0    (-,-) 
  signs_differ_l_reg/QN -       CK->QN F     DFFR_X1        3  6.6    17    76      76    (-,-) 
  g32978/ZN             -       A->ZN  R     INV_X2        25 51.2    61    75     151    (-,-) 
  g46831/ZN             -       A->ZN  F     INV_X2        30 51.7    36    59     210    (-,-) 
  g46540__1617/ZN       -       A1->ZN R     NAND2_X1       1  2.0    15    25     235    (-,-) 
  g46529__7410/ZN       -       A->ZN  F     OAI21_X1       1  4.1    14    25     260    (-,-) 
  g46956/ZN             -       A->ZN  R     XNOR2_X2      20 35.9    94   112     372    (-,-) 
  g46478__7482/ZN       -       A->ZN  F     AOI21_X1       1  1.9    25    22     394    (-,-) 
  g46421__2398/ZN       -       B2->ZN R     OAI21_X1       1  1.9    23    39     433    (-,-) 
  g46391__5526/ZN       -       A1->ZN F     NAND2_X1       1  1.7    13    16     448    (-,-) 
  g46317__4319/ZN       -       B1->ZN R     OAI221_X1      1  1.9    36    48     497    (-,-) 
  g46302__4733/ZN       -       A1->ZN F     NAND2_X1       1  1.7    13    18     514    (-,-) 
  g46267__4733/ZN       -       B1->ZN R     AOI21_X1       1  2.0    24    29     543    (-,-) 
  g46196__1881/ZN       -       B1->ZN F     OAI21_X1       1  1.2    18    16     559    (-,-) 
  g46183__4319/ZN       -       A2->ZN F     AND4_X1        1  1.8     8    40     599    (-,-) 
  g46107__2883/ZN       -       B1->ZN R     OAI21_X1       1  2.0    20    28     627    (-,-) 
  g46941/ZN             -       C1->ZN F     AOI211_X1      1  1.7    14    18     645    (-,-) 
  g45914__2346/ZN       -       A1->ZN R     NOR2_X1        2  3.8    25    36     681    (-,-) 
  g46893__9945/ZN       -       A1->ZN R     OR2_X2         3  5.8    10    30     711    (-,-) 
  g45799__5107/ZN       -       A1->ZN F     NAND2_X1       2  3.5    10    17     728    (-,-) 
  g45790__2883/ZN       -       A1->ZN R     NAND2_X1       2  4.4    16    22     750    (-,-) 
  g46902/Z              -       A->Z   R     XOR2_X1        1  1.2    19    46     795    (-,-) 
  g46901/ZN             -       A1->ZN R     AND2_X1        2  3.1    12    38     834    (-,-) 
  g45745__4733/Z        -       B->Z   R     MUX2_X1        3  7.5    21    52     885    (-,-) 
  g45715__1666/ZN       -       A3->ZN F     NAND4_X1       1  1.7    18    32     917    (-,-) 
  g45712__9945/ZN       -       A1->ZN R     NOR2_X1        1  1.9    18    28     946    (-,-) 
  g45705__6161/ZN       -       A1->ZN F     NAND2_X1       1  3.5    13    20     965    (-,-) 
  g45699__1881/ZN       -       A2->ZN R     NOR2_X2        3  5.7    21    36    1001    (-,-) 
  g45695__5122/ZN       -       A2->ZN R     AND2_X2        2  3.9     9    34    1036    (-,-) 
  g21150/ZN             -       A->ZN  F     INV_X1         1  3.2     6    10    1045    (-,-) 
  g21137__2346/ZN       -       A1->ZN R     NAND2_X2      22 41.2    52    59    1104    (-,-) 
  g21115__5107/ZN       -       A1->ZN F     NOR2_X1        1  0.3    11     5    1109    (-,-) 
  fp_out[8]             -       -      F     (port)         -    -     -     0    1109    (-,-) 
#-----------------------------------------------------------------------------------------------



Path 13: MET (1 ps) Late External Delay Assertion at pin fp_out[9]
           View: view_1p2_25
          Group: clock1
     Startpoint: (R) signs_differ_l_reg/CK
          Clock: (R) clock1
       Endpoint: (F) fp_out[9]
          Clock: (R) clock1

                     Capture       Launch     
        Clock Edge:+    1111            0     
       Src Latency:+       0            0     
       Net Latency:+       0 (I)        0 (I) 
           Arrival:=    1111            0     
                                              
      Output Delay:-       1                  
       Uncertainty:-       0                  
     Required Time:=    1110                  
      Launch Clock:-       0                  
         Data Path:-    1109                  
             Slack:=       1                  

Exceptions/Constraints:
  output_delay              1              add_fp16.sdc_line_17_88_1   

Launch clock path:
#----------------------------------------------------------------------------------------------
#     Timing Point      Flags   Arc   Edge   Cell     Fanout Load Trans Delay Arrival Instance 
#                                                            (fF)  (ps)  (ps)   (ps)  Location 
#----------------------------------------------------------------------------------------------
  clk                   (i)     -     R     (arrival)     68  0.0     0     0       0    (-,-) 
  signs_differ_l_reg/CK <<<     -     R     DFFR_X1       68    -     1     0       0    (-,-) 
#----------------------------------------------------------------------------------------------

#-----------------------------------------------------------------------------------------------
#     Timing Point      Flags    Arc   Edge   Cell     Fanout Load Trans Delay Arrival Instance 
#                                                             (fF)  (ps)  (ps)   (ps)  Location 
#-----------------------------------------------------------------------------------------------
  signs_differ_l_reg/CK -       -      R     (arrival)     68    -     1     0       0    (-,-) 
  signs_differ_l_reg/QN -       CK->QN F     DFFR_X1        3  6.6    17    76      76    (-,-) 
  g32978/ZN             -       A->ZN  R     INV_X2        25 51.2    61    75     151    (-,-) 
  g46831/ZN             -       A->ZN  F     INV_X2        30 51.7    36    59     210    (-,-) 
  g46540__1617/ZN       -       A1->ZN R     NAND2_X1       1  2.0    15    25     235    (-,-) 
  g46529__7410/ZN       -       A->ZN  F     OAI21_X1       1  4.1    14    25     260    (-,-) 
  g46956/ZN             -       A->ZN  R     XNOR2_X2      20 35.9    94   112     372    (-,-) 
  g46478__7482/ZN       -       A->ZN  F     AOI21_X1       1  1.9    25    22     394    (-,-) 
  g46421__2398/ZN       -       B2->ZN R     OAI21_X1       1  1.9    23    39     433    (-,-) 
  g46391__5526/ZN       -       A1->ZN F     NAND2_X1       1  1.7    13    16     448    (-,-) 
  g46317__4319/ZN       -       B1->ZN R     OAI221_X1      1  1.9    36    48     497    (-,-) 
  g46302__4733/ZN       -       A1->ZN F     NAND2_X1       1  1.7    13    18     514    (-,-) 
  g46267__4733/ZN       -       B1->ZN R     AOI21_X1       1  2.0    24    29     543    (-,-) 
  g46196__1881/ZN       -       B1->ZN F     OAI21_X1       1  1.2    18    16     559    (-,-) 
  g46183__4319/ZN       -       A2->ZN F     AND4_X1        1  1.8     8    40     599    (-,-) 
  g46107__2883/ZN       -       B1->ZN R     OAI21_X1       1  2.0    20    28     627    (-,-) 
  g46941/ZN             -       C1->ZN F     AOI211_X1      1  1.7    14    18     645    (-,-) 
  g45914__2346/ZN       -       A1->ZN R     NOR2_X1        2  3.8    25    36     681    (-,-) 
  g46893__9945/ZN       -       A1->ZN R     OR2_X2         3  5.8    10    30     711    (-,-) 
  g45799__5107/ZN       -       A1->ZN F     NAND2_X1       2  3.5    10    17     728    (-,-) 
  g45790__2883/ZN       -       A1->ZN R     NAND2_X1       2  4.4    16    22     750    (-,-) 
  g46902/Z              -       A->Z   R     XOR2_X1        1  1.2    19    46     795    (-,-) 
  g46901/ZN             -       A1->ZN R     AND2_X1        2  3.1    12    38     834    (-,-) 
  g45745__4733/Z        -       B->Z   R     MUX2_X1        3  7.5    21    52     885    (-,-) 
  g45715__1666/ZN       -       A3->ZN F     NAND4_X1       1  1.7    18    32     917    (-,-) 
  g45712__9945/ZN       -       A1->ZN R     NOR2_X1        1  1.9    18    28     946    (-,-) 
  g45705__6161/ZN       -       A1->ZN F     NAND2_X1       1  3.5    13    20     965    (-,-) 
  g45699__1881/ZN       -       A2->ZN R     NOR2_X2        3  5.7    21    36    1001    (-,-) 
  g45695__5122/ZN       -       A2->ZN R     AND2_X2        2  3.9     9    34    1036    (-,-) 
  g21150/ZN             -       A->ZN  F     INV_X1         1  3.2     6    10    1045    (-,-) 
  g21137__2346/ZN       -       A1->ZN R     NAND2_X2      22 41.2    52    59    1104    (-,-) 
  g21118__8428/ZN       -       A1->ZN F     NOR2_X1        1  0.3    11     5    1109    (-,-) 
  fp_out[9]             -       -      F     (port)         -    -     -     0    1109    (-,-) 
#-----------------------------------------------------------------------------------------------



Path 14: MET (1 ps) Late External Delay Assertion at pin fp_out[10]
           View: view_1p2_25
          Group: clock1
     Startpoint: (R) signs_differ_l_reg/CK
          Clock: (R) clock1
       Endpoint: (F) fp_out[10]
          Clock: (R) clock1

                     Capture       Launch     
        Clock Edge:+    1111            0     
       Src Latency:+       0            0     
       Net Latency:+       0 (I)        0 (I) 
           Arrival:=    1111            0     
                                              
      Output Delay:-       1                  
       Uncertainty:-       0                  
     Required Time:=    1110                  
      Launch Clock:-       0                  
         Data Path:-    1109                  
             Slack:=       1                  

Exceptions/Constraints:
  output_delay              1              add_fp16.sdc_line_17_87_1   

Launch clock path:
#----------------------------------------------------------------------------------------------
#     Timing Point      Flags   Arc   Edge   Cell     Fanout Load Trans Delay Arrival Instance 
#                                                            (fF)  (ps)  (ps)   (ps)  Location 
#----------------------------------------------------------------------------------------------
  clk                   (i)     -     R     (arrival)     68  0.0     0     0       0    (-,-) 
  signs_differ_l_reg/CK <<<     -     R     DFFR_X1       68    -     1     0       0    (-,-) 
#----------------------------------------------------------------------------------------------

#-----------------------------------------------------------------------------------------------
#     Timing Point      Flags    Arc   Edge   Cell     Fanout Load Trans Delay Arrival Instance 
#                                                             (fF)  (ps)  (ps)   (ps)  Location 
#-----------------------------------------------------------------------------------------------
  signs_differ_l_reg/CK -       -      R     (arrival)     68    -     1     0       0    (-,-) 
  signs_differ_l_reg/QN -       CK->QN F     DFFR_X1        3  6.6    17    76      76    (-,-) 
  g32978/ZN             -       A->ZN  R     INV_X2        25 51.2    61    75     151    (-,-) 
  g46831/ZN             -       A->ZN  F     INV_X2        30 51.7    36    59     210    (-,-) 
  g46540__1617/ZN       -       A1->ZN R     NAND2_X1       1  2.0    15    25     235    (-,-) 
  g46529__7410/ZN       -       A->ZN  F     OAI21_X1       1  4.1    14    25     260    (-,-) 
  g46956/ZN             -       A->ZN  R     XNOR2_X2      20 35.9    94   112     372    (-,-) 
  g46478__7482/ZN       -       A->ZN  F     AOI21_X1       1  1.9    25    22     394    (-,-) 
  g46421__2398/ZN       -       B2->ZN R     OAI21_X1       1  1.9    23    39     433    (-,-) 
  g46391__5526/ZN       -       A1->ZN F     NAND2_X1       1  1.7    13    16     448    (-,-) 
  g46317__4319/ZN       -       B1->ZN R     OAI221_X1      1  1.9    36    48     497    (-,-) 
  g46302__4733/ZN       -       A1->ZN F     NAND2_X1       1  1.7    13    18     514    (-,-) 
  g46267__4733/ZN       -       B1->ZN R     AOI21_X1       1  2.0    24    29     543    (-,-) 
  g46196__1881/ZN       -       B1->ZN F     OAI21_X1       1  1.2    18    16     559    (-,-) 
  g46183__4319/ZN       -       A2->ZN F     AND4_X1        1  1.8     8    40     599    (-,-) 
  g46107__2883/ZN       -       B1->ZN R     OAI21_X1       1  2.0    20    28     627    (-,-) 
  g46941/ZN             -       C1->ZN F     AOI211_X1      1  1.7    14    18     645    (-,-) 
  g45914__2346/ZN       -       A1->ZN R     NOR2_X1        2  3.8    25    36     681    (-,-) 
  g46893__9945/ZN       -       A1->ZN R     OR2_X2         3  5.8    10    30     711    (-,-) 
  g45799__5107/ZN       -       A1->ZN F     NAND2_X1       2  3.5    10    17     728    (-,-) 
  g45790__2883/ZN       -       A1->ZN R     NAND2_X1       2  4.4    16    22     750    (-,-) 
  g46902/Z              -       A->Z   R     XOR2_X1        1  1.2    19    46     795    (-,-) 
  g46901/ZN             -       A1->ZN R     AND2_X1        2  3.1    12    38     834    (-,-) 
  g45745__4733/Z        -       B->Z   R     MUX2_X1        3  7.5    21    52     885    (-,-) 
  g45715__1666/ZN       -       A3->ZN F     NAND4_X1       1  1.7    18    32     917    (-,-) 
  g45712__9945/ZN       -       A1->ZN R     NOR2_X1        1  1.9    18    28     946    (-,-) 
  g45705__6161/ZN       -       A1->ZN F     NAND2_X1       1  3.5    13    20     965    (-,-) 
  g45699__1881/ZN       -       A2->ZN R     NOR2_X2        3  5.7    21    36    1001    (-,-) 
  g45695__5122/ZN       -       A2->ZN R     AND2_X2        2  3.9     9    34    1036    (-,-) 
  g21150/ZN             -       A->ZN  F     INV_X1         1  3.2     6    10    1045    (-,-) 
  g21137__2346/ZN       -       A1->ZN R     NAND2_X2      22 41.2    52    59    1104    (-,-) 
  g21117__4319/ZN       -       A1->ZN F     NOR2_X1        1  0.3    11     5    1109    (-,-) 
  fp_out[10]            -       -      F     (port)         -    -     -     0    1109    (-,-) 
#-----------------------------------------------------------------------------------------------



Path 15: MET (1 ps) Late External Delay Assertion at pin fp_out[11]
           View: view_1p2_25
          Group: clock1
     Startpoint: (R) signs_differ_l_reg/CK
          Clock: (R) clock1
       Endpoint: (F) fp_out[11]
          Clock: (R) clock1

                     Capture       Launch     
        Clock Edge:+    1111            0     
       Src Latency:+       0            0     
       Net Latency:+       0 (I)        0 (I) 
           Arrival:=    1111            0     
                                              
      Output Delay:-       1                  
       Uncertainty:-       0                  
     Required Time:=    1110                  
      Launch Clock:-       0                  
         Data Path:-    1109                  
             Slack:=       1                  

Exceptions/Constraints:
  output_delay              1              add_fp16.sdc_line_17_86_1   

Launch clock path:
#----------------------------------------------------------------------------------------------
#     Timing Point      Flags   Arc   Edge   Cell     Fanout Load Trans Delay Arrival Instance 
#                                                            (fF)  (ps)  (ps)   (ps)  Location 
#----------------------------------------------------------------------------------------------
  clk                   (i)     -     R     (arrival)     68  0.0     0     0       0    (-,-) 
  signs_differ_l_reg/CK <<<     -     R     DFFR_X1       68    -     1     0       0    (-,-) 
#----------------------------------------------------------------------------------------------

#-----------------------------------------------------------------------------------------------
#     Timing Point      Flags    Arc   Edge   Cell     Fanout Load Trans Delay Arrival Instance 
#                                                             (fF)  (ps)  (ps)   (ps)  Location 
#-----------------------------------------------------------------------------------------------
  signs_differ_l_reg/CK -       -      R     (arrival)     68    -     1     0       0    (-,-) 
  signs_differ_l_reg/QN -       CK->QN F     DFFR_X1        3  6.6    17    76      76    (-,-) 
  g32978/ZN             -       A->ZN  R     INV_X2        25 51.2    61    75     151    (-,-) 
  g46831/ZN             -       A->ZN  F     INV_X2        30 51.7    36    59     210    (-,-) 
  g46540__1617/ZN       -       A1->ZN R     NAND2_X1       1  2.0    15    25     235    (-,-) 
  g46529__7410/ZN       -       A->ZN  F     OAI21_X1       1  4.1    14    25     260    (-,-) 
  g46956/ZN             -       A->ZN  R     XNOR2_X2      20 35.9    94   112     372    (-,-) 
  g46478__7482/ZN       -       A->ZN  F     AOI21_X1       1  1.9    25    22     394    (-,-) 
  g46421__2398/ZN       -       B2->ZN R     OAI21_X1       1  1.9    23    39     433    (-,-) 
  g46391__5526/ZN       -       A1->ZN F     NAND2_X1       1  1.7    13    16     448    (-,-) 
  g46317__4319/ZN       -       B1->ZN R     OAI221_X1      1  1.9    36    48     497    (-,-) 
  g46302__4733/ZN       -       A1->ZN F     NAND2_X1       1  1.7    13    18     514    (-,-) 
  g46267__4733/ZN       -       B1->ZN R     AOI21_X1       1  2.0    24    29     543    (-,-) 
  g46196__1881/ZN       -       B1->ZN F     OAI21_X1       1  1.2    18    16     559    (-,-) 
  g46183__4319/ZN       -       A2->ZN F     AND4_X1        1  1.8     8    40     599    (-,-) 
  g46107__2883/ZN       -       B1->ZN R     OAI21_X1       1  2.0    20    28     627    (-,-) 
  g46941/ZN             -       C1->ZN F     AOI211_X1      1  1.7    14    18     645    (-,-) 
  g45914__2346/ZN       -       A1->ZN R     NOR2_X1        2  3.8    25    36     681    (-,-) 
  g46893__9945/ZN       -       A1->ZN R     OR2_X2         3  5.8    10    30     711    (-,-) 
  g45799__5107/ZN       -       A1->ZN F     NAND2_X1       2  3.5    10    17     728    (-,-) 
  g45790__2883/ZN       -       A1->ZN R     NAND2_X1       2  4.4    16    22     750    (-,-) 
  g46902/Z              -       A->Z   R     XOR2_X1        1  1.2    19    46     795    (-,-) 
  g46901/ZN             -       A1->ZN R     AND2_X1        2  3.1    12    38     834    (-,-) 
  g45745__4733/Z        -       B->Z   R     MUX2_X1        3  7.5    21    52     885    (-,-) 
  g45715__1666/ZN       -       A3->ZN F     NAND4_X1       1  1.7    18    32     917    (-,-) 
  g45712__9945/ZN       -       A1->ZN R     NOR2_X1        1  1.9    18    28     946    (-,-) 
  g45705__6161/ZN       -       A1->ZN F     NAND2_X1       1  3.5    13    20     965    (-,-) 
  g45699__1881/ZN       -       A2->ZN R     NOR2_X2        3  5.7    21    36    1001    (-,-) 
  g45695__5122/ZN       -       A2->ZN R     AND2_X2        2  3.9     9    34    1036    (-,-) 
  g21150/ZN             -       A->ZN  F     INV_X1         1  3.2     6    10    1045    (-,-) 
  g21137__2346/ZN       -       A1->ZN R     NAND2_X2      22 41.2    52    59    1104    (-,-) 
  g21136__2883/ZN       -       A1->ZN F     NOR2_X1        1  0.3    11     5    1109    (-,-) 
  fp_out[11]            -       -      F     (port)         -    -     -     0    1109    (-,-) 
#-----------------------------------------------------------------------------------------------



Path 16: MET (1 ps) Late External Delay Assertion at pin fp_out[12]
           View: view_1p2_25
          Group: clock1
     Startpoint: (R) signs_differ_l_reg/CK
          Clock: (R) clock1
       Endpoint: (F) fp_out[12]
          Clock: (R) clock1

                     Capture       Launch     
        Clock Edge:+    1111            0     
       Src Latency:+       0            0     
       Net Latency:+       0 (I)        0 (I) 
           Arrival:=    1111            0     
                                              
      Output Delay:-       1                  
       Uncertainty:-       0                  
     Required Time:=    1110                  
      Launch Clock:-       0                  
         Data Path:-    1109                  
             Slack:=       1                  

Exceptions/Constraints:
  output_delay              1              add_fp16.sdc_line_17_85_1   

Launch clock path:
#----------------------------------------------------------------------------------------------
#     Timing Point      Flags   Arc   Edge   Cell     Fanout Load Trans Delay Arrival Instance 
#                                                            (fF)  (ps)  (ps)   (ps)  Location 
#----------------------------------------------------------------------------------------------
  clk                   (i)     -     R     (arrival)     68  0.0     0     0       0    (-,-) 
  signs_differ_l_reg/CK <<<     -     R     DFFR_X1       68    -     1     0       0    (-,-) 
#----------------------------------------------------------------------------------------------

#-----------------------------------------------------------------------------------------------
#     Timing Point      Flags    Arc   Edge   Cell     Fanout Load Trans Delay Arrival Instance 
#                                                             (fF)  (ps)  (ps)   (ps)  Location 
#-----------------------------------------------------------------------------------------------
  signs_differ_l_reg/CK -       -      R     (arrival)     68    -     1     0       0    (-,-) 
  signs_differ_l_reg/QN -       CK->QN F     DFFR_X1        3  6.6    17    76      76    (-,-) 
  g32978/ZN             -       A->ZN  R     INV_X2        25 51.2    61    75     151    (-,-) 
  g46831/ZN             -       A->ZN  F     INV_X2        30 51.7    36    59     210    (-,-) 
  g46540__1617/ZN       -       A1->ZN R     NAND2_X1       1  2.0    15    25     235    (-,-) 
  g46529__7410/ZN       -       A->ZN  F     OAI21_X1       1  4.1    14    25     260    (-,-) 
  g46956/ZN             -       A->ZN  R     XNOR2_X2      20 35.9    94   112     372    (-,-) 
  g46478__7482/ZN       -       A->ZN  F     AOI21_X1       1  1.9    25    22     394    (-,-) 
  g46421__2398/ZN       -       B2->ZN R     OAI21_X1       1  1.9    23    39     433    (-,-) 
  g46391__5526/ZN       -       A1->ZN F     NAND2_X1       1  1.7    13    16     448    (-,-) 
  g46317__4319/ZN       -       B1->ZN R     OAI221_X1      1  1.9    36    48     497    (-,-) 
  g46302__4733/ZN       -       A1->ZN F     NAND2_X1       1  1.7    13    18     514    (-,-) 
  g46267__4733/ZN       -       B1->ZN R     AOI21_X1       1  2.0    24    29     543    (-,-) 
  g46196__1881/ZN       -       B1->ZN F     OAI21_X1       1  1.2    18    16     559    (-,-) 
  g46183__4319/ZN       -       A2->ZN F     AND4_X1        1  1.8     8    40     599    (-,-) 
  g46107__2883/ZN       -       B1->ZN R     OAI21_X1       1  2.0    20    28     627    (-,-) 
  g46941/ZN             -       C1->ZN F     AOI211_X1      1  1.7    14    18     645    (-,-) 
  g45914__2346/ZN       -       A1->ZN R     NOR2_X1        2  3.8    25    36     681    (-,-) 
  g46893__9945/ZN       -       A1->ZN R     OR2_X2         3  5.8    10    30     711    (-,-) 
  g45799__5107/ZN       -       A1->ZN F     NAND2_X1       2  3.5    10    17     728    (-,-) 
  g45790__2883/ZN       -       A1->ZN R     NAND2_X1       2  4.4    16    22     750    (-,-) 
  g46902/Z              -       A->Z   R     XOR2_X1        1  1.2    19    46     795    (-,-) 
  g46901/ZN             -       A1->ZN R     AND2_X1        2  3.1    12    38     834    (-,-) 
  g45745__4733/Z        -       B->Z   R     MUX2_X1        3  7.5    21    52     885    (-,-) 
  g45715__1666/ZN       -       A3->ZN F     NAND4_X1       1  1.7    18    32     917    (-,-) 
  g45712__9945/ZN       -       A1->ZN R     NOR2_X1        1  1.9    18    28     946    (-,-) 
  g45705__6161/ZN       -       A1->ZN F     NAND2_X1       1  3.5    13    20     965    (-,-) 
  g45699__1881/ZN       -       A2->ZN R     NOR2_X2        3  5.7    21    36    1001    (-,-) 
  g45695__5122/ZN       -       A2->ZN R     AND2_X2        2  3.9     9    34    1036    (-,-) 
  g21150/ZN             -       A->ZN  F     INV_X1         1  3.2     6    10    1045    (-,-) 
  g21137__2346/ZN       -       A1->ZN R     NAND2_X2      22 41.2    52    59    1104    (-,-) 
  g21135__9945/ZN       -       A1->ZN F     NOR2_X1        1  0.3    11     5    1109    (-,-) 
  fp_out[12]            -       -      F     (port)         -    -     -     0    1109    (-,-) 
#-----------------------------------------------------------------------------------------------



Path 17: MET (1 ps) Late External Delay Assertion at pin fp_out[13]
           View: view_1p2_25
          Group: clock1
     Startpoint: (R) signs_differ_l_reg/CK
          Clock: (R) clock1
       Endpoint: (F) fp_out[13]
          Clock: (R) clock1

                     Capture       Launch     
        Clock Edge:+    1111            0     
       Src Latency:+       0            0     
       Net Latency:+       0 (I)        0 (I) 
           Arrival:=    1111            0     
                                              
      Output Delay:-       1                  
       Uncertainty:-       0                  
     Required Time:=    1110                  
      Launch Clock:-       0                  
         Data Path:-    1109                  
             Slack:=       1                  

Exceptions/Constraints:
  output_delay              1              add_fp16.sdc_line_17_84_1   

Launch clock path:
#----------------------------------------------------------------------------------------------
#     Timing Point      Flags   Arc   Edge   Cell     Fanout Load Trans Delay Arrival Instance 
#                                                            (fF)  (ps)  (ps)   (ps)  Location 
#----------------------------------------------------------------------------------------------
  clk                   (i)     -     R     (arrival)     68  0.0     0     0       0    (-,-) 
  signs_differ_l_reg/CK <<<     -     R     DFFR_X1       68    -     1     0       0    (-,-) 
#----------------------------------------------------------------------------------------------

#-----------------------------------------------------------------------------------------------
#     Timing Point      Flags    Arc   Edge   Cell     Fanout Load Trans Delay Arrival Instance 
#                                                             (fF)  (ps)  (ps)   (ps)  Location 
#-----------------------------------------------------------------------------------------------
  signs_differ_l_reg/CK -       -      R     (arrival)     68    -     1     0       0    (-,-) 
  signs_differ_l_reg/QN -       CK->QN F     DFFR_X1        3  6.6    17    76      76    (-,-) 
  g32978/ZN             -       A->ZN  R     INV_X2        25 51.2    61    75     151    (-,-) 
  g46831/ZN             -       A->ZN  F     INV_X2        30 51.7    36    59     210    (-,-) 
  g46540__1617/ZN       -       A1->ZN R     NAND2_X1       1  2.0    15    25     235    (-,-) 
  g46529__7410/ZN       -       A->ZN  F     OAI21_X1       1  4.1    14    25     260    (-,-) 
  g46956/ZN             -       A->ZN  R     XNOR2_X2      20 35.9    94   112     372    (-,-) 
  g46478__7482/ZN       -       A->ZN  F     AOI21_X1       1  1.9    25    22     394    (-,-) 
  g46421__2398/ZN       -       B2->ZN R     OAI21_X1       1  1.9    23    39     433    (-,-) 
  g46391__5526/ZN       -       A1->ZN F     NAND2_X1       1  1.7    13    16     448    (-,-) 
  g46317__4319/ZN       -       B1->ZN R     OAI221_X1      1  1.9    36    48     497    (-,-) 
  g46302__4733/ZN       -       A1->ZN F     NAND2_X1       1  1.7    13    18     514    (-,-) 
  g46267__4733/ZN       -       B1->ZN R     AOI21_X1       1  2.0    24    29     543    (-,-) 
  g46196__1881/ZN       -       B1->ZN F     OAI21_X1       1  1.2    18    16     559    (-,-) 
  g46183__4319/ZN       -       A2->ZN F     AND4_X1        1  1.8     8    40     599    (-,-) 
  g46107__2883/ZN       -       B1->ZN R     OAI21_X1       1  2.0    20    28     627    (-,-) 
  g46941/ZN             -       C1->ZN F     AOI211_X1      1  1.7    14    18     645    (-,-) 
  g45914__2346/ZN       -       A1->ZN R     NOR2_X1        2  3.8    25    36     681    (-,-) 
  g46893__9945/ZN       -       A1->ZN R     OR2_X2         3  5.8    10    30     711    (-,-) 
  g45799__5107/ZN       -       A1->ZN F     NAND2_X1       2  3.5    10    17     728    (-,-) 
  g45790__2883/ZN       -       A1->ZN R     NAND2_X1       2  4.4    16    22     750    (-,-) 
  g46902/Z              -       A->Z   R     XOR2_X1        1  1.2    19    46     795    (-,-) 
  g46901/ZN             -       A1->ZN R     AND2_X1        2  3.1    12    38     834    (-,-) 
  g45745__4733/Z        -       B->Z   R     MUX2_X1        3  7.5    21    52     885    (-,-) 
  g45715__1666/ZN       -       A3->ZN F     NAND4_X1       1  1.7    18    32     917    (-,-) 
  g45712__9945/ZN       -       A1->ZN R     NOR2_X1        1  1.9    18    28     946    (-,-) 
  g45705__6161/ZN       -       A1->ZN F     NAND2_X1       1  3.5    13    20     965    (-,-) 
  g45699__1881/ZN       -       A2->ZN R     NOR2_X2        3  5.7    21    36    1001    (-,-) 
  g45695__5122/ZN       -       A2->ZN R     AND2_X2        2  3.9     9    34    1036    (-,-) 
  g21150/ZN             -       A->ZN  F     INV_X1         1  3.2     6    10    1045    (-,-) 
  g21137__2346/ZN       -       A1->ZN R     NAND2_X2      22 41.2    52    59    1104    (-,-) 
  g21132__4733/ZN       -       A1->ZN F     NOR2_X1        1  0.3    11     5    1109    (-,-) 
  fp_out[13]            -       -      F     (port)         -    -     -     0    1109    (-,-) 
#-----------------------------------------------------------------------------------------------



Path 18: MET (1 ps) Late External Delay Assertion at pin fp_out[14]
           View: view_1p2_25
          Group: clock1
     Startpoint: (R) signs_differ_l_reg/CK
          Clock: (R) clock1
       Endpoint: (F) fp_out[14]
          Clock: (R) clock1

                     Capture       Launch     
        Clock Edge:+    1111            0     
       Src Latency:+       0            0     
       Net Latency:+       0 (I)        0 (I) 
           Arrival:=    1111            0     
                                              
      Output Delay:-       1                  
       Uncertainty:-       0                  
     Required Time:=    1110                  
      Launch Clock:-       0                  
         Data Path:-    1109                  
             Slack:=       1                  

Exceptions/Constraints:
  output_delay              1              add_fp16.sdc_line_17_83_1   

Launch clock path:
#----------------------------------------------------------------------------------------------
#     Timing Point      Flags   Arc   Edge   Cell     Fanout Load Trans Delay Arrival Instance 
#                                                            (fF)  (ps)  (ps)   (ps)  Location 
#----------------------------------------------------------------------------------------------
  clk                   (i)     -     R     (arrival)     68  0.0     0     0       0    (-,-) 
  signs_differ_l_reg/CK <<<     -     R     DFFR_X1       68    -     1     0       0    (-,-) 
#----------------------------------------------------------------------------------------------

#-----------------------------------------------------------------------------------------------
#     Timing Point      Flags    Arc   Edge   Cell     Fanout Load Trans Delay Arrival Instance 
#                                                             (fF)  (ps)  (ps)   (ps)  Location 
#-----------------------------------------------------------------------------------------------
  signs_differ_l_reg/CK -       -      R     (arrival)     68    -     1     0       0    (-,-) 
  signs_differ_l_reg/QN -       CK->QN F     DFFR_X1        3  6.6    17    76      76    (-,-) 
  g32978/ZN             -       A->ZN  R     INV_X2        25 51.2    61    75     151    (-,-) 
  g46831/ZN             -       A->ZN  F     INV_X2        30 51.7    36    59     210    (-,-) 
  g46540__1617/ZN       -       A1->ZN R     NAND2_X1       1  2.0    15    25     235    (-,-) 
  g46529__7410/ZN       -       A->ZN  F     OAI21_X1       1  4.1    14    25     260    (-,-) 
  g46956/ZN             -       A->ZN  R     XNOR2_X2      20 35.9    94   112     372    (-,-) 
  g46478__7482/ZN       -       A->ZN  F     AOI21_X1       1  1.9    25    22     394    (-,-) 
  g46421__2398/ZN       -       B2->ZN R     OAI21_X1       1  1.9    23    39     433    (-,-) 
  g46391__5526/ZN       -       A1->ZN F     NAND2_X1       1  1.7    13    16     448    (-,-) 
  g46317__4319/ZN       -       B1->ZN R     OAI221_X1      1  1.9    36    48     497    (-,-) 
  g46302__4733/ZN       -       A1->ZN F     NAND2_X1       1  1.7    13    18     514    (-,-) 
  g46267__4733/ZN       -       B1->ZN R     AOI21_X1       1  2.0    24    29     543    (-,-) 
  g46196__1881/ZN       -       B1->ZN F     OAI21_X1       1  1.2    18    16     559    (-,-) 
  g46183__4319/ZN       -       A2->ZN F     AND4_X1        1  1.8     8    40     599    (-,-) 
  g46107__2883/ZN       -       B1->ZN R     OAI21_X1       1  2.0    20    28     627    (-,-) 
  g46941/ZN             -       C1->ZN F     AOI211_X1      1  1.7    14    18     645    (-,-) 
  g45914__2346/ZN       -       A1->ZN R     NOR2_X1        2  3.8    25    36     681    (-,-) 
  g46893__9945/ZN       -       A1->ZN R     OR2_X2         3  5.8    10    30     711    (-,-) 
  g45799__5107/ZN       -       A1->ZN F     NAND2_X1       2  3.5    10    17     728    (-,-) 
  g45790__2883/ZN       -       A1->ZN R     NAND2_X1       2  4.4    16    22     750    (-,-) 
  g46902/Z              -       A->Z   R     XOR2_X1        1  1.2    19    46     795    (-,-) 
  g46901/ZN             -       A1->ZN R     AND2_X1        2  3.1    12    38     834    (-,-) 
  g45745__4733/Z        -       B->Z   R     MUX2_X1        3  7.5    21    52     885    (-,-) 
  g45715__1666/ZN       -       A3->ZN F     NAND4_X1       1  1.7    18    32     917    (-,-) 
  g45712__9945/ZN       -       A1->ZN R     NOR2_X1        1  1.9    18    28     946    (-,-) 
  g45705__6161/ZN       -       A1->ZN F     NAND2_X1       1  3.5    13    20     965    (-,-) 
  g45699__1881/ZN       -       A2->ZN R     NOR2_X2        3  5.7    21    36    1001    (-,-) 
  g45695__5122/ZN       -       A2->ZN R     AND2_X2        2  3.9     9    34    1036    (-,-) 
  g21150/ZN             -       A->ZN  F     INV_X1         1  3.2     6    10    1045    (-,-) 
  g21137__2346/ZN       -       A1->ZN R     NAND2_X2      22 41.2    52    59    1104    (-,-) 
  g21129__1881/ZN       -       A1->ZN F     NOR2_X1        1  0.3    11     5    1109    (-,-) 
  fp_out[14]            -       -      F     (port)         -    -     -     0    1109    (-,-) 
#-----------------------------------------------------------------------------------------------



Path 19: MET (1 ps) Late External Delay Assertion at pin fp_out[15]
           View: view_1p2_25
          Group: clock1
     Startpoint: (R) signs_differ_l_reg/CK
          Clock: (R) clock1
       Endpoint: (F) fp_out[15]
          Clock: (R) clock1

                     Capture       Launch     
        Clock Edge:+    1111            0     
       Src Latency:+       0            0     
       Net Latency:+       0 (I)        0 (I) 
           Arrival:=    1111            0     
                                              
      Output Delay:-       1                  
       Uncertainty:-       0                  
     Required Time:=    1110                  
      Launch Clock:-       0                  
         Data Path:-    1109                  
             Slack:=       1                  

Exceptions/Constraints:
  output_delay              1              add_fp16.sdc_line_17_82_1   

Launch clock path:
#----------------------------------------------------------------------------------------------
#     Timing Point      Flags   Arc   Edge   Cell     Fanout Load Trans Delay Arrival Instance 
#                                                            (fF)  (ps)  (ps)   (ps)  Location 
#----------------------------------------------------------------------------------------------
  clk                   (i)     -     R     (arrival)     68  0.0     0     0       0    (-,-) 
  signs_differ_l_reg/CK <<<     -     R     DFFR_X1       68    -     1     0       0    (-,-) 
#----------------------------------------------------------------------------------------------

#-----------------------------------------------------------------------------------------------
#     Timing Point      Flags    Arc   Edge   Cell     Fanout Load Trans Delay Arrival Instance 
#                                                             (fF)  (ps)  (ps)   (ps)  Location 
#-----------------------------------------------------------------------------------------------
  signs_differ_l_reg/CK -       -      R     (arrival)     68    -     1     0       0    (-,-) 
  signs_differ_l_reg/QN -       CK->QN F     DFFR_X1        3  6.6    17    76      76    (-,-) 
  g32978/ZN             -       A->ZN  R     INV_X2        25 51.2    61    75     151    (-,-) 
  g46831/ZN             -       A->ZN  F     INV_X2        30 51.7    36    59     210    (-,-) 
  g46540__1617/ZN       -       A1->ZN R     NAND2_X1       1  2.0    15    25     235    (-,-) 
  g46529__7410/ZN       -       A->ZN  F     OAI21_X1       1  4.1    14    25     260    (-,-) 
  g46956/ZN             -       A->ZN  R     XNOR2_X2      20 35.9    94   112     372    (-,-) 
  g46478__7482/ZN       -       A->ZN  F     AOI21_X1       1  1.9    25    22     394    (-,-) 
  g46421__2398/ZN       -       B2->ZN R     OAI21_X1       1  1.9    23    39     433    (-,-) 
  g46391__5526/ZN       -       A1->ZN F     NAND2_X1       1  1.7    13    16     448    (-,-) 
  g46317__4319/ZN       -       B1->ZN R     OAI221_X1      1  1.9    36    48     497    (-,-) 
  g46302__4733/ZN       -       A1->ZN F     NAND2_X1       1  1.7    13    18     514    (-,-) 
  g46267__4733/ZN       -       B1->ZN R     AOI21_X1       1  2.0    24    29     543    (-,-) 
  g46196__1881/ZN       -       B1->ZN F     OAI21_X1       1  1.2    18    16     559    (-,-) 
  g46183__4319/ZN       -       A2->ZN F     AND4_X1        1  1.8     8    40     599    (-,-) 
  g46107__2883/ZN       -       B1->ZN R     OAI21_X1       1  2.0    20    28     627    (-,-) 
  g46941/ZN             -       C1->ZN F     AOI211_X1      1  1.7    14    18     645    (-,-) 
  g45914__2346/ZN       -       A1->ZN R     NOR2_X1        2  3.8    25    36     681    (-,-) 
  g46893__9945/ZN       -       A1->ZN R     OR2_X2         3  5.8    10    30     711    (-,-) 
  g45799__5107/ZN       -       A1->ZN F     NAND2_X1       2  3.5    10    17     728    (-,-) 
  g45790__2883/ZN       -       A1->ZN R     NAND2_X1       2  4.4    16    22     750    (-,-) 
  g46902/Z              -       A->Z   R     XOR2_X1        1  1.2    19    46     795    (-,-) 
  g46901/ZN             -       A1->ZN R     AND2_X1        2  3.1    12    38     834    (-,-) 
  g45745__4733/Z        -       B->Z   R     MUX2_X1        3  7.5    21    52     885    (-,-) 
  g45715__1666/ZN       -       A3->ZN F     NAND4_X1       1  1.7    18    32     917    (-,-) 
  g45712__9945/ZN       -       A1->ZN R     NOR2_X1        1  1.9    18    28     946    (-,-) 
  g45705__6161/ZN       -       A1->ZN F     NAND2_X1       1  3.5    13    20     965    (-,-) 
  g45699__1881/ZN       -       A2->ZN R     NOR2_X2        3  5.7    21    36    1001    (-,-) 
  g45695__5122/ZN       -       A2->ZN R     AND2_X2        2  3.9     9    34    1036    (-,-) 
  g21150/ZN             -       A->ZN  F     INV_X1         1  3.2     6    10    1045    (-,-) 
  g21137__2346/ZN       -       A1->ZN R     NAND2_X2      22 41.2    52    59    1104    (-,-) 
  g21125__5122/ZN       -       A1->ZN F     NOR2_X1        1  0.3    11     5    1109    (-,-) 
  fp_out[15]            -       -      F     (port)         -    -     -     0    1109    (-,-) 
#-----------------------------------------------------------------------------------------------



Path 20: MET (1 ps) Late External Delay Assertion at pin fp_out[16]
           View: view_1p2_25
          Group: clock1
     Startpoint: (R) signs_differ_l_reg/CK
          Clock: (R) clock1
       Endpoint: (F) fp_out[16]
          Clock: (R) clock1

                     Capture       Launch     
        Clock Edge:+    1111            0     
       Src Latency:+       0            0     
       Net Latency:+       0 (I)        0 (I) 
           Arrival:=    1111            0     
                                              
      Output Delay:-       1                  
       Uncertainty:-       0                  
     Required Time:=    1110                  
      Launch Clock:-       0                  
         Data Path:-    1109                  
             Slack:=       1                  

Exceptions/Constraints:
  output_delay              1              add_fp16.sdc_line_17_81_1   

Launch clock path:
#----------------------------------------------------------------------------------------------
#     Timing Point      Flags   Arc   Edge   Cell     Fanout Load Trans Delay Arrival Instance 
#                                                            (fF)  (ps)  (ps)   (ps)  Location 
#----------------------------------------------------------------------------------------------
  clk                   (i)     -     R     (arrival)     68  0.0     0     0       0    (-,-) 
  signs_differ_l_reg/CK <<<     -     R     DFFR_X1       68    -     1     0       0    (-,-) 
#----------------------------------------------------------------------------------------------

#-----------------------------------------------------------------------------------------------
#     Timing Point      Flags    Arc   Edge   Cell     Fanout Load Trans Delay Arrival Instance 
#                                                             (fF)  (ps)  (ps)   (ps)  Location 
#-----------------------------------------------------------------------------------------------
  signs_differ_l_reg/CK -       -      R     (arrival)     68    -     1     0       0    (-,-) 
  signs_differ_l_reg/QN -       CK->QN F     DFFR_X1        3  6.6    17    76      76    (-,-) 
  g32978/ZN             -       A->ZN  R     INV_X2        25 51.2    61    75     151    (-,-) 
  g46831/ZN             -       A->ZN  F     INV_X2        30 51.7    36    59     210    (-,-) 
  g46540__1617/ZN       -       A1->ZN R     NAND2_X1       1  2.0    15    25     235    (-,-) 
  g46529__7410/ZN       -       A->ZN  F     OAI21_X1       1  4.1    14    25     260    (-,-) 
  g46956/ZN             -       A->ZN  R     XNOR2_X2      20 35.9    94   112     372    (-,-) 
  g46478__7482/ZN       -       A->ZN  F     AOI21_X1       1  1.9    25    22     394    (-,-) 
  g46421__2398/ZN       -       B2->ZN R     OAI21_X1       1  1.9    23    39     433    (-,-) 
  g46391__5526/ZN       -       A1->ZN F     NAND2_X1       1  1.7    13    16     448    (-,-) 
  g46317__4319/ZN       -       B1->ZN R     OAI221_X1      1  1.9    36    48     497    (-,-) 
  g46302__4733/ZN       -       A1->ZN F     NAND2_X1       1  1.7    13    18     514    (-,-) 
  g46267__4733/ZN       -       B1->ZN R     AOI21_X1       1  2.0    24    29     543    (-,-) 
  g46196__1881/ZN       -       B1->ZN F     OAI21_X1       1  1.2    18    16     559    (-,-) 
  g46183__4319/ZN       -       A2->ZN F     AND4_X1        1  1.8     8    40     599    (-,-) 
  g46107__2883/ZN       -       B1->ZN R     OAI21_X1       1  2.0    20    28     627    (-,-) 
  g46941/ZN             -       C1->ZN F     AOI211_X1      1  1.7    14    18     645    (-,-) 
  g45914__2346/ZN       -       A1->ZN R     NOR2_X1        2  3.8    25    36     681    (-,-) 
  g46893__9945/ZN       -       A1->ZN R     OR2_X2         3  5.8    10    30     711    (-,-) 
  g45799__5107/ZN       -       A1->ZN F     NAND2_X1       2  3.5    10    17     728    (-,-) 
  g45790__2883/ZN       -       A1->ZN R     NAND2_X1       2  4.4    16    22     750    (-,-) 
  g46902/Z              -       A->Z   R     XOR2_X1        1  1.2    19    46     795    (-,-) 
  g46901/ZN             -       A1->ZN R     AND2_X1        2  3.1    12    38     834    (-,-) 
  g45745__4733/Z        -       B->Z   R     MUX2_X1        3  7.5    21    52     885    (-,-) 
  g45715__1666/ZN       -       A3->ZN F     NAND4_X1       1  1.7    18    32     917    (-,-) 
  g45712__9945/ZN       -       A1->ZN R     NOR2_X1        1  1.9    18    28     946    (-,-) 
  g45705__6161/ZN       -       A1->ZN F     NAND2_X1       1  3.5    13    20     965    (-,-) 
  g45699__1881/ZN       -       A2->ZN R     NOR2_X2        3  5.7    21    36    1001    (-,-) 
  g45695__5122/ZN       -       A2->ZN R     AND2_X2        2  3.9     9    34    1036    (-,-) 
  g21150/ZN             -       A->ZN  F     INV_X1         1  3.2     6    10    1045    (-,-) 
  g21137__2346/ZN       -       A1->ZN R     NAND2_X2      22 41.2    52    59    1104    (-,-) 
  g21122__1617/ZN       -       A1->ZN F     NOR2_X1        1  0.3    11     5    1109    (-,-) 
  fp_out[16]            -       -      F     (port)         -    -     -     0    1109    (-,-) 
#-----------------------------------------------------------------------------------------------



Path 21: MET (1 ps) Late External Delay Assertion at pin fp_out[17]
           View: view_1p2_25
          Group: clock1
     Startpoint: (R) signs_differ_l_reg/CK
          Clock: (R) clock1
       Endpoint: (F) fp_out[17]
          Clock: (R) clock1

                     Capture       Launch     
        Clock Edge:+    1111            0     
       Src Latency:+       0            0     
       Net Latency:+       0 (I)        0 (I) 
           Arrival:=    1111            0     
                                              
      Output Delay:-       1                  
       Uncertainty:-       0                  
     Required Time:=    1110                  
      Launch Clock:-       0                  
         Data Path:-    1109                  
             Slack:=       1                  

Exceptions/Constraints:
  output_delay              1              add_fp16.sdc_line_17_80_1   

Launch clock path:
#----------------------------------------------------------------------------------------------
#     Timing Point      Flags   Arc   Edge   Cell     Fanout Load Trans Delay Arrival Instance 
#                                                            (fF)  (ps)  (ps)   (ps)  Location 
#----------------------------------------------------------------------------------------------
  clk                   (i)     -     R     (arrival)     68  0.0     0     0       0    (-,-) 
  signs_differ_l_reg/CK <<<     -     R     DFFR_X1       68    -     1     0       0    (-,-) 
#----------------------------------------------------------------------------------------------

#-----------------------------------------------------------------------------------------------
#     Timing Point      Flags    Arc   Edge   Cell     Fanout Load Trans Delay Arrival Instance 
#                                                             (fF)  (ps)  (ps)   (ps)  Location 
#-----------------------------------------------------------------------------------------------
  signs_differ_l_reg/CK -       -      R     (arrival)     68    -     1     0       0    (-,-) 
  signs_differ_l_reg/QN -       CK->QN F     DFFR_X1        3  6.6    17    76      76    (-,-) 
  g32978/ZN             -       A->ZN  R     INV_X2        25 51.2    61    75     151    (-,-) 
  g46831/ZN             -       A->ZN  F     INV_X2        30 51.7    36    59     210    (-,-) 
  g46540__1617/ZN       -       A1->ZN R     NAND2_X1       1  2.0    15    25     235    (-,-) 
  g46529__7410/ZN       -       A->ZN  F     OAI21_X1       1  4.1    14    25     260    (-,-) 
  g46956/ZN             -       A->ZN  R     XNOR2_X2      20 35.9    94   112     372    (-,-) 
  g46478__7482/ZN       -       A->ZN  F     AOI21_X1       1  1.9    25    22     394    (-,-) 
  g46421__2398/ZN       -       B2->ZN R     OAI21_X1       1  1.9    23    39     433    (-,-) 
  g46391__5526/ZN       -       A1->ZN F     NAND2_X1       1  1.7    13    16     448    (-,-) 
  g46317__4319/ZN       -       B1->ZN R     OAI221_X1      1  1.9    36    48     497    (-,-) 
  g46302__4733/ZN       -       A1->ZN F     NAND2_X1       1  1.7    13    18     514    (-,-) 
  g46267__4733/ZN       -       B1->ZN R     AOI21_X1       1  2.0    24    29     543    (-,-) 
  g46196__1881/ZN       -       B1->ZN F     OAI21_X1       1  1.2    18    16     559    (-,-) 
  g46183__4319/ZN       -       A2->ZN F     AND4_X1        1  1.8     8    40     599    (-,-) 
  g46107__2883/ZN       -       B1->ZN R     OAI21_X1       1  2.0    20    28     627    (-,-) 
  g46941/ZN             -       C1->ZN F     AOI211_X1      1  1.7    14    18     645    (-,-) 
  g45914__2346/ZN       -       A1->ZN R     NOR2_X1        2  3.8    25    36     681    (-,-) 
  g46893__9945/ZN       -       A1->ZN R     OR2_X2         3  5.8    10    30     711    (-,-) 
  g45799__5107/ZN       -       A1->ZN F     NAND2_X1       2  3.5    10    17     728    (-,-) 
  g45790__2883/ZN       -       A1->ZN R     NAND2_X1       2  4.4    16    22     750    (-,-) 
  g46902/Z              -       A->Z   R     XOR2_X1        1  1.2    19    46     795    (-,-) 
  g46901/ZN             -       A1->ZN R     AND2_X1        2  3.1    12    38     834    (-,-) 
  g45745__4733/Z        -       B->Z   R     MUX2_X1        3  7.5    21    52     885    (-,-) 
  g45715__1666/ZN       -       A3->ZN F     NAND4_X1       1  1.7    18    32     917    (-,-) 
  g45712__9945/ZN       -       A1->ZN R     NOR2_X1        1  1.9    18    28     946    (-,-) 
  g45705__6161/ZN       -       A1->ZN F     NAND2_X1       1  3.5    13    20     965    (-,-) 
  g45699__1881/ZN       -       A2->ZN R     NOR2_X2        3  5.7    21    36    1001    (-,-) 
  g45695__5122/ZN       -       A2->ZN R     AND2_X2        2  3.9     9    34    1036    (-,-) 
  g21150/ZN             -       A->ZN  F     INV_X1         1  3.2     6    10    1045    (-,-) 
  g21137__2346/ZN       -       A1->ZN R     NAND2_X2      22 41.2    52    59    1104    (-,-) 
  g21119__5526/ZN       -       A1->ZN F     NOR2_X1        1  0.3    11     5    1109    (-,-) 
  fp_out[17]            -       -      F     (port)         -    -     -     0    1109    (-,-) 
#-----------------------------------------------------------------------------------------------



Path 22: MET (1 ps) Late External Delay Assertion at pin fp_out[18]
           View: view_1p2_25
          Group: clock1
     Startpoint: (R) signs_differ_l_reg/CK
          Clock: (R) clock1
       Endpoint: (F) fp_out[18]
          Clock: (R) clock1

                     Capture       Launch     
        Clock Edge:+    1111            0     
       Src Latency:+       0            0     
       Net Latency:+       0 (I)        0 (I) 
           Arrival:=    1111            0     
                                              
      Output Delay:-       1                  
       Uncertainty:-       0                  
     Required Time:=    1110                  
      Launch Clock:-       0                  
         Data Path:-    1109                  
             Slack:=       1                  

Exceptions/Constraints:
  output_delay              1              add_fp16.sdc_line_17_79_1   

Launch clock path:
#----------------------------------------------------------------------------------------------
#     Timing Point      Flags   Arc   Edge   Cell     Fanout Load Trans Delay Arrival Instance 
#                                                            (fF)  (ps)  (ps)   (ps)  Location 
#----------------------------------------------------------------------------------------------
  clk                   (i)     -     R     (arrival)     68  0.0     0     0       0    (-,-) 
  signs_differ_l_reg/CK <<<     -     R     DFFR_X1       68    -     1     0       0    (-,-) 
#----------------------------------------------------------------------------------------------

#-----------------------------------------------------------------------------------------------
#     Timing Point      Flags    Arc   Edge   Cell     Fanout Load Trans Delay Arrival Instance 
#                                                             (fF)  (ps)  (ps)   (ps)  Location 
#-----------------------------------------------------------------------------------------------
  signs_differ_l_reg/CK -       -      R     (arrival)     68    -     1     0       0    (-,-) 
  signs_differ_l_reg/QN -       CK->QN F     DFFR_X1        3  6.6    17    76      76    (-,-) 
  g32978/ZN             -       A->ZN  R     INV_X2        25 51.2    61    75     151    (-,-) 
  g46831/ZN             -       A->ZN  F     INV_X2        30 51.7    36    59     210    (-,-) 
  g46540__1617/ZN       -       A1->ZN R     NAND2_X1       1  2.0    15    25     235    (-,-) 
  g46529__7410/ZN       -       A->ZN  F     OAI21_X1       1  4.1    14    25     260    (-,-) 
  g46956/ZN             -       A->ZN  R     XNOR2_X2      20 35.9    94   112     372    (-,-) 
  g46478__7482/ZN       -       A->ZN  F     AOI21_X1       1  1.9    25    22     394    (-,-) 
  g46421__2398/ZN       -       B2->ZN R     OAI21_X1       1  1.9    23    39     433    (-,-) 
  g46391__5526/ZN       -       A1->ZN F     NAND2_X1       1  1.7    13    16     448    (-,-) 
  g46317__4319/ZN       -       B1->ZN R     OAI221_X1      1  1.9    36    48     497    (-,-) 
  g46302__4733/ZN       -       A1->ZN F     NAND2_X1       1  1.7    13    18     514    (-,-) 
  g46267__4733/ZN       -       B1->ZN R     AOI21_X1       1  2.0    24    29     543    (-,-) 
  g46196__1881/ZN       -       B1->ZN F     OAI21_X1       1  1.2    18    16     559    (-,-) 
  g46183__4319/ZN       -       A2->ZN F     AND4_X1        1  1.8     8    40     599    (-,-) 
  g46107__2883/ZN       -       B1->ZN R     OAI21_X1       1  2.0    20    28     627    (-,-) 
  g46941/ZN             -       C1->ZN F     AOI211_X1      1  1.7    14    18     645    (-,-) 
  g45914__2346/ZN       -       A1->ZN R     NOR2_X1        2  3.8    25    36     681    (-,-) 
  g46893__9945/ZN       -       A1->ZN R     OR2_X2         3  5.8    10    30     711    (-,-) 
  g45799__5107/ZN       -       A1->ZN F     NAND2_X1       2  3.5    10    17     728    (-,-) 
  g45790__2883/ZN       -       A1->ZN R     NAND2_X1       2  4.4    16    22     750    (-,-) 
  g46902/Z              -       A->Z   R     XOR2_X1        1  1.2    19    46     795    (-,-) 
  g46901/ZN             -       A1->ZN R     AND2_X1        2  3.1    12    38     834    (-,-) 
  g45745__4733/Z        -       B->Z   R     MUX2_X1        3  7.5    21    52     885    (-,-) 
  g45715__1666/ZN       -       A3->ZN F     NAND4_X1       1  1.7    18    32     917    (-,-) 
  g45712__9945/ZN       -       A1->ZN R     NOR2_X1        1  1.9    18    28     946    (-,-) 
  g45705__6161/ZN       -       A1->ZN F     NAND2_X1       1  3.5    13    20     965    (-,-) 
  g45699__1881/ZN       -       A2->ZN R     NOR2_X2        3  5.7    21    36    1001    (-,-) 
  g45695__5122/ZN       -       A2->ZN R     AND2_X2        2  3.9     9    34    1036    (-,-) 
  g21150/ZN             -       A->ZN  F     INV_X1         1  3.2     6    10    1045    (-,-) 
  g21137__2346/ZN       -       A1->ZN R     NAND2_X2      22 41.2    52    59    1104    (-,-) 
  g21116__6260/ZN       -       A1->ZN F     NOR2_X1        1  0.3    11     5    1109    (-,-) 
  fp_out[18]            -       -      F     (port)         -    -     -     0    1109    (-,-) 
#-----------------------------------------------------------------------------------------------



Path 23: MET (1 ps) Late External Delay Assertion at pin fp_out[19]
           View: view_1p2_25
          Group: clock1
     Startpoint: (R) signs_differ_l_reg/CK
          Clock: (R) clock1
       Endpoint: (F) fp_out[19]
          Clock: (R) clock1

                     Capture       Launch     
        Clock Edge:+    1111            0     
       Src Latency:+       0            0     
       Net Latency:+       0 (I)        0 (I) 
           Arrival:=    1111            0     
                                              
      Output Delay:-       1                  
       Uncertainty:-       0                  
     Required Time:=    1110                  
      Launch Clock:-       0                  
         Data Path:-    1109                  
             Slack:=       1                  

Exceptions/Constraints:
  output_delay              1              add_fp16.sdc_line_17_78_1   

Launch clock path:
#----------------------------------------------------------------------------------------------
#     Timing Point      Flags   Arc   Edge   Cell     Fanout Load Trans Delay Arrival Instance 
#                                                            (fF)  (ps)  (ps)   (ps)  Location 
#----------------------------------------------------------------------------------------------
  clk                   (i)     -     R     (arrival)     68  0.0     0     0       0    (-,-) 
  signs_differ_l_reg/CK <<<     -     R     DFFR_X1       68    -     1     0       0    (-,-) 
#----------------------------------------------------------------------------------------------

#-----------------------------------------------------------------------------------------------
#     Timing Point      Flags    Arc   Edge   Cell     Fanout Load Trans Delay Arrival Instance 
#                                                             (fF)  (ps)  (ps)   (ps)  Location 
#-----------------------------------------------------------------------------------------------
  signs_differ_l_reg/CK -       -      R     (arrival)     68    -     1     0       0    (-,-) 
  signs_differ_l_reg/QN -       CK->QN F     DFFR_X1        3  6.6    17    76      76    (-,-) 
  g32978/ZN             -       A->ZN  R     INV_X2        25 51.2    61    75     151    (-,-) 
  g46831/ZN             -       A->ZN  F     INV_X2        30 51.7    36    59     210    (-,-) 
  g46540__1617/ZN       -       A1->ZN R     NAND2_X1       1  2.0    15    25     235    (-,-) 
  g46529__7410/ZN       -       A->ZN  F     OAI21_X1       1  4.1    14    25     260    (-,-) 
  g46956/ZN             -       A->ZN  R     XNOR2_X2      20 35.9    94   112     372    (-,-) 
  g46478__7482/ZN       -       A->ZN  F     AOI21_X1       1  1.9    25    22     394    (-,-) 
  g46421__2398/ZN       -       B2->ZN R     OAI21_X1       1  1.9    23    39     433    (-,-) 
  g46391__5526/ZN       -       A1->ZN F     NAND2_X1       1  1.7    13    16     448    (-,-) 
  g46317__4319/ZN       -       B1->ZN R     OAI221_X1      1  1.9    36    48     497    (-,-) 
  g46302__4733/ZN       -       A1->ZN F     NAND2_X1       1  1.7    13    18     514    (-,-) 
  g46267__4733/ZN       -       B1->ZN R     AOI21_X1       1  2.0    24    29     543    (-,-) 
  g46196__1881/ZN       -       B1->ZN F     OAI21_X1       1  1.2    18    16     559    (-,-) 
  g46183__4319/ZN       -       A2->ZN F     AND4_X1        1  1.8     8    40     599    (-,-) 
  g46107__2883/ZN       -       B1->ZN R     OAI21_X1       1  2.0    20    28     627    (-,-) 
  g46941/ZN             -       C1->ZN F     AOI211_X1      1  1.7    14    18     645    (-,-) 
  g45914__2346/ZN       -       A1->ZN R     NOR2_X1        2  3.8    25    36     681    (-,-) 
  g46893__9945/ZN       -       A1->ZN R     OR2_X2         3  5.8    10    30     711    (-,-) 
  g45799__5107/ZN       -       A1->ZN F     NAND2_X1       2  3.5    10    17     728    (-,-) 
  g45790__2883/ZN       -       A1->ZN R     NAND2_X1       2  4.4    16    22     750    (-,-) 
  g46902/Z              -       A->Z   R     XOR2_X1        1  1.2    19    46     795    (-,-) 
  g46901/ZN             -       A1->ZN R     AND2_X1        2  3.1    12    38     834    (-,-) 
  g45745__4733/Z        -       B->Z   R     MUX2_X1        3  7.5    21    52     885    (-,-) 
  g45715__1666/ZN       -       A3->ZN F     NAND4_X1       1  1.7    18    32     917    (-,-) 
  g45712__9945/ZN       -       A1->ZN R     NOR2_X1        1  1.9    18    28     946    (-,-) 
  g45705__6161/ZN       -       A1->ZN F     NAND2_X1       1  3.5    13    20     965    (-,-) 
  g45699__1881/ZN       -       A2->ZN R     NOR2_X2        3  5.7    21    36    1001    (-,-) 
  g45695__5122/ZN       -       A2->ZN R     AND2_X2        2  3.9     9    34    1036    (-,-) 
  g21150/ZN             -       A->ZN  F     INV_X1         1  3.2     6    10    1045    (-,-) 
  g21137__2346/ZN       -       A1->ZN R     NAND2_X2      22 41.2    52    59    1104    (-,-) 
  g21134__9315/ZN       -       A1->ZN F     NOR2_X1        1  0.3    11     5    1109    (-,-) 
  fp_out[19]            -       -      F     (port)         -    -     -     0    1109    (-,-) 
#-----------------------------------------------------------------------------------------------



Path 24: MET (1 ps) Late External Delay Assertion at pin fp_out[20]
           View: view_1p2_25
          Group: clock1
     Startpoint: (R) signs_differ_l_reg/CK
          Clock: (R) clock1
       Endpoint: (F) fp_out[20]
          Clock: (R) clock1

                     Capture       Launch     
        Clock Edge:+    1111            0     
       Src Latency:+       0            0     
       Net Latency:+       0 (I)        0 (I) 
           Arrival:=    1111            0     
                                              
      Output Delay:-       1                  
       Uncertainty:-       0                  
     Required Time:=    1110                  
      Launch Clock:-       0                  
         Data Path:-    1109                  
             Slack:=       1                  

Exceptions/Constraints:
  output_delay              1              add_fp16.sdc_line_17_77_1   

Launch clock path:
#----------------------------------------------------------------------------------------------
#     Timing Point      Flags   Arc   Edge   Cell     Fanout Load Trans Delay Arrival Instance 
#                                                            (fF)  (ps)  (ps)   (ps)  Location 
#----------------------------------------------------------------------------------------------
  clk                   (i)     -     R     (arrival)     68  0.0     0     0       0    (-,-) 
  signs_differ_l_reg/CK <<<     -     R     DFFR_X1       68    -     1     0       0    (-,-) 
#----------------------------------------------------------------------------------------------

#-----------------------------------------------------------------------------------------------
#     Timing Point      Flags    Arc   Edge   Cell     Fanout Load Trans Delay Arrival Instance 
#                                                             (fF)  (ps)  (ps)   (ps)  Location 
#-----------------------------------------------------------------------------------------------
  signs_differ_l_reg/CK -       -      R     (arrival)     68    -     1     0       0    (-,-) 
  signs_differ_l_reg/QN -       CK->QN F     DFFR_X1        3  6.6    17    76      76    (-,-) 
  g32978/ZN             -       A->ZN  R     INV_X2        25 51.2    61    75     151    (-,-) 
  g46831/ZN             -       A->ZN  F     INV_X2        30 51.7    36    59     210    (-,-) 
  g46540__1617/ZN       -       A1->ZN R     NAND2_X1       1  2.0    15    25     235    (-,-) 
  g46529__7410/ZN       -       A->ZN  F     OAI21_X1       1  4.1    14    25     260    (-,-) 
  g46956/ZN             -       A->ZN  R     XNOR2_X2      20 35.9    94   112     372    (-,-) 
  g46478__7482/ZN       -       A->ZN  F     AOI21_X1       1  1.9    25    22     394    (-,-) 
  g46421__2398/ZN       -       B2->ZN R     OAI21_X1       1  1.9    23    39     433    (-,-) 
  g46391__5526/ZN       -       A1->ZN F     NAND2_X1       1  1.7    13    16     448    (-,-) 
  g46317__4319/ZN       -       B1->ZN R     OAI221_X1      1  1.9    36    48     497    (-,-) 
  g46302__4733/ZN       -       A1->ZN F     NAND2_X1       1  1.7    13    18     514    (-,-) 
  g46267__4733/ZN       -       B1->ZN R     AOI21_X1       1  2.0    24    29     543    (-,-) 
  g46196__1881/ZN       -       B1->ZN F     OAI21_X1       1  1.2    18    16     559    (-,-) 
  g46183__4319/ZN       -       A2->ZN F     AND4_X1        1  1.8     8    40     599    (-,-) 
  g46107__2883/ZN       -       B1->ZN R     OAI21_X1       1  2.0    20    28     627    (-,-) 
  g46941/ZN             -       C1->ZN F     AOI211_X1      1  1.7    14    18     645    (-,-) 
  g45914__2346/ZN       -       A1->ZN R     NOR2_X1        2  3.8    25    36     681    (-,-) 
  g46893__9945/ZN       -       A1->ZN R     OR2_X2         3  5.8    10    30     711    (-,-) 
  g45799__5107/ZN       -       A1->ZN F     NAND2_X1       2  3.5    10    17     728    (-,-) 
  g45790__2883/ZN       -       A1->ZN R     NAND2_X1       2  4.4    16    22     750    (-,-) 
  g46902/Z              -       A->Z   R     XOR2_X1        1  1.2    19    46     795    (-,-) 
  g46901/ZN             -       A1->ZN R     AND2_X1        2  3.1    12    38     834    (-,-) 
  g45745__4733/Z        -       B->Z   R     MUX2_X1        3  7.5    21    52     885    (-,-) 
  g45715__1666/ZN       -       A3->ZN F     NAND4_X1       1  1.7    18    32     917    (-,-) 
  g45712__9945/ZN       -       A1->ZN R     NOR2_X1        1  1.9    18    28     946    (-,-) 
  g45705__6161/ZN       -       A1->ZN F     NAND2_X1       1  3.5    13    20     965    (-,-) 
  g45699__1881/ZN       -       A2->ZN R     NOR2_X2        3  5.7    21    36    1001    (-,-) 
  g45695__5122/ZN       -       A2->ZN R     AND2_X2        2  3.9     9    34    1036    (-,-) 
  g21150/ZN             -       A->ZN  F     INV_X1         1  3.2     6    10    1045    (-,-) 
  g21137__2346/ZN       -       A1->ZN R     NAND2_X2      22 41.2    52    59    1104    (-,-) 
  g21128__6131/ZN       -       A1->ZN F     NOR2_X1        1  0.3    11     5    1109    (-,-) 
  fp_out[20]            -       -      F     (port)         -    -     -     0    1109    (-,-) 
#-----------------------------------------------------------------------------------------------



Path 25: MET (1 ps) Late External Delay Assertion at pin fp_out[21]
           View: view_1p2_25
          Group: clock1
     Startpoint: (R) signs_differ_l_reg/CK
          Clock: (R) clock1
       Endpoint: (F) fp_out[21]
          Clock: (R) clock1

                     Capture       Launch     
        Clock Edge:+    1111            0     
       Src Latency:+       0            0     
       Net Latency:+       0 (I)        0 (I) 
           Arrival:=    1111            0     
                                              
      Output Delay:-       1                  
       Uncertainty:-       0                  
     Required Time:=    1110                  
      Launch Clock:-       0                  
         Data Path:-    1109                  
             Slack:=       1                  

Exceptions/Constraints:
  output_delay              1              add_fp16.sdc_line_17_76_1   

Launch clock path:
#----------------------------------------------------------------------------------------------
#     Timing Point      Flags   Arc   Edge   Cell     Fanout Load Trans Delay Arrival Instance 
#                                                            (fF)  (ps)  (ps)   (ps)  Location 
#----------------------------------------------------------------------------------------------
  clk                   (i)     -     R     (arrival)     68  0.0     0     0       0    (-,-) 
  signs_differ_l_reg/CK <<<     -     R     DFFR_X1       68    -     1     0       0    (-,-) 
#----------------------------------------------------------------------------------------------

#-----------------------------------------------------------------------------------------------
#     Timing Point      Flags    Arc   Edge   Cell     Fanout Load Trans Delay Arrival Instance 
#                                                             (fF)  (ps)  (ps)   (ps)  Location 
#-----------------------------------------------------------------------------------------------
  signs_differ_l_reg/CK -       -      R     (arrival)     68    -     1     0       0    (-,-) 
  signs_differ_l_reg/QN -       CK->QN F     DFFR_X1        3  6.6    17    76      76    (-,-) 
  g32978/ZN             -       A->ZN  R     INV_X2        25 51.2    61    75     151    (-,-) 
  g46831/ZN             -       A->ZN  F     INV_X2        30 51.7    36    59     210    (-,-) 
  g46540__1617/ZN       -       A1->ZN R     NAND2_X1       1  2.0    15    25     235    (-,-) 
  g46529__7410/ZN       -       A->ZN  F     OAI21_X1       1  4.1    14    25     260    (-,-) 
  g46956/ZN             -       A->ZN  R     XNOR2_X2      20 35.9    94   112     372    (-,-) 
  g46478__7482/ZN       -       A->ZN  F     AOI21_X1       1  1.9    25    22     394    (-,-) 
  g46421__2398/ZN       -       B2->ZN R     OAI21_X1       1  1.9    23    39     433    (-,-) 
  g46391__5526/ZN       -       A1->ZN F     NAND2_X1       1  1.7    13    16     448    (-,-) 
  g46317__4319/ZN       -       B1->ZN R     OAI221_X1      1  1.9    36    48     497    (-,-) 
  g46302__4733/ZN       -       A1->ZN F     NAND2_X1       1  1.7    13    18     514    (-,-) 
  g46267__4733/ZN       -       B1->ZN R     AOI21_X1       1  2.0    24    29     543    (-,-) 
  g46196__1881/ZN       -       B1->ZN F     OAI21_X1       1  1.2    18    16     559    (-,-) 
  g46183__4319/ZN       -       A2->ZN F     AND4_X1        1  1.8     8    40     599    (-,-) 
  g46107__2883/ZN       -       B1->ZN R     OAI21_X1       1  2.0    20    28     627    (-,-) 
  g46941/ZN             -       C1->ZN F     AOI211_X1      1  1.7    14    18     645    (-,-) 
  g45914__2346/ZN       -       A1->ZN R     NOR2_X1        2  3.8    25    36     681    (-,-) 
  g46893__9945/ZN       -       A1->ZN R     OR2_X2         3  5.8    10    30     711    (-,-) 
  g45799__5107/ZN       -       A1->ZN F     NAND2_X1       2  3.5    10    17     728    (-,-) 
  g45790__2883/ZN       -       A1->ZN R     NAND2_X1       2  4.4    16    22     750    (-,-) 
  g46902/Z              -       A->Z   R     XOR2_X1        1  1.2    19    46     795    (-,-) 
  g46901/ZN             -       A1->ZN R     AND2_X1        2  3.1    12    38     834    (-,-) 
  g45745__4733/Z        -       B->Z   R     MUX2_X1        3  7.5    21    52     885    (-,-) 
  g45715__1666/ZN       -       A3->ZN F     NAND4_X1       1  1.7    18    32     917    (-,-) 
  g45712__9945/ZN       -       A1->ZN R     NOR2_X1        1  1.9    18    28     946    (-,-) 
  g45705__6161/ZN       -       A1->ZN F     NAND2_X1       1  3.5    13    20     965    (-,-) 
  g45699__1881/ZN       -       A2->ZN R     NOR2_X2        3  5.7    21    36    1001    (-,-) 
  g45695__5122/ZN       -       A2->ZN R     AND2_X2        2  3.9     9    34    1036    (-,-) 
  g21150/ZN             -       A->ZN  F     INV_X1         1  3.2     6    10    1045    (-,-) 
  g21137__2346/ZN       -       A1->ZN R     NAND2_X2      22 41.2    52    59    1104    (-,-) 
  g21120__6783/ZN       -       A1->ZN F     NOR2_X1        1  0.3    11     5    1109    (-,-) 
  fp_out[21]            -       -      F     (port)         -    -     -     0    1109    (-,-) 
#-----------------------------------------------------------------------------------------------



Path 26: MET (4 ps) Setup Check with Pin smaller_mantissa_l_reg[25]/CK->D
           View: view_1p2_25
          Group: clock1
     Startpoint: (R) fp1_in[23]
          Clock: (R) clock1
       Endpoint: (F) smaller_mantissa_l_reg[25]/D
          Clock: (R) clock1

                     Capture       Launch     
        Clock Edge:+    1111            0     
        Drv Adjust:+       0            0     
       Src Latency:+       0            0     
       Net Latency:+       0 (I)        0 (I) 
           Arrival:=    1111            0     
                                              
             Setup:-      41                  
       Uncertainty:-       0                  
     Required Time:=    1070                  
      Launch Clock:-       0                  
       Input Delay:-       1                  
         Data Path:-    1065                  
             Slack:=       4                  

Exceptions/Constraints:
  input_delay              1              add_fp16.sdc_line_16_12_1   

#------------------------------------------------------------------------------------------------------
#        Timing Point          Flags    Arc   Edge   Cell     Fanout Load Trans Delay Arrival Instance 
#                                                                    (fF)  (ps)  (ps)   (ps)  Location 
#------------------------------------------------------------------------------------------------------
  fp1_in[23]                   -       -      R     (arrival)      4  8.3     0     0       1    (-,-) 
  g33008/ZN                    -       A->ZN  F     INV_X2         2  6.1     4     6       7    (-,-) 
  g32974/ZN                    -       A1->ZN R     NOR2_X2        3  7.4    25    32      39    (-,-) 
  g32876/ZN                    -       A2->ZN F     NAND2_X2       1  3.2     8    16      56    (-,-) 
  g32869/ZN                    -       A1->ZN R     NAND2_X2       3  7.0    14    19      74    (-,-) 
  g32857/ZN                    -       B1->ZN F     AOI21_X2       2  4.7    10    17      91    (-,-) 
  g32852/ZN                    -       B1->ZN R     OAI21_X2       2  5.5    23    33     124    (-,-) 
  g32846/ZN                    -       A1->ZN F     NOR2_X2        2  4.7     8    12     136    (-,-) 
  g32840/ZN                    -       C1->ZN R     OAI211_X2      1  6.3    28    37     173    (-,-) 
  g32839/ZN                    -       A1->ZN F     NAND2_X4       2  9.0    11    18     191    (-,-) 
  g32838/ZN                    -       A->ZN  R     INV_X2         1  6.7    11    18     210    (-,-) 
  g32837/ZN                    -       B1->ZN F     OAI21_X4      10 17.1    21    20     230    (-,-) 
  g32800/ZN                    -       A1->ZN R     NAND2_X1       2  7.7    23    35     265    (-,-) 
  g32795/ZN                    -       A->ZN  F     INV_X4        23 40.0    14    24     289    (-,-) 
  g46964/ZN                    -       A1->ZN R     AOI22_X1       3  4.9    40    49     339    (-,-) 
  g32685/ZN                    -       A1->ZN R     OR2_X1         2  3.9    14    36     375    (-,-) 
  g32638/ZN                    -       A->ZN  F     OAI21_X1       2  3.6    33    24     399    (-,-) 
  g32591/ZN                    -       A1->ZN R     AOI22_X1       2  3.8    34    52     451    (-,-) 
  g32534/ZN                    -       A1->ZN F     OAI22_X1       2  3.5    20    28     480    (-,-) 
  g32512/ZN                    -       A1->ZN R     AOI22_X1       1  2.0    26    37     517    (-,-) 
  g32478/ZN                    -       A->ZN  F     OAI21_X1       1  1.7    14    22     539    (-,-) 
  g32474/ZN                    -       A1->ZN R     NOR2_X1        3  5.6    34    45     585    (-,-) 
  g32465/ZN                    -       A->ZN  F     INV_X1         2  3.4    11    14     599    (-,-) 
  g32435__2883/ZN              -       A1->ZN R     AOI22_X1       1  1.9    27    33     632    (-,-) 
  g32430__4733/ZN              -       A1->ZN F     NAND2_X1       1  1.8    11    17     648    (-,-) 
  g32427__1881/ZN              -       A1->ZN R     NAND2_X1       1  1.2     8    14     662    (-,-) 
  g32424__8246/ZN              -       A1->ZN R     AND2_X1        1  2.0     9    31     693    (-,-) 
  g32420__2802/ZN              -       B1->ZN F     OAI21_X1       1  1.8    13    14     707    (-,-) 
  g32418__1617/ZN              -       A->ZN  R     OAI221_X1      1  1.9    37    24     731    (-,-) 
  g32416__6783/ZN              -       B1->ZN F     AOI21_X1       1  1.8    13    20     750    (-,-) 
  g32415/ZN                    -       A->ZN  R     INV_X1         1  1.9     8    15     766    (-,-) 
  g32414__5526/ZN              -       A1->ZN F     AOI222_X1      1  1.7    19    15     780    (-,-) 
  g32413__8428/ZN              -       B1->ZN R     OAI221_X1      3 11.6    82   100     881    (-,-) 
  g32412/ZN                    -       A->ZN  F     INV_X2         2  7.6    20    17     898    (-,-) 
  g32411__4319/ZN              -       A1->ZN R     NAND2_X4      39 70.8    46    59     957    (-,-) 
  g32410/ZN                    -       A->ZN  F     INV_X2        10 17.0    18    27     984    (-,-) 
  g32393__1881/ZN              -       A->ZN  R     AOI211_X1      1  2.0    39    73    1057    (-,-) 
  g32389/ZN                    -       A->ZN  F     INV_X1         1  1.4    10     9    1066    (-,-) 
  smaller_mantissa_l_reg[25]/D -       -      F     DFFR_X1        1    -     -     0    1066    (-,-) 
#------------------------------------------------------------------------------------------------------

Capture clock path:
#------------------------------------------------------------------------------------------------------
#         Timing Point          Flags   Arc   Edge   Cell     Fanout Load Trans Delay Arrival Instance 
#                                                                    (fF)  (ps)  (ps)   (ps)  Location 
#------------------------------------------------------------------------------------------------------
  clk                           (i)     -     R     (arrival)     68  0.0     0     0    1111    (-,-) 
  smaller_mantissa_l_reg[25]/CK <<<     -     R     DFFR_X1       68    -     1     0    1111    (-,-) 
#------------------------------------------------------------------------------------------------------



Path 27: MET (5 ps) Late External Delay Assertion at pin fp_out[29]
           View: view_1p2_25
          Group: clock1
     Startpoint: (R) smaller_mantissa_l_reg[11]/CK
          Clock: (R) clock1
       Endpoint: (R) fp_out[29]
          Clock: (R) clock1

                     Capture       Launch     
        Clock Edge:+    1111            0     
       Src Latency:+       0            0     
       Net Latency:+       0 (I)        0 (I) 
           Arrival:=    1111            0     
                                              
      Output Delay:-       1                  
       Uncertainty:-       0                  
     Required Time:=    1110                  
      Launch Clock:-       0                  
         Data Path:-    1105                  
             Slack:=       5                  

Exceptions/Constraints:
  output_delay              1              add_fp16.sdc_line_17_68_1   

Launch clock path:
#------------------------------------------------------------------------------------------------------
#         Timing Point          Flags   Arc   Edge   Cell     Fanout Load Trans Delay Arrival Instance 
#                                                                    (fF)  (ps)  (ps)   (ps)  Location 
#------------------------------------------------------------------------------------------------------
  clk                           (i)     -     R     (arrival)     68  0.0     0     0       0    (-,-) 
  smaller_mantissa_l_reg[11]/CK <<<     -     R     DFFR_X1       68    -     1     0       0    (-,-) 
#------------------------------------------------------------------------------------------------------

#-------------------------------------------------------------------------------------------------------
#         Timing Point          Flags    Arc   Edge   Cell     Fanout Load Trans Delay Arrival Instance 
#                                                                     (fF)  (ps)  (ps)   (ps)  Location 
#-------------------------------------------------------------------------------------------------------
  smaller_mantissa_l_reg[11]/CK -       -      R     (arrival)     68    -     1     0       0    (-,-) 
  smaller_mantissa_l_reg[11]/Q  -       CK->Q  R     DFFR_X1        4  6.8    20   112     112    (-,-) 
  g46736__1705/ZN               -       A2->ZN F     NOR2_X1        2  3.6     9    16     128    (-,-) 
  g46567__2883/ZN               -       A->ZN  R     AOI21_X1       1  2.0    23    41     168    (-,-) 
  g46520__9315/ZN               -       A->ZN  F     OAI21_X1       2  4.8    15    29     198    (-,-) 
  g46958/ZN                     -       B1->ZN R     AOI222_X2      1  3.4    48    79     276    (-,-) 
  g46447__2346/ZN               -       A1->ZN F     NAND2_X2       5  8.5    19    28     305    (-,-) 
  g46433__5122/ZN               -       A1->ZN R     NAND2_X1       1  1.9    10    20     324    (-,-) 
  g46413__7410/ZN               -       A1->ZN F     NAND2_X1       2  3.5    10    17     341    (-,-) 
  g46345__7410/ZN               -       B1->ZN R     OAI21_X1       1  4.6    32    42     383    (-,-) 
  g46906/Z                      -       A->Z   R     XOR2_X2       12 21.3    64    98     481    (-,-) 
  g46270__9945/ZN               -       A1->ZN F     NAND3_X1       1  1.7    21    28     510    (-,-) 
  g46218__3680/ZN               -       A1->ZN R     NOR2_X1        1  2.0    18    30     540    (-,-) 
  g46198__7482/ZN               -       A1->ZN R     AND2_X2        2  3.7     9    33     573    (-,-) 
  g46932/ZN                     -       A2->ZN R     AND4_X2        3  5.5    15    55     628    (-,-) 
  g46041__2883/ZN               -       A1->ZN F     NAND2_X1       2  4.7    13    21     649    (-,-) 
  g46014/ZN                     -       A->ZN  R     INV_X1         3  5.5    15    24     673    (-,-) 
  g45979__7410/ZN               -       A1->ZN F     NAND2_X1       3  5.0    17    22     695    (-,-) 
  g45951/ZN                     -       A->ZN  R     INV_X1         5  9.0    23    35     730    (-,-) 
  g45845__7482/ZN               -       B1->ZN F     AOI22_X1       1  1.9    17    24     754    (-,-) 
  g45812__7098/ZN               -       A1->ZN R     NAND3_X1       1  1.9    13    20     774    (-,-) 
  g45794__1666/ZN               -       A->ZN  F     AOI21_X1       1  3.2    13    16     790    (-,-) 
  g45782__5115/ZN               -       A1->ZN R     NAND3_X2       2  4.0    13    19     810    (-,-) 
  g45755__7410/ZN               -       A3->ZN R     AND4_X1        1  3.3    16    63     873    (-,-) 
  g45750__9945/ZN               -       A1->ZN F     NAND3_X2       2  5.5    14    24     896    (-,-) 
  g45740__1881/ZN               -       A1->ZN R     NAND2_X2       2  4.6    13    18     915    (-,-) 
  g45734__1705/ZN               -       A1->ZN R     AND2_X4        2  5.3     8    29     944    (-,-) 
  g45728__5526/ZN               -       A1->ZN F     NAND2_X2       3  6.3    10    15     959    (-,-) 
  g45709__9315/ZN               -       A1->ZN R     NOR2_X2        2  5.3    21    29     988    (-,-) 
  g45703__7482/ZN               -       A1->ZN F     NAND2_X2       3  5.8    11    19    1007    (-,-) 
  g45697__7098/ZN               -       A1->ZN R     NOR2_X1        2  3.8    25    35    1042    (-,-) 
  g45690/ZN                     -       A->ZN  F     INV_X1         1  1.7     7     9    1051    (-,-) 
  g45682__5107/ZN               -       B1->ZN R     AOI21_X1       1  1.9    23    26    1078    (-,-) 
  g45679__5477/ZN               -       A1->ZN F     NAND2_X1       1  1.8    10    16    1094    (-,-) 
  g45678__6417/ZN               -       A1->ZN R     NAND2_X1       1  0.3     8    11    1105    (-,-) 
  fp_out[29]                    -       -      R     (port)         -    -     -     0    1105    (-,-) 
#-------------------------------------------------------------------------------------------------------



Path 28: MET (12 ps) Setup Check with Pin larger_mantissa_l_reg[8]/CK->D
           View: view_1p2_25
          Group: clock1
     Startpoint: (R) fp2_in[24]
          Clock: (R) clock1
       Endpoint: (R) larger_mantissa_l_reg[8]/D
          Clock: (R) clock1

                     Capture       Launch     
        Clock Edge:+    1111            0     
        Drv Adjust:+       0            0     
       Src Latency:+       0            0     
       Net Latency:+       0 (I)        0 (I) 
           Arrival:=    1111            0     
                                              
             Setup:-      37                  
       Uncertainty:-       0                  
     Required Time:=    1074                  
      Launch Clock:-       0                  
       Input Delay:-       1                  
         Data Path:-    1061                  
             Slack:=      12                  

Exceptions/Constraints:
  input_delay              1              add_fp16.sdc_line_16_43_1   

#----------------------------------------------------------------------------------------------------
#       Timing Point         Flags    Arc   Edge   Cell     Fanout Load Trans Delay Arrival Instance 
#                                                                  (fF)  (ps)  (ps)   (ps)  Location 
#----------------------------------------------------------------------------------------------------
  fp2_in[24]                 -       -      R     (arrival)      5 15.0     0     0       1    (-,-) 
  g33014/ZN                  -       A->ZN  F     INV_X4         2  5.1     2     4       5    (-,-) 
  g32961/ZN                  -       A2->ZN R     NAND2_X2       1  6.3    13    17      23    (-,-) 
  g32924/ZN                  -       A1->ZN F     NAND2_X4       4  8.2     8    14      37    (-,-) 
  g32877/ZN                  -       A1->ZN R     NAND2_X1       1  3.4    13    18      55    (-,-) 
  g32868/ZN                  -       A1->ZN F     NAND2_X2       3  6.4    10    18      73    (-,-) 
  g32856/ZN                  -       A1->ZN R     OAI22_X2       2  5.4    35    33     106    (-,-) 
  g32853/ZN                  -       A1->ZN F     NOR2_X2        1  3.5    12    11     117    (-,-) 
  g32846/ZN                  -       A2->ZN R     NOR2_X2        2  5.2    20    34     151    (-,-) 
  g32840/ZN                  -       C1->ZN F     OAI211_X2      1  6.0    23    27     178    (-,-) 
  g32839/ZN                  -       A1->ZN R     NAND2_X4       2 10.2    12    23     201    (-,-) 
  g32838/ZN                  -       A->ZN  F     INV_X2         1  5.9     6    10     211    (-,-) 
  g32837/ZN                  -       B1->ZN R     OAI21_X4      10 18.6    32    41     252    (-,-) 
  g32787/ZN                  -       B1->ZN F     OAI21_X1       1  1.8    12    19     271    (-,-) 
  g32734/ZN                  -       A1->ZN R     NAND2_X1       1  3.8    14    21     293    (-,-) 
  g32697/ZN                  -       A2->ZN R     AND2_X4       25 48.2    31    58     350    (-,-) 
  g32676/ZN                  -       A1->ZN F     NAND2_X1       2  3.6    14    23     373    (-,-) 
  g32655/ZN                  -       A->ZN  R     INV_X1         3  5.6    16    25     398    (-,-) 
  g32622/ZN                  -       A1->ZN F     NAND2_X1       3  4.9    15    22     420    (-,-) 
  g32610/ZN                  -       A1->ZN R     NOR2_X1        4  6.5    38    50     470    (-,-) 
  g32595/ZN                  -       A->ZN  F     INV_X1         1  1.7    10    10     480    (-,-) 
  g32562/ZN                  -       A1->ZN R     NOR2_X1        2  3.7    25    34     514    (-,-) 
  g32513/ZN                  -       A1->ZN F     AOI222_X1      1  1.8    25    20     534    (-,-) 
  g32507/ZN                  -       A->ZN  R     INV_X1         1  2.0    11    20     554    (-,-) 
  g32469/ZN                  -       A2->ZN F     NOR2_X1        3  5.4    16    16     569    (-,-) 
  g32460/ZN                  -       A->ZN  R     INV_X1         1  1.9     9    17     586    (-,-) 
  g32436__2346/ZN            -       A->ZN  F     OAI211_X1      1  1.8    21    26     612    (-,-) 
  g32430__4733/ZN            -       A2->ZN R     NAND2_X1       1  1.9    12    23     635    (-,-) 
  g32427__1881/ZN            -       A1->ZN F     NAND2_X1       1  1.2     7    12     647    (-,-) 
  g32424__8246/ZN            -       A1->ZN F     AND2_X1        1  1.8     6    28     675    (-,-) 
  g32420__2802/ZN            -       B1->ZN R     OAI21_X1       1  1.9    19    27     702    (-,-) 
  g32418__1617/ZN            -       A->ZN  F     OAI221_X1      1  1.7    23    33     735    (-,-) 
  g32416__6783/ZN            -       B1->ZN R     AOI21_X1       1  2.0    23    34     768    (-,-) 
  g32415/ZN                  -       A->ZN  F     INV_X1         1  1.7     7     9     778    (-,-) 
  g32414__5526/ZN            -       A1->ZN R     AOI222_X1      1  2.0    49    54     832    (-,-) 
  g32413__8428/ZN            -       B1->ZN F     OAI221_X1      3 10.7    39    64     896    (-,-) 
  g32412/ZN                  -       A->ZN  R     INV_X2         2  8.2    18    32     928    (-,-) 
  g32411__4319/ZN            -       A1->ZN F     NAND2_X4      39 62.8    37    46     974    (-,-) 
  g32410/ZN                  -       A->ZN  R     INV_X2        10 18.6    26    46    1020    (-,-) 
  g32397__6161/ZN            -       A1->ZN F     AOI22_X1       1  1.8    18    18    1038    (-,-) 
  g32367__6417/ZN            -       A->ZN  R     OAI21_X1       1  1.4    23    24    1062    (-,-) 
  larger_mantissa_l_reg[8]/D -       -      R     DFFR_X1        1    -     -     0    1062    (-,-) 
#----------------------------------------------------------------------------------------------------

Capture clock path:
#----------------------------------------------------------------------------------------------------
#        Timing Point         Flags   Arc   Edge   Cell     Fanout Load Trans Delay Arrival Instance 
#                                                                  (fF)  (ps)  (ps)   (ps)  Location 
#----------------------------------------------------------------------------------------------------
  clk                         (i)     -     R     (arrival)     68  0.0     0     0    1111    (-,-) 
  larger_mantissa_l_reg[8]/CK <<<     -     R     DFFR_X1       68    -     1     0    1111    (-,-) 
#----------------------------------------------------------------------------------------------------



Path 29: MET (13 ps) Setup Check with Pin larger_mantissa_l_reg[15]/CK->D
           View: view_1p2_25
          Group: clock1
     Startpoint: (R) fp2_in[24]
          Clock: (R) clock1
       Endpoint: (R) larger_mantissa_l_reg[15]/D
          Clock: (R) clock1

                     Capture       Launch     
        Clock Edge:+    1111            0     
        Drv Adjust:+       0            0     
       Src Latency:+       0            0     
       Net Latency:+       0 (I)        0 (I) 
           Arrival:=    1111            0     
                                              
             Setup:-      37                  
       Uncertainty:-       0                  
     Required Time:=    1074                  
      Launch Clock:-       0                  
       Input Delay:-       1                  
         Data Path:-    1060                  
             Slack:=      13                  

Exceptions/Constraints:
  input_delay              1              add_fp16.sdc_line_16_43_1   

#-----------------------------------------------------------------------------------------------------
#        Timing Point         Flags    Arc   Edge   Cell     Fanout Load Trans Delay Arrival Instance 
#                                                                   (fF)  (ps)  (ps)   (ps)  Location 
#-----------------------------------------------------------------------------------------------------
  fp2_in[24]                  -       -      R     (arrival)      5 15.0     0     0       1    (-,-) 
  g33014/ZN                   -       A->ZN  F     INV_X4         2  5.1     2     4       5    (-,-) 
  g32961/ZN                   -       A2->ZN R     NAND2_X2       1  6.3    13    17      23    (-,-) 
  g32924/ZN                   -       A1->ZN F     NAND2_X4       4  8.2     8    14      37    (-,-) 
  g32877/ZN                   -       A1->ZN R     NAND2_X1       1  3.4    13    18      55    (-,-) 
  g32868/ZN                   -       A1->ZN F     NAND2_X2       3  6.4    10    18      73    (-,-) 
  g32856/ZN                   -       A1->ZN R     OAI22_X2       2  5.4    35    33     106    (-,-) 
  g32853/ZN                   -       A1->ZN F     NOR2_X2        1  3.5    12    11     117    (-,-) 
  g32846/ZN                   -       A2->ZN R     NOR2_X2        2  5.2    20    34     151    (-,-) 
  g32840/ZN                   -       C1->ZN F     OAI211_X2      1  6.0    23    27     178    (-,-) 
  g32839/ZN                   -       A1->ZN R     NAND2_X4       2 10.2    12    23     201    (-,-) 
  g32838/ZN                   -       A->ZN  F     INV_X2         1  5.9     6    10     211    (-,-) 
  g32837/ZN                   -       B1->ZN R     OAI21_X4      10 18.6    32    41     252    (-,-) 
  g32787/ZN                   -       B1->ZN F     OAI21_X1       1  1.8    12    19     271    (-,-) 
  g32734/ZN                   -       A1->ZN R     NAND2_X1       1  3.8    14    21     293    (-,-) 
  g32697/ZN                   -       A2->ZN R     AND2_X4       25 48.2    31    58     350    (-,-) 
  g32676/ZN                   -       A1->ZN F     NAND2_X1       2  3.6    14    23     373    (-,-) 
  g32655/ZN                   -       A->ZN  R     INV_X1         3  5.6    16    25     398    (-,-) 
  g32622/ZN                   -       A1->ZN F     NAND2_X1       3  4.9    15    22     420    (-,-) 
  g32610/ZN                   -       A1->ZN R     NOR2_X1        4  6.5    38    50     470    (-,-) 
  g32595/ZN                   -       A->ZN  F     INV_X1         1  1.7    10    10     480    (-,-) 
  g32562/ZN                   -       A1->ZN R     NOR2_X1        2  3.7    25    34     514    (-,-) 
  g32513/ZN                   -       A1->ZN F     AOI222_X1      1  1.8    25    20     534    (-,-) 
  g32507/ZN                   -       A->ZN  R     INV_X1         1  2.0    11    20     554    (-,-) 
  g32469/ZN                   -       A2->ZN F     NOR2_X1        3  5.4    16    16     569    (-,-) 
  g32460/ZN                   -       A->ZN  R     INV_X1         1  1.9     9    17     586    (-,-) 
  g32436__2346/ZN             -       A->ZN  F     OAI211_X1      1  1.8    21    26     612    (-,-) 
  g32430__4733/ZN             -       A2->ZN R     NAND2_X1       1  1.9    12    23     635    (-,-) 
  g32427__1881/ZN             -       A1->ZN F     NAND2_X1       1  1.2     7    12     647    (-,-) 
  g32424__8246/ZN             -       A1->ZN F     AND2_X1        1  1.8     6    28     675    (-,-) 
  g32420__2802/ZN             -       B1->ZN R     OAI21_X1       1  1.9    19    27     702    (-,-) 
  g32418__1617/ZN             -       A->ZN  F     OAI221_X1      1  1.7    23    33     735    (-,-) 
  g32416__6783/ZN             -       B1->ZN R     AOI21_X1       1  2.0    23    34     768    (-,-) 
  g32415/ZN                   -       A->ZN  F     INV_X1         1  1.7     7     9     778    (-,-) 
  g32414__5526/ZN             -       A1->ZN R     AOI222_X1      1  2.0    49    54     832    (-,-) 
  g32413__8428/ZN             -       B1->ZN F     OAI221_X1      3 10.7    39    64     896    (-,-) 
  g32412/ZN                   -       A->ZN  R     INV_X2         2  8.2    18    32     928    (-,-) 
  g32411__4319/ZN             -       A1->ZN F     NAND2_X4      39 62.8    37    46     974    (-,-) 
  g32410/ZN                   -       A->ZN  R     INV_X2        10 18.6    26    46    1020    (-,-) 
  g32402__1666/ZN             -       A1->ZN F     AOI22_X1       1  1.8    16    18    1038    (-,-) 
  g32375__6783/ZN             -       A->ZN  R     OAI21_X1       1  1.4    23    23    1061    (-,-) 
  larger_mantissa_l_reg[15]/D -       -      R     DFFR_X1        1    -     -     0    1061    (-,-) 
#-----------------------------------------------------------------------------------------------------

Capture clock path:
#-----------------------------------------------------------------------------------------------------
#        Timing Point          Flags   Arc   Edge   Cell     Fanout Load Trans Delay Arrival Instance 
#                                                                   (fF)  (ps)  (ps)   (ps)  Location 
#-----------------------------------------------------------------------------------------------------
  clk                          (i)     -     R     (arrival)     68  0.0     0     0    1111    (-,-) 
  larger_mantissa_l_reg[15]/CK <<<     -     R     DFFR_X1       68    -     1     0    1111    (-,-) 
#-----------------------------------------------------------------------------------------------------



Path 30: MET (13 ps) Setup Check with Pin larger_mantissa_l_reg[14]/CK->D
           View: view_1p2_25
          Group: clock1
     Startpoint: (R) fp2_in[24]
          Clock: (R) clock1
       Endpoint: (R) larger_mantissa_l_reg[14]/D
          Clock: (R) clock1

                     Capture       Launch     
        Clock Edge:+    1111            0     
        Drv Adjust:+       0            0     
       Src Latency:+       0            0     
       Net Latency:+       0 (I)        0 (I) 
           Arrival:=    1111            0     
                                              
             Setup:-      37                  
       Uncertainty:-       0                  
     Required Time:=    1074                  
      Launch Clock:-       0                  
       Input Delay:-       1                  
         Data Path:-    1060                  
             Slack:=      13                  

Exceptions/Constraints:
  input_delay              1              add_fp16.sdc_line_16_43_1   

#-----------------------------------------------------------------------------------------------------
#        Timing Point         Flags    Arc   Edge   Cell     Fanout Load Trans Delay Arrival Instance 
#                                                                   (fF)  (ps)  (ps)   (ps)  Location 
#-----------------------------------------------------------------------------------------------------
  fp2_in[24]                  -       -      R     (arrival)      5 15.0     0     0       1    (-,-) 
  g33014/ZN                   -       A->ZN  F     INV_X4         2  5.1     2     4       5    (-,-) 
  g32961/ZN                   -       A2->ZN R     NAND2_X2       1  6.3    13    17      23    (-,-) 
  g32924/ZN                   -       A1->ZN F     NAND2_X4       4  8.2     8    14      37    (-,-) 
  g32877/ZN                   -       A1->ZN R     NAND2_X1       1  3.4    13    18      55    (-,-) 
  g32868/ZN                   -       A1->ZN F     NAND2_X2       3  6.4    10    18      73    (-,-) 
  g32856/ZN                   -       A1->ZN R     OAI22_X2       2  5.4    35    33     106    (-,-) 
  g32853/ZN                   -       A1->ZN F     NOR2_X2        1  3.5    12    11     117    (-,-) 
  g32846/ZN                   -       A2->ZN R     NOR2_X2        2  5.2    20    34     151    (-,-) 
  g32840/ZN                   -       C1->ZN F     OAI211_X2      1  6.0    23    27     178    (-,-) 
  g32839/ZN                   -       A1->ZN R     NAND2_X4       2 10.2    12    23     201    (-,-) 
  g32838/ZN                   -       A->ZN  F     INV_X2         1  5.9     6    10     211    (-,-) 
  g32837/ZN                   -       B1->ZN R     OAI21_X4      10 18.6    32    41     252    (-,-) 
  g32787/ZN                   -       B1->ZN F     OAI21_X1       1  1.8    12    19     271    (-,-) 
  g32734/ZN                   -       A1->ZN R     NAND2_X1       1  3.8    14    21     293    (-,-) 
  g32697/ZN                   -       A2->ZN R     AND2_X4       25 48.2    31    58     350    (-,-) 
  g32676/ZN                   -       A1->ZN F     NAND2_X1       2  3.6    14    23     373    (-,-) 
  g32655/ZN                   -       A->ZN  R     INV_X1         3  5.6    16    25     398    (-,-) 
  g32622/ZN                   -       A1->ZN F     NAND2_X1       3  4.9    15    22     420    (-,-) 
  g32610/ZN                   -       A1->ZN R     NOR2_X1        4  6.5    38    50     470    (-,-) 
  g32595/ZN                   -       A->ZN  F     INV_X1         1  1.7    10    10     480    (-,-) 
  g32562/ZN                   -       A1->ZN R     NOR2_X1        2  3.7    25    34     514    (-,-) 
  g32513/ZN                   -       A1->ZN F     AOI222_X1      1  1.8    25    20     534    (-,-) 
  g32507/ZN                   -       A->ZN  R     INV_X1         1  2.0    11    20     554    (-,-) 
  g32469/ZN                   -       A2->ZN F     NOR2_X1        3  5.4    16    16     569    (-,-) 
  g32460/ZN                   -       A->ZN  R     INV_X1         1  1.9     9    17     586    (-,-) 
  g32436__2346/ZN             -       A->ZN  F     OAI211_X1      1  1.8    21    26     612    (-,-) 
  g32430__4733/ZN             -       A2->ZN R     NAND2_X1       1  1.9    12    23     635    (-,-) 
  g32427__1881/ZN             -       A1->ZN F     NAND2_X1       1  1.2     7    12     647    (-,-) 
  g32424__8246/ZN             -       A1->ZN F     AND2_X1        1  1.8     6    28     675    (-,-) 
  g32420__2802/ZN             -       B1->ZN R     OAI21_X1       1  1.9    19    27     702    (-,-) 
  g32418__1617/ZN             -       A->ZN  F     OAI221_X1      1  1.7    23    33     735    (-,-) 
  g32416__6783/ZN             -       B1->ZN R     AOI21_X1       1  2.0    23    34     768    (-,-) 
  g32415/ZN                   -       A->ZN  F     INV_X1         1  1.7     7     9     778    (-,-) 
  g32414__5526/ZN             -       A1->ZN R     AOI222_X1      1  2.0    49    54     832    (-,-) 
  g32413__8428/ZN             -       B1->ZN F     OAI221_X1      3 10.7    39    64     896    (-,-) 
  g32412/ZN                   -       A->ZN  R     INV_X2         2  8.2    18    32     928    (-,-) 
  g32411__4319/ZN             -       A1->ZN F     NAND2_X4      39 62.8    37    46     974    (-,-) 
  g32410/ZN                   -       A->ZN  R     INV_X2        10 18.6    26    46    1020    (-,-) 
  g32400__2883/ZN             -       A1->ZN F     AOI22_X1       1  1.8    16    18    1038    (-,-) 
  g32374__5526/ZN             -       A->ZN  R     OAI21_X1       1  1.4    23    23    1061    (-,-) 
  larger_mantissa_l_reg[14]/D -       -      R     DFFR_X1        1    -     -     0    1061    (-,-) 
#-----------------------------------------------------------------------------------------------------

Capture clock path:
#-----------------------------------------------------------------------------------------------------
#        Timing Point          Flags   Arc   Edge   Cell     Fanout Load Trans Delay Arrival Instance 
#                                                                   (fF)  (ps)  (ps)   (ps)  Location 
#-----------------------------------------------------------------------------------------------------
  clk                          (i)     -     R     (arrival)     68  0.0     0     0    1111    (-,-) 
  larger_mantissa_l_reg[14]/CK <<<     -     R     DFFR_X1       68    -     1     0    1111    (-,-) 
#-----------------------------------------------------------------------------------------------------



Path 31: MET (13 ps) Setup Check with Pin larger_mantissa_l_reg[13]/CK->D
           View: view_1p2_25
          Group: clock1
     Startpoint: (R) fp2_in[24]
          Clock: (R) clock1
       Endpoint: (R) larger_mantissa_l_reg[13]/D
          Clock: (R) clock1

                     Capture       Launch     
        Clock Edge:+    1111            0     
        Drv Adjust:+       0            0     
       Src Latency:+       0            0     
       Net Latency:+       0 (I)        0 (I) 
           Arrival:=    1111            0     
                                              
             Setup:-      37                  
       Uncertainty:-       0                  
     Required Time:=    1074                  
      Launch Clock:-       0                  
       Input Delay:-       1                  
         Data Path:-    1060                  
             Slack:=      13                  

Exceptions/Constraints:
  input_delay              1              add_fp16.sdc_line_16_43_1   

#-----------------------------------------------------------------------------------------------------
#        Timing Point         Flags    Arc   Edge   Cell     Fanout Load Trans Delay Arrival Instance 
#                                                                   (fF)  (ps)  (ps)   (ps)  Location 
#-----------------------------------------------------------------------------------------------------
  fp2_in[24]                  -       -      R     (arrival)      5 15.0     0     0       1    (-,-) 
  g33014/ZN                   -       A->ZN  F     INV_X4         2  5.1     2     4       5    (-,-) 
  g32961/ZN                   -       A2->ZN R     NAND2_X2       1  6.3    13    17      23    (-,-) 
  g32924/ZN                   -       A1->ZN F     NAND2_X4       4  8.2     8    14      37    (-,-) 
  g32877/ZN                   -       A1->ZN R     NAND2_X1       1  3.4    13    18      55    (-,-) 
  g32868/ZN                   -       A1->ZN F     NAND2_X2       3  6.4    10    18      73    (-,-) 
  g32856/ZN                   -       A1->ZN R     OAI22_X2       2  5.4    35    33     106    (-,-) 
  g32853/ZN                   -       A1->ZN F     NOR2_X2        1  3.5    12    11     117    (-,-) 
  g32846/ZN                   -       A2->ZN R     NOR2_X2        2  5.2    20    34     151    (-,-) 
  g32840/ZN                   -       C1->ZN F     OAI211_X2      1  6.0    23    27     178    (-,-) 
  g32839/ZN                   -       A1->ZN R     NAND2_X4       2 10.2    12    23     201    (-,-) 
  g32838/ZN                   -       A->ZN  F     INV_X2         1  5.9     6    10     211    (-,-) 
  g32837/ZN                   -       B1->ZN R     OAI21_X4      10 18.6    32    41     252    (-,-) 
  g32787/ZN                   -       B1->ZN F     OAI21_X1       1  1.8    12    19     271    (-,-) 
  g32734/ZN                   -       A1->ZN R     NAND2_X1       1  3.8    14    21     293    (-,-) 
  g32697/ZN                   -       A2->ZN R     AND2_X4       25 48.2    31    58     350    (-,-) 
  g32676/ZN                   -       A1->ZN F     NAND2_X1       2  3.6    14    23     373    (-,-) 
  g32655/ZN                   -       A->ZN  R     INV_X1         3  5.6    16    25     398    (-,-) 
  g32622/ZN                   -       A1->ZN F     NAND2_X1       3  4.9    15    22     420    (-,-) 
  g32610/ZN                   -       A1->ZN R     NOR2_X1        4  6.5    38    50     470    (-,-) 
  g32595/ZN                   -       A->ZN  F     INV_X1         1  1.7    10    10     480    (-,-) 
  g32562/ZN                   -       A1->ZN R     NOR2_X1        2  3.7    25    34     514    (-,-) 
  g32513/ZN                   -       A1->ZN F     AOI222_X1      1  1.8    25    20     534    (-,-) 
  g32507/ZN                   -       A->ZN  R     INV_X1         1  2.0    11    20     554    (-,-) 
  g32469/ZN                   -       A2->ZN F     NOR2_X1        3  5.4    16    16     569    (-,-) 
  g32460/ZN                   -       A->ZN  R     INV_X1         1  1.9     9    17     586    (-,-) 
  g32436__2346/ZN             -       A->ZN  F     OAI211_X1      1  1.8    21    26     612    (-,-) 
  g32430__4733/ZN             -       A2->ZN R     NAND2_X1       1  1.9    12    23     635    (-,-) 
  g32427__1881/ZN             -       A1->ZN F     NAND2_X1       1  1.2     7    12     647    (-,-) 
  g32424__8246/ZN             -       A1->ZN F     AND2_X1        1  1.8     6    28     675    (-,-) 
  g32420__2802/ZN             -       B1->ZN R     OAI21_X1       1  1.9    19    27     702    (-,-) 
  g32418__1617/ZN             -       A->ZN  F     OAI221_X1      1  1.7    23    33     735    (-,-) 
  g32416__6783/ZN             -       B1->ZN R     AOI21_X1       1  2.0    23    34     768    (-,-) 
  g32415/ZN                   -       A->ZN  F     INV_X1         1  1.7     7     9     778    (-,-) 
  g32414__5526/ZN             -       A1->ZN R     AOI222_X1      1  2.0    49    54     832    (-,-) 
  g32413__8428/ZN             -       B1->ZN F     OAI221_X1      3 10.7    39    64     896    (-,-) 
  g32412/ZN                   -       A->ZN  R     INV_X2         2  8.2    18    32     928    (-,-) 
  g32411__4319/ZN             -       A1->ZN F     NAND2_X4      39 62.8    37    46     974    (-,-) 
  g32410/ZN                   -       A->ZN  R     INV_X2        10 18.6    26    46    1020    (-,-) 
  g32399__9945/ZN             -       A1->ZN F     AOI22_X1       1  1.8    16    18    1038    (-,-) 
  g32373__8428/ZN             -       A->ZN  R     OAI21_X1       1  1.4    23    23    1061    (-,-) 
  larger_mantissa_l_reg[13]/D -       -      R     DFFR_X1        1    -     -     0    1061    (-,-) 
#-----------------------------------------------------------------------------------------------------

Capture clock path:
#-----------------------------------------------------------------------------------------------------
#        Timing Point          Flags   Arc   Edge   Cell     Fanout Load Trans Delay Arrival Instance 
#                                                                   (fF)  (ps)  (ps)   (ps)  Location 
#-----------------------------------------------------------------------------------------------------
  clk                          (i)     -     R     (arrival)     68  0.0     0     0    1111    (-,-) 
  larger_mantissa_l_reg[13]/CK <<<     -     R     DFFR_X1       68    -     1     0    1111    (-,-) 
#-----------------------------------------------------------------------------------------------------



Path 32: MET (13 ps) Setup Check with Pin larger_mantissa_l_reg[12]/CK->D
           View: view_1p2_25
          Group: clock1
     Startpoint: (R) fp2_in[24]
          Clock: (R) clock1
       Endpoint: (R) larger_mantissa_l_reg[12]/D
          Clock: (R) clock1

                     Capture       Launch     
        Clock Edge:+    1111            0     
        Drv Adjust:+       0            0     
       Src Latency:+       0            0     
       Net Latency:+       0 (I)        0 (I) 
           Arrival:=    1111            0     
                                              
             Setup:-      37                  
       Uncertainty:-       0                  
     Required Time:=    1074                  
      Launch Clock:-       0                  
       Input Delay:-       1                  
         Data Path:-    1060                  
             Slack:=      13                  

Exceptions/Constraints:
  input_delay              1              add_fp16.sdc_line_16_43_1   

#-----------------------------------------------------------------------------------------------------
#        Timing Point         Flags    Arc   Edge   Cell     Fanout Load Trans Delay Arrival Instance 
#                                                                   (fF)  (ps)  (ps)   (ps)  Location 
#-----------------------------------------------------------------------------------------------------
  fp2_in[24]                  -       -      R     (arrival)      5 15.0     0     0       1    (-,-) 
  g33014/ZN                   -       A->ZN  F     INV_X4         2  5.1     2     4       5    (-,-) 
  g32961/ZN                   -       A2->ZN R     NAND2_X2       1  6.3    13    17      23    (-,-) 
  g32924/ZN                   -       A1->ZN F     NAND2_X4       4  8.2     8    14      37    (-,-) 
  g32877/ZN                   -       A1->ZN R     NAND2_X1       1  3.4    13    18      55    (-,-) 
  g32868/ZN                   -       A1->ZN F     NAND2_X2       3  6.4    10    18      73    (-,-) 
  g32856/ZN                   -       A1->ZN R     OAI22_X2       2  5.4    35    33     106    (-,-) 
  g32853/ZN                   -       A1->ZN F     NOR2_X2        1  3.5    12    11     117    (-,-) 
  g32846/ZN                   -       A2->ZN R     NOR2_X2        2  5.2    20    34     151    (-,-) 
  g32840/ZN                   -       C1->ZN F     OAI211_X2      1  6.0    23    27     178    (-,-) 
  g32839/ZN                   -       A1->ZN R     NAND2_X4       2 10.2    12    23     201    (-,-) 
  g32838/ZN                   -       A->ZN  F     INV_X2         1  5.9     6    10     211    (-,-) 
  g32837/ZN                   -       B1->ZN R     OAI21_X4      10 18.6    32    41     252    (-,-) 
  g32787/ZN                   -       B1->ZN F     OAI21_X1       1  1.8    12    19     271    (-,-) 
  g32734/ZN                   -       A1->ZN R     NAND2_X1       1  3.8    14    21     293    (-,-) 
  g32697/ZN                   -       A2->ZN R     AND2_X4       25 48.2    31    58     350    (-,-) 
  g32676/ZN                   -       A1->ZN F     NAND2_X1       2  3.6    14    23     373    (-,-) 
  g32655/ZN                   -       A->ZN  R     INV_X1         3  5.6    16    25     398    (-,-) 
  g32622/ZN                   -       A1->ZN F     NAND2_X1       3  4.9    15    22     420    (-,-) 
  g32610/ZN                   -       A1->ZN R     NOR2_X1        4  6.5    38    50     470    (-,-) 
  g32595/ZN                   -       A->ZN  F     INV_X1         1  1.7    10    10     480    (-,-) 
  g32562/ZN                   -       A1->ZN R     NOR2_X1        2  3.7    25    34     514    (-,-) 
  g32513/ZN                   -       A1->ZN F     AOI222_X1      1  1.8    25    20     534    (-,-) 
  g32507/ZN                   -       A->ZN  R     INV_X1         1  2.0    11    20     554    (-,-) 
  g32469/ZN                   -       A2->ZN F     NOR2_X1        3  5.4    16    16     569    (-,-) 
  g32460/ZN                   -       A->ZN  R     INV_X1         1  1.9     9    17     586    (-,-) 
  g32436__2346/ZN             -       A->ZN  F     OAI211_X1      1  1.8    21    26     612    (-,-) 
  g32430__4733/ZN             -       A2->ZN R     NAND2_X1       1  1.9    12    23     635    (-,-) 
  g32427__1881/ZN             -       A1->ZN F     NAND2_X1       1  1.2     7    12     647    (-,-) 
  g32424__8246/ZN             -       A1->ZN F     AND2_X1        1  1.8     6    28     675    (-,-) 
  g32420__2802/ZN             -       B1->ZN R     OAI21_X1       1  1.9    19    27     702    (-,-) 
  g32418__1617/ZN             -       A->ZN  F     OAI221_X1      1  1.7    23    33     735    (-,-) 
  g32416__6783/ZN             -       B1->ZN R     AOI21_X1       1  2.0    23    34     768    (-,-) 
  g32415/ZN                   -       A->ZN  F     INV_X1         1  1.7     7     9     778    (-,-) 
  g32414__5526/ZN             -       A1->ZN R     AOI222_X1      1  2.0    49    54     832    (-,-) 
  g32413__8428/ZN             -       B1->ZN F     OAI221_X1      3 10.7    39    64     896    (-,-) 
  g32412/ZN                   -       A->ZN  R     INV_X2         2  8.2    18    32     928    (-,-) 
  g32411__4319/ZN             -       A1->ZN F     NAND2_X4      39 62.8    37    46     974    (-,-) 
  g32410/ZN                   -       A->ZN  R     INV_X2        10 18.6    26    46    1020    (-,-) 
  g32398__9315/ZN             -       A1->ZN F     AOI22_X1       1  1.8    16    18    1038    (-,-) 
  g32372__4319/ZN             -       A->ZN  R     OAI21_X1       1  1.4    23    23    1061    (-,-) 
  larger_mantissa_l_reg[12]/D -       -      R     DFFR_X1        1    -     -     0    1061    (-,-) 
#-----------------------------------------------------------------------------------------------------

Capture clock path:
#-----------------------------------------------------------------------------------------------------
#        Timing Point          Flags   Arc   Edge   Cell     Fanout Load Trans Delay Arrival Instance 
#                                                                   (fF)  (ps)  (ps)   (ps)  Location 
#-----------------------------------------------------------------------------------------------------
  clk                          (i)     -     R     (arrival)     68  0.0     0     0    1111    (-,-) 
  larger_mantissa_l_reg[12]/CK <<<     -     R     DFFR_X1       68    -     1     0    1111    (-,-) 
#-----------------------------------------------------------------------------------------------------



Path 33: MET (14 ps) Setup Check with Pin larger_mantissa_l_reg[17]/CK->D
           View: view_1p2_25
          Group: clock1
     Startpoint: (R) fp2_in[24]
          Clock: (R) clock1
       Endpoint: (R) larger_mantissa_l_reg[17]/D
          Clock: (R) clock1

                     Capture       Launch     
        Clock Edge:+    1111            0     
        Drv Adjust:+       0            0     
       Src Latency:+       0            0     
       Net Latency:+       0 (I)        0 (I) 
           Arrival:=    1111            0     
                                              
             Setup:-      37                  
       Uncertainty:-       0                  
     Required Time:=    1074                  
      Launch Clock:-       0                  
       Input Delay:-       1                  
         Data Path:-    1059                  
             Slack:=      14                  

Exceptions/Constraints:
  input_delay              1              add_fp16.sdc_line_16_43_1   

#-----------------------------------------------------------------------------------------------------
#        Timing Point         Flags    Arc   Edge   Cell     Fanout Load Trans Delay Arrival Instance 
#                                                                   (fF)  (ps)  (ps)   (ps)  Location 
#-----------------------------------------------------------------------------------------------------
  fp2_in[24]                  -       -      R     (arrival)      5 15.0     0     0       1    (-,-) 
  g33014/ZN                   -       A->ZN  F     INV_X4         2  5.1     2     4       5    (-,-) 
  g32961/ZN                   -       A2->ZN R     NAND2_X2       1  6.3    13    17      23    (-,-) 
  g32924/ZN                   -       A1->ZN F     NAND2_X4       4  8.2     8    14      37    (-,-) 
  g32877/ZN                   -       A1->ZN R     NAND2_X1       1  3.4    13    18      55    (-,-) 
  g32868/ZN                   -       A1->ZN F     NAND2_X2       3  6.4    10    18      73    (-,-) 
  g32856/ZN                   -       A1->ZN R     OAI22_X2       2  5.4    35    33     106    (-,-) 
  g32853/ZN                   -       A1->ZN F     NOR2_X2        1  3.5    12    11     117    (-,-) 
  g32846/ZN                   -       A2->ZN R     NOR2_X2        2  5.2    20    34     151    (-,-) 
  g32840/ZN                   -       C1->ZN F     OAI211_X2      1  6.0    23    27     178    (-,-) 
  g32839/ZN                   -       A1->ZN R     NAND2_X4       2 10.2    12    23     201    (-,-) 
  g32838/ZN                   -       A->ZN  F     INV_X2         1  5.9     6    10     211    (-,-) 
  g32837/ZN                   -       B1->ZN R     OAI21_X4      10 18.6    32    41     252    (-,-) 
  g32787/ZN                   -       B1->ZN F     OAI21_X1       1  1.8    12    19     271    (-,-) 
  g32734/ZN                   -       A1->ZN R     NAND2_X1       1  3.8    14    21     293    (-,-) 
  g32697/ZN                   -       A2->ZN R     AND2_X4       25 48.2    31    58     350    (-,-) 
  g32676/ZN                   -       A1->ZN F     NAND2_X1       2  3.6    14    23     373    (-,-) 
  g32655/ZN                   -       A->ZN  R     INV_X1         3  5.6    16    25     398    (-,-) 
  g32622/ZN                   -       A1->ZN F     NAND2_X1       3  4.9    15    22     420    (-,-) 
  g32610/ZN                   -       A1->ZN R     NOR2_X1        4  6.5    38    50     470    (-,-) 
  g32595/ZN                   -       A->ZN  F     INV_X1         1  1.7    10    10     480    (-,-) 
  g32562/ZN                   -       A1->ZN R     NOR2_X1        2  3.7    25    34     514    (-,-) 
  g32513/ZN                   -       A1->ZN F     AOI222_X1      1  1.8    25    20     534    (-,-) 
  g32507/ZN                   -       A->ZN  R     INV_X1         1  2.0    11    20     554    (-,-) 
  g32469/ZN                   -       A2->ZN F     NOR2_X1        3  5.4    16    16     569    (-,-) 
  g32460/ZN                   -       A->ZN  R     INV_X1         1  1.9     9    17     586    (-,-) 
  g32436__2346/ZN             -       A->ZN  F     OAI211_X1      1  1.8    21    26     612    (-,-) 
  g32430__4733/ZN             -       A2->ZN R     NAND2_X1       1  1.9    12    23     635    (-,-) 
  g32427__1881/ZN             -       A1->ZN F     NAND2_X1       1  1.2     7    12     647    (-,-) 
  g32424__8246/ZN             -       A1->ZN F     AND2_X1        1  1.8     6    28     675    (-,-) 
  g32420__2802/ZN             -       B1->ZN R     OAI21_X1       1  1.9    19    27     702    (-,-) 
  g32418__1617/ZN             -       A->ZN  F     OAI221_X1      1  1.7    23    33     735    (-,-) 
  g32416__6783/ZN             -       B1->ZN R     AOI21_X1       1  2.0    23    34     768    (-,-) 
  g32415/ZN                   -       A->ZN  F     INV_X1         1  1.7     7     9     778    (-,-) 
  g32414__5526/ZN             -       A1->ZN R     AOI222_X1      1  2.0    49    54     832    (-,-) 
  g32413__8428/ZN             -       B1->ZN F     OAI221_X1      3 10.7    39    64     896    (-,-) 
  g32412/ZN                   -       A->ZN  R     INV_X2         2  8.2    18    32     928    (-,-) 
  g32411__4319/ZN             -       A1->ZN F     NAND2_X4      39 62.8    37    46     974    (-,-) 
  g32410/ZN                   -       A->ZN  R     INV_X2        10 18.6    26    46    1020    (-,-) 
  g32403__7410/ZN             -       A1->ZN F     AOI22_X1       1  1.8    14    18    1038    (-,-) 
  g32377__1617/ZN             -       A->ZN  R     OAI21_X1       1  1.4    23    22    1060    (-,-) 
  larger_mantissa_l_reg[17]/D -       -      R     DFFR_X1        1    -     -     0    1060    (-,-) 
#-----------------------------------------------------------------------------------------------------

Capture clock path:
#-----------------------------------------------------------------------------------------------------
#        Timing Point          Flags   Arc   Edge   Cell     Fanout Load Trans Delay Arrival Instance 
#                                                                   (fF)  (ps)  (ps)   (ps)  Location 
#-----------------------------------------------------------------------------------------------------
  clk                          (i)     -     R     (arrival)     68  0.0     0     0    1111    (-,-) 
  larger_mantissa_l_reg[17]/CK <<<     -     R     DFFR_X1       68    -     1     0    1111    (-,-) 
#-----------------------------------------------------------------------------------------------------



Path 34: MET (14 ps) Setup Check with Pin larger_mantissa_l_reg[16]/CK->D
           View: view_1p2_25
          Group: clock1
     Startpoint: (R) fp2_in[24]
          Clock: (R) clock1
       Endpoint: (R) larger_mantissa_l_reg[16]/D
          Clock: (R) clock1

                     Capture       Launch     
        Clock Edge:+    1111            0     
        Drv Adjust:+       0            0     
       Src Latency:+       0            0     
       Net Latency:+       0 (I)        0 (I) 
           Arrival:=    1111            0     
                                              
             Setup:-      37                  
       Uncertainty:-       0                  
     Required Time:=    1074                  
      Launch Clock:-       0                  
       Input Delay:-       1                  
         Data Path:-    1059                  
             Slack:=      14                  

Exceptions/Constraints:
  input_delay              1              add_fp16.sdc_line_16_43_1   

#-----------------------------------------------------------------------------------------------------
#        Timing Point         Flags    Arc   Edge   Cell     Fanout Load Trans Delay Arrival Instance 
#                                                                   (fF)  (ps)  (ps)   (ps)  Location 
#-----------------------------------------------------------------------------------------------------
  fp2_in[24]                  -       -      R     (arrival)      5 15.0     0     0       1    (-,-) 
  g33014/ZN                   -       A->ZN  F     INV_X4         2  5.1     2     4       5    (-,-) 
  g32961/ZN                   -       A2->ZN R     NAND2_X2       1  6.3    13    17      23    (-,-) 
  g32924/ZN                   -       A1->ZN F     NAND2_X4       4  8.2     8    14      37    (-,-) 
  g32877/ZN                   -       A1->ZN R     NAND2_X1       1  3.4    13    18      55    (-,-) 
  g32868/ZN                   -       A1->ZN F     NAND2_X2       3  6.4    10    18      73    (-,-) 
  g32856/ZN                   -       A1->ZN R     OAI22_X2       2  5.4    35    33     106    (-,-) 
  g32853/ZN                   -       A1->ZN F     NOR2_X2        1  3.5    12    11     117    (-,-) 
  g32846/ZN                   -       A2->ZN R     NOR2_X2        2  5.2    20    34     151    (-,-) 
  g32840/ZN                   -       C1->ZN F     OAI211_X2      1  6.0    23    27     178    (-,-) 
  g32839/ZN                   -       A1->ZN R     NAND2_X4       2 10.2    12    23     201    (-,-) 
  g32838/ZN                   -       A->ZN  F     INV_X2         1  5.9     6    10     211    (-,-) 
  g32837/ZN                   -       B1->ZN R     OAI21_X4      10 18.6    32    41     252    (-,-) 
  g32787/ZN                   -       B1->ZN F     OAI21_X1       1  1.8    12    19     271    (-,-) 
  g32734/ZN                   -       A1->ZN R     NAND2_X1       1  3.8    14    21     293    (-,-) 
  g32697/ZN                   -       A2->ZN R     AND2_X4       25 48.2    31    58     350    (-,-) 
  g32676/ZN                   -       A1->ZN F     NAND2_X1       2  3.6    14    23     373    (-,-) 
  g32655/ZN                   -       A->ZN  R     INV_X1         3  5.6    16    25     398    (-,-) 
  g32622/ZN                   -       A1->ZN F     NAND2_X1       3  4.9    15    22     420    (-,-) 
  g32610/ZN                   -       A1->ZN R     NOR2_X1        4  6.5    38    50     470    (-,-) 
  g32595/ZN                   -       A->ZN  F     INV_X1         1  1.7    10    10     480    (-,-) 
  g32562/ZN                   -       A1->ZN R     NOR2_X1        2  3.7    25    34     514    (-,-) 
  g32513/ZN                   -       A1->ZN F     AOI222_X1      1  1.8    25    20     534    (-,-) 
  g32507/ZN                   -       A->ZN  R     INV_X1         1  2.0    11    20     554    (-,-) 
  g32469/ZN                   -       A2->ZN F     NOR2_X1        3  5.4    16    16     569    (-,-) 
  g32460/ZN                   -       A->ZN  R     INV_X1         1  1.9     9    17     586    (-,-) 
  g32436__2346/ZN             -       A->ZN  F     OAI211_X1      1  1.8    21    26     612    (-,-) 
  g32430__4733/ZN             -       A2->ZN R     NAND2_X1       1  1.9    12    23     635    (-,-) 
  g32427__1881/ZN             -       A1->ZN F     NAND2_X1       1  1.2     7    12     647    (-,-) 
  g32424__8246/ZN             -       A1->ZN F     AND2_X1        1  1.8     6    28     675    (-,-) 
  g32420__2802/ZN             -       B1->ZN R     OAI21_X1       1  1.9    19    27     702    (-,-) 
  g32418__1617/ZN             -       A->ZN  F     OAI221_X1      1  1.7    23    33     735    (-,-) 
  g32416__6783/ZN             -       B1->ZN R     AOI21_X1       1  2.0    23    34     768    (-,-) 
  g32415/ZN                   -       A->ZN  F     INV_X1         1  1.7     7     9     778    (-,-) 
  g32414__5526/ZN             -       A1->ZN R     AOI222_X1      1  2.0    49    54     832    (-,-) 
  g32413__8428/ZN             -       B1->ZN F     OAI221_X1      3 10.7    39    64     896    (-,-) 
  g32412/ZN                   -       A->ZN  R     INV_X2         2  8.2    18    32     928    (-,-) 
  g32411__4319/ZN             -       A1->ZN F     NAND2_X4      39 62.8    37    46     974    (-,-) 
  g32410/ZN                   -       A->ZN  R     INV_X2        10 18.6    26    46    1020    (-,-) 
  g32401__2346/ZN             -       A1->ZN F     AOI22_X1       1  1.8    14    18    1038    (-,-) 
  g32363__2883/ZN             -       A->ZN  R     OAI21_X1       1  1.4    23    22    1060    (-,-) 
  larger_mantissa_l_reg[16]/D -       -      R     DFFR_X1        1    -     -     0    1060    (-,-) 
#-----------------------------------------------------------------------------------------------------

Capture clock path:
#-----------------------------------------------------------------------------------------------------
#        Timing Point          Flags   Arc   Edge   Cell     Fanout Load Trans Delay Arrival Instance 
#                                                                   (fF)  (ps)  (ps)   (ps)  Location 
#-----------------------------------------------------------------------------------------------------
  clk                          (i)     -     R     (arrival)     68  0.0     0     0    1111    (-,-) 
  larger_mantissa_l_reg[16]/CK <<<     -     R     DFFR_X1       68    -     1     0    1111    (-,-) 
#-----------------------------------------------------------------------------------------------------



Path 35: MET (15 ps) Setup Check with Pin smaller_mantissa_l_reg[9]/CK->D
           View: view_1p2_25
          Group: clock1
     Startpoint: (R) fp1_in[23]
          Clock: (R) clock1
       Endpoint: (R) smaller_mantissa_l_reg[9]/D
          Clock: (R) clock1

                     Capture       Launch     
        Clock Edge:+    1111            0     
        Drv Adjust:+       0            0     
       Src Latency:+       0            0     
       Net Latency:+       0 (I)        0 (I) 
           Arrival:=    1111            0     
                                              
             Setup:-      41                  
       Uncertainty:-       0                  
     Required Time:=    1070                  
      Launch Clock:-       0                  
       Input Delay:-       1                  
         Data Path:-    1054                  
             Slack:=      15                  

Exceptions/Constraints:
  input_delay              1              add_fp16.sdc_line_16_12_1   

#-----------------------------------------------------------------------------------------------------
#        Timing Point         Flags    Arc   Edge   Cell     Fanout Load Trans Delay Arrival Instance 
#                                                                   (fF)  (ps)  (ps)   (ps)  Location 
#-----------------------------------------------------------------------------------------------------
  fp1_in[23]                  -       -      R     (arrival)      4  8.3     0     0       1    (-,-) 
  g33008/ZN                   -       A->ZN  F     INV_X2         2  6.1     4     6       7    (-,-) 
  g32974/ZN                   -       A1->ZN R     NOR2_X2        3  7.4    25    32      39    (-,-) 
  g32876/ZN                   -       A2->ZN F     NAND2_X2       1  3.2     8    16      56    (-,-) 
  g32869/ZN                   -       A1->ZN R     NAND2_X2       3  7.0    14    19      74    (-,-) 
  g32857/ZN                   -       B1->ZN F     AOI21_X2       2  4.7    10    17      91    (-,-) 
  g32852/ZN                   -       B1->ZN R     OAI21_X2       2  5.5    23    33     124    (-,-) 
  g32846/ZN                   -       A1->ZN F     NOR2_X2        2  4.7     8    12     136    (-,-) 
  g32840/ZN                   -       C1->ZN R     OAI211_X2      1  6.3    28    37     173    (-,-) 
  g32839/ZN                   -       A1->ZN F     NAND2_X4       2  9.0    11    18     191    (-,-) 
  g32838/ZN                   -       A->ZN  R     INV_X2         1  6.7    11    18     210    (-,-) 
  g32837/ZN                   -       B1->ZN F     OAI21_X4      10 17.1    21    20     230    (-,-) 
  g32800/ZN                   -       A1->ZN R     NAND2_X1       2  7.7    23    35     265    (-,-) 
  g32795/ZN                   -       A->ZN  F     INV_X4        23 40.0    14    24     289    (-,-) 
  g46964/ZN                   -       A1->ZN R     AOI22_X1       3  4.9    40    49     339    (-,-) 
  g32685/ZN                   -       A1->ZN R     OR2_X1         2  3.9    14    36     375    (-,-) 
  g32638/ZN                   -       A->ZN  F     OAI21_X1       2  3.6    33    24     399    (-,-) 
  g32591/ZN                   -       A1->ZN R     AOI22_X1       2  3.8    34    52     451    (-,-) 
  g32534/ZN                   -       A1->ZN F     OAI22_X1       2  3.5    20    28     480    (-,-) 
  g32512/ZN                   -       A1->ZN R     AOI22_X1       1  2.0    26    37     517    (-,-) 
  g32478/ZN                   -       A->ZN  F     OAI21_X1       1  1.7    14    22     539    (-,-) 
  g32474/ZN                   -       A1->ZN R     NOR2_X1        3  5.6    34    45     585    (-,-) 
  g32465/ZN                   -       A->ZN  F     INV_X1         2  3.4    11    14     599    (-,-) 
  g32435__2883/ZN             -       A1->ZN R     AOI22_X1       1  1.9    27    33     632    (-,-) 
  g32430__4733/ZN             -       A1->ZN F     NAND2_X1       1  1.8    11    17     648    (-,-) 
  g32427__1881/ZN             -       A1->ZN R     NAND2_X1       1  1.2     8    14     662    (-,-) 
  g32424__8246/ZN             -       A1->ZN R     AND2_X1        1  2.0     9    31     693    (-,-) 
  g32420__2802/ZN             -       B1->ZN F     OAI21_X1       1  1.8    13    14     707    (-,-) 
  g32418__1617/ZN             -       A->ZN  R     OAI221_X1      1  1.9    37    24     731    (-,-) 
  g32416__6783/ZN             -       B1->ZN F     AOI21_X1       1  1.8    13    20     750    (-,-) 
  g32415/ZN                   -       A->ZN  R     INV_X1         1  1.9     8    15     766    (-,-) 
  g32414__5526/ZN             -       A1->ZN F     AOI222_X1      1  1.7    19    15     780    (-,-) 
  g32413__8428/ZN             -       B1->ZN R     OAI221_X1      3 11.6    82   100     881    (-,-) 
  g32412/ZN                   -       A->ZN  F     INV_X2         2  7.6    20    17     898    (-,-) 
  g32411__4319/ZN             -       A1->ZN R     NAND2_X4      39 70.8    46    59     957    (-,-) 
  g32410/ZN                   -       A->ZN  F     INV_X2        10 17.0    18    27     984    (-,-) 
  g32360__6161/ZN             -       B1->ZN R     AOI221_X1      1  1.4    39    71    1055    (-,-) 
  smaller_mantissa_l_reg[9]/D -       -      R     DFFR_X1        1    -     -     0    1055    (-,-) 
#-----------------------------------------------------------------------------------------------------

Capture clock path:
#-----------------------------------------------------------------------------------------------------
#        Timing Point          Flags   Arc   Edge   Cell     Fanout Load Trans Delay Arrival Instance 
#                                                                   (fF)  (ps)  (ps)   (ps)  Location 
#-----------------------------------------------------------------------------------------------------
  clk                          (i)     -     R     (arrival)     68  0.0     0     0    1111    (-,-) 
  smaller_mantissa_l_reg[9]/CK <<<     -     R     DFFR_X1       68    -     1     0    1111    (-,-) 
#-----------------------------------------------------------------------------------------------------



Path 36: MET (19 ps) Setup Check with Pin sub_has_lost_sticky_l_reg/CK->D
           View: view_1p2_25
          Group: clock1
     Startpoint: (R) fp1_in[23]
          Clock: (R) clock1
       Endpoint: (R) sub_has_lost_sticky_l_reg/D
          Clock: (R) clock1

                     Capture       Launch     
        Clock Edge:+    1111            0     
        Drv Adjust:+       0            0     
       Src Latency:+       0            0     
       Net Latency:+       0 (I)        0 (I) 
           Arrival:=    1111            0     
                                              
             Setup:-      33                  
       Uncertainty:-       0                  
     Required Time:=    1078                  
      Launch Clock:-       0                  
       Input Delay:-       1                  
         Data Path:-    1058                  
             Slack:=      19                  

Exceptions/Constraints:
  input_delay              1              add_fp16.sdc_line_16_12_1   

#-----------------------------------------------------------------------------------------------------
#        Timing Point         Flags    Arc   Edge   Cell     Fanout Load Trans Delay Arrival Instance 
#                                                                   (fF)  (ps)  (ps)   (ps)  Location 
#-----------------------------------------------------------------------------------------------------
  fp1_in[23]                  -       -      R     (arrival)      4  8.3     0     0       1    (-,-) 
  g33008/ZN                   -       A->ZN  F     INV_X2         2  6.1     4     6       7    (-,-) 
  g32974/ZN                   -       A1->ZN R     NOR2_X2        3  7.4    25    32      39    (-,-) 
  g32876/ZN                   -       A2->ZN F     NAND2_X2       1  3.2     8    16      56    (-,-) 
  g32869/ZN                   -       A1->ZN R     NAND2_X2       3  7.0    14    19      74    (-,-) 
  g32857/ZN                   -       B1->ZN F     AOI21_X2       2  4.7    10    17      91    (-,-) 
  g32852/ZN                   -       B1->ZN R     OAI21_X2       2  5.5    23    33     124    (-,-) 
  g32846/ZN                   -       A1->ZN F     NOR2_X2        2  4.7     8    12     136    (-,-) 
  g32840/ZN                   -       C1->ZN R     OAI211_X2      1  6.3    28    37     173    (-,-) 
  g32839/ZN                   -       A1->ZN F     NAND2_X4       2  9.0    11    18     191    (-,-) 
  g32838/ZN                   -       A->ZN  R     INV_X2         1  6.7    11    18     210    (-,-) 
  g32837/ZN                   -       B1->ZN F     OAI21_X4      10 17.1    21    20     230    (-,-) 
  g32800/ZN                   -       A1->ZN R     NAND2_X1       2  7.7    23    35     265    (-,-) 
  g32795/ZN                   -       A->ZN  F     INV_X4        23 40.0    14    24     289    (-,-) 
  g46964/ZN                   -       A1->ZN R     AOI22_X1       3  4.9    40    49     339    (-,-) 
  g32685/ZN                   -       A1->ZN R     OR2_X1         2  3.9    14    36     375    (-,-) 
  g32638/ZN                   -       A->ZN  F     OAI21_X1       2  3.6    33    24     399    (-,-) 
  g32591/ZN                   -       A1->ZN R     AOI22_X1       2  3.8    34    52     451    (-,-) 
  g32534/ZN                   -       A1->ZN F     OAI22_X1       2  3.5    20    28     480    (-,-) 
  g32512/ZN                   -       A1->ZN R     AOI22_X1       1  2.0    26    37     517    (-,-) 
  g32478/ZN                   -       A->ZN  F     OAI21_X1       1  1.7    14    22     539    (-,-) 
  g32474/ZN                   -       A1->ZN R     NOR2_X1        3  5.6    34    45     585    (-,-) 
  g32465/ZN                   -       A->ZN  F     INV_X1         2  3.4    11    14     599    (-,-) 
  g32435__2883/ZN             -       A1->ZN R     AOI22_X1       1  1.9    27    33     632    (-,-) 
  g32430__4733/ZN             -       A1->ZN F     NAND2_X1       1  1.8    11    17     648    (-,-) 
  g32427__1881/ZN             -       A1->ZN R     NAND2_X1       1  1.2     8    14     662    (-,-) 
  g32424__8246/ZN             -       A1->ZN R     AND2_X1        1  2.0     9    31     693    (-,-) 
  g32420__2802/ZN             -       B1->ZN F     OAI21_X1       1  1.8    13    14     707    (-,-) 
  g32418__1617/ZN             -       A->ZN  R     OAI221_X1      1  1.9    37    24     731    (-,-) 
  g32416__6783/ZN             -       B1->ZN F     AOI21_X1       1  1.8    13    20     750    (-,-) 
  g32415/ZN                   -       A->ZN  R     INV_X1         1  1.9     8    15     766    (-,-) 
  g32414__5526/ZN             -       A1->ZN F     AOI222_X1      1  1.7    19    15     780    (-,-) 
  g32413__8428/ZN             -       B1->ZN R     OAI221_X1      3 11.6    82   100     881    (-,-) 
  g32409__6260/ZN             -       A1->ZN F     NAND2_X4      49 78.9    48    78     959    (-,-) 
  g32407__5107/ZN             -       A1->ZN R     NOR4_X1        1  1.9    44    66    1025    (-,-) 
  g32396__4733/ZN             -       A->ZN  F     AOI21_X1       1  1.8    15    20    1045    (-,-) 
  g32392/ZN                   -       A->ZN  R     INV_X1         1  1.4     8    15    1060    (-,-) 
  sub_has_lost_sticky_l_reg/D -       -      R     DFFR_X1        1    -     -     0    1060    (-,-) 
#-----------------------------------------------------------------------------------------------------

Capture clock path:
#-----------------------------------------------------------------------------------------------------
#        Timing Point          Flags   Arc   Edge   Cell     Fanout Load Trans Delay Arrival Instance 
#                                                                   (fF)  (ps)  (ps)   (ps)  Location 
#-----------------------------------------------------------------------------------------------------
  clk                          (i)     -     R     (arrival)     68  0.0     0     0    1111    (-,-) 
  sub_has_lost_sticky_l_reg/CK <<<     -     R     DFFR_X1       68    -     1     0    1111    (-,-) 
#-----------------------------------------------------------------------------------------------------



Path 37: MET (19 ps) Setup Check with Pin sub_has_added_sticky_l_reg/CK->D
           View: view_1p2_25
          Group: clock1
     Startpoint: (R) fp1_in[23]
          Clock: (R) clock1
       Endpoint: (R) sub_has_added_sticky_l_reg/D
          Clock: (R) clock1

                     Capture       Launch     
        Clock Edge:+    1111            0     
        Drv Adjust:+       0            0     
       Src Latency:+       0            0     
       Net Latency:+       0 (I)        0 (I) 
           Arrival:=    1111            0     
                                              
             Setup:-      33                  
       Uncertainty:-       0                  
     Required Time:=    1078                  
      Launch Clock:-       0                  
       Input Delay:-       1                  
         Data Path:-    1058                  
             Slack:=      19                  

Exceptions/Constraints:
  input_delay              1              add_fp16.sdc_line_16_12_1   

#------------------------------------------------------------------------------------------------------
#        Timing Point          Flags    Arc   Edge   Cell     Fanout Load Trans Delay Arrival Instance 
#                                                                    (fF)  (ps)  (ps)   (ps)  Location 
#------------------------------------------------------------------------------------------------------
  fp1_in[23]                   -       -      R     (arrival)      4  8.3     0     0       1    (-,-) 
  g33008/ZN                    -       A->ZN  F     INV_X2         2  6.1     4     6       7    (-,-) 
  g32974/ZN                    -       A1->ZN R     NOR2_X2        3  7.4    25    32      39    (-,-) 
  g32876/ZN                    -       A2->ZN F     NAND2_X2       1  3.2     8    16      56    (-,-) 
  g32869/ZN                    -       A1->ZN R     NAND2_X2       3  7.0    14    19      74    (-,-) 
  g32857/ZN                    -       B1->ZN F     AOI21_X2       2  4.7    10    17      91    (-,-) 
  g32852/ZN                    -       B1->ZN R     OAI21_X2       2  5.5    23    33     124    (-,-) 
  g32846/ZN                    -       A1->ZN F     NOR2_X2        2  4.7     8    12     136    (-,-) 
  g32840/ZN                    -       C1->ZN R     OAI211_X2      1  6.3    28    37     173    (-,-) 
  g32839/ZN                    -       A1->ZN F     NAND2_X4       2  9.0    11    18     191    (-,-) 
  g32838/ZN                    -       A->ZN  R     INV_X2         1  6.7    11    18     210    (-,-) 
  g32837/ZN                    -       B1->ZN F     OAI21_X4      10 17.1    21    20     230    (-,-) 
  g32800/ZN                    -       A1->ZN R     NAND2_X1       2  7.7    23    35     265    (-,-) 
  g32795/ZN                    -       A->ZN  F     INV_X4        23 40.0    14    24     289    (-,-) 
  g46964/ZN                    -       A1->ZN R     AOI22_X1       3  4.9    40    49     339    (-,-) 
  g32685/ZN                    -       A1->ZN R     OR2_X1         2  3.9    14    36     375    (-,-) 
  g32638/ZN                    -       A->ZN  F     OAI21_X1       2  3.6    33    24     399    (-,-) 
  g32591/ZN                    -       A1->ZN R     AOI22_X1       2  3.8    34    52     451    (-,-) 
  g32534/ZN                    -       A1->ZN F     OAI22_X1       2  3.5    20    28     480    (-,-) 
  g32512/ZN                    -       A1->ZN R     AOI22_X1       1  2.0    26    37     517    (-,-) 
  g32478/ZN                    -       A->ZN  F     OAI21_X1       1  1.7    14    22     539    (-,-) 
  g32474/ZN                    -       A1->ZN R     NOR2_X1        3  5.6    34    45     585    (-,-) 
  g32465/ZN                    -       A->ZN  F     INV_X1         2  3.4    11    14     599    (-,-) 
  g32435__2883/ZN              -       A1->ZN R     AOI22_X1       1  1.9    27    33     632    (-,-) 
  g32430__4733/ZN              -       A1->ZN F     NAND2_X1       1  1.8    11    17     648    (-,-) 
  g32427__1881/ZN              -       A1->ZN R     NAND2_X1       1  1.2     8    14     662    (-,-) 
  g32424__8246/ZN              -       A1->ZN R     AND2_X1        1  2.0     9    31     693    (-,-) 
  g32420__2802/ZN              -       B1->ZN F     OAI21_X1       1  1.8    13    14     707    (-,-) 
  g32418__1617/ZN              -       A->ZN  R     OAI221_X1      1  1.9    37    24     731    (-,-) 
  g32416__6783/ZN              -       B1->ZN F     AOI21_X1       1  1.8    13    20     750    (-,-) 
  g32415/ZN                    -       A->ZN  R     INV_X1         1  1.9     8    15     766    (-,-) 
  g32414__5526/ZN              -       A1->ZN F     AOI222_X1      1  1.7    19    15     780    (-,-) 
  g32413__8428/ZN              -       B1->ZN R     OAI221_X1      3 11.6    82   100     881    (-,-) 
  g32409__6260/ZN              -       A1->ZN F     NAND2_X4      49 78.9    48    78     959    (-,-) 
  g32406__2398/ZN              -       A1->ZN R     NOR4_X1        1  1.9    44    66    1025    (-,-) 
  g32395__7482/ZN              -       A->ZN  F     AOI21_X1       1  1.8    15    20    1045    (-,-) 
  g32391/ZN                    -       A->ZN  R     INV_X1         1  1.4     8    15    1060    (-,-) 
  sub_has_added_sticky_l_reg/D -       -      R     DFFR_X1        1    -     -     0    1060    (-,-) 
#------------------------------------------------------------------------------------------------------

Capture clock path:
#------------------------------------------------------------------------------------------------------
#         Timing Point          Flags   Arc   Edge   Cell     Fanout Load Trans Delay Arrival Instance 
#                                                                    (fF)  (ps)  (ps)   (ps)  Location 
#------------------------------------------------------------------------------------------------------
  clk                           (i)     -     R     (arrival)     68  0.0     0     0    1111    (-,-) 
  sub_has_added_sticky_l_reg/CK <<<     -     R     DFFR_X1       68    -     1     0    1111    (-,-) 
#------------------------------------------------------------------------------------------------------



Path 38: MET (32 ps) Late External Delay Assertion at pin fp_out[28]
           View: view_1p2_25
          Group: clock1
     Startpoint: (R) smaller_mantissa_l_reg[11]/CK
          Clock: (R) clock1
       Endpoint: (R) fp_out[28]
          Clock: (R) clock1

                     Capture       Launch     
        Clock Edge:+    1111            0     
       Src Latency:+       0            0     
       Net Latency:+       0 (I)        0 (I) 
           Arrival:=    1111            0     
                                              
      Output Delay:-       1                  
       Uncertainty:-       0                  
     Required Time:=    1110                  
      Launch Clock:-       0                  
         Data Path:-    1078                  
             Slack:=      32                  

Exceptions/Constraints:
  output_delay              1              add_fp16.sdc_line_17_69_1   

Launch clock path:
#------------------------------------------------------------------------------------------------------
#         Timing Point          Flags   Arc   Edge   Cell     Fanout Load Trans Delay Arrival Instance 
#                                                                    (fF)  (ps)  (ps)   (ps)  Location 
#------------------------------------------------------------------------------------------------------
  clk                           (i)     -     R     (arrival)     68  0.0     0     0       0    (-,-) 
  smaller_mantissa_l_reg[11]/CK <<<     -     R     DFFR_X1       68    -     1     0       0    (-,-) 
#------------------------------------------------------------------------------------------------------

#-------------------------------------------------------------------------------------------------------
#         Timing Point          Flags    Arc   Edge   Cell     Fanout Load Trans Delay Arrival Instance 
#                                                                     (fF)  (ps)  (ps)   (ps)  Location 
#-------------------------------------------------------------------------------------------------------
  smaller_mantissa_l_reg[11]/CK -       -      R     (arrival)     68    -     1     0       0    (-,-) 
  smaller_mantissa_l_reg[11]/Q  -       CK->Q  R     DFFR_X1        4  6.8    20   112     112    (-,-) 
  g46736__1705/ZN               -       A2->ZN F     NOR2_X1        2  3.6     9    16     128    (-,-) 
  g46567__2883/ZN               -       A->ZN  R     AOI21_X1       1  2.0    23    41     168    (-,-) 
  g46520__9315/ZN               -       A->ZN  F     OAI21_X1       2  4.8    15    29     198    (-,-) 
  g46958/ZN                     -       B1->ZN R     AOI222_X2      1  3.4    48    79     276    (-,-) 
  g46447__2346/ZN               -       A1->ZN F     NAND2_X2       5  8.5    19    28     305    (-,-) 
  g46433__5122/ZN               -       A1->ZN R     NAND2_X1       1  1.9    10    20     324    (-,-) 
  g46413__7410/ZN               -       A1->ZN F     NAND2_X1       2  3.5    10    17     341    (-,-) 
  g46345__7410/ZN               -       B1->ZN R     OAI21_X1       1  4.6    32    42     383    (-,-) 
  g46906/Z                      -       A->Z   R     XOR2_X2       12 21.3    64    98     481    (-,-) 
  g46270__9945/ZN               -       A1->ZN F     NAND3_X1       1  1.7    21    28     510    (-,-) 
  g46218__3680/ZN               -       A1->ZN R     NOR2_X1        1  2.0    18    30     540    (-,-) 
  g46198__7482/ZN               -       A1->ZN R     AND2_X2        2  3.7     9    33     573    (-,-) 
  g46932/ZN                     -       A2->ZN R     AND4_X2        3  5.5    15    55     628    (-,-) 
  g46041__2883/ZN               -       A1->ZN F     NAND2_X1       2  4.7    13    21     649    (-,-) 
  g46014/ZN                     -       A->ZN  R     INV_X1         3  5.5    15    24     673    (-,-) 
  g45979__7410/ZN               -       A1->ZN F     NAND2_X1       3  5.0    17    22     695    (-,-) 
  g45951/ZN                     -       A->ZN  R     INV_X1         5  9.0    23    35     730    (-,-) 
  g45845__7482/ZN               -       B1->ZN F     AOI22_X1       1  1.9    17    24     754    (-,-) 
  g45812__7098/ZN               -       A1->ZN R     NAND3_X1       1  1.9    13    20     774    (-,-) 
  g45794__1666/ZN               -       A->ZN  F     AOI21_X1       1  3.2    13    16     790    (-,-) 
  g45782__5115/ZN               -       A1->ZN R     NAND3_X2       2  4.0    13    19     810    (-,-) 
  g45755__7410/ZN               -       A3->ZN R     AND4_X1        1  3.3    16    63     873    (-,-) 
  g45750__9945/ZN               -       A1->ZN F     NAND3_X2       2  5.5    14    24     896    (-,-) 
  g45740__1881/ZN               -       A1->ZN R     NAND2_X2       2  4.6    13    18     915    (-,-) 
  g45734__1705/ZN               -       A1->ZN R     AND2_X4        2  5.3     8    29     944    (-,-) 
  g45728__5526/ZN               -       A1->ZN F     NAND2_X2       3  6.3    10    15     959    (-,-) 
  g45709__9315/ZN               -       A1->ZN R     NOR2_X2        2  5.3    21    29     988    (-,-) 
  g45703__7482/ZN               -       A1->ZN F     NAND2_X2       3  5.8    11    19    1007    (-,-) 
  g46890__4733/Z                -       A->Z   F     XOR2_X1        1  1.8    11    51    1058    (-,-) 
  g45680__2398/ZN               -       B1->ZN R     OAI21_X1       1  0.3    14    20    1078    (-,-) 
  fp_out[28]                    -       -      R     (port)         -    -     -     0    1078    (-,-) 
#-------------------------------------------------------------------------------------------------------



Path 39: MET (41 ps) Setup Check with Pin smaller_mantissa_l_reg[11]/CK->D
           View: view_1p2_25
          Group: clock1
     Startpoint: (R) fp2_in[24]
          Clock: (R) clock1
       Endpoint: (R) smaller_mantissa_l_reg[11]/D
          Clock: (R) clock1

                     Capture       Launch     
        Clock Edge:+    1111            0     
        Drv Adjust:+       0            0     
       Src Latency:+       0            0     
       Net Latency:+       0 (I)        0 (I) 
           Arrival:=    1111            0     
                                              
             Setup:-      43                  
       Uncertainty:-       0                  
     Required Time:=    1068                  
      Launch Clock:-       0                  
       Input Delay:-       1                  
         Data Path:-    1026                  
             Slack:=      41                  

Exceptions/Constraints:
  input_delay              1              add_fp16.sdc_line_16_43_1   

#------------------------------------------------------------------------------------------------------
#        Timing Point          Flags    Arc   Edge   Cell     Fanout Load Trans Delay Arrival Instance 
#                                                                    (fF)  (ps)  (ps)   (ps)  Location 
#------------------------------------------------------------------------------------------------------
  fp2_in[24]                   -       -      R     (arrival)      5 15.0     0     0       1    (-,-) 
  g33014/ZN                    -       A->ZN  F     INV_X4         2  5.1     2     4       5    (-,-) 
  g32961/ZN                    -       A2->ZN R     NAND2_X2       1  6.3    13    17      23    (-,-) 
  g32924/ZN                    -       A1->ZN F     NAND2_X4       4  8.2     8    14      37    (-,-) 
  g32877/ZN                    -       A1->ZN R     NAND2_X1       1  3.4    13    18      55    (-,-) 
  g32868/ZN                    -       A1->ZN F     NAND2_X2       3  6.4    10    18      73    (-,-) 
  g32856/ZN                    -       A1->ZN R     OAI22_X2       2  5.4    35    33     106    (-,-) 
  g32853/ZN                    -       A1->ZN F     NOR2_X2        1  3.5    12    11     117    (-,-) 
  g32846/ZN                    -       A2->ZN R     NOR2_X2        2  5.2    20    34     151    (-,-) 
  g32840/ZN                    -       C1->ZN F     OAI211_X2      1  6.0    23    27     178    (-,-) 
  g32839/ZN                    -       A1->ZN R     NAND2_X4       2 10.2    12    23     201    (-,-) 
  g32838/ZN                    -       A->ZN  F     INV_X2         1  5.9     6    10     211    (-,-) 
  g32837/ZN                    -       B1->ZN R     OAI21_X4      10 18.6    32    41     252    (-,-) 
  g32787/ZN                    -       B1->ZN F     OAI21_X1       1  1.8    12    19     271    (-,-) 
  g32734/ZN                    -       A1->ZN R     NAND2_X1       1  3.8    14    21     293    (-,-) 
  g32697/ZN                    -       A2->ZN R     AND2_X4       25 48.2    31    58     350    (-,-) 
  g32676/ZN                    -       A1->ZN F     NAND2_X1       2  3.6    14    23     373    (-,-) 
  g32655/ZN                    -       A->ZN  R     INV_X1         3  5.6    16    25     398    (-,-) 
  g32622/ZN                    -       A1->ZN F     NAND2_X1       3  4.9    15    22     420    (-,-) 
  g32610/ZN                    -       A1->ZN R     NOR2_X1        4  6.5    38    50     470    (-,-) 
  g32595/ZN                    -       A->ZN  F     INV_X1         1  1.7    10    10     480    (-,-) 
  g32562/ZN                    -       A1->ZN R     NOR2_X1        2  3.7    25    34     514    (-,-) 
  g32513/ZN                    -       A1->ZN F     AOI222_X1      1  1.8    25    20     534    (-,-) 
  g32507/ZN                    -       A->ZN  R     INV_X1         1  2.0    11    20     554    (-,-) 
  g32469/ZN                    -       A2->ZN F     NOR2_X1        3  5.4    16    16     569    (-,-) 
  g32460/ZN                    -       A->ZN  R     INV_X1         1  1.9     9    17     586    (-,-) 
  g32436__2346/ZN              -       A->ZN  F     OAI211_X1      1  1.8    21    26     612    (-,-) 
  g32430__4733/ZN              -       A2->ZN R     NAND2_X1       1  1.9    12    23     635    (-,-) 
  g32427__1881/ZN              -       A1->ZN F     NAND2_X1       1  1.2     7    12     647    (-,-) 
  g32424__8246/ZN              -       A1->ZN F     AND2_X1        1  1.8     6    28     675    (-,-) 
  g32420__2802/ZN              -       B1->ZN R     OAI21_X1       1  1.9    19    27     702    (-,-) 
  g32418__1617/ZN              -       A->ZN  F     OAI221_X1      1  1.7    23    33     735    (-,-) 
  g32416__6783/ZN              -       B1->ZN R     AOI21_X1       1  2.0    23    34     768    (-,-) 
  g32415/ZN                    -       A->ZN  F     INV_X1         1  1.7     7     9     778    (-,-) 
  g32414__5526/ZN              -       A1->ZN R     AOI222_X1      1  2.0    49    54     832    (-,-) 
  g32413__8428/ZN              -       B1->ZN F     OAI221_X1      3 10.7    39    64     896    (-,-) 
  g32412/ZN                    -       A->ZN  R     INV_X2         2  8.2    18    32     928    (-,-) 
  g32411__4319/ZN              -       A1->ZN F     NAND2_X4      39 62.8    37    46     974    (-,-) 
  g32350__2802/ZN              -       B1->ZN R     OAI222_X1      1  1.4    45    53    1027    (-,-) 
  smaller_mantissa_l_reg[11]/D -       -      R     DFFR_X1        1    -     -     0    1027    (-,-) 
#------------------------------------------------------------------------------------------------------

Capture clock path:
#------------------------------------------------------------------------------------------------------
#         Timing Point          Flags   Arc   Edge   Cell     Fanout Load Trans Delay Arrival Instance 
#                                                                    (fF)  (ps)  (ps)   (ps)  Location 
#------------------------------------------------------------------------------------------------------
  clk                           (i)     -     R     (arrival)     68  0.0     0     0    1111    (-,-) 
  smaller_mantissa_l_reg[11]/CK <<<     -     R     DFFR_X1       68    -     1     0    1111    (-,-) 
#------------------------------------------------------------------------------------------------------



Path 40: MET (41 ps) Setup Check with Pin smaller_mantissa_l_reg[10]/CK->D
           View: view_1p2_25
          Group: clock1
     Startpoint: (R) fp2_in[24]
          Clock: (R) clock1
       Endpoint: (R) smaller_mantissa_l_reg[10]/D
          Clock: (R) clock1

                     Capture       Launch     
        Clock Edge:+    1111            0     
        Drv Adjust:+       0            0     
       Src Latency:+       0            0     
       Net Latency:+       0 (I)        0 (I) 
           Arrival:=    1111            0     
                                              
             Setup:-      43                  
       Uncertainty:-       0                  
     Required Time:=    1068                  
      Launch Clock:-       0                  
       Input Delay:-       1                  
         Data Path:-    1026                  
             Slack:=      41                  

Exceptions/Constraints:
  input_delay              1              add_fp16.sdc_line_16_43_1   

#------------------------------------------------------------------------------------------------------
#        Timing Point          Flags    Arc   Edge   Cell     Fanout Load Trans Delay Arrival Instance 
#                                                                    (fF)  (ps)  (ps)   (ps)  Location 
#------------------------------------------------------------------------------------------------------
  fp2_in[24]                   -       -      R     (arrival)      5 15.0     0     0       1    (-,-) 
  g33014/ZN                    -       A->ZN  F     INV_X4         2  5.1     2     4       5    (-,-) 
  g32961/ZN                    -       A2->ZN R     NAND2_X2       1  6.3    13    17      23    (-,-) 
  g32924/ZN                    -       A1->ZN F     NAND2_X4       4  8.2     8    14      37    (-,-) 
  g32877/ZN                    -       A1->ZN R     NAND2_X1       1  3.4    13    18      55    (-,-) 
  g32868/ZN                    -       A1->ZN F     NAND2_X2       3  6.4    10    18      73    (-,-) 
  g32856/ZN                    -       A1->ZN R     OAI22_X2       2  5.4    35    33     106    (-,-) 
  g32853/ZN                    -       A1->ZN F     NOR2_X2        1  3.5    12    11     117    (-,-) 
  g32846/ZN                    -       A2->ZN R     NOR2_X2        2  5.2    20    34     151    (-,-) 
  g32840/ZN                    -       C1->ZN F     OAI211_X2      1  6.0    23    27     178    (-,-) 
  g32839/ZN                    -       A1->ZN R     NAND2_X4       2 10.2    12    23     201    (-,-) 
  g32838/ZN                    -       A->ZN  F     INV_X2         1  5.9     6    10     211    (-,-) 
  g32837/ZN                    -       B1->ZN R     OAI21_X4      10 18.6    32    41     252    (-,-) 
  g32787/ZN                    -       B1->ZN F     OAI21_X1       1  1.8    12    19     271    (-,-) 
  g32734/ZN                    -       A1->ZN R     NAND2_X1       1  3.8    14    21     293    (-,-) 
  g32697/ZN                    -       A2->ZN R     AND2_X4       25 48.2    31    58     350    (-,-) 
  g32676/ZN                    -       A1->ZN F     NAND2_X1       2  3.6    14    23     373    (-,-) 
  g32655/ZN                    -       A->ZN  R     INV_X1         3  5.6    16    25     398    (-,-) 
  g32622/ZN                    -       A1->ZN F     NAND2_X1       3  4.9    15    22     420    (-,-) 
  g32610/ZN                    -       A1->ZN R     NOR2_X1        4  6.5    38    50     470    (-,-) 
  g32595/ZN                    -       A->ZN  F     INV_X1         1  1.7    10    10     480    (-,-) 
  g32562/ZN                    -       A1->ZN R     NOR2_X1        2  3.7    25    34     514    (-,-) 
  g32513/ZN                    -       A1->ZN F     AOI222_X1      1  1.8    25    20     534    (-,-) 
  g32507/ZN                    -       A->ZN  R     INV_X1         1  2.0    11    20     554    (-,-) 
  g32469/ZN                    -       A2->ZN F     NOR2_X1        3  5.4    16    16     569    (-,-) 
  g32460/ZN                    -       A->ZN  R     INV_X1         1  1.9     9    17     586    (-,-) 
  g32436__2346/ZN              -       A->ZN  F     OAI211_X1      1  1.8    21    26     612    (-,-) 
  g32430__4733/ZN              -       A2->ZN R     NAND2_X1       1  1.9    12    23     635    (-,-) 
  g32427__1881/ZN              -       A1->ZN F     NAND2_X1       1  1.2     7    12     647    (-,-) 
  g32424__8246/ZN              -       A1->ZN F     AND2_X1        1  1.8     6    28     675    (-,-) 
  g32420__2802/ZN              -       B1->ZN R     OAI21_X1       1  1.9    19    27     702    (-,-) 
  g32418__1617/ZN              -       A->ZN  F     OAI221_X1      1  1.7    23    33     735    (-,-) 
  g32416__6783/ZN              -       B1->ZN R     AOI21_X1       1  2.0    23    34     768    (-,-) 
  g32415/ZN                    -       A->ZN  F     INV_X1         1  1.7     7     9     778    (-,-) 
  g32414__5526/ZN              -       A1->ZN R     AOI222_X1      1  2.0    49    54     832    (-,-) 
  g32413__8428/ZN              -       B1->ZN F     OAI221_X1      3 10.7    39    64     896    (-,-) 
  g32412/ZN                    -       A->ZN  R     INV_X2         2  8.2    18    32     928    (-,-) 
  g32411__4319/ZN              -       A1->ZN F     NAND2_X4      39 62.8    37    46     974    (-,-) 
  g32348__3680/ZN              -       B1->ZN R     OAI222_X1      1  1.4    45    53    1027    (-,-) 
  smaller_mantissa_l_reg[10]/D -       -      R     DFFR_X1        1    -     -     0    1027    (-,-) 
#------------------------------------------------------------------------------------------------------

Capture clock path:
#------------------------------------------------------------------------------------------------------
#         Timing Point          Flags   Arc   Edge   Cell     Fanout Load Trans Delay Arrival Instance 
#                                                                    (fF)  (ps)  (ps)   (ps)  Location 
#------------------------------------------------------------------------------------------------------
  clk                           (i)     -     R     (arrival)     68  0.0     0     0    1111    (-,-) 
  smaller_mantissa_l_reg[10]/CK <<<     -     R     DFFR_X1       68    -     1     0    1111    (-,-) 
#------------------------------------------------------------------------------------------------------



Path 41: MET (41 ps) Setup Check with Pin smaller_mantissa_l_reg[5]/CK->D
           View: view_1p2_25
          Group: clock1
     Startpoint: (R) fp2_in[24]
          Clock: (R) clock1
       Endpoint: (R) smaller_mantissa_l_reg[5]/D
          Clock: (R) clock1

                     Capture       Launch     
        Clock Edge:+    1111            0     
        Drv Adjust:+       0            0     
       Src Latency:+       0            0     
       Net Latency:+       0 (I)        0 (I) 
           Arrival:=    1111            0     
                                              
             Setup:-      43                  
       Uncertainty:-       0                  
     Required Time:=    1068                  
      Launch Clock:-       0                  
       Input Delay:-       1                  
         Data Path:-    1026                  
             Slack:=      41                  

Exceptions/Constraints:
  input_delay              1              add_fp16.sdc_line_16_43_1   

#-----------------------------------------------------------------------------------------------------
#        Timing Point         Flags    Arc   Edge   Cell     Fanout Load Trans Delay Arrival Instance 
#                                                                   (fF)  (ps)  (ps)   (ps)  Location 
#-----------------------------------------------------------------------------------------------------
  fp2_in[24]                  -       -      R     (arrival)      5 15.0     0     0       1    (-,-) 
  g33014/ZN                   -       A->ZN  F     INV_X4         2  5.1     2     4       5    (-,-) 
  g32961/ZN                   -       A2->ZN R     NAND2_X2       1  6.3    13    17      23    (-,-) 
  g32924/ZN                   -       A1->ZN F     NAND2_X4       4  8.2     8    14      37    (-,-) 
  g32877/ZN                   -       A1->ZN R     NAND2_X1       1  3.4    13    18      55    (-,-) 
  g32868/ZN                   -       A1->ZN F     NAND2_X2       3  6.4    10    18      73    (-,-) 
  g32856/ZN                   -       A1->ZN R     OAI22_X2       2  5.4    35    33     106    (-,-) 
  g32853/ZN                   -       A1->ZN F     NOR2_X2        1  3.5    12    11     117    (-,-) 
  g32846/ZN                   -       A2->ZN R     NOR2_X2        2  5.2    20    34     151    (-,-) 
  g32840/ZN                   -       C1->ZN F     OAI211_X2      1  6.0    23    27     178    (-,-) 
  g32839/ZN                   -       A1->ZN R     NAND2_X4       2 10.2    12    23     201    (-,-) 
  g32838/ZN                   -       A->ZN  F     INV_X2         1  5.9     6    10     211    (-,-) 
  g32837/ZN                   -       B1->ZN R     OAI21_X4      10 18.6    32    41     252    (-,-) 
  g32787/ZN                   -       B1->ZN F     OAI21_X1       1  1.8    12    19     271    (-,-) 
  g32734/ZN                   -       A1->ZN R     NAND2_X1       1  3.8    14    21     293    (-,-) 
  g32697/ZN                   -       A2->ZN R     AND2_X4       25 48.2    31    58     350    (-,-) 
  g32676/ZN                   -       A1->ZN F     NAND2_X1       2  3.6    14    23     373    (-,-) 
  g32655/ZN                   -       A->ZN  R     INV_X1         3  5.6    16    25     398    (-,-) 
  g32622/ZN                   -       A1->ZN F     NAND2_X1       3  4.9    15    22     420    (-,-) 
  g32610/ZN                   -       A1->ZN R     NOR2_X1        4  6.5    38    50     470    (-,-) 
  g32595/ZN                   -       A->ZN  F     INV_X1         1  1.7    10    10     480    (-,-) 
  g32562/ZN                   -       A1->ZN R     NOR2_X1        2  3.7    25    34     514    (-,-) 
  g32513/ZN                   -       A1->ZN F     AOI222_X1      1  1.8    25    20     534    (-,-) 
  g32507/ZN                   -       A->ZN  R     INV_X1         1  2.0    11    20     554    (-,-) 
  g32469/ZN                   -       A2->ZN F     NOR2_X1        3  5.4    16    16     569    (-,-) 
  g32460/ZN                   -       A->ZN  R     INV_X1         1  1.9     9    17     586    (-,-) 
  g32436__2346/ZN             -       A->ZN  F     OAI211_X1      1  1.8    21    26     612    (-,-) 
  g32430__4733/ZN             -       A2->ZN R     NAND2_X1       1  1.9    12    23     635    (-,-) 
  g32427__1881/ZN             -       A1->ZN F     NAND2_X1       1  1.2     7    12     647    (-,-) 
  g32424__8246/ZN             -       A1->ZN F     AND2_X1        1  1.8     6    28     675    (-,-) 
  g32420__2802/ZN             -       B1->ZN R     OAI21_X1       1  1.9    19    27     702    (-,-) 
  g32418__1617/ZN             -       A->ZN  F     OAI221_X1      1  1.7    23    33     735    (-,-) 
  g32416__6783/ZN             -       B1->ZN R     AOI21_X1       1  2.0    23    34     768    (-,-) 
  g32415/ZN                   -       A->ZN  F     INV_X1         1  1.7     7     9     778    (-,-) 
  g32414__5526/ZN             -       A1->ZN R     AOI222_X1      1  2.0    49    54     832    (-,-) 
  g32413__8428/ZN             -       B1->ZN F     OAI221_X1      3 10.7    39    64     896    (-,-) 
  g32412/ZN                   -       A->ZN  R     INV_X2         2  8.2    18    32     928    (-,-) 
  g32411__4319/ZN             -       A1->ZN F     NAND2_X4      39 62.8    37    46     974    (-,-) 
  g32359__4733/ZN             -       B1->ZN R     OAI222_X1      1  1.4    45    53    1027    (-,-) 
  smaller_mantissa_l_reg[5]/D -       -      R     DFFR_X1        1    -     -     0    1027    (-,-) 
#-----------------------------------------------------------------------------------------------------

Capture clock path:
#-----------------------------------------------------------------------------------------------------
#        Timing Point          Flags   Arc   Edge   Cell     Fanout Load Trans Delay Arrival Instance 
#                                                                   (fF)  (ps)  (ps)   (ps)  Location 
#-----------------------------------------------------------------------------------------------------
  clk                          (i)     -     R     (arrival)     68  0.0     0     0    1111    (-,-) 
  smaller_mantissa_l_reg[5]/CK <<<     -     R     DFFR_X1       68    -     1     0    1111    (-,-) 
#-----------------------------------------------------------------------------------------------------



Path 42: MET (41 ps) Setup Check with Pin smaller_mantissa_l_reg[4]/CK->D
           View: view_1p2_25
          Group: clock1
     Startpoint: (R) fp2_in[24]
          Clock: (R) clock1
       Endpoint: (R) smaller_mantissa_l_reg[4]/D
          Clock: (R) clock1

                     Capture       Launch     
        Clock Edge:+    1111            0     
        Drv Adjust:+       0            0     
       Src Latency:+       0            0     
       Net Latency:+       0 (I)        0 (I) 
           Arrival:=    1111            0     
                                              
             Setup:-      43                  
       Uncertainty:-       0                  
     Required Time:=    1068                  
      Launch Clock:-       0                  
       Input Delay:-       1                  
         Data Path:-    1026                  
             Slack:=      41                  

Exceptions/Constraints:
  input_delay              1              add_fp16.sdc_line_16_43_1   

#-----------------------------------------------------------------------------------------------------
#        Timing Point         Flags    Arc   Edge   Cell     Fanout Load Trans Delay Arrival Instance 
#                                                                   (fF)  (ps)  (ps)   (ps)  Location 
#-----------------------------------------------------------------------------------------------------
  fp2_in[24]                  -       -      R     (arrival)      5 15.0     0     0       1    (-,-) 
  g33014/ZN                   -       A->ZN  F     INV_X4         2  5.1     2     4       5    (-,-) 
  g32961/ZN                   -       A2->ZN R     NAND2_X2       1  6.3    13    17      23    (-,-) 
  g32924/ZN                   -       A1->ZN F     NAND2_X4       4  8.2     8    14      37    (-,-) 
  g32877/ZN                   -       A1->ZN R     NAND2_X1       1  3.4    13    18      55    (-,-) 
  g32868/ZN                   -       A1->ZN F     NAND2_X2       3  6.4    10    18      73    (-,-) 
  g32856/ZN                   -       A1->ZN R     OAI22_X2       2  5.4    35    33     106    (-,-) 
  g32853/ZN                   -       A1->ZN F     NOR2_X2        1  3.5    12    11     117    (-,-) 
  g32846/ZN                   -       A2->ZN R     NOR2_X2        2  5.2    20    34     151    (-,-) 
  g32840/ZN                   -       C1->ZN F     OAI211_X2      1  6.0    23    27     178    (-,-) 
  g32839/ZN                   -       A1->ZN R     NAND2_X4       2 10.2    12    23     201    (-,-) 
  g32838/ZN                   -       A->ZN  F     INV_X2         1  5.9     6    10     211    (-,-) 
  g32837/ZN                   -       B1->ZN R     OAI21_X4      10 18.6    32    41     252    (-,-) 
  g32787/ZN                   -       B1->ZN F     OAI21_X1       1  1.8    12    19     271    (-,-) 
  g32734/ZN                   -       A1->ZN R     NAND2_X1       1  3.8    14    21     293    (-,-) 
  g32697/ZN                   -       A2->ZN R     AND2_X4       25 48.2    31    58     350    (-,-) 
  g32676/ZN                   -       A1->ZN F     NAND2_X1       2  3.6    14    23     373    (-,-) 
  g32655/ZN                   -       A->ZN  R     INV_X1         3  5.6    16    25     398    (-,-) 
  g32622/ZN                   -       A1->ZN F     NAND2_X1       3  4.9    15    22     420    (-,-) 
  g32610/ZN                   -       A1->ZN R     NOR2_X1        4  6.5    38    50     470    (-,-) 
  g32595/ZN                   -       A->ZN  F     INV_X1         1  1.7    10    10     480    (-,-) 
  g32562/ZN                   -       A1->ZN R     NOR2_X1        2  3.7    25    34     514    (-,-) 
  g32513/ZN                   -       A1->ZN F     AOI222_X1      1  1.8    25    20     534    (-,-) 
  g32507/ZN                   -       A->ZN  R     INV_X1         1  2.0    11    20     554    (-,-) 
  g32469/ZN                   -       A2->ZN F     NOR2_X1        3  5.4    16    16     569    (-,-) 
  g32460/ZN                   -       A->ZN  R     INV_X1         1  1.9     9    17     586    (-,-) 
  g32436__2346/ZN             -       A->ZN  F     OAI211_X1      1  1.8    21    26     612    (-,-) 
  g32430__4733/ZN             -       A2->ZN R     NAND2_X1       1  1.9    12    23     635    (-,-) 
  g32427__1881/ZN             -       A1->ZN F     NAND2_X1       1  1.2     7    12     647    (-,-) 
  g32424__8246/ZN             -       A1->ZN F     AND2_X1        1  1.8     6    28     675    (-,-) 
  g32420__2802/ZN             -       B1->ZN R     OAI21_X1       1  1.9    19    27     702    (-,-) 
  g32418__1617/ZN             -       A->ZN  F     OAI221_X1      1  1.7    23    33     735    (-,-) 
  g32416__6783/ZN             -       B1->ZN R     AOI21_X1       1  2.0    23    34     768    (-,-) 
  g32415/ZN                   -       A->ZN  F     INV_X1         1  1.7     7     9     778    (-,-) 
  g32414__5526/ZN             -       A1->ZN R     AOI222_X1      1  2.0    49    54     832    (-,-) 
  g32413__8428/ZN             -       B1->ZN F     OAI221_X1      3 10.7    39    64     896    (-,-) 
  g32412/ZN                   -       A->ZN  R     INV_X2         2  8.2    18    32     928    (-,-) 
  g32411__4319/ZN             -       A1->ZN F     NAND2_X4      39 62.8    37    46     974    (-,-) 
  g32358__7482/ZN             -       B1->ZN R     OAI222_X1      1  1.4    45    53    1027    (-,-) 
  smaller_mantissa_l_reg[4]/D -       -      R     DFFR_X1        1    -     -     0    1027    (-,-) 
#-----------------------------------------------------------------------------------------------------

Capture clock path:
#-----------------------------------------------------------------------------------------------------
#        Timing Point          Flags   Arc   Edge   Cell     Fanout Load Trans Delay Arrival Instance 
#                                                                   (fF)  (ps)  (ps)   (ps)  Location 
#-----------------------------------------------------------------------------------------------------
  clk                          (i)     -     R     (arrival)     68  0.0     0     0    1111    (-,-) 
  smaller_mantissa_l_reg[4]/CK <<<     -     R     DFFR_X1       68    -     1     0    1111    (-,-) 
#-----------------------------------------------------------------------------------------------------



Path 43: MET (41 ps) Setup Check with Pin smaller_mantissa_l_reg[3]/CK->D
           View: view_1p2_25
          Group: clock1
     Startpoint: (R) fp2_in[24]
          Clock: (R) clock1
       Endpoint: (R) smaller_mantissa_l_reg[3]/D
          Clock: (R) clock1

                     Capture       Launch     
        Clock Edge:+    1111            0     
        Drv Adjust:+       0            0     
       Src Latency:+       0            0     
       Net Latency:+       0 (I)        0 (I) 
           Arrival:=    1111            0     
                                              
             Setup:-      43                  
       Uncertainty:-       0                  
     Required Time:=    1068                  
      Launch Clock:-       0                  
       Input Delay:-       1                  
         Data Path:-    1026                  
             Slack:=      41                  

Exceptions/Constraints:
  input_delay              1              add_fp16.sdc_line_16_43_1   

#-----------------------------------------------------------------------------------------------------
#        Timing Point         Flags    Arc   Edge   Cell     Fanout Load Trans Delay Arrival Instance 
#                                                                   (fF)  (ps)  (ps)   (ps)  Location 
#-----------------------------------------------------------------------------------------------------
  fp2_in[24]                  -       -      R     (arrival)      5 15.0     0     0       1    (-,-) 
  g33014/ZN                   -       A->ZN  F     INV_X4         2  5.1     2     4       5    (-,-) 
  g32961/ZN                   -       A2->ZN R     NAND2_X2       1  6.3    13    17      23    (-,-) 
  g32924/ZN                   -       A1->ZN F     NAND2_X4       4  8.2     8    14      37    (-,-) 
  g32877/ZN                   -       A1->ZN R     NAND2_X1       1  3.4    13    18      55    (-,-) 
  g32868/ZN                   -       A1->ZN F     NAND2_X2       3  6.4    10    18      73    (-,-) 
  g32856/ZN                   -       A1->ZN R     OAI22_X2       2  5.4    35    33     106    (-,-) 
  g32853/ZN                   -       A1->ZN F     NOR2_X2        1  3.5    12    11     117    (-,-) 
  g32846/ZN                   -       A2->ZN R     NOR2_X2        2  5.2    20    34     151    (-,-) 
  g32840/ZN                   -       C1->ZN F     OAI211_X2      1  6.0    23    27     178    (-,-) 
  g32839/ZN                   -       A1->ZN R     NAND2_X4       2 10.2    12    23     201    (-,-) 
  g32838/ZN                   -       A->ZN  F     INV_X2         1  5.9     6    10     211    (-,-) 
  g32837/ZN                   -       B1->ZN R     OAI21_X4      10 18.6    32    41     252    (-,-) 
  g32787/ZN                   -       B1->ZN F     OAI21_X1       1  1.8    12    19     271    (-,-) 
  g32734/ZN                   -       A1->ZN R     NAND2_X1       1  3.8    14    21     293    (-,-) 
  g32697/ZN                   -       A2->ZN R     AND2_X4       25 48.2    31    58     350    (-,-) 
  g32676/ZN                   -       A1->ZN F     NAND2_X1       2  3.6    14    23     373    (-,-) 
  g32655/ZN                   -       A->ZN  R     INV_X1         3  5.6    16    25     398    (-,-) 
  g32622/ZN                   -       A1->ZN F     NAND2_X1       3  4.9    15    22     420    (-,-) 
  g32610/ZN                   -       A1->ZN R     NOR2_X1        4  6.5    38    50     470    (-,-) 
  g32595/ZN                   -       A->ZN  F     INV_X1         1  1.7    10    10     480    (-,-) 
  g32562/ZN                   -       A1->ZN R     NOR2_X1        2  3.7    25    34     514    (-,-) 
  g32513/ZN                   -       A1->ZN F     AOI222_X1      1  1.8    25    20     534    (-,-) 
  g32507/ZN                   -       A->ZN  R     INV_X1         1  2.0    11    20     554    (-,-) 
  g32469/ZN                   -       A2->ZN F     NOR2_X1        3  5.4    16    16     569    (-,-) 
  g32460/ZN                   -       A->ZN  R     INV_X1         1  1.9     9    17     586    (-,-) 
  g32436__2346/ZN             -       A->ZN  F     OAI211_X1      1  1.8    21    26     612    (-,-) 
  g32430__4733/ZN             -       A2->ZN R     NAND2_X1       1  1.9    12    23     635    (-,-) 
  g32427__1881/ZN             -       A1->ZN F     NAND2_X1       1  1.2     7    12     647    (-,-) 
  g32424__8246/ZN             -       A1->ZN F     AND2_X1        1  1.8     6    28     675    (-,-) 
  g32420__2802/ZN             -       B1->ZN R     OAI21_X1       1  1.9    19    27     702    (-,-) 
  g32418__1617/ZN             -       A->ZN  F     OAI221_X1      1  1.7    23    33     735    (-,-) 
  g32416__6783/ZN             -       B1->ZN R     AOI21_X1       1  2.0    23    34     768    (-,-) 
  g32415/ZN                   -       A->ZN  F     INV_X1         1  1.7     7     9     778    (-,-) 
  g32414__5526/ZN             -       A1->ZN R     AOI222_X1      1  2.0    49    54     832    (-,-) 
  g32413__8428/ZN             -       B1->ZN F     OAI221_X1      3 10.7    39    64     896    (-,-) 
  g32412/ZN                   -       A->ZN  R     INV_X2         2  8.2    18    32     928    (-,-) 
  g32411__4319/ZN             -       A1->ZN F     NAND2_X4      39 62.8    37    46     974    (-,-) 
  g32344__4319/ZN             -       B1->ZN R     OAI222_X1      1  1.4    45    53    1027    (-,-) 
  smaller_mantissa_l_reg[3]/D -       -      R     DFFR_X1        1    -     -     0    1027    (-,-) 
#-----------------------------------------------------------------------------------------------------

Capture clock path:
#-----------------------------------------------------------------------------------------------------
#        Timing Point          Flags   Arc   Edge   Cell     Fanout Load Trans Delay Arrival Instance 
#                                                                   (fF)  (ps)  (ps)   (ps)  Location 
#-----------------------------------------------------------------------------------------------------
  clk                          (i)     -     R     (arrival)     68  0.0     0     0    1111    (-,-) 
  smaller_mantissa_l_reg[3]/CK <<<     -     R     DFFR_X1       68    -     1     0    1111    (-,-) 
#-----------------------------------------------------------------------------------------------------



Path 44: MET (41 ps) Setup Check with Pin smaller_mantissa_l_reg[2]/CK->D
           View: view_1p2_25
          Group: clock1
     Startpoint: (R) fp2_in[24]
          Clock: (R) clock1
       Endpoint: (R) smaller_mantissa_l_reg[2]/D
          Clock: (R) clock1

                     Capture       Launch     
        Clock Edge:+    1111            0     
        Drv Adjust:+       0            0     
       Src Latency:+       0            0     
       Net Latency:+       0 (I)        0 (I) 
           Arrival:=    1111            0     
                                              
             Setup:-      43                  
       Uncertainty:-       0                  
     Required Time:=    1068                  
      Launch Clock:-       0                  
       Input Delay:-       1                  
         Data Path:-    1026                  
             Slack:=      41                  

Exceptions/Constraints:
  input_delay              1              add_fp16.sdc_line_16_43_1   

#-----------------------------------------------------------------------------------------------------
#        Timing Point         Flags    Arc   Edge   Cell     Fanout Load Trans Delay Arrival Instance 
#                                                                   (fF)  (ps)  (ps)   (ps)  Location 
#-----------------------------------------------------------------------------------------------------
  fp2_in[24]                  -       -      R     (arrival)      5 15.0     0     0       1    (-,-) 
  g33014/ZN                   -       A->ZN  F     INV_X4         2  5.1     2     4       5    (-,-) 
  g32961/ZN                   -       A2->ZN R     NAND2_X2       1  6.3    13    17      23    (-,-) 
  g32924/ZN                   -       A1->ZN F     NAND2_X4       4  8.2     8    14      37    (-,-) 
  g32877/ZN                   -       A1->ZN R     NAND2_X1       1  3.4    13    18      55    (-,-) 
  g32868/ZN                   -       A1->ZN F     NAND2_X2       3  6.4    10    18      73    (-,-) 
  g32856/ZN                   -       A1->ZN R     OAI22_X2       2  5.4    35    33     106    (-,-) 
  g32853/ZN                   -       A1->ZN F     NOR2_X2        1  3.5    12    11     117    (-,-) 
  g32846/ZN                   -       A2->ZN R     NOR2_X2        2  5.2    20    34     151    (-,-) 
  g32840/ZN                   -       C1->ZN F     OAI211_X2      1  6.0    23    27     178    (-,-) 
  g32839/ZN                   -       A1->ZN R     NAND2_X4       2 10.2    12    23     201    (-,-) 
  g32838/ZN                   -       A->ZN  F     INV_X2         1  5.9     6    10     211    (-,-) 
  g32837/ZN                   -       B1->ZN R     OAI21_X4      10 18.6    32    41     252    (-,-) 
  g32787/ZN                   -       B1->ZN F     OAI21_X1       1  1.8    12    19     271    (-,-) 
  g32734/ZN                   -       A1->ZN R     NAND2_X1       1  3.8    14    21     293    (-,-) 
  g32697/ZN                   -       A2->ZN R     AND2_X4       25 48.2    31    58     350    (-,-) 
  g32676/ZN                   -       A1->ZN F     NAND2_X1       2  3.6    14    23     373    (-,-) 
  g32655/ZN                   -       A->ZN  R     INV_X1         3  5.6    16    25     398    (-,-) 
  g32622/ZN                   -       A1->ZN F     NAND2_X1       3  4.9    15    22     420    (-,-) 
  g32610/ZN                   -       A1->ZN R     NOR2_X1        4  6.5    38    50     470    (-,-) 
  g32595/ZN                   -       A->ZN  F     INV_X1         1  1.7    10    10     480    (-,-) 
  g32562/ZN                   -       A1->ZN R     NOR2_X1        2  3.7    25    34     514    (-,-) 
  g32513/ZN                   -       A1->ZN F     AOI222_X1      1  1.8    25    20     534    (-,-) 
  g32507/ZN                   -       A->ZN  R     INV_X1         1  2.0    11    20     554    (-,-) 
  g32469/ZN                   -       A2->ZN F     NOR2_X1        3  5.4    16    16     569    (-,-) 
  g32460/ZN                   -       A->ZN  R     INV_X1         1  1.9     9    17     586    (-,-) 
  g32436__2346/ZN             -       A->ZN  F     OAI211_X1      1  1.8    21    26     612    (-,-) 
  g32430__4733/ZN             -       A2->ZN R     NAND2_X1       1  1.9    12    23     635    (-,-) 
  g32427__1881/ZN             -       A1->ZN F     NAND2_X1       1  1.2     7    12     647    (-,-) 
  g32424__8246/ZN             -       A1->ZN F     AND2_X1        1  1.8     6    28     675    (-,-) 
  g32420__2802/ZN             -       B1->ZN R     OAI21_X1       1  1.9    19    27     702    (-,-) 
  g32418__1617/ZN             -       A->ZN  F     OAI221_X1      1  1.7    23    33     735    (-,-) 
  g32416__6783/ZN             -       B1->ZN R     AOI21_X1       1  2.0    23    34     768    (-,-) 
  g32415/ZN                   -       A->ZN  F     INV_X1         1  1.7     7     9     778    (-,-) 
  g32414__5526/ZN             -       A1->ZN R     AOI222_X1      1  2.0    49    54     832    (-,-) 
  g32413__8428/ZN             -       B1->ZN F     OAI221_X1      3 10.7    39    64     896    (-,-) 
  g32412/ZN                   -       A->ZN  R     INV_X2         2  8.2    18    32     928    (-,-) 
  g32411__4319/ZN             -       A1->ZN F     NAND2_X4      39 62.8    37    46     974    (-,-) 
  g32357__5115/ZN             -       B1->ZN R     OAI222_X1      1  1.4    45    53    1027    (-,-) 
  smaller_mantissa_l_reg[2]/D -       -      R     DFFR_X1        1    -     -     0    1027    (-,-) 
#-----------------------------------------------------------------------------------------------------

Capture clock path:
#-----------------------------------------------------------------------------------------------------
#        Timing Point          Flags   Arc   Edge   Cell     Fanout Load Trans Delay Arrival Instance 
#                                                                   (fF)  (ps)  (ps)   (ps)  Location 
#-----------------------------------------------------------------------------------------------------
  clk                          (i)     -     R     (arrival)     68  0.0     0     0    1111    (-,-) 
  smaller_mantissa_l_reg[2]/CK <<<     -     R     DFFR_X1       68    -     1     0    1111    (-,-) 
#-----------------------------------------------------------------------------------------------------



Path 45: MET (41 ps) Setup Check with Pin larger_mantissa_l_reg[22]/CK->D
           View: view_1p2_25
          Group: clock1
     Startpoint: (R) fp2_in[24]
          Clock: (R) clock1
       Endpoint: (R) larger_mantissa_l_reg[22]/D
          Clock: (R) clock1

                     Capture       Launch     
        Clock Edge:+    1111            0     
        Drv Adjust:+       0            0     
       Src Latency:+       0            0     
       Net Latency:+       0 (I)        0 (I) 
           Arrival:=    1111            0     
                                              
             Setup:-      43                  
       Uncertainty:-       0                  
     Required Time:=    1068                  
      Launch Clock:-       0                  
       Input Delay:-       1                  
         Data Path:-    1026                  
             Slack:=      41                  

Exceptions/Constraints:
  input_delay              1              add_fp16.sdc_line_16_43_1   

#-----------------------------------------------------------------------------------------------------
#        Timing Point         Flags    Arc   Edge   Cell     Fanout Load Trans Delay Arrival Instance 
#                                                                   (fF)  (ps)  (ps)   (ps)  Location 
#-----------------------------------------------------------------------------------------------------
  fp2_in[24]                  -       -      R     (arrival)      5 15.0     0     0       1    (-,-) 
  g33014/ZN                   -       A->ZN  F     INV_X4         2  5.1     2     4       5    (-,-) 
  g32961/ZN                   -       A2->ZN R     NAND2_X2       1  6.3    13    17      23    (-,-) 
  g32924/ZN                   -       A1->ZN F     NAND2_X4       4  8.2     8    14      37    (-,-) 
  g32877/ZN                   -       A1->ZN R     NAND2_X1       1  3.4    13    18      55    (-,-) 
  g32868/ZN                   -       A1->ZN F     NAND2_X2       3  6.4    10    18      73    (-,-) 
  g32856/ZN                   -       A1->ZN R     OAI22_X2       2  5.4    35    33     106    (-,-) 
  g32853/ZN                   -       A1->ZN F     NOR2_X2        1  3.5    12    11     117    (-,-) 
  g32846/ZN                   -       A2->ZN R     NOR2_X2        2  5.2    20    34     151    (-,-) 
  g32840/ZN                   -       C1->ZN F     OAI211_X2      1  6.0    23    27     178    (-,-) 
  g32839/ZN                   -       A1->ZN R     NAND2_X4       2 10.2    12    23     201    (-,-) 
  g32838/ZN                   -       A->ZN  F     INV_X2         1  5.9     6    10     211    (-,-) 
  g32837/ZN                   -       B1->ZN R     OAI21_X4      10 18.6    32    41     252    (-,-) 
  g32787/ZN                   -       B1->ZN F     OAI21_X1       1  1.8    12    19     271    (-,-) 
  g32734/ZN                   -       A1->ZN R     NAND2_X1       1  3.8    14    21     293    (-,-) 
  g32697/ZN                   -       A2->ZN R     AND2_X4       25 48.2    31    58     350    (-,-) 
  g32676/ZN                   -       A1->ZN F     NAND2_X1       2  3.6    14    23     373    (-,-) 
  g32655/ZN                   -       A->ZN  R     INV_X1         3  5.6    16    25     398    (-,-) 
  g32622/ZN                   -       A1->ZN F     NAND2_X1       3  4.9    15    22     420    (-,-) 
  g32610/ZN                   -       A1->ZN R     NOR2_X1        4  6.5    38    50     470    (-,-) 
  g32595/ZN                   -       A->ZN  F     INV_X1         1  1.7    10    10     480    (-,-) 
  g32562/ZN                   -       A1->ZN R     NOR2_X1        2  3.7    25    34     514    (-,-) 
  g32513/ZN                   -       A1->ZN F     AOI222_X1      1  1.8    25    20     534    (-,-) 
  g32507/ZN                   -       A->ZN  R     INV_X1         1  2.0    11    20     554    (-,-) 
  g32469/ZN                   -       A2->ZN F     NOR2_X1        3  5.4    16    16     569    (-,-) 
  g32460/ZN                   -       A->ZN  R     INV_X1         1  1.9     9    17     586    (-,-) 
  g32436__2346/ZN             -       A->ZN  F     OAI211_X1      1  1.8    21    26     612    (-,-) 
  g32430__4733/ZN             -       A2->ZN R     NAND2_X1       1  1.9    12    23     635    (-,-) 
  g32427__1881/ZN             -       A1->ZN F     NAND2_X1       1  1.2     7    12     647    (-,-) 
  g32424__8246/ZN             -       A1->ZN F     AND2_X1        1  1.8     6    28     675    (-,-) 
  g32420__2802/ZN             -       B1->ZN R     OAI21_X1       1  1.9    19    27     702    (-,-) 
  g32418__1617/ZN             -       A->ZN  F     OAI221_X1      1  1.7    23    33     735    (-,-) 
  g32416__6783/ZN             -       B1->ZN R     AOI21_X1       1  2.0    23    34     768    (-,-) 
  g32415/ZN                   -       A->ZN  F     INV_X1         1  1.7     7     9     778    (-,-) 
  g32414__5526/ZN             -       A1->ZN R     AOI222_X1      1  2.0    49    54     832    (-,-) 
  g32413__8428/ZN             -       B1->ZN F     OAI221_X1      3 10.7    39    64     896    (-,-) 
  g32412/ZN                   -       A->ZN  R     INV_X2         2  8.2    18    32     928    (-,-) 
  g32411__4319/ZN             -       A1->ZN F     NAND2_X4      39 62.8    37    46     974    (-,-) 
  g32382__7098/ZN             -       B1->ZN R     OAI222_X1      1  1.4    45    53    1027    (-,-) 
  larger_mantissa_l_reg[22]/D -       -      R     DFFR_X1        1    -     -     0    1027    (-,-) 
#-----------------------------------------------------------------------------------------------------

Capture clock path:
#-----------------------------------------------------------------------------------------------------
#        Timing Point          Flags   Arc   Edge   Cell     Fanout Load Trans Delay Arrival Instance 
#                                                                   (fF)  (ps)  (ps)   (ps)  Location 
#-----------------------------------------------------------------------------------------------------
  clk                          (i)     -     R     (arrival)     68  0.0     0     0    1111    (-,-) 
  larger_mantissa_l_reg[22]/CK <<<     -     R     DFFR_X1       68    -     1     0    1111    (-,-) 
#-----------------------------------------------------------------------------------------------------



Path 46: MET (41 ps) Setup Check with Pin larger_mantissa_l_reg[11]/CK->D
           View: view_1p2_25
          Group: clock1
     Startpoint: (R) fp2_in[24]
          Clock: (R) clock1
       Endpoint: (R) larger_mantissa_l_reg[11]/D
          Clock: (R) clock1

                     Capture       Launch     
        Clock Edge:+    1111            0     
        Drv Adjust:+       0            0     
       Src Latency:+       0            0     
       Net Latency:+       0 (I)        0 (I) 
           Arrival:=    1111            0     
                                              
             Setup:-      43                  
       Uncertainty:-       0                  
     Required Time:=    1068                  
      Launch Clock:-       0                  
       Input Delay:-       1                  
         Data Path:-    1026                  
             Slack:=      41                  

Exceptions/Constraints:
  input_delay              1              add_fp16.sdc_line_16_43_1   

#-----------------------------------------------------------------------------------------------------
#        Timing Point         Flags    Arc   Edge   Cell     Fanout Load Trans Delay Arrival Instance 
#                                                                   (fF)  (ps)  (ps)   (ps)  Location 
#-----------------------------------------------------------------------------------------------------
  fp2_in[24]                  -       -      R     (arrival)      5 15.0     0     0       1    (-,-) 
  g33014/ZN                   -       A->ZN  F     INV_X4         2  5.1     2     4       5    (-,-) 
  g32961/ZN                   -       A2->ZN R     NAND2_X2       1  6.3    13    17      23    (-,-) 
  g32924/ZN                   -       A1->ZN F     NAND2_X4       4  8.2     8    14      37    (-,-) 
  g32877/ZN                   -       A1->ZN R     NAND2_X1       1  3.4    13    18      55    (-,-) 
  g32868/ZN                   -       A1->ZN F     NAND2_X2       3  6.4    10    18      73    (-,-) 
  g32856/ZN                   -       A1->ZN R     OAI22_X2       2  5.4    35    33     106    (-,-) 
  g32853/ZN                   -       A1->ZN F     NOR2_X2        1  3.5    12    11     117    (-,-) 
  g32846/ZN                   -       A2->ZN R     NOR2_X2        2  5.2    20    34     151    (-,-) 
  g32840/ZN                   -       C1->ZN F     OAI211_X2      1  6.0    23    27     178    (-,-) 
  g32839/ZN                   -       A1->ZN R     NAND2_X4       2 10.2    12    23     201    (-,-) 
  g32838/ZN                   -       A->ZN  F     INV_X2         1  5.9     6    10     211    (-,-) 
  g32837/ZN                   -       B1->ZN R     OAI21_X4      10 18.6    32    41     252    (-,-) 
  g32787/ZN                   -       B1->ZN F     OAI21_X1       1  1.8    12    19     271    (-,-) 
  g32734/ZN                   -       A1->ZN R     NAND2_X1       1  3.8    14    21     293    (-,-) 
  g32697/ZN                   -       A2->ZN R     AND2_X4       25 48.2    31    58     350    (-,-) 
  g32676/ZN                   -       A1->ZN F     NAND2_X1       2  3.6    14    23     373    (-,-) 
  g32655/ZN                   -       A->ZN  R     INV_X1         3  5.6    16    25     398    (-,-) 
  g32622/ZN                   -       A1->ZN F     NAND2_X1       3  4.9    15    22     420    (-,-) 
  g32610/ZN                   -       A1->ZN R     NOR2_X1        4  6.5    38    50     470    (-,-) 
  g32595/ZN                   -       A->ZN  F     INV_X1         1  1.7    10    10     480    (-,-) 
  g32562/ZN                   -       A1->ZN R     NOR2_X1        2  3.7    25    34     514    (-,-) 
  g32513/ZN                   -       A1->ZN F     AOI222_X1      1  1.8    25    20     534    (-,-) 
  g32507/ZN                   -       A->ZN  R     INV_X1         1  2.0    11    20     554    (-,-) 
  g32469/ZN                   -       A2->ZN F     NOR2_X1        3  5.4    16    16     569    (-,-) 
  g32460/ZN                   -       A->ZN  R     INV_X1         1  1.9     9    17     586    (-,-) 
  g32436__2346/ZN             -       A->ZN  F     OAI211_X1      1  1.8    21    26     612    (-,-) 
  g32430__4733/ZN             -       A2->ZN R     NAND2_X1       1  1.9    12    23     635    (-,-) 
  g32427__1881/ZN             -       A1->ZN F     NAND2_X1       1  1.2     7    12     647    (-,-) 
  g32424__8246/ZN             -       A1->ZN F     AND2_X1        1  1.8     6    28     675    (-,-) 
  g32420__2802/ZN             -       B1->ZN R     OAI21_X1       1  1.9    19    27     702    (-,-) 
  g32418__1617/ZN             -       A->ZN  F     OAI221_X1      1  1.7    23    33     735    (-,-) 
  g32416__6783/ZN             -       B1->ZN R     AOI21_X1       1  2.0    23    34     768    (-,-) 
  g32415/ZN                   -       A->ZN  F     INV_X1         1  1.7     7     9     778    (-,-) 
  g32414__5526/ZN             -       A1->ZN R     AOI222_X1      1  2.0    49    54     832    (-,-) 
  g32413__8428/ZN             -       B1->ZN F     OAI221_X1      3 10.7    39    64     896    (-,-) 
  g32412/ZN                   -       A->ZN  R     INV_X2         2  8.2    18    32     928    (-,-) 
  g32411__4319/ZN             -       A1->ZN F     NAND2_X4      39 62.8    37    46     974    (-,-) 
  g32371__6260/ZN             -       B1->ZN R     OAI222_X1      1  1.4    45    53    1027    (-,-) 
  larger_mantissa_l_reg[11]/D -       -      R     DFFR_X1        1    -     -     0    1027    (-,-) 
#-----------------------------------------------------------------------------------------------------

Capture clock path:
#-----------------------------------------------------------------------------------------------------
#        Timing Point          Flags   Arc   Edge   Cell     Fanout Load Trans Delay Arrival Instance 
#                                                                   (fF)  (ps)  (ps)   (ps)  Location 
#-----------------------------------------------------------------------------------------------------
  clk                          (i)     -     R     (arrival)     68  0.0     0     0    1111    (-,-) 
  larger_mantissa_l_reg[11]/CK <<<     -     R     DFFR_X1       68    -     1     0    1111    (-,-) 
#-----------------------------------------------------------------------------------------------------



Path 47: MET (41 ps) Setup Check with Pin larger_mantissa_l_reg[10]/CK->D
           View: view_1p2_25
          Group: clock1
     Startpoint: (R) fp2_in[24]
          Clock: (R) clock1
       Endpoint: (R) larger_mantissa_l_reg[10]/D
          Clock: (R) clock1

                     Capture       Launch     
        Clock Edge:+    1111            0     
        Drv Adjust:+       0            0     
       Src Latency:+       0            0     
       Net Latency:+       0 (I)        0 (I) 
           Arrival:=    1111            0     
                                              
             Setup:-      43                  
       Uncertainty:-       0                  
     Required Time:=    1068                  
      Launch Clock:-       0                  
       Input Delay:-       1                  
         Data Path:-    1026                  
             Slack:=      41                  

Exceptions/Constraints:
  input_delay              1              add_fp16.sdc_line_16_43_1   

#-----------------------------------------------------------------------------------------------------
#        Timing Point         Flags    Arc   Edge   Cell     Fanout Load Trans Delay Arrival Instance 
#                                                                   (fF)  (ps)  (ps)   (ps)  Location 
#-----------------------------------------------------------------------------------------------------
  fp2_in[24]                  -       -      R     (arrival)      5 15.0     0     0       1    (-,-) 
  g33014/ZN                   -       A->ZN  F     INV_X4         2  5.1     2     4       5    (-,-) 
  g32961/ZN                   -       A2->ZN R     NAND2_X2       1  6.3    13    17      23    (-,-) 
  g32924/ZN                   -       A1->ZN F     NAND2_X4       4  8.2     8    14      37    (-,-) 
  g32877/ZN                   -       A1->ZN R     NAND2_X1       1  3.4    13    18      55    (-,-) 
  g32868/ZN                   -       A1->ZN F     NAND2_X2       3  6.4    10    18      73    (-,-) 
  g32856/ZN                   -       A1->ZN R     OAI22_X2       2  5.4    35    33     106    (-,-) 
  g32853/ZN                   -       A1->ZN F     NOR2_X2        1  3.5    12    11     117    (-,-) 
  g32846/ZN                   -       A2->ZN R     NOR2_X2        2  5.2    20    34     151    (-,-) 
  g32840/ZN                   -       C1->ZN F     OAI211_X2      1  6.0    23    27     178    (-,-) 
  g32839/ZN                   -       A1->ZN R     NAND2_X4       2 10.2    12    23     201    (-,-) 
  g32838/ZN                   -       A->ZN  F     INV_X2         1  5.9     6    10     211    (-,-) 
  g32837/ZN                   -       B1->ZN R     OAI21_X4      10 18.6    32    41     252    (-,-) 
  g32787/ZN                   -       B1->ZN F     OAI21_X1       1  1.8    12    19     271    (-,-) 
  g32734/ZN                   -       A1->ZN R     NAND2_X1       1  3.8    14    21     293    (-,-) 
  g32697/ZN                   -       A2->ZN R     AND2_X4       25 48.2    31    58     350    (-,-) 
  g32676/ZN                   -       A1->ZN F     NAND2_X1       2  3.6    14    23     373    (-,-) 
  g32655/ZN                   -       A->ZN  R     INV_X1         3  5.6    16    25     398    (-,-) 
  g32622/ZN                   -       A1->ZN F     NAND2_X1       3  4.9    15    22     420    (-,-) 
  g32610/ZN                   -       A1->ZN R     NOR2_X1        4  6.5    38    50     470    (-,-) 
  g32595/ZN                   -       A->ZN  F     INV_X1         1  1.7    10    10     480    (-,-) 
  g32562/ZN                   -       A1->ZN R     NOR2_X1        2  3.7    25    34     514    (-,-) 
  g32513/ZN                   -       A1->ZN F     AOI222_X1      1  1.8    25    20     534    (-,-) 
  g32507/ZN                   -       A->ZN  R     INV_X1         1  2.0    11    20     554    (-,-) 
  g32469/ZN                   -       A2->ZN F     NOR2_X1        3  5.4    16    16     569    (-,-) 
  g32460/ZN                   -       A->ZN  R     INV_X1         1  1.9     9    17     586    (-,-) 
  g32436__2346/ZN             -       A->ZN  F     OAI211_X1      1  1.8    21    26     612    (-,-) 
  g32430__4733/ZN             -       A2->ZN R     NAND2_X1       1  1.9    12    23     635    (-,-) 
  g32427__1881/ZN             -       A1->ZN F     NAND2_X1       1  1.2     7    12     647    (-,-) 
  g32424__8246/ZN             -       A1->ZN F     AND2_X1        1  1.8     6    28     675    (-,-) 
  g32420__2802/ZN             -       B1->ZN R     OAI21_X1       1  1.9    19    27     702    (-,-) 
  g32418__1617/ZN             -       A->ZN  F     OAI221_X1      1  1.7    23    33     735    (-,-) 
  g32416__6783/ZN             -       B1->ZN R     AOI21_X1       1  2.0    23    34     768    (-,-) 
  g32415/ZN                   -       A->ZN  F     INV_X1         1  1.7     7     9     778    (-,-) 
  g32414__5526/ZN             -       A1->ZN R     AOI222_X1      1  2.0    49    54     832    (-,-) 
  g32413__8428/ZN             -       B1->ZN F     OAI221_X1      3 10.7    39    64     896    (-,-) 
  g32412/ZN                   -       A->ZN  R     INV_X2         2  8.2    18    32     928    (-,-) 
  g32411__4319/ZN             -       A1->ZN F     NAND2_X4      39 62.8    37    46     974    (-,-) 
  g32369__2398/ZN             -       B1->ZN R     OAI222_X1      1  1.4    45    53    1027    (-,-) 
  larger_mantissa_l_reg[10]/D -       -      R     DFFR_X1        1    -     -     0    1027    (-,-) 
#-----------------------------------------------------------------------------------------------------

Capture clock path:
#-----------------------------------------------------------------------------------------------------
#        Timing Point          Flags   Arc   Edge   Cell     Fanout Load Trans Delay Arrival Instance 
#                                                                   (fF)  (ps)  (ps)   (ps)  Location 
#-----------------------------------------------------------------------------------------------------
  clk                          (i)     -     R     (arrival)     68  0.0     0     0    1111    (-,-) 
  larger_mantissa_l_reg[10]/CK <<<     -     R     DFFR_X1       68    -     1     0    1111    (-,-) 
#-----------------------------------------------------------------------------------------------------



Path 48: MET (41 ps) Setup Check with Pin larger_mantissa_l_reg[5]/CK->D
           View: view_1p2_25
          Group: clock1
     Startpoint: (R) fp2_in[24]
          Clock: (R) clock1
       Endpoint: (R) larger_mantissa_l_reg[5]/D
          Clock: (R) clock1

                     Capture       Launch     
        Clock Edge:+    1111            0     
        Drv Adjust:+       0            0     
       Src Latency:+       0            0     
       Net Latency:+       0 (I)        0 (I) 
           Arrival:=    1111            0     
                                              
             Setup:-      43                  
       Uncertainty:-       0                  
     Required Time:=    1068                  
      Launch Clock:-       0                  
       Input Delay:-       1                  
         Data Path:-    1026                  
             Slack:=      41                  

Exceptions/Constraints:
  input_delay              1              add_fp16.sdc_line_16_43_1   

#----------------------------------------------------------------------------------------------------
#       Timing Point         Flags    Arc   Edge   Cell     Fanout Load Trans Delay Arrival Instance 
#                                                                  (fF)  (ps)  (ps)   (ps)  Location 
#----------------------------------------------------------------------------------------------------
  fp2_in[24]                 -       -      R     (arrival)      5 15.0     0     0       1    (-,-) 
  g33014/ZN                  -       A->ZN  F     INV_X4         2  5.1     2     4       5    (-,-) 
  g32961/ZN                  -       A2->ZN R     NAND2_X2       1  6.3    13    17      23    (-,-) 
  g32924/ZN                  -       A1->ZN F     NAND2_X4       4  8.2     8    14      37    (-,-) 
  g32877/ZN                  -       A1->ZN R     NAND2_X1       1  3.4    13    18      55    (-,-) 
  g32868/ZN                  -       A1->ZN F     NAND2_X2       3  6.4    10    18      73    (-,-) 
  g32856/ZN                  -       A1->ZN R     OAI22_X2       2  5.4    35    33     106    (-,-) 
  g32853/ZN                  -       A1->ZN F     NOR2_X2        1  3.5    12    11     117    (-,-) 
  g32846/ZN                  -       A2->ZN R     NOR2_X2        2  5.2    20    34     151    (-,-) 
  g32840/ZN                  -       C1->ZN F     OAI211_X2      1  6.0    23    27     178    (-,-) 
  g32839/ZN                  -       A1->ZN R     NAND2_X4       2 10.2    12    23     201    (-,-) 
  g32838/ZN                  -       A->ZN  F     INV_X2         1  5.9     6    10     211    (-,-) 
  g32837/ZN                  -       B1->ZN R     OAI21_X4      10 18.6    32    41     252    (-,-) 
  g32787/ZN                  -       B1->ZN F     OAI21_X1       1  1.8    12    19     271    (-,-) 
  g32734/ZN                  -       A1->ZN R     NAND2_X1       1  3.8    14    21     293    (-,-) 
  g32697/ZN                  -       A2->ZN R     AND2_X4       25 48.2    31    58     350    (-,-) 
  g32676/ZN                  -       A1->ZN F     NAND2_X1       2  3.6    14    23     373    (-,-) 
  g32655/ZN                  -       A->ZN  R     INV_X1         3  5.6    16    25     398    (-,-) 
  g32622/ZN                  -       A1->ZN F     NAND2_X1       3  4.9    15    22     420    (-,-) 
  g32610/ZN                  -       A1->ZN R     NOR2_X1        4  6.5    38    50     470    (-,-) 
  g32595/ZN                  -       A->ZN  F     INV_X1         1  1.7    10    10     480    (-,-) 
  g32562/ZN                  -       A1->ZN R     NOR2_X1        2  3.7    25    34     514    (-,-) 
  g32513/ZN                  -       A1->ZN F     AOI222_X1      1  1.8    25    20     534    (-,-) 
  g32507/ZN                  -       A->ZN  R     INV_X1         1  2.0    11    20     554    (-,-) 
  g32469/ZN                  -       A2->ZN F     NOR2_X1        3  5.4    16    16     569    (-,-) 
  g32460/ZN                  -       A->ZN  R     INV_X1         1  1.9     9    17     586    (-,-) 
  g32436__2346/ZN            -       A->ZN  F     OAI211_X1      1  1.8    21    26     612    (-,-) 
  g32430__4733/ZN            -       A2->ZN R     NAND2_X1       1  1.9    12    23     635    (-,-) 
  g32427__1881/ZN            -       A1->ZN F     NAND2_X1       1  1.2     7    12     647    (-,-) 
  g32424__8246/ZN            -       A1->ZN F     AND2_X1        1  1.8     6    28     675    (-,-) 
  g32420__2802/ZN            -       B1->ZN R     OAI21_X1       1  1.9    19    27     702    (-,-) 
  g32418__1617/ZN            -       A->ZN  F     OAI221_X1      1  1.7    23    33     735    (-,-) 
  g32416__6783/ZN            -       B1->ZN R     AOI21_X1       1  2.0    23    34     768    (-,-) 
  g32415/ZN                  -       A->ZN  F     INV_X1         1  1.7     7     9     778    (-,-) 
  g32414__5526/ZN            -       A1->ZN R     AOI222_X1      1  2.0    49    54     832    (-,-) 
  g32413__8428/ZN            -       B1->ZN F     OAI221_X1      3 10.7    39    64     896    (-,-) 
  g32412/ZN                  -       A->ZN  R     INV_X2         2  8.2    18    32     928    (-,-) 
  g32411__4319/ZN            -       A1->ZN F     NAND2_X4      39 62.8    37    46     974    (-,-) 
  g32364__2346/ZN            -       B1->ZN R     OAI222_X1      1  1.4    45    53    1027    (-,-) 
  larger_mantissa_l_reg[5]/D -       -      R     DFFR_X1        1    -     -     0    1027    (-,-) 
#----------------------------------------------------------------------------------------------------

Capture clock path:
#----------------------------------------------------------------------------------------------------
#        Timing Point         Flags   Arc   Edge   Cell     Fanout Load Trans Delay Arrival Instance 
#                                                                  (fF)  (ps)  (ps)   (ps)  Location 
#----------------------------------------------------------------------------------------------------
  clk                         (i)     -     R     (arrival)     68  0.0     0     0    1111    (-,-) 
  larger_mantissa_l_reg[5]/CK <<<     -     R     DFFR_X1       68    -     1     0    1111    (-,-) 
#----------------------------------------------------------------------------------------------------



Path 49: MET (41 ps) Setup Check with Pin larger_mantissa_l_reg[4]/CK->D
           View: view_1p2_25
          Group: clock1
     Startpoint: (R) fp2_in[24]
          Clock: (R) clock1
       Endpoint: (R) larger_mantissa_l_reg[4]/D
          Clock: (R) clock1

                     Capture       Launch     
        Clock Edge:+    1111            0     
        Drv Adjust:+       0            0     
       Src Latency:+       0            0     
       Net Latency:+       0 (I)        0 (I) 
           Arrival:=    1111            0     
                                              
             Setup:-      43                  
       Uncertainty:-       0                  
     Required Time:=    1068                  
      Launch Clock:-       0                  
       Input Delay:-       1                  
         Data Path:-    1026                  
             Slack:=      41                  

Exceptions/Constraints:
  input_delay              1              add_fp16.sdc_line_16_43_1   

#----------------------------------------------------------------------------------------------------
#       Timing Point         Flags    Arc   Edge   Cell     Fanout Load Trans Delay Arrival Instance 
#                                                                  (fF)  (ps)  (ps)   (ps)  Location 
#----------------------------------------------------------------------------------------------------
  fp2_in[24]                 -       -      R     (arrival)      5 15.0     0     0       1    (-,-) 
  g33014/ZN                  -       A->ZN  F     INV_X4         2  5.1     2     4       5    (-,-) 
  g32961/ZN                  -       A2->ZN R     NAND2_X2       1  6.3    13    17      23    (-,-) 
  g32924/ZN                  -       A1->ZN F     NAND2_X4       4  8.2     8    14      37    (-,-) 
  g32877/ZN                  -       A1->ZN R     NAND2_X1       1  3.4    13    18      55    (-,-) 
  g32868/ZN                  -       A1->ZN F     NAND2_X2       3  6.4    10    18      73    (-,-) 
  g32856/ZN                  -       A1->ZN R     OAI22_X2       2  5.4    35    33     106    (-,-) 
  g32853/ZN                  -       A1->ZN F     NOR2_X2        1  3.5    12    11     117    (-,-) 
  g32846/ZN                  -       A2->ZN R     NOR2_X2        2  5.2    20    34     151    (-,-) 
  g32840/ZN                  -       C1->ZN F     OAI211_X2      1  6.0    23    27     178    (-,-) 
  g32839/ZN                  -       A1->ZN R     NAND2_X4       2 10.2    12    23     201    (-,-) 
  g32838/ZN                  -       A->ZN  F     INV_X2         1  5.9     6    10     211    (-,-) 
  g32837/ZN                  -       B1->ZN R     OAI21_X4      10 18.6    32    41     252    (-,-) 
  g32787/ZN                  -       B1->ZN F     OAI21_X1       1  1.8    12    19     271    (-,-) 
  g32734/ZN                  -       A1->ZN R     NAND2_X1       1  3.8    14    21     293    (-,-) 
  g32697/ZN                  -       A2->ZN R     AND2_X4       25 48.2    31    58     350    (-,-) 
  g32676/ZN                  -       A1->ZN F     NAND2_X1       2  3.6    14    23     373    (-,-) 
  g32655/ZN                  -       A->ZN  R     INV_X1         3  5.6    16    25     398    (-,-) 
  g32622/ZN                  -       A1->ZN F     NAND2_X1       3  4.9    15    22     420    (-,-) 
  g32610/ZN                  -       A1->ZN R     NOR2_X1        4  6.5    38    50     470    (-,-) 
  g32595/ZN                  -       A->ZN  F     INV_X1         1  1.7    10    10     480    (-,-) 
  g32562/ZN                  -       A1->ZN R     NOR2_X1        2  3.7    25    34     514    (-,-) 
  g32513/ZN                  -       A1->ZN F     AOI222_X1      1  1.8    25    20     534    (-,-) 
  g32507/ZN                  -       A->ZN  R     INV_X1         1  2.0    11    20     554    (-,-) 
  g32469/ZN                  -       A2->ZN F     NOR2_X1        3  5.4    16    16     569    (-,-) 
  g32460/ZN                  -       A->ZN  R     INV_X1         1  1.9     9    17     586    (-,-) 
  g32436__2346/ZN            -       A->ZN  F     OAI211_X1      1  1.8    21    26     612    (-,-) 
  g32430__4733/ZN            -       A2->ZN R     NAND2_X1       1  1.9    12    23     635    (-,-) 
  g32427__1881/ZN            -       A1->ZN F     NAND2_X1       1  1.2     7    12     647    (-,-) 
  g32424__8246/ZN            -       A1->ZN F     AND2_X1        1  1.8     6    28     675    (-,-) 
  g32420__2802/ZN            -       B1->ZN R     OAI21_X1       1  1.9    19    27     702    (-,-) 
  g32418__1617/ZN            -       A->ZN  F     OAI221_X1      1  1.7    23    33     735    (-,-) 
  g32416__6783/ZN            -       B1->ZN R     AOI21_X1       1  2.0    23    34     768    (-,-) 
  g32415/ZN                  -       A->ZN  F     INV_X1         1  1.7     7     9     778    (-,-) 
  g32414__5526/ZN            -       A1->ZN R     AOI222_X1      1  2.0    49    54     832    (-,-) 
  g32413__8428/ZN            -       B1->ZN F     OAI221_X1      3 10.7    39    64     896    (-,-) 
  g32412/ZN                  -       A->ZN  R     INV_X2         2  8.2    18    32     928    (-,-) 
  g32411__4319/ZN            -       A1->ZN F     NAND2_X4      39 62.8    37    46     974    (-,-) 
  g32376__3680/ZN            -       B1->ZN R     OAI222_X1      1  1.4    45    53    1027    (-,-) 
  larger_mantissa_l_reg[4]/D -       -      R     DFFR_X1        1    -     -     0    1027    (-,-) 
#----------------------------------------------------------------------------------------------------

Capture clock path:
#----------------------------------------------------------------------------------------------------
#        Timing Point         Flags   Arc   Edge   Cell     Fanout Load Trans Delay Arrival Instance 
#                                                                  (fF)  (ps)  (ps)   (ps)  Location 
#----------------------------------------------------------------------------------------------------
  clk                         (i)     -     R     (arrival)     68  0.0     0     0    1111    (-,-) 
  larger_mantissa_l_reg[4]/CK <<<     -     R     DFFR_X1       68    -     1     0    1111    (-,-) 
#----------------------------------------------------------------------------------------------------



Path 50: MET (41 ps) Setup Check with Pin larger_mantissa_l_reg[3]/CK->D
           View: view_1p2_25
          Group: clock1
     Startpoint: (R) fp2_in[24]
          Clock: (R) clock1
       Endpoint: (R) larger_mantissa_l_reg[3]/D
          Clock: (R) clock1

                     Capture       Launch     
        Clock Edge:+    1111            0     
        Drv Adjust:+       0            0     
       Src Latency:+       0            0     
       Net Latency:+       0 (I)        0 (I) 
           Arrival:=    1111            0     
                                              
             Setup:-      43                  
       Uncertainty:-       0                  
     Required Time:=    1068                  
      Launch Clock:-       0                  
       Input Delay:-       1                  
         Data Path:-    1026                  
             Slack:=      41                  

Exceptions/Constraints:
  input_delay              1              add_fp16.sdc_line_16_43_1   

#----------------------------------------------------------------------------------------------------
#       Timing Point         Flags    Arc   Edge   Cell     Fanout Load Trans Delay Arrival Instance 
#                                                                  (fF)  (ps)  (ps)   (ps)  Location 
#----------------------------------------------------------------------------------------------------
  fp2_in[24]                 -       -      R     (arrival)      5 15.0     0     0       1    (-,-) 
  g33014/ZN                  -       A->ZN  F     INV_X4         2  5.1     2     4       5    (-,-) 
  g32961/ZN                  -       A2->ZN R     NAND2_X2       1  6.3    13    17      23    (-,-) 
  g32924/ZN                  -       A1->ZN F     NAND2_X4       4  8.2     8    14      37    (-,-) 
  g32877/ZN                  -       A1->ZN R     NAND2_X1       1  3.4    13    18      55    (-,-) 
  g32868/ZN                  -       A1->ZN F     NAND2_X2       3  6.4    10    18      73    (-,-) 
  g32856/ZN                  -       A1->ZN R     OAI22_X2       2  5.4    35    33     106    (-,-) 
  g32853/ZN                  -       A1->ZN F     NOR2_X2        1  3.5    12    11     117    (-,-) 
  g32846/ZN                  -       A2->ZN R     NOR2_X2        2  5.2    20    34     151    (-,-) 
  g32840/ZN                  -       C1->ZN F     OAI211_X2      1  6.0    23    27     178    (-,-) 
  g32839/ZN                  -       A1->ZN R     NAND2_X4       2 10.2    12    23     201    (-,-) 
  g32838/ZN                  -       A->ZN  F     INV_X2         1  5.9     6    10     211    (-,-) 
  g32837/ZN                  -       B1->ZN R     OAI21_X4      10 18.6    32    41     252    (-,-) 
  g32787/ZN                  -       B1->ZN F     OAI21_X1       1  1.8    12    19     271    (-,-) 
  g32734/ZN                  -       A1->ZN R     NAND2_X1       1  3.8    14    21     293    (-,-) 
  g32697/ZN                  -       A2->ZN R     AND2_X4       25 48.2    31    58     350    (-,-) 
  g32676/ZN                  -       A1->ZN F     NAND2_X1       2  3.6    14    23     373    (-,-) 
  g32655/ZN                  -       A->ZN  R     INV_X1         3  5.6    16    25     398    (-,-) 
  g32622/ZN                  -       A1->ZN F     NAND2_X1       3  4.9    15    22     420    (-,-) 
  g32610/ZN                  -       A1->ZN R     NOR2_X1        4  6.5    38    50     470    (-,-) 
  g32595/ZN                  -       A->ZN  F     INV_X1         1  1.7    10    10     480    (-,-) 
  g32562/ZN                  -       A1->ZN R     NOR2_X1        2  3.7    25    34     514    (-,-) 
  g32513/ZN                  -       A1->ZN F     AOI222_X1      1  1.8    25    20     534    (-,-) 
  g32507/ZN                  -       A->ZN  R     INV_X1         1  2.0    11    20     554    (-,-) 
  g32469/ZN                  -       A2->ZN F     NOR2_X1        3  5.4    16    16     569    (-,-) 
  g32460/ZN                  -       A->ZN  R     INV_X1         1  1.9     9    17     586    (-,-) 
  g32436__2346/ZN            -       A->ZN  F     OAI211_X1      1  1.8    21    26     612    (-,-) 
  g32430__4733/ZN            -       A2->ZN R     NAND2_X1       1  1.9    12    23     635    (-,-) 
  g32427__1881/ZN            -       A1->ZN F     NAND2_X1       1  1.2     7    12     647    (-,-) 
  g32424__8246/ZN            -       A1->ZN F     AND2_X1        1  1.8     6    28     675    (-,-) 
  g32420__2802/ZN            -       B1->ZN R     OAI21_X1       1  1.9    19    27     702    (-,-) 
  g32418__1617/ZN            -       A->ZN  F     OAI221_X1      1  1.7    23    33     735    (-,-) 
  g32416__6783/ZN            -       B1->ZN R     AOI21_X1       1  2.0    23    34     768    (-,-) 
  g32415/ZN                  -       A->ZN  F     INV_X1         1  1.7     7     9     778    (-,-) 
  g32414__5526/ZN            -       A1->ZN R     AOI222_X1      1  2.0    49    54     832    (-,-) 
  g32413__8428/ZN            -       B1->ZN F     OAI221_X1      3 10.7    39    64     896    (-,-) 
  g32412/ZN                  -       A->ZN  R     INV_X2         2  8.2    18    32     928    (-,-) 
  g32411__4319/ZN            -       A1->ZN F     NAND2_X4      39 62.8    37    46     974    (-,-) 
  g32362__9945/ZN            -       B1->ZN R     OAI222_X1      1  1.4    45    53    1027    (-,-) 
  larger_mantissa_l_reg[3]/D -       -      R     DFFR_X1        1    -     -     0    1027    (-,-) 
#----------------------------------------------------------------------------------------------------

Capture clock path:
#----------------------------------------------------------------------------------------------------
#        Timing Point         Flags   Arc   Edge   Cell     Fanout Load Trans Delay Arrival Instance 
#                                                                  (fF)  (ps)  (ps)   (ps)  Location 
#----------------------------------------------------------------------------------------------------
  clk                         (i)     -     R     (arrival)     68  0.0     0     0    1111    (-,-) 
  larger_mantissa_l_reg[3]/CK <<<     -     R     DFFR_X1       68    -     1     0    1111    (-,-) 
#----------------------------------------------------------------------------------------------------



Path 51: MET (41 ps) Setup Check with Pin larger_mantissa_l_reg[2]/CK->D
           View: view_1p2_25
          Group: clock1
     Startpoint: (R) fp2_in[24]
          Clock: (R) clock1
       Endpoint: (R) larger_mantissa_l_reg[2]/D
          Clock: (R) clock1

                     Capture       Launch     
        Clock Edge:+    1111            0     
        Drv Adjust:+       0            0     
       Src Latency:+       0            0     
       Net Latency:+       0 (I)        0 (I) 
           Arrival:=    1111            0     
                                              
             Setup:-      43                  
       Uncertainty:-       0                  
     Required Time:=    1068                  
      Launch Clock:-       0                  
       Input Delay:-       1                  
         Data Path:-    1026                  
             Slack:=      41                  

Exceptions/Constraints:
  input_delay              1              add_fp16.sdc_line_16_43_1   

#----------------------------------------------------------------------------------------------------
#       Timing Point         Flags    Arc   Edge   Cell     Fanout Load Trans Delay Arrival Instance 
#                                                                  (fF)  (ps)  (ps)   (ps)  Location 
#----------------------------------------------------------------------------------------------------
  fp2_in[24]                 -       -      R     (arrival)      5 15.0     0     0       1    (-,-) 
  g33014/ZN                  -       A->ZN  F     INV_X4         2  5.1     2     4       5    (-,-) 
  g32961/ZN                  -       A2->ZN R     NAND2_X2       1  6.3    13    17      23    (-,-) 
  g32924/ZN                  -       A1->ZN F     NAND2_X4       4  8.2     8    14      37    (-,-) 
  g32877/ZN                  -       A1->ZN R     NAND2_X1       1  3.4    13    18      55    (-,-) 
  g32868/ZN                  -       A1->ZN F     NAND2_X2       3  6.4    10    18      73    (-,-) 
  g32856/ZN                  -       A1->ZN R     OAI22_X2       2  5.4    35    33     106    (-,-) 
  g32853/ZN                  -       A1->ZN F     NOR2_X2        1  3.5    12    11     117    (-,-) 
  g32846/ZN                  -       A2->ZN R     NOR2_X2        2  5.2    20    34     151    (-,-) 
  g32840/ZN                  -       C1->ZN F     OAI211_X2      1  6.0    23    27     178    (-,-) 
  g32839/ZN                  -       A1->ZN R     NAND2_X4       2 10.2    12    23     201    (-,-) 
  g32838/ZN                  -       A->ZN  F     INV_X2         1  5.9     6    10     211    (-,-) 
  g32837/ZN                  -       B1->ZN R     OAI21_X4      10 18.6    32    41     252    (-,-) 
  g32787/ZN                  -       B1->ZN F     OAI21_X1       1  1.8    12    19     271    (-,-) 
  g32734/ZN                  -       A1->ZN R     NAND2_X1       1  3.8    14    21     293    (-,-) 
  g32697/ZN                  -       A2->ZN R     AND2_X4       25 48.2    31    58     350    (-,-) 
  g32676/ZN                  -       A1->ZN F     NAND2_X1       2  3.6    14    23     373    (-,-) 
  g32655/ZN                  -       A->ZN  R     INV_X1         3  5.6    16    25     398    (-,-) 
  g32622/ZN                  -       A1->ZN F     NAND2_X1       3  4.9    15    22     420    (-,-) 
  g32610/ZN                  -       A1->ZN R     NOR2_X1        4  6.5    38    50     470    (-,-) 
  g32595/ZN                  -       A->ZN  F     INV_X1         1  1.7    10    10     480    (-,-) 
  g32562/ZN                  -       A1->ZN R     NOR2_X1        2  3.7    25    34     514    (-,-) 
  g32513/ZN                  -       A1->ZN F     AOI222_X1      1  1.8    25    20     534    (-,-) 
  g32507/ZN                  -       A->ZN  R     INV_X1         1  2.0    11    20     554    (-,-) 
  g32469/ZN                  -       A2->ZN F     NOR2_X1        3  5.4    16    16     569    (-,-) 
  g32460/ZN                  -       A->ZN  R     INV_X1         1  1.9     9    17     586    (-,-) 
  g32436__2346/ZN            -       A->ZN  F     OAI211_X1      1  1.8    21    26     612    (-,-) 
  g32430__4733/ZN            -       A2->ZN R     NAND2_X1       1  1.9    12    23     635    (-,-) 
  g32427__1881/ZN            -       A1->ZN F     NAND2_X1       1  1.2     7    12     647    (-,-) 
  g32424__8246/ZN            -       A1->ZN F     AND2_X1        1  1.8     6    28     675    (-,-) 
  g32420__2802/ZN            -       B1->ZN R     OAI21_X1       1  1.9    19    27     702    (-,-) 
  g32418__1617/ZN            -       A->ZN  F     OAI221_X1      1  1.7    23    33     735    (-,-) 
  g32416__6783/ZN            -       B1->ZN R     AOI21_X1       1  2.0    23    34     768    (-,-) 
  g32415/ZN                  -       A->ZN  F     INV_X1         1  1.7     7     9     778    (-,-) 
  g32414__5526/ZN            -       A1->ZN R     AOI222_X1      1  2.0    49    54     832    (-,-) 
  g32413__8428/ZN            -       B1->ZN F     OAI221_X1      3 10.7    39    64     896    (-,-) 
  g32412/ZN                  -       A->ZN  R     INV_X2         2  8.2    18    32     928    (-,-) 
  g32411__4319/ZN            -       A1->ZN F     NAND2_X4      39 62.8    37    46     974    (-,-) 
  g32368__5477/ZN            -       B1->ZN R     OAI222_X1      1  1.4    45    53    1027    (-,-) 
  larger_mantissa_l_reg[2]/D -       -      R     DFFR_X1        1    -     -     0    1027    (-,-) 
#----------------------------------------------------------------------------------------------------

Capture clock path:
#----------------------------------------------------------------------------------------------------
#        Timing Point         Flags   Arc   Edge   Cell     Fanout Load Trans Delay Arrival Instance 
#                                                                  (fF)  (ps)  (ps)   (ps)  Location 
#----------------------------------------------------------------------------------------------------
  clk                         (i)     -     R     (arrival)     68  0.0     0     0    1111    (-,-) 
  larger_mantissa_l_reg[2]/CK <<<     -     R     DFFR_X1       68    -     1     0    1111    (-,-) 
#----------------------------------------------------------------------------------------------------



Path 52: MET (42 ps) Late External Delay Assertion at pin fp_out[25]
           View: view_1p2_25
          Group: clock1
     Startpoint: (R) signs_differ_l_reg/CK
          Clock: (R) clock1
       Endpoint: (F) fp_out[25]
          Clock: (R) clock1

                     Capture       Launch     
        Clock Edge:+    1111            0     
       Src Latency:+       0            0     
       Net Latency:+       0 (I)        0 (I) 
           Arrival:=    1111            0     
                                              
      Output Delay:-       1                  
       Uncertainty:-       0                  
     Required Time:=    1110                  
      Launch Clock:-       0                  
         Data Path:-    1068                  
             Slack:=      42                  

Exceptions/Constraints:
  output_delay              1              add_fp16.sdc_line_17_72_1   

Launch clock path:
#----------------------------------------------------------------------------------------------
#     Timing Point      Flags   Arc   Edge   Cell     Fanout Load Trans Delay Arrival Instance 
#                                                            (fF)  (ps)  (ps)   (ps)  Location 
#----------------------------------------------------------------------------------------------
  clk                   (i)     -     R     (arrival)     68  0.0     0     0       0    (-,-) 
  signs_differ_l_reg/CK <<<     -     R     DFFR_X1       68    -     1     0       0    (-,-) 
#----------------------------------------------------------------------------------------------

#-----------------------------------------------------------------------------------------------
#     Timing Point      Flags    Arc   Edge   Cell     Fanout Load Trans Delay Arrival Instance 
#                                                             (fF)  (ps)  (ps)   (ps)  Location 
#-----------------------------------------------------------------------------------------------
  signs_differ_l_reg/CK -       -      R     (arrival)     68    -     1     0       0    (-,-) 
  signs_differ_l_reg/QN -       CK->QN F     DFFR_X1        3  6.6    17    76      76    (-,-) 
  g32978/ZN             -       A->ZN  R     INV_X2        25 51.2    61    75     151    (-,-) 
  g46831/ZN             -       A->ZN  F     INV_X2        30 51.7    36    59     210    (-,-) 
  g46540__1617/ZN       -       A1->ZN R     NAND2_X1       1  2.0    15    25     235    (-,-) 
  g46529__7410/ZN       -       A->ZN  F     OAI21_X1       1  4.1    14    25     260    (-,-) 
  g46956/ZN             -       A->ZN  R     XNOR2_X2      20 35.9    94   112     372    (-,-) 
  g46478__7482/ZN       -       A->ZN  F     AOI21_X1       1  1.9    25    22     394    (-,-) 
  g46421__2398/ZN       -       B2->ZN R     OAI21_X1       1  1.9    23    39     433    (-,-) 
  g46391__5526/ZN       -       A1->ZN F     NAND2_X1       1  1.7    13    16     448    (-,-) 
  g46317__4319/ZN       -       B1->ZN R     OAI221_X1      1  1.9    36    48     497    (-,-) 
  g46302__4733/ZN       -       A1->ZN F     NAND2_X1       1  1.7    13    18     514    (-,-) 
  g46267__4733/ZN       -       B1->ZN R     AOI21_X1       1  2.0    24    29     543    (-,-) 
  g46196__1881/ZN       -       B1->ZN F     OAI21_X1       1  1.2    18    16     559    (-,-) 
  g46183__4319/ZN       -       A2->ZN F     AND4_X1        1  1.8     8    40     599    (-,-) 
  g46107__2883/ZN       -       B1->ZN R     OAI21_X1       1  2.0    20    28     627    (-,-) 
  g46941/ZN             -       C1->ZN F     AOI211_X1      1  1.7    14    18     645    (-,-) 
  g45914__2346/ZN       -       A1->ZN R     NOR2_X1        2  3.8    25    36     681    (-,-) 
  g46893__9945/ZN       -       A1->ZN R     OR2_X2         3  5.8    10    30     711    (-,-) 
  g45799__5107/ZN       -       A1->ZN F     NAND2_X1       2  3.5    10    17     728    (-,-) 
  g45790__2883/ZN       -       A1->ZN R     NAND2_X1       2  4.4    16    22     750    (-,-) 
  g45786/ZN             -       A->ZN  F     INV_X1         1  1.7     6     9     758    (-,-) 
  g45769__3680/ZN       -       B1->ZN R     AOI21_X1       1  2.5    25    29     787    (-,-) 
  g3/ZN                 -       A->ZN  R     XNOR2_X1       1  2.0    20    43     830    (-,-) 
  g46900/ZN             -       A1->ZN F     NOR2_X1        2  3.4    18    14     844    (-,-) 
  g82/ZN                -       A1->ZN R     NOR3_X1        1  1.8    27    38     882    (-,-) 
  g81/ZN                -       A1->ZN F     NAND4_X1       1  1.8    18    30     912    (-,-) 
  g80/ZN                -       B1->ZN R     OAI21_X1       8 14.4    77    95    1007    (-,-) 
  g46898/ZN             -       A->ZN  F     INV_X1         3  6.8    23    26    1033    (-,-) 
  g45704__4733/ZN       -       A2->ZN R     NAND2_X1       1  2.0    12    24    1057    (-,-) 
  g45687__5526/ZN       -       A2->ZN F     NAND2_X1       1  0.3    12    11    1068    (-,-) 
  fp_out[25]            -       -      F     (port)         -    -     -     0    1068    (-,-) 
#-----------------------------------------------------------------------------------------------



Path 53: MET (44 ps) Setup Check with Pin smaller_mantissa_l_reg[22]/CK->D
           View: view_1p2_25
          Group: clock1
     Startpoint: (R) fp2_in[24]
          Clock: (R) clock1
       Endpoint: (F) smaller_mantissa_l_reg[22]/D
          Clock: (R) clock1

                     Capture       Launch     
        Clock Edge:+    1111            0     
        Drv Adjust:+       0            0     
       Src Latency:+       0            0     
       Net Latency:+       0 (I)        0 (I) 
           Arrival:=    1111            0     
                                              
             Setup:-      45                  
       Uncertainty:-       0                  
     Required Time:=    1066                  
      Launch Clock:-       0                  
       Input Delay:-       1                  
         Data Path:-    1020                  
             Slack:=      44                  

Exceptions/Constraints:
  input_delay              1              add_fp16.sdc_line_16_43_1   

#------------------------------------------------------------------------------------------------------
#        Timing Point          Flags    Arc   Edge   Cell     Fanout Load Trans Delay Arrival Instance 
#                                                                    (fF)  (ps)  (ps)   (ps)  Location 
#------------------------------------------------------------------------------------------------------
  fp2_in[24]                   -       -      R     (arrival)      5 15.0     0     0       1    (-,-) 
  g33014/ZN                    -       A->ZN  F     INV_X4         2  5.1     2     4       5    (-,-) 
  g32961/ZN                    -       A2->ZN R     NAND2_X2       1  6.3    13    17      23    (-,-) 
  g32924/ZN                    -       A1->ZN F     NAND2_X4       4  8.2     8    14      37    (-,-) 
  g32877/ZN                    -       A1->ZN R     NAND2_X1       1  3.4    13    18      55    (-,-) 
  g32868/ZN                    -       A1->ZN F     NAND2_X2       3  6.4    10    18      73    (-,-) 
  g32856/ZN                    -       A1->ZN R     OAI22_X2       2  5.4    35    33     106    (-,-) 
  g32853/ZN                    -       A1->ZN F     NOR2_X2        1  3.5    12    11     117    (-,-) 
  g32846/ZN                    -       A2->ZN R     NOR2_X2        2  5.2    20    34     151    (-,-) 
  g32840/ZN                    -       C1->ZN F     OAI211_X2      1  6.0    23    27     178    (-,-) 
  g32839/ZN                    -       A1->ZN R     NAND2_X4       2 10.2    12    23     201    (-,-) 
  g32838/ZN                    -       A->ZN  F     INV_X2         1  5.9     6    10     211    (-,-) 
  g32837/ZN                    -       B1->ZN R     OAI21_X4      10 18.6    32    41     252    (-,-) 
  g32787/ZN                    -       B1->ZN F     OAI21_X1       1  1.8    12    19     271    (-,-) 
  g32734/ZN                    -       A1->ZN R     NAND2_X1       1  3.8    14    21     293    (-,-) 
  g32697/ZN                    -       A2->ZN R     AND2_X4       25 48.2    31    58     350    (-,-) 
  g32676/ZN                    -       A1->ZN F     NAND2_X1       2  3.6    14    23     373    (-,-) 
  g32655/ZN                    -       A->ZN  R     INV_X1         3  5.6    16    25     398    (-,-) 
  g32622/ZN                    -       A1->ZN F     NAND2_X1       3  4.9    15    22     420    (-,-) 
  g32610/ZN                    -       A1->ZN R     NOR2_X1        4  6.5    38    50     470    (-,-) 
  g32595/ZN                    -       A->ZN  F     INV_X1         1  1.7    10    10     480    (-,-) 
  g32562/ZN                    -       A1->ZN R     NOR2_X1        2  3.7    25    34     514    (-,-) 
  g32513/ZN                    -       A1->ZN F     AOI222_X1      1  1.8    25    20     534    (-,-) 
  g32507/ZN                    -       A->ZN  R     INV_X1         1  2.0    11    20     554    (-,-) 
  g32469/ZN                    -       A2->ZN F     NOR2_X1        3  5.4    16    16     569    (-,-) 
  g32460/ZN                    -       A->ZN  R     INV_X1         1  1.9     9    17     586    (-,-) 
  g32436__2346/ZN              -       A->ZN  F     OAI211_X1      1  1.8    21    26     612    (-,-) 
  g32430__4733/ZN              -       A2->ZN R     NAND2_X1       1  1.9    12    23     635    (-,-) 
  g32427__1881/ZN              -       A1->ZN F     NAND2_X1       1  1.2     7    12     647    (-,-) 
  g32424__8246/ZN              -       A1->ZN F     AND2_X1        1  1.8     6    28     675    (-,-) 
  g32420__2802/ZN              -       B1->ZN R     OAI21_X1       1  1.9    19    27     702    (-,-) 
  g32418__1617/ZN              -       A->ZN  F     OAI221_X1      1  1.7    23    33     735    (-,-) 
  g32416__6783/ZN              -       B1->ZN R     AOI21_X1       1  2.0    23    34     768    (-,-) 
  g32415/ZN                    -       A->ZN  F     INV_X1         1  1.7     7     9     778    (-,-) 
  g32414__5526/ZN              -       A1->ZN R     AOI222_X1      1  2.0    49    54     832    (-,-) 
  g32413__8428/ZN              -       B1->ZN F     OAI221_X1      3 10.7    39    64     896    (-,-) 
  g32409__6260/ZN              -       A1->ZN R     NAND2_X4      49 91.9    58    82     977    (-,-) 
  g32355__6131/ZN              -       B1->ZN F     OAI222_X1      1  1.4    21    44    1021    (-,-) 
  smaller_mantissa_l_reg[22]/D -       -      F     DFFR_X1        1    -     -     0    1021    (-,-) 
#------------------------------------------------------------------------------------------------------

Capture clock path:
#------------------------------------------------------------------------------------------------------
#         Timing Point          Flags   Arc   Edge   Cell     Fanout Load Trans Delay Arrival Instance 
#                                                                    (fF)  (ps)  (ps)   (ps)  Location 
#------------------------------------------------------------------------------------------------------
  clk                           (i)     -     R     (arrival)     68  0.0     0     0    1111    (-,-) 
  smaller_mantissa_l_reg[22]/CK <<<     -     R     DFFR_X1       68    -     1     0    1111    (-,-) 
#------------------------------------------------------------------------------------------------------



Path 54: MET (46 ps) Late External Delay Assertion at pin fp_out[26]
           View: view_1p2_25
          Group: clock1
     Startpoint: (R) signs_differ_l_reg/CK
          Clock: (R) clock1
       Endpoint: (F) fp_out[26]
          Clock: (R) clock1

                     Capture       Launch     
        Clock Edge:+    1111            0     
       Src Latency:+       0            0     
       Net Latency:+       0 (I)        0 (I) 
           Arrival:=    1111            0     
                                              
      Output Delay:-       1                  
       Uncertainty:-       0                  
     Required Time:=    1110                  
      Launch Clock:-       0                  
         Data Path:-    1064                  
             Slack:=      46                  

Exceptions/Constraints:
  output_delay              1              add_fp16.sdc_line_17_71_1   

Launch clock path:
#----------------------------------------------------------------------------------------------
#     Timing Point      Flags   Arc   Edge   Cell     Fanout Load Trans Delay Arrival Instance 
#                                                            (fF)  (ps)  (ps)   (ps)  Location 
#----------------------------------------------------------------------------------------------
  clk                   (i)     -     R     (arrival)     68  0.0     0     0       0    (-,-) 
  signs_differ_l_reg/CK <<<     -     R     DFFR_X1       68    -     1     0       0    (-,-) 
#----------------------------------------------------------------------------------------------

#-----------------------------------------------------------------------------------------------
#     Timing Point      Flags    Arc   Edge   Cell     Fanout Load Trans Delay Arrival Instance 
#                                                             (fF)  (ps)  (ps)   (ps)  Location 
#-----------------------------------------------------------------------------------------------
  signs_differ_l_reg/CK -       -      R     (arrival)     68    -     1     0       0    (-,-) 
  signs_differ_l_reg/QN -       CK->QN F     DFFR_X1        3  6.6    17    76      76    (-,-) 
  g32978/ZN             -       A->ZN  R     INV_X2        25 51.2    61    75     151    (-,-) 
  g46831/ZN             -       A->ZN  F     INV_X2        30 51.7    36    59     210    (-,-) 
  g46540__1617/ZN       -       A1->ZN R     NAND2_X1       1  2.0    15    25     235    (-,-) 
  g46529__7410/ZN       -       A->ZN  F     OAI21_X1       1  4.1    14    25     260    (-,-) 
  g46956/ZN             -       A->ZN  R     XNOR2_X2      20 35.9    94   112     372    (-,-) 
  g46478__7482/ZN       -       A->ZN  F     AOI21_X1       1  1.9    25    22     394    (-,-) 
  g46421__2398/ZN       -       B2->ZN R     OAI21_X1       1  1.9    23    39     433    (-,-) 
  g46391__5526/ZN       -       A1->ZN F     NAND2_X1       1  1.7    13    16     448    (-,-) 
  g46317__4319/ZN       -       B1->ZN R     OAI221_X1      1  1.9    36    48     497    (-,-) 
  g46302__4733/ZN       -       A1->ZN F     NAND2_X1       1  1.7    13    18     514    (-,-) 
  g46267__4733/ZN       -       B1->ZN R     AOI21_X1       1  2.0    24    29     543    (-,-) 
  g46196__1881/ZN       -       B1->ZN F     OAI21_X1       1  1.2    18    16     559    (-,-) 
  g46183__4319/ZN       -       A2->ZN F     AND4_X1        1  1.8     8    40     599    (-,-) 
  g46107__2883/ZN       -       B1->ZN R     OAI21_X1       1  2.0    20    28     627    (-,-) 
  g46941/ZN             -       C1->ZN F     AOI211_X1      1  1.7    14    18     645    (-,-) 
  g45914__2346/ZN       -       A1->ZN R     NOR2_X1        2  3.8    25    36     681    (-,-) 
  g46893__9945/ZN       -       A1->ZN R     OR2_X2         3  5.8    10    30     711    (-,-) 
  g45799__5107/ZN       -       A1->ZN F     NAND2_X1       2  3.5    10    17     728    (-,-) 
  g45788__9315/ZN       -       A3->ZN R     NAND4_X1       1  1.9    15    23     750    (-,-) 
  g45778__6131/ZN       -       A1->ZN F     NAND2_X1       3  5.1    13    22     773    (-,-) 
  g45767__5526/ZN       -       A1->ZN R     NAND2_X1       1  3.5    13    21     794    (-,-) 
  g46937/ZN             -       A->ZN  F     OAI21_X2       3  5.1    13    21     815    (-,-) 
  g45749__9315/ZN       -       A1->ZN R     NAND2_X1       2  3.8    14    22     837    (-,-) 
  g46891__6161/ZN       -       A1->ZN R     OR2_X2         4  9.0    14    31     868    (-,-) 
  g45724__6260/ZN       -       B1->ZN F     AOI21_X2       2  3.0    20    15     883    (-,-) 
  g46899/Z              -       A->Z   F     MUX2_X1        2  3.5    12    67     950    (-,-) 
  g45710/ZN             -       A->ZN  R     INV_X1         2  5.5    15    24     974    (-,-) 
  g45699__1881/ZN       -       A1->ZN F     NOR2_X2        3  5.3     8    12     985    (-,-) 
  g2/ZN                 -       A2->ZN R     NOR2_X1        5  9.2    50    66    1051    (-,-) 
  g45685__4319/ZN       -       A1->ZN F     NAND2_X1       1  0.3    12    12    1064    (-,-) 
  fp_out[26]            -       -      F     (port)         -    -     -     0    1064    (-,-) 
#-----------------------------------------------------------------------------------------------



Path 55: MET (46 ps) Late External Delay Assertion at pin fp_out[27]
           View: view_1p2_25
          Group: clock1
     Startpoint: (R) signs_differ_l_reg/CK
          Clock: (R) clock1
       Endpoint: (F) fp_out[27]
          Clock: (R) clock1

                     Capture       Launch     
        Clock Edge:+    1111            0     
       Src Latency:+       0            0     
       Net Latency:+       0 (I)        0 (I) 
           Arrival:=    1111            0     
                                              
      Output Delay:-       1                  
       Uncertainty:-       0                  
     Required Time:=    1110                  
      Launch Clock:-       0                  
         Data Path:-    1064                  
             Slack:=      46                  

Exceptions/Constraints:
  output_delay              1              add_fp16.sdc_line_17_70_1   

Launch clock path:
#----------------------------------------------------------------------------------------------
#     Timing Point      Flags   Arc   Edge   Cell     Fanout Load Trans Delay Arrival Instance 
#                                                            (fF)  (ps)  (ps)   (ps)  Location 
#----------------------------------------------------------------------------------------------
  clk                   (i)     -     R     (arrival)     68  0.0     0     0       0    (-,-) 
  signs_differ_l_reg/CK <<<     -     R     DFFR_X1       68    -     1     0       0    (-,-) 
#----------------------------------------------------------------------------------------------

#-----------------------------------------------------------------------------------------------
#     Timing Point      Flags    Arc   Edge   Cell     Fanout Load Trans Delay Arrival Instance 
#                                                             (fF)  (ps)  (ps)   (ps)  Location 
#-----------------------------------------------------------------------------------------------
  signs_differ_l_reg/CK -       -      R     (arrival)     68    -     1     0       0    (-,-) 
  signs_differ_l_reg/QN -       CK->QN F     DFFR_X1        3  6.6    17    76      76    (-,-) 
  g32978/ZN             -       A->ZN  R     INV_X2        25 51.2    61    75     151    (-,-) 
  g46831/ZN             -       A->ZN  F     INV_X2        30 51.7    36    59     210    (-,-) 
  g46540__1617/ZN       -       A1->ZN R     NAND2_X1       1  2.0    15    25     235    (-,-) 
  g46529__7410/ZN       -       A->ZN  F     OAI21_X1       1  4.1    14    25     260    (-,-) 
  g46956/ZN             -       A->ZN  R     XNOR2_X2      20 35.9    94   112     372    (-,-) 
  g46478__7482/ZN       -       A->ZN  F     AOI21_X1       1  1.9    25    22     394    (-,-) 
  g46421__2398/ZN       -       B2->ZN R     OAI21_X1       1  1.9    23    39     433    (-,-) 
  g46391__5526/ZN       -       A1->ZN F     NAND2_X1       1  1.7    13    16     448    (-,-) 
  g46317__4319/ZN       -       B1->ZN R     OAI221_X1      1  1.9    36    48     497    (-,-) 
  g46302__4733/ZN       -       A1->ZN F     NAND2_X1       1  1.7    13    18     514    (-,-) 
  g46267__4733/ZN       -       B1->ZN R     AOI21_X1       1  2.0    24    29     543    (-,-) 
  g46196__1881/ZN       -       B1->ZN F     OAI21_X1       1  1.2    18    16     559    (-,-) 
  g46183__4319/ZN       -       A2->ZN F     AND4_X1        1  1.8     8    40     599    (-,-) 
  g46107__2883/ZN       -       B1->ZN R     OAI21_X1       1  2.0    20    28     627    (-,-) 
  g46941/ZN             -       C1->ZN F     AOI211_X1      1  1.7    14    18     645    (-,-) 
  g45914__2346/ZN       -       A1->ZN R     NOR2_X1        2  3.8    25    36     681    (-,-) 
  g46893__9945/ZN       -       A1->ZN R     OR2_X2         3  5.8    10    30     711    (-,-) 
  g45799__5107/ZN       -       A1->ZN F     NAND2_X1       2  3.5    10    17     728    (-,-) 
  g45788__9315/ZN       -       A3->ZN R     NAND4_X1       1  1.9    15    23     750    (-,-) 
  g45778__6131/ZN       -       A1->ZN F     NAND2_X1       3  5.1    13    22     773    (-,-) 
  g45767__5526/ZN       -       A1->ZN R     NAND2_X1       1  3.5    13    21     794    (-,-) 
  g46937/ZN             -       A->ZN  F     OAI21_X2       3  5.1    13    21     815    (-,-) 
  g45749__9315/ZN       -       A1->ZN R     NAND2_X1       2  3.8    14    22     837    (-,-) 
  g46891__6161/ZN       -       A1->ZN R     OR2_X2         4  9.0    14    31     868    (-,-) 
  g45724__6260/ZN       -       B1->ZN F     AOI21_X2       2  3.0    20    15     883    (-,-) 
  g46899/Z              -       A->Z   F     MUX2_X1        2  3.5    12    67     950    (-,-) 
  g45710/ZN             -       A->ZN  R     INV_X1         2  5.5    15    24     974    (-,-) 
  g45699__1881/ZN       -       A1->ZN F     NOR2_X2        3  5.3     8    12     985    (-,-) 
  g2/ZN                 -       A2->ZN R     NOR2_X1        5  9.2    50    66    1051    (-,-) 
  g45684__6260/ZN       -       A1->ZN F     NAND2_X1       1  0.3    12    12    1064    (-,-) 
  fp_out[27]            -       -      F     (port)         -    -     -     0    1064    (-,-) 
#-----------------------------------------------------------------------------------------------



Path 56: MET (50 ps) Setup Check with Pin smaller_mantissa_l_reg[24]/CK->D
           View: view_1p2_25
          Group: clock1
     Startpoint: (R) fp1_in[23]
          Clock: (R) clock1
       Endpoint: (R) smaller_mantissa_l_reg[24]/D
          Clock: (R) clock1

                     Capture       Launch     
        Clock Edge:+    1111            0     
        Drv Adjust:+       0            0     
       Src Latency:+       0            0     
       Net Latency:+       0 (I)        0 (I) 
           Arrival:=    1111            0     
                                              
             Setup:-      40                  
       Uncertainty:-       0                  
     Required Time:=    1070                  
      Launch Clock:-       0                  
       Input Delay:-       1                  
         Data Path:-    1020                  
             Slack:=      50                  

Exceptions/Constraints:
  input_delay              1              add_fp16.sdc_line_16_12_1   

#------------------------------------------------------------------------------------------------------
#        Timing Point          Flags    Arc   Edge   Cell     Fanout Load Trans Delay Arrival Instance 
#                                                                    (fF)  (ps)  (ps)   (ps)  Location 
#------------------------------------------------------------------------------------------------------
  fp1_in[23]                   -       -      R     (arrival)      4  8.3     0     0       1    (-,-) 
  g33008/ZN                    -       A->ZN  F     INV_X2         2  6.1     4     6       7    (-,-) 
  g32974/ZN                    -       A1->ZN R     NOR2_X2        3  7.4    25    32      39    (-,-) 
  g32876/ZN                    -       A2->ZN F     NAND2_X2       1  3.2     8    16      56    (-,-) 
  g32869/ZN                    -       A1->ZN R     NAND2_X2       3  7.0    14    19      74    (-,-) 
  g32857/ZN                    -       B1->ZN F     AOI21_X2       2  4.7    10    17      91    (-,-) 
  g32852/ZN                    -       B1->ZN R     OAI21_X2       2  5.5    23    33     124    (-,-) 
  g32846/ZN                    -       A1->ZN F     NOR2_X2        2  4.7     8    12     136    (-,-) 
  g32840/ZN                    -       C1->ZN R     OAI211_X2      1  6.3    28    37     173    (-,-) 
  g32839/ZN                    -       A1->ZN F     NAND2_X4       2  9.0    11    18     191    (-,-) 
  g32838/ZN                    -       A->ZN  R     INV_X2         1  6.7    11    18     210    (-,-) 
  g32837/ZN                    -       B1->ZN F     OAI21_X4      10 17.1    21    20     230    (-,-) 
  g32800/ZN                    -       A1->ZN R     NAND2_X1       2  7.7    23    35     265    (-,-) 
  g32795/ZN                    -       A->ZN  F     INV_X4        23 40.0    14    24     289    (-,-) 
  g46964/ZN                    -       A1->ZN R     AOI22_X1       3  4.9    40    49     339    (-,-) 
  g32685/ZN                    -       A1->ZN R     OR2_X1         2  3.9    14    36     375    (-,-) 
  g32638/ZN                    -       A->ZN  F     OAI21_X1       2  3.6    33    24     399    (-,-) 
  g32591/ZN                    -       A1->ZN R     AOI22_X1       2  3.8    34    52     451    (-,-) 
  g32534/ZN                    -       A1->ZN F     OAI22_X1       2  3.5    20    28     480    (-,-) 
  g32512/ZN                    -       A1->ZN R     AOI22_X1       1  2.0    26    37     517    (-,-) 
  g32478/ZN                    -       A->ZN  F     OAI21_X1       1  1.7    14    22     539    (-,-) 
  g32474/ZN                    -       A1->ZN R     NOR2_X1        3  5.6    34    45     585    (-,-) 
  g32465/ZN                    -       A->ZN  F     INV_X1         2  3.4    11    14     599    (-,-) 
  g32435__2883/ZN              -       A1->ZN R     AOI22_X1       1  1.9    27    33     632    (-,-) 
  g32430__4733/ZN              -       A1->ZN F     NAND2_X1       1  1.8    11    17     648    (-,-) 
  g32427__1881/ZN              -       A1->ZN R     NAND2_X1       1  1.2     8    14     662    (-,-) 
  g32424__8246/ZN              -       A1->ZN R     AND2_X1        1  2.0     9    31     693    (-,-) 
  g32420__2802/ZN              -       B1->ZN F     OAI21_X1       1  1.8    13    14     707    (-,-) 
  g32418__1617/ZN              -       A->ZN  R     OAI221_X1      1  1.9    37    24     731    (-,-) 
  g32416__6783/ZN              -       B1->ZN F     AOI21_X1       1  1.8    13    20     750    (-,-) 
  g32415/ZN                    -       A->ZN  R     INV_X1         1  1.9     8    15     766    (-,-) 
  g32414__5526/ZN              -       A1->ZN F     AOI222_X1      1  1.7    19    15     780    (-,-) 
  g32413__8428/ZN              -       B1->ZN R     OAI221_X1      3 11.6    82   100     881    (-,-) 
  g32409__6260/ZN              -       A1->ZN F     NAND2_X4      49 78.9    48    78     959    (-,-) 
  g32343__6260/ZN              -       B1->ZN R     OAI221_X1      1  1.4    36    62    1021    (-,-) 
  smaller_mantissa_l_reg[24]/D -       -      R     DFFR_X1        1    -     -     0    1021    (-,-) 
#------------------------------------------------------------------------------------------------------

Capture clock path:
#------------------------------------------------------------------------------------------------------
#         Timing Point          Flags   Arc   Edge   Cell     Fanout Load Trans Delay Arrival Instance 
#                                                                    (fF)  (ps)  (ps)   (ps)  Location 
#------------------------------------------------------------------------------------------------------
  clk                           (i)     -     R     (arrival)     68  0.0     0     0    1111    (-,-) 
  smaller_mantissa_l_reg[24]/CK <<<     -     R     DFFR_X1       68    -     1     0    1111    (-,-) 
#------------------------------------------------------------------------------------------------------



Path 57: MET (50 ps) Setup Check with Pin smaller_mantissa_l_reg[23]/CK->D
           View: view_1p2_25
          Group: clock1
     Startpoint: (R) fp1_in[23]
          Clock: (R) clock1
       Endpoint: (R) smaller_mantissa_l_reg[23]/D
          Clock: (R) clock1

                     Capture       Launch     
        Clock Edge:+    1111            0     
        Drv Adjust:+       0            0     
       Src Latency:+       0            0     
       Net Latency:+       0 (I)        0 (I) 
           Arrival:=    1111            0     
                                              
             Setup:-      40                  
       Uncertainty:-       0                  
     Required Time:=    1070                  
      Launch Clock:-       0                  
       Input Delay:-       1                  
         Data Path:-    1020                  
             Slack:=      50                  

Exceptions/Constraints:
  input_delay              1              add_fp16.sdc_line_16_12_1   

#------------------------------------------------------------------------------------------------------
#        Timing Point          Flags    Arc   Edge   Cell     Fanout Load Trans Delay Arrival Instance 
#                                                                    (fF)  (ps)  (ps)   (ps)  Location 
#------------------------------------------------------------------------------------------------------
  fp1_in[23]                   -       -      R     (arrival)      4  8.3     0     0       1    (-,-) 
  g33008/ZN                    -       A->ZN  F     INV_X2         2  6.1     4     6       7    (-,-) 
  g32974/ZN                    -       A1->ZN R     NOR2_X2        3  7.4    25    32      39    (-,-) 
  g32876/ZN                    -       A2->ZN F     NAND2_X2       1  3.2     8    16      56    (-,-) 
  g32869/ZN                    -       A1->ZN R     NAND2_X2       3  7.0    14    19      74    (-,-) 
  g32857/ZN                    -       B1->ZN F     AOI21_X2       2  4.7    10    17      91    (-,-) 
  g32852/ZN                    -       B1->ZN R     OAI21_X2       2  5.5    23    33     124    (-,-) 
  g32846/ZN                    -       A1->ZN F     NOR2_X2        2  4.7     8    12     136    (-,-) 
  g32840/ZN                    -       C1->ZN R     OAI211_X2      1  6.3    28    37     173    (-,-) 
  g32839/ZN                    -       A1->ZN F     NAND2_X4       2  9.0    11    18     191    (-,-) 
  g32838/ZN                    -       A->ZN  R     INV_X2         1  6.7    11    18     210    (-,-) 
  g32837/ZN                    -       B1->ZN F     OAI21_X4      10 17.1    21    20     230    (-,-) 
  g32800/ZN                    -       A1->ZN R     NAND2_X1       2  7.7    23    35     265    (-,-) 
  g32795/ZN                    -       A->ZN  F     INV_X4        23 40.0    14    24     289    (-,-) 
  g46964/ZN                    -       A1->ZN R     AOI22_X1       3  4.9    40    49     339    (-,-) 
  g32685/ZN                    -       A1->ZN R     OR2_X1         2  3.9    14    36     375    (-,-) 
  g32638/ZN                    -       A->ZN  F     OAI21_X1       2  3.6    33    24     399    (-,-) 
  g32591/ZN                    -       A1->ZN R     AOI22_X1       2  3.8    34    52     451    (-,-) 
  g32534/ZN                    -       A1->ZN F     OAI22_X1       2  3.5    20    28     480    (-,-) 
  g32512/ZN                    -       A1->ZN R     AOI22_X1       1  2.0    26    37     517    (-,-) 
  g32478/ZN                    -       A->ZN  F     OAI21_X1       1  1.7    14    22     539    (-,-) 
  g32474/ZN                    -       A1->ZN R     NOR2_X1        3  5.6    34    45     585    (-,-) 
  g32465/ZN                    -       A->ZN  F     INV_X1         2  3.4    11    14     599    (-,-) 
  g32435__2883/ZN              -       A1->ZN R     AOI22_X1       1  1.9    27    33     632    (-,-) 
  g32430__4733/ZN              -       A1->ZN F     NAND2_X1       1  1.8    11    17     648    (-,-) 
  g32427__1881/ZN              -       A1->ZN R     NAND2_X1       1  1.2     8    14     662    (-,-) 
  g32424__8246/ZN              -       A1->ZN R     AND2_X1        1  2.0     9    31     693    (-,-) 
  g32420__2802/ZN              -       B1->ZN F     OAI21_X1       1  1.8    13    14     707    (-,-) 
  g32418__1617/ZN              -       A->ZN  R     OAI221_X1      1  1.9    37    24     731    (-,-) 
  g32416__6783/ZN              -       B1->ZN F     AOI21_X1       1  1.8    13    20     750    (-,-) 
  g32415/ZN                    -       A->ZN  R     INV_X1         1  1.9     8    15     766    (-,-) 
  g32414__5526/ZN              -       A1->ZN F     AOI222_X1      1  1.7    19    15     780    (-,-) 
  g32413__8428/ZN              -       B1->ZN R     OAI221_X1      3 11.6    82   100     881    (-,-) 
  g32409__6260/ZN              -       A1->ZN F     NAND2_X4      49 78.9    48    78     959    (-,-) 
  g32356__1881/ZN              -       B1->ZN R     OAI221_X1      1  1.4    36    62    1021    (-,-) 
  smaller_mantissa_l_reg[23]/D -       -      R     DFFR_X1        1    -     -     0    1021    (-,-) 
#------------------------------------------------------------------------------------------------------

Capture clock path:
#------------------------------------------------------------------------------------------------------
#         Timing Point          Flags   Arc   Edge   Cell     Fanout Load Trans Delay Arrival Instance 
#                                                                    (fF)  (ps)  (ps)   (ps)  Location 
#------------------------------------------------------------------------------------------------------
  clk                           (i)     -     R     (arrival)     68  0.0     0     0    1111    (-,-) 
  smaller_mantissa_l_reg[23]/CK <<<     -     R     DFFR_X1       68    -     1     0    1111    (-,-) 
#------------------------------------------------------------------------------------------------------



Path 58: MET (50 ps) Setup Check with Pin smaller_mantissa_l_reg[21]/CK->D
           View: view_1p2_25
          Group: clock1
     Startpoint: (R) fp1_in[23]
          Clock: (R) clock1
       Endpoint: (R) smaller_mantissa_l_reg[21]/D
          Clock: (R) clock1

                     Capture       Launch     
        Clock Edge:+    1111            0     
        Drv Adjust:+       0            0     
       Src Latency:+       0            0     
       Net Latency:+       0 (I)        0 (I) 
           Arrival:=    1111            0     
                                              
             Setup:-      40                  
       Uncertainty:-       0                  
     Required Time:=    1070                  
      Launch Clock:-       0                  
       Input Delay:-       1                  
         Data Path:-    1020                  
             Slack:=      50                  

Exceptions/Constraints:
  input_delay              1              add_fp16.sdc_line_16_12_1   

#------------------------------------------------------------------------------------------------------
#        Timing Point          Flags    Arc   Edge   Cell     Fanout Load Trans Delay Arrival Instance 
#                                                                    (fF)  (ps)  (ps)   (ps)  Location 
#------------------------------------------------------------------------------------------------------
  fp1_in[23]                   -       -      R     (arrival)      4  8.3     0     0       1    (-,-) 
  g33008/ZN                    -       A->ZN  F     INV_X2         2  6.1     4     6       7    (-,-) 
  g32974/ZN                    -       A1->ZN R     NOR2_X2        3  7.4    25    32      39    (-,-) 
  g32876/ZN                    -       A2->ZN F     NAND2_X2       1  3.2     8    16      56    (-,-) 
  g32869/ZN                    -       A1->ZN R     NAND2_X2       3  7.0    14    19      74    (-,-) 
  g32857/ZN                    -       B1->ZN F     AOI21_X2       2  4.7    10    17      91    (-,-) 
  g32852/ZN                    -       B1->ZN R     OAI21_X2       2  5.5    23    33     124    (-,-) 
  g32846/ZN                    -       A1->ZN F     NOR2_X2        2  4.7     8    12     136    (-,-) 
  g32840/ZN                    -       C1->ZN R     OAI211_X2      1  6.3    28    37     173    (-,-) 
  g32839/ZN                    -       A1->ZN F     NAND2_X4       2  9.0    11    18     191    (-,-) 
  g32838/ZN                    -       A->ZN  R     INV_X2         1  6.7    11    18     210    (-,-) 
  g32837/ZN                    -       B1->ZN F     OAI21_X4      10 17.1    21    20     230    (-,-) 
  g32800/ZN                    -       A1->ZN R     NAND2_X1       2  7.7    23    35     265    (-,-) 
  g32795/ZN                    -       A->ZN  F     INV_X4        23 40.0    14    24     289    (-,-) 
  g46964/ZN                    -       A1->ZN R     AOI22_X1       3  4.9    40    49     339    (-,-) 
  g32685/ZN                    -       A1->ZN R     OR2_X1         2  3.9    14    36     375    (-,-) 
  g32638/ZN                    -       A->ZN  F     OAI21_X1       2  3.6    33    24     399    (-,-) 
  g32591/ZN                    -       A1->ZN R     AOI22_X1       2  3.8    34    52     451    (-,-) 
  g32534/ZN                    -       A1->ZN F     OAI22_X1       2  3.5    20    28     480    (-,-) 
  g32512/ZN                    -       A1->ZN R     AOI22_X1       1  2.0    26    37     517    (-,-) 
  g32478/ZN                    -       A->ZN  F     OAI21_X1       1  1.7    14    22     539    (-,-) 
  g32474/ZN                    -       A1->ZN R     NOR2_X1        3  5.6    34    45     585    (-,-) 
  g32465/ZN                    -       A->ZN  F     INV_X1         2  3.4    11    14     599    (-,-) 
  g32435__2883/ZN              -       A1->ZN R     AOI22_X1       1  1.9    27    33     632    (-,-) 
  g32430__4733/ZN              -       A1->ZN F     NAND2_X1       1  1.8    11    17     648    (-,-) 
  g32427__1881/ZN              -       A1->ZN R     NAND2_X1       1  1.2     8    14     662    (-,-) 
  g32424__8246/ZN              -       A1->ZN R     AND2_X1        1  2.0     9    31     693    (-,-) 
  g32420__2802/ZN              -       B1->ZN F     OAI21_X1       1  1.8    13    14     707    (-,-) 
  g32418__1617/ZN              -       A->ZN  R     OAI221_X1      1  1.9    37    24     731    (-,-) 
  g32416__6783/ZN              -       B1->ZN F     AOI21_X1       1  1.8    13    20     750    (-,-) 
  g32415/ZN                    -       A->ZN  R     INV_X1         1  1.9     8    15     766    (-,-) 
  g32414__5526/ZN              -       A1->ZN F     AOI222_X1      1  1.7    19    15     780    (-,-) 
  g32413__8428/ZN              -       B1->ZN R     OAI221_X1      3 11.6    82   100     881    (-,-) 
  g32409__6260/ZN              -       A1->ZN F     NAND2_X4      49 78.9    48    78     959    (-,-) 
  g32354__7098/ZN              -       B1->ZN R     OAI221_X1      1  1.4    36    62    1021    (-,-) 
  smaller_mantissa_l_reg[21]/D -       -      R     DFFR_X1        1    -     -     0    1021    (-,-) 
#------------------------------------------------------------------------------------------------------

Capture clock path:
#------------------------------------------------------------------------------------------------------
#         Timing Point          Flags   Arc   Edge   Cell     Fanout Load Trans Delay Arrival Instance 
#                                                                    (fF)  (ps)  (ps)   (ps)  Location 
#------------------------------------------------------------------------------------------------------
  clk                           (i)     -     R     (arrival)     68  0.0     0     0    1111    (-,-) 
  smaller_mantissa_l_reg[21]/CK <<<     -     R     DFFR_X1       68    -     1     0    1111    (-,-) 
#------------------------------------------------------------------------------------------------------



Path 59: MET (50 ps) Setup Check with Pin smaller_mantissa_l_reg[20]/CK->D
           View: view_1p2_25
          Group: clock1
     Startpoint: (R) fp1_in[23]
          Clock: (R) clock1
       Endpoint: (R) smaller_mantissa_l_reg[20]/D
          Clock: (R) clock1

                     Capture       Launch     
        Clock Edge:+    1111            0     
        Drv Adjust:+       0            0     
       Src Latency:+       0            0     
       Net Latency:+       0 (I)        0 (I) 
           Arrival:=    1111            0     
                                              
             Setup:-      40                  
       Uncertainty:-       0                  
     Required Time:=    1070                  
      Launch Clock:-       0                  
       Input Delay:-       1                  
         Data Path:-    1020                  
             Slack:=      50                  

Exceptions/Constraints:
  input_delay              1              add_fp16.sdc_line_16_12_1   

#------------------------------------------------------------------------------------------------------
#        Timing Point          Flags    Arc   Edge   Cell     Fanout Load Trans Delay Arrival Instance 
#                                                                    (fF)  (ps)  (ps)   (ps)  Location 
#------------------------------------------------------------------------------------------------------
  fp1_in[23]                   -       -      R     (arrival)      4  8.3     0     0       1    (-,-) 
  g33008/ZN                    -       A->ZN  F     INV_X2         2  6.1     4     6       7    (-,-) 
  g32974/ZN                    -       A1->ZN R     NOR2_X2        3  7.4    25    32      39    (-,-) 
  g32876/ZN                    -       A2->ZN F     NAND2_X2       1  3.2     8    16      56    (-,-) 
  g32869/ZN                    -       A1->ZN R     NAND2_X2       3  7.0    14    19      74    (-,-) 
  g32857/ZN                    -       B1->ZN F     AOI21_X2       2  4.7    10    17      91    (-,-) 
  g32852/ZN                    -       B1->ZN R     OAI21_X2       2  5.5    23    33     124    (-,-) 
  g32846/ZN                    -       A1->ZN F     NOR2_X2        2  4.7     8    12     136    (-,-) 
  g32840/ZN                    -       C1->ZN R     OAI211_X2      1  6.3    28    37     173    (-,-) 
  g32839/ZN                    -       A1->ZN F     NAND2_X4       2  9.0    11    18     191    (-,-) 
  g32838/ZN                    -       A->ZN  R     INV_X2         1  6.7    11    18     210    (-,-) 
  g32837/ZN                    -       B1->ZN F     OAI21_X4      10 17.1    21    20     230    (-,-) 
  g32800/ZN                    -       A1->ZN R     NAND2_X1       2  7.7    23    35     265    (-,-) 
  g32795/ZN                    -       A->ZN  F     INV_X4        23 40.0    14    24     289    (-,-) 
  g46964/ZN                    -       A1->ZN R     AOI22_X1       3  4.9    40    49     339    (-,-) 
  g32685/ZN                    -       A1->ZN R     OR2_X1         2  3.9    14    36     375    (-,-) 
  g32638/ZN                    -       A->ZN  F     OAI21_X1       2  3.6    33    24     399    (-,-) 
  g32591/ZN                    -       A1->ZN R     AOI22_X1       2  3.8    34    52     451    (-,-) 
  g32534/ZN                    -       A1->ZN F     OAI22_X1       2  3.5    20    28     480    (-,-) 
  g32512/ZN                    -       A1->ZN R     AOI22_X1       1  2.0    26    37     517    (-,-) 
  g32478/ZN                    -       A->ZN  F     OAI21_X1       1  1.7    14    22     539    (-,-) 
  g32474/ZN                    -       A1->ZN R     NOR2_X1        3  5.6    34    45     585    (-,-) 
  g32465/ZN                    -       A->ZN  F     INV_X1         2  3.4    11    14     599    (-,-) 
  g32435__2883/ZN              -       A1->ZN R     AOI22_X1       1  1.9    27    33     632    (-,-) 
  g32430__4733/ZN              -       A1->ZN F     NAND2_X1       1  1.8    11    17     648    (-,-) 
  g32427__1881/ZN              -       A1->ZN R     NAND2_X1       1  1.2     8    14     662    (-,-) 
  g32424__8246/ZN              -       A1->ZN R     AND2_X1        1  2.0     9    31     693    (-,-) 
  g32420__2802/ZN              -       B1->ZN F     OAI21_X1       1  1.8    13    14     707    (-,-) 
  g32418__1617/ZN              -       A->ZN  R     OAI221_X1      1  1.9    37    24     731    (-,-) 
  g32416__6783/ZN              -       B1->ZN F     AOI21_X1       1  1.8    13    20     750    (-,-) 
  g32415/ZN                    -       A->ZN  R     INV_X1         1  1.9     8    15     766    (-,-) 
  g32414__5526/ZN              -       A1->ZN F     AOI222_X1      1  1.7    19    15     780    (-,-) 
  g32413__8428/ZN              -       B1->ZN R     OAI221_X1      3 11.6    82   100     881    (-,-) 
  g32409__6260/ZN              -       A1->ZN F     NAND2_X4      49 78.9    48    78     959    (-,-) 
  g32342__5107/ZN              -       B1->ZN R     OAI221_X1      1  1.4    36    62    1021    (-,-) 
  smaller_mantissa_l_reg[20]/D -       -      R     DFFR_X1        1    -     -     0    1021    (-,-) 
#------------------------------------------------------------------------------------------------------

Capture clock path:
#------------------------------------------------------------------------------------------------------
#         Timing Point          Flags   Arc   Edge   Cell     Fanout Load Trans Delay Arrival Instance 
#                                                                    (fF)  (ps)  (ps)   (ps)  Location 
#------------------------------------------------------------------------------------------------------
  clk                           (i)     -     R     (arrival)     68  0.0     0     0    1111    (-,-) 
  smaller_mantissa_l_reg[20]/CK <<<     -     R     DFFR_X1       68    -     1     0    1111    (-,-) 
#------------------------------------------------------------------------------------------------------



Path 60: MET (50 ps) Setup Check with Pin smaller_mantissa_l_reg[19]/CK->D
           View: view_1p2_25
          Group: clock1
     Startpoint: (R) fp1_in[23]
          Clock: (R) clock1
       Endpoint: (R) smaller_mantissa_l_reg[19]/D
          Clock: (R) clock1

                     Capture       Launch     
        Clock Edge:+    1111            0     
        Drv Adjust:+       0            0     
       Src Latency:+       0            0     
       Net Latency:+       0 (I)        0 (I) 
           Arrival:=    1111            0     
                                              
             Setup:-      40                  
       Uncertainty:-       0                  
     Required Time:=    1070                  
      Launch Clock:-       0                  
       Input Delay:-       1                  
         Data Path:-    1020                  
             Slack:=      50                  

Exceptions/Constraints:
  input_delay              1              add_fp16.sdc_line_16_12_1   

#------------------------------------------------------------------------------------------------------
#        Timing Point          Flags    Arc   Edge   Cell     Fanout Load Trans Delay Arrival Instance 
#                                                                    (fF)  (ps)  (ps)   (ps)  Location 
#------------------------------------------------------------------------------------------------------
  fp1_in[23]                   -       -      R     (arrival)      4  8.3     0     0       1    (-,-) 
  g33008/ZN                    -       A->ZN  F     INV_X2         2  6.1     4     6       7    (-,-) 
  g32974/ZN                    -       A1->ZN R     NOR2_X2        3  7.4    25    32      39    (-,-) 
  g32876/ZN                    -       A2->ZN F     NAND2_X2       1  3.2     8    16      56    (-,-) 
  g32869/ZN                    -       A1->ZN R     NAND2_X2       3  7.0    14    19      74    (-,-) 
  g32857/ZN                    -       B1->ZN F     AOI21_X2       2  4.7    10    17      91    (-,-) 
  g32852/ZN                    -       B1->ZN R     OAI21_X2       2  5.5    23    33     124    (-,-) 
  g32846/ZN                    -       A1->ZN F     NOR2_X2        2  4.7     8    12     136    (-,-) 
  g32840/ZN                    -       C1->ZN R     OAI211_X2      1  6.3    28    37     173    (-,-) 
  g32839/ZN                    -       A1->ZN F     NAND2_X4       2  9.0    11    18     191    (-,-) 
  g32838/ZN                    -       A->ZN  R     INV_X2         1  6.7    11    18     210    (-,-) 
  g32837/ZN                    -       B1->ZN F     OAI21_X4      10 17.1    21    20     230    (-,-) 
  g32800/ZN                    -       A1->ZN R     NAND2_X1       2  7.7    23    35     265    (-,-) 
  g32795/ZN                    -       A->ZN  F     INV_X4        23 40.0    14    24     289    (-,-) 
  g46964/ZN                    -       A1->ZN R     AOI22_X1       3  4.9    40    49     339    (-,-) 
  g32685/ZN                    -       A1->ZN R     OR2_X1         2  3.9    14    36     375    (-,-) 
  g32638/ZN                    -       A->ZN  F     OAI21_X1       2  3.6    33    24     399    (-,-) 
  g32591/ZN                    -       A1->ZN R     AOI22_X1       2  3.8    34    52     451    (-,-) 
  g32534/ZN                    -       A1->ZN F     OAI22_X1       2  3.5    20    28     480    (-,-) 
  g32512/ZN                    -       A1->ZN R     AOI22_X1       1  2.0    26    37     517    (-,-) 
  g32478/ZN                    -       A->ZN  F     OAI21_X1       1  1.7    14    22     539    (-,-) 
  g32474/ZN                    -       A1->ZN R     NOR2_X1        3  5.6    34    45     585    (-,-) 
  g32465/ZN                    -       A->ZN  F     INV_X1         2  3.4    11    14     599    (-,-) 
  g32435__2883/ZN              -       A1->ZN R     AOI22_X1       1  1.9    27    33     632    (-,-) 
  g32430__4733/ZN              -       A1->ZN F     NAND2_X1       1  1.8    11    17     648    (-,-) 
  g32427__1881/ZN              -       A1->ZN R     NAND2_X1       1  1.2     8    14     662    (-,-) 
  g32424__8246/ZN              -       A1->ZN R     AND2_X1        1  2.0     9    31     693    (-,-) 
  g32420__2802/ZN              -       B1->ZN F     OAI21_X1       1  1.8    13    14     707    (-,-) 
  g32418__1617/ZN              -       A->ZN  R     OAI221_X1      1  1.9    37    24     731    (-,-) 
  g32416__6783/ZN              -       B1->ZN F     AOI21_X1       1  1.8    13    20     750    (-,-) 
  g32415/ZN                    -       A->ZN  R     INV_X1         1  1.9     8    15     766    (-,-) 
  g32414__5526/ZN              -       A1->ZN F     AOI222_X1      1  1.7    19    15     780    (-,-) 
  g32413__8428/ZN              -       B1->ZN R     OAI221_X1      3 11.6    82   100     881    (-,-) 
  g32409__6260/ZN              -       A1->ZN F     NAND2_X4      49 78.9    48    78     959    (-,-) 
  g32353__8246/ZN              -       B1->ZN R     OAI221_X1      1  1.4    36    62    1021    (-,-) 
  smaller_mantissa_l_reg[19]/D -       -      R     DFFR_X1        1    -     -     0    1021    (-,-) 
#------------------------------------------------------------------------------------------------------

Capture clock path:
#------------------------------------------------------------------------------------------------------
#         Timing Point          Flags   Arc   Edge   Cell     Fanout Load Trans Delay Arrival Instance 
#                                                                    (fF)  (ps)  (ps)   (ps)  Location 
#------------------------------------------------------------------------------------------------------
  clk                           (i)     -     R     (arrival)     68  0.0     0     0    1111    (-,-) 
  smaller_mantissa_l_reg[19]/CK <<<     -     R     DFFR_X1       68    -     1     0    1111    (-,-) 
#------------------------------------------------------------------------------------------------------



Path 61: MET (50 ps) Setup Check with Pin smaller_mantissa_l_reg[18]/CK->D
           View: view_1p2_25
          Group: clock1
     Startpoint: (R) fp1_in[23]
          Clock: (R) clock1
       Endpoint: (R) smaller_mantissa_l_reg[18]/D
          Clock: (R) clock1

                     Capture       Launch     
        Clock Edge:+    1111            0     
        Drv Adjust:+       0            0     
       Src Latency:+       0            0     
       Net Latency:+       0 (I)        0 (I) 
           Arrival:=    1111            0     
                                              
             Setup:-      40                  
       Uncertainty:-       0                  
     Required Time:=    1070                  
      Launch Clock:-       0                  
       Input Delay:-       1                  
         Data Path:-    1020                  
             Slack:=      50                  

Exceptions/Constraints:
  input_delay              1              add_fp16.sdc_line_16_12_1   

#------------------------------------------------------------------------------------------------------
#        Timing Point          Flags    Arc   Edge   Cell     Fanout Load Trans Delay Arrival Instance 
#                                                                    (fF)  (ps)  (ps)   (ps)  Location 
#------------------------------------------------------------------------------------------------------
  fp1_in[23]                   -       -      R     (arrival)      4  8.3     0     0       1    (-,-) 
  g33008/ZN                    -       A->ZN  F     INV_X2         2  6.1     4     6       7    (-,-) 
  g32974/ZN                    -       A1->ZN R     NOR2_X2        3  7.4    25    32      39    (-,-) 
  g32876/ZN                    -       A2->ZN F     NAND2_X2       1  3.2     8    16      56    (-,-) 
  g32869/ZN                    -       A1->ZN R     NAND2_X2       3  7.0    14    19      74    (-,-) 
  g32857/ZN                    -       B1->ZN F     AOI21_X2       2  4.7    10    17      91    (-,-) 
  g32852/ZN                    -       B1->ZN R     OAI21_X2       2  5.5    23    33     124    (-,-) 
  g32846/ZN                    -       A1->ZN F     NOR2_X2        2  4.7     8    12     136    (-,-) 
  g32840/ZN                    -       C1->ZN R     OAI211_X2      1  6.3    28    37     173    (-,-) 
  g32839/ZN                    -       A1->ZN F     NAND2_X4       2  9.0    11    18     191    (-,-) 
  g32838/ZN                    -       A->ZN  R     INV_X2         1  6.7    11    18     210    (-,-) 
  g32837/ZN                    -       B1->ZN F     OAI21_X4      10 17.1    21    20     230    (-,-) 
  g32800/ZN                    -       A1->ZN R     NAND2_X1       2  7.7    23    35     265    (-,-) 
  g32795/ZN                    -       A->ZN  F     INV_X4        23 40.0    14    24     289    (-,-) 
  g46964/ZN                    -       A1->ZN R     AOI22_X1       3  4.9    40    49     339    (-,-) 
  g32685/ZN                    -       A1->ZN R     OR2_X1         2  3.9    14    36     375    (-,-) 
  g32638/ZN                    -       A->ZN  F     OAI21_X1       2  3.6    33    24     399    (-,-) 
  g32591/ZN                    -       A1->ZN R     AOI22_X1       2  3.8    34    52     451    (-,-) 
  g32534/ZN                    -       A1->ZN F     OAI22_X1       2  3.5    20    28     480    (-,-) 
  g32512/ZN                    -       A1->ZN R     AOI22_X1       1  2.0    26    37     517    (-,-) 
  g32478/ZN                    -       A->ZN  F     OAI21_X1       1  1.7    14    22     539    (-,-) 
  g32474/ZN                    -       A1->ZN R     NOR2_X1        3  5.6    34    45     585    (-,-) 
  g32465/ZN                    -       A->ZN  F     INV_X1         2  3.4    11    14     599    (-,-) 
  g32435__2883/ZN              -       A1->ZN R     AOI22_X1       1  1.9    27    33     632    (-,-) 
  g32430__4733/ZN              -       A1->ZN F     NAND2_X1       1  1.8    11    17     648    (-,-) 
  g32427__1881/ZN              -       A1->ZN R     NAND2_X1       1  1.2     8    14     662    (-,-) 
  g32424__8246/ZN              -       A1->ZN R     AND2_X1        1  2.0     9    31     693    (-,-) 
  g32420__2802/ZN              -       B1->ZN F     OAI21_X1       1  1.8    13    14     707    (-,-) 
  g32418__1617/ZN              -       A->ZN  R     OAI221_X1      1  1.9    37    24     731    (-,-) 
  g32416__6783/ZN              -       B1->ZN F     AOI21_X1       1  1.8    13    20     750    (-,-) 
  g32415/ZN                    -       A->ZN  R     INV_X1         1  1.9     8    15     766    (-,-) 
  g32414__5526/ZN              -       A1->ZN F     AOI222_X1      1  1.7    19    15     780    (-,-) 
  g32413__8428/ZN              -       B1->ZN R     OAI221_X1      3 11.6    82   100     881    (-,-) 
  g32409__6260/ZN              -       A1->ZN F     NAND2_X4      49 78.9    48    78     959    (-,-) 
  g32352__5122/ZN              -       B1->ZN R     OAI221_X1      1  1.4    36    62    1021    (-,-) 
  smaller_mantissa_l_reg[18]/D -       -      R     DFFR_X1        1    -     -     0    1021    (-,-) 
#------------------------------------------------------------------------------------------------------

Capture clock path:
#------------------------------------------------------------------------------------------------------
#         Timing Point          Flags   Arc   Edge   Cell     Fanout Load Trans Delay Arrival Instance 
#                                                                    (fF)  (ps)  (ps)   (ps)  Location 
#------------------------------------------------------------------------------------------------------
  clk                           (i)     -     R     (arrival)     68  0.0     0     0    1111    (-,-) 
  smaller_mantissa_l_reg[18]/CK <<<     -     R     DFFR_X1       68    -     1     0    1111    (-,-) 
#------------------------------------------------------------------------------------------------------



Path 62: MET (50 ps) Setup Check with Pin smaller_mantissa_l_reg[17]/CK->D
           View: view_1p2_25
          Group: clock1
     Startpoint: (R) fp1_in[23]
          Clock: (R) clock1
       Endpoint: (R) smaller_mantissa_l_reg[17]/D
          Clock: (R) clock1

                     Capture       Launch     
        Clock Edge:+    1111            0     
        Drv Adjust:+       0            0     
       Src Latency:+       0            0     
       Net Latency:+       0 (I)        0 (I) 
           Arrival:=    1111            0     
                                              
             Setup:-      40                  
       Uncertainty:-       0                  
     Required Time:=    1070                  
      Launch Clock:-       0                  
       Input Delay:-       1                  
         Data Path:-    1020                  
             Slack:=      50                  

Exceptions/Constraints:
  input_delay              1              add_fp16.sdc_line_16_12_1   

#------------------------------------------------------------------------------------------------------
#        Timing Point          Flags    Arc   Edge   Cell     Fanout Load Trans Delay Arrival Instance 
#                                                                    (fF)  (ps)  (ps)   (ps)  Location 
#------------------------------------------------------------------------------------------------------
  fp1_in[23]                   -       -      R     (arrival)      4  8.3     0     0       1    (-,-) 
  g33008/ZN                    -       A->ZN  F     INV_X2         2  6.1     4     6       7    (-,-) 
  g32974/ZN                    -       A1->ZN R     NOR2_X2        3  7.4    25    32      39    (-,-) 
  g32876/ZN                    -       A2->ZN F     NAND2_X2       1  3.2     8    16      56    (-,-) 
  g32869/ZN                    -       A1->ZN R     NAND2_X2       3  7.0    14    19      74    (-,-) 
  g32857/ZN                    -       B1->ZN F     AOI21_X2       2  4.7    10    17      91    (-,-) 
  g32852/ZN                    -       B1->ZN R     OAI21_X2       2  5.5    23    33     124    (-,-) 
  g32846/ZN                    -       A1->ZN F     NOR2_X2        2  4.7     8    12     136    (-,-) 
  g32840/ZN                    -       C1->ZN R     OAI211_X2      1  6.3    28    37     173    (-,-) 
  g32839/ZN                    -       A1->ZN F     NAND2_X4       2  9.0    11    18     191    (-,-) 
  g32838/ZN                    -       A->ZN  R     INV_X2         1  6.7    11    18     210    (-,-) 
  g32837/ZN                    -       B1->ZN F     OAI21_X4      10 17.1    21    20     230    (-,-) 
  g32800/ZN                    -       A1->ZN R     NAND2_X1       2  7.7    23    35     265    (-,-) 
  g32795/ZN                    -       A->ZN  F     INV_X4        23 40.0    14    24     289    (-,-) 
  g46964/ZN                    -       A1->ZN R     AOI22_X1       3  4.9    40    49     339    (-,-) 
  g32685/ZN                    -       A1->ZN R     OR2_X1         2  3.9    14    36     375    (-,-) 
  g32638/ZN                    -       A->ZN  F     OAI21_X1       2  3.6    33    24     399    (-,-) 
  g32591/ZN                    -       A1->ZN R     AOI22_X1       2  3.8    34    52     451    (-,-) 
  g32534/ZN                    -       A1->ZN F     OAI22_X1       2  3.5    20    28     480    (-,-) 
  g32512/ZN                    -       A1->ZN R     AOI22_X1       1  2.0    26    37     517    (-,-) 
  g32478/ZN                    -       A->ZN  F     OAI21_X1       1  1.7    14    22     539    (-,-) 
  g32474/ZN                    -       A1->ZN R     NOR2_X1        3  5.6    34    45     585    (-,-) 
  g32465/ZN                    -       A->ZN  F     INV_X1         2  3.4    11    14     599    (-,-) 
  g32435__2883/ZN              -       A1->ZN R     AOI22_X1       1  1.9    27    33     632    (-,-) 
  g32430__4733/ZN              -       A1->ZN F     NAND2_X1       1  1.8    11    17     648    (-,-) 
  g32427__1881/ZN              -       A1->ZN R     NAND2_X1       1  1.2     8    14     662    (-,-) 
  g32424__8246/ZN              -       A1->ZN R     AND2_X1        1  2.0     9    31     693    (-,-) 
  g32420__2802/ZN              -       B1->ZN F     OAI21_X1       1  1.8    13    14     707    (-,-) 
  g32418__1617/ZN              -       A->ZN  R     OAI221_X1      1  1.9    37    24     731    (-,-) 
  g32416__6783/ZN              -       B1->ZN F     AOI21_X1       1  1.8    13    20     750    (-,-) 
  g32415/ZN                    -       A->ZN  R     INV_X1         1  1.9     8    15     766    (-,-) 
  g32414__5526/ZN              -       A1->ZN F     AOI222_X1      1  1.7    19    15     780    (-,-) 
  g32413__8428/ZN              -       B1->ZN R     OAI221_X1      3 11.6    82   100     881    (-,-) 
  g32409__6260/ZN              -       A1->ZN F     NAND2_X4      49 78.9    48    78     959    (-,-) 
  g32341__2398/ZN              -       B1->ZN R     OAI221_X1      1  1.4    36    62    1021    (-,-) 
  smaller_mantissa_l_reg[17]/D -       -      R     DFFR_X1        1    -     -     0    1021    (-,-) 
#------------------------------------------------------------------------------------------------------

Capture clock path:
#------------------------------------------------------------------------------------------------------
#         Timing Point          Flags   Arc   Edge   Cell     Fanout Load Trans Delay Arrival Instance 
#                                                                    (fF)  (ps)  (ps)   (ps)  Location 
#------------------------------------------------------------------------------------------------------
  clk                           (i)     -     R     (arrival)     68  0.0     0     0    1111    (-,-) 
  smaller_mantissa_l_reg[17]/CK <<<     -     R     DFFR_X1       68    -     1     0    1111    (-,-) 
#------------------------------------------------------------------------------------------------------



Path 63: MET (50 ps) Setup Check with Pin smaller_mantissa_l_reg[16]/CK->D
           View: view_1p2_25
          Group: clock1
     Startpoint: (R) fp1_in[23]
          Clock: (R) clock1
       Endpoint: (R) smaller_mantissa_l_reg[16]/D
          Clock: (R) clock1

                     Capture       Launch     
        Clock Edge:+    1111            0     
        Drv Adjust:+       0            0     
       Src Latency:+       0            0     
       Net Latency:+       0 (I)        0 (I) 
           Arrival:=    1111            0     
                                              
             Setup:-      40                  
       Uncertainty:-       0                  
     Required Time:=    1070                  
      Launch Clock:-       0                  
       Input Delay:-       1                  
         Data Path:-    1020                  
             Slack:=      50                  

Exceptions/Constraints:
  input_delay              1              add_fp16.sdc_line_16_12_1   

#------------------------------------------------------------------------------------------------------
#        Timing Point          Flags    Arc   Edge   Cell     Fanout Load Trans Delay Arrival Instance 
#                                                                    (fF)  (ps)  (ps)   (ps)  Location 
#------------------------------------------------------------------------------------------------------
  fp1_in[23]                   -       -      R     (arrival)      4  8.3     0     0       1    (-,-) 
  g33008/ZN                    -       A->ZN  F     INV_X2         2  6.1     4     6       7    (-,-) 
  g32974/ZN                    -       A1->ZN R     NOR2_X2        3  7.4    25    32      39    (-,-) 
  g32876/ZN                    -       A2->ZN F     NAND2_X2       1  3.2     8    16      56    (-,-) 
  g32869/ZN                    -       A1->ZN R     NAND2_X2       3  7.0    14    19      74    (-,-) 
  g32857/ZN                    -       B1->ZN F     AOI21_X2       2  4.7    10    17      91    (-,-) 
  g32852/ZN                    -       B1->ZN R     OAI21_X2       2  5.5    23    33     124    (-,-) 
  g32846/ZN                    -       A1->ZN F     NOR2_X2        2  4.7     8    12     136    (-,-) 
  g32840/ZN                    -       C1->ZN R     OAI211_X2      1  6.3    28    37     173    (-,-) 
  g32839/ZN                    -       A1->ZN F     NAND2_X4       2  9.0    11    18     191    (-,-) 
  g32838/ZN                    -       A->ZN  R     INV_X2         1  6.7    11    18     210    (-,-) 
  g32837/ZN                    -       B1->ZN F     OAI21_X4      10 17.1    21    20     230    (-,-) 
  g32800/ZN                    -       A1->ZN R     NAND2_X1       2  7.7    23    35     265    (-,-) 
  g32795/ZN                    -       A->ZN  F     INV_X4        23 40.0    14    24     289    (-,-) 
  g46964/ZN                    -       A1->ZN R     AOI22_X1       3  4.9    40    49     339    (-,-) 
  g32685/ZN                    -       A1->ZN R     OR2_X1         2  3.9    14    36     375    (-,-) 
  g32638/ZN                    -       A->ZN  F     OAI21_X1       2  3.6    33    24     399    (-,-) 
  g32591/ZN                    -       A1->ZN R     AOI22_X1       2  3.8    34    52     451    (-,-) 
  g32534/ZN                    -       A1->ZN F     OAI22_X1       2  3.5    20    28     480    (-,-) 
  g32512/ZN                    -       A1->ZN R     AOI22_X1       1  2.0    26    37     517    (-,-) 
  g32478/ZN                    -       A->ZN  F     OAI21_X1       1  1.7    14    22     539    (-,-) 
  g32474/ZN                    -       A1->ZN R     NOR2_X1        3  5.6    34    45     585    (-,-) 
  g32465/ZN                    -       A->ZN  F     INV_X1         2  3.4    11    14     599    (-,-) 
  g32435__2883/ZN              -       A1->ZN R     AOI22_X1       1  1.9    27    33     632    (-,-) 
  g32430__4733/ZN              -       A1->ZN F     NAND2_X1       1  1.8    11    17     648    (-,-) 
  g32427__1881/ZN              -       A1->ZN R     NAND2_X1       1  1.2     8    14     662    (-,-) 
  g32424__8246/ZN              -       A1->ZN R     AND2_X1        1  2.0     9    31     693    (-,-) 
  g32420__2802/ZN              -       B1->ZN F     OAI21_X1       1  1.8    13    14     707    (-,-) 
  g32418__1617/ZN              -       A->ZN  R     OAI221_X1      1  1.9    37    24     731    (-,-) 
  g32416__6783/ZN              -       B1->ZN F     AOI21_X1       1  1.8    13    20     750    (-,-) 
  g32415/ZN                    -       A->ZN  R     INV_X1         1  1.9     8    15     766    (-,-) 
  g32414__5526/ZN              -       A1->ZN F     AOI222_X1      1  1.7    19    15     780    (-,-) 
  g32413__8428/ZN              -       B1->ZN R     OAI221_X1      3 11.6    82   100     881    (-,-) 
  g32409__6260/ZN              -       A1->ZN F     NAND2_X4      49 78.9    48    78     959    (-,-) 
  g32351__1705/ZN              -       B1->ZN R     OAI221_X1      1  1.4    36    62    1021    (-,-) 
  smaller_mantissa_l_reg[16]/D -       -      R     DFFR_X1        1    -     -     0    1021    (-,-) 
#------------------------------------------------------------------------------------------------------

Capture clock path:
#------------------------------------------------------------------------------------------------------
#         Timing Point          Flags   Arc   Edge   Cell     Fanout Load Trans Delay Arrival Instance 
#                                                                    (fF)  (ps)  (ps)   (ps)  Location 
#------------------------------------------------------------------------------------------------------
  clk                           (i)     -     R     (arrival)     68  0.0     0     0    1111    (-,-) 
  smaller_mantissa_l_reg[16]/CK <<<     -     R     DFFR_X1       68    -     1     0    1111    (-,-) 
#------------------------------------------------------------------------------------------------------



Path 64: MET (50 ps) Setup Check with Pin smaller_mantissa_l_reg[15]/CK->D
           View: view_1p2_25
          Group: clock1
     Startpoint: (R) fp1_in[23]
          Clock: (R) clock1
       Endpoint: (R) smaller_mantissa_l_reg[15]/D
          Clock: (R) clock1

                     Capture       Launch     
        Clock Edge:+    1111            0     
        Drv Adjust:+       0            0     
       Src Latency:+       0            0     
       Net Latency:+       0 (I)        0 (I) 
           Arrival:=    1111            0     
                                              
             Setup:-      40                  
       Uncertainty:-       0                  
     Required Time:=    1070                  
      Launch Clock:-       0                  
       Input Delay:-       1                  
         Data Path:-    1020                  
             Slack:=      50                  

Exceptions/Constraints:
  input_delay              1              add_fp16.sdc_line_16_12_1   

#------------------------------------------------------------------------------------------------------
#        Timing Point          Flags    Arc   Edge   Cell     Fanout Load Trans Delay Arrival Instance 
#                                                                    (fF)  (ps)  (ps)   (ps)  Location 
#------------------------------------------------------------------------------------------------------
  fp1_in[23]                   -       -      R     (arrival)      4  8.3     0     0       1    (-,-) 
  g33008/ZN                    -       A->ZN  F     INV_X2         2  6.1     4     6       7    (-,-) 
  g32974/ZN                    -       A1->ZN R     NOR2_X2        3  7.4    25    32      39    (-,-) 
  g32876/ZN                    -       A2->ZN F     NAND2_X2       1  3.2     8    16      56    (-,-) 
  g32869/ZN                    -       A1->ZN R     NAND2_X2       3  7.0    14    19      74    (-,-) 
  g32857/ZN                    -       B1->ZN F     AOI21_X2       2  4.7    10    17      91    (-,-) 
  g32852/ZN                    -       B1->ZN R     OAI21_X2       2  5.5    23    33     124    (-,-) 
  g32846/ZN                    -       A1->ZN F     NOR2_X2        2  4.7     8    12     136    (-,-) 
  g32840/ZN                    -       C1->ZN R     OAI211_X2      1  6.3    28    37     173    (-,-) 
  g32839/ZN                    -       A1->ZN F     NAND2_X4       2  9.0    11    18     191    (-,-) 
  g32838/ZN                    -       A->ZN  R     INV_X2         1  6.7    11    18     210    (-,-) 
  g32837/ZN                    -       B1->ZN F     OAI21_X4      10 17.1    21    20     230    (-,-) 
  g32800/ZN                    -       A1->ZN R     NAND2_X1       2  7.7    23    35     265    (-,-) 
  g32795/ZN                    -       A->ZN  F     INV_X4        23 40.0    14    24     289    (-,-) 
  g46964/ZN                    -       A1->ZN R     AOI22_X1       3  4.9    40    49     339    (-,-) 
  g32685/ZN                    -       A1->ZN R     OR2_X1         2  3.9    14    36     375    (-,-) 
  g32638/ZN                    -       A->ZN  F     OAI21_X1       2  3.6    33    24     399    (-,-) 
  g32591/ZN                    -       A1->ZN R     AOI22_X1       2  3.8    34    52     451    (-,-) 
  g32534/ZN                    -       A1->ZN F     OAI22_X1       2  3.5    20    28     480    (-,-) 
  g32512/ZN                    -       A1->ZN R     AOI22_X1       1  2.0    26    37     517    (-,-) 
  g32478/ZN                    -       A->ZN  F     OAI21_X1       1  1.7    14    22     539    (-,-) 
  g32474/ZN                    -       A1->ZN R     NOR2_X1        3  5.6    34    45     585    (-,-) 
  g32465/ZN                    -       A->ZN  F     INV_X1         2  3.4    11    14     599    (-,-) 
  g32435__2883/ZN              -       A1->ZN R     AOI22_X1       1  1.9    27    33     632    (-,-) 
  g32430__4733/ZN              -       A1->ZN F     NAND2_X1       1  1.8    11    17     648    (-,-) 
  g32427__1881/ZN              -       A1->ZN R     NAND2_X1       1  1.2     8    14     662    (-,-) 
  g32424__8246/ZN              -       A1->ZN R     AND2_X1        1  2.0     9    31     693    (-,-) 
  g32420__2802/ZN              -       B1->ZN F     OAI21_X1       1  1.8    13    14     707    (-,-) 
  g32418__1617/ZN              -       A->ZN  R     OAI221_X1      1  1.9    37    24     731    (-,-) 
  g32416__6783/ZN              -       B1->ZN F     AOI21_X1       1  1.8    13    20     750    (-,-) 
  g32415/ZN                    -       A->ZN  R     INV_X1         1  1.9     8    15     766    (-,-) 
  g32414__5526/ZN              -       A1->ZN F     AOI222_X1      1  1.7    19    15     780    (-,-) 
  g32413__8428/ZN              -       B1->ZN R     OAI221_X1      3 11.6    82   100     881    (-,-) 
  g32409__6260/ZN              -       A1->ZN F     NAND2_X4      49 78.9    48    78     959    (-,-) 
  g32340__5477/ZN              -       B1->ZN R     OAI221_X1      1  1.4    36    62    1021    (-,-) 
  smaller_mantissa_l_reg[15]/D -       -      R     DFFR_X1        1    -     -     0    1021    (-,-) 
#------------------------------------------------------------------------------------------------------

Capture clock path:
#------------------------------------------------------------------------------------------------------
#         Timing Point          Flags   Arc   Edge   Cell     Fanout Load Trans Delay Arrival Instance 
#                                                                    (fF)  (ps)  (ps)   (ps)  Location 
#------------------------------------------------------------------------------------------------------
  clk                           (i)     -     R     (arrival)     68  0.0     0     0    1111    (-,-) 
  smaller_mantissa_l_reg[15]/CK <<<     -     R     DFFR_X1       68    -     1     0    1111    (-,-) 
#------------------------------------------------------------------------------------------------------



Path 65: MET (50 ps) Setup Check with Pin smaller_mantissa_l_reg[14]/CK->D
           View: view_1p2_25
          Group: clock1
     Startpoint: (R) fp1_in[23]
          Clock: (R) clock1
       Endpoint: (R) smaller_mantissa_l_reg[14]/D
          Clock: (R) clock1

                     Capture       Launch     
        Clock Edge:+    1111            0     
        Drv Adjust:+       0            0     
       Src Latency:+       0            0     
       Net Latency:+       0 (I)        0 (I) 
           Arrival:=    1111            0     
                                              
             Setup:-      40                  
       Uncertainty:-       0                  
     Required Time:=    1070                  
      Launch Clock:-       0                  
       Input Delay:-       1                  
         Data Path:-    1020                  
             Slack:=      50                  

Exceptions/Constraints:
  input_delay              1              add_fp16.sdc_line_16_12_1   

#------------------------------------------------------------------------------------------------------
#        Timing Point          Flags    Arc   Edge   Cell     Fanout Load Trans Delay Arrival Instance 
#                                                                    (fF)  (ps)  (ps)   (ps)  Location 
#------------------------------------------------------------------------------------------------------
  fp1_in[23]                   -       -      R     (arrival)      4  8.3     0     0       1    (-,-) 
  g33008/ZN                    -       A->ZN  F     INV_X2         2  6.1     4     6       7    (-,-) 
  g32974/ZN                    -       A1->ZN R     NOR2_X2        3  7.4    25    32      39    (-,-) 
  g32876/ZN                    -       A2->ZN F     NAND2_X2       1  3.2     8    16      56    (-,-) 
  g32869/ZN                    -       A1->ZN R     NAND2_X2       3  7.0    14    19      74    (-,-) 
  g32857/ZN                    -       B1->ZN F     AOI21_X2       2  4.7    10    17      91    (-,-) 
  g32852/ZN                    -       B1->ZN R     OAI21_X2       2  5.5    23    33     124    (-,-) 
  g32846/ZN                    -       A1->ZN F     NOR2_X2        2  4.7     8    12     136    (-,-) 
  g32840/ZN                    -       C1->ZN R     OAI211_X2      1  6.3    28    37     173    (-,-) 
  g32839/ZN                    -       A1->ZN F     NAND2_X4       2  9.0    11    18     191    (-,-) 
  g32838/ZN                    -       A->ZN  R     INV_X2         1  6.7    11    18     210    (-,-) 
  g32837/ZN                    -       B1->ZN F     OAI21_X4      10 17.1    21    20     230    (-,-) 
  g32800/ZN                    -       A1->ZN R     NAND2_X1       2  7.7    23    35     265    (-,-) 
  g32795/ZN                    -       A->ZN  F     INV_X4        23 40.0    14    24     289    (-,-) 
  g46964/ZN                    -       A1->ZN R     AOI22_X1       3  4.9    40    49     339    (-,-) 
  g32685/ZN                    -       A1->ZN R     OR2_X1         2  3.9    14    36     375    (-,-) 
  g32638/ZN                    -       A->ZN  F     OAI21_X1       2  3.6    33    24     399    (-,-) 
  g32591/ZN                    -       A1->ZN R     AOI22_X1       2  3.8    34    52     451    (-,-) 
  g32534/ZN                    -       A1->ZN F     OAI22_X1       2  3.5    20    28     480    (-,-) 
  g32512/ZN                    -       A1->ZN R     AOI22_X1       1  2.0    26    37     517    (-,-) 
  g32478/ZN                    -       A->ZN  F     OAI21_X1       1  1.7    14    22     539    (-,-) 
  g32474/ZN                    -       A1->ZN R     NOR2_X1        3  5.6    34    45     585    (-,-) 
  g32465/ZN                    -       A->ZN  F     INV_X1         2  3.4    11    14     599    (-,-) 
  g32435__2883/ZN              -       A1->ZN R     AOI22_X1       1  1.9    27    33     632    (-,-) 
  g32430__4733/ZN              -       A1->ZN F     NAND2_X1       1  1.8    11    17     648    (-,-) 
  g32427__1881/ZN              -       A1->ZN R     NAND2_X1       1  1.2     8    14     662    (-,-) 
  g32424__8246/ZN              -       A1->ZN R     AND2_X1        1  2.0     9    31     693    (-,-) 
  g32420__2802/ZN              -       B1->ZN F     OAI21_X1       1  1.8    13    14     707    (-,-) 
  g32418__1617/ZN              -       A->ZN  R     OAI221_X1      1  1.9    37    24     731    (-,-) 
  g32416__6783/ZN              -       B1->ZN F     AOI21_X1       1  1.8    13    20     750    (-,-) 
  g32415/ZN                    -       A->ZN  R     INV_X1         1  1.9     8    15     766    (-,-) 
  g32414__5526/ZN              -       A1->ZN F     AOI222_X1      1  1.7    19    15     780    (-,-) 
  g32413__8428/ZN              -       B1->ZN R     OAI221_X1      3 11.6    82   100     881    (-,-) 
  g32409__6260/ZN              -       A1->ZN F     NAND2_X4      49 78.9    48    78     959    (-,-) 
  g32338__7410/ZN              -       B1->ZN R     OAI221_X1      1  1.4    36    62    1021    (-,-) 
  smaller_mantissa_l_reg[14]/D -       -      R     DFFR_X1        1    -     -     0    1021    (-,-) 
#------------------------------------------------------------------------------------------------------

Capture clock path:
#------------------------------------------------------------------------------------------------------
#         Timing Point          Flags   Arc   Edge   Cell     Fanout Load Trans Delay Arrival Instance 
#                                                                    (fF)  (ps)  (ps)   (ps)  Location 
#------------------------------------------------------------------------------------------------------
  clk                           (i)     -     R     (arrival)     68  0.0     0     0    1111    (-,-) 
  smaller_mantissa_l_reg[14]/CK <<<     -     R     DFFR_X1       68    -     1     0    1111    (-,-) 
#------------------------------------------------------------------------------------------------------



Path 66: MET (50 ps) Setup Check with Pin smaller_mantissa_l_reg[13]/CK->D
           View: view_1p2_25
          Group: clock1
     Startpoint: (R) fp1_in[23]
          Clock: (R) clock1
       Endpoint: (R) smaller_mantissa_l_reg[13]/D
          Clock: (R) clock1

                     Capture       Launch     
        Clock Edge:+    1111            0     
        Drv Adjust:+       0            0     
       Src Latency:+       0            0     
       Net Latency:+       0 (I)        0 (I) 
           Arrival:=    1111            0     
                                              
             Setup:-      40                  
       Uncertainty:-       0                  
     Required Time:=    1070                  
      Launch Clock:-       0                  
       Input Delay:-       1                  
         Data Path:-    1020                  
             Slack:=      50                  

Exceptions/Constraints:
  input_delay              1              add_fp16.sdc_line_16_12_1   

#------------------------------------------------------------------------------------------------------
#        Timing Point          Flags    Arc   Edge   Cell     Fanout Load Trans Delay Arrival Instance 
#                                                                    (fF)  (ps)  (ps)   (ps)  Location 
#------------------------------------------------------------------------------------------------------
  fp1_in[23]                   -       -      R     (arrival)      4  8.3     0     0       1    (-,-) 
  g33008/ZN                    -       A->ZN  F     INV_X2         2  6.1     4     6       7    (-,-) 
  g32974/ZN                    -       A1->ZN R     NOR2_X2        3  7.4    25    32      39    (-,-) 
  g32876/ZN                    -       A2->ZN F     NAND2_X2       1  3.2     8    16      56    (-,-) 
  g32869/ZN                    -       A1->ZN R     NAND2_X2       3  7.0    14    19      74    (-,-) 
  g32857/ZN                    -       B1->ZN F     AOI21_X2       2  4.7    10    17      91    (-,-) 
  g32852/ZN                    -       B1->ZN R     OAI21_X2       2  5.5    23    33     124    (-,-) 
  g32846/ZN                    -       A1->ZN F     NOR2_X2        2  4.7     8    12     136    (-,-) 
  g32840/ZN                    -       C1->ZN R     OAI211_X2      1  6.3    28    37     173    (-,-) 
  g32839/ZN                    -       A1->ZN F     NAND2_X4       2  9.0    11    18     191    (-,-) 
  g32838/ZN                    -       A->ZN  R     INV_X2         1  6.7    11    18     210    (-,-) 
  g32837/ZN                    -       B1->ZN F     OAI21_X4      10 17.1    21    20     230    (-,-) 
  g32800/ZN                    -       A1->ZN R     NAND2_X1       2  7.7    23    35     265    (-,-) 
  g32795/ZN                    -       A->ZN  F     INV_X4        23 40.0    14    24     289    (-,-) 
  g46964/ZN                    -       A1->ZN R     AOI22_X1       3  4.9    40    49     339    (-,-) 
  g32685/ZN                    -       A1->ZN R     OR2_X1         2  3.9    14    36     375    (-,-) 
  g32638/ZN                    -       A->ZN  F     OAI21_X1       2  3.6    33    24     399    (-,-) 
  g32591/ZN                    -       A1->ZN R     AOI22_X1       2  3.8    34    52     451    (-,-) 
  g32534/ZN                    -       A1->ZN F     OAI22_X1       2  3.5    20    28     480    (-,-) 
  g32512/ZN                    -       A1->ZN R     AOI22_X1       1  2.0    26    37     517    (-,-) 
  g32478/ZN                    -       A->ZN  F     OAI21_X1       1  1.7    14    22     539    (-,-) 
  g32474/ZN                    -       A1->ZN R     NOR2_X1        3  5.6    34    45     585    (-,-) 
  g32465/ZN                    -       A->ZN  F     INV_X1         2  3.4    11    14     599    (-,-) 
  g32435__2883/ZN              -       A1->ZN R     AOI22_X1       1  1.9    27    33     632    (-,-) 
  g32430__4733/ZN              -       A1->ZN F     NAND2_X1       1  1.8    11    17     648    (-,-) 
  g32427__1881/ZN              -       A1->ZN R     NAND2_X1       1  1.2     8    14     662    (-,-) 
  g32424__8246/ZN              -       A1->ZN R     AND2_X1        1  2.0     9    31     693    (-,-) 
  g32420__2802/ZN              -       B1->ZN F     OAI21_X1       1  1.8    13    14     707    (-,-) 
  g32418__1617/ZN              -       A->ZN  R     OAI221_X1      1  1.9    37    24     731    (-,-) 
  g32416__6783/ZN              -       B1->ZN F     AOI21_X1       1  1.8    13    20     750    (-,-) 
  g32415/ZN                    -       A->ZN  R     INV_X1         1  1.9     8    15     766    (-,-) 
  g32414__5526/ZN              -       A1->ZN F     AOI222_X1      1  1.7    19    15     780    (-,-) 
  g32413__8428/ZN              -       B1->ZN R     OAI221_X1      3 11.6    82   100     881    (-,-) 
  g32409__6260/ZN              -       A1->ZN F     NAND2_X4      49 78.9    48    78     959    (-,-) 
  g32349__1617/ZN              -       B1->ZN R     OAI221_X1      1  1.4    36    62    1021    (-,-) 
  smaller_mantissa_l_reg[13]/D -       -      R     DFFR_X1        1    -     -     0    1021    (-,-) 
#------------------------------------------------------------------------------------------------------

Capture clock path:
#------------------------------------------------------------------------------------------------------
#         Timing Point          Flags   Arc   Edge   Cell     Fanout Load Trans Delay Arrival Instance 
#                                                                    (fF)  (ps)  (ps)   (ps)  Location 
#------------------------------------------------------------------------------------------------------
  clk                           (i)     -     R     (arrival)     68  0.0     0     0    1111    (-,-) 
  smaller_mantissa_l_reg[13]/CK <<<     -     R     DFFR_X1       68    -     1     0    1111    (-,-) 
#------------------------------------------------------------------------------------------------------



Path 67: MET (50 ps) Setup Check with Pin smaller_mantissa_l_reg[12]/CK->D
           View: view_1p2_25
          Group: clock1
     Startpoint: (R) fp1_in[23]
          Clock: (R) clock1
       Endpoint: (R) smaller_mantissa_l_reg[12]/D
          Clock: (R) clock1

                     Capture       Launch     
        Clock Edge:+    1111            0     
        Drv Adjust:+       0            0     
       Src Latency:+       0            0     
       Net Latency:+       0 (I)        0 (I) 
           Arrival:=    1111            0     
                                              
             Setup:-      40                  
       Uncertainty:-       0                  
     Required Time:=    1070                  
      Launch Clock:-       0                  
       Input Delay:-       1                  
         Data Path:-    1020                  
             Slack:=      50                  

Exceptions/Constraints:
  input_delay              1              add_fp16.sdc_line_16_12_1   

#------------------------------------------------------------------------------------------------------
#        Timing Point          Flags    Arc   Edge   Cell     Fanout Load Trans Delay Arrival Instance 
#                                                                    (fF)  (ps)  (ps)   (ps)  Location 
#------------------------------------------------------------------------------------------------------
  fp1_in[23]                   -       -      R     (arrival)      4  8.3     0     0       1    (-,-) 
  g33008/ZN                    -       A->ZN  F     INV_X2         2  6.1     4     6       7    (-,-) 
  g32974/ZN                    -       A1->ZN R     NOR2_X2        3  7.4    25    32      39    (-,-) 
  g32876/ZN                    -       A2->ZN F     NAND2_X2       1  3.2     8    16      56    (-,-) 
  g32869/ZN                    -       A1->ZN R     NAND2_X2       3  7.0    14    19      74    (-,-) 
  g32857/ZN                    -       B1->ZN F     AOI21_X2       2  4.7    10    17      91    (-,-) 
  g32852/ZN                    -       B1->ZN R     OAI21_X2       2  5.5    23    33     124    (-,-) 
  g32846/ZN                    -       A1->ZN F     NOR2_X2        2  4.7     8    12     136    (-,-) 
  g32840/ZN                    -       C1->ZN R     OAI211_X2      1  6.3    28    37     173    (-,-) 
  g32839/ZN                    -       A1->ZN F     NAND2_X4       2  9.0    11    18     191    (-,-) 
  g32838/ZN                    -       A->ZN  R     INV_X2         1  6.7    11    18     210    (-,-) 
  g32837/ZN                    -       B1->ZN F     OAI21_X4      10 17.1    21    20     230    (-,-) 
  g32800/ZN                    -       A1->ZN R     NAND2_X1       2  7.7    23    35     265    (-,-) 
  g32795/ZN                    -       A->ZN  F     INV_X4        23 40.0    14    24     289    (-,-) 
  g46964/ZN                    -       A1->ZN R     AOI22_X1       3  4.9    40    49     339    (-,-) 
  g32685/ZN                    -       A1->ZN R     OR2_X1         2  3.9    14    36     375    (-,-) 
  g32638/ZN                    -       A->ZN  F     OAI21_X1       2  3.6    33    24     399    (-,-) 
  g32591/ZN                    -       A1->ZN R     AOI22_X1       2  3.8    34    52     451    (-,-) 
  g32534/ZN                    -       A1->ZN F     OAI22_X1       2  3.5    20    28     480    (-,-) 
  g32512/ZN                    -       A1->ZN R     AOI22_X1       1  2.0    26    37     517    (-,-) 
  g32478/ZN                    -       A->ZN  F     OAI21_X1       1  1.7    14    22     539    (-,-) 
  g32474/ZN                    -       A1->ZN R     NOR2_X1        3  5.6    34    45     585    (-,-) 
  g32465/ZN                    -       A->ZN  F     INV_X1         2  3.4    11    14     599    (-,-) 
  g32435__2883/ZN              -       A1->ZN R     AOI22_X1       1  1.9    27    33     632    (-,-) 
  g32430__4733/ZN              -       A1->ZN F     NAND2_X1       1  1.8    11    17     648    (-,-) 
  g32427__1881/ZN              -       A1->ZN R     NAND2_X1       1  1.2     8    14     662    (-,-) 
  g32424__8246/ZN              -       A1->ZN R     AND2_X1        1  2.0     9    31     693    (-,-) 
  g32420__2802/ZN              -       B1->ZN F     OAI21_X1       1  1.8    13    14     707    (-,-) 
  g32418__1617/ZN              -       A->ZN  R     OAI221_X1      1  1.9    37    24     731    (-,-) 
  g32416__6783/ZN              -       B1->ZN F     AOI21_X1       1  1.8    13    20     750    (-,-) 
  g32415/ZN                    -       A->ZN  R     INV_X1         1  1.9     8    15     766    (-,-) 
  g32414__5526/ZN              -       A1->ZN F     AOI222_X1      1  1.7    19    15     780    (-,-) 
  g32413__8428/ZN              -       B1->ZN R     OAI221_X1      3 11.6    82   100     881    (-,-) 
  g32409__6260/ZN              -       A1->ZN F     NAND2_X4      49 78.9    48    78     959    (-,-) 
  g32339__6417/ZN              -       B1->ZN R     OAI221_X1      1  1.4    36    62    1021    (-,-) 
  smaller_mantissa_l_reg[12]/D -       -      R     DFFR_X1        1    -     -     0    1021    (-,-) 
#------------------------------------------------------------------------------------------------------

Capture clock path:
#------------------------------------------------------------------------------------------------------
#         Timing Point          Flags   Arc   Edge   Cell     Fanout Load Trans Delay Arrival Instance 
#                                                                    (fF)  (ps)  (ps)   (ps)  Location 
#------------------------------------------------------------------------------------------------------
  clk                           (i)     -     R     (arrival)     68  0.0     0     0    1111    (-,-) 
  smaller_mantissa_l_reg[12]/CK <<<     -     R     DFFR_X1       68    -     1     0    1111    (-,-) 
#------------------------------------------------------------------------------------------------------



Path 68: MET (50 ps) Setup Check with Pin smaller_mantissa_l_reg[8]/CK->D
           View: view_1p2_25
          Group: clock1
     Startpoint: (R) fp1_in[23]
          Clock: (R) clock1
       Endpoint: (R) smaller_mantissa_l_reg[8]/D
          Clock: (R) clock1

                     Capture       Launch     
        Clock Edge:+    1111            0     
        Drv Adjust:+       0            0     
       Src Latency:+       0            0     
       Net Latency:+       0 (I)        0 (I) 
           Arrival:=    1111            0     
                                              
             Setup:-      40                  
       Uncertainty:-       0                  
     Required Time:=    1070                  
      Launch Clock:-       0                  
       Input Delay:-       1                  
         Data Path:-    1020                  
             Slack:=      50                  

Exceptions/Constraints:
  input_delay              1              add_fp16.sdc_line_16_12_1   

#-----------------------------------------------------------------------------------------------------
#        Timing Point         Flags    Arc   Edge   Cell     Fanout Load Trans Delay Arrival Instance 
#                                                                   (fF)  (ps)  (ps)   (ps)  Location 
#-----------------------------------------------------------------------------------------------------
  fp1_in[23]                  -       -      R     (arrival)      4  8.3     0     0       1    (-,-) 
  g33008/ZN                   -       A->ZN  F     INV_X2         2  6.1     4     6       7    (-,-) 
  g32974/ZN                   -       A1->ZN R     NOR2_X2        3  7.4    25    32      39    (-,-) 
  g32876/ZN                   -       A2->ZN F     NAND2_X2       1  3.2     8    16      56    (-,-) 
  g32869/ZN                   -       A1->ZN R     NAND2_X2       3  7.0    14    19      74    (-,-) 
  g32857/ZN                   -       B1->ZN F     AOI21_X2       2  4.7    10    17      91    (-,-) 
  g32852/ZN                   -       B1->ZN R     OAI21_X2       2  5.5    23    33     124    (-,-) 
  g32846/ZN                   -       A1->ZN F     NOR2_X2        2  4.7     8    12     136    (-,-) 
  g32840/ZN                   -       C1->ZN R     OAI211_X2      1  6.3    28    37     173    (-,-) 
  g32839/ZN                   -       A1->ZN F     NAND2_X4       2  9.0    11    18     191    (-,-) 
  g32838/ZN                   -       A->ZN  R     INV_X2         1  6.7    11    18     210    (-,-) 
  g32837/ZN                   -       B1->ZN F     OAI21_X4      10 17.1    21    20     230    (-,-) 
  g32800/ZN                   -       A1->ZN R     NAND2_X1       2  7.7    23    35     265    (-,-) 
  g32795/ZN                   -       A->ZN  F     INV_X4        23 40.0    14    24     289    (-,-) 
  g46964/ZN                   -       A1->ZN R     AOI22_X1       3  4.9    40    49     339    (-,-) 
  g32685/ZN                   -       A1->ZN R     OR2_X1         2  3.9    14    36     375    (-,-) 
  g32638/ZN                   -       A->ZN  F     OAI21_X1       2  3.6    33    24     399    (-,-) 
  g32591/ZN                   -       A1->ZN R     AOI22_X1       2  3.8    34    52     451    (-,-) 
  g32534/ZN                   -       A1->ZN F     OAI22_X1       2  3.5    20    28     480    (-,-) 
  g32512/ZN                   -       A1->ZN R     AOI22_X1       1  2.0    26    37     517    (-,-) 
  g32478/ZN                   -       A->ZN  F     OAI21_X1       1  1.7    14    22     539    (-,-) 
  g32474/ZN                   -       A1->ZN R     NOR2_X1        3  5.6    34    45     585    (-,-) 
  g32465/ZN                   -       A->ZN  F     INV_X1         2  3.4    11    14     599    (-,-) 
  g32435__2883/ZN             -       A1->ZN R     AOI22_X1       1  1.9    27    33     632    (-,-) 
  g32430__4733/ZN             -       A1->ZN F     NAND2_X1       1  1.8    11    17     648    (-,-) 
  g32427__1881/ZN             -       A1->ZN R     NAND2_X1       1  1.2     8    14     662    (-,-) 
  g32424__8246/ZN             -       A1->ZN R     AND2_X1        1  2.0     9    31     693    (-,-) 
  g32420__2802/ZN             -       B1->ZN F     OAI21_X1       1  1.8    13    14     707    (-,-) 
  g32418__1617/ZN             -       A->ZN  R     OAI221_X1      1  1.9    37    24     731    (-,-) 
  g32416__6783/ZN             -       B1->ZN F     AOI21_X1       1  1.8    13    20     750    (-,-) 
  g32415/ZN                   -       A->ZN  R     INV_X1         1  1.9     8    15     766    (-,-) 
  g32414__5526/ZN             -       A1->ZN F     AOI222_X1      1  1.7    19    15     780    (-,-) 
  g32413__8428/ZN             -       B1->ZN R     OAI221_X1      3 11.6    82   100     881    (-,-) 
  g32409__6260/ZN             -       A1->ZN F     NAND2_X4      49 78.9    48    78     959    (-,-) 
  g32346__5526/ZN             -       B1->ZN R     OAI221_X1      1  1.4    36    62    1021    (-,-) 
  smaller_mantissa_l_reg[8]/D -       -      R     DFFR_X1        1    -     -     0    1021    (-,-) 
#-----------------------------------------------------------------------------------------------------

Capture clock path:
#-----------------------------------------------------------------------------------------------------
#        Timing Point          Flags   Arc   Edge   Cell     Fanout Load Trans Delay Arrival Instance 
#                                                                   (fF)  (ps)  (ps)   (ps)  Location 
#-----------------------------------------------------------------------------------------------------
  clk                          (i)     -     R     (arrival)     68  0.0     0     0    1111    (-,-) 
  smaller_mantissa_l_reg[8]/CK <<<     -     R     DFFR_X1       68    -     1     0    1111    (-,-) 
#-----------------------------------------------------------------------------------------------------



Path 69: MET (50 ps) Setup Check with Pin smaller_mantissa_l_reg[7]/CK->D
           View: view_1p2_25
          Group: clock1
     Startpoint: (R) fp1_in[23]
          Clock: (R) clock1
       Endpoint: (R) smaller_mantissa_l_reg[7]/D
          Clock: (R) clock1

                     Capture       Launch     
        Clock Edge:+    1111            0     
        Drv Adjust:+       0            0     
       Src Latency:+       0            0     
       Net Latency:+       0 (I)        0 (I) 
           Arrival:=    1111            0     
                                              
             Setup:-      40                  
       Uncertainty:-       0                  
     Required Time:=    1070                  
      Launch Clock:-       0                  
       Input Delay:-       1                  
         Data Path:-    1020                  
             Slack:=      50                  

Exceptions/Constraints:
  input_delay              1              add_fp16.sdc_line_16_12_1   

#-----------------------------------------------------------------------------------------------------
#        Timing Point         Flags    Arc   Edge   Cell     Fanout Load Trans Delay Arrival Instance 
#                                                                   (fF)  (ps)  (ps)   (ps)  Location 
#-----------------------------------------------------------------------------------------------------
  fp1_in[23]                  -       -      R     (arrival)      4  8.3     0     0       1    (-,-) 
  g33008/ZN                   -       A->ZN  F     INV_X2         2  6.1     4     6       7    (-,-) 
  g32974/ZN                   -       A1->ZN R     NOR2_X2        3  7.4    25    32      39    (-,-) 
  g32876/ZN                   -       A2->ZN F     NAND2_X2       1  3.2     8    16      56    (-,-) 
  g32869/ZN                   -       A1->ZN R     NAND2_X2       3  7.0    14    19      74    (-,-) 
  g32857/ZN                   -       B1->ZN F     AOI21_X2       2  4.7    10    17      91    (-,-) 
  g32852/ZN                   -       B1->ZN R     OAI21_X2       2  5.5    23    33     124    (-,-) 
  g32846/ZN                   -       A1->ZN F     NOR2_X2        2  4.7     8    12     136    (-,-) 
  g32840/ZN                   -       C1->ZN R     OAI211_X2      1  6.3    28    37     173    (-,-) 
  g32839/ZN                   -       A1->ZN F     NAND2_X4       2  9.0    11    18     191    (-,-) 
  g32838/ZN                   -       A->ZN  R     INV_X2         1  6.7    11    18     210    (-,-) 
  g32837/ZN                   -       B1->ZN F     OAI21_X4      10 17.1    21    20     230    (-,-) 
  g32800/ZN                   -       A1->ZN R     NAND2_X1       2  7.7    23    35     265    (-,-) 
  g32795/ZN                   -       A->ZN  F     INV_X4        23 40.0    14    24     289    (-,-) 
  g46964/ZN                   -       A1->ZN R     AOI22_X1       3  4.9    40    49     339    (-,-) 
  g32685/ZN                   -       A1->ZN R     OR2_X1         2  3.9    14    36     375    (-,-) 
  g32638/ZN                   -       A->ZN  F     OAI21_X1       2  3.6    33    24     399    (-,-) 
  g32591/ZN                   -       A1->ZN R     AOI22_X1       2  3.8    34    52     451    (-,-) 
  g32534/ZN                   -       A1->ZN F     OAI22_X1       2  3.5    20    28     480    (-,-) 
  g32512/ZN                   -       A1->ZN R     AOI22_X1       1  2.0    26    37     517    (-,-) 
  g32478/ZN                   -       A->ZN  F     OAI21_X1       1  1.7    14    22     539    (-,-) 
  g32474/ZN                   -       A1->ZN R     NOR2_X1        3  5.6    34    45     585    (-,-) 
  g32465/ZN                   -       A->ZN  F     INV_X1         2  3.4    11    14     599    (-,-) 
  g32435__2883/ZN             -       A1->ZN R     AOI22_X1       1  1.9    27    33     632    (-,-) 
  g32430__4733/ZN             -       A1->ZN F     NAND2_X1       1  1.8    11    17     648    (-,-) 
  g32427__1881/ZN             -       A1->ZN R     NAND2_X1       1  1.2     8    14     662    (-,-) 
  g32424__8246/ZN             -       A1->ZN R     AND2_X1        1  2.0     9    31     693    (-,-) 
  g32420__2802/ZN             -       B1->ZN F     OAI21_X1       1  1.8    13    14     707    (-,-) 
  g32418__1617/ZN             -       A->ZN  R     OAI221_X1      1  1.9    37    24     731    (-,-) 
  g32416__6783/ZN             -       B1->ZN F     AOI21_X1       1  1.8    13    20     750    (-,-) 
  g32415/ZN                   -       A->ZN  R     INV_X1         1  1.9     8    15     766    (-,-) 
  g32414__5526/ZN             -       A1->ZN F     AOI222_X1      1  1.7    19    15     780    (-,-) 
  g32413__8428/ZN             -       B1->ZN R     OAI221_X1      3 11.6    82   100     881    (-,-) 
  g32409__6260/ZN             -       A1->ZN F     NAND2_X4      49 78.9    48    78     959    (-,-) 
  g32347__6783/ZN             -       B1->ZN R     OAI221_X1      1  1.4    36    62    1021    (-,-) 
  smaller_mantissa_l_reg[7]/D -       -      R     DFFR_X1        1    -     -     0    1021    (-,-) 
#-----------------------------------------------------------------------------------------------------

Capture clock path:
#-----------------------------------------------------------------------------------------------------
#        Timing Point          Flags   Arc   Edge   Cell     Fanout Load Trans Delay Arrival Instance 
#                                                                   (fF)  (ps)  (ps)   (ps)  Location 
#-----------------------------------------------------------------------------------------------------
  clk                          (i)     -     R     (arrival)     68  0.0     0     0    1111    (-,-) 
  smaller_mantissa_l_reg[7]/CK <<<     -     R     DFFR_X1       68    -     1     0    1111    (-,-) 
#-----------------------------------------------------------------------------------------------------



Path 70: MET (50 ps) Setup Check with Pin smaller_mantissa_l_reg[6]/CK->D
           View: view_1p2_25
          Group: clock1
     Startpoint: (R) fp1_in[23]
          Clock: (R) clock1
       Endpoint: (R) smaller_mantissa_l_reg[6]/D
          Clock: (R) clock1

                     Capture       Launch     
        Clock Edge:+    1111            0     
        Drv Adjust:+       0            0     
       Src Latency:+       0            0     
       Net Latency:+       0 (I)        0 (I) 
           Arrival:=    1111            0     
                                              
             Setup:-      40                  
       Uncertainty:-       0                  
     Required Time:=    1070                  
      Launch Clock:-       0                  
       Input Delay:-       1                  
         Data Path:-    1020                  
             Slack:=      50                  

Exceptions/Constraints:
  input_delay              1              add_fp16.sdc_line_16_12_1   

#-----------------------------------------------------------------------------------------------------
#        Timing Point         Flags    Arc   Edge   Cell     Fanout Load Trans Delay Arrival Instance 
#                                                                   (fF)  (ps)  (ps)   (ps)  Location 
#-----------------------------------------------------------------------------------------------------
  fp1_in[23]                  -       -      R     (arrival)      4  8.3     0     0       1    (-,-) 
  g33008/ZN                   -       A->ZN  F     INV_X2         2  6.1     4     6       7    (-,-) 
  g32974/ZN                   -       A1->ZN R     NOR2_X2        3  7.4    25    32      39    (-,-) 
  g32876/ZN                   -       A2->ZN F     NAND2_X2       1  3.2     8    16      56    (-,-) 
  g32869/ZN                   -       A1->ZN R     NAND2_X2       3  7.0    14    19      74    (-,-) 
  g32857/ZN                   -       B1->ZN F     AOI21_X2       2  4.7    10    17      91    (-,-) 
  g32852/ZN                   -       B1->ZN R     OAI21_X2       2  5.5    23    33     124    (-,-) 
  g32846/ZN                   -       A1->ZN F     NOR2_X2        2  4.7     8    12     136    (-,-) 
  g32840/ZN                   -       C1->ZN R     OAI211_X2      1  6.3    28    37     173    (-,-) 
  g32839/ZN                   -       A1->ZN F     NAND2_X4       2  9.0    11    18     191    (-,-) 
  g32838/ZN                   -       A->ZN  R     INV_X2         1  6.7    11    18     210    (-,-) 
  g32837/ZN                   -       B1->ZN F     OAI21_X4      10 17.1    21    20     230    (-,-) 
  g32800/ZN                   -       A1->ZN R     NAND2_X1       2  7.7    23    35     265    (-,-) 
  g32795/ZN                   -       A->ZN  F     INV_X4        23 40.0    14    24     289    (-,-) 
  g46964/ZN                   -       A1->ZN R     AOI22_X1       3  4.9    40    49     339    (-,-) 
  g32685/ZN                   -       A1->ZN R     OR2_X1         2  3.9    14    36     375    (-,-) 
  g32638/ZN                   -       A->ZN  F     OAI21_X1       2  3.6    33    24     399    (-,-) 
  g32591/ZN                   -       A1->ZN R     AOI22_X1       2  3.8    34    52     451    (-,-) 
  g32534/ZN                   -       A1->ZN F     OAI22_X1       2  3.5    20    28     480    (-,-) 
  g32512/ZN                   -       A1->ZN R     AOI22_X1       1  2.0    26    37     517    (-,-) 
  g32478/ZN                   -       A->ZN  F     OAI21_X1       1  1.7    14    22     539    (-,-) 
  g32474/ZN                   -       A1->ZN R     NOR2_X1        3  5.6    34    45     585    (-,-) 
  g32465/ZN                   -       A->ZN  F     INV_X1         2  3.4    11    14     599    (-,-) 
  g32435__2883/ZN             -       A1->ZN R     AOI22_X1       1  1.9    27    33     632    (-,-) 
  g32430__4733/ZN             -       A1->ZN F     NAND2_X1       1  1.8    11    17     648    (-,-) 
  g32427__1881/ZN             -       A1->ZN R     NAND2_X1       1  1.2     8    14     662    (-,-) 
  g32424__8246/ZN             -       A1->ZN R     AND2_X1        1  2.0     9    31     693    (-,-) 
  g32420__2802/ZN             -       B1->ZN F     OAI21_X1       1  1.8    13    14     707    (-,-) 
  g32418__1617/ZN             -       A->ZN  R     OAI221_X1      1  1.9    37    24     731    (-,-) 
  g32416__6783/ZN             -       B1->ZN F     AOI21_X1       1  1.8    13    20     750    (-,-) 
  g32415/ZN                   -       A->ZN  R     INV_X1         1  1.9     8    15     766    (-,-) 
  g32414__5526/ZN             -       A1->ZN F     AOI222_X1      1  1.7    19    15     780    (-,-) 
  g32413__8428/ZN             -       B1->ZN R     OAI221_X1      3 11.6    82   100     881    (-,-) 
  g32409__6260/ZN             -       A1->ZN F     NAND2_X4      49 78.9    48    78     959    (-,-) 
  g32345__8428/ZN             -       B1->ZN R     OAI221_X1      1  1.4    36    62    1021    (-,-) 
  smaller_mantissa_l_reg[6]/D -       -      R     DFFR_X1        1    -     -     0    1021    (-,-) 
#-----------------------------------------------------------------------------------------------------

Capture clock path:
#-----------------------------------------------------------------------------------------------------
#        Timing Point          Flags   Arc   Edge   Cell     Fanout Load Trans Delay Arrival Instance 
#                                                                   (fF)  (ps)  (ps)   (ps)  Location 
#-----------------------------------------------------------------------------------------------------
  clk                          (i)     -     R     (arrival)     68  0.0     0     0    1111    (-,-) 
  smaller_mantissa_l_reg[6]/CK <<<     -     R     DFFR_X1       68    -     1     0    1111    (-,-) 
#-----------------------------------------------------------------------------------------------------



Path 71: MET (50 ps) Setup Check with Pin larger_mantissa_l_reg[24]/CK->D
           View: view_1p2_25
          Group: clock1
     Startpoint: (R) fp1_in[23]
          Clock: (R) clock1
       Endpoint: (R) larger_mantissa_l_reg[24]/D
          Clock: (R) clock1

                     Capture       Launch     
        Clock Edge:+    1111            0     
        Drv Adjust:+       0            0     
       Src Latency:+       0            0     
       Net Latency:+       0 (I)        0 (I) 
           Arrival:=    1111            0     
                                              
             Setup:-      40                  
       Uncertainty:-       0                  
     Required Time:=    1070                  
      Launch Clock:-       0                  
       Input Delay:-       1                  
         Data Path:-    1020                  
             Slack:=      50                  

Exceptions/Constraints:
  input_delay              1              add_fp16.sdc_line_16_12_1   

#-----------------------------------------------------------------------------------------------------
#        Timing Point         Flags    Arc   Edge   Cell     Fanout Load Trans Delay Arrival Instance 
#                                                                   (fF)  (ps)  (ps)   (ps)  Location 
#-----------------------------------------------------------------------------------------------------
  fp1_in[23]                  -       -      R     (arrival)      4  8.3     0     0       1    (-,-) 
  g33008/ZN                   -       A->ZN  F     INV_X2         2  6.1     4     6       7    (-,-) 
  g32974/ZN                   -       A1->ZN R     NOR2_X2        3  7.4    25    32      39    (-,-) 
  g32876/ZN                   -       A2->ZN F     NAND2_X2       1  3.2     8    16      56    (-,-) 
  g32869/ZN                   -       A1->ZN R     NAND2_X2       3  7.0    14    19      74    (-,-) 
  g32857/ZN                   -       B1->ZN F     AOI21_X2       2  4.7    10    17      91    (-,-) 
  g32852/ZN                   -       B1->ZN R     OAI21_X2       2  5.5    23    33     124    (-,-) 
  g32846/ZN                   -       A1->ZN F     NOR2_X2        2  4.7     8    12     136    (-,-) 
  g32840/ZN                   -       C1->ZN R     OAI211_X2      1  6.3    28    37     173    (-,-) 
  g32839/ZN                   -       A1->ZN F     NAND2_X4       2  9.0    11    18     191    (-,-) 
  g32838/ZN                   -       A->ZN  R     INV_X2         1  6.7    11    18     210    (-,-) 
  g32837/ZN                   -       B1->ZN F     OAI21_X4      10 17.1    21    20     230    (-,-) 
  g32800/ZN                   -       A1->ZN R     NAND2_X1       2  7.7    23    35     265    (-,-) 
  g32795/ZN                   -       A->ZN  F     INV_X4        23 40.0    14    24     289    (-,-) 
  g46964/ZN                   -       A1->ZN R     AOI22_X1       3  4.9    40    49     339    (-,-) 
  g32685/ZN                   -       A1->ZN R     OR2_X1         2  3.9    14    36     375    (-,-) 
  g32638/ZN                   -       A->ZN  F     OAI21_X1       2  3.6    33    24     399    (-,-) 
  g32591/ZN                   -       A1->ZN R     AOI22_X1       2  3.8    34    52     451    (-,-) 
  g32534/ZN                   -       A1->ZN F     OAI22_X1       2  3.5    20    28     480    (-,-) 
  g32512/ZN                   -       A1->ZN R     AOI22_X1       1  2.0    26    37     517    (-,-) 
  g32478/ZN                   -       A->ZN  F     OAI21_X1       1  1.7    14    22     539    (-,-) 
  g32474/ZN                   -       A1->ZN R     NOR2_X1        3  5.6    34    45     585    (-,-) 
  g32465/ZN                   -       A->ZN  F     INV_X1         2  3.4    11    14     599    (-,-) 
  g32435__2883/ZN             -       A1->ZN R     AOI22_X1       1  1.9    27    33     632    (-,-) 
  g32430__4733/ZN             -       A1->ZN F     NAND2_X1       1  1.8    11    17     648    (-,-) 
  g32427__1881/ZN             -       A1->ZN R     NAND2_X1       1  1.2     8    14     662    (-,-) 
  g32424__8246/ZN             -       A1->ZN R     AND2_X1        1  2.0     9    31     693    (-,-) 
  g32420__2802/ZN             -       B1->ZN F     OAI21_X1       1  1.8    13    14     707    (-,-) 
  g32418__1617/ZN             -       A->ZN  R     OAI221_X1      1  1.9    37    24     731    (-,-) 
  g32416__6783/ZN             -       B1->ZN F     AOI21_X1       1  1.8    13    20     750    (-,-) 
  g32415/ZN                   -       A->ZN  R     INV_X1         1  1.9     8    15     766    (-,-) 
  g32414__5526/ZN             -       A1->ZN F     AOI222_X1      1  1.7    19    15     780    (-,-) 
  g32413__8428/ZN             -       B1->ZN R     OAI221_X1      3 11.6    82   100     881    (-,-) 
  g32409__6260/ZN             -       A1->ZN F     NAND2_X4      49 78.9    48    78     959    (-,-) 
  g32361__9315/ZN             -       B1->ZN R     OAI221_X1      1  1.4    36    62    1021    (-,-) 
  larger_mantissa_l_reg[24]/D -       -      R     DFFR_X1        1    -     -     0    1021    (-,-) 
#-----------------------------------------------------------------------------------------------------

Capture clock path:
#-----------------------------------------------------------------------------------------------------
#        Timing Point          Flags   Arc   Edge   Cell     Fanout Load Trans Delay Arrival Instance 
#                                                                   (fF)  (ps)  (ps)   (ps)  Location 
#-----------------------------------------------------------------------------------------------------
  clk                          (i)     -     R     (arrival)     68  0.0     0     0    1111    (-,-) 
  larger_mantissa_l_reg[24]/CK <<<     -     R     DFFR_X1       68    -     1     0    1111    (-,-) 
#-----------------------------------------------------------------------------------------------------



Path 72: MET (50 ps) Setup Check with Pin larger_mantissa_l_reg[23]/CK->D
           View: view_1p2_25
          Group: clock1
     Startpoint: (R) fp1_in[23]
          Clock: (R) clock1
       Endpoint: (R) larger_mantissa_l_reg[23]/D
          Clock: (R) clock1

                     Capture       Launch     
        Clock Edge:+    1111            0     
        Drv Adjust:+       0            0     
       Src Latency:+       0            0     
       Net Latency:+       0 (I)        0 (I) 
           Arrival:=    1111            0     
                                              
             Setup:-      40                  
       Uncertainty:-       0                  
     Required Time:=    1070                  
      Launch Clock:-       0                  
       Input Delay:-       1                  
         Data Path:-    1020                  
             Slack:=      50                  

Exceptions/Constraints:
  input_delay              1              add_fp16.sdc_line_16_12_1   

#-----------------------------------------------------------------------------------------------------
#        Timing Point         Flags    Arc   Edge   Cell     Fanout Load Trans Delay Arrival Instance 
#                                                                   (fF)  (ps)  (ps)   (ps)  Location 
#-----------------------------------------------------------------------------------------------------
  fp1_in[23]                  -       -      R     (arrival)      4  8.3     0     0       1    (-,-) 
  g33008/ZN                   -       A->ZN  F     INV_X2         2  6.1     4     6       7    (-,-) 
  g32974/ZN                   -       A1->ZN R     NOR2_X2        3  7.4    25    32      39    (-,-) 
  g32876/ZN                   -       A2->ZN F     NAND2_X2       1  3.2     8    16      56    (-,-) 
  g32869/ZN                   -       A1->ZN R     NAND2_X2       3  7.0    14    19      74    (-,-) 
  g32857/ZN                   -       B1->ZN F     AOI21_X2       2  4.7    10    17      91    (-,-) 
  g32852/ZN                   -       B1->ZN R     OAI21_X2       2  5.5    23    33     124    (-,-) 
  g32846/ZN                   -       A1->ZN F     NOR2_X2        2  4.7     8    12     136    (-,-) 
  g32840/ZN                   -       C1->ZN R     OAI211_X2      1  6.3    28    37     173    (-,-) 
  g32839/ZN                   -       A1->ZN F     NAND2_X4       2  9.0    11    18     191    (-,-) 
  g32838/ZN                   -       A->ZN  R     INV_X2         1  6.7    11    18     210    (-,-) 
  g32837/ZN                   -       B1->ZN F     OAI21_X4      10 17.1    21    20     230    (-,-) 
  g32800/ZN                   -       A1->ZN R     NAND2_X1       2  7.7    23    35     265    (-,-) 
  g32795/ZN                   -       A->ZN  F     INV_X4        23 40.0    14    24     289    (-,-) 
  g46964/ZN                   -       A1->ZN R     AOI22_X1       3  4.9    40    49     339    (-,-) 
  g32685/ZN                   -       A1->ZN R     OR2_X1         2  3.9    14    36     375    (-,-) 
  g32638/ZN                   -       A->ZN  F     OAI21_X1       2  3.6    33    24     399    (-,-) 
  g32591/ZN                   -       A1->ZN R     AOI22_X1       2  3.8    34    52     451    (-,-) 
  g32534/ZN                   -       A1->ZN F     OAI22_X1       2  3.5    20    28     480    (-,-) 
  g32512/ZN                   -       A1->ZN R     AOI22_X1       1  2.0    26    37     517    (-,-) 
  g32478/ZN                   -       A->ZN  F     OAI21_X1       1  1.7    14    22     539    (-,-) 
  g32474/ZN                   -       A1->ZN R     NOR2_X1        3  5.6    34    45     585    (-,-) 
  g32465/ZN                   -       A->ZN  F     INV_X1         2  3.4    11    14     599    (-,-) 
  g32435__2883/ZN             -       A1->ZN R     AOI22_X1       1  1.9    27    33     632    (-,-) 
  g32430__4733/ZN             -       A1->ZN F     NAND2_X1       1  1.8    11    17     648    (-,-) 
  g32427__1881/ZN             -       A1->ZN R     NAND2_X1       1  1.2     8    14     662    (-,-) 
  g32424__8246/ZN             -       A1->ZN R     AND2_X1        1  2.0     9    31     693    (-,-) 
  g32420__2802/ZN             -       B1->ZN F     OAI21_X1       1  1.8    13    14     707    (-,-) 
  g32418__1617/ZN             -       A->ZN  R     OAI221_X1      1  1.9    37    24     731    (-,-) 
  g32416__6783/ZN             -       B1->ZN F     AOI21_X1       1  1.8    13    20     750    (-,-) 
  g32415/ZN                   -       A->ZN  R     INV_X1         1  1.9     8    15     766    (-,-) 
  g32414__5526/ZN             -       A1->ZN F     AOI222_X1      1  1.7    19    15     780    (-,-) 
  g32413__8428/ZN             -       B1->ZN R     OAI221_X1      3 11.6    82   100     881    (-,-) 
  g32409__6260/ZN             -       A1->ZN F     NAND2_X4      49 78.9    48    78     959    (-,-) 
  g32383__6131/ZN             -       B1->ZN R     OAI221_X1      1  1.4    36    62    1021    (-,-) 
  larger_mantissa_l_reg[23]/D -       -      R     DFFR_X1        1    -     -     0    1021    (-,-) 
#-----------------------------------------------------------------------------------------------------

Capture clock path:
#-----------------------------------------------------------------------------------------------------
#        Timing Point          Flags   Arc   Edge   Cell     Fanout Load Trans Delay Arrival Instance 
#                                                                   (fF)  (ps)  (ps)   (ps)  Location 
#-----------------------------------------------------------------------------------------------------
  clk                          (i)     -     R     (arrival)     68  0.0     0     0    1111    (-,-) 
  larger_mantissa_l_reg[23]/CK <<<     -     R     DFFR_X1       68    -     1     0    1111    (-,-) 
#-----------------------------------------------------------------------------------------------------



Path 73: MET (50 ps) Setup Check with Pin larger_mantissa_l_reg[21]/CK->D
           View: view_1p2_25
          Group: clock1
     Startpoint: (R) fp1_in[23]
          Clock: (R) clock1
       Endpoint: (R) larger_mantissa_l_reg[21]/D
          Clock: (R) clock1

                     Capture       Launch     
        Clock Edge:+    1111            0     
        Drv Adjust:+       0            0     
       Src Latency:+       0            0     
       Net Latency:+       0 (I)        0 (I) 
           Arrival:=    1111            0     
                                              
             Setup:-      40                  
       Uncertainty:-       0                  
     Required Time:=    1070                  
      Launch Clock:-       0                  
       Input Delay:-       1                  
         Data Path:-    1020                  
             Slack:=      50                  

Exceptions/Constraints:
  input_delay              1              add_fp16.sdc_line_16_12_1   

#-----------------------------------------------------------------------------------------------------
#        Timing Point         Flags    Arc   Edge   Cell     Fanout Load Trans Delay Arrival Instance 
#                                                                   (fF)  (ps)  (ps)   (ps)  Location 
#-----------------------------------------------------------------------------------------------------
  fp1_in[23]                  -       -      R     (arrival)      4  8.3     0     0       1    (-,-) 
  g33008/ZN                   -       A->ZN  F     INV_X2         2  6.1     4     6       7    (-,-) 
  g32974/ZN                   -       A1->ZN R     NOR2_X2        3  7.4    25    32      39    (-,-) 
  g32876/ZN                   -       A2->ZN F     NAND2_X2       1  3.2     8    16      56    (-,-) 
  g32869/ZN                   -       A1->ZN R     NAND2_X2       3  7.0    14    19      74    (-,-) 
  g32857/ZN                   -       B1->ZN F     AOI21_X2       2  4.7    10    17      91    (-,-) 
  g32852/ZN                   -       B1->ZN R     OAI21_X2       2  5.5    23    33     124    (-,-) 
  g32846/ZN                   -       A1->ZN F     NOR2_X2        2  4.7     8    12     136    (-,-) 
  g32840/ZN                   -       C1->ZN R     OAI211_X2      1  6.3    28    37     173    (-,-) 
  g32839/ZN                   -       A1->ZN F     NAND2_X4       2  9.0    11    18     191    (-,-) 
  g32838/ZN                   -       A->ZN  R     INV_X2         1  6.7    11    18     210    (-,-) 
  g32837/ZN                   -       B1->ZN F     OAI21_X4      10 17.1    21    20     230    (-,-) 
  g32800/ZN                   -       A1->ZN R     NAND2_X1       2  7.7    23    35     265    (-,-) 
  g32795/ZN                   -       A->ZN  F     INV_X4        23 40.0    14    24     289    (-,-) 
  g46964/ZN                   -       A1->ZN R     AOI22_X1       3  4.9    40    49     339    (-,-) 
  g32685/ZN                   -       A1->ZN R     OR2_X1         2  3.9    14    36     375    (-,-) 
  g32638/ZN                   -       A->ZN  F     OAI21_X1       2  3.6    33    24     399    (-,-) 
  g32591/ZN                   -       A1->ZN R     AOI22_X1       2  3.8    34    52     451    (-,-) 
  g32534/ZN                   -       A1->ZN F     OAI22_X1       2  3.5    20    28     480    (-,-) 
  g32512/ZN                   -       A1->ZN R     AOI22_X1       1  2.0    26    37     517    (-,-) 
  g32478/ZN                   -       A->ZN  F     OAI21_X1       1  1.7    14    22     539    (-,-) 
  g32474/ZN                   -       A1->ZN R     NOR2_X1        3  5.6    34    45     585    (-,-) 
  g32465/ZN                   -       A->ZN  F     INV_X1         2  3.4    11    14     599    (-,-) 
  g32435__2883/ZN             -       A1->ZN R     AOI22_X1       1  1.9    27    33     632    (-,-) 
  g32430__4733/ZN             -       A1->ZN F     NAND2_X1       1  1.8    11    17     648    (-,-) 
  g32427__1881/ZN             -       A1->ZN R     NAND2_X1       1  1.2     8    14     662    (-,-) 
  g32424__8246/ZN             -       A1->ZN R     AND2_X1        1  2.0     9    31     693    (-,-) 
  g32420__2802/ZN             -       B1->ZN F     OAI21_X1       1  1.8    13    14     707    (-,-) 
  g32418__1617/ZN             -       A->ZN  R     OAI221_X1      1  1.9    37    24     731    (-,-) 
  g32416__6783/ZN             -       B1->ZN F     AOI21_X1       1  1.8    13    20     750    (-,-) 
  g32415/ZN                   -       A->ZN  R     INV_X1         1  1.9     8    15     766    (-,-) 
  g32414__5526/ZN             -       A1->ZN F     AOI222_X1      1  1.7    19    15     780    (-,-) 
  g32413__8428/ZN             -       B1->ZN R     OAI221_X1      3 11.6    82   100     881    (-,-) 
  g32409__6260/ZN             -       A1->ZN F     NAND2_X4      49 78.9    48    78     959    (-,-) 
  g32381__8246/ZN             -       B1->ZN R     OAI221_X1      1  1.4    36    62    1021    (-,-) 
  larger_mantissa_l_reg[21]/D -       -      R     DFFR_X1        1    -     -     0    1021    (-,-) 
#-----------------------------------------------------------------------------------------------------

Capture clock path:
#-----------------------------------------------------------------------------------------------------
#        Timing Point          Flags   Arc   Edge   Cell     Fanout Load Trans Delay Arrival Instance 
#                                                                   (fF)  (ps)  (ps)   (ps)  Location 
#-----------------------------------------------------------------------------------------------------
  clk                          (i)     -     R     (arrival)     68  0.0     0     0    1111    (-,-) 
  larger_mantissa_l_reg[21]/CK <<<     -     R     DFFR_X1       68    -     1     0    1111    (-,-) 
#-----------------------------------------------------------------------------------------------------



Path 74: MET (50 ps) Setup Check with Pin larger_mantissa_l_reg[20]/CK->D
           View: view_1p2_25
          Group: clock1
     Startpoint: (R) fp1_in[23]
          Clock: (R) clock1
       Endpoint: (R) larger_mantissa_l_reg[20]/D
          Clock: (R) clock1

                     Capture       Launch     
        Clock Edge:+    1111            0     
        Drv Adjust:+       0            0     
       Src Latency:+       0            0     
       Net Latency:+       0 (I)        0 (I) 
           Arrival:=    1111            0     
                                              
             Setup:-      40                  
       Uncertainty:-       0                  
     Required Time:=    1070                  
      Launch Clock:-       0                  
       Input Delay:-       1                  
         Data Path:-    1020                  
             Slack:=      50                  

Exceptions/Constraints:
  input_delay              1              add_fp16.sdc_line_16_12_1   

#-----------------------------------------------------------------------------------------------------
#        Timing Point         Flags    Arc   Edge   Cell     Fanout Load Trans Delay Arrival Instance 
#                                                                   (fF)  (ps)  (ps)   (ps)  Location 
#-----------------------------------------------------------------------------------------------------
  fp1_in[23]                  -       -      R     (arrival)      4  8.3     0     0       1    (-,-) 
  g33008/ZN                   -       A->ZN  F     INV_X2         2  6.1     4     6       7    (-,-) 
  g32974/ZN                   -       A1->ZN R     NOR2_X2        3  7.4    25    32      39    (-,-) 
  g32876/ZN                   -       A2->ZN F     NAND2_X2       1  3.2     8    16      56    (-,-) 
  g32869/ZN                   -       A1->ZN R     NAND2_X2       3  7.0    14    19      74    (-,-) 
  g32857/ZN                   -       B1->ZN F     AOI21_X2       2  4.7    10    17      91    (-,-) 
  g32852/ZN                   -       B1->ZN R     OAI21_X2       2  5.5    23    33     124    (-,-) 
  g32846/ZN                   -       A1->ZN F     NOR2_X2        2  4.7     8    12     136    (-,-) 
  g32840/ZN                   -       C1->ZN R     OAI211_X2      1  6.3    28    37     173    (-,-) 
  g32839/ZN                   -       A1->ZN F     NAND2_X4       2  9.0    11    18     191    (-,-) 
  g32838/ZN                   -       A->ZN  R     INV_X2         1  6.7    11    18     210    (-,-) 
  g32837/ZN                   -       B1->ZN F     OAI21_X4      10 17.1    21    20     230    (-,-) 
  g32800/ZN                   -       A1->ZN R     NAND2_X1       2  7.7    23    35     265    (-,-) 
  g32795/ZN                   -       A->ZN  F     INV_X4        23 40.0    14    24     289    (-,-) 
  g46964/ZN                   -       A1->ZN R     AOI22_X1       3  4.9    40    49     339    (-,-) 
  g32685/ZN                   -       A1->ZN R     OR2_X1         2  3.9    14    36     375    (-,-) 
  g32638/ZN                   -       A->ZN  F     OAI21_X1       2  3.6    33    24     399    (-,-) 
  g32591/ZN                   -       A1->ZN R     AOI22_X1       2  3.8    34    52     451    (-,-) 
  g32534/ZN                   -       A1->ZN F     OAI22_X1       2  3.5    20    28     480    (-,-) 
  g32512/ZN                   -       A1->ZN R     AOI22_X1       1  2.0    26    37     517    (-,-) 
  g32478/ZN                   -       A->ZN  F     OAI21_X1       1  1.7    14    22     539    (-,-) 
  g32474/ZN                   -       A1->ZN R     NOR2_X1        3  5.6    34    45     585    (-,-) 
  g32465/ZN                   -       A->ZN  F     INV_X1         2  3.4    11    14     599    (-,-) 
  g32435__2883/ZN             -       A1->ZN R     AOI22_X1       1  1.9    27    33     632    (-,-) 
  g32430__4733/ZN             -       A1->ZN F     NAND2_X1       1  1.8    11    17     648    (-,-) 
  g32427__1881/ZN             -       A1->ZN R     NAND2_X1       1  1.2     8    14     662    (-,-) 
  g32424__8246/ZN             -       A1->ZN R     AND2_X1        1  2.0     9    31     693    (-,-) 
  g32420__2802/ZN             -       B1->ZN F     OAI21_X1       1  1.8    13    14     707    (-,-) 
  g32418__1617/ZN             -       A->ZN  R     OAI221_X1      1  1.9    37    24     731    (-,-) 
  g32416__6783/ZN             -       B1->ZN F     AOI21_X1       1  1.8    13    20     750    (-,-) 
  g32415/ZN                   -       A->ZN  R     INV_X1         1  1.9     8    15     766    (-,-) 
  g32414__5526/ZN             -       A1->ZN F     AOI222_X1      1  1.7    19    15     780    (-,-) 
  g32413__8428/ZN             -       B1->ZN R     OAI221_X1      3 11.6    82   100     881    (-,-) 
  g32409__6260/ZN             -       A1->ZN F     NAND2_X4      49 78.9    48    78     959    (-,-) 
  g32380__5122/ZN             -       B1->ZN R     OAI221_X1      1  1.4    36    62    1021    (-,-) 
  larger_mantissa_l_reg[20]/D -       -      R     DFFR_X1        1    -     -     0    1021    (-,-) 
#-----------------------------------------------------------------------------------------------------

Capture clock path:
#-----------------------------------------------------------------------------------------------------
#        Timing Point          Flags   Arc   Edge   Cell     Fanout Load Trans Delay Arrival Instance 
#                                                                   (fF)  (ps)  (ps)   (ps)  Location 
#-----------------------------------------------------------------------------------------------------
  clk                          (i)     -     R     (arrival)     68  0.0     0     0    1111    (-,-) 
  larger_mantissa_l_reg[20]/CK <<<     -     R     DFFR_X1       68    -     1     0    1111    (-,-) 
#-----------------------------------------------------------------------------------------------------



Path 75: MET (50 ps) Setup Check with Pin larger_mantissa_l_reg[19]/CK->D
           View: view_1p2_25
          Group: clock1
     Startpoint: (R) fp1_in[23]
          Clock: (R) clock1
       Endpoint: (R) larger_mantissa_l_reg[19]/D
          Clock: (R) clock1

                     Capture       Launch     
        Clock Edge:+    1111            0     
        Drv Adjust:+       0            0     
       Src Latency:+       0            0     
       Net Latency:+       0 (I)        0 (I) 
           Arrival:=    1111            0     
                                              
             Setup:-      40                  
       Uncertainty:-       0                  
     Required Time:=    1070                  
      Launch Clock:-       0                  
       Input Delay:-       1                  
         Data Path:-    1020                  
             Slack:=      50                  

Exceptions/Constraints:
  input_delay              1              add_fp16.sdc_line_16_12_1   

#-----------------------------------------------------------------------------------------------------
#        Timing Point         Flags    Arc   Edge   Cell     Fanout Load Trans Delay Arrival Instance 
#                                                                   (fF)  (ps)  (ps)   (ps)  Location 
#-----------------------------------------------------------------------------------------------------
  fp1_in[23]                  -       -      R     (arrival)      4  8.3     0     0       1    (-,-) 
  g33008/ZN                   -       A->ZN  F     INV_X2         2  6.1     4     6       7    (-,-) 
  g32974/ZN                   -       A1->ZN R     NOR2_X2        3  7.4    25    32      39    (-,-) 
  g32876/ZN                   -       A2->ZN F     NAND2_X2       1  3.2     8    16      56    (-,-) 
  g32869/ZN                   -       A1->ZN R     NAND2_X2       3  7.0    14    19      74    (-,-) 
  g32857/ZN                   -       B1->ZN F     AOI21_X2       2  4.7    10    17      91    (-,-) 
  g32852/ZN                   -       B1->ZN R     OAI21_X2       2  5.5    23    33     124    (-,-) 
  g32846/ZN                   -       A1->ZN F     NOR2_X2        2  4.7     8    12     136    (-,-) 
  g32840/ZN                   -       C1->ZN R     OAI211_X2      1  6.3    28    37     173    (-,-) 
  g32839/ZN                   -       A1->ZN F     NAND2_X4       2  9.0    11    18     191    (-,-) 
  g32838/ZN                   -       A->ZN  R     INV_X2         1  6.7    11    18     210    (-,-) 
  g32837/ZN                   -       B1->ZN F     OAI21_X4      10 17.1    21    20     230    (-,-) 
  g32800/ZN                   -       A1->ZN R     NAND2_X1       2  7.7    23    35     265    (-,-) 
  g32795/ZN                   -       A->ZN  F     INV_X4        23 40.0    14    24     289    (-,-) 
  g46964/ZN                   -       A1->ZN R     AOI22_X1       3  4.9    40    49     339    (-,-) 
  g32685/ZN                   -       A1->ZN R     OR2_X1         2  3.9    14    36     375    (-,-) 
  g32638/ZN                   -       A->ZN  F     OAI21_X1       2  3.6    33    24     399    (-,-) 
  g32591/ZN                   -       A1->ZN R     AOI22_X1       2  3.8    34    52     451    (-,-) 
  g32534/ZN                   -       A1->ZN F     OAI22_X1       2  3.5    20    28     480    (-,-) 
  g32512/ZN                   -       A1->ZN R     AOI22_X1       1  2.0    26    37     517    (-,-) 
  g32478/ZN                   -       A->ZN  F     OAI21_X1       1  1.7    14    22     539    (-,-) 
  g32474/ZN                   -       A1->ZN R     NOR2_X1        3  5.6    34    45     585    (-,-) 
  g32465/ZN                   -       A->ZN  F     INV_X1         2  3.4    11    14     599    (-,-) 
  g32435__2883/ZN             -       A1->ZN R     AOI22_X1       1  1.9    27    33     632    (-,-) 
  g32430__4733/ZN             -       A1->ZN F     NAND2_X1       1  1.8    11    17     648    (-,-) 
  g32427__1881/ZN             -       A1->ZN R     NAND2_X1       1  1.2     8    14     662    (-,-) 
  g32424__8246/ZN             -       A1->ZN R     AND2_X1        1  2.0     9    31     693    (-,-) 
  g32420__2802/ZN             -       B1->ZN F     OAI21_X1       1  1.8    13    14     707    (-,-) 
  g32418__1617/ZN             -       A->ZN  R     OAI221_X1      1  1.9    37    24     731    (-,-) 
  g32416__6783/ZN             -       B1->ZN F     AOI21_X1       1  1.8    13    20     750    (-,-) 
  g32415/ZN                   -       A->ZN  R     INV_X1         1  1.9     8    15     766    (-,-) 
  g32414__5526/ZN             -       A1->ZN F     AOI222_X1      1  1.7    19    15     780    (-,-) 
  g32413__8428/ZN             -       B1->ZN R     OAI221_X1      3 11.6    82   100     881    (-,-) 
  g32409__6260/ZN             -       A1->ZN F     NAND2_X4      49 78.9    48    78     959    (-,-) 
  g32379__1705/ZN             -       B1->ZN R     OAI221_X1      1  1.4    36    62    1021    (-,-) 
  larger_mantissa_l_reg[19]/D -       -      R     DFFR_X1        1    -     -     0    1021    (-,-) 
#-----------------------------------------------------------------------------------------------------

Capture clock path:
#-----------------------------------------------------------------------------------------------------
#        Timing Point          Flags   Arc   Edge   Cell     Fanout Load Trans Delay Arrival Instance 
#                                                                   (fF)  (ps)  (ps)   (ps)  Location 
#-----------------------------------------------------------------------------------------------------
  clk                          (i)     -     R     (arrival)     68  0.0     0     0    1111    (-,-) 
  larger_mantissa_l_reg[19]/CK <<<     -     R     DFFR_X1       68    -     1     0    1111    (-,-) 
#-----------------------------------------------------------------------------------------------------



Path 76: MET (50 ps) Setup Check with Pin larger_mantissa_l_reg[18]/CK->D
           View: view_1p2_25
          Group: clock1
     Startpoint: (R) fp1_in[23]
          Clock: (R) clock1
       Endpoint: (R) larger_mantissa_l_reg[18]/D
          Clock: (R) clock1

                     Capture       Launch     
        Clock Edge:+    1111            0     
        Drv Adjust:+       0            0     
       Src Latency:+       0            0     
       Net Latency:+       0 (I)        0 (I) 
           Arrival:=    1111            0     
                                              
             Setup:-      40                  
       Uncertainty:-       0                  
     Required Time:=    1070                  
      Launch Clock:-       0                  
       Input Delay:-       1                  
         Data Path:-    1020                  
             Slack:=      50                  

Exceptions/Constraints:
  input_delay              1              add_fp16.sdc_line_16_12_1   

#-----------------------------------------------------------------------------------------------------
#        Timing Point         Flags    Arc   Edge   Cell     Fanout Load Trans Delay Arrival Instance 
#                                                                   (fF)  (ps)  (ps)   (ps)  Location 
#-----------------------------------------------------------------------------------------------------
  fp1_in[23]                  -       -      R     (arrival)      4  8.3     0     0       1    (-,-) 
  g33008/ZN                   -       A->ZN  F     INV_X2         2  6.1     4     6       7    (-,-) 
  g32974/ZN                   -       A1->ZN R     NOR2_X2        3  7.4    25    32      39    (-,-) 
  g32876/ZN                   -       A2->ZN F     NAND2_X2       1  3.2     8    16      56    (-,-) 
  g32869/ZN                   -       A1->ZN R     NAND2_X2       3  7.0    14    19      74    (-,-) 
  g32857/ZN                   -       B1->ZN F     AOI21_X2       2  4.7    10    17      91    (-,-) 
  g32852/ZN                   -       B1->ZN R     OAI21_X2       2  5.5    23    33     124    (-,-) 
  g32846/ZN                   -       A1->ZN F     NOR2_X2        2  4.7     8    12     136    (-,-) 
  g32840/ZN                   -       C1->ZN R     OAI211_X2      1  6.3    28    37     173    (-,-) 
  g32839/ZN                   -       A1->ZN F     NAND2_X4       2  9.0    11    18     191    (-,-) 
  g32838/ZN                   -       A->ZN  R     INV_X2         1  6.7    11    18     210    (-,-) 
  g32837/ZN                   -       B1->ZN F     OAI21_X4      10 17.1    21    20     230    (-,-) 
  g32800/ZN                   -       A1->ZN R     NAND2_X1       2  7.7    23    35     265    (-,-) 
  g32795/ZN                   -       A->ZN  F     INV_X4        23 40.0    14    24     289    (-,-) 
  g46964/ZN                   -       A1->ZN R     AOI22_X1       3  4.9    40    49     339    (-,-) 
  g32685/ZN                   -       A1->ZN R     OR2_X1         2  3.9    14    36     375    (-,-) 
  g32638/ZN                   -       A->ZN  F     OAI21_X1       2  3.6    33    24     399    (-,-) 
  g32591/ZN                   -       A1->ZN R     AOI22_X1       2  3.8    34    52     451    (-,-) 
  g32534/ZN                   -       A1->ZN F     OAI22_X1       2  3.5    20    28     480    (-,-) 
  g32512/ZN                   -       A1->ZN R     AOI22_X1       1  2.0    26    37     517    (-,-) 
  g32478/ZN                   -       A->ZN  F     OAI21_X1       1  1.7    14    22     539    (-,-) 
  g32474/ZN                   -       A1->ZN R     NOR2_X1        3  5.6    34    45     585    (-,-) 
  g32465/ZN                   -       A->ZN  F     INV_X1         2  3.4    11    14     599    (-,-) 
  g32435__2883/ZN             -       A1->ZN R     AOI22_X1       1  1.9    27    33     632    (-,-) 
  g32430__4733/ZN             -       A1->ZN F     NAND2_X1       1  1.8    11    17     648    (-,-) 
  g32427__1881/ZN             -       A1->ZN R     NAND2_X1       1  1.2     8    14     662    (-,-) 
  g32424__8246/ZN             -       A1->ZN R     AND2_X1        1  2.0     9    31     693    (-,-) 
  g32420__2802/ZN             -       B1->ZN F     OAI21_X1       1  1.8    13    14     707    (-,-) 
  g32418__1617/ZN             -       A->ZN  R     OAI221_X1      1  1.9    37    24     731    (-,-) 
  g32416__6783/ZN             -       B1->ZN F     AOI21_X1       1  1.8    13    20     750    (-,-) 
  g32415/ZN                   -       A->ZN  R     INV_X1         1  1.9     8    15     766    (-,-) 
  g32414__5526/ZN             -       A1->ZN F     AOI222_X1      1  1.7    19    15     780    (-,-) 
  g32413__8428/ZN             -       B1->ZN R     OAI221_X1      3 11.6    82   100     881    (-,-) 
  g32409__6260/ZN             -       A1->ZN F     NAND2_X4      49 78.9    48    78     959    (-,-) 
  g32378__2802/ZN             -       B1->ZN R     OAI221_X1      1  1.4    36    62    1021    (-,-) 
  larger_mantissa_l_reg[18]/D -       -      R     DFFR_X1        1    -     -     0    1021    (-,-) 
#-----------------------------------------------------------------------------------------------------

Capture clock path:
#-----------------------------------------------------------------------------------------------------
#        Timing Point          Flags   Arc   Edge   Cell     Fanout Load Trans Delay Arrival Instance 
#                                                                   (fF)  (ps)  (ps)   (ps)  Location 
#-----------------------------------------------------------------------------------------------------
  clk                          (i)     -     R     (arrival)     68  0.0     0     0    1111    (-,-) 
  larger_mantissa_l_reg[18]/CK <<<     -     R     DFFR_X1       68    -     1     0    1111    (-,-) 
#-----------------------------------------------------------------------------------------------------



Path 77: MET (50 ps) Setup Check with Pin larger_mantissa_l_reg[9]/CK->D
           View: view_1p2_25
          Group: clock1
     Startpoint: (R) fp1_in[23]
          Clock: (R) clock1
       Endpoint: (R) larger_mantissa_l_reg[9]/D
          Clock: (R) clock1

                     Capture       Launch     
        Clock Edge:+    1111            0     
        Drv Adjust:+       0            0     
       Src Latency:+       0            0     
       Net Latency:+       0 (I)        0 (I) 
           Arrival:=    1111            0     
                                              
             Setup:-      40                  
       Uncertainty:-       0                  
     Required Time:=    1070                  
      Launch Clock:-       0                  
       Input Delay:-       1                  
         Data Path:-    1020                  
             Slack:=      50                  

Exceptions/Constraints:
  input_delay              1              add_fp16.sdc_line_16_12_1   

#----------------------------------------------------------------------------------------------------
#       Timing Point         Flags    Arc   Edge   Cell     Fanout Load Trans Delay Arrival Instance 
#                                                                  (fF)  (ps)  (ps)   (ps)  Location 
#----------------------------------------------------------------------------------------------------
  fp1_in[23]                 -       -      R     (arrival)      4  8.3     0     0       1    (-,-) 
  g33008/ZN                  -       A->ZN  F     INV_X2         2  6.1     4     6       7    (-,-) 
  g32974/ZN                  -       A1->ZN R     NOR2_X2        3  7.4    25    32      39    (-,-) 
  g32876/ZN                  -       A2->ZN F     NAND2_X2       1  3.2     8    16      56    (-,-) 
  g32869/ZN                  -       A1->ZN R     NAND2_X2       3  7.0    14    19      74    (-,-) 
  g32857/ZN                  -       B1->ZN F     AOI21_X2       2  4.7    10    17      91    (-,-) 
  g32852/ZN                  -       B1->ZN R     OAI21_X2       2  5.5    23    33     124    (-,-) 
  g32846/ZN                  -       A1->ZN F     NOR2_X2        2  4.7     8    12     136    (-,-) 
  g32840/ZN                  -       C1->ZN R     OAI211_X2      1  6.3    28    37     173    (-,-) 
  g32839/ZN                  -       A1->ZN F     NAND2_X4       2  9.0    11    18     191    (-,-) 
  g32838/ZN                  -       A->ZN  R     INV_X2         1  6.7    11    18     210    (-,-) 
  g32837/ZN                  -       B1->ZN F     OAI21_X4      10 17.1    21    20     230    (-,-) 
  g32800/ZN                  -       A1->ZN R     NAND2_X1       2  7.7    23    35     265    (-,-) 
  g32795/ZN                  -       A->ZN  F     INV_X4        23 40.0    14    24     289    (-,-) 
  g46964/ZN                  -       A1->ZN R     AOI22_X1       3  4.9    40    49     339    (-,-) 
  g32685/ZN                  -       A1->ZN R     OR2_X1         2  3.9    14    36     375    (-,-) 
  g32638/ZN                  -       A->ZN  F     OAI21_X1       2  3.6    33    24     399    (-,-) 
  g32591/ZN                  -       A1->ZN R     AOI22_X1       2  3.8    34    52     451    (-,-) 
  g32534/ZN                  -       A1->ZN F     OAI22_X1       2  3.5    20    28     480    (-,-) 
  g32512/ZN                  -       A1->ZN R     AOI22_X1       1  2.0    26    37     517    (-,-) 
  g32478/ZN                  -       A->ZN  F     OAI21_X1       1  1.7    14    22     539    (-,-) 
  g32474/ZN                  -       A1->ZN R     NOR2_X1        3  5.6    34    45     585    (-,-) 
  g32465/ZN                  -       A->ZN  F     INV_X1         2  3.4    11    14     599    (-,-) 
  g32435__2883/ZN            -       A1->ZN R     AOI22_X1       1  1.9    27    33     632    (-,-) 
  g32430__4733/ZN            -       A1->ZN F     NAND2_X1       1  1.8    11    17     648    (-,-) 
  g32427__1881/ZN            -       A1->ZN R     NAND2_X1       1  1.2     8    14     662    (-,-) 
  g32424__8246/ZN            -       A1->ZN R     AND2_X1        1  2.0     9    31     693    (-,-) 
  g32420__2802/ZN            -       B1->ZN F     OAI21_X1       1  1.8    13    14     707    (-,-) 
  g32418__1617/ZN            -       A->ZN  R     OAI221_X1      1  1.9    37    24     731    (-,-) 
  g32416__6783/ZN            -       B1->ZN F     AOI21_X1       1  1.8    13    20     750    (-,-) 
  g32415/ZN                  -       A->ZN  R     INV_X1         1  1.9     8    15     766    (-,-) 
  g32414__5526/ZN            -       A1->ZN F     AOI222_X1      1  1.7    19    15     780    (-,-) 
  g32413__8428/ZN            -       B1->ZN R     OAI221_X1      3 11.6    82   100     881    (-,-) 
  g32409__6260/ZN            -       A1->ZN F     NAND2_X4      49 78.9    48    78     959    (-,-) 
  g32370__5107/ZN            -       B1->ZN R     OAI221_X1      1  1.4    36    62    1021    (-,-) 
  larger_mantissa_l_reg[9]/D -       -      R     DFFR_X1        1    -     -     0    1021    (-,-) 
#----------------------------------------------------------------------------------------------------

Capture clock path:
#----------------------------------------------------------------------------------------------------
#        Timing Point         Flags   Arc   Edge   Cell     Fanout Load Trans Delay Arrival Instance 
#                                                                  (fF)  (ps)  (ps)   (ps)  Location 
#----------------------------------------------------------------------------------------------------
  clk                         (i)     -     R     (arrival)     68  0.0     0     0    1111    (-,-) 
  larger_mantissa_l_reg[9]/CK <<<     -     R     DFFR_X1       68    -     1     0    1111    (-,-) 
#----------------------------------------------------------------------------------------------------



Path 78: MET (50 ps) Setup Check with Pin larger_mantissa_l_reg[7]/CK->D
           View: view_1p2_25
          Group: clock1
     Startpoint: (R) fp1_in[23]
          Clock: (R) clock1
       Endpoint: (R) larger_mantissa_l_reg[7]/D
          Clock: (R) clock1

                     Capture       Launch     
        Clock Edge:+    1111            0     
        Drv Adjust:+       0            0     
       Src Latency:+       0            0     
       Net Latency:+       0 (I)        0 (I) 
           Arrival:=    1111            0     
                                              
             Setup:-      40                  
       Uncertainty:-       0                  
     Required Time:=    1070                  
      Launch Clock:-       0                  
       Input Delay:-       1                  
         Data Path:-    1020                  
             Slack:=      50                  

Exceptions/Constraints:
  input_delay              1              add_fp16.sdc_line_16_12_1   

#----------------------------------------------------------------------------------------------------
#       Timing Point         Flags    Arc   Edge   Cell     Fanout Load Trans Delay Arrival Instance 
#                                                                  (fF)  (ps)  (ps)   (ps)  Location 
#----------------------------------------------------------------------------------------------------
  fp1_in[23]                 -       -      R     (arrival)      4  8.3     0     0       1    (-,-) 
  g33008/ZN                  -       A->ZN  F     INV_X2         2  6.1     4     6       7    (-,-) 
  g32974/ZN                  -       A1->ZN R     NOR2_X2        3  7.4    25    32      39    (-,-) 
  g32876/ZN                  -       A2->ZN F     NAND2_X2       1  3.2     8    16      56    (-,-) 
  g32869/ZN                  -       A1->ZN R     NAND2_X2       3  7.0    14    19      74    (-,-) 
  g32857/ZN                  -       B1->ZN F     AOI21_X2       2  4.7    10    17      91    (-,-) 
  g32852/ZN                  -       B1->ZN R     OAI21_X2       2  5.5    23    33     124    (-,-) 
  g32846/ZN                  -       A1->ZN F     NOR2_X2        2  4.7     8    12     136    (-,-) 
  g32840/ZN                  -       C1->ZN R     OAI211_X2      1  6.3    28    37     173    (-,-) 
  g32839/ZN                  -       A1->ZN F     NAND2_X4       2  9.0    11    18     191    (-,-) 
  g32838/ZN                  -       A->ZN  R     INV_X2         1  6.7    11    18     210    (-,-) 
  g32837/ZN                  -       B1->ZN F     OAI21_X4      10 17.1    21    20     230    (-,-) 
  g32800/ZN                  -       A1->ZN R     NAND2_X1       2  7.7    23    35     265    (-,-) 
  g32795/ZN                  -       A->ZN  F     INV_X4        23 40.0    14    24     289    (-,-) 
  g46964/ZN                  -       A1->ZN R     AOI22_X1       3  4.9    40    49     339    (-,-) 
  g32685/ZN                  -       A1->ZN R     OR2_X1         2  3.9    14    36     375    (-,-) 
  g32638/ZN                  -       A->ZN  F     OAI21_X1       2  3.6    33    24     399    (-,-) 
  g32591/ZN                  -       A1->ZN R     AOI22_X1       2  3.8    34    52     451    (-,-) 
  g32534/ZN                  -       A1->ZN F     OAI22_X1       2  3.5    20    28     480    (-,-) 
  g32512/ZN                  -       A1->ZN R     AOI22_X1       1  2.0    26    37     517    (-,-) 
  g32478/ZN                  -       A->ZN  F     OAI21_X1       1  1.7    14    22     539    (-,-) 
  g32474/ZN                  -       A1->ZN R     NOR2_X1        3  5.6    34    45     585    (-,-) 
  g32465/ZN                  -       A->ZN  F     INV_X1         2  3.4    11    14     599    (-,-) 
  g32435__2883/ZN            -       A1->ZN R     AOI22_X1       1  1.9    27    33     632    (-,-) 
  g32430__4733/ZN            -       A1->ZN F     NAND2_X1       1  1.8    11    17     648    (-,-) 
  g32427__1881/ZN            -       A1->ZN R     NAND2_X1       1  1.2     8    14     662    (-,-) 
  g32424__8246/ZN            -       A1->ZN R     AND2_X1        1  2.0     9    31     693    (-,-) 
  g32420__2802/ZN            -       B1->ZN F     OAI21_X1       1  1.8    13    14     707    (-,-) 
  g32418__1617/ZN            -       A->ZN  R     OAI221_X1      1  1.9    37    24     731    (-,-) 
  g32416__6783/ZN            -       B1->ZN F     AOI21_X1       1  1.8    13    20     750    (-,-) 
  g32415/ZN                  -       A->ZN  R     INV_X1         1  1.9     8    15     766    (-,-) 
  g32414__5526/ZN            -       A1->ZN F     AOI222_X1      1  1.7    19    15     780    (-,-) 
  g32413__8428/ZN            -       B1->ZN R     OAI221_X1      3 11.6    82   100     881    (-,-) 
  g32409__6260/ZN            -       A1->ZN F     NAND2_X4      49 78.9    48    78     959    (-,-) 
  g32366__7410/ZN            -       B1->ZN R     OAI221_X1      1  1.4    36    62    1021    (-,-) 
  larger_mantissa_l_reg[7]/D -       -      R     DFFR_X1        1    -     -     0    1021    (-,-) 
#----------------------------------------------------------------------------------------------------

Capture clock path:
#----------------------------------------------------------------------------------------------------
#        Timing Point         Flags   Arc   Edge   Cell     Fanout Load Trans Delay Arrival Instance 
#                                                                  (fF)  (ps)  (ps)   (ps)  Location 
#----------------------------------------------------------------------------------------------------
  clk                         (i)     -     R     (arrival)     68  0.0     0     0    1111    (-,-) 
  larger_mantissa_l_reg[7]/CK <<<     -     R     DFFR_X1       68    -     1     0    1111    (-,-) 
#----------------------------------------------------------------------------------------------------



Path 79: MET (50 ps) Setup Check with Pin larger_mantissa_l_reg[6]/CK->D
           View: view_1p2_25
          Group: clock1
     Startpoint: (R) fp1_in[23]
          Clock: (R) clock1
       Endpoint: (R) larger_mantissa_l_reg[6]/D
          Clock: (R) clock1

                     Capture       Launch     
        Clock Edge:+    1111            0     
        Drv Adjust:+       0            0     
       Src Latency:+       0            0     
       Net Latency:+       0 (I)        0 (I) 
           Arrival:=    1111            0     
                                              
             Setup:-      40                  
       Uncertainty:-       0                  
     Required Time:=    1070                  
      Launch Clock:-       0                  
       Input Delay:-       1                  
         Data Path:-    1020                  
             Slack:=      50                  

Exceptions/Constraints:
  input_delay              1              add_fp16.sdc_line_16_12_1   

#----------------------------------------------------------------------------------------------------
#       Timing Point         Flags    Arc   Edge   Cell     Fanout Load Trans Delay Arrival Instance 
#                                                                  (fF)  (ps)  (ps)   (ps)  Location 
#----------------------------------------------------------------------------------------------------
  fp1_in[23]                 -       -      R     (arrival)      4  8.3     0     0       1    (-,-) 
  g33008/ZN                  -       A->ZN  F     INV_X2         2  6.1     4     6       7    (-,-) 
  g32974/ZN                  -       A1->ZN R     NOR2_X2        3  7.4    25    32      39    (-,-) 
  g32876/ZN                  -       A2->ZN F     NAND2_X2       1  3.2     8    16      56    (-,-) 
  g32869/ZN                  -       A1->ZN R     NAND2_X2       3  7.0    14    19      74    (-,-) 
  g32857/ZN                  -       B1->ZN F     AOI21_X2       2  4.7    10    17      91    (-,-) 
  g32852/ZN                  -       B1->ZN R     OAI21_X2       2  5.5    23    33     124    (-,-) 
  g32846/ZN                  -       A1->ZN F     NOR2_X2        2  4.7     8    12     136    (-,-) 
  g32840/ZN                  -       C1->ZN R     OAI211_X2      1  6.3    28    37     173    (-,-) 
  g32839/ZN                  -       A1->ZN F     NAND2_X4       2  9.0    11    18     191    (-,-) 
  g32838/ZN                  -       A->ZN  R     INV_X2         1  6.7    11    18     210    (-,-) 
  g32837/ZN                  -       B1->ZN F     OAI21_X4      10 17.1    21    20     230    (-,-) 
  g32800/ZN                  -       A1->ZN R     NAND2_X1       2  7.7    23    35     265    (-,-) 
  g32795/ZN                  -       A->ZN  F     INV_X4        23 40.0    14    24     289    (-,-) 
  g46964/ZN                  -       A1->ZN R     AOI22_X1       3  4.9    40    49     339    (-,-) 
  g32685/ZN                  -       A1->ZN R     OR2_X1         2  3.9    14    36     375    (-,-) 
  g32638/ZN                  -       A->ZN  F     OAI21_X1       2  3.6    33    24     399    (-,-) 
  g32591/ZN                  -       A1->ZN R     AOI22_X1       2  3.8    34    52     451    (-,-) 
  g32534/ZN                  -       A1->ZN F     OAI22_X1       2  3.5    20    28     480    (-,-) 
  g32512/ZN                  -       A1->ZN R     AOI22_X1       1  2.0    26    37     517    (-,-) 
  g32478/ZN                  -       A->ZN  F     OAI21_X1       1  1.7    14    22     539    (-,-) 
  g32474/ZN                  -       A1->ZN R     NOR2_X1        3  5.6    34    45     585    (-,-) 
  g32465/ZN                  -       A->ZN  F     INV_X1         2  3.4    11    14     599    (-,-) 
  g32435__2883/ZN            -       A1->ZN R     AOI22_X1       1  1.9    27    33     632    (-,-) 
  g32430__4733/ZN            -       A1->ZN F     NAND2_X1       1  1.8    11    17     648    (-,-) 
  g32427__1881/ZN            -       A1->ZN R     NAND2_X1       1  1.2     8    14     662    (-,-) 
  g32424__8246/ZN            -       A1->ZN R     AND2_X1        1  2.0     9    31     693    (-,-) 
  g32420__2802/ZN            -       B1->ZN F     OAI21_X1       1  1.8    13    14     707    (-,-) 
  g32418__1617/ZN            -       A->ZN  R     OAI221_X1      1  1.9    37    24     731    (-,-) 
  g32416__6783/ZN            -       B1->ZN F     AOI21_X1       1  1.8    13    20     750    (-,-) 
  g32415/ZN                  -       A->ZN  R     INV_X1         1  1.9     8    15     766    (-,-) 
  g32414__5526/ZN            -       A1->ZN F     AOI222_X1      1  1.7    19    15     780    (-,-) 
  g32413__8428/ZN            -       B1->ZN R     OAI221_X1      3 11.6    82   100     881    (-,-) 
  g32409__6260/ZN            -       A1->ZN F     NAND2_X4      49 78.9    48    78     959    (-,-) 
  g32365__1666/ZN            -       B1->ZN R     OAI221_X1      1  1.4    36    62    1021    (-,-) 
  larger_mantissa_l_reg[6]/D -       -      R     DFFR_X1        1    -     -     0    1021    (-,-) 
#----------------------------------------------------------------------------------------------------

Capture clock path:
#----------------------------------------------------------------------------------------------------
#        Timing Point         Flags   Arc   Edge   Cell     Fanout Load Trans Delay Arrival Instance 
#                                                                  (fF)  (ps)  (ps)   (ps)  Location 
#----------------------------------------------------------------------------------------------------
  clk                         (i)     -     R     (arrival)     68  0.0     0     0    1111    (-,-) 
  larger_mantissa_l_reg[6]/CK <<<     -     R     DFFR_X1       68    -     1     0    1111    (-,-) 
#----------------------------------------------------------------------------------------------------



Path 80: MET (57 ps) Late External Delay Assertion at pin fp_out[23]
           View: view_1p2_25
          Group: clock1
     Startpoint: (R) signs_differ_l_reg/CK
          Clock: (R) clock1
       Endpoint: (F) fp_out[23]
          Clock: (R) clock1

                     Capture       Launch     
        Clock Edge:+    1111            0     
       Src Latency:+       0            0     
       Net Latency:+       0 (I)        0 (I) 
           Arrival:=    1111            0     
                                              
      Output Delay:-       1                  
       Uncertainty:-       0                  
     Required Time:=    1110                  
      Launch Clock:-       0                  
         Data Path:-    1053                  
             Slack:=      57                  

Exceptions/Constraints:
  output_delay              1              add_fp16.sdc_line_17_74_1   

Launch clock path:
#----------------------------------------------------------------------------------------------
#     Timing Point      Flags   Arc   Edge   Cell     Fanout Load Trans Delay Arrival Instance 
#                                                            (fF)  (ps)  (ps)   (ps)  Location 
#----------------------------------------------------------------------------------------------
  clk                   (i)     -     R     (arrival)     68  0.0     0     0       0    (-,-) 
  signs_differ_l_reg/CK <<<     -     R     DFFR_X1       68    -     1     0       0    (-,-) 
#----------------------------------------------------------------------------------------------

#-----------------------------------------------------------------------------------------------
#     Timing Point      Flags    Arc   Edge   Cell     Fanout Load Trans Delay Arrival Instance 
#                                                             (fF)  (ps)  (ps)   (ps)  Location 
#-----------------------------------------------------------------------------------------------
  signs_differ_l_reg/CK -       -      R     (arrival)     68    -     1     0       0    (-,-) 
  signs_differ_l_reg/QN -       CK->QN F     DFFR_X1        3  6.6    17    76      76    (-,-) 
  g32978/ZN             -       A->ZN  R     INV_X2        25 51.2    61    75     151    (-,-) 
  g46831/ZN             -       A->ZN  F     INV_X2        30 51.7    36    59     210    (-,-) 
  g46540__1617/ZN       -       A1->ZN R     NAND2_X1       1  2.0    15    25     235    (-,-) 
  g46529__7410/ZN       -       A->ZN  F     OAI21_X1       1  4.1    14    25     260    (-,-) 
  g46956/ZN             -       A->ZN  R     XNOR2_X2      20 35.9    94   112     372    (-,-) 
  g46478__7482/ZN       -       A->ZN  F     AOI21_X1       1  1.9    25    22     394    (-,-) 
  g46421__2398/ZN       -       B2->ZN R     OAI21_X1       1  1.9    23    39     433    (-,-) 
  g46391__5526/ZN       -       A1->ZN F     NAND2_X1       1  1.7    13    16     448    (-,-) 
  g46317__4319/ZN       -       B1->ZN R     OAI221_X1      1  1.9    36    48     497    (-,-) 
  g46302__4733/ZN       -       A1->ZN F     NAND2_X1       1  1.7    13    18     514    (-,-) 
  g46267__4733/ZN       -       B1->ZN R     AOI21_X1       1  2.0    24    29     543    (-,-) 
  g46196__1881/ZN       -       B1->ZN F     OAI21_X1       1  1.2    18    16     559    (-,-) 
  g46183__4319/ZN       -       A2->ZN F     AND4_X1        1  1.8     8    40     599    (-,-) 
  g46107__2883/ZN       -       B1->ZN R     OAI21_X1       1  2.0    20    28     627    (-,-) 
  g46941/ZN             -       C1->ZN F     AOI211_X1      1  1.7    14    18     645    (-,-) 
  g45914__2346/ZN       -       A1->ZN R     NOR2_X1        2  3.8    25    36     681    (-,-) 
  g46893__9945/ZN       -       A1->ZN R     OR2_X2         3  5.8    10    30     711    (-,-) 
  g45799__5107/ZN       -       A1->ZN F     NAND2_X1       2  3.5    10    17     728    (-,-) 
  g45788__9315/ZN       -       A3->ZN R     NAND4_X1       1  1.9    15    23     750    (-,-) 
  g45778__6131/ZN       -       A1->ZN F     NAND2_X1       3  5.1    13    22     773    (-,-) 
  g45767__5526/ZN       -       A1->ZN R     NAND2_X1       1  3.5    13    21     794    (-,-) 
  g46937/ZN             -       A->ZN  F     OAI21_X2       3  5.1    13    21     815    (-,-) 
  g45749__9315/ZN       -       A1->ZN R     NAND2_X1       2  3.8    14    22     837    (-,-) 
  g46891__6161/ZN       -       A1->ZN R     OR2_X2         4  9.0    14    31     868    (-,-) 
  g45724__6260/ZN       -       B1->ZN F     AOI21_X2       2  3.0    20    15     883    (-,-) 
  g46899/Z              -       A->Z   F     MUX2_X1        2  3.5    12    67     950    (-,-) 
  g45710/ZN             -       A->ZN  R     INV_X1         2  5.5    15    24     974    (-,-) 
  g45699__1881/ZN       -       A1->ZN F     NOR2_X2        3  5.3     8    12     985    (-,-) 
  g45692__2802/ZN       -       B1->ZN R     AOI21_X1       3  5.8    41    47    1032    (-,-) 
  g45689__3680/ZN       -       A->ZN  F     OAI21_X1       1  0.3    19    21    1053    (-,-) 
  fp_out[23]            -       -      F     (port)         -    -     -     0    1053    (-,-) 
#-----------------------------------------------------------------------------------------------



Path 81: MET (57 ps) Late External Delay Assertion at pin fp_out[24]
           View: view_1p2_25
          Group: clock1
     Startpoint: (R) signs_differ_l_reg/CK
          Clock: (R) clock1
       Endpoint: (F) fp_out[24]
          Clock: (R) clock1

                     Capture       Launch     
        Clock Edge:+    1111            0     
       Src Latency:+       0            0     
       Net Latency:+       0 (I)        0 (I) 
           Arrival:=    1111            0     
                                              
      Output Delay:-       1                  
       Uncertainty:-       0                  
     Required Time:=    1110                  
      Launch Clock:-       0                  
         Data Path:-    1053                  
             Slack:=      57                  

Exceptions/Constraints:
  output_delay              1              add_fp16.sdc_line_17_73_1   

Launch clock path:
#----------------------------------------------------------------------------------------------
#     Timing Point      Flags   Arc   Edge   Cell     Fanout Load Trans Delay Arrival Instance 
#                                                            (fF)  (ps)  (ps)   (ps)  Location 
#----------------------------------------------------------------------------------------------
  clk                   (i)     -     R     (arrival)     68  0.0     0     0       0    (-,-) 
  signs_differ_l_reg/CK <<<     -     R     DFFR_X1       68    -     1     0       0    (-,-) 
#----------------------------------------------------------------------------------------------

#-----------------------------------------------------------------------------------------------
#     Timing Point      Flags    Arc   Edge   Cell     Fanout Load Trans Delay Arrival Instance 
#                                                             (fF)  (ps)  (ps)   (ps)  Location 
#-----------------------------------------------------------------------------------------------
  signs_differ_l_reg/CK -       -      R     (arrival)     68    -     1     0       0    (-,-) 
  signs_differ_l_reg/QN -       CK->QN F     DFFR_X1        3  6.6    17    76      76    (-,-) 
  g32978/ZN             -       A->ZN  R     INV_X2        25 51.2    61    75     151    (-,-) 
  g46831/ZN             -       A->ZN  F     INV_X2        30 51.7    36    59     210    (-,-) 
  g46540__1617/ZN       -       A1->ZN R     NAND2_X1       1  2.0    15    25     235    (-,-) 
  g46529__7410/ZN       -       A->ZN  F     OAI21_X1       1  4.1    14    25     260    (-,-) 
  g46956/ZN             -       A->ZN  R     XNOR2_X2      20 35.9    94   112     372    (-,-) 
  g46478__7482/ZN       -       A->ZN  F     AOI21_X1       1  1.9    25    22     394    (-,-) 
  g46421__2398/ZN       -       B2->ZN R     OAI21_X1       1  1.9    23    39     433    (-,-) 
  g46391__5526/ZN       -       A1->ZN F     NAND2_X1       1  1.7    13    16     448    (-,-) 
  g46317__4319/ZN       -       B1->ZN R     OAI221_X1      1  1.9    36    48     497    (-,-) 
  g46302__4733/ZN       -       A1->ZN F     NAND2_X1       1  1.7    13    18     514    (-,-) 
  g46267__4733/ZN       -       B1->ZN R     AOI21_X1       1  2.0    24    29     543    (-,-) 
  g46196__1881/ZN       -       B1->ZN F     OAI21_X1       1  1.2    18    16     559    (-,-) 
  g46183__4319/ZN       -       A2->ZN F     AND4_X1        1  1.8     8    40     599    (-,-) 
  g46107__2883/ZN       -       B1->ZN R     OAI21_X1       1  2.0    20    28     627    (-,-) 
  g46941/ZN             -       C1->ZN F     AOI211_X1      1  1.7    14    18     645    (-,-) 
  g45914__2346/ZN       -       A1->ZN R     NOR2_X1        2  3.8    25    36     681    (-,-) 
  g46893__9945/ZN       -       A1->ZN R     OR2_X2         3  5.8    10    30     711    (-,-) 
  g45799__5107/ZN       -       A1->ZN F     NAND2_X1       2  3.5    10    17     728    (-,-) 
  g45788__9315/ZN       -       A3->ZN R     NAND4_X1       1  1.9    15    23     750    (-,-) 
  g45778__6131/ZN       -       A1->ZN F     NAND2_X1       3  5.1    13    22     773    (-,-) 
  g45767__5526/ZN       -       A1->ZN R     NAND2_X1       1  3.5    13    21     794    (-,-) 
  g46937/ZN             -       A->ZN  F     OAI21_X2       3  5.1    13    21     815    (-,-) 
  g45749__9315/ZN       -       A1->ZN R     NAND2_X1       2  3.8    14    22     837    (-,-) 
  g46891__6161/ZN       -       A1->ZN R     OR2_X2         4  9.0    14    31     868    (-,-) 
  g45724__6260/ZN       -       B1->ZN F     AOI21_X2       2  3.0    20    15     883    (-,-) 
  g46899/Z              -       A->Z   F     MUX2_X1        2  3.5    12    67     950    (-,-) 
  g45710/ZN             -       A->ZN  R     INV_X1         2  5.5    15    24     974    (-,-) 
  g45699__1881/ZN       -       A1->ZN F     NOR2_X2        3  5.3     8    12     985    (-,-) 
  g45692__2802/ZN       -       B1->ZN R     AOI21_X1       3  5.8    41    47    1032    (-,-) 
  g45688__6783/ZN       -       A->ZN  F     OAI21_X1       1  0.3    19    21    1053    (-,-) 
  fp_out[24]            -       -      F     (port)         -    -     -     0    1053    (-,-) 
#-----------------------------------------------------------------------------------------------



Path 82: MET (106 ps) Setup Check with Pin larger_mantissa_sign_l_reg/CK->D
           View: view_1p2_25
          Group: clock1
     Startpoint: (R) fp2_in[24]
          Clock: (R) clock1
       Endpoint: (F) larger_mantissa_sign_l_reg/D
          Clock: (R) clock1

                     Capture       Launch     
        Clock Edge:+    1111            0     
        Drv Adjust:+       0            0     
       Src Latency:+       0            0     
       Net Latency:+       0 (I)        0 (I) 
           Arrival:=    1111            0     
                                              
             Setup:-      47                  
       Uncertainty:-       0                  
     Required Time:=    1064                  
      Launch Clock:-       0                  
       Input Delay:-       1                  
         Data Path:-     956                  
             Slack:=     106                  

Exceptions/Constraints:
  input_delay              1              add_fp16.sdc_line_16_43_1   

#------------------------------------------------------------------------------------------------------
#        Timing Point          Flags    Arc   Edge   Cell     Fanout Load Trans Delay Arrival Instance 
#                                                                    (fF)  (ps)  (ps)   (ps)  Location 
#------------------------------------------------------------------------------------------------------
  fp2_in[24]                   -       -      R     (arrival)      5 15.0     0     0       1    (-,-) 
  g33014/ZN                    -       A->ZN  F     INV_X4         2  5.1     2     4       5    (-,-) 
  g32961/ZN                    -       A2->ZN R     NAND2_X2       1  6.3    13    17      23    (-,-) 
  g32924/ZN                    -       A1->ZN F     NAND2_X4       4  8.2     8    14      37    (-,-) 
  g32877/ZN                    -       A1->ZN R     NAND2_X1       1  3.4    13    18      55    (-,-) 
  g32868/ZN                    -       A1->ZN F     NAND2_X2       3  6.4    10    18      73    (-,-) 
  g32856/ZN                    -       A1->ZN R     OAI22_X2       2  5.4    35    33     106    (-,-) 
  g32853/ZN                    -       A1->ZN F     NOR2_X2        1  3.5    12    11     117    (-,-) 
  g32846/ZN                    -       A2->ZN R     NOR2_X2        2  5.2    20    34     151    (-,-) 
  g32840/ZN                    -       C1->ZN F     OAI211_X2      1  6.0    23    27     178    (-,-) 
  g32839/ZN                    -       A1->ZN R     NAND2_X4       2 10.2    12    23     201    (-,-) 
  g32838/ZN                    -       A->ZN  F     INV_X2         1  5.9     6    10     211    (-,-) 
  g32837/ZN                    -       B1->ZN R     OAI21_X4      10 18.6    32    41     252    (-,-) 
  g32787/ZN                    -       B1->ZN F     OAI21_X1       1  1.8    12    19     271    (-,-) 
  g32734/ZN                    -       A1->ZN R     NAND2_X1       1  3.8    14    21     293    (-,-) 
  g32697/ZN                    -       A2->ZN R     AND2_X4       25 48.2    31    58     350    (-,-) 
  g32676/ZN                    -       A1->ZN F     NAND2_X1       2  3.6    14    23     373    (-,-) 
  g32655/ZN                    -       A->ZN  R     INV_X1         3  5.6    16    25     398    (-,-) 
  g32622/ZN                    -       A1->ZN F     NAND2_X1       3  4.9    15    22     420    (-,-) 
  g32610/ZN                    -       A1->ZN R     NOR2_X1        4  6.5    38    50     470    (-,-) 
  g32595/ZN                    -       A->ZN  F     INV_X1         1  1.7    10    10     480    (-,-) 
  g32562/ZN                    -       A1->ZN R     NOR2_X1        2  3.7    25    34     514    (-,-) 
  g32513/ZN                    -       A1->ZN F     AOI222_X1      1  1.8    25    20     534    (-,-) 
  g32507/ZN                    -       A->ZN  R     INV_X1         1  2.0    11    20     554    (-,-) 
  g32469/ZN                    -       A2->ZN F     NOR2_X1        3  5.4    16    16     569    (-,-) 
  g32460/ZN                    -       A->ZN  R     INV_X1         1  1.9     9    17     586    (-,-) 
  g32436__2346/ZN              -       A->ZN  F     OAI211_X1      1  1.8    21    26     612    (-,-) 
  g32430__4733/ZN              -       A2->ZN R     NAND2_X1       1  1.9    12    23     635    (-,-) 
  g32427__1881/ZN              -       A1->ZN F     NAND2_X1       1  1.2     7    12     647    (-,-) 
  g32424__8246/ZN              -       A1->ZN F     AND2_X1        1  1.8     6    28     675    (-,-) 
  g32420__2802/ZN              -       B1->ZN R     OAI21_X1       1  1.9    19    27     702    (-,-) 
  g32418__1617/ZN              -       A->ZN  F     OAI221_X1      1  1.7    23    33     735    (-,-) 
  g32416__6783/ZN              -       B1->ZN R     AOI21_X1       1  2.0    23    34     768    (-,-) 
  g32415/ZN                    -       A->ZN  F     INV_X1         1  1.7     7     9     778    (-,-) 
  g32414__5526/ZN              -       A1->ZN R     AOI222_X1      1  2.0    49    54     832    (-,-) 
  g32413__8428/ZN              -       B1->ZN F     OAI221_X1      3 10.7    39    64     896    (-,-) 
  g32412/ZN                    -       A->ZN  R     INV_X2         2  8.2    18    32     928    (-,-) 
  g32404__6417/ZN              -       B1->ZN F     OAI221_X1      1  1.4    26    29     958    (-,-) 
  larger_mantissa_sign_l_reg/D -       -      F     DFFR_X1        1    -     -     0     958    (-,-) 
#------------------------------------------------------------------------------------------------------

Capture clock path:
#------------------------------------------------------------------------------------------------------
#         Timing Point          Flags   Arc   Edge   Cell     Fanout Load Trans Delay Arrival Instance 
#                                                                    (fF)  (ps)  (ps)   (ps)  Location 
#------------------------------------------------------------------------------------------------------
  clk                           (i)     -     R     (arrival)     68  0.0     0     0    1111    (-,-) 
  larger_mantissa_sign_l_reg/CK <<<     -     R     DFFR_X1       68    -     1     0    1111    (-,-) 
#------------------------------------------------------------------------------------------------------



Path 83: MET (237 ps) Setup Check with Pin smaller_mantissa_l_reg[0]/CK->D
           View: view_1p2_25
          Group: clock1
     Startpoint: (R) fp2_in[24]
          Clock: (R) clock1
       Endpoint: (F) smaller_mantissa_l_reg[0]/D
          Clock: (R) clock1

                     Capture       Launch     
        Clock Edge:+    1111            0     
        Drv Adjust:+       0            0     
       Src Latency:+       0            0     
       Net Latency:+       0 (I)        0 (I) 
           Arrival:=    1111            0     
                                              
             Setup:-      42                  
       Uncertainty:-       0                  
     Required Time:=    1069                  
      Launch Clock:-       0                  
       Input Delay:-       1                  
         Data Path:-     831                  
             Slack:=     237                  

Exceptions/Constraints:
  input_delay              1              add_fp16.sdc_line_16_43_1   

#-----------------------------------------------------------------------------------------------------
#        Timing Point         Flags    Arc   Edge   Cell     Fanout Load Trans Delay Arrival Instance 
#                                                                   (fF)  (ps)  (ps)   (ps)  Location 
#-----------------------------------------------------------------------------------------------------
  fp2_in[24]                  -       -      R     (arrival)      5 15.0     0     0       1    (-,-) 
  g33014/ZN                   -       A->ZN  F     INV_X4         2  5.1     2     4       5    (-,-) 
  g32961/ZN                   -       A2->ZN R     NAND2_X2       1  6.3    13    17      23    (-,-) 
  g32924/ZN                   -       A1->ZN F     NAND2_X4       4  8.2     8    14      37    (-,-) 
  g32877/ZN                   -       A1->ZN R     NAND2_X1       1  3.4    13    18      55    (-,-) 
  g32868/ZN                   -       A1->ZN F     NAND2_X2       3  6.4    10    18      73    (-,-) 
  g32856/ZN                   -       A1->ZN R     OAI22_X2       2  5.4    35    33     106    (-,-) 
  g32853/ZN                   -       A1->ZN F     NOR2_X2        1  3.5    12    11     117    (-,-) 
  g32846/ZN                   -       A2->ZN R     NOR2_X2        2  5.2    20    34     151    (-,-) 
  g32840/ZN                   -       C1->ZN F     OAI211_X2      1  6.0    23    27     178    (-,-) 
  g32839/ZN                   -       A1->ZN R     NAND2_X4       2 10.2    12    23     201    (-,-) 
  g32838/ZN                   -       A->ZN  F     INV_X2         1  5.9     6    10     211    (-,-) 
  g32837/ZN                   -       B1->ZN R     OAI21_X4      10 18.6    32    41     252    (-,-) 
  g32792/ZN                   -       A1->ZN F     NAND2_X1       1  1.8    12    18     270    (-,-) 
  g32789/ZN                   -       A->ZN  R     OAI21_X1       1  1.9    20    22     292    (-,-) 
  g32733/ZN                   -       A1->ZN F     NAND2_X1       1  3.5    11    20     312    (-,-) 
  g32696/ZN                   -       A2->ZN F     AND2_X4       22 35.6    13    42     354    (-,-) 
  g32689/ZN                   -       A->ZN  R     INV_X1        12 20.8    50    61     415    (-,-) 
  g32677/ZN                   -       A2->ZN R     AND2_X1        4  7.2    20    55     470    (-,-) 
  g32618/ZN                   -       A1->ZN F     NAND2_X1       2  3.5    12    20     490    (-,-) 
  g32571/ZN                   -       B1->ZN R     OAI21_X1       1  1.2    16    25     516    (-,-) 
  g32546/ZN                   -       A1->ZN R     AND2_X1        1  1.9     9    34     549    (-,-) 
  g32510/ZN                   -       C1->ZN F     OAI211_X1      1  1.7    15    18     568    (-,-) 
  g32467__6161/ZN             -       C1->ZN R     AOI211_X1      1  1.9    38    41     609    (-,-) 
  g32449__1617/ZN             -       A->ZN  F     AOI21_X1       1  1.8    14    19     628    (-,-) 
  g32428__5115/ZN             -       A->ZN  R     AOI221_X1      3  5.7    70   104     733    (-,-) 
  g32425__7098/ZN             -       A->ZN  F     OAI211_X1      1  1.2    19    38     771    (-,-) 
  g32421__1705/Z              -       A->Z   F     MUX2_X1        1  1.4    10    61     832    (-,-) 
  smaller_mantissa_l_reg[0]/D -       -      F     DFFR_X2        1    -     -     0     832    (-,-) 
#-----------------------------------------------------------------------------------------------------

Capture clock path:
#-----------------------------------------------------------------------------------------------------
#        Timing Point          Flags   Arc   Edge   Cell     Fanout Load Trans Delay Arrival Instance 
#                                                                   (fF)  (ps)  (ps)   (ps)  Location 
#-----------------------------------------------------------------------------------------------------
  clk                          (i)     -     R     (arrival)     68  0.0     0     0    1111    (-,-) 
  smaller_mantissa_l_reg[0]/CK <<<     -     R     DFFR_X2       68    -     1     0    1111    (-,-) 
#-----------------------------------------------------------------------------------------------------



Path 84: MET (390 ps) Setup Check with Pin smaller_mantissa_l_reg[1]/CK->D
           View: view_1p2_25
          Group: clock1
     Startpoint: (R) fp1_in[23]
          Clock: (R) clock1
       Endpoint: (F) smaller_mantissa_l_reg[1]/D
          Clock: (R) clock1

                     Capture       Launch     
        Clock Edge:+    1111            0     
        Drv Adjust:+       0            0     
       Src Latency:+       0            0     
       Net Latency:+       0 (I)        0 (I) 
           Arrival:=    1111            0     
                                              
             Setup:-      43                  
       Uncertainty:-       0                  
     Required Time:=    1068                  
      Launch Clock:-       0                  
       Input Delay:-       1                  
         Data Path:-     677                  
             Slack:=     390                  

Exceptions/Constraints:
  input_delay              1              add_fp16.sdc_line_16_12_1   

#-----------------------------------------------------------------------------------------------------
#        Timing Point         Flags    Arc   Edge   Cell     Fanout Load Trans Delay Arrival Instance 
#                                                                   (fF)  (ps)  (ps)   (ps)  Location 
#-----------------------------------------------------------------------------------------------------
  fp1_in[23]                  -       -      R     (arrival)      4  8.3     0     0       1    (-,-) 
  g33008/ZN                   -       A->ZN  F     INV_X2         2  6.1     4     6       7    (-,-) 
  g32974/ZN                   -       A1->ZN R     NOR2_X2        3  7.4    25    32      39    (-,-) 
  g32876/ZN                   -       A2->ZN F     NAND2_X2       1  3.2     8    16      56    (-,-) 
  g32869/ZN                   -       A1->ZN R     NAND2_X2       3  7.0    14    19      74    (-,-) 
  g32857/ZN                   -       B1->ZN F     AOI21_X2       2  4.7    10    17      91    (-,-) 
  g32852/ZN                   -       B1->ZN R     OAI21_X2       2  5.5    23    33     124    (-,-) 
  g32846/ZN                   -       A1->ZN F     NOR2_X2        2  4.7     8    12     136    (-,-) 
  g32840/ZN                   -       C1->ZN R     OAI211_X2      1  6.3    28    37     173    (-,-) 
  g32839/ZN                   -       A1->ZN F     NAND2_X4       2  9.0    11    18     191    (-,-) 
  g32838/ZN                   -       A->ZN  R     INV_X2         1  6.7    11    18     210    (-,-) 
  g32837/ZN                   -       B1->ZN F     OAI21_X4      10 17.1    21    20     230    (-,-) 
  g32800/ZN                   -       A1->ZN R     NAND2_X1       2  7.7    23    35     265    (-,-) 
  g32795/ZN                   -       A->ZN  F     INV_X4        23 40.0    14    24     289    (-,-) 
  g46964/ZN                   -       A1->ZN R     AOI22_X1       3  4.9    40    49     339    (-,-) 
  g32685/ZN                   -       A1->ZN R     OR2_X1         2  3.9    14    36     375    (-,-) 
  g32638/ZN                   -       A->ZN  F     OAI21_X1       2  3.6    33    24     399    (-,-) 
  g32583/ZN                   -       B1->ZN R     AOI22_X1       2  3.0    31    57     456    (-,-) 
  g32553/Z                    -       A->Z   R     MUX2_X1        2  3.8    14    48     504    (-,-) 
  g32545/ZN                   -       A->ZN  F     INV_X1         1  1.7     5     8     512    (-,-) 
  g32490/ZN                   -       C1->ZN R     AOI221_X1      1  2.0    46    47     560    (-,-) 
  g32468/ZN                   -       A->ZN  F     OAI21_X1       1  1.8    13    26     586    (-,-) 
  g32448__3680/ZN             -       A->ZN  R     AOI221_X1      1  1.9    43    74     660    (-,-) 
  g32438__7410/ZN             -       A->ZN  F     AOI21_X1       1  1.4    15    19     678    (-,-) 
  smaller_mantissa_l_reg[1]/D -       -      F     DFFR_X1        1    -     -     0     678    (-,-) 
#-----------------------------------------------------------------------------------------------------

Capture clock path:
#-----------------------------------------------------------------------------------------------------
#        Timing Point          Flags   Arc   Edge   Cell     Fanout Load Trans Delay Arrival Instance 
#                                                                   (fF)  (ps)  (ps)   (ps)  Location 
#-----------------------------------------------------------------------------------------------------
  clk                          (i)     -     R     (arrival)     68  0.0     0     0    1111    (-,-) 
  smaller_mantissa_l_reg[1]/CK <<<     -     R     DFFR_X1       68    -     1     0    1111    (-,-) 
#-----------------------------------------------------------------------------------------------------



Path 85: MET (570 ps) Setup Check with Pin signs_differ_l_reg/CK->D
           View: view_1p2_25
          Group: clock1
     Startpoint: (R) fp2_in[24]
          Clock: (R) clock1
       Endpoint: (F) signs_differ_l_reg/D
          Clock: (R) clock1

                     Capture       Launch     
        Clock Edge:+    1111            0     
        Drv Adjust:+       0            0     
       Src Latency:+       0            0     
       Net Latency:+       0 (I)        0 (I) 
           Arrival:=    1111            0     
                                              
             Setup:-      45                  
       Uncertainty:-       0                  
     Required Time:=    1066                  
      Launch Clock:-       0                  
       Input Delay:-       1                  
         Data Path:-     495                  
             Slack:=     570                  

Exceptions/Constraints:
  input_delay              1              add_fp16.sdc_line_16_43_1   

#----------------------------------------------------------------------------------------------
#    Timing Point      Flags    Arc   Edge   Cell     Fanout Load Trans Delay Arrival Instance 
#                                                            (fF)  (ps)  (ps)   (ps)  Location 
#----------------------------------------------------------------------------------------------
  fp2_in[24]           -       -      R     (arrival)      5 15.0     0     0       1    (-,-) 
  g33014/ZN            -       A->ZN  F     INV_X4         2  5.1     2     4       5    (-,-) 
  g32961/ZN            -       A2->ZN R     NAND2_X2       1  6.3    13    17      23    (-,-) 
  g32924/ZN            -       A1->ZN F     NAND2_X4       4  8.2     8    14      37    (-,-) 
  g32877/ZN            -       A1->ZN R     NAND2_X1       1  3.4    13    18      55    (-,-) 
  g32868/ZN            -       A1->ZN F     NAND2_X2       3  6.4    10    18      73    (-,-) 
  g32856/ZN            -       A1->ZN R     OAI22_X2       2  5.4    35    33     106    (-,-) 
  g32853/ZN            -       A1->ZN F     NOR2_X2        1  3.5    12    11     117    (-,-) 
  g32846/ZN            -       A2->ZN R     NOR2_X2        2  5.2    20    34     151    (-,-) 
  g32840/ZN            -       C1->ZN F     OAI211_X2      1  6.0    23    27     178    (-,-) 
  g32839/ZN            -       A1->ZN R     NAND2_X4       2 10.2    12    23     201    (-,-) 
  g32838/ZN            -       A->ZN  F     INV_X2         1  5.9     6    10     211    (-,-) 
  g32837/ZN            -       B1->ZN R     OAI21_X4      10 18.6    32    41     252    (-,-) 
  g32835/ZN            -       A->ZN  F     INV_X1         1  1.8     9    10     262    (-,-) 
  g32824/ZN            -       A->ZN  R     INV_X1        24 42.9   100   112     374    (-,-) 
  g32771/Z             -       S->Z   F     MUX2_X1        3  4.6    14    71     446    (-,-) 
  g32704/ZN            -       A1->ZN R     NAND2_X1       2  3.7    18    22     467    (-,-) 
  g32621/ZN            -       A1->ZN F     OAI222_X1      1  1.4    21    28     496    (-,-) 
  signs_differ_l_reg/D -       -      F     DFFR_X1        1    -     -     0     496    (-,-) 
#----------------------------------------------------------------------------------------------

Capture clock path:
#----------------------------------------------------------------------------------------------
#     Timing Point      Flags   Arc   Edge   Cell     Fanout Load Trans Delay Arrival Instance 
#                                                            (fF)  (ps)  (ps)   (ps)  Location 
#----------------------------------------------------------------------------------------------
  clk                   (i)     -     R     (arrival)     68  0.0     0     0    1111    (-,-) 
  signs_differ_l_reg/CK <<<     -     R     DFFR_X1       68    -     1     0    1111    (-,-) 
#----------------------------------------------------------------------------------------------



Path 86: MET (579 ps) Setup Check with Pin sign_not_shifted_l_reg/CK->SI
           View: view_1p2_25
          Group: clock1
     Startpoint: (R) fp2_in[24]
          Clock: (R) clock1
       Endpoint: (F) sign_not_shifted_l_reg/SI
          Clock: (R) clock1

                     Capture       Launch     
        Clock Edge:+    1111            0     
        Drv Adjust:+       0            0     
       Src Latency:+       0            0     
       Net Latency:+       0 (I)        0 (I) 
           Arrival:=    1111            0     
                                              
             Setup:-      87                  
       Uncertainty:-       0                  
     Required Time:=    1024                  
      Launch Clock:-       0                  
       Input Delay:-       1                  
         Data Path:-     444                  
             Slack:=     579                  

Exceptions/Constraints:
  input_delay              1              add_fp16.sdc_line_16_43_1   

#---------------------------------------------------------------------------------------------------
#       Timing Point        Flags    Arc   Edge   Cell     Fanout Load Trans Delay Arrival Instance 
#                                                                 (fF)  (ps)  (ps)   (ps)  Location 
#---------------------------------------------------------------------------------------------------
  fp2_in[24]                -       -      R     (arrival)      5 15.0     0     0       1    (-,-) 
  g33014/ZN                 -       A->ZN  F     INV_X4         2  5.1     2     4       5    (-,-) 
  g32961/ZN                 -       A2->ZN R     NAND2_X2       1  6.3    13    17      23    (-,-) 
  g32924/ZN                 -       A1->ZN F     NAND2_X4       4  8.2     8    14      37    (-,-) 
  g32877/ZN                 -       A1->ZN R     NAND2_X1       1  3.4    13    18      55    (-,-) 
  g32868/ZN                 -       A1->ZN F     NAND2_X2       3  6.4    10    18      73    (-,-) 
  g32856/ZN                 -       A1->ZN R     OAI22_X2       2  5.4    35    33     106    (-,-) 
  g32853/ZN                 -       A1->ZN F     NOR2_X2        1  3.5    12    11     117    (-,-) 
  g32846/ZN                 -       A2->ZN R     NOR2_X2        2  5.2    20    34     151    (-,-) 
  g32840/ZN                 -       C1->ZN F     OAI211_X2      1  6.0    23    27     178    (-,-) 
  g32839/ZN                 -       A1->ZN R     NAND2_X4       2 10.2    12    23     201    (-,-) 
  g32838/ZN                 -       A->ZN  F     INV_X2         1  5.9     6    10     211    (-,-) 
  g32837/ZN                 -       B1->ZN R     OAI21_X4      10 18.6    32    41     252    (-,-) 
  g32835/ZN                 -       A->ZN  F     INV_X1         1  1.8     9    10     262    (-,-) 
  g32824/ZN                 -       A->ZN  R     INV_X1        24 42.9   100   112     374    (-,-) 
  g32771/Z                  -       S->Z   F     MUX2_X1        3  4.6    14    71     446    (-,-) 
  sign_not_shifted_l_reg/SI -       -      F     SDFFR_X1       3    -     -     0     446    (-,-) 
#---------------------------------------------------------------------------------------------------

Capture clock path:
#--------------------------------------------------------------------------------------------------
#       Timing Point        Flags   Arc   Edge   Cell     Fanout Load Trans Delay Arrival Instance 
#                                                                (fF)  (ps)  (ps)   (ps)  Location 
#--------------------------------------------------------------------------------------------------
  clk                       (i)     -     R     (arrival)     68  0.0     0     0    1111    (-,-) 
  sign_not_shifted_l_reg/CK <<<     -     R     SDFFR_X1      68    -     1     0    1111    (-,-) 
#--------------------------------------------------------------------------------------------------



Path 87: MET (660 ps) Setup Check with Pin sign_shifted_l_reg/CK->SI
           View: view_1p2_25
          Group: clock1
     Startpoint: (R) fp1_in[23]
          Clock: (R) clock1
       Endpoint: (F) sign_shifted_l_reg/SI
          Clock: (R) clock1

                     Capture       Launch     
        Clock Edge:+    1111            0     
        Drv Adjust:+       0            0     
       Src Latency:+       0            0     
       Net Latency:+       0 (I)        0 (I) 
           Arrival:=    1111            0     
                                              
             Setup:-      86                  
       Uncertainty:-       0                  
     Required Time:=    1024                  
      Launch Clock:-       0                  
       Input Delay:-       1                  
         Data Path:-     363                  
             Slack:=     660                  

Exceptions/Constraints:
  input_delay              1              add_fp16.sdc_line_16_12_1   

#-----------------------------------------------------------------------------------------------
#     Timing Point      Flags    Arc   Edge   Cell     Fanout Load Trans Delay Arrival Instance 
#                                                             (fF)  (ps)  (ps)   (ps)  Location 
#-----------------------------------------------------------------------------------------------
  fp1_in[23]            -       -      R     (arrival)      4  8.3     0     0       1    (-,-) 
  g33008/ZN             -       A->ZN  F     INV_X2         2  6.1     4     6       7    (-,-) 
  g32974/ZN             -       A1->ZN R     NOR2_X2        3  7.4    25    32      39    (-,-) 
  g32876/ZN             -       A2->ZN F     NAND2_X2       1  3.2     8    16      56    (-,-) 
  g32869/ZN             -       A1->ZN R     NAND2_X2       3  7.0    14    19      74    (-,-) 
  g32857/ZN             -       B1->ZN F     AOI21_X2       2  4.7    10    17      91    (-,-) 
  g32852/ZN             -       B1->ZN R     OAI21_X2       2  5.5    23    33     124    (-,-) 
  g32846/ZN             -       A1->ZN F     NOR2_X2        2  4.7     8    12     136    (-,-) 
  g32840/ZN             -       C1->ZN R     OAI211_X2      1  6.3    28    37     173    (-,-) 
  g32839/ZN             -       A1->ZN F     NAND2_X4       2  9.0    11    18     191    (-,-) 
  g32836/ZN             -       B1->ZN R     AOI21_X4      11 19.5    37    44     235    (-,-) 
  g32814/ZN             -       A->ZN  F     INV_X1         1  1.8    10    10     245    (-,-) 
  g32809/ZN             -       A->ZN  R     INV_X1         8 16.7    40    49     294    (-,-) 
  g32772/Z              -       S->Z   F     MUX2_X1        3  4.6    13    70     364    (-,-) 
  sign_shifted_l_reg/SI -       -      F     SDFFR_X1       3    -     -     0     364    (-,-) 
#-----------------------------------------------------------------------------------------------

Capture clock path:
#----------------------------------------------------------------------------------------------
#     Timing Point      Flags   Arc   Edge   Cell     Fanout Load Trans Delay Arrival Instance 
#                                                            (fF)  (ps)  (ps)   (ps)  Location 
#----------------------------------------------------------------------------------------------
  clk                   (i)     -     R     (arrival)     68  0.0     0     0    1111    (-,-) 
  sign_shifted_l_reg/CK <<<     -     R     SDFFR_X1      68    -     1     0    1111    (-,-) 
#----------------------------------------------------------------------------------------------



Path 88: MET (665 ps) Setup Check with Pin exp_max_l_reg[0]/CK->SI
           View: view_1p2_25
          Group: clock1
     Startpoint: (R) fp1_in[23]
          Clock: (R) clock1
       Endpoint: (F) exp_max_l_reg[0]/SI
          Clock: (R) clock1

                     Capture       Launch     
        Clock Edge:+    1111            0     
        Drv Adjust:+       0            0     
       Src Latency:+       0            0     
       Net Latency:+       0 (I)        0 (I) 
           Arrival:=    1111            0     
                                              
             Setup:-      86                  
       Uncertainty:-       0                  
     Required Time:=    1025                  
      Launch Clock:-       0                  
       Input Delay:-       1                  
         Data Path:-     359                  
             Slack:=     665                  

Exceptions/Constraints:
  input_delay              1              add_fp16.sdc_line_16_12_1   

#---------------------------------------------------------------------------------------------
#    Timing Point     Flags    Arc   Edge   Cell     Fanout Load Trans Delay Arrival Instance 
#                                                           (fF)  (ps)  (ps)   (ps)  Location 
#---------------------------------------------------------------------------------------------
  fp1_in[23]          -       -      R     (arrival)      4  8.3     0     0       1    (-,-) 
  g33008/ZN           -       A->ZN  F     INV_X2         2  6.1     4     6       7    (-,-) 
  g32974/ZN           -       A1->ZN R     NOR2_X2        3  7.4    25    32      39    (-,-) 
  g32876/ZN           -       A2->ZN F     NAND2_X2       1  3.2     8    16      56    (-,-) 
  g32869/ZN           -       A1->ZN R     NAND2_X2       3  7.0    14    19      74    (-,-) 
  g32857/ZN           -       B1->ZN F     AOI21_X2       2  4.7    10    17      91    (-,-) 
  g32852/ZN           -       B1->ZN R     OAI21_X2       2  5.5    23    33     124    (-,-) 
  g32846/ZN           -       A1->ZN F     NOR2_X2        2  4.7     8    12     136    (-,-) 
  g32840/ZN           -       C1->ZN R     OAI211_X2      1  6.3    28    37     173    (-,-) 
  g32839/ZN           -       A1->ZN F     NAND2_X4       2  9.0    11    18     191    (-,-) 
  g32836/ZN           -       B1->ZN R     AOI21_X4      11 19.5    37    44     235    (-,-) 
  g32814/ZN           -       A->ZN  F     INV_X1         1  1.8    10    10     245    (-,-) 
  g32809/ZN           -       A->ZN  R     INV_X1         8 16.7    40    49     294    (-,-) 
  g32764/Z            -       S->Z   F     MUX2_X1        2  2.9    11    66     360    (-,-) 
  exp_max_l_reg[0]/SI -       -      F     SDFFR_X1       2    -     -     0     360    (-,-) 
#---------------------------------------------------------------------------------------------

Capture clock path:
#--------------------------------------------------------------------------------------------
#    Timing Point     Flags   Arc   Edge   Cell     Fanout Load Trans Delay Arrival Instance 
#                                                          (fF)  (ps)  (ps)   (ps)  Location 
#--------------------------------------------------------------------------------------------
  clk                 (i)     -     R     (arrival)     68  0.0     0     0    1111    (-,-) 
  exp_max_l_reg[0]/CK <<<     -     R     SDFFR_X1      68    -     1     0    1111    (-,-) 
#--------------------------------------------------------------------------------------------



Path 89: MET (665 ps) Setup Check with Pin exp_max_l_reg[6]/CK->SI
           View: view_1p2_25
          Group: clock1
     Startpoint: (R) fp1_in[23]
          Clock: (R) clock1
       Endpoint: (F) exp_max_l_reg[6]/SI
          Clock: (R) clock1

                     Capture       Launch     
        Clock Edge:+    1111            0     
        Drv Adjust:+       0            0     
       Src Latency:+       0            0     
       Net Latency:+       0 (I)        0 (I) 
           Arrival:=    1111            0     
                                              
             Setup:-      86                  
       Uncertainty:-       0                  
     Required Time:=    1025                  
      Launch Clock:-       0                  
       Input Delay:-       1                  
         Data Path:-     359                  
             Slack:=     665                  

Exceptions/Constraints:
  input_delay              1              add_fp16.sdc_line_16_12_1   

#---------------------------------------------------------------------------------------------
#    Timing Point     Flags    Arc   Edge   Cell     Fanout Load Trans Delay Arrival Instance 
#                                                           (fF)  (ps)  (ps)   (ps)  Location 
#---------------------------------------------------------------------------------------------
  fp1_in[23]          -       -      R     (arrival)      4  8.3     0     0       1    (-,-) 
  g33008/ZN           -       A->ZN  F     INV_X2         2  6.1     4     6       7    (-,-) 
  g32974/ZN           -       A1->ZN R     NOR2_X2        3  7.4    25    32      39    (-,-) 
  g32876/ZN           -       A2->ZN F     NAND2_X2       1  3.2     8    16      56    (-,-) 
  g32869/ZN           -       A1->ZN R     NAND2_X2       3  7.0    14    19      74    (-,-) 
  g32857/ZN           -       B1->ZN F     AOI21_X2       2  4.7    10    17      91    (-,-) 
  g32852/ZN           -       B1->ZN R     OAI21_X2       2  5.5    23    33     124    (-,-) 
  g32846/ZN           -       A1->ZN F     NOR2_X2        2  4.7     8    12     136    (-,-) 
  g32840/ZN           -       C1->ZN R     OAI211_X2      1  6.3    28    37     173    (-,-) 
  g32839/ZN           -       A1->ZN F     NAND2_X4       2  9.0    11    18     191    (-,-) 
  g32836/ZN           -       B1->ZN R     AOI21_X4      11 19.5    37    44     235    (-,-) 
  g32814/ZN           -       A->ZN  F     INV_X1         1  1.8    10    10     245    (-,-) 
  g32809/ZN           -       A->ZN  R     INV_X1         8 16.7    40    49     294    (-,-) 
  g32770/Z            -       S->Z   F     MUX2_X1        2  2.8    11    66     360    (-,-) 
  exp_max_l_reg[6]/SI -       -      F     SDFFR_X1       2    -     -     0     360    (-,-) 
#---------------------------------------------------------------------------------------------

Capture clock path:
#--------------------------------------------------------------------------------------------
#    Timing Point     Flags   Arc   Edge   Cell     Fanout Load Trans Delay Arrival Instance 
#                                                          (fF)  (ps)  (ps)   (ps)  Location 
#--------------------------------------------------------------------------------------------
  clk                 (i)     -     R     (arrival)     68  0.0     0     0    1111    (-,-) 
  exp_max_l_reg[6]/CK <<<     -     R     SDFFR_X1      68    -     1     0    1111    (-,-) 
#--------------------------------------------------------------------------------------------



Path 90: MET (665 ps) Setup Check with Pin exp_max_l_reg[1]/CK->SI
           View: view_1p2_25
          Group: clock1
     Startpoint: (R) fp1_in[23]
          Clock: (R) clock1
       Endpoint: (F) exp_max_l_reg[1]/SI
          Clock: (R) clock1

                     Capture       Launch     
        Clock Edge:+    1111            0     
        Drv Adjust:+       0            0     
       Src Latency:+       0            0     
       Net Latency:+       0 (I)        0 (I) 
           Arrival:=    1111            0     
                                              
             Setup:-      86                  
       Uncertainty:-       0                  
     Required Time:=    1025                  
      Launch Clock:-       0                  
       Input Delay:-       1                  
         Data Path:-     359                  
             Slack:=     665                  

Exceptions/Constraints:
  input_delay              1              add_fp16.sdc_line_16_12_1   

#---------------------------------------------------------------------------------------------
#    Timing Point     Flags    Arc   Edge   Cell     Fanout Load Trans Delay Arrival Instance 
#                                                           (fF)  (ps)  (ps)   (ps)  Location 
#---------------------------------------------------------------------------------------------
  fp1_in[23]          -       -      R     (arrival)      4  8.3     0     0       1    (-,-) 
  g33008/ZN           -       A->ZN  F     INV_X2         2  6.1     4     6       7    (-,-) 
  g32974/ZN           -       A1->ZN R     NOR2_X2        3  7.4    25    32      39    (-,-) 
  g32876/ZN           -       A2->ZN F     NAND2_X2       1  3.2     8    16      56    (-,-) 
  g32869/ZN           -       A1->ZN R     NAND2_X2       3  7.0    14    19      74    (-,-) 
  g32857/ZN           -       B1->ZN F     AOI21_X2       2  4.7    10    17      91    (-,-) 
  g32852/ZN           -       B1->ZN R     OAI21_X2       2  5.5    23    33     124    (-,-) 
  g32846/ZN           -       A1->ZN F     NOR2_X2        2  4.7     8    12     136    (-,-) 
  g32840/ZN           -       C1->ZN R     OAI211_X2      1  6.3    28    37     173    (-,-) 
  g32839/ZN           -       A1->ZN F     NAND2_X4       2  9.0    11    18     191    (-,-) 
  g32836/ZN           -       B1->ZN R     AOI21_X4      11 19.5    37    44     235    (-,-) 
  g32814/ZN           -       A->ZN  F     INV_X1         1  1.8    10    10     245    (-,-) 
  g32809/ZN           -       A->ZN  R     INV_X1         8 16.7    40    49     294    (-,-) 
  g32765/Z            -       S->Z   F     MUX2_X1        2  2.8    11    66     360    (-,-) 
  exp_max_l_reg[1]/SI -       -      F     SDFFR_X1       2    -     -     0     360    (-,-) 
#---------------------------------------------------------------------------------------------

Capture clock path:
#--------------------------------------------------------------------------------------------
#    Timing Point     Flags   Arc   Edge   Cell     Fanout Load Trans Delay Arrival Instance 
#                                                          (fF)  (ps)  (ps)   (ps)  Location 
#--------------------------------------------------------------------------------------------
  clk                 (i)     -     R     (arrival)     68  0.0     0     0    1111    (-,-) 
  exp_max_l_reg[1]/CK <<<     -     R     SDFFR_X1      68    -     1     0    1111    (-,-) 
#--------------------------------------------------------------------------------------------



Path 91: MET (666 ps) Setup Check with Pin exp_max_l_reg[3]/CK->SI
           View: view_1p2_25
          Group: clock1
     Startpoint: (R) fp1_in[23]
          Clock: (R) clock1
       Endpoint: (F) exp_max_l_reg[3]/SI
          Clock: (R) clock1

                     Capture       Launch     
        Clock Edge:+    1111            0     
        Drv Adjust:+       0            0     
       Src Latency:+       0            0     
       Net Latency:+       0 (I)        0 (I) 
           Arrival:=    1111            0     
                                              
             Setup:-      86                  
       Uncertainty:-       0                  
     Required Time:=    1025                  
      Launch Clock:-       0                  
       Input Delay:-       1                  
         Data Path:-     359                  
             Slack:=     666                  

Exceptions/Constraints:
  input_delay              1              add_fp16.sdc_line_16_12_1   

#---------------------------------------------------------------------------------------------
#    Timing Point     Flags    Arc   Edge   Cell     Fanout Load Trans Delay Arrival Instance 
#                                                           (fF)  (ps)  (ps)   (ps)  Location 
#---------------------------------------------------------------------------------------------
  fp1_in[23]          -       -      R     (arrival)      4  8.3     0     0       1    (-,-) 
  g33008/ZN           -       A->ZN  F     INV_X2         2  6.1     4     6       7    (-,-) 
  g32974/ZN           -       A1->ZN R     NOR2_X2        3  7.4    25    32      39    (-,-) 
  g32876/ZN           -       A2->ZN F     NAND2_X2       1  3.2     8    16      56    (-,-) 
  g32869/ZN           -       A1->ZN R     NAND2_X2       3  7.0    14    19      74    (-,-) 
  g32857/ZN           -       B1->ZN F     AOI21_X2       2  4.7    10    17      91    (-,-) 
  g32852/ZN           -       B1->ZN R     OAI21_X2       2  5.5    23    33     124    (-,-) 
  g32846/ZN           -       A1->ZN F     NOR2_X2        2  4.7     8    12     136    (-,-) 
  g32840/ZN           -       C1->ZN R     OAI211_X2      1  6.3    28    37     173    (-,-) 
  g32839/ZN           -       A1->ZN F     NAND2_X4       2  9.0    11    18     191    (-,-) 
  g32836/ZN           -       B1->ZN R     AOI21_X4      11 19.5    37    44     235    (-,-) 
  g32814/ZN           -       A->ZN  F     INV_X1         1  1.8    10    10     245    (-,-) 
  g32809/ZN           -       A->ZN  R     INV_X1         8 16.7    40    49     294    (-,-) 
  g32767/Z            -       S->Z   F     MUX2_X1        2  2.7    11    65     360    (-,-) 
  exp_max_l_reg[3]/SI -       -      F     SDFFR_X1       2    -     -     0     360    (-,-) 
#---------------------------------------------------------------------------------------------

Capture clock path:
#--------------------------------------------------------------------------------------------
#    Timing Point     Flags   Arc   Edge   Cell     Fanout Load Trans Delay Arrival Instance 
#                                                          (fF)  (ps)  (ps)   (ps)  Location 
#--------------------------------------------------------------------------------------------
  clk                 (i)     -     R     (arrival)     68  0.0     0     0    1111    (-,-) 
  exp_max_l_reg[3]/CK <<<     -     R     SDFFR_X1      68    -     1     0    1111    (-,-) 
#--------------------------------------------------------------------------------------------



Path 92: MET (666 ps) Setup Check with Pin exp_max_l_reg[2]/CK->SI
           View: view_1p2_25
          Group: clock1
     Startpoint: (R) fp1_in[23]
          Clock: (R) clock1
       Endpoint: (F) exp_max_l_reg[2]/SI
          Clock: (R) clock1

                     Capture       Launch     
        Clock Edge:+    1111            0     
        Drv Adjust:+       0            0     
       Src Latency:+       0            0     
       Net Latency:+       0 (I)        0 (I) 
           Arrival:=    1111            0     
                                              
             Setup:-      86                  
       Uncertainty:-       0                  
     Required Time:=    1025                  
      Launch Clock:-       0                  
       Input Delay:-       1                  
         Data Path:-     359                  
             Slack:=     666                  

Exceptions/Constraints:
  input_delay              1              add_fp16.sdc_line_16_12_1   

#---------------------------------------------------------------------------------------------
#    Timing Point     Flags    Arc   Edge   Cell     Fanout Load Trans Delay Arrival Instance 
#                                                           (fF)  (ps)  (ps)   (ps)  Location 
#---------------------------------------------------------------------------------------------
  fp1_in[23]          -       -      R     (arrival)      4  8.3     0     0       1    (-,-) 
  g33008/ZN           -       A->ZN  F     INV_X2         2  6.1     4     6       7    (-,-) 
  g32974/ZN           -       A1->ZN R     NOR2_X2        3  7.4    25    32      39    (-,-) 
  g32876/ZN           -       A2->ZN F     NAND2_X2       1  3.2     8    16      56    (-,-) 
  g32869/ZN           -       A1->ZN R     NAND2_X2       3  7.0    14    19      74    (-,-) 
  g32857/ZN           -       B1->ZN F     AOI21_X2       2  4.7    10    17      91    (-,-) 
  g32852/ZN           -       B1->ZN R     OAI21_X2       2  5.5    23    33     124    (-,-) 
  g32846/ZN           -       A1->ZN F     NOR2_X2        2  4.7     8    12     136    (-,-) 
  g32840/ZN           -       C1->ZN R     OAI211_X2      1  6.3    28    37     173    (-,-) 
  g32839/ZN           -       A1->ZN F     NAND2_X4       2  9.0    11    18     191    (-,-) 
  g32836/ZN           -       B1->ZN R     AOI21_X4      11 19.5    37    44     235    (-,-) 
  g32814/ZN           -       A->ZN  F     INV_X1         1  1.8    10    10     245    (-,-) 
  g32809/ZN           -       A->ZN  R     INV_X1         8 16.7    40    49     294    (-,-) 
  g32766/Z            -       S->Z   F     MUX2_X1        2  2.7    11    65     360    (-,-) 
  exp_max_l_reg[2]/SI -       -      F     SDFFR_X1       2    -     -     0     360    (-,-) 
#---------------------------------------------------------------------------------------------

Capture clock path:
#--------------------------------------------------------------------------------------------
#    Timing Point     Flags   Arc   Edge   Cell     Fanout Load Trans Delay Arrival Instance 
#                                                          (fF)  (ps)  (ps)   (ps)  Location 
#--------------------------------------------------------------------------------------------
  clk                 (i)     -     R     (arrival)     68  0.0     0     0    1111    (-,-) 
  exp_max_l_reg[2]/CK <<<     -     R     SDFFR_X1      68    -     1     0    1111    (-,-) 
#--------------------------------------------------------------------------------------------



Path 93: MET (666 ps) Setup Check with Pin exp_max_l_reg[5]/CK->SI
           View: view_1p2_25
          Group: clock1
     Startpoint: (R) fp1_in[23]
          Clock: (R) clock1
       Endpoint: (F) exp_max_l_reg[5]/SI
          Clock: (R) clock1

                     Capture       Launch     
        Clock Edge:+    1111            0     
        Drv Adjust:+       0            0     
       Src Latency:+       0            0     
       Net Latency:+       0 (I)        0 (I) 
           Arrival:=    1111            0     
                                              
             Setup:-      86                  
       Uncertainty:-       0                  
     Required Time:=    1025                  
      Launch Clock:-       0                  
       Input Delay:-       1                  
         Data Path:-     358                  
             Slack:=     666                  

Exceptions/Constraints:
  input_delay              1              add_fp16.sdc_line_16_12_1   

#---------------------------------------------------------------------------------------------
#    Timing Point     Flags    Arc   Edge   Cell     Fanout Load Trans Delay Arrival Instance 
#                                                           (fF)  (ps)  (ps)   (ps)  Location 
#---------------------------------------------------------------------------------------------
  fp1_in[23]          -       -      R     (arrival)      4  8.3     0     0       1    (-,-) 
  g33008/ZN           -       A->ZN  F     INV_X2         2  6.1     4     6       7    (-,-) 
  g32974/ZN           -       A1->ZN R     NOR2_X2        3  7.4    25    32      39    (-,-) 
  g32876/ZN           -       A2->ZN F     NAND2_X2       1  3.2     8    16      56    (-,-) 
  g32869/ZN           -       A1->ZN R     NAND2_X2       3  7.0    14    19      74    (-,-) 
  g32857/ZN           -       B1->ZN F     AOI21_X2       2  4.7    10    17      91    (-,-) 
  g32852/ZN           -       B1->ZN R     OAI21_X2       2  5.5    23    33     124    (-,-) 
  g32846/ZN           -       A1->ZN F     NOR2_X2        2  4.7     8    12     136    (-,-) 
  g32840/ZN           -       C1->ZN R     OAI211_X2      1  6.3    28    37     173    (-,-) 
  g32839/ZN           -       A1->ZN F     NAND2_X4       2  9.0    11    18     191    (-,-) 
  g32836/ZN           -       B1->ZN R     AOI21_X4      11 19.5    37    44     235    (-,-) 
  g32814/ZN           -       A->ZN  F     INV_X1         1  1.8    10    10     245    (-,-) 
  g32809/ZN           -       A->ZN  R     INV_X1         8 16.7    40    49     294    (-,-) 
  g32769/Z            -       S->Z   F     MUX2_X1        2  2.6    11    65     359    (-,-) 
  exp_max_l_reg[5]/SI -       -      F     SDFFR_X1       2    -     -     0     359    (-,-) 
#---------------------------------------------------------------------------------------------

Capture clock path:
#--------------------------------------------------------------------------------------------
#    Timing Point     Flags   Arc   Edge   Cell     Fanout Load Trans Delay Arrival Instance 
#                                                          (fF)  (ps)  (ps)   (ps)  Location 
#--------------------------------------------------------------------------------------------
  clk                 (i)     -     R     (arrival)     68  0.0     0     0    1111    (-,-) 
  exp_max_l_reg[5]/CK <<<     -     R     SDFFR_X1      68    -     1     0    1111    (-,-) 
#--------------------------------------------------------------------------------------------



Path 94: MET (666 ps) Setup Check with Pin exp_max_l_reg[4]/CK->SI
           View: view_1p2_25
          Group: clock1
     Startpoint: (R) fp1_in[23]
          Clock: (R) clock1
       Endpoint: (F) exp_max_l_reg[4]/SI
          Clock: (R) clock1

                     Capture       Launch     
        Clock Edge:+    1111            0     
        Drv Adjust:+       0            0     
       Src Latency:+       0            0     
       Net Latency:+       0 (I)        0 (I) 
           Arrival:=    1111            0     
                                              
             Setup:-      86                  
       Uncertainty:-       0                  
     Required Time:=    1025                  
      Launch Clock:-       0                  
       Input Delay:-       1                  
         Data Path:-     358                  
             Slack:=     666                  

Exceptions/Constraints:
  input_delay              1              add_fp16.sdc_line_16_12_1   

#---------------------------------------------------------------------------------------------
#    Timing Point     Flags    Arc   Edge   Cell     Fanout Load Trans Delay Arrival Instance 
#                                                           (fF)  (ps)  (ps)   (ps)  Location 
#---------------------------------------------------------------------------------------------
  fp1_in[23]          -       -      R     (arrival)      4  8.3     0     0       1    (-,-) 
  g33008/ZN           -       A->ZN  F     INV_X2         2  6.1     4     6       7    (-,-) 
  g32974/ZN           -       A1->ZN R     NOR2_X2        3  7.4    25    32      39    (-,-) 
  g32876/ZN           -       A2->ZN F     NAND2_X2       1  3.2     8    16      56    (-,-) 
  g32869/ZN           -       A1->ZN R     NAND2_X2       3  7.0    14    19      74    (-,-) 
  g32857/ZN           -       B1->ZN F     AOI21_X2       2  4.7    10    17      91    (-,-) 
  g32852/ZN           -       B1->ZN R     OAI21_X2       2  5.5    23    33     124    (-,-) 
  g32846/ZN           -       A1->ZN F     NOR2_X2        2  4.7     8    12     136    (-,-) 
  g32840/ZN           -       C1->ZN R     OAI211_X2      1  6.3    28    37     173    (-,-) 
  g32839/ZN           -       A1->ZN F     NAND2_X4       2  9.0    11    18     191    (-,-) 
  g32836/ZN           -       B1->ZN R     AOI21_X4      11 19.5    37    44     235    (-,-) 
  g32814/ZN           -       A->ZN  F     INV_X1         1  1.8    10    10     245    (-,-) 
  g32809/ZN           -       A->ZN  R     INV_X1         8 16.7    40    49     294    (-,-) 
  g32768/Z            -       S->Z   F     MUX2_X1        2  2.6    11    65     359    (-,-) 
  exp_max_l_reg[4]/SI -       -      F     SDFFR_X1       2    -     -     0     359    (-,-) 
#---------------------------------------------------------------------------------------------

Capture clock path:
#--------------------------------------------------------------------------------------------
#    Timing Point     Flags   Arc   Edge   Cell     Fanout Load Trans Delay Arrival Instance 
#                                                          (fF)  (ps)  (ps)   (ps)  Location 
#--------------------------------------------------------------------------------------------
  clk                 (i)     -     R     (arrival)     68  0.0     0     0    1111    (-,-) 
  exp_max_l_reg[4]/CK <<<     -     R     SDFFR_X1      68    -     1     0    1111    (-,-) 
#--------------------------------------------------------------------------------------------



Path 95: MET (801 ps) Late External Delay Assertion at pin fp_out[31]
           View: view_1p2_25
          Group: clock1
     Startpoint: (R) signs_differ_l_reg/CK
          Clock: (R) clock1
       Endpoint: (F) fp_out[31]
          Clock: (R) clock1

                     Capture       Launch     
        Clock Edge:+    1111            0     
       Src Latency:+       0            0     
       Net Latency:+       0 (I)        0 (I) 
           Arrival:=    1111            0     
                                              
      Output Delay:-       1                  
       Uncertainty:-       0                  
     Required Time:=    1110                  
      Launch Clock:-       0                  
         Data Path:-     309                  
             Slack:=     801                  

Exceptions/Constraints:
  output_delay              1              add_fp16.sdc_line_17   

Launch clock path:
#----------------------------------------------------------------------------------------------
#     Timing Point      Flags   Arc   Edge   Cell     Fanout Load Trans Delay Arrival Instance 
#                                                            (fF)  (ps)  (ps)   (ps)  Location 
#----------------------------------------------------------------------------------------------
  clk                   (i)     -     R     (arrival)     68  0.0     0     0       0    (-,-) 
  signs_differ_l_reg/CK <<<     -     R     DFFR_X1       68    -     1     0       0    (-,-) 
#----------------------------------------------------------------------------------------------

#-----------------------------------------------------------------------------------------------
#     Timing Point      Flags    Arc   Edge   Cell     Fanout Load Trans Delay Arrival Instance 
#                                                             (fF)  (ps)  (ps)   (ps)  Location 
#-----------------------------------------------------------------------------------------------
  signs_differ_l_reg/CK -       -      R     (arrival)     68    -     1     0       0    (-,-) 
  signs_differ_l_reg/QN -       CK->QN F     DFFR_X1        3  6.6    17    76      76    (-,-) 
  g32978/ZN             -       A->ZN  R     INV_X2        25 51.2    61    75     151    (-,-) 
  g46831/ZN             -       A->ZN  F     INV_X2        30 51.7    36    59     210    (-,-) 
  g46589__8246/ZN       -       A3->ZN R     NAND3_X1       1  1.9    17    33     243    (-,-) 
  g46548__2802/ZN       -       A1->ZN F     NAND2_X1       1  1.2     8    13     256    (-,-) 
  g46516__5115/Z        -       A->Z   F     MUX2_X1        1  0.3     8    53     309    (-,-) 
  fp_out[31]            -       -      F     (port)         -    -     -     0     309    (-,-) 
#-----------------------------------------------------------------------------------------------



Path 96: MET (836 ps) Setup Check with Pin special_result_l_reg[31]/CK->D
           View: view_1p2_25
          Group: clock1
     Startpoint: (F) fp2_in[11]
          Clock: (R) clock1
       Endpoint: (R) special_result_l_reg[31]/D
          Clock: (R) clock1

                     Capture       Launch     
        Clock Edge:+    1111            0     
        Drv Adjust:+       0            0     
       Src Latency:+       0            0     
       Net Latency:+       0 (I)        0 (I) 
           Arrival:=    1111            0     
                                              
             Setup:-      33                  
       Uncertainty:-       0                  
     Required Time:=    1078                  
      Launch Clock:-       0                  
       Input Delay:-       1                  
         Data Path:-     241                  
             Slack:=     836                  

Exceptions/Constraints:
  input_delay              1              add_fp16.sdc_line_16_56_1   

#----------------------------------------------------------------------------------------------------
#       Timing Point         Flags    Arc   Edge   Cell     Fanout Load Trans Delay Arrival Instance 
#                                                                  (fF)  (ps)  (ps)   (ps)  Location 
#----------------------------------------------------------------------------------------------------
  fp2_in[11]                 -       -      F     (arrival)      3  5.2     0     0       1    (-,-) 
  g32900/ZN                  -       A4->ZN R     NOR4_X1        1  1.2    38    70      71    (-,-) 
  g32872/ZN                  -       A2->ZN R     AND4_X1        1  1.9    13    64     136    (-,-) 
  g32862/ZN                  -       A1->ZN F     NAND3_X1       1  1.8    15    19     154    (-,-) 
  g32855/ZN                  -       A1->ZN R     AOI22_X1       2  3.8    34    44     198    (-,-) 
  g32851/ZN                  -       A1->ZN F     NAND3_X1       1  1.8    15    25     223    (-,-) 
  g32844/ZN                  -       A2->ZN R     NAND2_X1       1  1.4    10    19     242    (-,-) 
  special_result_l_reg[31]/D -       -      R     DFFR_X1        1    -     -     0     242    (-,-) 
#----------------------------------------------------------------------------------------------------

Capture clock path:
#----------------------------------------------------------------------------------------------------
#        Timing Point         Flags   Arc   Edge   Cell     Fanout Load Trans Delay Arrival Instance 
#                                                                  (fF)  (ps)  (ps)   (ps)  Location 
#----------------------------------------------------------------------------------------------------
  clk                         (i)     -     R     (arrival)     68  0.0     0     0    1111    (-,-) 
  special_result_l_reg[31]/CK <<<     -     R     DFFR_X1       68    -     1     0    1111    (-,-) 
#----------------------------------------------------------------------------------------------------



Path 97: MET (836 ps) Setup Check with Pin special_result_l_reg[22]/CK->D
           View: view_1p2_25
          Group: clock1
     Startpoint: (F) fp2_in[11]
          Clock: (R) clock1
       Endpoint: (F) special_result_l_reg[22]/D
          Clock: (R) clock1

                     Capture       Launch     
        Clock Edge:+    1111            0     
        Drv Adjust:+       0            0     
       Src Latency:+       0            0     
       Net Latency:+       0 (I)        0 (I) 
           Arrival:=    1111            0     
                                              
             Setup:-      44                  
       Uncertainty:-       0                  
     Required Time:=    1067                  
      Launch Clock:-       0                  
       Input Delay:-       1                  
         Data Path:-     230                  
             Slack:=     836                  

Exceptions/Constraints:
  input_delay              1              add_fp16.sdc_line_16_56_1   

#----------------------------------------------------------------------------------------------------
#       Timing Point         Flags    Arc   Edge   Cell     Fanout Load Trans Delay Arrival Instance 
#                                                                  (fF)  (ps)  (ps)   (ps)  Location 
#----------------------------------------------------------------------------------------------------
  fp2_in[11]                 -       -      F     (arrival)      3  5.2     0     0       1    (-,-) 
  g32900/ZN                  -       A4->ZN R     NOR4_X1        1  1.2    38    70      71    (-,-) 
  g32872/ZN                  -       A2->ZN R     AND4_X1        1  1.9    13    64     136    (-,-) 
  g32862/ZN                  -       A1->ZN F     NAND3_X1       1  1.8    15    19     154    (-,-) 
  g32855/ZN                  -       A1->ZN R     AOI22_X1       2  3.8    34    44     198    (-,-) 
  g32848/ZN                  -       B1->ZN F     OAI221_X1      1  1.4    18    32     230    (-,-) 
  special_result_l_reg[22]/D -       -      F     DFFR_X1        1    -     -     0     230    (-,-) 
#----------------------------------------------------------------------------------------------------

Capture clock path:
#----------------------------------------------------------------------------------------------------
#        Timing Point         Flags   Arc   Edge   Cell     Fanout Load Trans Delay Arrival Instance 
#                                                                  (fF)  (ps)  (ps)   (ps)  Location 
#----------------------------------------------------------------------------------------------------
  clk                         (i)     -     R     (arrival)     68  0.0     0     0    1111    (-,-) 
  special_result_l_reg[22]/CK <<<     -     R     DFFR_X1       68    -     1     0    1111    (-,-) 
#----------------------------------------------------------------------------------------------------



Path 98: MET (921 ps) Setup Check with Pin special_case_l_reg/CK->D
           View: view_1p2_25
          Group: clock1
     Startpoint: (R) special_case_l_reg/CK
          Clock: (R) clock1
       Endpoint: (R) special_case_l_reg/D
          Clock: (R) clock1

                     Capture       Launch     
        Clock Edge:+    1111            0     
       Src Latency:+       0            0     
       Net Latency:+       0 (I)        0 (I) 
           Arrival:=    1111            0     
                                              
             Setup:-      34                  
       Uncertainty:-       0                  
     Required Time:=    1077                  
      Launch Clock:-       0                  
         Data Path:-     156                  
             Slack:=     921                  

Launch clock path:
#----------------------------------------------------------------------------------------------
#     Timing Point      Flags   Arc   Edge   Cell     Fanout Load Trans Delay Arrival Instance 
#                                                            (fF)  (ps)  (ps)   (ps)  Location 
#----------------------------------------------------------------------------------------------
  clk                   (i)     -     R     (arrival)     68  0.0     0     0       0    (-,-) 
  special_case_l_reg/CK <<<     -     R     DFFR_X1       68    -     1     0       0    (-,-) 
#----------------------------------------------------------------------------------------------

#-----------------------------------------------------------------------------------------------
#     Timing Point      Flags    Arc   Edge   Cell     Fanout Load Trans Delay Arrival Instance 
#                                                             (fF)  (ps)  (ps)   (ps)  Location 
#-----------------------------------------------------------------------------------------------
  special_case_l_reg/CK -       -      R     (arrival)     68    -     1     0       0    (-,-) 
  special_case_l_reg/Q  -       CK->Q  R     DFFR_X1        6 11.4    30   122     122    (-,-) 
  g32930/ZN             -       A1->ZN F     NAND2_X1       1  1.9    11    18     140    (-,-) 
  g32859/ZN             -       A1->ZN R     NAND3_X1       1  1.4    12    16     156    (-,-) 
  special_case_l_reg/D  -       -      R     DFFR_X1        1    -     -     0     156    (-,-) 
#-----------------------------------------------------------------------------------------------

Capture clock path:
#----------------------------------------------------------------------------------------------
#     Timing Point      Flags   Arc   Edge   Cell     Fanout Load Trans Delay Arrival Instance 
#                                                            (fF)  (ps)  (ps)   (ps)  Location 
#----------------------------------------------------------------------------------------------
  clk                   (i)     -     R     (arrival)     68  0.0     0     0    1111    (-,-) 
  special_case_l_reg/CK <<<     -     R     DFFR_X1       68    -     1     0    1111    (-,-) 
#----------------------------------------------------------------------------------------------



Path 99: MET (934 ps) Setup Check with Pin sign_shifted_l_reg/CK->SE
           View: view_1p2_25
          Group: clock1
     Startpoint: (F) stall
          Clock: (R) clock1
       Endpoint: (R) sign_shifted_l_reg/SE
          Clock: (R) clock1

                     Capture       Launch     
        Clock Edge:+    1111            0     
        Drv Adjust:+       0            0     
       Src Latency:+       0            0     
       Net Latency:+       0 (I)        0 (I) 
           Arrival:=    1111            0     
                                              
             Setup:-      90                  
       Uncertainty:-       0                  
     Required Time:=    1021                  
      Launch Clock:-       0                  
       Input Delay:-       1                  
         Data Path:-      87                  
             Slack:=     934                  

Exceptions/Constraints:
  input_delay              1              add_fp16.sdc_line_16_2_1   

#----------------------------------------------------------------------------------------------
#     Timing Point      Flags   Arc   Edge   Cell     Fanout Load Trans Delay Arrival Instance 
#                                                            (fF)  (ps)  (ps)   (ps)  Location 
#----------------------------------------------------------------------------------------------
  stall                 -       -     F     (arrival)     47 80.6     0     0       1    (-,-) 
  g33016/ZN             -       A->ZN R     INV_X2        31 68.2    80    87      88    (-,-) 
  sign_shifted_l_reg/SE -       -     R     SDFFR_X1      31    -     -     0      88    (-,-) 
#----------------------------------------------------------------------------------------------

Capture clock path:
#----------------------------------------------------------------------------------------------
#     Timing Point      Flags   Arc   Edge   Cell     Fanout Load Trans Delay Arrival Instance 
#                                                            (fF)  (ps)  (ps)   (ps)  Location 
#----------------------------------------------------------------------------------------------
  clk                   (i)     -     R     (arrival)     68  0.0     0     0    1111    (-,-) 
  sign_shifted_l_reg/CK <<<     -     R     SDFFR_X1      68    -     1     0    1111    (-,-) 
#----------------------------------------------------------------------------------------------



Path 100: MET (934 ps) Setup Check with Pin sign_not_shifted_l_reg/CK->SE
           View: view_1p2_25
          Group: clock1
     Startpoint: (F) stall
          Clock: (R) clock1
       Endpoint: (R) sign_not_shifted_l_reg/SE
          Clock: (R) clock1

                     Capture       Launch     
        Clock Edge:+    1111            0     
        Drv Adjust:+       0            0     
       Src Latency:+       0            0     
       Net Latency:+       0 (I)        0 (I) 
           Arrival:=    1111            0     
                                              
             Setup:-      90                  
       Uncertainty:-       0                  
     Required Time:=    1021                  
      Launch Clock:-       0                  
       Input Delay:-       1                  
         Data Path:-      87                  
             Slack:=     934                  

Exceptions/Constraints:
  input_delay              1              add_fp16.sdc_line_16_2_1   

#--------------------------------------------------------------------------------------------------
#       Timing Point        Flags   Arc   Edge   Cell     Fanout Load Trans Delay Arrival Instance 
#                                                                (fF)  (ps)  (ps)   (ps)  Location 
#--------------------------------------------------------------------------------------------------
  stall                     -       -     F     (arrival)     47 80.6     0     0       1    (-,-) 
  g33016/ZN                 -       A->ZN R     INV_X2        31 68.2    80    87      88    (-,-) 
  sign_not_shifted_l_reg/SE -       -     R     SDFFR_X1      31    -     -     0      88    (-,-) 
#--------------------------------------------------------------------------------------------------

Capture clock path:
#--------------------------------------------------------------------------------------------------
#       Timing Point        Flags   Arc   Edge   Cell     Fanout Load Trans Delay Arrival Instance 
#                                                                (fF)  (ps)  (ps)   (ps)  Location 
#--------------------------------------------------------------------------------------------------
  clk                       (i)     -     R     (arrival)     68  0.0     0     0    1111    (-,-) 
  sign_not_shifted_l_reg/CK <<<     -     R     SDFFR_X1      68    -     1     0    1111    (-,-) 
#--------------------------------------------------------------------------------------------------



Path 101: MET (934 ps) Setup Check with Pin exp_max_l_reg[6]/CK->SE
           View: view_1p2_25
          Group: clock1
     Startpoint: (F) stall
          Clock: (R) clock1
       Endpoint: (R) exp_max_l_reg[6]/SE
          Clock: (R) clock1

                     Capture       Launch     
        Clock Edge:+    1111            0     
        Drv Adjust:+       0            0     
       Src Latency:+       0            0     
       Net Latency:+       0 (I)        0 (I) 
           Arrival:=    1111            0     
                                              
             Setup:-      90                  
       Uncertainty:-       0                  
     Required Time:=    1021                  
      Launch Clock:-       0                  
       Input Delay:-       1                  
         Data Path:-      87                  
             Slack:=     934                  

Exceptions/Constraints:
  input_delay              1              add_fp16.sdc_line_16_2_1   

#--------------------------------------------------------------------------------------------
#    Timing Point     Flags   Arc   Edge   Cell     Fanout Load Trans Delay Arrival Instance 
#                                                          (fF)  (ps)  (ps)   (ps)  Location 
#--------------------------------------------------------------------------------------------
  stall               -       -     F     (arrival)     47 80.6     0     0       1    (-,-) 
  g33016/ZN           -       A->ZN R     INV_X2        31 68.2    80    87      88    (-,-) 
  exp_max_l_reg[6]/SE -       -     R     SDFFR_X1      31    -     -     0      88    (-,-) 
#--------------------------------------------------------------------------------------------

Capture clock path:
#--------------------------------------------------------------------------------------------
#    Timing Point     Flags   Arc   Edge   Cell     Fanout Load Trans Delay Arrival Instance 
#                                                          (fF)  (ps)  (ps)   (ps)  Location 
#--------------------------------------------------------------------------------------------
  clk                 (i)     -     R     (arrival)     68  0.0     0     0    1111    (-,-) 
  exp_max_l_reg[6]/CK <<<     -     R     SDFFR_X1      68    -     1     0    1111    (-,-) 
#--------------------------------------------------------------------------------------------



Path 102: MET (934 ps) Setup Check with Pin exp_max_l_reg[5]/CK->SE
           View: view_1p2_25
          Group: clock1
     Startpoint: (F) stall
          Clock: (R) clock1
       Endpoint: (R) exp_max_l_reg[5]/SE
          Clock: (R) clock1

                     Capture       Launch     
        Clock Edge:+    1111            0     
        Drv Adjust:+       0            0     
       Src Latency:+       0            0     
       Net Latency:+       0 (I)        0 (I) 
           Arrival:=    1111            0     
                                              
             Setup:-      90                  
       Uncertainty:-       0                  
     Required Time:=    1021                  
      Launch Clock:-       0                  
       Input Delay:-       1                  
         Data Path:-      87                  
             Slack:=     934                  

Exceptions/Constraints:
  input_delay              1              add_fp16.sdc_line_16_2_1   

#--------------------------------------------------------------------------------------------
#    Timing Point     Flags   Arc   Edge   Cell     Fanout Load Trans Delay Arrival Instance 
#                                                          (fF)  (ps)  (ps)   (ps)  Location 
#--------------------------------------------------------------------------------------------
  stall               -       -     F     (arrival)     47 80.6     0     0       1    (-,-) 
  g33016/ZN           -       A->ZN R     INV_X2        31 68.2    80    87      88    (-,-) 
  exp_max_l_reg[5]/SE -       -     R     SDFFR_X1      31    -     -     0      88    (-,-) 
#--------------------------------------------------------------------------------------------

Capture clock path:
#--------------------------------------------------------------------------------------------
#    Timing Point     Flags   Arc   Edge   Cell     Fanout Load Trans Delay Arrival Instance 
#                                                          (fF)  (ps)  (ps)   (ps)  Location 
#--------------------------------------------------------------------------------------------
  clk                 (i)     -     R     (arrival)     68  0.0     0     0    1111    (-,-) 
  exp_max_l_reg[5]/CK <<<     -     R     SDFFR_X1      68    -     1     0    1111    (-,-) 
#--------------------------------------------------------------------------------------------



Path 103: MET (934 ps) Setup Check with Pin exp_max_l_reg[4]/CK->SE
           View: view_1p2_25
          Group: clock1
     Startpoint: (F) stall
          Clock: (R) clock1
       Endpoint: (R) exp_max_l_reg[4]/SE
          Clock: (R) clock1

                     Capture       Launch     
        Clock Edge:+    1111            0     
        Drv Adjust:+       0            0     
       Src Latency:+       0            0     
       Net Latency:+       0 (I)        0 (I) 
           Arrival:=    1111            0     
                                              
             Setup:-      90                  
       Uncertainty:-       0                  
     Required Time:=    1021                  
      Launch Clock:-       0                  
       Input Delay:-       1                  
         Data Path:-      87                  
             Slack:=     934                  

Exceptions/Constraints:
  input_delay              1              add_fp16.sdc_line_16_2_1   

#--------------------------------------------------------------------------------------------
#    Timing Point     Flags   Arc   Edge   Cell     Fanout Load Trans Delay Arrival Instance 
#                                                          (fF)  (ps)  (ps)   (ps)  Location 
#--------------------------------------------------------------------------------------------
  stall               -       -     F     (arrival)     47 80.6     0     0       1    (-,-) 
  g33016/ZN           -       A->ZN R     INV_X2        31 68.2    80    87      88    (-,-) 
  exp_max_l_reg[4]/SE -       -     R     SDFFR_X1      31    -     -     0      88    (-,-) 
#--------------------------------------------------------------------------------------------

Capture clock path:
#--------------------------------------------------------------------------------------------
#    Timing Point     Flags   Arc   Edge   Cell     Fanout Load Trans Delay Arrival Instance 
#                                                          (fF)  (ps)  (ps)   (ps)  Location 
#--------------------------------------------------------------------------------------------
  clk                 (i)     -     R     (arrival)     68  0.0     0     0    1111    (-,-) 
  exp_max_l_reg[4]/CK <<<     -     R     SDFFR_X1      68    -     1     0    1111    (-,-) 
#--------------------------------------------------------------------------------------------



Path 104: MET (934 ps) Setup Check with Pin exp_max_l_reg[3]/CK->SE
           View: view_1p2_25
          Group: clock1
     Startpoint: (F) stall
          Clock: (R) clock1
       Endpoint: (R) exp_max_l_reg[3]/SE
          Clock: (R) clock1

                     Capture       Launch     
        Clock Edge:+    1111            0     
        Drv Adjust:+       0            0     
       Src Latency:+       0            0     
       Net Latency:+       0 (I)        0 (I) 
           Arrival:=    1111            0     
                                              
             Setup:-      90                  
       Uncertainty:-       0                  
     Required Time:=    1021                  
      Launch Clock:-       0                  
       Input Delay:-       1                  
         Data Path:-      87                  
             Slack:=     934                  

Exceptions/Constraints:
  input_delay              1              add_fp16.sdc_line_16_2_1   

#--------------------------------------------------------------------------------------------
#    Timing Point     Flags   Arc   Edge   Cell     Fanout Load Trans Delay Arrival Instance 
#                                                          (fF)  (ps)  (ps)   (ps)  Location 
#--------------------------------------------------------------------------------------------
  stall               -       -     F     (arrival)     47 80.6     0     0       1    (-,-) 
  g33016/ZN           -       A->ZN R     INV_X2        31 68.2    80    87      88    (-,-) 
  exp_max_l_reg[3]/SE -       -     R     SDFFR_X1      31    -     -     0      88    (-,-) 
#--------------------------------------------------------------------------------------------

Capture clock path:
#--------------------------------------------------------------------------------------------
#    Timing Point     Flags   Arc   Edge   Cell     Fanout Load Trans Delay Arrival Instance 
#                                                          (fF)  (ps)  (ps)   (ps)  Location 
#--------------------------------------------------------------------------------------------
  clk                 (i)     -     R     (arrival)     68  0.0     0     0    1111    (-,-) 
  exp_max_l_reg[3]/CK <<<     -     R     SDFFR_X1      68    -     1     0    1111    (-,-) 
#--------------------------------------------------------------------------------------------



Path 105: MET (934 ps) Setup Check with Pin exp_max_l_reg[2]/CK->SE
           View: view_1p2_25
          Group: clock1
     Startpoint: (F) stall
          Clock: (R) clock1
       Endpoint: (R) exp_max_l_reg[2]/SE
          Clock: (R) clock1

                     Capture       Launch     
        Clock Edge:+    1111            0     
        Drv Adjust:+       0            0     
       Src Latency:+       0            0     
       Net Latency:+       0 (I)        0 (I) 
           Arrival:=    1111            0     
                                              
             Setup:-      90                  
       Uncertainty:-       0                  
     Required Time:=    1021                  
      Launch Clock:-       0                  
       Input Delay:-       1                  
         Data Path:-      87                  
             Slack:=     934                  

Exceptions/Constraints:
  input_delay              1              add_fp16.sdc_line_16_2_1   

#--------------------------------------------------------------------------------------------
#    Timing Point     Flags   Arc   Edge   Cell     Fanout Load Trans Delay Arrival Instance 
#                                                          (fF)  (ps)  (ps)   (ps)  Location 
#--------------------------------------------------------------------------------------------
  stall               -       -     F     (arrival)     47 80.6     0     0       1    (-,-) 
  g33016/ZN           -       A->ZN R     INV_X2        31 68.2    80    87      88    (-,-) 
  exp_max_l_reg[2]/SE -       -     R     SDFFR_X1      31    -     -     0      88    (-,-) 
#--------------------------------------------------------------------------------------------

Capture clock path:
#--------------------------------------------------------------------------------------------
#    Timing Point     Flags   Arc   Edge   Cell     Fanout Load Trans Delay Arrival Instance 
#                                                          (fF)  (ps)  (ps)   (ps)  Location 
#--------------------------------------------------------------------------------------------
  clk                 (i)     -     R     (arrival)     68  0.0     0     0    1111    (-,-) 
  exp_max_l_reg[2]/CK <<<     -     R     SDFFR_X1      68    -     1     0    1111    (-,-) 
#--------------------------------------------------------------------------------------------



Path 106: MET (934 ps) Setup Check with Pin exp_max_l_reg[1]/CK->SE
           View: view_1p2_25
          Group: clock1
     Startpoint: (F) stall
          Clock: (R) clock1
       Endpoint: (R) exp_max_l_reg[1]/SE
          Clock: (R) clock1

                     Capture       Launch     
        Clock Edge:+    1111            0     
        Drv Adjust:+       0            0     
       Src Latency:+       0            0     
       Net Latency:+       0 (I)        0 (I) 
           Arrival:=    1111            0     
                                              
             Setup:-      90                  
       Uncertainty:-       0                  
     Required Time:=    1021                  
      Launch Clock:-       0                  
       Input Delay:-       1                  
         Data Path:-      87                  
             Slack:=     934                  

Exceptions/Constraints:
  input_delay              1              add_fp16.sdc_line_16_2_1   

#--------------------------------------------------------------------------------------------
#    Timing Point     Flags   Arc   Edge   Cell     Fanout Load Trans Delay Arrival Instance 
#                                                          (fF)  (ps)  (ps)   (ps)  Location 
#--------------------------------------------------------------------------------------------
  stall               -       -     F     (arrival)     47 80.6     0     0       1    (-,-) 
  g33016/ZN           -       A->ZN R     INV_X2        31 68.2    80    87      88    (-,-) 
  exp_max_l_reg[1]/SE -       -     R     SDFFR_X1      31    -     -     0      88    (-,-) 
#--------------------------------------------------------------------------------------------

Capture clock path:
#--------------------------------------------------------------------------------------------
#    Timing Point     Flags   Arc   Edge   Cell     Fanout Load Trans Delay Arrival Instance 
#                                                          (fF)  (ps)  (ps)   (ps)  Location 
#--------------------------------------------------------------------------------------------
  clk                 (i)     -     R     (arrival)     68  0.0     0     0    1111    (-,-) 
  exp_max_l_reg[1]/CK <<<     -     R     SDFFR_X1      68    -     1     0    1111    (-,-) 
#--------------------------------------------------------------------------------------------



Path 107: MET (934 ps) Setup Check with Pin exp_max_l_reg[0]/CK->SE
           View: view_1p2_25
          Group: clock1
     Startpoint: (F) stall
          Clock: (R) clock1
       Endpoint: (R) exp_max_l_reg[0]/SE
          Clock: (R) clock1

                     Capture       Launch     
        Clock Edge:+    1111            0     
        Drv Adjust:+       0            0     
       Src Latency:+       0            0     
       Net Latency:+       0 (I)        0 (I) 
           Arrival:=    1111            0     
                                              
             Setup:-      90                  
       Uncertainty:-       0                  
     Required Time:=    1021                  
      Launch Clock:-       0                  
       Input Delay:-       1                  
         Data Path:-      87                  
             Slack:=     934                  

Exceptions/Constraints:
  input_delay              1              add_fp16.sdc_line_16_2_1   

#--------------------------------------------------------------------------------------------
#    Timing Point     Flags   Arc   Edge   Cell     Fanout Load Trans Delay Arrival Instance 
#                                                          (fF)  (ps)  (ps)   (ps)  Location 
#--------------------------------------------------------------------------------------------
  stall               -       -     F     (arrival)     47 80.6     0     0       1    (-,-) 
  g33016/ZN           -       A->ZN R     INV_X2        31 68.2    80    87      88    (-,-) 
  exp_max_l_reg[0]/SE -       -     R     SDFFR_X1      31    -     -     0      88    (-,-) 
#--------------------------------------------------------------------------------------------

Capture clock path:
#--------------------------------------------------------------------------------------------
#    Timing Point     Flags   Arc   Edge   Cell     Fanout Load Trans Delay Arrival Instance 
#                                                          (fF)  (ps)  (ps)   (ps)  Location 
#--------------------------------------------------------------------------------------------
  clk                 (i)     -     R     (arrival)     68  0.0     0     0    1111    (-,-) 
  exp_max_l_reg[0]/CK <<<     -     R     SDFFR_X1      68    -     1     0    1111    (-,-) 
#--------------------------------------------------------------------------------------------



Path 108: MET (938 ps) Setup Check with Pin exp_max_l_reg[7]/CK->SI
           View: view_1p2_25
          Group: clock1
     Startpoint: (R) exp_max_l_reg[7]/CK
          Clock: (R) clock1
       Endpoint: (F) exp_max_l_reg[7]/SI
          Clock: (R) clock1

                     Capture       Launch     
        Clock Edge:+    1111            0     
       Src Latency:+       0            0     
       Net Latency:+       0 (I)        0 (I) 
           Arrival:=    1111            0     
                                              
             Setup:-      89                  
       Uncertainty:-       0                  
     Required Time:=    1022                  
      Launch Clock:-       0                  
         Data Path:-      84                  
             Slack:=     938                  

Launch clock path:
#--------------------------------------------------------------------------------------------
#    Timing Point     Flags   Arc   Edge   Cell     Fanout Load Trans Delay Arrival Instance 
#                                                          (fF)  (ps)  (ps)   (ps)  Location 
#--------------------------------------------------------------------------------------------
  clk                 (i)     -     R     (arrival)     68  0.0     0     0       0    (-,-) 
  exp_max_l_reg[7]/CK <<<     -     R     SDFFR_X1      68    -     1     0       0    (-,-) 
#--------------------------------------------------------------------------------------------

#--------------------------------------------------------------------------------------------
#    Timing Point     Flags   Arc   Edge   Cell     Fanout Load Trans Delay Arrival Instance 
#                                                          (fF)  (ps)  (ps)   (ps)  Location 
#--------------------------------------------------------------------------------------------
  exp_max_l_reg[7]/CK -       -     R     (arrival)     68    -     1     0       0    (-,-) 
  exp_max_l_reg[7]/Q  -       CK->Q F     SDFFR_X1       5  7.8    19    84      84    (-,-) 
  exp_max_l_reg[7]/SI -       -     F     SDFFR_X1       5    -     -     0      84    (-,-) 
#--------------------------------------------------------------------------------------------

Capture clock path:
#--------------------------------------------------------------------------------------------
#    Timing Point     Flags   Arc   Edge   Cell     Fanout Load Trans Delay Arrival Instance 
#                                                          (fF)  (ps)  (ps)   (ps)  Location 
#--------------------------------------------------------------------------------------------
  clk                 (i)     -     R     (arrival)     68  0.0     0     0    1111    (-,-) 
  exp_max_l_reg[7]/CK <<<     -     R     SDFFR_X1      68    -     1     0    1111    (-,-) 
#--------------------------------------------------------------------------------------------



Path 109: MET (944 ps) Setup Check with Pin exp_max_l_reg[4]/CK->D
           View: view_1p2_25
          Group: clock1
     Startpoint: (R) exp_max_l_reg[4]/CK
          Clock: (R) clock1
       Endpoint: (F) exp_max_l_reg[4]/D
          Clock: (R) clock1

                     Capture       Launch     
        Clock Edge:+    1111            0     
       Src Latency:+       0            0     
       Net Latency:+       0 (I)        0 (I) 
           Arrival:=    1111            0     
                                              
             Setup:-      81                  
       Uncertainty:-       0                  
     Required Time:=    1030                  
      Launch Clock:-       0                  
         Data Path:-      86                  
             Slack:=     944                  

Launch clock path:
#--------------------------------------------------------------------------------------------
#    Timing Point     Flags   Arc   Edge   Cell     Fanout Load Trans Delay Arrival Instance 
#                                                          (fF)  (ps)  (ps)   (ps)  Location 
#--------------------------------------------------------------------------------------------
  clk                 (i)     -     R     (arrival)     68  0.0     0     0       0    (-,-) 
  exp_max_l_reg[4]/CK <<<     -     R     SDFFR_X1      68    -     1     0       0    (-,-) 
#--------------------------------------------------------------------------------------------

#--------------------------------------------------------------------------------------------
#    Timing Point     Flags   Arc   Edge   Cell     Fanout Load Trans Delay Arrival Instance 
#                                                          (fF)  (ps)  (ps)   (ps)  Location 
#--------------------------------------------------------------------------------------------
  exp_max_l_reg[4]/CK -       -     R     (arrival)     68    -     1     0       0    (-,-) 
  exp_max_l_reg[4]/Q  -       CK->Q F     SDFFR_X1       4  9.1    21    86      86    (-,-) 
  exp_max_l_reg[4]/D  -       -     F     SDFFR_X1       4    -     -     0      86    (-,-) 
#--------------------------------------------------------------------------------------------

Capture clock path:
#--------------------------------------------------------------------------------------------
#    Timing Point     Flags   Arc   Edge   Cell     Fanout Load Trans Delay Arrival Instance 
#                                                          (fF)  (ps)  (ps)   (ps)  Location 
#--------------------------------------------------------------------------------------------
  clk                 (i)     -     R     (arrival)     68  0.0     0     0    1111    (-,-) 
  exp_max_l_reg[4]/CK <<<     -     R     SDFFR_X1      68    -     1     0    1111    (-,-) 
#--------------------------------------------------------------------------------------------



Path 110: MET (948 ps) Setup Check with Pin exp_max_l_reg[3]/CK->D
           View: view_1p2_25
          Group: clock1
     Startpoint: (R) exp_max_l_reg[3]/CK
          Clock: (R) clock1
       Endpoint: (F) exp_max_l_reg[3]/D
          Clock: (R) clock1

                     Capture       Launch     
        Clock Edge:+    1111            0     
       Src Latency:+       0            0     
       Net Latency:+       0 (I)        0 (I) 
           Arrival:=    1111            0     
                                              
             Setup:-      80                  
       Uncertainty:-       0                  
     Required Time:=    1030                  
      Launch Clock:-       0                  
         Data Path:-      83                  
             Slack:=     948                  

Launch clock path:
#--------------------------------------------------------------------------------------------
#    Timing Point     Flags   Arc   Edge   Cell     Fanout Load Trans Delay Arrival Instance 
#                                                          (fF)  (ps)  (ps)   (ps)  Location 
#--------------------------------------------------------------------------------------------
  clk                 (i)     -     R     (arrival)     68  0.0     0     0       0    (-,-) 
  exp_max_l_reg[3]/CK <<<     -     R     SDFFR_X1      68    -     1     0       0    (-,-) 
#--------------------------------------------------------------------------------------------

#--------------------------------------------------------------------------------------------
#    Timing Point     Flags   Arc   Edge   Cell     Fanout Load Trans Delay Arrival Instance 
#                                                          (fF)  (ps)  (ps)   (ps)  Location 
#--------------------------------------------------------------------------------------------
  exp_max_l_reg[3]/CK -       -     R     (arrival)     68    -     1     0       0    (-,-) 
  exp_max_l_reg[3]/Q  -       CK->Q F     SDFFR_X1       4  7.4    19    83      83    (-,-) 
  exp_max_l_reg[3]/D  -       -     F     SDFFR_X1       4    -     -     0      83    (-,-) 
#--------------------------------------------------------------------------------------------

Capture clock path:
#--------------------------------------------------------------------------------------------
#    Timing Point     Flags   Arc   Edge   Cell     Fanout Load Trans Delay Arrival Instance 
#                                                          (fF)  (ps)  (ps)   (ps)  Location 
#--------------------------------------------------------------------------------------------
  clk                 (i)     -     R     (arrival)     68  0.0     0     0    1111    (-,-) 
  exp_max_l_reg[3]/CK <<<     -     R     SDFFR_X1      68    -     1     0    1111    (-,-) 
#--------------------------------------------------------------------------------------------



Path 111: MET (950 ps) Setup Check with Pin exp_max_l_reg[5]/CK->D
           View: view_1p2_25
          Group: clock1
     Startpoint: (R) exp_max_l_reg[5]/CK
          Clock: (R) clock1
       Endpoint: (F) exp_max_l_reg[5]/D
          Clock: (R) clock1

                     Capture       Launch     
        Clock Edge:+    1111            0     
       Src Latency:+       0            0     
       Net Latency:+       0 (I)        0 (I) 
           Arrival:=    1111            0     
                                              
             Setup:-      80                  
       Uncertainty:-       0                  
     Required Time:=    1031                  
      Launch Clock:-       0                  
         Data Path:-      80                  
             Slack:=     950                  

Launch clock path:
#--------------------------------------------------------------------------------------------
#    Timing Point     Flags   Arc   Edge   Cell     Fanout Load Trans Delay Arrival Instance 
#                                                          (fF)  (ps)  (ps)   (ps)  Location 
#--------------------------------------------------------------------------------------------
  clk                 (i)     -     R     (arrival)     68  0.0     0     0       0    (-,-) 
  exp_max_l_reg[5]/CK <<<     -     R     SDFFR_X1      68    -     1     0       0    (-,-) 
#--------------------------------------------------------------------------------------------

#--------------------------------------------------------------------------------------------
#    Timing Point     Flags   Arc   Edge   Cell     Fanout Load Trans Delay Arrival Instance 
#                                                          (fF)  (ps)  (ps)   (ps)  Location 
#--------------------------------------------------------------------------------------------
  exp_max_l_reg[5]/CK -       -     R     (arrival)     68    -     1     0       0    (-,-) 
  exp_max_l_reg[5]/Q  -       CK->Q F     SDFFR_X1       4  6.5    18    80      80    (-,-) 
  exp_max_l_reg[5]/D  -       -     F     SDFFR_X1       4    -     -     0      80    (-,-) 
#--------------------------------------------------------------------------------------------

Capture clock path:
#--------------------------------------------------------------------------------------------
#    Timing Point     Flags   Arc   Edge   Cell     Fanout Load Trans Delay Arrival Instance 
#                                                          (fF)  (ps)  (ps)   (ps)  Location 
#--------------------------------------------------------------------------------------------
  clk                 (i)     -     R     (arrival)     68  0.0     0     0    1111    (-,-) 
  exp_max_l_reg[5]/CK <<<     -     R     SDFFR_X1      68    -     1     0    1111    (-,-) 
#--------------------------------------------------------------------------------------------



Path 112: MET (950 ps) Setup Check with Pin exp_max_l_reg[0]/CK->D
           View: view_1p2_25
          Group: clock1
     Startpoint: (R) exp_max_l_reg[0]/CK
          Clock: (R) clock1
       Endpoint: (F) exp_max_l_reg[0]/D
          Clock: (R) clock1

                     Capture       Launch     
        Clock Edge:+    1111            0     
       Src Latency:+       0            0     
       Net Latency:+       0 (I)        0 (I) 
           Arrival:=    1111            0     
                                              
             Setup:-      80                  
       Uncertainty:-       0                  
     Required Time:=    1031                  
      Launch Clock:-       0                  
         Data Path:-      80                  
             Slack:=     950                  

Launch clock path:
#--------------------------------------------------------------------------------------------
#    Timing Point     Flags   Arc   Edge   Cell     Fanout Load Trans Delay Arrival Instance 
#                                                          (fF)  (ps)  (ps)   (ps)  Location 
#--------------------------------------------------------------------------------------------
  clk                 (i)     -     R     (arrival)     68  0.0     0     0       0    (-,-) 
  exp_max_l_reg[0]/CK <<<     -     R     SDFFR_X1      68    -     1     0       0    (-,-) 
#--------------------------------------------------------------------------------------------

#--------------------------------------------------------------------------------------------
#    Timing Point     Flags   Arc   Edge   Cell     Fanout Load Trans Delay Arrival Instance 
#                                                          (fF)  (ps)  (ps)   (ps)  Location 
#--------------------------------------------------------------------------------------------
  exp_max_l_reg[0]/CK -       -     R     (arrival)     68    -     1     0       0    (-,-) 
  exp_max_l_reg[0]/Q  -       CK->Q F     SDFFR_X1       4  6.5    18    80      80    (-,-) 
  exp_max_l_reg[0]/D  -       -     F     SDFFR_X1       4    -     -     0      80    (-,-) 
#--------------------------------------------------------------------------------------------

Capture clock path:
#--------------------------------------------------------------------------------------------
#    Timing Point     Flags   Arc   Edge   Cell     Fanout Load Trans Delay Arrival Instance 
#                                                          (fF)  (ps)  (ps)   (ps)  Location 
#--------------------------------------------------------------------------------------------
  clk                 (i)     -     R     (arrival)     68  0.0     0     0    1111    (-,-) 
  exp_max_l_reg[0]/CK <<<     -     R     SDFFR_X1      68    -     1     0    1111    (-,-) 
#--------------------------------------------------------------------------------------------



Path 113: MET (952 ps) Setup Check with Pin exp_max_l_reg[6]/CK->D
           View: view_1p2_25
          Group: clock1
     Startpoint: (R) exp_max_l_reg[6]/CK
          Clock: (R) clock1
       Endpoint: (F) exp_max_l_reg[6]/D
          Clock: (R) clock1

                     Capture       Launch     
        Clock Edge:+    1111            0     
       Src Latency:+       0            0     
       Net Latency:+       0 (I)        0 (I) 
           Arrival:=    1111            0     
                                              
             Setup:-      80                  
       Uncertainty:-       0                  
     Required Time:=    1031                  
      Launch Clock:-       0                  
         Data Path:-      79                  
             Slack:=     952                  

Launch clock path:
#--------------------------------------------------------------------------------------------
#    Timing Point     Flags   Arc   Edge   Cell     Fanout Load Trans Delay Arrival Instance 
#                                                          (fF)  (ps)  (ps)   (ps)  Location 
#--------------------------------------------------------------------------------------------
  clk                 (i)     -     R     (arrival)     68  0.0     0     0       0    (-,-) 
  exp_max_l_reg[6]/CK <<<     -     R     SDFFR_X1      68    -     1     0       0    (-,-) 
#--------------------------------------------------------------------------------------------

#--------------------------------------------------------------------------------------------
#    Timing Point     Flags   Arc   Edge   Cell     Fanout Load Trans Delay Arrival Instance 
#                                                          (fF)  (ps)  (ps)   (ps)  Location 
#--------------------------------------------------------------------------------------------
  exp_max_l_reg[6]/CK -       -     R     (arrival)     68    -     1     0       0    (-,-) 
  exp_max_l_reg[6]/Q  -       CK->Q F     SDFFR_X1       4  5.9    17    79      79    (-,-) 
  exp_max_l_reg[6]/D  -       -     F     SDFFR_X1       4    -     -     0      79    (-,-) 
#--------------------------------------------------------------------------------------------

Capture clock path:
#--------------------------------------------------------------------------------------------
#    Timing Point     Flags   Arc   Edge   Cell     Fanout Load Trans Delay Arrival Instance 
#                                                          (fF)  (ps)  (ps)   (ps)  Location 
#--------------------------------------------------------------------------------------------
  clk                 (i)     -     R     (arrival)     68  0.0     0     0    1111    (-,-) 
  exp_max_l_reg[6]/CK <<<     -     R     SDFFR_X1      68    -     1     0    1111    (-,-) 
#--------------------------------------------------------------------------------------------



Path 114: MET (954 ps) Setup Check with Pin exp_max_l_reg[2]/CK->D
           View: view_1p2_25
          Group: clock1
     Startpoint: (R) exp_max_l_reg[2]/CK
          Clock: (R) clock1
       Endpoint: (F) exp_max_l_reg[2]/D
          Clock: (R) clock1

                     Capture       Launch     
        Clock Edge:+    1111            0     
       Src Latency:+       0            0     
       Net Latency:+       0 (I)        0 (I) 
           Arrival:=    1111            0     
                                              
             Setup:-      79                  
       Uncertainty:-       0                  
     Required Time:=    1032                  
      Launch Clock:-       0                  
         Data Path:-      78                  
             Slack:=     954                  

Launch clock path:
#--------------------------------------------------------------------------------------------
#    Timing Point     Flags   Arc   Edge   Cell     Fanout Load Trans Delay Arrival Instance 
#                                                          (fF)  (ps)  (ps)   (ps)  Location 
#--------------------------------------------------------------------------------------------
  clk                 (i)     -     R     (arrival)     68  0.0     0     0       0    (-,-) 
  exp_max_l_reg[2]/CK <<<     -     R     SDFFR_X1      68    -     1     0       0    (-,-) 
#--------------------------------------------------------------------------------------------

#--------------------------------------------------------------------------------------------
#    Timing Point     Flags   Arc   Edge   Cell     Fanout Load Trans Delay Arrival Instance 
#                                                          (fF)  (ps)  (ps)   (ps)  Location 
#--------------------------------------------------------------------------------------------
  exp_max_l_reg[2]/CK -       -     R     (arrival)     68    -     1     0       0    (-,-) 
  exp_max_l_reg[2]/Q  -       CK->Q F     SDFFR_X1       4  5.2    16    78      78    (-,-) 
  exp_max_l_reg[2]/D  -       -     F     SDFFR_X1       4    -     -     0      78    (-,-) 
#--------------------------------------------------------------------------------------------

Capture clock path:
#--------------------------------------------------------------------------------------------
#    Timing Point     Flags   Arc   Edge   Cell     Fanout Load Trans Delay Arrival Instance 
#                                                          (fF)  (ps)  (ps)   (ps)  Location 
#--------------------------------------------------------------------------------------------
  clk                 (i)     -     R     (arrival)     68  0.0     0     0    1111    (-,-) 
  exp_max_l_reg[2]/CK <<<     -     R     SDFFR_X1      68    -     1     0    1111    (-,-) 
#--------------------------------------------------------------------------------------------



Path 115: MET (957 ps) Setup Check with Pin exp_max_l_reg[1]/CK->D
           View: view_1p2_25
          Group: clock1
     Startpoint: (R) exp_max_l_reg[1]/CK
          Clock: (R) clock1
       Endpoint: (F) exp_max_l_reg[1]/D
          Clock: (R) clock1

                     Capture       Launch     
        Clock Edge:+    1111            0     
       Src Latency:+       0            0     
       Net Latency:+       0 (I)        0 (I) 
           Arrival:=    1111            0     
                                              
             Setup:-      79                  
       Uncertainty:-       0                  
     Required Time:=    1032                  
      Launch Clock:-       0                  
         Data Path:-      75                  
             Slack:=     957                  

Launch clock path:
#--------------------------------------------------------------------------------------------
#    Timing Point     Flags   Arc   Edge   Cell     Fanout Load Trans Delay Arrival Instance 
#                                                          (fF)  (ps)  (ps)   (ps)  Location 
#--------------------------------------------------------------------------------------------
  clk                 (i)     -     R     (arrival)     68  0.0     0     0       0    (-,-) 
  exp_max_l_reg[1]/CK <<<     -     R     SDFFR_X1      68    -     1     0       0    (-,-) 
#--------------------------------------------------------------------------------------------

#--------------------------------------------------------------------------------------------
#    Timing Point     Flags   Arc   Edge   Cell     Fanout Load Trans Delay Arrival Instance 
#                                                          (fF)  (ps)  (ps)   (ps)  Location 
#--------------------------------------------------------------------------------------------
  exp_max_l_reg[1]/CK -       -     R     (arrival)     68    -     1     0       0    (-,-) 
  exp_max_l_reg[1]/Q  -       CK->Q F     SDFFR_X1       3  4.2    15    75      75    (-,-) 
  exp_max_l_reg[1]/D  -       -     F     SDFFR_X1       3    -     -     0      75    (-,-) 
#--------------------------------------------------------------------------------------------

Capture clock path:
#--------------------------------------------------------------------------------------------
#    Timing Point     Flags   Arc   Edge   Cell     Fanout Load Trans Delay Arrival Instance 
#                                                          (fF)  (ps)  (ps)   (ps)  Location 
#--------------------------------------------------------------------------------------------
  clk                 (i)     -     R     (arrival)     68  0.0     0     0    1111    (-,-) 
  exp_max_l_reg[1]/CK <<<     -     R     SDFFR_X1      68    -     1     0    1111    (-,-) 
#--------------------------------------------------------------------------------------------



Path 116: MET (960 ps) Setup Check with Pin start_l_reg/CK->SI
           View: view_1p2_25
          Group: clock1
     Startpoint: (R) start_l_reg/CK
          Clock: (R) clock1
       Endpoint: (F) start_l_reg/SI
          Clock: (R) clock1

                     Capture       Launch     
        Clock Edge:+    1111            0     
       Src Latency:+       0            0     
       Net Latency:+       0 (I)        0 (I) 
           Arrival:=    1111            0     
                                              
             Setup:-      86                  
       Uncertainty:-       0                  
     Required Time:=    1025                  
      Launch Clock:-       0                  
         Data Path:-      66                  
             Slack:=     960                  

Launch clock path:
#---------------------------------------------------------------------------------------
# Timing Point   Flags   Arc   Edge   Cell     Fanout Load Trans Delay Arrival Instance 
#                                                     (fF)  (ps)  (ps)   (ps)  Location 
#---------------------------------------------------------------------------------------
  clk            (i)     -     R     (arrival)     68  0.0     0     0       0    (-,-) 
  start_l_reg/CK <<<     -     R     SDFFR_X1      68    -     1     0       0    (-,-) 
#---------------------------------------------------------------------------------------

#---------------------------------------------------------------------------------------
# Timing Point   Flags   Arc   Edge   Cell     Fanout Load Trans Delay Arrival Instance 
#                                                     (fF)  (ps)  (ps)   (ps)  Location 
#---------------------------------------------------------------------------------------
  start_l_reg/CK -       -     R     (arrival)     68    -     1     0       0    (-,-) 
  start_l_reg/Q  -       CK->Q F     SDFFR_X1       1  1.1    11    66      66    (-,-) 
  start_l_reg/SI -       -     F     SDFFR_X1       1    -     -     0      66    (-,-) 
#---------------------------------------------------------------------------------------

Capture clock path:
#---------------------------------------------------------------------------------------
# Timing Point   Flags   Arc   Edge   Cell     Fanout Load Trans Delay Arrival Instance 
#                                                     (fF)  (ps)  (ps)   (ps)  Location 
#---------------------------------------------------------------------------------------
  clk            (i)     -     R     (arrival)     68  0.0     0     0    1111    (-,-) 
  start_l_reg/CK <<<     -     R     SDFFR_X1      68    -     1     0    1111    (-,-) 
#---------------------------------------------------------------------------------------



Path 117: MET (960 ps) Setup Check with Pin sign_shifted_l_reg/CK->D
           View: view_1p2_25
          Group: clock1
     Startpoint: (R) sign_shifted_l_reg/CK
          Clock: (R) clock1
       Endpoint: (F) sign_shifted_l_reg/D
          Clock: (R) clock1

                     Capture       Launch     
        Clock Edge:+    1111            0     
       Src Latency:+       0            0     
       Net Latency:+       0 (I)        0 (I) 
           Arrival:=    1111            0     
                                              
             Setup:-      78                  
       Uncertainty:-       0                  
     Required Time:=    1032                  
      Launch Clock:-       0                  
         Data Path:-      72                  
             Slack:=     960                  

Launch clock path:
#----------------------------------------------------------------------------------------------
#     Timing Point      Flags   Arc   Edge   Cell     Fanout Load Trans Delay Arrival Instance 
#                                                            (fF)  (ps)  (ps)   (ps)  Location 
#----------------------------------------------------------------------------------------------
  clk                   (i)     -     R     (arrival)     68  0.0     0     0       0    (-,-) 
  sign_shifted_l_reg/CK <<<     -     R     SDFFR_X1      68    -     1     0       0    (-,-) 
#----------------------------------------------------------------------------------------------

#----------------------------------------------------------------------------------------------
#     Timing Point      Flags   Arc   Edge   Cell     Fanout Load Trans Delay Arrival Instance 
#                                                            (fF)  (ps)  (ps)   (ps)  Location 
#----------------------------------------------------------------------------------------------
  sign_shifted_l_reg/CK -       -     R     (arrival)     68    -     1     0       0    (-,-) 
  sign_shifted_l_reg/Q  -       CK->Q F     SDFFR_X1       2  3.2    14    72      72    (-,-) 
  sign_shifted_l_reg/D  -       -     F     SDFFR_X1       2    -     -     0      72    (-,-) 
#----------------------------------------------------------------------------------------------

Capture clock path:
#----------------------------------------------------------------------------------------------
#     Timing Point      Flags   Arc   Edge   Cell     Fanout Load Trans Delay Arrival Instance 
#                                                            (fF)  (ps)  (ps)   (ps)  Location 
#----------------------------------------------------------------------------------------------
  clk                   (i)     -     R     (arrival)     68  0.0     0     0    1111    (-,-) 
  sign_shifted_l_reg/CK <<<     -     R     SDFFR_X1      68    -     1     0    1111    (-,-) 
#----------------------------------------------------------------------------------------------



Path 118: MET (960 ps) Setup Check with Pin sign_not_shifted_l_reg/CK->D
           View: view_1p2_25
          Group: clock1
     Startpoint: (R) sign_not_shifted_l_reg/CK
          Clock: (R) clock1
       Endpoint: (F) sign_not_shifted_l_reg/D
          Clock: (R) clock1

                     Capture       Launch     
        Clock Edge:+    1111            0     
       Src Latency:+       0            0     
       Net Latency:+       0 (I)        0 (I) 
           Arrival:=    1111            0     
                                              
             Setup:-      78                  
       Uncertainty:-       0                  
     Required Time:=    1032                  
      Launch Clock:-       0                  
         Data Path:-      72                  
             Slack:=     960                  

Launch clock path:
#--------------------------------------------------------------------------------------------------
#       Timing Point        Flags   Arc   Edge   Cell     Fanout Load Trans Delay Arrival Instance 
#                                                                (fF)  (ps)  (ps)   (ps)  Location 
#--------------------------------------------------------------------------------------------------
  clk                       (i)     -     R     (arrival)     68  0.0     0     0       0    (-,-) 
  sign_not_shifted_l_reg/CK <<<     -     R     SDFFR_X1      68    -     1     0       0    (-,-) 
#--------------------------------------------------------------------------------------------------

#--------------------------------------------------------------------------------------------------
#       Timing Point        Flags   Arc   Edge   Cell     Fanout Load Trans Delay Arrival Instance 
#                                                                (fF)  (ps)  (ps)   (ps)  Location 
#--------------------------------------------------------------------------------------------------
  sign_not_shifted_l_reg/CK -       -     R     (arrival)     68    -     1     0       0    (-,-) 
  sign_not_shifted_l_reg/Q  -       CK->Q F     SDFFR_X1       2  3.1    14    72      72    (-,-) 
  sign_not_shifted_l_reg/D  -       -     F     SDFFR_X1       2    -     -     0      72    (-,-) 
#--------------------------------------------------------------------------------------------------

Capture clock path:
#--------------------------------------------------------------------------------------------------
#       Timing Point        Flags   Arc   Edge   Cell     Fanout Load Trans Delay Arrival Instance 
#                                                                (fF)  (ps)  (ps)   (ps)  Location 
#--------------------------------------------------------------------------------------------------
  clk                       (i)     -     R     (arrival)     68  0.0     0     0    1111    (-,-) 
  sign_not_shifted_l_reg/CK <<<     -     R     SDFFR_X1      68    -     1     0    1111    (-,-) 
#--------------------------------------------------------------------------------------------------



Path 119: MET (983 ps) Setup Check with Pin exp_max_l_reg[7]/CK->D
           View: view_1p2_25
          Group: clock1
     Startpoint: (F) fp2_in[30]
          Clock: (R) clock1
       Endpoint: (F) exp_max_l_reg[7]/D
          Clock: (R) clock1

                     Capture       Launch     
        Clock Edge:+    1111            0     
        Drv Adjust:+       0            0     
       Src Latency:+       0            0     
       Net Latency:+       0 (I)        0 (I) 
           Arrival:=    1111            0     
                                              
             Setup:-      77                  
       Uncertainty:-       0                  
     Required Time:=    1034                  
      Launch Clock:-       0                  
       Input Delay:-       1                  
         Data Path:-      49                  
             Slack:=     983                  

Exceptions/Constraints:
  input_delay              1              add_fp16.sdc_line_16_37_1   

#--------------------------------------------------------------------------------------------
#   Timing Point     Flags    Arc   Edge   Cell     Fanout Load Trans Delay Arrival Instance 
#                                                          (fF)  (ps)  (ps)   (ps)  Location 
#--------------------------------------------------------------------------------------------
  fp2_in[30]         -       -      F     (arrival)      6 10.4     0     0       1    (-,-) 
  g32971/ZN          -       A2->ZN F     OR2_X1         2  3.2    11    49      50    (-,-) 
  exp_max_l_reg[7]/D -       -      F     SDFFR_X1       2    -     -     0      50    (-,-) 
#--------------------------------------------------------------------------------------------

Capture clock path:
#--------------------------------------------------------------------------------------------
#    Timing Point     Flags   Arc   Edge   Cell     Fanout Load Trans Delay Arrival Instance 
#                                                          (fF)  (ps)  (ps)   (ps)  Location 
#--------------------------------------------------------------------------------------------
  clk                 (i)     -     R     (arrival)     68  0.0     0     0    1111    (-,-) 
  exp_max_l_reg[7]/CK <<<     -     R     SDFFR_X1      68    -     1     0    1111    (-,-) 
#--------------------------------------------------------------------------------------------



Path 120: MET (1001 ps) Late External Delay Assertion at pin done
           View: view_1p2_25
          Group: clock1
     Startpoint: (R) start_l_reg/CK
          Clock: (R) clock1
       Endpoint: (R) done
          Clock: (R) clock1

                     Capture       Launch     
        Clock Edge:+    1111            0     
       Src Latency:+       0            0     
       Net Latency:+       0 (I)        0 (I) 
           Arrival:=    1111            0     
                                              
      Output Delay:-       1                  
       Uncertainty:-       0                  
     Required Time:=    1110                  
      Launch Clock:-       0                  
         Data Path:-     109                  
             Slack:=    1001                  

Exceptions/Constraints:
  output_delay              1              add_fp16.sdc_line_17_98_1   

Launch clock path:
#---------------------------------------------------------------------------------------
# Timing Point   Flags   Arc   Edge   Cell     Fanout Load Trans Delay Arrival Instance 
#                                                     (fF)  (ps)  (ps)   (ps)  Location 
#---------------------------------------------------------------------------------------
  clk            (i)     -     R     (arrival)     68  0.0     0     0       0    (-,-) 
  start_l_reg/CK <<<     -     R     SDFFR_X1      68    -     1     0       0    (-,-) 
#---------------------------------------------------------------------------------------

#-----------------------------------------------------------------------------------------
#  Timing Point   Flags    Arc   Edge   Cell     Fanout Load Trans Delay Arrival Instance 
#                                                       (fF)  (ps)  (ps)   (ps)  Location 
#-----------------------------------------------------------------------------------------
  start_l_reg/CK  -       -      R     (arrival)     68    -     1     0       0    (-,-) 
  start_l_reg/QN  -       CK->QN F     SDFFR_X1       1  1.7     8    94      94    (-,-) 
  g46656__6260/ZN -       A1->ZN R     NOR2_X1        1  0.3     9    15     109    (-,-) 
  done            -       -      R     (port)         -    -     -     0     109    (-,-) 
#-----------------------------------------------------------------------------------------



Path 121: MET (1027 ps) Setup Check with Pin start_l_reg/CK->SE
           View: view_1p2_25
          Group: clock1
     Startpoint: (R) stall
          Clock: (R) clock1
       Endpoint: (R) start_l_reg/SE
          Clock: (R) clock1

                     Capture       Launch     
        Clock Edge:+    1111            0     
        Drv Adjust:+       0            0     
       Src Latency:+       0            0     
       Net Latency:+       0 (I)        0 (I) 
           Arrival:=    1111            0     
                                              
             Setup:-      83                  
       Uncertainty:-       0                  
     Required Time:=    1028                  
      Launch Clock:-       0                  
       Input Delay:-       1                  
         Data Path:-       0                  
             Slack:=    1027                  

Exceptions/Constraints:
  input_delay              1              add_fp16.sdc_line_16_2_1   

#---------------------------------------------------------------------------------------
# Timing Point   Flags   Arc   Edge   Cell     Fanout Load Trans Delay Arrival Instance 
#                                                     (fF)  (ps)  (ps)   (ps)  Location 
#---------------------------------------------------------------------------------------
  stall          -       -     R     (arrival)     47 89.5     0     0       1    (-,-) 
  start_l_reg/SE -       -     R     SDFFR_X1      47    -     -     0       1    (-,-) 
#---------------------------------------------------------------------------------------

Capture clock path:
#---------------------------------------------------------------------------------------
# Timing Point   Flags   Arc   Edge   Cell     Fanout Load Trans Delay Arrival Instance 
#                                                     (fF)  (ps)  (ps)   (ps)  Location 
#---------------------------------------------------------------------------------------
  clk            (i)     -     R     (arrival)     68  0.0     0     0    1111    (-,-) 
  start_l_reg/CK <<<     -     R     SDFFR_X1      68    -     1     0    1111    (-,-) 
#---------------------------------------------------------------------------------------



Path 122: MET (1027 ps) Setup Check with Pin exp_max_l_reg[7]/CK->SE
           View: view_1p2_25
          Group: clock1
     Startpoint: (R) stall
          Clock: (R) clock1
       Endpoint: (R) exp_max_l_reg[7]/SE
          Clock: (R) clock1

                     Capture       Launch     
        Clock Edge:+    1111            0     
        Drv Adjust:+       0            0     
       Src Latency:+       0            0     
       Net Latency:+       0 (I)        0 (I) 
           Arrival:=    1111            0     
                                              
             Setup:-      83                  
       Uncertainty:-       0                  
     Required Time:=    1028                  
      Launch Clock:-       0                  
       Input Delay:-       1                  
         Data Path:-       0                  
             Slack:=    1027                  

Exceptions/Constraints:
  input_delay              1              add_fp16.sdc_line_16_2_1   

#--------------------------------------------------------------------------------------------
#    Timing Point     Flags   Arc   Edge   Cell     Fanout Load Trans Delay Arrival Instance 
#                                                          (fF)  (ps)  (ps)   (ps)  Location 
#--------------------------------------------------------------------------------------------
  stall               -       -     R     (arrival)     47 89.5     0     0       1    (-,-) 
  exp_max_l_reg[7]/SE -       -     R     SDFFR_X1      47    -     -     0       1    (-,-) 
#--------------------------------------------------------------------------------------------

Capture clock path:
#--------------------------------------------------------------------------------------------
#    Timing Point     Flags   Arc   Edge   Cell     Fanout Load Trans Delay Arrival Instance 
#                                                          (fF)  (ps)  (ps)   (ps)  Location 
#--------------------------------------------------------------------------------------------
  clk                 (i)     -     R     (arrival)     68  0.0     0     0    1111    (-,-) 
  exp_max_l_reg[7]/CK <<<     -     R     SDFFR_X1      68    -     1     0    1111    (-,-) 
#--------------------------------------------------------------------------------------------



Path 123: MET (1037 ps) Setup Check with Pin start_l_reg/CK->D
           View: view_1p2_25
          Group: clock1
     Startpoint: (F) start
          Clock: (R) clock1
       Endpoint: (F) start_l_reg/D
          Clock: (R) clock1

                     Capture       Launch     
        Clock Edge:+    1111            0     
        Drv Adjust:+       0            0     
       Src Latency:+       0            0     
       Net Latency:+       0 (I)        0 (I) 
           Arrival:=    1111            0     
                                              
             Setup:-      73                  
       Uncertainty:-       0                  
     Required Time:=    1038                  
      Launch Clock:-       0                  
       Input Delay:-       1                  
         Data Path:-       0                  
             Slack:=    1037                  

Exceptions/Constraints:
  input_delay              1              add_fp16.sdc_line_16_1_1   

#---------------------------------------------------------------------------------------
# Timing Point   Flags   Arc   Edge   Cell     Fanout Load Trans Delay Arrival Instance 
#                                                     (fF)  (ps)  (ps)   (ps)  Location 
#---------------------------------------------------------------------------------------
  start          -       -     F     (arrival)      1  1.4     0     0       1    (-,-) 
  start_l_reg/D  -       -     F     SDFFR_X1       1    -     -     0       1    (-,-) 
#---------------------------------------------------------------------------------------

Capture clock path:
#---------------------------------------------------------------------------------------
# Timing Point   Flags   Arc   Edge   Cell     Fanout Load Trans Delay Arrival Instance 
#                                                     (fF)  (ps)  (ps)   (ps)  Location 
#---------------------------------------------------------------------------------------
  clk            (i)     -     R     (arrival)     68  0.0     0     0    1111    (-,-) 
  start_l_reg/CK <<<     -     R     SDFFR_X1      68    -     1     0    1111    (-,-) 
#---------------------------------------------------------------------------------------


