============================================================
  Generated by:           Genus(TM) Synthesis Solution 25.11-s095_1
  Generated on:           Jan 23 2026  04:42:14 pm
  Module:                 add4_fp16
  Operating conditions:   PVT_1P2V_25C 
  Interconnect mode:      global
  Area mode:              physical library
============================================================


Path 1: VIOLATED (-837 ps) Setup Check with Pin u_sum_smaller_mantissa_l_reg[6]/CLK->D
           View: view_1p2_25
          Group: clock1
     Startpoint: (R) u_ab_smaller_mantissa_l_reg[6]/CLK
          Clock: (R) clock1
       Endpoint: (F) u_sum_smaller_mantissa_l_reg[6]/D
          Clock: (R) clock1

                     Capture       Launch     
        Clock Edge:+    1667            0     
       Src Latency:+       0            0     
       Net Latency:+       0 (I)        0 (I) 
           Arrival:=    1667            0     
                                              
             Setup:-     143                  
       Uncertainty:-       0                  
     Required Time:=    1524                  
      Launch Clock:-       0                  
         Data Path:-    2360                  
             Slack:=    -837                  

Launch clock path:
#-----------------------------------------------------------------------------------------------------------
#           Timing Point             Flags   Arc   Edge   Cell     Fanout Load Trans Delay Arrival Instance 
#                                                                         (fF)  (ps)  (ps)   (ps)  Location 
#-----------------------------------------------------------------------------------------------------------
  clk                                (i)     -     R     (arrival)    143  0.0     1     0       0    (-,-) 
  u_ab_smaller_mantissa_l_reg[6]/CLK <<<     -     R     dffrq_1x     143    -     1     0       0    (-,-) 
#-----------------------------------------------------------------------------------------------------------

#------------------------------------------------------------------------------------------------------------
#           Timing Point             Flags    Arc   Edge   Cell     Fanout Load Trans Delay Arrival Instance 
#                                                                          (fF)  (ps)  (ps)   (ps)  Location 
#------------------------------------------------------------------------------------------------------------
  u_ab_smaller_mantissa_l_reg[6]/CLK -       -      R     (arrival)    143    -     1     0       0    (-,-) 
  u_ab_smaller_mantissa_l_reg[6]/Q   -       CLK->Q R     dffrq_1x       1  6.1    48   176     176    (-,-) 
  g120530/X                          -       A->X   F     inv_2x         3 13.8    30    36     211    (-,-) 
  g117867/X                          -       A->X   R     inv_2x         1  9.8    29    29     240    (-,-) 
  g120527/X                          -       A->X   F     nand2_4x       2 13.0    27    29     269    (-,-) 
  g120526/X                          -       A->X   R     nand2_4x       3 17.9    44    37     306    (-,-) 
  g118656/X                          -       A->X   F     inv_4x         2 14.7    22    26     333    (-,-) 
  g83/X                              -       A->X   R     nand2_4x       1 10.0    31    27     360    (-,-) 
  g125992/X                          -       C->X   F     aoi21_4x       1  9.8    28    32     392    (-,-) 
  g125991/X                          -       A->X   R     nand2_4x       3 24.5    57    45     436    (-,-) 
  g125995/X                          -       A->X   F     aoi21_4x       2 16.6    37    43     479    (-,-) 
  g120/X                             -       A->X   R     oai21_4x       3 14.8    56    50     529    (-,-) 
  g690/X                             -       A->X   F     nand2_2x       1  5.3    30    32     560    (-,-) 
  g125638/X                          -       A->X   R     nand2_2x       1  9.3    47    38     599    (-,-) 
  g126080/X                          -       A->X   F     nand3_4x       2  9.8    34    37     636    (-,-) 
  g126078/X                          -       B->X   R     nand2_2x       2 12.7    56    50     686    (-,-) 
  fopt125483/X                       -       A->X   R     buf_2x         2  8.4    27    56     742    (-,-) 
  g125227/X                          -       B->X   F     nand2_2x       2  6.9    27    33     775    (-,-) 
  g118305/X                          -       C->X   R     oai21_2x       1  5.1    61    45     820    (-,-) 
  g118429/X                          -       C->X   F     aoi21_2x       1  3.4    41    48     868    (-,-) 
  g18/X                              -       A->X   F     and2_1x        1  5.0    26    60     928    (-,-) 
  g17/X                              -       C->X   R     nand3_2x       1  6.1    43    40     968    (-,-) 
  g124985/X                          -       A->X   F     inv_2x         1  9.3    23    28     997    (-,-) 
  g352/X                             -       B->X   R     nand3_4x       2 11.7    42    36    1033    (-,-) 
  g125996/X                          -       B->X   F     nand3_4x       1  9.8    33    44    1077    (-,-) 
  g126362/X                          -       A->X   R     nand2_4x       3 13.7    40    35    1112    (-,-) 
  g125796/X                          -       A->X   F     inv_2x         1 11.1    24    30    1142    (-,-) 
  g335/X                             -       B->X   R     oai21_4x       1 10.9    45    45    1186    (-,-) 
  g121510/X                          -       A->X   F     inv_4x         3 22.3    26    32    1218    (-,-) 
  g125784/X                          -       A->X   R     oai21_2x       1  6.1    65    42    1260    (-,-) 
  g108/X                             -       A->X   F     inv_2x         1  9.3    29    33    1293    (-,-) 
  g125723/X                          -       A->X   R     nand3_4x       2 14.9    49    39    1332    (-,-) 
  fopt725/X                          -       A->X   F     inv_2x         2 12.1    28    33    1366    (-,-) 
  g701/X                             -       A->X   R     nand2_4x       3 23.0    52    43    1409    (-,-) 
  g125021/X                          -       A->X   F     nand3_4x       1  9.0    34    38    1446    (-,-) 
  g125020/X                          -       B->X   R     nand2_4x       4 20.9    50    46    1492    (-,-) 
  g124561/X                          -       A->X   F     nand3_4x       1  9.8    35    38    1531    (-,-) 
  g125799/X                          -       A->X   R     nand2_4x       1 16.0    41    38    1568    (-,-) 
  fopt38/X                           -       A->X   F     inv_6x         3 36.7    26    32    1600    (-,-) 
  fopt125801/X                       -       A->X   R     inv_6x         4 27.5    28    28    1628    (-,-) 
  fopt36/X                           -       A->X   F     inv_4x         3 15.7    18    23    1651    (-,-) 
  g125800/X                          -       A->X   R     nand2_4x       1  9.6    31    25    1677    (-,-) 
  g121430/X                          -       C->X   F     oai21_4x       4 24.0    47    53    1729    (-,-) 
  g114203__123809/X                  -       A->X   R     nor2_4x        6 31.3    90    72    1801    (-,-) 
  g125150/X                          -       B->X   F     nand2_4x       1 21.1    42    58    1859    (-,-) 
  g126129/X                          -       A->X   R     inv_8x         9 48.7    38    37    1896    (-,-) 
  g126127/X                          -       B->X   F     nand2_2x       2  9.8    34    42    1938    (-,-) 
  g46_0/X                            -       B->X   R     nand2_2x       1  6.1    35    36    1974    (-,-) 
  g125006/X                          -       A->X   F     inv_2x         1  6.0    17    22    1996    (-,-) 
  g125005/X                          -       A0->X  R     aoi22_2x       1  5.2    58    43    2039    (-,-) 
  g121028/X                          -       B->X   F     nand2_2x       1 10.3    36    49    2088    (-,-) 
  g125981/X                          -       C->X   R     aoi21_4x       2 11.0    52    54    2141    (-,-) 
  g124520/X                          -       A->X   F     oai21_2x       2 12.6    48    48    2190    (-,-) 
  g124519/X                          -       A->X   R     nand2_4x       1 16.0    44    42    2231    (-,-) 
  g75/X                              -       A->X   F     inv_6x        22 68.5    40    45    2277    (-,-) 
  g114045__8428/X                    -       B->X   R     aoi21_1x       1  3.3    57    51    2327    (-,-) 
  g114004__8246/X                    -       A->X   F     nand2_1x       1  2.7    30    33    2360    (-,-) 
  u_sum_smaller_mantissa_l_reg[6]/D  -       -      F     dffrq_1x       1    -     -     0    2360    (-,-) 
#------------------------------------------------------------------------------------------------------------

Capture clock path:
#------------------------------------------------------------------------------------------------------------
#            Timing Point             Flags   Arc   Edge   Cell     Fanout Load Trans Delay Arrival Instance 
#                                                                          (fF)  (ps)  (ps)   (ps)  Location 
#------------------------------------------------------------------------------------------------------------
  clk                                 (i)     -     R     (arrival)    143  0.0     1     0    1667    (-,-) 
  u_sum_smaller_mantissa_l_reg[6]/CLK <<<     -     R     dffrq_1x     143    -     1     0    1667    (-,-) 
#------------------------------------------------------------------------------------------------------------



Path 2: VIOLATED (-837 ps) Setup Check with Pin u_sum_smaller_mantissa_l_reg[11]/CLK->D
           View: view_1p2_25
          Group: clock1
     Startpoint: (R) u_ab_smaller_mantissa_l_reg[6]/CLK
          Clock: (R) clock1
       Endpoint: (F) u_sum_smaller_mantissa_l_reg[11]/D
          Clock: (R) clock1

                     Capture       Launch     
        Clock Edge:+    1667            0     
       Src Latency:+       0            0     
       Net Latency:+       0 (I)        0 (I) 
           Arrival:=    1667            0     
                                              
             Setup:-     143                  
       Uncertainty:-       0                  
     Required Time:=    1524                  
      Launch Clock:-       0                  
         Data Path:-    2360                  
             Slack:=    -837                  

Launch clock path:
#-----------------------------------------------------------------------------------------------------------
#           Timing Point             Flags   Arc   Edge   Cell     Fanout Load Trans Delay Arrival Instance 
#                                                                         (fF)  (ps)  (ps)   (ps)  Location 
#-----------------------------------------------------------------------------------------------------------
  clk                                (i)     -     R     (arrival)    143  0.0     1     0       0    (-,-) 
  u_ab_smaller_mantissa_l_reg[6]/CLK <<<     -     R     dffrq_1x     143    -     1     0       0    (-,-) 
#-----------------------------------------------------------------------------------------------------------

#------------------------------------------------------------------------------------------------------------
#           Timing Point             Flags    Arc   Edge   Cell     Fanout Load Trans Delay Arrival Instance 
#                                                                          (fF)  (ps)  (ps)   (ps)  Location 
#------------------------------------------------------------------------------------------------------------
  u_ab_smaller_mantissa_l_reg[6]/CLK -       -      R     (arrival)    143    -     1     0       0    (-,-) 
  u_ab_smaller_mantissa_l_reg[6]/Q   -       CLK->Q R     dffrq_1x       1  6.1    48   176     176    (-,-) 
  g120530/X                          -       A->X   F     inv_2x         3 13.8    30    36     211    (-,-) 
  g117867/X                          -       A->X   R     inv_2x         1  9.8    29    29     240    (-,-) 
  g120527/X                          -       A->X   F     nand2_4x       2 13.0    27    29     269    (-,-) 
  g120526/X                          -       A->X   R     nand2_4x       3 17.9    44    37     306    (-,-) 
  g118656/X                          -       A->X   F     inv_4x         2 14.7    22    26     333    (-,-) 
  g83/X                              -       A->X   R     nand2_4x       1 10.0    31    27     360    (-,-) 
  g125992/X                          -       C->X   F     aoi21_4x       1  9.8    28    32     392    (-,-) 
  g125991/X                          -       A->X   R     nand2_4x       3 24.5    57    45     436    (-,-) 
  g125995/X                          -       A->X   F     aoi21_4x       2 16.6    37    43     479    (-,-) 
  g120/X                             -       A->X   R     oai21_4x       3 14.8    56    50     529    (-,-) 
  g690/X                             -       A->X   F     nand2_2x       1  5.3    30    32     560    (-,-) 
  g125638/X                          -       A->X   R     nand2_2x       1  9.3    47    38     599    (-,-) 
  g126080/X                          -       A->X   F     nand3_4x       2  9.8    34    37     636    (-,-) 
  g126078/X                          -       B->X   R     nand2_2x       2 12.7    56    50     686    (-,-) 
  fopt125483/X                       -       A->X   R     buf_2x         2  8.4    27    56     742    (-,-) 
  g125227/X                          -       B->X   F     nand2_2x       2  6.9    27    33     775    (-,-) 
  g118305/X                          -       C->X   R     oai21_2x       1  5.1    61    45     820    (-,-) 
  g118429/X                          -       C->X   F     aoi21_2x       1  3.4    41    48     868    (-,-) 
  g18/X                              -       A->X   F     and2_1x        1  5.0    26    60     928    (-,-) 
  g17/X                              -       C->X   R     nand3_2x       1  6.1    43    40     968    (-,-) 
  g124985/X                          -       A->X   F     inv_2x         1  9.3    23    28     997    (-,-) 
  g352/X                             -       B->X   R     nand3_4x       2 11.7    42    36    1033    (-,-) 
  g125996/X                          -       B->X   F     nand3_4x       1  9.8    33    44    1077    (-,-) 
  g126362/X                          -       A->X   R     nand2_4x       3 13.7    40    35    1112    (-,-) 
  g125796/X                          -       A->X   F     inv_2x         1 11.1    24    30    1142    (-,-) 
  g335/X                             -       B->X   R     oai21_4x       1 10.9    45    45    1186    (-,-) 
  g121510/X                          -       A->X   F     inv_4x         3 22.3    26    32    1218    (-,-) 
  g125784/X                          -       A->X   R     oai21_2x       1  6.1    65    42    1260    (-,-) 
  g108/X                             -       A->X   F     inv_2x         1  9.3    29    33    1293    (-,-) 
  g125723/X                          -       A->X   R     nand3_4x       2 14.9    49    39    1332    (-,-) 
  fopt725/X                          -       A->X   F     inv_2x         2 12.1    28    33    1366    (-,-) 
  g701/X                             -       A->X   R     nand2_4x       3 23.0    52    43    1409    (-,-) 
  g125021/X                          -       A->X   F     nand3_4x       1  9.0    34    38    1446    (-,-) 
  g125020/X                          -       B->X   R     nand2_4x       4 20.9    50    46    1492    (-,-) 
  g124561/X                          -       A->X   F     nand3_4x       1  9.8    35    38    1531    (-,-) 
  g125799/X                          -       A->X   R     nand2_4x       1 16.0    41    38    1568    (-,-) 
  fopt38/X                           -       A->X   F     inv_6x         3 36.7    26    32    1600    (-,-) 
  fopt125801/X                       -       A->X   R     inv_6x         4 27.5    28    28    1628    (-,-) 
  fopt36/X                           -       A->X   F     inv_4x         3 15.7    18    23    1651    (-,-) 
  g125800/X                          -       A->X   R     nand2_4x       1  9.6    31    25    1677    (-,-) 
  g121430/X                          -       C->X   F     oai21_4x       4 24.0    47    53    1729    (-,-) 
  g114203__123809/X                  -       A->X   R     nor2_4x        6 31.3    90    72    1801    (-,-) 
  g125150/X                          -       B->X   F     nand2_4x       1 21.1    42    58    1859    (-,-) 
  g126129/X                          -       A->X   R     inv_8x         9 48.7    38    37    1896    (-,-) 
  g126127/X                          -       B->X   F     nand2_2x       2  9.8    34    42    1938    (-,-) 
  g46_0/X                            -       B->X   R     nand2_2x       1  6.1    35    36    1974    (-,-) 
  g125006/X                          -       A->X   F     inv_2x         1  6.0    17    22    1996    (-,-) 
  g125005/X                          -       A0->X  R     aoi22_2x       1  5.2    58    43    2039    (-,-) 
  g121028/X                          -       B->X   F     nand2_2x       1 10.3    36    49    2088    (-,-) 
  g125981/X                          -       C->X   R     aoi21_4x       2 11.0    52    54    2141    (-,-) 
  g124520/X                          -       A->X   F     oai21_2x       2 12.6    48    48    2190    (-,-) 
  g124519/X                          -       A->X   R     nand2_4x       1 16.0    44    42    2231    (-,-) 
  g75/X                              -       A->X   F     inv_6x        22 68.5    40    45    2277    (-,-) 
  g114046__5526/X                    -       B->X   R     aoi21_1x       1  3.3    57    51    2327    (-,-) 
  g114005__7098/X                    -       A->X   F     nand2_1x       1  2.7    30    33    2360    (-,-) 
  u_sum_smaller_mantissa_l_reg[11]/D -       -      F     dffrq_1x       1    -     -     0    2360    (-,-) 
#------------------------------------------------------------------------------------------------------------

Capture clock path:
#-------------------------------------------------------------------------------------------------------------
#            Timing Point              Flags   Arc   Edge   Cell     Fanout Load Trans Delay Arrival Instance 
#                                                                           (fF)  (ps)  (ps)   (ps)  Location 
#-------------------------------------------------------------------------------------------------------------
  clk                                  (i)     -     R     (arrival)    143  0.0     1     0    1667    (-,-) 
  u_sum_smaller_mantissa_l_reg[11]/CLK <<<     -     R     dffrq_1x     143    -     1     0    1667    (-,-) 
#-------------------------------------------------------------------------------------------------------------



Path 3: VIOLATED (-837 ps) Setup Check with Pin u_sum_smaller_mantissa_l_reg[10]/CLK->D
           View: view_1p2_25
          Group: clock1
     Startpoint: (R) u_ab_smaller_mantissa_l_reg[6]/CLK
          Clock: (R) clock1
       Endpoint: (F) u_sum_smaller_mantissa_l_reg[10]/D
          Clock: (R) clock1

                     Capture       Launch     
        Clock Edge:+    1667            0     
       Src Latency:+       0            0     
       Net Latency:+       0 (I)        0 (I) 
           Arrival:=    1667            0     
                                              
             Setup:-     143                  
       Uncertainty:-       0                  
     Required Time:=    1524                  
      Launch Clock:-       0                  
         Data Path:-    2360                  
             Slack:=    -837                  

Launch clock path:
#-----------------------------------------------------------------------------------------------------------
#           Timing Point             Flags   Arc   Edge   Cell     Fanout Load Trans Delay Arrival Instance 
#                                                                         (fF)  (ps)  (ps)   (ps)  Location 
#-----------------------------------------------------------------------------------------------------------
  clk                                (i)     -     R     (arrival)    143  0.0     1     0       0    (-,-) 
  u_ab_smaller_mantissa_l_reg[6]/CLK <<<     -     R     dffrq_1x     143    -     1     0       0    (-,-) 
#-----------------------------------------------------------------------------------------------------------

#------------------------------------------------------------------------------------------------------------
#           Timing Point             Flags    Arc   Edge   Cell     Fanout Load Trans Delay Arrival Instance 
#                                                                          (fF)  (ps)  (ps)   (ps)  Location 
#------------------------------------------------------------------------------------------------------------
  u_ab_smaller_mantissa_l_reg[6]/CLK -       -      R     (arrival)    143    -     1     0       0    (-,-) 
  u_ab_smaller_mantissa_l_reg[6]/Q   -       CLK->Q R     dffrq_1x       1  6.1    48   176     176    (-,-) 
  g120530/X                          -       A->X   F     inv_2x         3 13.8    30    36     211    (-,-) 
  g117867/X                          -       A->X   R     inv_2x         1  9.8    29    29     240    (-,-) 
  g120527/X                          -       A->X   F     nand2_4x       2 13.0    27    29     269    (-,-) 
  g120526/X                          -       A->X   R     nand2_4x       3 17.9    44    37     306    (-,-) 
  g118656/X                          -       A->X   F     inv_4x         2 14.7    22    26     333    (-,-) 
  g83/X                              -       A->X   R     nand2_4x       1 10.0    31    27     360    (-,-) 
  g125992/X                          -       C->X   F     aoi21_4x       1  9.8    28    32     392    (-,-) 
  g125991/X                          -       A->X   R     nand2_4x       3 24.5    57    45     436    (-,-) 
  g125995/X                          -       A->X   F     aoi21_4x       2 16.6    37    43     479    (-,-) 
  g120/X                             -       A->X   R     oai21_4x       3 14.8    56    50     529    (-,-) 
  g690/X                             -       A->X   F     nand2_2x       1  5.3    30    32     560    (-,-) 
  g125638/X                          -       A->X   R     nand2_2x       1  9.3    47    38     599    (-,-) 
  g126080/X                          -       A->X   F     nand3_4x       2  9.8    34    37     636    (-,-) 
  g126078/X                          -       B->X   R     nand2_2x       2 12.7    56    50     686    (-,-) 
  fopt125483/X                       -       A->X   R     buf_2x         2  8.4    27    56     742    (-,-) 
  g125227/X                          -       B->X   F     nand2_2x       2  6.9    27    33     775    (-,-) 
  g118305/X                          -       C->X   R     oai21_2x       1  5.1    61    45     820    (-,-) 
  g118429/X                          -       C->X   F     aoi21_2x       1  3.4    41    48     868    (-,-) 
  g18/X                              -       A->X   F     and2_1x        1  5.0    26    60     928    (-,-) 
  g17/X                              -       C->X   R     nand3_2x       1  6.1    43    40     968    (-,-) 
  g124985/X                          -       A->X   F     inv_2x         1  9.3    23    28     997    (-,-) 
  g352/X                             -       B->X   R     nand3_4x       2 11.7    42    36    1033    (-,-) 
  g125996/X                          -       B->X   F     nand3_4x       1  9.8    33    44    1077    (-,-) 
  g126362/X                          -       A->X   R     nand2_4x       3 13.7    40    35    1112    (-,-) 
  g125796/X                          -       A->X   F     inv_2x         1 11.1    24    30    1142    (-,-) 
  g335/X                             -       B->X   R     oai21_4x       1 10.9    45    45    1186    (-,-) 
  g121510/X                          -       A->X   F     inv_4x         3 22.3    26    32    1218    (-,-) 
  g125784/X                          -       A->X   R     oai21_2x       1  6.1    65    42    1260    (-,-) 
  g108/X                             -       A->X   F     inv_2x         1  9.3    29    33    1293    (-,-) 
  g125723/X                          -       A->X   R     nand3_4x       2 14.9    49    39    1332    (-,-) 
  fopt725/X                          -       A->X   F     inv_2x         2 12.1    28    33    1366    (-,-) 
  g701/X                             -       A->X   R     nand2_4x       3 23.0    52    43    1409    (-,-) 
  g125021/X                          -       A->X   F     nand3_4x       1  9.0    34    38    1446    (-,-) 
  g125020/X                          -       B->X   R     nand2_4x       4 20.9    50    46    1492    (-,-) 
  g124561/X                          -       A->X   F     nand3_4x       1  9.8    35    38    1531    (-,-) 
  g125799/X                          -       A->X   R     nand2_4x       1 16.0    41    38    1568    (-,-) 
  fopt38/X                           -       A->X   F     inv_6x         3 36.7    26    32    1600    (-,-) 
  fopt125801/X                       -       A->X   R     inv_6x         4 27.5    28    28    1628    (-,-) 
  fopt36/X                           -       A->X   F     inv_4x         3 15.7    18    23    1651    (-,-) 
  g125800/X                          -       A->X   R     nand2_4x       1  9.6    31    25    1677    (-,-) 
  g121430/X                          -       C->X   F     oai21_4x       4 24.0    47    53    1729    (-,-) 
  g114203__123809/X                  -       A->X   R     nor2_4x        6 31.3    90    72    1801    (-,-) 
  g125150/X                          -       B->X   F     nand2_4x       1 21.1    42    58    1859    (-,-) 
  g126129/X                          -       A->X   R     inv_8x         9 48.7    38    37    1896    (-,-) 
  g126127/X                          -       B->X   F     nand2_2x       2  9.8    34    42    1938    (-,-) 
  g46_0/X                            -       B->X   R     nand2_2x       1  6.1    35    36    1974    (-,-) 
  g125006/X                          -       A->X   F     inv_2x         1  6.0    17    22    1996    (-,-) 
  g125005/X                          -       A0->X  R     aoi22_2x       1  5.2    58    43    2039    (-,-) 
  g121028/X                          -       B->X   F     nand2_2x       1 10.3    36    49    2088    (-,-) 
  g125981/X                          -       C->X   R     aoi21_4x       2 11.0    52    54    2141    (-,-) 
  g124520/X                          -       A->X   F     oai21_2x       2 12.6    48    48    2190    (-,-) 
  g124519/X                          -       A->X   R     nand2_4x       1 16.0    44    42    2231    (-,-) 
  g75/X                              -       A->X   F     inv_6x        22 68.5    40    45    2277    (-,-) 
  g114041__2398/X                    -       B->X   R     aoi21_1x       1  3.3    57    51    2327    (-,-) 
  g114000__1617/X                    -       A->X   F     nand2_1x       1  2.7    30    33    2360    (-,-) 
  u_sum_smaller_mantissa_l_reg[10]/D -       -      F     dffrq_1x       1    -     -     0    2360    (-,-) 
#------------------------------------------------------------------------------------------------------------

Capture clock path:
#-------------------------------------------------------------------------------------------------------------
#            Timing Point              Flags   Arc   Edge   Cell     Fanout Load Trans Delay Arrival Instance 
#                                                                           (fF)  (ps)  (ps)   (ps)  Location 
#-------------------------------------------------------------------------------------------------------------
  clk                                  (i)     -     R     (arrival)    143  0.0     1     0    1667    (-,-) 
  u_sum_smaller_mantissa_l_reg[10]/CLK <<<     -     R     dffrq_1x     143    -     1     0    1667    (-,-) 
#-------------------------------------------------------------------------------------------------------------



Path 4: VIOLATED (-837 ps) Setup Check with Pin u_sum_smaller_mantissa_l_reg[8]/CLK->D
           View: view_1p2_25
          Group: clock1
     Startpoint: (R) u_ab_smaller_mantissa_l_reg[6]/CLK
          Clock: (R) clock1
       Endpoint: (F) u_sum_smaller_mantissa_l_reg[8]/D
          Clock: (R) clock1

                     Capture       Launch     
        Clock Edge:+    1667            0     
       Src Latency:+       0            0     
       Net Latency:+       0 (I)        0 (I) 
           Arrival:=    1667            0     
                                              
             Setup:-     143                  
       Uncertainty:-       0                  
     Required Time:=    1524                  
      Launch Clock:-       0                  
         Data Path:-    2360                  
             Slack:=    -837                  

Launch clock path:
#-----------------------------------------------------------------------------------------------------------
#           Timing Point             Flags   Arc   Edge   Cell     Fanout Load Trans Delay Arrival Instance 
#                                                                         (fF)  (ps)  (ps)   (ps)  Location 
#-----------------------------------------------------------------------------------------------------------
  clk                                (i)     -     R     (arrival)    143  0.0     1     0       0    (-,-) 
  u_ab_smaller_mantissa_l_reg[6]/CLK <<<     -     R     dffrq_1x     143    -     1     0       0    (-,-) 
#-----------------------------------------------------------------------------------------------------------

#------------------------------------------------------------------------------------------------------------
#           Timing Point             Flags    Arc   Edge   Cell     Fanout Load Trans Delay Arrival Instance 
#                                                                          (fF)  (ps)  (ps)   (ps)  Location 
#------------------------------------------------------------------------------------------------------------
  u_ab_smaller_mantissa_l_reg[6]/CLK -       -      R     (arrival)    143    -     1     0       0    (-,-) 
  u_ab_smaller_mantissa_l_reg[6]/Q   -       CLK->Q R     dffrq_1x       1  6.1    48   176     176    (-,-) 
  g120530/X                          -       A->X   F     inv_2x         3 13.8    30    36     211    (-,-) 
  g117867/X                          -       A->X   R     inv_2x         1  9.8    29    29     240    (-,-) 
  g120527/X                          -       A->X   F     nand2_4x       2 13.0    27    29     269    (-,-) 
  g120526/X                          -       A->X   R     nand2_4x       3 17.9    44    37     306    (-,-) 
  g118656/X                          -       A->X   F     inv_4x         2 14.7    22    26     333    (-,-) 
  g83/X                              -       A->X   R     nand2_4x       1 10.0    31    27     360    (-,-) 
  g125992/X                          -       C->X   F     aoi21_4x       1  9.8    28    32     392    (-,-) 
  g125991/X                          -       A->X   R     nand2_4x       3 24.5    57    45     436    (-,-) 
  g125995/X                          -       A->X   F     aoi21_4x       2 16.6    37    43     479    (-,-) 
  g120/X                             -       A->X   R     oai21_4x       3 14.8    56    50     529    (-,-) 
  g690/X                             -       A->X   F     nand2_2x       1  5.3    30    32     560    (-,-) 
  g125638/X                          -       A->X   R     nand2_2x       1  9.3    47    38     599    (-,-) 
  g126080/X                          -       A->X   F     nand3_4x       2  9.8    34    37     636    (-,-) 
  g126078/X                          -       B->X   R     nand2_2x       2 12.7    56    50     686    (-,-) 
  fopt125483/X                       -       A->X   R     buf_2x         2  8.4    27    56     742    (-,-) 
  g125227/X                          -       B->X   F     nand2_2x       2  6.9    27    33     775    (-,-) 
  g118305/X                          -       C->X   R     oai21_2x       1  5.1    61    45     820    (-,-) 
  g118429/X                          -       C->X   F     aoi21_2x       1  3.4    41    48     868    (-,-) 
  g18/X                              -       A->X   F     and2_1x        1  5.0    26    60     928    (-,-) 
  g17/X                              -       C->X   R     nand3_2x       1  6.1    43    40     968    (-,-) 
  g124985/X                          -       A->X   F     inv_2x         1  9.3    23    28     997    (-,-) 
  g352/X                             -       B->X   R     nand3_4x       2 11.7    42    36    1033    (-,-) 
  g125996/X                          -       B->X   F     nand3_4x       1  9.8    33    44    1077    (-,-) 
  g126362/X                          -       A->X   R     nand2_4x       3 13.7    40    35    1112    (-,-) 
  g125796/X                          -       A->X   F     inv_2x         1 11.1    24    30    1142    (-,-) 
  g335/X                             -       B->X   R     oai21_4x       1 10.9    45    45    1186    (-,-) 
  g121510/X                          -       A->X   F     inv_4x         3 22.3    26    32    1218    (-,-) 
  g125784/X                          -       A->X   R     oai21_2x       1  6.1    65    42    1260    (-,-) 
  g108/X                             -       A->X   F     inv_2x         1  9.3    29    33    1293    (-,-) 
  g125723/X                          -       A->X   R     nand3_4x       2 14.9    49    39    1332    (-,-) 
  fopt725/X                          -       A->X   F     inv_2x         2 12.1    28    33    1366    (-,-) 
  g701/X                             -       A->X   R     nand2_4x       3 23.0    52    43    1409    (-,-) 
  g125021/X                          -       A->X   F     nand3_4x       1  9.0    34    38    1446    (-,-) 
  g125020/X                          -       B->X   R     nand2_4x       4 20.9    50    46    1492    (-,-) 
  g124561/X                          -       A->X   F     nand3_4x       1  9.8    35    38    1531    (-,-) 
  g125799/X                          -       A->X   R     nand2_4x       1 16.0    41    38    1568    (-,-) 
  fopt38/X                           -       A->X   F     inv_6x         3 36.7    26    32    1600    (-,-) 
  fopt125801/X                       -       A->X   R     inv_6x         4 27.5    28    28    1628    (-,-) 
  fopt36/X                           -       A->X   F     inv_4x         3 15.7    18    23    1651    (-,-) 
  g125800/X                          -       A->X   R     nand2_4x       1  9.6    31    25    1677    (-,-) 
  g121430/X                          -       C->X   F     oai21_4x       4 24.0    47    53    1729    (-,-) 
  g114203__123809/X                  -       A->X   R     nor2_4x        6 31.3    90    72    1801    (-,-) 
  g125150/X                          -       B->X   F     nand2_4x       1 21.1    42    58    1859    (-,-) 
  g126129/X                          -       A->X   R     inv_8x         9 48.7    38    37    1896    (-,-) 
  g126127/X                          -       B->X   F     nand2_2x       2  9.8    34    42    1938    (-,-) 
  g46_0/X                            -       B->X   R     nand2_2x       1  6.1    35    36    1974    (-,-) 
  g125006/X                          -       A->X   F     inv_2x         1  6.0    17    22    1996    (-,-) 
  g125005/X                          -       A0->X  R     aoi22_2x       1  5.2    58    43    2039    (-,-) 
  g121028/X                          -       B->X   F     nand2_2x       1 10.3    36    49    2088    (-,-) 
  g125981/X                          -       C->X   R     aoi21_4x       2 11.0    52    54    2141    (-,-) 
  g124520/X                          -       A->X   F     oai21_2x       2 12.6    48    48    2190    (-,-) 
  g124519/X                          -       A->X   R     nand2_4x       1 16.0    44    42    2231    (-,-) 
  g75/X                              -       A->X   F     inv_6x        22 68.5    40    45    2277    (-,-) 
  g114039__6417/X                    -       B->X   R     aoi21_1x       1  3.3    57    51    2327    (-,-) 
  g113984__6131/X                    -       A->X   F     nand2_1x       1  2.7    30    33    2360    (-,-) 
  u_sum_smaller_mantissa_l_reg[8]/D  -       -      F     dffrq_1x       1    -     -     0    2360    (-,-) 
#------------------------------------------------------------------------------------------------------------

Capture clock path:
#------------------------------------------------------------------------------------------------------------
#            Timing Point             Flags   Arc   Edge   Cell     Fanout Load Trans Delay Arrival Instance 
#                                                                          (fF)  (ps)  (ps)   (ps)  Location 
#------------------------------------------------------------------------------------------------------------
  clk                                 (i)     -     R     (arrival)    143  0.0     1     0    1667    (-,-) 
  u_sum_smaller_mantissa_l_reg[8]/CLK <<<     -     R     dffrq_1x     143    -     1     0    1667    (-,-) 
#------------------------------------------------------------------------------------------------------------



Path 5: VIOLATED (-837 ps) Setup Check with Pin u_sum_smaller_mantissa_l_reg[2]/CLK->D
           View: view_1p2_25
          Group: clock1
     Startpoint: (R) u_ab_smaller_mantissa_l_reg[6]/CLK
          Clock: (R) clock1
       Endpoint: (F) u_sum_smaller_mantissa_l_reg[2]/D
          Clock: (R) clock1

                     Capture       Launch     
        Clock Edge:+    1667            0     
       Src Latency:+       0            0     
       Net Latency:+       0 (I)        0 (I) 
           Arrival:=    1667            0     
                                              
             Setup:-     143                  
       Uncertainty:-       0                  
     Required Time:=    1524                  
      Launch Clock:-       0                  
         Data Path:-    2360                  
             Slack:=    -837                  

Launch clock path:
#-----------------------------------------------------------------------------------------------------------
#           Timing Point             Flags   Arc   Edge   Cell     Fanout Load Trans Delay Arrival Instance 
#                                                                         (fF)  (ps)  (ps)   (ps)  Location 
#-----------------------------------------------------------------------------------------------------------
  clk                                (i)     -     R     (arrival)    143  0.0     1     0       0    (-,-) 
  u_ab_smaller_mantissa_l_reg[6]/CLK <<<     -     R     dffrq_1x     143    -     1     0       0    (-,-) 
#-----------------------------------------------------------------------------------------------------------

#------------------------------------------------------------------------------------------------------------
#           Timing Point             Flags    Arc   Edge   Cell     Fanout Load Trans Delay Arrival Instance 
#                                                                          (fF)  (ps)  (ps)   (ps)  Location 
#------------------------------------------------------------------------------------------------------------
  u_ab_smaller_mantissa_l_reg[6]/CLK -       -      R     (arrival)    143    -     1     0       0    (-,-) 
  u_ab_smaller_mantissa_l_reg[6]/Q   -       CLK->Q R     dffrq_1x       1  6.1    48   176     176    (-,-) 
  g120530/X                          -       A->X   F     inv_2x         3 13.8    30    36     211    (-,-) 
  g117867/X                          -       A->X   R     inv_2x         1  9.8    29    29     240    (-,-) 
  g120527/X                          -       A->X   F     nand2_4x       2 13.0    27    29     269    (-,-) 
  g120526/X                          -       A->X   R     nand2_4x       3 17.9    44    37     306    (-,-) 
  g118656/X                          -       A->X   F     inv_4x         2 14.7    22    26     333    (-,-) 
  g83/X                              -       A->X   R     nand2_4x       1 10.0    31    27     360    (-,-) 
  g125992/X                          -       C->X   F     aoi21_4x       1  9.8    28    32     392    (-,-) 
  g125991/X                          -       A->X   R     nand2_4x       3 24.5    57    45     436    (-,-) 
  g125995/X                          -       A->X   F     aoi21_4x       2 16.6    37    43     479    (-,-) 
  g120/X                             -       A->X   R     oai21_4x       3 14.8    56    50     529    (-,-) 
  g690/X                             -       A->X   F     nand2_2x       1  5.3    30    32     560    (-,-) 
  g125638/X                          -       A->X   R     nand2_2x       1  9.3    47    38     599    (-,-) 
  g126080/X                          -       A->X   F     nand3_4x       2  9.8    34    37     636    (-,-) 
  g126078/X                          -       B->X   R     nand2_2x       2 12.7    56    50     686    (-,-) 
  fopt125483/X                       -       A->X   R     buf_2x         2  8.4    27    56     742    (-,-) 
  g125227/X                          -       B->X   F     nand2_2x       2  6.9    27    33     775    (-,-) 
  g118305/X                          -       C->X   R     oai21_2x       1  5.1    61    45     820    (-,-) 
  g118429/X                          -       C->X   F     aoi21_2x       1  3.4    41    48     868    (-,-) 
  g18/X                              -       A->X   F     and2_1x        1  5.0    26    60     928    (-,-) 
  g17/X                              -       C->X   R     nand3_2x       1  6.1    43    40     968    (-,-) 
  g124985/X                          -       A->X   F     inv_2x         1  9.3    23    28     997    (-,-) 
  g352/X                             -       B->X   R     nand3_4x       2 11.7    42    36    1033    (-,-) 
  g125996/X                          -       B->X   F     nand3_4x       1  9.8    33    44    1077    (-,-) 
  g126362/X                          -       A->X   R     nand2_4x       3 13.7    40    35    1112    (-,-) 
  g125796/X                          -       A->X   F     inv_2x         1 11.1    24    30    1142    (-,-) 
  g335/X                             -       B->X   R     oai21_4x       1 10.9    45    45    1186    (-,-) 
  g121510/X                          -       A->X   F     inv_4x         3 22.3    26    32    1218    (-,-) 
  g125784/X                          -       A->X   R     oai21_2x       1  6.1    65    42    1260    (-,-) 
  g108/X                             -       A->X   F     inv_2x         1  9.3    29    33    1293    (-,-) 
  g125723/X                          -       A->X   R     nand3_4x       2 14.9    49    39    1332    (-,-) 
  fopt725/X                          -       A->X   F     inv_2x         2 12.1    28    33    1366    (-,-) 
  g701/X                             -       A->X   R     nand2_4x       3 23.0    52    43    1409    (-,-) 
  g125021/X                          -       A->X   F     nand3_4x       1  9.0    34    38    1446    (-,-) 
  g125020/X                          -       B->X   R     nand2_4x       4 20.9    50    46    1492    (-,-) 
  g124561/X                          -       A->X   F     nand3_4x       1  9.8    35    38    1531    (-,-) 
  g125799/X                          -       A->X   R     nand2_4x       1 16.0    41    38    1568    (-,-) 
  fopt38/X                           -       A->X   F     inv_6x         3 36.7    26    32    1600    (-,-) 
  fopt125801/X                       -       A->X   R     inv_6x         4 27.5    28    28    1628    (-,-) 
  fopt36/X                           -       A->X   F     inv_4x         3 15.7    18    23    1651    (-,-) 
  g125800/X                          -       A->X   R     nand2_4x       1  9.6    31    25    1677    (-,-) 
  g121430/X                          -       C->X   F     oai21_4x       4 24.0    47    53    1729    (-,-) 
  g114203__123809/X                  -       A->X   R     nor2_4x        6 31.3    90    72    1801    (-,-) 
  g125150/X                          -       B->X   F     nand2_4x       1 21.1    42    58    1859    (-,-) 
  g126129/X                          -       A->X   R     inv_8x         9 48.7    38    37    1896    (-,-) 
  g126127/X                          -       B->X   F     nand2_2x       2  9.8    34    42    1938    (-,-) 
  g46_0/X                            -       B->X   R     nand2_2x       1  6.1    35    36    1974    (-,-) 
  g125006/X                          -       A->X   F     inv_2x         1  6.0    17    22    1996    (-,-) 
  g125005/X                          -       A0->X  R     aoi22_2x       1  5.2    58    43    2039    (-,-) 
  g121028/X                          -       B->X   F     nand2_2x       1 10.3    36    49    2088    (-,-) 
  g125981/X                          -       C->X   R     aoi21_4x       2 11.0    52    54    2141    (-,-) 
  g124520/X                          -       A->X   F     oai21_2x       2 12.6    48    48    2190    (-,-) 
  g124519/X                          -       A->X   R     nand2_4x       1 16.0    44    42    2231    (-,-) 
  g75/X                              -       A->X   F     inv_6x        22 68.5    40    45    2277    (-,-) 
  g125806/X                          -       B->X   R     aoi21_1x       1  3.3    57    51    2327    (-,-) 
  g113996__8428/X                    -       A->X   F     nand2_1x       1  2.7    30    33    2360    (-,-) 
  u_sum_smaller_mantissa_l_reg[2]/D  -       -      F     dffrq_1x       1    -     -     0    2360    (-,-) 
#------------------------------------------------------------------------------------------------------------

Capture clock path:
#------------------------------------------------------------------------------------------------------------
#            Timing Point             Flags   Arc   Edge   Cell     Fanout Load Trans Delay Arrival Instance 
#                                                                          (fF)  (ps)  (ps)   (ps)  Location 
#------------------------------------------------------------------------------------------------------------
  clk                                 (i)     -     R     (arrival)    143  0.0     1     0    1667    (-,-) 
  u_sum_smaller_mantissa_l_reg[2]/CLK <<<     -     R     dffrq_1x     143    -     1     0    1667    (-,-) 
#------------------------------------------------------------------------------------------------------------



Path 6: VIOLATED (-837 ps) Setup Check with Pin u_sum_larger_mantissa_l_reg[9]/CLK->D
           View: view_1p2_25
          Group: clock1
     Startpoint: (R) u_ab_smaller_mantissa_l_reg[6]/CLK
          Clock: (R) clock1
       Endpoint: (F) u_sum_larger_mantissa_l_reg[9]/D
          Clock: (R) clock1

                     Capture       Launch     
        Clock Edge:+    1667            0     
       Src Latency:+       0            0     
       Net Latency:+       0 (I)        0 (I) 
           Arrival:=    1667            0     
                                              
             Setup:-     143                  
       Uncertainty:-       0                  
     Required Time:=    1524                  
      Launch Clock:-       0                  
         Data Path:-    2360                  
             Slack:=    -837                  

Launch clock path:
#-----------------------------------------------------------------------------------------------------------
#           Timing Point             Flags   Arc   Edge   Cell     Fanout Load Trans Delay Arrival Instance 
#                                                                         (fF)  (ps)  (ps)   (ps)  Location 
#-----------------------------------------------------------------------------------------------------------
  clk                                (i)     -     R     (arrival)    143  0.0     1     0       0    (-,-) 
  u_ab_smaller_mantissa_l_reg[6]/CLK <<<     -     R     dffrq_1x     143    -     1     0       0    (-,-) 
#-----------------------------------------------------------------------------------------------------------

#------------------------------------------------------------------------------------------------------------
#           Timing Point             Flags    Arc   Edge   Cell     Fanout Load Trans Delay Arrival Instance 
#                                                                          (fF)  (ps)  (ps)   (ps)  Location 
#------------------------------------------------------------------------------------------------------------
  u_ab_smaller_mantissa_l_reg[6]/CLK -       -      R     (arrival)    143    -     1     0       0    (-,-) 
  u_ab_smaller_mantissa_l_reg[6]/Q   -       CLK->Q R     dffrq_1x       1  6.1    48   176     176    (-,-) 
  g120530/X                          -       A->X   F     inv_2x         3 13.8    30    36     211    (-,-) 
  g117867/X                          -       A->X   R     inv_2x         1  9.8    29    29     240    (-,-) 
  g120527/X                          -       A->X   F     nand2_4x       2 13.0    27    29     269    (-,-) 
  g120526/X                          -       A->X   R     nand2_4x       3 17.9    44    37     306    (-,-) 
  g118656/X                          -       A->X   F     inv_4x         2 14.7    22    26     333    (-,-) 
  g83/X                              -       A->X   R     nand2_4x       1 10.0    31    27     360    (-,-) 
  g125992/X                          -       C->X   F     aoi21_4x       1  9.8    28    32     392    (-,-) 
  g125991/X                          -       A->X   R     nand2_4x       3 24.5    57    45     436    (-,-) 
  g125995/X                          -       A->X   F     aoi21_4x       2 16.6    37    43     479    (-,-) 
  g120/X                             -       A->X   R     oai21_4x       3 14.8    56    50     529    (-,-) 
  g690/X                             -       A->X   F     nand2_2x       1  5.3    30    32     560    (-,-) 
  g125638/X                          -       A->X   R     nand2_2x       1  9.3    47    38     599    (-,-) 
  g126080/X                          -       A->X   F     nand3_4x       2  9.8    34    37     636    (-,-) 
  g126078/X                          -       B->X   R     nand2_2x       2 12.7    56    50     686    (-,-) 
  fopt125483/X                       -       A->X   R     buf_2x         2  8.4    27    56     742    (-,-) 
  g125227/X                          -       B->X   F     nand2_2x       2  6.9    27    33     775    (-,-) 
  g118305/X                          -       C->X   R     oai21_2x       1  5.1    61    45     820    (-,-) 
  g118429/X                          -       C->X   F     aoi21_2x       1  3.4    41    48     868    (-,-) 
  g18/X                              -       A->X   F     and2_1x        1  5.0    26    60     928    (-,-) 
  g17/X                              -       C->X   R     nand3_2x       1  6.1    43    40     968    (-,-) 
  g124985/X                          -       A->X   F     inv_2x         1  9.3    23    28     997    (-,-) 
  g352/X                             -       B->X   R     nand3_4x       2 11.7    42    36    1033    (-,-) 
  g125996/X                          -       B->X   F     nand3_4x       1  9.8    33    44    1077    (-,-) 
  g126362/X                          -       A->X   R     nand2_4x       3 13.7    40    35    1112    (-,-) 
  g125796/X                          -       A->X   F     inv_2x         1 11.1    24    30    1142    (-,-) 
  g335/X                             -       B->X   R     oai21_4x       1 10.9    45    45    1186    (-,-) 
  g121510/X                          -       A->X   F     inv_4x         3 22.3    26    32    1218    (-,-) 
  g125784/X                          -       A->X   R     oai21_2x       1  6.1    65    42    1260    (-,-) 
  g108/X                             -       A->X   F     inv_2x         1  9.3    29    33    1293    (-,-) 
  g125723/X                          -       A->X   R     nand3_4x       2 14.9    49    39    1332    (-,-) 
  fopt725/X                          -       A->X   F     inv_2x         2 12.1    28    33    1366    (-,-) 
  g701/X                             -       A->X   R     nand2_4x       3 23.0    52    43    1409    (-,-) 
  g125021/X                          -       A->X   F     nand3_4x       1  9.0    34    38    1446    (-,-) 
  g125020/X                          -       B->X   R     nand2_4x       4 20.9    50    46    1492    (-,-) 
  g124561/X                          -       A->X   F     nand3_4x       1  9.8    35    38    1531    (-,-) 
  g125799/X                          -       A->X   R     nand2_4x       1 16.0    41    38    1568    (-,-) 
  fopt38/X                           -       A->X   F     inv_6x         3 36.7    26    32    1600    (-,-) 
  fopt125801/X                       -       A->X   R     inv_6x         4 27.5    28    28    1628    (-,-) 
  fopt36/X                           -       A->X   F     inv_4x         3 15.7    18    23    1651    (-,-) 
  g125800/X                          -       A->X   R     nand2_4x       1  9.6    31    25    1677    (-,-) 
  g121430/X                          -       C->X   F     oai21_4x       4 24.0    47    53    1729    (-,-) 
  g114203__123809/X                  -       A->X   R     nor2_4x        6 31.3    90    72    1801    (-,-) 
  g125150/X                          -       B->X   F     nand2_4x       1 21.1    42    58    1859    (-,-) 
  g126129/X                          -       A->X   R     inv_8x         9 48.7    38    37    1896    (-,-) 
  g126127/X                          -       B->X   F     nand2_2x       2  9.8    34    42    1938    (-,-) 
  g46_0/X                            -       B->X   R     nand2_2x       1  6.1    35    36    1974    (-,-) 
  g125006/X                          -       A->X   F     inv_2x         1  6.0    17    22    1996    (-,-) 
  g125005/X                          -       A0->X  R     aoi22_2x       1  5.2    58    43    2039    (-,-) 
  g121028/X                          -       B->X   F     nand2_2x       1 10.3    36    49    2088    (-,-) 
  g125981/X                          -       C->X   R     aoi21_4x       2 11.0    52    54    2141    (-,-) 
  g124520/X                          -       A->X   F     oai21_2x       2 12.6    48    48    2190    (-,-) 
  g124519/X                          -       A->X   R     nand2_4x       1 16.0    44    42    2231    (-,-) 
  g75/X                              -       A->X   F     inv_6x        22 68.5    40    45    2277    (-,-) 
  g114044__4319/X                    -       B->X   R     aoi21_1x       1  3.3    57    51    2327    (-,-) 
  g114003__5122/X                    -       A->X   F     nand2_1x       1  2.7    30    33    2360    (-,-) 
  u_sum_larger_mantissa_l_reg[9]/D   -       -      F     dffrq_1x       1    -     -     0    2360    (-,-) 
#------------------------------------------------------------------------------------------------------------

Capture clock path:
#-----------------------------------------------------------------------------------------------------------
#           Timing Point             Flags   Arc   Edge   Cell     Fanout Load Trans Delay Arrival Instance 
#                                                                         (fF)  (ps)  (ps)   (ps)  Location 
#-----------------------------------------------------------------------------------------------------------
  clk                                (i)     -     R     (arrival)    143  0.0     1     0    1667    (-,-) 
  u_sum_larger_mantissa_l_reg[9]/CLK <<<     -     R     dffrq_1x     143    -     1     0    1667    (-,-) 
#-----------------------------------------------------------------------------------------------------------



Path 7: VIOLATED (-837 ps) Setup Check with Pin u_sum_larger_mantissa_l_reg[4]/CLK->D
           View: view_1p2_25
          Group: clock1
     Startpoint: (R) u_ab_smaller_mantissa_l_reg[6]/CLK
          Clock: (R) clock1
       Endpoint: (F) u_sum_larger_mantissa_l_reg[4]/D
          Clock: (R) clock1

                     Capture       Launch     
        Clock Edge:+    1667            0     
       Src Latency:+       0            0     
       Net Latency:+       0 (I)        0 (I) 
           Arrival:=    1667            0     
                                              
             Setup:-     143                  
       Uncertainty:-       0                  
     Required Time:=    1524                  
      Launch Clock:-       0                  
         Data Path:-    2360                  
             Slack:=    -837                  

Launch clock path:
#-----------------------------------------------------------------------------------------------------------
#           Timing Point             Flags   Arc   Edge   Cell     Fanout Load Trans Delay Arrival Instance 
#                                                                         (fF)  (ps)  (ps)   (ps)  Location 
#-----------------------------------------------------------------------------------------------------------
  clk                                (i)     -     R     (arrival)    143  0.0     1     0       0    (-,-) 
  u_ab_smaller_mantissa_l_reg[6]/CLK <<<     -     R     dffrq_1x     143    -     1     0       0    (-,-) 
#-----------------------------------------------------------------------------------------------------------

#------------------------------------------------------------------------------------------------------------
#           Timing Point             Flags    Arc   Edge   Cell     Fanout Load Trans Delay Arrival Instance 
#                                                                          (fF)  (ps)  (ps)   (ps)  Location 
#------------------------------------------------------------------------------------------------------------
  u_ab_smaller_mantissa_l_reg[6]/CLK -       -      R     (arrival)    143    -     1     0       0    (-,-) 
  u_ab_smaller_mantissa_l_reg[6]/Q   -       CLK->Q R     dffrq_1x       1  6.1    48   176     176    (-,-) 
  g120530/X                          -       A->X   F     inv_2x         3 13.8    30    36     211    (-,-) 
  g117867/X                          -       A->X   R     inv_2x         1  9.8    29    29     240    (-,-) 
  g120527/X                          -       A->X   F     nand2_4x       2 13.0    27    29     269    (-,-) 
  g120526/X                          -       A->X   R     nand2_4x       3 17.9    44    37     306    (-,-) 
  g118656/X                          -       A->X   F     inv_4x         2 14.7    22    26     333    (-,-) 
  g83/X                              -       A->X   R     nand2_4x       1 10.0    31    27     360    (-,-) 
  g125992/X                          -       C->X   F     aoi21_4x       1  9.8    28    32     392    (-,-) 
  g125991/X                          -       A->X   R     nand2_4x       3 24.5    57    45     436    (-,-) 
  g125995/X                          -       A->X   F     aoi21_4x       2 16.6    37    43     479    (-,-) 
  g120/X                             -       A->X   R     oai21_4x       3 14.8    56    50     529    (-,-) 
  g690/X                             -       A->X   F     nand2_2x       1  5.3    30    32     560    (-,-) 
  g125638/X                          -       A->X   R     nand2_2x       1  9.3    47    38     599    (-,-) 
  g126080/X                          -       A->X   F     nand3_4x       2  9.8    34    37     636    (-,-) 
  g126078/X                          -       B->X   R     nand2_2x       2 12.7    56    50     686    (-,-) 
  fopt125483/X                       -       A->X   R     buf_2x         2  8.4    27    56     742    (-,-) 
  g125227/X                          -       B->X   F     nand2_2x       2  6.9    27    33     775    (-,-) 
  g118305/X                          -       C->X   R     oai21_2x       1  5.1    61    45     820    (-,-) 
  g118429/X                          -       C->X   F     aoi21_2x       1  3.4    41    48     868    (-,-) 
  g18/X                              -       A->X   F     and2_1x        1  5.0    26    60     928    (-,-) 
  g17/X                              -       C->X   R     nand3_2x       1  6.1    43    40     968    (-,-) 
  g124985/X                          -       A->X   F     inv_2x         1  9.3    23    28     997    (-,-) 
  g352/X                             -       B->X   R     nand3_4x       2 11.7    42    36    1033    (-,-) 
  g125996/X                          -       B->X   F     nand3_4x       1  9.8    33    44    1077    (-,-) 
  g126362/X                          -       A->X   R     nand2_4x       3 13.7    40    35    1112    (-,-) 
  g125796/X                          -       A->X   F     inv_2x         1 11.1    24    30    1142    (-,-) 
  g335/X                             -       B->X   R     oai21_4x       1 10.9    45    45    1186    (-,-) 
  g121510/X                          -       A->X   F     inv_4x         3 22.3    26    32    1218    (-,-) 
  g125784/X                          -       A->X   R     oai21_2x       1  6.1    65    42    1260    (-,-) 
  g108/X                             -       A->X   F     inv_2x         1  9.3    29    33    1293    (-,-) 
  g125723/X                          -       A->X   R     nand3_4x       2 14.9    49    39    1332    (-,-) 
  fopt725/X                          -       A->X   F     inv_2x         2 12.1    28    33    1366    (-,-) 
  g701/X                             -       A->X   R     nand2_4x       3 23.0    52    43    1409    (-,-) 
  g125021/X                          -       A->X   F     nand3_4x       1  9.0    34    38    1446    (-,-) 
  g125020/X                          -       B->X   R     nand2_4x       4 20.9    50    46    1492    (-,-) 
  g124561/X                          -       A->X   F     nand3_4x       1  9.8    35    38    1531    (-,-) 
  g125799/X                          -       A->X   R     nand2_4x       1 16.0    41    38    1568    (-,-) 
  fopt38/X                           -       A->X   F     inv_6x         3 36.7    26    32    1600    (-,-) 
  fopt125801/X                       -       A->X   R     inv_6x         4 27.5    28    28    1628    (-,-) 
  fopt36/X                           -       A->X   F     inv_4x         3 15.7    18    23    1651    (-,-) 
  g125800/X                          -       A->X   R     nand2_4x       1  9.6    31    25    1677    (-,-) 
  g121430/X                          -       C->X   F     oai21_4x       4 24.0    47    53    1729    (-,-) 
  g114203__123809/X                  -       A->X   R     nor2_4x        6 31.3    90    72    1801    (-,-) 
  g125150/X                          -       B->X   F     nand2_4x       1 21.1    42    58    1859    (-,-) 
  g126129/X                          -       A->X   R     inv_8x         9 48.7    38    37    1896    (-,-) 
  g126127/X                          -       B->X   F     nand2_2x       2  9.8    34    42    1938    (-,-) 
  g46_0/X                            -       B->X   R     nand2_2x       1  6.1    35    36    1974    (-,-) 
  g125006/X                          -       A->X   F     inv_2x         1  6.0    17    22    1996    (-,-) 
  g125005/X                          -       A0->X  R     aoi22_2x       1  5.2    58    43    2039    (-,-) 
  g121028/X                          -       B->X   F     nand2_2x       1 10.3    36    49    2088    (-,-) 
  g125981/X                          -       C->X   R     aoi21_4x       2 11.0    52    54    2141    (-,-) 
  g124520/X                          -       A->X   F     oai21_2x       2 12.6    48    48    2190    (-,-) 
  g124519/X                          -       A->X   R     nand2_4x       1 16.0    44    42    2231    (-,-) 
  g75/X                              -       A->X   F     inv_6x        22 68.5    40    45    2277    (-,-) 
  g114042__5107/X                    -       B->X   R     aoi21_1x       1  3.3    57    51    2327    (-,-) 
  g113995__4319/X                    -       A->X   F     nand2_1x       1  2.7    30    33    2360    (-,-) 
  u_sum_larger_mantissa_l_reg[4]/D   -       -      F     dffrq_1x       1    -     -     0    2360    (-,-) 
#------------------------------------------------------------------------------------------------------------

Capture clock path:
#-----------------------------------------------------------------------------------------------------------
#           Timing Point             Flags   Arc   Edge   Cell     Fanout Load Trans Delay Arrival Instance 
#                                                                         (fF)  (ps)  (ps)   (ps)  Location 
#-----------------------------------------------------------------------------------------------------------
  clk                                (i)     -     R     (arrival)    143  0.0     1     0    1667    (-,-) 
  u_sum_larger_mantissa_l_reg[4]/CLK <<<     -     R     dffrq_1x     143    -     1     0    1667    (-,-) 
#-----------------------------------------------------------------------------------------------------------



Path 8: VIOLATED (-836 ps) Setup Check with Pin u_sum_smaller_mantissa_l_reg[4]/CLK->D
           View: view_1p2_25
          Group: clock1
     Startpoint: (R) u_ab_smaller_mantissa_l_reg[6]/CLK
          Clock: (R) clock1
       Endpoint: (F) u_sum_smaller_mantissa_l_reg[4]/D
          Clock: (R) clock1

                     Capture       Launch     
        Clock Edge:+    1667            0     
       Src Latency:+       0            0     
       Net Latency:+       0 (I)        0 (I) 
           Arrival:=    1667            0     
                                              
             Setup:-     143                  
       Uncertainty:-       0                  
     Required Time:=    1524                  
      Launch Clock:-       0                  
         Data Path:-    2359                  
             Slack:=    -836                  

Launch clock path:
#-----------------------------------------------------------------------------------------------------------
#           Timing Point             Flags   Arc   Edge   Cell     Fanout Load Trans Delay Arrival Instance 
#                                                                         (fF)  (ps)  (ps)   (ps)  Location 
#-----------------------------------------------------------------------------------------------------------
  clk                                (i)     -     R     (arrival)    143  0.0     1     0       0    (-,-) 
  u_ab_smaller_mantissa_l_reg[6]/CLK <<<     -     R     dffrq_1x     143    -     1     0       0    (-,-) 
#-----------------------------------------------------------------------------------------------------------

#------------------------------------------------------------------------------------------------------------
#           Timing Point             Flags    Arc   Edge   Cell     Fanout Load Trans Delay Arrival Instance 
#                                                                          (fF)  (ps)  (ps)   (ps)  Location 
#------------------------------------------------------------------------------------------------------------
  u_ab_smaller_mantissa_l_reg[6]/CLK -       -      R     (arrival)    143    -     1     0       0    (-,-) 
  u_ab_smaller_mantissa_l_reg[6]/Q   -       CLK->Q R     dffrq_1x       1  6.1    48   176     176    (-,-) 
  g120530/X                          -       A->X   F     inv_2x         3 13.8    30    36     211    (-,-) 
  g117867/X                          -       A->X   R     inv_2x         1  9.8    29    29     240    (-,-) 
  g120527/X                          -       A->X   F     nand2_4x       2 13.0    27    29     269    (-,-) 
  g120526/X                          -       A->X   R     nand2_4x       3 17.9    44    37     306    (-,-) 
  g118656/X                          -       A->X   F     inv_4x         2 14.7    22    26     333    (-,-) 
  g83/X                              -       A->X   R     nand2_4x       1 10.0    31    27     360    (-,-) 
  g125992/X                          -       C->X   F     aoi21_4x       1  9.8    28    32     392    (-,-) 
  g125991/X                          -       A->X   R     nand2_4x       3 24.5    57    45     436    (-,-) 
  g125995/X                          -       A->X   F     aoi21_4x       2 16.6    37    43     479    (-,-) 
  g120/X                             -       A->X   R     oai21_4x       3 14.8    56    50     529    (-,-) 
  g690/X                             -       A->X   F     nand2_2x       1  5.3    30    32     560    (-,-) 
  g125638/X                          -       A->X   R     nand2_2x       1  9.3    47    38     599    (-,-) 
  g126080/X                          -       A->X   F     nand3_4x       2  9.8    34    37     636    (-,-) 
  g126078/X                          -       B->X   R     nand2_2x       2 12.7    56    50     686    (-,-) 
  g125754/X                          -       A->X   F     nor2_4x        3 17.6    42    48     734    (-,-) 
  g124605/X                          -       A->X   R     nand2_4x       1 16.0    41    40     774    (-,-) 
  g124604/X                          -       A->X   F     inv_6x         7 44.7    29    35     809    (-,-) 
  g124607/X                          -       B->X   R     nand2_2x       3 13.6    59    50     860    (-,-) 
  g120131/X                          -       A->X   F     inv_2x         2  8.2    26    30     890    (-,-) 
  g33/X                              -       A->X   R     nand2_2x       1  9.8    48    38     928    (-,-) 
  g125752/X                          -       A->X   F     nand2_4x       2 16.8    34    37     965    (-,-) 
  g125989/X                          -       B->X   R     oai21_4x       2 10.9    45    46    1012    (-,-) 
  g125748/X                          -       A->X   F     inv_2x         1  9.8    24    30    1042    (-,-) 
  g125604/X                          -       A->X   R     nand2_4x       1  9.2    30    27    1069    (-,-) 
  g125602/X                          -       B->X   F     nand2_4x       2 14.4    30    35    1104    (-,-) 
  g126159/X                          -       A->X   R     nand2_2x       1  9.8    46    40    1144    (-,-) 
  g126158/X                          -       A->X   F     nand2_4x       3 15.4    31    36    1179    (-,-) 
  g125785/X                          -       A->X   R     nand3_4x       2 16.3    52    41    1220    (-,-) 
  g125784/X                          -       B->X   F     oai21_2x       1  6.0    34    40    1260    (-,-) 
  g108/X                             -       A->X   R     inv_2x         1  9.3    29    30    1290    (-,-) 
  g125723/X                          -       A->X   F     nand3_4x       2 14.6    41    39    1329    (-,-) 
  fopt725/X                          -       A->X   R     inv_2x         2 12.1    36    36    1365    (-,-) 
  g701/X                             -       A->X   F     nand2_4x       3 22.7    37    40    1404    (-,-) 
  g124848/X                          -       B->X   R     aoi21_4x       1  9.8    49    46    1450    (-,-) 
  g125020/X                          -       A->X   F     nand2_4x       4 20.7    37    41    1491    (-,-) 
  g249/X                             -       A->X   R     nand3_1x       1  3.3    47    41    1532    (-,-) 
  g122131/X                          -       A->X   F     nand2_1x       1  5.3    37    41    1573    (-,-) 
  g124702/X                          -       A->X   R     nand2_2x       1  9.6    46    41    1614    (-,-) 
  g124701/X                          -       C->X   F     oai21_4x       2 11.7    34    45    1659    (-,-) 
  fopt124700/X                       -       A->X   F     buf_6x         6 36.0    32    67    1726    (-,-) 
  g114321__118709/X                  -       B->X   R     nand2_4x       4 16.5    42    41    1767    (-,-) 
  fopt126437/X                       -       A->X   F     inv_2x         5 21.3    37    42    1809    (-,-) 
  g114271__6260/X                    -       A->X   R     nand2_1x       1  5.2    48    44    1853    (-,-) 
  g114209__3680/X                    -       A->X   F     nand3_2x       3 13.6    63    59    1912    (-,-) 
  g124669/X                          -       B0->X  R     aoi22_2x       2 11.5    88    82    1995    (-,-) 
  g125005/X                          -       B0->X  F     aoi22_2x       1  5.1    51    52    2047    (-,-) 
  g121028/X                          -       B->X   R     nand2_2x       1 10.0    50    50    2097    (-,-) 
  g125981/X                          -       C->X   F     aoi21_4x       2 11.2    33    39    2136    (-,-) 
  g122659/X                          -       B->X   R     nor2_2x        1  6.2    44    44    2179    (-,-) 
  g122658/X                          -       A->X   F     oai21_2x       1 10.8    43    43    2222    (-,-) 
  g123100/X                          -       A->X   R     inv_4x         2 18.3    32    32    2254    (-,-) 
  g118674/X                          -       A->X   F     inv_6x        20 59.5    34    38    2292    (-,-) 
  g114024__8246/X                    -       A->X   R     nand2_1x       1  3.2    38    34    2326    (-,-) 
  g113998__6783/X                    -       B->X   F     nand2_1x       1  2.7    30    33    2359    (-,-) 
  u_sum_smaller_mantissa_l_reg[4]/D  -       -      F     dffrq_1x       1    -     -     0    2359    (-,-) 
#------------------------------------------------------------------------------------------------------------

Capture clock path:
#------------------------------------------------------------------------------------------------------------
#            Timing Point             Flags   Arc   Edge   Cell     Fanout Load Trans Delay Arrival Instance 
#                                                                          (fF)  (ps)  (ps)   (ps)  Location 
#------------------------------------------------------------------------------------------------------------
  clk                                 (i)     -     R     (arrival)    143  0.0     1     0    1667    (-,-) 
  u_sum_smaller_mantissa_l_reg[4]/CLK <<<     -     R     dffrq_1x     143    -     1     0    1667    (-,-) 
#------------------------------------------------------------------------------------------------------------



Path 9: VIOLATED (-836 ps) Setup Check with Pin u_sum_larger_mantissa_l_reg[7]/CLK->D
           View: view_1p2_25
          Group: clock1
     Startpoint: (R) u_ab_smaller_mantissa_l_reg[6]/CLK
          Clock: (R) clock1
       Endpoint: (F) u_sum_larger_mantissa_l_reg[7]/D
          Clock: (R) clock1

                     Capture       Launch     
        Clock Edge:+    1667            0     
       Src Latency:+       0            0     
       Net Latency:+       0 (I)        0 (I) 
           Arrival:=    1667            0     
                                              
             Setup:-     143                  
       Uncertainty:-       0                  
     Required Time:=    1524                  
      Launch Clock:-       0                  
         Data Path:-    2359                  
             Slack:=    -836                  

Launch clock path:
#-----------------------------------------------------------------------------------------------------------
#           Timing Point             Flags   Arc   Edge   Cell     Fanout Load Trans Delay Arrival Instance 
#                                                                         (fF)  (ps)  (ps)   (ps)  Location 
#-----------------------------------------------------------------------------------------------------------
  clk                                (i)     -     R     (arrival)    143  0.0     1     0       0    (-,-) 
  u_ab_smaller_mantissa_l_reg[6]/CLK <<<     -     R     dffrq_1x     143    -     1     0       0    (-,-) 
#-----------------------------------------------------------------------------------------------------------

#------------------------------------------------------------------------------------------------------------
#           Timing Point             Flags    Arc   Edge   Cell     Fanout Load Trans Delay Arrival Instance 
#                                                                          (fF)  (ps)  (ps)   (ps)  Location 
#------------------------------------------------------------------------------------------------------------
  u_ab_smaller_mantissa_l_reg[6]/CLK -       -      R     (arrival)    143    -     1     0       0    (-,-) 
  u_ab_smaller_mantissa_l_reg[6]/Q   -       CLK->Q R     dffrq_1x       1  6.1    48   176     176    (-,-) 
  g120530/X                          -       A->X   F     inv_2x         3 13.8    30    36     211    (-,-) 
  g117867/X                          -       A->X   R     inv_2x         1  9.8    29    29     240    (-,-) 
  g120527/X                          -       A->X   F     nand2_4x       2 13.0    27    29     269    (-,-) 
  g120526/X                          -       A->X   R     nand2_4x       3 17.9    44    37     306    (-,-) 
  g118656/X                          -       A->X   F     inv_4x         2 14.7    22    26     333    (-,-) 
  g83/X                              -       A->X   R     nand2_4x       1 10.0    31    27     360    (-,-) 
  g125992/X                          -       C->X   F     aoi21_4x       1  9.8    28    32     392    (-,-) 
  g125991/X                          -       A->X   R     nand2_4x       3 24.5    57    45     436    (-,-) 
  g125995/X                          -       A->X   F     aoi21_4x       2 16.6    37    43     479    (-,-) 
  g120/X                             -       A->X   R     oai21_4x       3 14.8    56    50     529    (-,-) 
  g690/X                             -       A->X   F     nand2_2x       1  5.3    30    32     560    (-,-) 
  g125638/X                          -       A->X   R     nand2_2x       1  9.3    47    38     599    (-,-) 
  g126080/X                          -       A->X   F     nand3_4x       2  9.8    34    37     636    (-,-) 
  g126078/X                          -       B->X   R     nand2_2x       2 12.7    56    50     686    (-,-) 
  g125754/X                          -       A->X   F     nor2_4x        3 17.6    42    48     734    (-,-) 
  g124605/X                          -       A->X   R     nand2_4x       1 16.0    41    40     774    (-,-) 
  g124604/X                          -       A->X   F     inv_6x         7 44.7    29    35     809    (-,-) 
  g124607/X                          -       B->X   R     nand2_2x       3 13.6    59    50     860    (-,-) 
  g120131/X                          -       A->X   F     inv_2x         2  8.2    26    30     890    (-,-) 
  g33/X                              -       A->X   R     nand2_2x       1  9.8    48    38     928    (-,-) 
  g125752/X                          -       A->X   F     nand2_4x       2 16.8    34    37     965    (-,-) 
  g125989/X                          -       B->X   R     oai21_4x       2 10.9    45    46    1012    (-,-) 
  g125748/X                          -       A->X   F     inv_2x         1  9.8    24    30    1042    (-,-) 
  g125604/X                          -       A->X   R     nand2_4x       1  9.2    30    27    1069    (-,-) 
  g125602/X                          -       B->X   F     nand2_4x       2 14.4    30    35    1104    (-,-) 
  g126159/X                          -       A->X   R     nand2_2x       1  9.8    46    40    1144    (-,-) 
  g126158/X                          -       A->X   F     nand2_4x       3 15.4    31    36    1179    (-,-) 
  g125785/X                          -       A->X   R     nand3_4x       2 16.3    52    41    1220    (-,-) 
  g125784/X                          -       B->X   F     oai21_2x       1  6.0    34    40    1260    (-,-) 
  g108/X                             -       A->X   R     inv_2x         1  9.3    29    30    1290    (-,-) 
  g125723/X                          -       A->X   F     nand3_4x       2 14.6    41    39    1329    (-,-) 
  fopt725/X                          -       A->X   R     inv_2x         2 12.1    36    36    1365    (-,-) 
  g701/X                             -       A->X   F     nand2_4x       3 22.7    37    40    1404    (-,-) 
  g124848/X                          -       B->X   R     aoi21_4x       1  9.8    49    46    1450    (-,-) 
  g125020/X                          -       A->X   F     nand2_4x       4 20.7    37    41    1491    (-,-) 
  g249/X                             -       A->X   R     nand3_1x       1  3.3    47    41    1532    (-,-) 
  g122131/X                          -       A->X   F     nand2_1x       1  5.3    37    41    1573    (-,-) 
  g124702/X                          -       A->X   R     nand2_2x       1  9.6    46    41    1614    (-,-) 
  g124701/X                          -       C->X   F     oai21_4x       2 11.7    34    45    1659    (-,-) 
  fopt124700/X                       -       A->X   F     buf_6x         6 36.0    32    67    1726    (-,-) 
  g114321__118709/X                  -       B->X   R     nand2_4x       4 16.5    42    41    1767    (-,-) 
  fopt126437/X                       -       A->X   F     inv_2x         5 21.3    37    42    1809    (-,-) 
  g114271__6260/X                    -       A->X   R     nand2_1x       1  5.2    48    44    1853    (-,-) 
  g114209__3680/X                    -       A->X   F     nand3_2x       3 13.6    63    59    1912    (-,-) 
  g124669/X                          -       B0->X  R     aoi22_2x       2 11.5    88    82    1995    (-,-) 
  g125005/X                          -       B0->X  F     aoi22_2x       1  5.1    51    52    2047    (-,-) 
  g121028/X                          -       B->X   R     nand2_2x       1 10.0    50    50    2097    (-,-) 
  g125981/X                          -       C->X   F     aoi21_4x       2 11.2    33    39    2136    (-,-) 
  g122659/X                          -       B->X   R     nor2_2x        1  6.2    44    44    2179    (-,-) 
  g122658/X                          -       A->X   F     oai21_2x       1 10.8    43    43    2222    (-,-) 
  g123100/X                          -       A->X   R     inv_4x         2 18.3    32    32    2254    (-,-) 
  g118674/X                          -       A->X   F     inv_6x        20 59.5    34    38    2292    (-,-) 
  g114011__5477/X                    -       A->X   R     nand2_1x       1  3.2    36    34    2326    (-,-) 
  g113991__6161/X                    -       B->X   F     nand2_1x       1  2.7    29    32    2359    (-,-) 
  u_sum_larger_mantissa_l_reg[7]/D   -       -      F     dffrq_1x       1    -     -     0    2359    (-,-) 
#------------------------------------------------------------------------------------------------------------

Capture clock path:
#-----------------------------------------------------------------------------------------------------------
#           Timing Point             Flags   Arc   Edge   Cell     Fanout Load Trans Delay Arrival Instance 
#                                                                         (fF)  (ps)  (ps)   (ps)  Location 
#-----------------------------------------------------------------------------------------------------------
  clk                                (i)     -     R     (arrival)    143  0.0     1     0    1667    (-,-) 
  u_sum_larger_mantissa_l_reg[7]/CLK <<<     -     R     dffrq_1x     143    -     1     0    1667    (-,-) 
#-----------------------------------------------------------------------------------------------------------



Path 10: VIOLATED (-835 ps) Setup Check with Pin u_sum_smaller_mantissa_l_reg[5]/CLK->D
           View: view_1p2_25
          Group: clock1
     Startpoint: (R) u_ab_smaller_mantissa_l_reg[6]/CLK
          Clock: (R) clock1
       Endpoint: (F) u_sum_smaller_mantissa_l_reg[5]/D
          Clock: (R) clock1

                     Capture       Launch     
        Clock Edge:+    1667            0     
       Src Latency:+       0            0     
       Net Latency:+       0 (I)        0 (I) 
           Arrival:=    1667            0     
                                              
             Setup:-     143                  
       Uncertainty:-       0                  
     Required Time:=    1524                  
      Launch Clock:-       0                  
         Data Path:-    2359                  
             Slack:=    -835                  

Launch clock path:
#-----------------------------------------------------------------------------------------------------------
#           Timing Point             Flags   Arc   Edge   Cell     Fanout Load Trans Delay Arrival Instance 
#                                                                         (fF)  (ps)  (ps)   (ps)  Location 
#-----------------------------------------------------------------------------------------------------------
  clk                                (i)     -     R     (arrival)    143  0.0     1     0       0    (-,-) 
  u_ab_smaller_mantissa_l_reg[6]/CLK <<<     -     R     dffrq_1x     143    -     1     0       0    (-,-) 
#-----------------------------------------------------------------------------------------------------------

#------------------------------------------------------------------------------------------------------------
#           Timing Point             Flags    Arc   Edge   Cell     Fanout Load Trans Delay Arrival Instance 
#                                                                          (fF)  (ps)  (ps)   (ps)  Location 
#------------------------------------------------------------------------------------------------------------
  u_ab_smaller_mantissa_l_reg[6]/CLK -       -      R     (arrival)    143    -     1     0       0    (-,-) 
  u_ab_smaller_mantissa_l_reg[6]/Q   -       CLK->Q R     dffrq_1x       1  6.1    48   176     176    (-,-) 
  g120530/X                          -       A->X   F     inv_2x         3 13.8    30    36     211    (-,-) 
  g117867/X                          -       A->X   R     inv_2x         1  9.8    29    29     240    (-,-) 
  g120527/X                          -       A->X   F     nand2_4x       2 13.0    27    29     269    (-,-) 
  g120526/X                          -       A->X   R     nand2_4x       3 17.9    44    37     306    (-,-) 
  g118656/X                          -       A->X   F     inv_4x         2 14.7    22    26     333    (-,-) 
  g83/X                              -       A->X   R     nand2_4x       1 10.0    31    27     360    (-,-) 
  g125992/X                          -       C->X   F     aoi21_4x       1  9.8    28    32     392    (-,-) 
  g125991/X                          -       A->X   R     nand2_4x       3 24.5    57    45     436    (-,-) 
  g125995/X                          -       A->X   F     aoi21_4x       2 16.6    37    43     479    (-,-) 
  g120/X                             -       A->X   R     oai21_4x       3 14.8    56    50     529    (-,-) 
  g690/X                             -       A->X   F     nand2_2x       1  5.3    30    32     560    (-,-) 
  g125638/X                          -       A->X   R     nand2_2x       1  9.3    47    38     599    (-,-) 
  g126080/X                          -       A->X   F     nand3_4x       2  9.8    34    37     636    (-,-) 
  g126078/X                          -       B->X   R     nand2_2x       2 12.7    56    50     686    (-,-) 
  g125754/X                          -       A->X   F     nor2_4x        3 17.6    42    48     734    (-,-) 
  g124605/X                          -       A->X   R     nand2_4x       1 16.0    41    40     774    (-,-) 
  g124604/X                          -       A->X   F     inv_6x         7 44.7    29    35     809    (-,-) 
  g124607/X                          -       B->X   R     nand2_2x       3 13.6    59    50     860    (-,-) 
  g120131/X                          -       A->X   F     inv_2x         2  8.2    26    30     890    (-,-) 
  g33/X                              -       A->X   R     nand2_2x       1  9.8    48    38     928    (-,-) 
  g125752/X                          -       A->X   F     nand2_4x       2 16.8    34    37     965    (-,-) 
  g125989/X                          -       B->X   R     oai21_4x       2 10.9    45    46    1012    (-,-) 
  g125748/X                          -       A->X   F     inv_2x         1  9.8    24    30    1042    (-,-) 
  g125604/X                          -       A->X   R     nand2_4x       1  9.2    30    27    1069    (-,-) 
  g125602/X                          -       B->X   F     nand2_4x       2 14.4    30    35    1104    (-,-) 
  g126159/X                          -       A->X   R     nand2_2x       1  9.8    46    40    1144    (-,-) 
  g126158/X                          -       A->X   F     nand2_4x       3 15.4    31    36    1179    (-,-) 
  g125785/X                          -       A->X   R     nand3_4x       2 16.3    52    41    1220    (-,-) 
  g125784/X                          -       B->X   F     oai21_2x       1  6.0    34    40    1260    (-,-) 
  g108/X                             -       A->X   R     inv_2x         1  9.3    29    30    1290    (-,-) 
  g125723/X                          -       A->X   F     nand3_4x       2 14.6    41    39    1329    (-,-) 
  fopt725/X                          -       A->X   R     inv_2x         2 12.1    36    36    1365    (-,-) 
  g701/X                             -       A->X   F     nand2_4x       3 22.7    37    40    1404    (-,-) 
  g124848/X                          -       B->X   R     aoi21_4x       1  9.8    49    46    1450    (-,-) 
  g125020/X                          -       A->X   F     nand2_4x       4 20.7    37    41    1491    (-,-) 
  g249/X                             -       A->X   R     nand3_1x       1  3.3    47    41    1532    (-,-) 
  g122131/X                          -       A->X   F     nand2_1x       1  5.3    37    41    1573    (-,-) 
  g124702/X                          -       A->X   R     nand2_2x       1  9.6    46    41    1614    (-,-) 
  g124701/X                          -       C->X   F     oai21_4x       2 11.7    34    45    1659    (-,-) 
  fopt124700/X                       -       A->X   F     buf_6x         6 36.0    32    67    1726    (-,-) 
  g114321__118709/X                  -       B->X   R     nand2_4x       4 16.5    42    41    1767    (-,-) 
  fopt126437/X                       -       A->X   F     inv_2x         5 21.3    37    42    1809    (-,-) 
  g114271__6260/X                    -       A->X   R     nand2_1x       1  5.2    48    44    1853    (-,-) 
  g114209__3680/X                    -       A->X   F     nand3_2x       3 13.6    63    59    1912    (-,-) 
  g124669/X                          -       B0->X  R     aoi22_2x       2 11.5    88    82    1995    (-,-) 
  g125005/X                          -       B0->X  F     aoi22_2x       1  5.1    51    52    2047    (-,-) 
  g121028/X                          -       B->X   R     nand2_2x       1 10.0    50    50    2097    (-,-) 
  g125981/X                          -       C->X   F     aoi21_4x       2 11.2    33    39    2136    (-,-) 
  g122659/X                          -       B->X   R     nor2_2x        1  6.2    44    44    2179    (-,-) 
  g122658/X                          -       A->X   F     oai21_2x       1 10.8    43    43    2222    (-,-) 
  g123100/X                          -       A->X   R     inv_4x         2 18.3    32    32    2254    (-,-) 
  g118674/X                          -       A->X   F     inv_6x        20 59.5    34    38    2292    (-,-) 
  g114017__5526/X                    -       A->X   R     nand2_1x       1  3.2    36    34    2326    (-,-) 
  g113988__7482/X                    -       B->X   F     nand2_1x       1  2.7    29    32    2359    (-,-) 
  u_sum_smaller_mantissa_l_reg[5]/D  -       -      F     dffrq_1x       1    -     -     0    2359    (-,-) 
#------------------------------------------------------------------------------------------------------------

Capture clock path:
#------------------------------------------------------------------------------------------------------------
#            Timing Point             Flags   Arc   Edge   Cell     Fanout Load Trans Delay Arrival Instance 
#                                                                          (fF)  (ps)  (ps)   (ps)  Location 
#------------------------------------------------------------------------------------------------------------
  clk                                 (i)     -     R     (arrival)    143  0.0     1     0    1667    (-,-) 
  u_sum_smaller_mantissa_l_reg[5]/CLK <<<     -     R     dffrq_1x     143    -     1     0    1667    (-,-) 
#------------------------------------------------------------------------------------------------------------



Path 11: VIOLATED (-835 ps) Setup Check with Pin u_sum_larger_mantissa_l_reg[11]/CLK->D
           View: view_1p2_25
          Group: clock1
     Startpoint: (R) u_ab_smaller_mantissa_l_reg[6]/CLK
          Clock: (R) clock1
       Endpoint: (F) u_sum_larger_mantissa_l_reg[11]/D
          Clock: (R) clock1

                     Capture       Launch     
        Clock Edge:+    1667            0     
       Src Latency:+       0            0     
       Net Latency:+       0 (I)        0 (I) 
           Arrival:=    1667            0     
                                              
             Setup:-     143                  
       Uncertainty:-       0                  
     Required Time:=    1523                  
      Launch Clock:-       0                  
         Data Path:-    2359                  
             Slack:=    -835                  

Launch clock path:
#-----------------------------------------------------------------------------------------------------------
#           Timing Point             Flags   Arc   Edge   Cell     Fanout Load Trans Delay Arrival Instance 
#                                                                         (fF)  (ps)  (ps)   (ps)  Location 
#-----------------------------------------------------------------------------------------------------------
  clk                                (i)     -     R     (arrival)    143  0.0     1     0       0    (-,-) 
  u_ab_smaller_mantissa_l_reg[6]/CLK <<<     -     R     dffrq_1x     143    -     1     0       0    (-,-) 
#-----------------------------------------------------------------------------------------------------------

#------------------------------------------------------------------------------------------------------------
#           Timing Point             Flags    Arc   Edge   Cell     Fanout Load Trans Delay Arrival Instance 
#                                                                          (fF)  (ps)  (ps)   (ps)  Location 
#------------------------------------------------------------------------------------------------------------
  u_ab_smaller_mantissa_l_reg[6]/CLK -       -      R     (arrival)    143    -     1     0       0    (-,-) 
  u_ab_smaller_mantissa_l_reg[6]/Q   -       CLK->Q R     dffrq_1x       1  6.1    48   176     176    (-,-) 
  g120530/X                          -       A->X   F     inv_2x         3 13.8    30    36     211    (-,-) 
  g117867/X                          -       A->X   R     inv_2x         1  9.8    29    29     240    (-,-) 
  g120527/X                          -       A->X   F     nand2_4x       2 13.0    27    29     269    (-,-) 
  g120526/X                          -       A->X   R     nand2_4x       3 17.9    44    37     306    (-,-) 
  g118656/X                          -       A->X   F     inv_4x         2 14.7    22    26     333    (-,-) 
  g83/X                              -       A->X   R     nand2_4x       1 10.0    31    27     360    (-,-) 
  g125992/X                          -       C->X   F     aoi21_4x       1  9.8    28    32     392    (-,-) 
  g125991/X                          -       A->X   R     nand2_4x       3 24.5    57    45     436    (-,-) 
  g125995/X                          -       A->X   F     aoi21_4x       2 16.6    37    43     479    (-,-) 
  g120/X                             -       A->X   R     oai21_4x       3 14.8    56    50     529    (-,-) 
  g690/X                             -       A->X   F     nand2_2x       1  5.3    30    32     560    (-,-) 
  g125638/X                          -       A->X   R     nand2_2x       1  9.3    47    38     599    (-,-) 
  g126080/X                          -       A->X   F     nand3_4x       2  9.8    34    37     636    (-,-) 
  g126078/X                          -       B->X   R     nand2_2x       2 12.7    56    50     686    (-,-) 
  g125754/X                          -       A->X   F     nor2_4x        3 17.6    42    48     734    (-,-) 
  g124605/X                          -       A->X   R     nand2_4x       1 16.0    41    40     774    (-,-) 
  g124604/X                          -       A->X   F     inv_6x         7 44.7    29    35     809    (-,-) 
  g124607/X                          -       B->X   R     nand2_2x       3 13.6    59    50     860    (-,-) 
  g120131/X                          -       A->X   F     inv_2x         2  8.2    26    30     890    (-,-) 
  g33/X                              -       A->X   R     nand2_2x       1  9.8    48    38     928    (-,-) 
  g125752/X                          -       A->X   F     nand2_4x       2 16.8    34    37     965    (-,-) 
  g125989/X                          -       B->X   R     oai21_4x       2 10.9    45    46    1012    (-,-) 
  g125748/X                          -       A->X   F     inv_2x         1  9.8    24    30    1042    (-,-) 
  g125604/X                          -       A->X   R     nand2_4x       1  9.2    30    27    1069    (-,-) 
  g125602/X                          -       B->X   F     nand2_4x       2 14.4    30    35    1104    (-,-) 
  g126159/X                          -       A->X   R     nand2_2x       1  9.8    46    40    1144    (-,-) 
  g126158/X                          -       A->X   F     nand2_4x       3 15.4    31    36    1179    (-,-) 
  g125785/X                          -       A->X   R     nand3_4x       2 16.3    52    41    1220    (-,-) 
  g125784/X                          -       B->X   F     oai21_2x       1  6.0    34    40    1260    (-,-) 
  g108/X                             -       A->X   R     inv_2x         1  9.3    29    30    1290    (-,-) 
  g125723/X                          -       A->X   F     nand3_4x       2 14.6    41    39    1329    (-,-) 
  fopt725/X                          -       A->X   R     inv_2x         2 12.1    36    36    1365    (-,-) 
  g701/X                             -       A->X   F     nand2_4x       3 22.7    37    40    1404    (-,-) 
  g124848/X                          -       B->X   R     aoi21_4x       1  9.8    49    46    1450    (-,-) 
  g125020/X                          -       A->X   F     nand2_4x       4 20.7    37    41    1491    (-,-) 
  g249/X                             -       A->X   R     nand3_1x       1  3.3    47    41    1532    (-,-) 
  g122131/X                          -       A->X   F     nand2_1x       1  5.3    37    41    1573    (-,-) 
  g124702/X                          -       A->X   R     nand2_2x       1  9.6    46    41    1614    (-,-) 
  g124701/X                          -       C->X   F     oai21_4x       2 11.7    34    45    1659    (-,-) 
  fopt124700/X                       -       A->X   F     buf_6x         6 36.0    32    67    1726    (-,-) 
  g114321__118709/X                  -       B->X   R     nand2_4x       4 16.5    42    41    1767    (-,-) 
  fopt126437/X                       -       A->X   F     inv_2x         5 21.3    37    42    1809    (-,-) 
  g114271__6260/X                    -       A->X   R     nand2_1x       1  5.2    48    44    1853    (-,-) 
  g114209__3680/X                    -       A->X   F     nand3_2x       3 13.6    63    59    1912    (-,-) 
  g124669/X                          -       B0->X  R     aoi22_2x       2 11.5    88    82    1995    (-,-) 
  g125005/X                          -       B0->X  F     aoi22_2x       1  5.1    51    52    2047    (-,-) 
  g121028/X                          -       B->X   R     nand2_2x       1 10.0    50    50    2097    (-,-) 
  g125981/X                          -       C->X   F     aoi21_4x       2 11.2    33    39    2136    (-,-) 
  g122659/X                          -       B->X   R     nor2_2x        1  6.2    44    44    2179    (-,-) 
  g122658/X                          -       A->X   F     oai21_2x       1 10.8    43    43    2222    (-,-) 
  g123100/X                          -       A->X   R     inv_4x         2 18.3    32    32    2254    (-,-) 
  g118674/X                          -       A->X   F     inv_6x        20 59.5    34    38    2292    (-,-) 
  g114023__5122/X                    -       A->X   R     nand2_1x       1  3.2    35    34    2326    (-,-) 
  g113987__1705/X                    -       B->X   F     nand2_1x       1  2.7    30    32    2359    (-,-) 
  u_sum_larger_mantissa_l_reg[11]/D  -       -      F     dffrq_1x       1    -     -     0    2359    (-,-) 
#------------------------------------------------------------------------------------------------------------

Capture clock path:
#------------------------------------------------------------------------------------------------------------
#            Timing Point             Flags   Arc   Edge   Cell     Fanout Load Trans Delay Arrival Instance 
#                                                                          (fF)  (ps)  (ps)   (ps)  Location 
#------------------------------------------------------------------------------------------------------------
  clk                                 (i)     -     R     (arrival)    143  0.0     1     0    1667    (-,-) 
  u_sum_larger_mantissa_l_reg[11]/CLK <<<     -     R     dffrq_1x     143    -     1     0    1667    (-,-) 
#------------------------------------------------------------------------------------------------------------



Path 12: VIOLATED (-835 ps) Setup Check with Pin u_sum_smaller_mantissa_l_reg[9]/CLK->D
           View: view_1p2_25
          Group: clock1
     Startpoint: (R) u_ab_smaller_mantissa_l_reg[6]/CLK
          Clock: (R) clock1
       Endpoint: (F) u_sum_smaller_mantissa_l_reg[9]/D
          Clock: (R) clock1

                     Capture       Launch     
        Clock Edge:+    1667            0     
       Src Latency:+       0            0     
       Net Latency:+       0 (I)        0 (I) 
           Arrival:=    1667            0     
                                              
             Setup:-     143                  
       Uncertainty:-       0                  
     Required Time:=    1524                  
      Launch Clock:-       0                  
         Data Path:-    2359                  
             Slack:=    -835                  

Launch clock path:
#-----------------------------------------------------------------------------------------------------------
#           Timing Point             Flags   Arc   Edge   Cell     Fanout Load Trans Delay Arrival Instance 
#                                                                         (fF)  (ps)  (ps)   (ps)  Location 
#-----------------------------------------------------------------------------------------------------------
  clk                                (i)     -     R     (arrival)    143  0.0     1     0       0    (-,-) 
  u_ab_smaller_mantissa_l_reg[6]/CLK <<<     -     R     dffrq_1x     143    -     1     0       0    (-,-) 
#-----------------------------------------------------------------------------------------------------------

#------------------------------------------------------------------------------------------------------------
#           Timing Point             Flags    Arc   Edge   Cell     Fanout Load Trans Delay Arrival Instance 
#                                                                          (fF)  (ps)  (ps)   (ps)  Location 
#------------------------------------------------------------------------------------------------------------
  u_ab_smaller_mantissa_l_reg[6]/CLK -       -      R     (arrival)    143    -     1     0       0    (-,-) 
  u_ab_smaller_mantissa_l_reg[6]/Q   -       CLK->Q R     dffrq_1x       1  6.1    48   176     176    (-,-) 
  g120530/X                          -       A->X   F     inv_2x         3 13.8    30    36     211    (-,-) 
  g117867/X                          -       A->X   R     inv_2x         1  9.8    29    29     240    (-,-) 
  g120527/X                          -       A->X   F     nand2_4x       2 13.0    27    29     269    (-,-) 
  g120526/X                          -       A->X   R     nand2_4x       3 17.9    44    37     306    (-,-) 
  g118656/X                          -       A->X   F     inv_4x         2 14.7    22    26     333    (-,-) 
  g83/X                              -       A->X   R     nand2_4x       1 10.0    31    27     360    (-,-) 
  g125992/X                          -       C->X   F     aoi21_4x       1  9.8    28    32     392    (-,-) 
  g125991/X                          -       A->X   R     nand2_4x       3 24.5    57    45     436    (-,-) 
  g125995/X                          -       A->X   F     aoi21_4x       2 16.6    37    43     479    (-,-) 
  g120/X                             -       A->X   R     oai21_4x       3 14.8    56    50     529    (-,-) 
  g690/X                             -       A->X   F     nand2_2x       1  5.3    30    32     560    (-,-) 
  g125638/X                          -       A->X   R     nand2_2x       1  9.3    47    38     599    (-,-) 
  g126080/X                          -       A->X   F     nand3_4x       2  9.8    34    37     636    (-,-) 
  g126078/X                          -       B->X   R     nand2_2x       2 12.7    56    50     686    (-,-) 
  g125754/X                          -       A->X   F     nor2_4x        3 17.6    42    48     734    (-,-) 
  g124605/X                          -       A->X   R     nand2_4x       1 16.0    41    40     774    (-,-) 
  g124604/X                          -       A->X   F     inv_6x         7 44.7    29    35     809    (-,-) 
  g124607/X                          -       B->X   R     nand2_2x       3 13.6    59    50     860    (-,-) 
  g120131/X                          -       A->X   F     inv_2x         2  8.2    26    30     890    (-,-) 
  g33/X                              -       A->X   R     nand2_2x       1  9.8    48    38     928    (-,-) 
  g125752/X                          -       A->X   F     nand2_4x       2 16.8    34    37     965    (-,-) 
  g125989/X                          -       B->X   R     oai21_4x       2 10.9    45    46    1012    (-,-) 
  g125748/X                          -       A->X   F     inv_2x         1  9.8    24    30    1042    (-,-) 
  g125604/X                          -       A->X   R     nand2_4x       1  9.2    30    27    1069    (-,-) 
  g125602/X                          -       B->X   F     nand2_4x       2 14.4    30    35    1104    (-,-) 
  g126159/X                          -       A->X   R     nand2_2x       1  9.8    46    40    1144    (-,-) 
  g126158/X                          -       A->X   F     nand2_4x       3 15.4    31    36    1179    (-,-) 
  g125785/X                          -       A->X   R     nand3_4x       2 16.3    52    41    1220    (-,-) 
  g125784/X                          -       B->X   F     oai21_2x       1  6.0    34    40    1260    (-,-) 
  g108/X                             -       A->X   R     inv_2x         1  9.3    29    30    1290    (-,-) 
  g125723/X                          -       A->X   F     nand3_4x       2 14.6    41    39    1329    (-,-) 
  fopt725/X                          -       A->X   R     inv_2x         2 12.1    36    36    1365    (-,-) 
  g701/X                             -       A->X   F     nand2_4x       3 22.7    37    40    1404    (-,-) 
  g124848/X                          -       B->X   R     aoi21_4x       1  9.8    49    46    1450    (-,-) 
  g125020/X                          -       A->X   F     nand2_4x       4 20.7    37    41    1491    (-,-) 
  g249/X                             -       A->X   R     nand3_1x       1  3.3    47    41    1532    (-,-) 
  g122131/X                          -       A->X   F     nand2_1x       1  5.3    37    41    1573    (-,-) 
  g124702/X                          -       A->X   R     nand2_2x       1  9.6    46    41    1614    (-,-) 
  g124701/X                          -       C->X   F     oai21_4x       2 11.7    34    45    1659    (-,-) 
  fopt124700/X                       -       A->X   F     buf_6x         6 36.0    32    67    1726    (-,-) 
  g114321__118709/X                  -       B->X   R     nand2_4x       4 16.5    42    41    1767    (-,-) 
  fopt126437/X                       -       A->X   F     inv_2x         5 21.3    37    42    1809    (-,-) 
  g114271__6260/X                    -       A->X   R     nand2_1x       1  5.2    48    44    1853    (-,-) 
  g114209__3680/X                    -       A->X   F     nand3_2x       3 13.6    63    59    1912    (-,-) 
  g124669/X                          -       B0->X  R     aoi22_2x       2 11.5    88    82    1995    (-,-) 
  g125005/X                          -       B0->X  F     aoi22_2x       1  5.1    51    52    2047    (-,-) 
  g121028/X                          -       B->X   R     nand2_2x       1 10.0    50    50    2097    (-,-) 
  g125981/X                          -       C->X   F     aoi21_4x       2 11.2    33    39    2136    (-,-) 
  g122659/X                          -       B->X   R     nor2_2x        1  6.2    44    44    2179    (-,-) 
  g122658/X                          -       A->X   F     oai21_2x       1 10.8    43    43    2222    (-,-) 
  g123100/X                          -       A->X   R     inv_4x         2 18.3    32    32    2254    (-,-) 
  g118674/X                          -       A->X   F     inv_6x        20 59.5    34    38    2292    (-,-) 
  g114026__6131/X                    -       A->X   R     nand2_1x       1  3.2    36    34    2326    (-,-) 
  g113999__3680/X                    -       B->X   F     nand2_1x       1  2.7    29    32    2359    (-,-) 
  u_sum_smaller_mantissa_l_reg[9]/D  -       -      F     dffrq_1x       1    -     -     0    2359    (-,-) 
#------------------------------------------------------------------------------------------------------------

Capture clock path:
#------------------------------------------------------------------------------------------------------------
#            Timing Point             Flags   Arc   Edge   Cell     Fanout Load Trans Delay Arrival Instance 
#                                                                          (fF)  (ps)  (ps)   (ps)  Location 
#------------------------------------------------------------------------------------------------------------
  clk                                 (i)     -     R     (arrival)    143  0.0     1     0    1667    (-,-) 
  u_sum_smaller_mantissa_l_reg[9]/CLK <<<     -     R     dffrq_1x     143    -     1     0    1667    (-,-) 
#------------------------------------------------------------------------------------------------------------



Path 13: VIOLATED (-835 ps) Setup Check with Pin u_sum_larger_mantissa_l_reg[10]/CLK->D
           View: view_1p2_25
          Group: clock1
     Startpoint: (R) u_ab_smaller_mantissa_l_reg[6]/CLK
          Clock: (R) clock1
       Endpoint: (F) u_sum_larger_mantissa_l_reg[10]/D
          Clock: (R) clock1

                     Capture       Launch     
        Clock Edge:+    1667            0     
       Src Latency:+       0            0     
       Net Latency:+       0 (I)        0 (I) 
           Arrival:=    1667            0     
                                              
             Setup:-     143                  
       Uncertainty:-       0                  
     Required Time:=    1523                  
      Launch Clock:-       0                  
         Data Path:-    2359                  
             Slack:=    -835                  

Launch clock path:
#-----------------------------------------------------------------------------------------------------------
#           Timing Point             Flags   Arc   Edge   Cell     Fanout Load Trans Delay Arrival Instance 
#                                                                         (fF)  (ps)  (ps)   (ps)  Location 
#-----------------------------------------------------------------------------------------------------------
  clk                                (i)     -     R     (arrival)    143  0.0     1     0       0    (-,-) 
  u_ab_smaller_mantissa_l_reg[6]/CLK <<<     -     R     dffrq_1x     143    -     1     0       0    (-,-) 
#-----------------------------------------------------------------------------------------------------------

#------------------------------------------------------------------------------------------------------------
#           Timing Point             Flags    Arc   Edge   Cell     Fanout Load Trans Delay Arrival Instance 
#                                                                          (fF)  (ps)  (ps)   (ps)  Location 
#------------------------------------------------------------------------------------------------------------
  u_ab_smaller_mantissa_l_reg[6]/CLK -       -      R     (arrival)    143    -     1     0       0    (-,-) 
  u_ab_smaller_mantissa_l_reg[6]/Q   -       CLK->Q R     dffrq_1x       1  6.1    48   176     176    (-,-) 
  g120530/X                          -       A->X   F     inv_2x         3 13.8    30    36     211    (-,-) 
  g117867/X                          -       A->X   R     inv_2x         1  9.8    29    29     240    (-,-) 
  g120527/X                          -       A->X   F     nand2_4x       2 13.0    27    29     269    (-,-) 
  g120526/X                          -       A->X   R     nand2_4x       3 17.9    44    37     306    (-,-) 
  g118656/X                          -       A->X   F     inv_4x         2 14.7    22    26     333    (-,-) 
  g83/X                              -       A->X   R     nand2_4x       1 10.0    31    27     360    (-,-) 
  g125992/X                          -       C->X   F     aoi21_4x       1  9.8    28    32     392    (-,-) 
  g125991/X                          -       A->X   R     nand2_4x       3 24.5    57    45     436    (-,-) 
  g125995/X                          -       A->X   F     aoi21_4x       2 16.6    37    43     479    (-,-) 
  g120/X                             -       A->X   R     oai21_4x       3 14.8    56    50     529    (-,-) 
  g690/X                             -       A->X   F     nand2_2x       1  5.3    30    32     560    (-,-) 
  g125638/X                          -       A->X   R     nand2_2x       1  9.3    47    38     599    (-,-) 
  g126080/X                          -       A->X   F     nand3_4x       2  9.8    34    37     636    (-,-) 
  g126078/X                          -       B->X   R     nand2_2x       2 12.7    56    50     686    (-,-) 
  g125754/X                          -       A->X   F     nor2_4x        3 17.6    42    48     734    (-,-) 
  g124605/X                          -       A->X   R     nand2_4x       1 16.0    41    40     774    (-,-) 
  g124604/X                          -       A->X   F     inv_6x         7 44.7    29    35     809    (-,-) 
  g124607/X                          -       B->X   R     nand2_2x       3 13.6    59    50     860    (-,-) 
  g120131/X                          -       A->X   F     inv_2x         2  8.2    26    30     890    (-,-) 
  g33/X                              -       A->X   R     nand2_2x       1  9.8    48    38     928    (-,-) 
  g125752/X                          -       A->X   F     nand2_4x       2 16.8    34    37     965    (-,-) 
  g125989/X                          -       B->X   R     oai21_4x       2 10.9    45    46    1012    (-,-) 
  g125748/X                          -       A->X   F     inv_2x         1  9.8    24    30    1042    (-,-) 
  g125604/X                          -       A->X   R     nand2_4x       1  9.2    30    27    1069    (-,-) 
  g125602/X                          -       B->X   F     nand2_4x       2 14.4    30    35    1104    (-,-) 
  g126159/X                          -       A->X   R     nand2_2x       1  9.8    46    40    1144    (-,-) 
  g126158/X                          -       A->X   F     nand2_4x       3 15.4    31    36    1179    (-,-) 
  g125785/X                          -       A->X   R     nand3_4x       2 16.3    52    41    1220    (-,-) 
  g125784/X                          -       B->X   F     oai21_2x       1  6.0    34    40    1260    (-,-) 
  g108/X                             -       A->X   R     inv_2x         1  9.3    29    30    1290    (-,-) 
  g125723/X                          -       A->X   F     nand3_4x       2 14.6    41    39    1329    (-,-) 
  fopt725/X                          -       A->X   R     inv_2x         2 12.1    36    36    1365    (-,-) 
  g701/X                             -       A->X   F     nand2_4x       3 22.7    37    40    1404    (-,-) 
  g124848/X                          -       B->X   R     aoi21_4x       1  9.8    49    46    1450    (-,-) 
  g125020/X                          -       A->X   F     nand2_4x       4 20.7    37    41    1491    (-,-) 
  g249/X                             -       A->X   R     nand3_1x       1  3.3    47    41    1532    (-,-) 
  g122131/X                          -       A->X   F     nand2_1x       1  5.3    37    41    1573    (-,-) 
  g124702/X                          -       A->X   R     nand2_2x       1  9.6    46    41    1614    (-,-) 
  g124701/X                          -       C->X   F     oai21_4x       2 11.7    34    45    1659    (-,-) 
  fopt124700/X                       -       A->X   F     buf_6x         6 36.0    32    67    1726    (-,-) 
  g114321__118709/X                  -       B->X   R     nand2_4x       4 16.5    42    41    1767    (-,-) 
  fopt126437/X                       -       A->X   F     inv_2x         5 21.3    37    42    1809    (-,-) 
  g114271__6260/X                    -       A->X   R     nand2_1x       1  5.2    48    44    1853    (-,-) 
  g114209__3680/X                    -       A->X   F     nand3_2x       3 13.6    63    59    1912    (-,-) 
  g124669/X                          -       B0->X  R     aoi22_2x       2 11.5    88    82    1995    (-,-) 
  g125005/X                          -       B0->X  F     aoi22_2x       1  5.1    51    52    2047    (-,-) 
  g121028/X                          -       B->X   R     nand2_2x       1 10.0    50    50    2097    (-,-) 
  g125981/X                          -       C->X   F     aoi21_4x       2 11.2    33    39    2136    (-,-) 
  g122659/X                          -       B->X   R     nor2_2x        1  6.2    44    44    2179    (-,-) 
  g122658/X                          -       A->X   F     oai21_2x       1 10.8    43    43    2222    (-,-) 
  g123100/X                          -       A->X   R     inv_4x         2 18.3    32    32    2254    (-,-) 
  g118674/X                          -       A->X   F     inv_6x        20 59.5    34    38    2292    (-,-) 
  g114014__6260/X                    -       A->X   R     nand2_1x       1  3.2    35    34    2326    (-,-) 
  g113993__2398/X                    -       B->X   F     nand2_1x       1  2.7    30    32    2358    (-,-) 
  u_sum_larger_mantissa_l_reg[10]/D  -       -      F     dffrq_1x       1    -     -     0    2359    (-,-) 
#------------------------------------------------------------------------------------------------------------

Capture clock path:
#------------------------------------------------------------------------------------------------------------
#            Timing Point             Flags   Arc   Edge   Cell     Fanout Load Trans Delay Arrival Instance 
#                                                                          (fF)  (ps)  (ps)   (ps)  Location 
#------------------------------------------------------------------------------------------------------------
  clk                                 (i)     -     R     (arrival)    143  0.0     1     0    1667    (-,-) 
  u_sum_larger_mantissa_l_reg[10]/CLK <<<     -     R     dffrq_1x     143    -     1     0    1667    (-,-) 
#------------------------------------------------------------------------------------------------------------



Path 14: VIOLATED (-835 ps) Setup Check with Pin u_sum_smaller_mantissa_l_reg[3]/CLK->D
           View: view_1p2_25
          Group: clock1
     Startpoint: (R) u_ab_smaller_mantissa_l_reg[6]/CLK
          Clock: (R) clock1
       Endpoint: (F) u_sum_smaller_mantissa_l_reg[3]/D
          Clock: (R) clock1

                     Capture       Launch     
        Clock Edge:+    1667            0     
       Src Latency:+       0            0     
       Net Latency:+       0 (I)        0 (I) 
           Arrival:=    1667            0     
                                              
             Setup:-     143                  
       Uncertainty:-       0                  
     Required Time:=    1524                  
      Launch Clock:-       0                  
         Data Path:-    2359                  
             Slack:=    -835                  

Launch clock path:
#-----------------------------------------------------------------------------------------------------------
#           Timing Point             Flags   Arc   Edge   Cell     Fanout Load Trans Delay Arrival Instance 
#                                                                         (fF)  (ps)  (ps)   (ps)  Location 
#-----------------------------------------------------------------------------------------------------------
  clk                                (i)     -     R     (arrival)    143  0.0     1     0       0    (-,-) 
  u_ab_smaller_mantissa_l_reg[6]/CLK <<<     -     R     dffrq_1x     143    -     1     0       0    (-,-) 
#-----------------------------------------------------------------------------------------------------------

#------------------------------------------------------------------------------------------------------------
#           Timing Point             Flags    Arc   Edge   Cell     Fanout Load Trans Delay Arrival Instance 
#                                                                          (fF)  (ps)  (ps)   (ps)  Location 
#------------------------------------------------------------------------------------------------------------
  u_ab_smaller_mantissa_l_reg[6]/CLK -       -      R     (arrival)    143    -     1     0       0    (-,-) 
  u_ab_smaller_mantissa_l_reg[6]/Q   -       CLK->Q R     dffrq_1x       1  6.1    48   176     176    (-,-) 
  g120530/X                          -       A->X   F     inv_2x         3 13.8    30    36     211    (-,-) 
  g117867/X                          -       A->X   R     inv_2x         1  9.8    29    29     240    (-,-) 
  g120527/X                          -       A->X   F     nand2_4x       2 13.0    27    29     269    (-,-) 
  g120526/X                          -       A->X   R     nand2_4x       3 17.9    44    37     306    (-,-) 
  g118656/X                          -       A->X   F     inv_4x         2 14.7    22    26     333    (-,-) 
  g83/X                              -       A->X   R     nand2_4x       1 10.0    31    27     360    (-,-) 
  g125992/X                          -       C->X   F     aoi21_4x       1  9.8    28    32     392    (-,-) 
  g125991/X                          -       A->X   R     nand2_4x       3 24.5    57    45     436    (-,-) 
  g125995/X                          -       A->X   F     aoi21_4x       2 16.6    37    43     479    (-,-) 
  g120/X                             -       A->X   R     oai21_4x       3 14.8    56    50     529    (-,-) 
  g690/X                             -       A->X   F     nand2_2x       1  5.3    30    32     560    (-,-) 
  g125638/X                          -       A->X   R     nand2_2x       1  9.3    47    38     599    (-,-) 
  g126080/X                          -       A->X   F     nand3_4x       2  9.8    34    37     636    (-,-) 
  g126078/X                          -       B->X   R     nand2_2x       2 12.7    56    50     686    (-,-) 
  g125754/X                          -       A->X   F     nor2_4x        3 17.6    42    48     734    (-,-) 
  g124605/X                          -       A->X   R     nand2_4x       1 16.0    41    40     774    (-,-) 
  g124604/X                          -       A->X   F     inv_6x         7 44.7    29    35     809    (-,-) 
  g124607/X                          -       B->X   R     nand2_2x       3 13.6    59    50     860    (-,-) 
  g120131/X                          -       A->X   F     inv_2x         2  8.2    26    30     890    (-,-) 
  g33/X                              -       A->X   R     nand2_2x       1  9.8    48    38     928    (-,-) 
  g125752/X                          -       A->X   F     nand2_4x       2 16.8    34    37     965    (-,-) 
  g125989/X                          -       B->X   R     oai21_4x       2 10.9    45    46    1012    (-,-) 
  g125748/X                          -       A->X   F     inv_2x         1  9.8    24    30    1042    (-,-) 
  g125604/X                          -       A->X   R     nand2_4x       1  9.2    30    27    1069    (-,-) 
  g125602/X                          -       B->X   F     nand2_4x       2 14.4    30    35    1104    (-,-) 
  g126159/X                          -       A->X   R     nand2_2x       1  9.8    46    40    1144    (-,-) 
  g126158/X                          -       A->X   F     nand2_4x       3 15.4    31    36    1179    (-,-) 
  g125785/X                          -       A->X   R     nand3_4x       2 16.3    52    41    1220    (-,-) 
  g125784/X                          -       B->X   F     oai21_2x       1  6.0    34    40    1260    (-,-) 
  g108/X                             -       A->X   R     inv_2x         1  9.3    29    30    1290    (-,-) 
  g125723/X                          -       A->X   F     nand3_4x       2 14.6    41    39    1329    (-,-) 
  fopt725/X                          -       A->X   R     inv_2x         2 12.1    36    36    1365    (-,-) 
  g701/X                             -       A->X   F     nand2_4x       3 22.7    37    40    1404    (-,-) 
  g124848/X                          -       B->X   R     aoi21_4x       1  9.8    49    46    1450    (-,-) 
  g125020/X                          -       A->X   F     nand2_4x       4 20.7    37    41    1491    (-,-) 
  g249/X                             -       A->X   R     nand3_1x       1  3.3    47    41    1532    (-,-) 
  g122131/X                          -       A->X   F     nand2_1x       1  5.3    37    41    1573    (-,-) 
  g124702/X                          -       A->X   R     nand2_2x       1  9.6    46    41    1614    (-,-) 
  g124701/X                          -       C->X   F     oai21_4x       2 11.7    34    45    1659    (-,-) 
  fopt124700/X                       -       A->X   F     buf_6x         6 36.0    32    67    1726    (-,-) 
  g114321__118709/X                  -       B->X   R     nand2_4x       4 16.5    42    41    1767    (-,-) 
  fopt126437/X                       -       A->X   F     inv_2x         5 21.3    37    42    1809    (-,-) 
  g114271__6260/X                    -       A->X   R     nand2_1x       1  5.2    48    44    1853    (-,-) 
  g114209__3680/X                    -       A->X   F     nand3_2x       3 13.6    63    59    1912    (-,-) 
  g124669/X                          -       B0->X  R     aoi22_2x       2 11.5    88    82    1995    (-,-) 
  g125005/X                          -       B0->X  F     aoi22_2x       1  5.1    51    52    2047    (-,-) 
  g121028/X                          -       B->X   R     nand2_2x       1 10.0    50    50    2097    (-,-) 
  g125981/X                          -       C->X   F     aoi21_4x       2 11.2    33    39    2136    (-,-) 
  g122659/X                          -       B->X   R     nor2_2x        1  6.2    44    44    2179    (-,-) 
  g122658/X                          -       A->X   F     oai21_2x       1 10.8    43    43    2222    (-,-) 
  g123100/X                          -       A->X   R     inv_4x         2 18.3    32    32    2254    (-,-) 
  g118674/X                          -       A->X   F     inv_6x        20 59.5    34    38    2292    (-,-) 
  g114016__8428/X                    -       A->X   R     nand2_1x       1  3.2    35    34    2326    (-,-) 
  g113997__5526/X                    -       B->X   F     nand2_1x       1  2.7    30    32    2359    (-,-) 
  u_sum_smaller_mantissa_l_reg[3]/D  -       -      F     dffrq_1x       1    -     -     0    2359    (-,-) 
#------------------------------------------------------------------------------------------------------------

Capture clock path:
#------------------------------------------------------------------------------------------------------------
#            Timing Point             Flags   Arc   Edge   Cell     Fanout Load Trans Delay Arrival Instance 
#                                                                          (fF)  (ps)  (ps)   (ps)  Location 
#------------------------------------------------------------------------------------------------------------
  clk                                 (i)     -     R     (arrival)    143  0.0     1     0    1667    (-,-) 
  u_sum_smaller_mantissa_l_reg[3]/CLK <<<     -     R     dffrq_1x     143    -     1     0    1667    (-,-) 
#------------------------------------------------------------------------------------------------------------



Path 15: VIOLATED (-835 ps) Setup Check with Pin u_sum_larger_mantissa_l_reg[8]/CLK->D
           View: view_1p2_25
          Group: clock1
     Startpoint: (R) u_ab_smaller_mantissa_l_reg[6]/CLK
          Clock: (R) clock1
       Endpoint: (F) u_sum_larger_mantissa_l_reg[8]/D
          Clock: (R) clock1

                     Capture       Launch     
        Clock Edge:+    1667            0     
       Src Latency:+       0            0     
       Net Latency:+       0 (I)        0 (I) 
           Arrival:=    1667            0     
                                              
             Setup:-     143                  
       Uncertainty:-       0                  
     Required Time:=    1523                  
      Launch Clock:-       0                  
         Data Path:-    2359                  
             Slack:=    -835                  

Launch clock path:
#-----------------------------------------------------------------------------------------------------------
#           Timing Point             Flags   Arc   Edge   Cell     Fanout Load Trans Delay Arrival Instance 
#                                                                         (fF)  (ps)  (ps)   (ps)  Location 
#-----------------------------------------------------------------------------------------------------------
  clk                                (i)     -     R     (arrival)    143  0.0     1     0       0    (-,-) 
  u_ab_smaller_mantissa_l_reg[6]/CLK <<<     -     R     dffrq_1x     143    -     1     0       0    (-,-) 
#-----------------------------------------------------------------------------------------------------------

#------------------------------------------------------------------------------------------------------------
#           Timing Point             Flags    Arc   Edge   Cell     Fanout Load Trans Delay Arrival Instance 
#                                                                          (fF)  (ps)  (ps)   (ps)  Location 
#------------------------------------------------------------------------------------------------------------
  u_ab_smaller_mantissa_l_reg[6]/CLK -       -      R     (arrival)    143    -     1     0       0    (-,-) 
  u_ab_smaller_mantissa_l_reg[6]/Q   -       CLK->Q R     dffrq_1x       1  6.1    48   176     176    (-,-) 
  g120530/X                          -       A->X   F     inv_2x         3 13.8    30    36     211    (-,-) 
  g117867/X                          -       A->X   R     inv_2x         1  9.8    29    29     240    (-,-) 
  g120527/X                          -       A->X   F     nand2_4x       2 13.0    27    29     269    (-,-) 
  g120526/X                          -       A->X   R     nand2_4x       3 17.9    44    37     306    (-,-) 
  g118656/X                          -       A->X   F     inv_4x         2 14.7    22    26     333    (-,-) 
  g83/X                              -       A->X   R     nand2_4x       1 10.0    31    27     360    (-,-) 
  g125992/X                          -       C->X   F     aoi21_4x       1  9.8    28    32     392    (-,-) 
  g125991/X                          -       A->X   R     nand2_4x       3 24.5    57    45     436    (-,-) 
  g125995/X                          -       A->X   F     aoi21_4x       2 16.6    37    43     479    (-,-) 
  g120/X                             -       A->X   R     oai21_4x       3 14.8    56    50     529    (-,-) 
  g690/X                             -       A->X   F     nand2_2x       1  5.3    30    32     560    (-,-) 
  g125638/X                          -       A->X   R     nand2_2x       1  9.3    47    38     599    (-,-) 
  g126080/X                          -       A->X   F     nand3_4x       2  9.8    34    37     636    (-,-) 
  g126078/X                          -       B->X   R     nand2_2x       2 12.7    56    50     686    (-,-) 
  g125754/X                          -       A->X   F     nor2_4x        3 17.6    42    48     734    (-,-) 
  g124605/X                          -       A->X   R     nand2_4x       1 16.0    41    40     774    (-,-) 
  g124604/X                          -       A->X   F     inv_6x         7 44.7    29    35     809    (-,-) 
  g124607/X                          -       B->X   R     nand2_2x       3 13.6    59    50     860    (-,-) 
  g120131/X                          -       A->X   F     inv_2x         2  8.2    26    30     890    (-,-) 
  g33/X                              -       A->X   R     nand2_2x       1  9.8    48    38     928    (-,-) 
  g125752/X                          -       A->X   F     nand2_4x       2 16.8    34    37     965    (-,-) 
  g125989/X                          -       B->X   R     oai21_4x       2 10.9    45    46    1012    (-,-) 
  g125748/X                          -       A->X   F     inv_2x         1  9.8    24    30    1042    (-,-) 
  g125604/X                          -       A->X   R     nand2_4x       1  9.2    30    27    1069    (-,-) 
  g125602/X                          -       B->X   F     nand2_4x       2 14.4    30    35    1104    (-,-) 
  g126159/X                          -       A->X   R     nand2_2x       1  9.8    46    40    1144    (-,-) 
  g126158/X                          -       A->X   F     nand2_4x       3 15.4    31    36    1179    (-,-) 
  g125785/X                          -       A->X   R     nand3_4x       2 16.3    52    41    1220    (-,-) 
  g125784/X                          -       B->X   F     oai21_2x       1  6.0    34    40    1260    (-,-) 
  g108/X                             -       A->X   R     inv_2x         1  9.3    29    30    1290    (-,-) 
  g125723/X                          -       A->X   F     nand3_4x       2 14.6    41    39    1329    (-,-) 
  fopt725/X                          -       A->X   R     inv_2x         2 12.1    36    36    1365    (-,-) 
  g701/X                             -       A->X   F     nand2_4x       3 22.7    37    40    1404    (-,-) 
  g124848/X                          -       B->X   R     aoi21_4x       1  9.8    49    46    1450    (-,-) 
  g125020/X                          -       A->X   F     nand2_4x       4 20.7    37    41    1491    (-,-) 
  g249/X                             -       A->X   R     nand3_1x       1  3.3    47    41    1532    (-,-) 
  g122131/X                          -       A->X   F     nand2_1x       1  5.3    37    41    1573    (-,-) 
  g124702/X                          -       A->X   R     nand2_2x       1  9.6    46    41    1614    (-,-) 
  g124701/X                          -       C->X   F     oai21_4x       2 11.7    34    45    1659    (-,-) 
  fopt124700/X                       -       A->X   F     buf_6x         6 36.0    32    67    1726    (-,-) 
  g114321__118709/X                  -       B->X   R     nand2_4x       4 16.5    42    41    1767    (-,-) 
  fopt126437/X                       -       A->X   F     inv_2x         5 21.3    37    42    1809    (-,-) 
  g114271__6260/X                    -       A->X   R     nand2_1x       1  5.2    48    44    1853    (-,-) 
  g114209__3680/X                    -       A->X   F     nand3_2x       3 13.6    63    59    1912    (-,-) 
  g124669/X                          -       B0->X  R     aoi22_2x       2 11.5    88    82    1995    (-,-) 
  g125005/X                          -       B0->X  F     aoi22_2x       1  5.1    51    52    2047    (-,-) 
  g121028/X                          -       B->X   R     nand2_2x       1 10.0    50    50    2097    (-,-) 
  g125981/X                          -       C->X   F     aoi21_4x       2 11.2    33    39    2136    (-,-) 
  g122659/X                          -       B->X   R     nor2_2x        1  6.2    44    44    2179    (-,-) 
  g122658/X                          -       A->X   F     oai21_2x       1 10.8    43    43    2222    (-,-) 
  g123100/X                          -       A->X   R     inv_4x         2 18.3    32    32    2254    (-,-) 
  g118674/X                          -       A->X   F     inv_6x        20 59.5    34    38    2292    (-,-) 
  g114012__2398/X                    -       A->X   R     nand2_1x       1  3.2    35    34    2326    (-,-) 
  g114002__1881/X                    -       B->X   F     nand2_1x       1  2.7    30    32    2358    (-,-) 
  u_sum_larger_mantissa_l_reg[8]/D   -       -      F     dffrq_1x       1    -     -     0    2359    (-,-) 
#------------------------------------------------------------------------------------------------------------

Capture clock path:
#-----------------------------------------------------------------------------------------------------------
#           Timing Point             Flags   Arc   Edge   Cell     Fanout Load Trans Delay Arrival Instance 
#                                                                         (fF)  (ps)  (ps)   (ps)  Location 
#-----------------------------------------------------------------------------------------------------------
  clk                                (i)     -     R     (arrival)    143  0.0     1     0    1667    (-,-) 
  u_sum_larger_mantissa_l_reg[8]/CLK <<<     -     R     dffrq_1x     143    -     1     0    1667    (-,-) 
#-----------------------------------------------------------------------------------------------------------



Path 16: VIOLATED (-835 ps) Setup Check with Pin u_sum_larger_mantissa_l_reg[5]/CLK->D
           View: view_1p2_25
          Group: clock1
     Startpoint: (R) u_ab_smaller_mantissa_l_reg[6]/CLK
          Clock: (R) clock1
       Endpoint: (F) u_sum_larger_mantissa_l_reg[5]/D
          Clock: (R) clock1

                     Capture       Launch     
        Clock Edge:+    1667            0     
       Src Latency:+       0            0     
       Net Latency:+       0 (I)        0 (I) 
           Arrival:=    1667            0     
                                              
             Setup:-     143                  
       Uncertainty:-       0                  
     Required Time:=    1524                  
      Launch Clock:-       0                  
         Data Path:-    2359                  
             Slack:=    -835                  

Launch clock path:
#-----------------------------------------------------------------------------------------------------------
#           Timing Point             Flags   Arc   Edge   Cell     Fanout Load Trans Delay Arrival Instance 
#                                                                         (fF)  (ps)  (ps)   (ps)  Location 
#-----------------------------------------------------------------------------------------------------------
  clk                                (i)     -     R     (arrival)    143  0.0     1     0       0    (-,-) 
  u_ab_smaller_mantissa_l_reg[6]/CLK <<<     -     R     dffrq_1x     143    -     1     0       0    (-,-) 
#-----------------------------------------------------------------------------------------------------------

#------------------------------------------------------------------------------------------------------------
#           Timing Point             Flags    Arc   Edge   Cell     Fanout Load Trans Delay Arrival Instance 
#                                                                          (fF)  (ps)  (ps)   (ps)  Location 
#------------------------------------------------------------------------------------------------------------
  u_ab_smaller_mantissa_l_reg[6]/CLK -       -      R     (arrival)    143    -     1     0       0    (-,-) 
  u_ab_smaller_mantissa_l_reg[6]/Q   -       CLK->Q R     dffrq_1x       1  6.1    48   176     176    (-,-) 
  g120530/X                          -       A->X   F     inv_2x         3 13.8    30    36     211    (-,-) 
  g117867/X                          -       A->X   R     inv_2x         1  9.8    29    29     240    (-,-) 
  g120527/X                          -       A->X   F     nand2_4x       2 13.0    27    29     269    (-,-) 
  g120526/X                          -       A->X   R     nand2_4x       3 17.9    44    37     306    (-,-) 
  g118656/X                          -       A->X   F     inv_4x         2 14.7    22    26     333    (-,-) 
  g83/X                              -       A->X   R     nand2_4x       1 10.0    31    27     360    (-,-) 
  g125992/X                          -       C->X   F     aoi21_4x       1  9.8    28    32     392    (-,-) 
  g125991/X                          -       A->X   R     nand2_4x       3 24.5    57    45     436    (-,-) 
  g125995/X                          -       A->X   F     aoi21_4x       2 16.6    37    43     479    (-,-) 
  g120/X                             -       A->X   R     oai21_4x       3 14.8    56    50     529    (-,-) 
  g690/X                             -       A->X   F     nand2_2x       1  5.3    30    32     560    (-,-) 
  g125638/X                          -       A->X   R     nand2_2x       1  9.3    47    38     599    (-,-) 
  g126080/X                          -       A->X   F     nand3_4x       2  9.8    34    37     636    (-,-) 
  g126078/X                          -       B->X   R     nand2_2x       2 12.7    56    50     686    (-,-) 
  g125754/X                          -       A->X   F     nor2_4x        3 17.6    42    48     734    (-,-) 
  g124605/X                          -       A->X   R     nand2_4x       1 16.0    41    40     774    (-,-) 
  g124604/X                          -       A->X   F     inv_6x         7 44.7    29    35     809    (-,-) 
  g124607/X                          -       B->X   R     nand2_2x       3 13.6    59    50     860    (-,-) 
  g120131/X                          -       A->X   F     inv_2x         2  8.2    26    30     890    (-,-) 
  g33/X                              -       A->X   R     nand2_2x       1  9.8    48    38     928    (-,-) 
  g125752/X                          -       A->X   F     nand2_4x       2 16.8    34    37     965    (-,-) 
  g125989/X                          -       B->X   R     oai21_4x       2 10.9    45    46    1012    (-,-) 
  g125748/X                          -       A->X   F     inv_2x         1  9.8    24    30    1042    (-,-) 
  g125604/X                          -       A->X   R     nand2_4x       1  9.2    30    27    1069    (-,-) 
  g125602/X                          -       B->X   F     nand2_4x       2 14.4    30    35    1104    (-,-) 
  g126159/X                          -       A->X   R     nand2_2x       1  9.8    46    40    1144    (-,-) 
  g126158/X                          -       A->X   F     nand2_4x       3 15.4    31    36    1179    (-,-) 
  g125785/X                          -       A->X   R     nand3_4x       2 16.3    52    41    1220    (-,-) 
  g125784/X                          -       B->X   F     oai21_2x       1  6.0    34    40    1260    (-,-) 
  g108/X                             -       A->X   R     inv_2x         1  9.3    29    30    1290    (-,-) 
  g125723/X                          -       A->X   F     nand3_4x       2 14.6    41    39    1329    (-,-) 
  fopt725/X                          -       A->X   R     inv_2x         2 12.1    36    36    1365    (-,-) 
  g701/X                             -       A->X   F     nand2_4x       3 22.7    37    40    1404    (-,-) 
  g124848/X                          -       B->X   R     aoi21_4x       1  9.8    49    46    1450    (-,-) 
  g125020/X                          -       A->X   F     nand2_4x       4 20.7    37    41    1491    (-,-) 
  g249/X                             -       A->X   R     nand3_1x       1  3.3    47    41    1532    (-,-) 
  g122131/X                          -       A->X   F     nand2_1x       1  5.3    37    41    1573    (-,-) 
  g124702/X                          -       A->X   R     nand2_2x       1  9.6    46    41    1614    (-,-) 
  g124701/X                          -       C->X   F     oai21_4x       2 11.7    34    45    1659    (-,-) 
  fopt124700/X                       -       A->X   F     buf_6x         6 36.0    32    67    1726    (-,-) 
  g114321__118709/X                  -       B->X   R     nand2_4x       4 16.5    42    41    1767    (-,-) 
  fopt126437/X                       -       A->X   F     inv_2x         5 21.3    37    42    1809    (-,-) 
  g114271__6260/X                    -       A->X   R     nand2_1x       1  5.2    48    44    1853    (-,-) 
  g114209__3680/X                    -       A->X   F     nand3_2x       3 13.6    63    59    1912    (-,-) 
  g124669/X                          -       B0->X  R     aoi22_2x       2 11.5    88    82    1995    (-,-) 
  g125005/X                          -       B0->X  F     aoi22_2x       1  5.1    51    52    2047    (-,-) 
  g121028/X                          -       B->X   R     nand2_2x       1 10.0    50    50    2097    (-,-) 
  g125981/X                          -       C->X   F     aoi21_4x       2 11.2    33    39    2136    (-,-) 
  g122659/X                          -       B->X   R     nor2_2x        1  6.2    44    44    2179    (-,-) 
  g122658/X                          -       A->X   F     oai21_2x       1 10.8    43    43    2222    (-,-) 
  g123100/X                          -       A->X   R     inv_4x         2 18.3    32    32    2254    (-,-) 
  g118674/X                          -       A->X   F     inv_6x        20 59.5    34    38    2292    (-,-) 
  g114009__7410/X                    -       A->X   R     nand2_1x       1  3.2    36    34    2326    (-,-) 
  g113986__5115/X                    -       B->X   F     nand2_1x       1  2.7    30    32    2359    (-,-) 
  u_sum_larger_mantissa_l_reg[5]/D   -       -      F     dffrq_1x       1    -     -     0    2359    (-,-) 
#------------------------------------------------------------------------------------------------------------

Capture clock path:
#-----------------------------------------------------------------------------------------------------------
#           Timing Point             Flags   Arc   Edge   Cell     Fanout Load Trans Delay Arrival Instance 
#                                                                         (fF)  (ps)  (ps)   (ps)  Location 
#-----------------------------------------------------------------------------------------------------------
  clk                                (i)     -     R     (arrival)    143  0.0     1     0    1667    (-,-) 
  u_sum_larger_mantissa_l_reg[5]/CLK <<<     -     R     dffrq_1x     143    -     1     0    1667    (-,-) 
#-----------------------------------------------------------------------------------------------------------



Path 17: VIOLATED (-835 ps) Setup Check with Pin u_sum_smaller_mantissa_l_reg[7]/CLK->D
           View: view_1p2_25
          Group: clock1
     Startpoint: (R) u_ab_smaller_mantissa_l_reg[6]/CLK
          Clock: (R) clock1
       Endpoint: (F) u_sum_smaller_mantissa_l_reg[7]/D
          Clock: (R) clock1

                     Capture       Launch     
        Clock Edge:+    1667            0     
       Src Latency:+       0            0     
       Net Latency:+       0 (I)        0 (I) 
           Arrival:=    1667            0     
                                              
             Setup:-     143                  
       Uncertainty:-       0                  
     Required Time:=    1524                  
      Launch Clock:-       0                  
         Data Path:-    2359                  
             Slack:=    -835                  

Launch clock path:
#-----------------------------------------------------------------------------------------------------------
#           Timing Point             Flags   Arc   Edge   Cell     Fanout Load Trans Delay Arrival Instance 
#                                                                         (fF)  (ps)  (ps)   (ps)  Location 
#-----------------------------------------------------------------------------------------------------------
  clk                                (i)     -     R     (arrival)    143  0.0     1     0       0    (-,-) 
  u_ab_smaller_mantissa_l_reg[6]/CLK <<<     -     R     dffrq_1x     143    -     1     0       0    (-,-) 
#-----------------------------------------------------------------------------------------------------------

#------------------------------------------------------------------------------------------------------------
#           Timing Point             Flags    Arc   Edge   Cell     Fanout Load Trans Delay Arrival Instance 
#                                                                          (fF)  (ps)  (ps)   (ps)  Location 
#------------------------------------------------------------------------------------------------------------
  u_ab_smaller_mantissa_l_reg[6]/CLK -       -      R     (arrival)    143    -     1     0       0    (-,-) 
  u_ab_smaller_mantissa_l_reg[6]/Q   -       CLK->Q R     dffrq_1x       1  6.1    48   176     176    (-,-) 
  g120530/X                          -       A->X   F     inv_2x         3 13.8    30    36     211    (-,-) 
  g117867/X                          -       A->X   R     inv_2x         1  9.8    29    29     240    (-,-) 
  g120527/X                          -       A->X   F     nand2_4x       2 13.0    27    29     269    (-,-) 
  g120526/X                          -       A->X   R     nand2_4x       3 17.9    44    37     306    (-,-) 
  g118656/X                          -       A->X   F     inv_4x         2 14.7    22    26     333    (-,-) 
  g83/X                              -       A->X   R     nand2_4x       1 10.0    31    27     360    (-,-) 
  g125992/X                          -       C->X   F     aoi21_4x       1  9.8    28    32     392    (-,-) 
  g125991/X                          -       A->X   R     nand2_4x       3 24.5    57    45     436    (-,-) 
  g125995/X                          -       A->X   F     aoi21_4x       2 16.6    37    43     479    (-,-) 
  g120/X                             -       A->X   R     oai21_4x       3 14.8    56    50     529    (-,-) 
  g690/X                             -       A->X   F     nand2_2x       1  5.3    30    32     560    (-,-) 
  g125638/X                          -       A->X   R     nand2_2x       1  9.3    47    38     599    (-,-) 
  g126080/X                          -       A->X   F     nand3_4x       2  9.8    34    37     636    (-,-) 
  g126078/X                          -       B->X   R     nand2_2x       2 12.7    56    50     686    (-,-) 
  g125754/X                          -       A->X   F     nor2_4x        3 17.6    42    48     734    (-,-) 
  g124605/X                          -       A->X   R     nand2_4x       1 16.0    41    40     774    (-,-) 
  g124604/X                          -       A->X   F     inv_6x         7 44.7    29    35     809    (-,-) 
  g124607/X                          -       B->X   R     nand2_2x       3 13.6    59    50     860    (-,-) 
  g120131/X                          -       A->X   F     inv_2x         2  8.2    26    30     890    (-,-) 
  g33/X                              -       A->X   R     nand2_2x       1  9.8    48    38     928    (-,-) 
  g125752/X                          -       A->X   F     nand2_4x       2 16.8    34    37     965    (-,-) 
  g125989/X                          -       B->X   R     oai21_4x       2 10.9    45    46    1012    (-,-) 
  g125748/X                          -       A->X   F     inv_2x         1  9.8    24    30    1042    (-,-) 
  g125604/X                          -       A->X   R     nand2_4x       1  9.2    30    27    1069    (-,-) 
  g125602/X                          -       B->X   F     nand2_4x       2 14.4    30    35    1104    (-,-) 
  g126159/X                          -       A->X   R     nand2_2x       1  9.8    46    40    1144    (-,-) 
  g126158/X                          -       A->X   F     nand2_4x       3 15.4    31    36    1179    (-,-) 
  g125785/X                          -       A->X   R     nand3_4x       2 16.3    52    41    1220    (-,-) 
  g125784/X                          -       B->X   F     oai21_2x       1  6.0    34    40    1260    (-,-) 
  g108/X                             -       A->X   R     inv_2x         1  9.3    29    30    1290    (-,-) 
  g125723/X                          -       A->X   F     nand3_4x       2 14.6    41    39    1329    (-,-) 
  fopt725/X                          -       A->X   R     inv_2x         2 12.1    36    36    1365    (-,-) 
  g701/X                             -       A->X   F     nand2_4x       3 22.7    37    40    1404    (-,-) 
  g124848/X                          -       B->X   R     aoi21_4x       1  9.8    49    46    1450    (-,-) 
  g125020/X                          -       A->X   F     nand2_4x       4 20.7    37    41    1491    (-,-) 
  g249/X                             -       A->X   R     nand3_1x       1  3.3    47    41    1532    (-,-) 
  g122131/X                          -       A->X   F     nand2_1x       1  5.3    37    41    1573    (-,-) 
  g124702/X                          -       A->X   R     nand2_2x       1  9.6    46    41    1614    (-,-) 
  g124701/X                          -       C->X   F     oai21_4x       2 11.7    34    45    1659    (-,-) 
  fopt124700/X                       -       A->X   F     buf_6x         6 36.0    32    67    1726    (-,-) 
  g114321__118709/X                  -       B->X   R     nand2_4x       4 16.5    42    41    1767    (-,-) 
  fopt126437/X                       -       A->X   F     inv_2x         5 21.3    37    42    1809    (-,-) 
  g114271__6260/X                    -       A->X   R     nand2_1x       1  5.2    48    44    1853    (-,-) 
  g114209__3680/X                    -       A->X   F     nand3_2x       3 13.6    63    59    1912    (-,-) 
  g124669/X                          -       B0->X  R     aoi22_2x       2 11.5    88    82    1995    (-,-) 
  g125005/X                          -       B0->X  F     aoi22_2x       1  5.1    51    52    2047    (-,-) 
  g121028/X                          -       B->X   R     nand2_2x       1 10.0    50    50    2097    (-,-) 
  g125981/X                          -       C->X   F     aoi21_4x       2 11.2    33    39    2136    (-,-) 
  g122659/X                          -       B->X   R     nor2_2x        1  6.2    44    44    2179    (-,-) 
  g122658/X                          -       A->X   F     oai21_2x       1 10.8    43    43    2222    (-,-) 
  g123100/X                          -       A->X   R     inv_4x         2 18.3    32    32    2254    (-,-) 
  g118674/X                          -       A->X   F     inv_6x        20 59.5    34    38    2292    (-,-) 
  g114019__3680/X                    -       A->X   R     nand2_1x       1  3.2    35    34    2326    (-,-) 
  g113990__4733/X                    -       B->X   F     nand2_1x       1  2.7    30    32    2358    (-,-) 
  u_sum_smaller_mantissa_l_reg[7]/D  -       -      F     dffrq_1x       1    -     -     0    2359    (-,-) 
#------------------------------------------------------------------------------------------------------------

Capture clock path:
#------------------------------------------------------------------------------------------------------------
#            Timing Point             Flags   Arc   Edge   Cell     Fanout Load Trans Delay Arrival Instance 
#                                                                          (fF)  (ps)  (ps)   (ps)  Location 
#------------------------------------------------------------------------------------------------------------
  clk                                 (i)     -     R     (arrival)    143  0.0     1     0    1667    (-,-) 
  u_sum_smaller_mantissa_l_reg[7]/CLK <<<     -     R     dffrq_1x     143    -     1     0    1667    (-,-) 
#------------------------------------------------------------------------------------------------------------



Path 18: VIOLATED (-835 ps) Setup Check with Pin u_sum_larger_mantissa_l_reg[6]/CLK->D
           View: view_1p2_25
          Group: clock1
     Startpoint: (R) u_ab_smaller_mantissa_l_reg[6]/CLK
          Clock: (R) clock1
       Endpoint: (F) u_sum_larger_mantissa_l_reg[6]/D
          Clock: (R) clock1

                     Capture       Launch     
        Clock Edge:+    1667            0     
       Src Latency:+       0            0     
       Net Latency:+       0 (I)        0 (I) 
           Arrival:=    1667            0     
                                              
             Setup:-     143                  
       Uncertainty:-       0                  
     Required Time:=    1524                  
      Launch Clock:-       0                  
         Data Path:-    2358                  
             Slack:=    -835                  

Launch clock path:
#-----------------------------------------------------------------------------------------------------------
#           Timing Point             Flags   Arc   Edge   Cell     Fanout Load Trans Delay Arrival Instance 
#                                                                         (fF)  (ps)  (ps)   (ps)  Location 
#-----------------------------------------------------------------------------------------------------------
  clk                                (i)     -     R     (arrival)    143  0.0     1     0       0    (-,-) 
  u_ab_smaller_mantissa_l_reg[6]/CLK <<<     -     R     dffrq_1x     143    -     1     0       0    (-,-) 
#-----------------------------------------------------------------------------------------------------------

#------------------------------------------------------------------------------------------------------------
#           Timing Point             Flags    Arc   Edge   Cell     Fanout Load Trans Delay Arrival Instance 
#                                                                          (fF)  (ps)  (ps)   (ps)  Location 
#------------------------------------------------------------------------------------------------------------
  u_ab_smaller_mantissa_l_reg[6]/CLK -       -      R     (arrival)    143    -     1     0       0    (-,-) 
  u_ab_smaller_mantissa_l_reg[6]/Q   -       CLK->Q R     dffrq_1x       1  6.1    48   176     176    (-,-) 
  g120530/X                          -       A->X   F     inv_2x         3 13.8    30    36     211    (-,-) 
  g117867/X                          -       A->X   R     inv_2x         1  9.8    29    29     240    (-,-) 
  g120527/X                          -       A->X   F     nand2_4x       2 13.0    27    29     269    (-,-) 
  g120526/X                          -       A->X   R     nand2_4x       3 17.9    44    37     306    (-,-) 
  g118656/X                          -       A->X   F     inv_4x         2 14.7    22    26     333    (-,-) 
  g83/X                              -       A->X   R     nand2_4x       1 10.0    31    27     360    (-,-) 
  g125992/X                          -       C->X   F     aoi21_4x       1  9.8    28    32     392    (-,-) 
  g125991/X                          -       A->X   R     nand2_4x       3 24.5    57    45     436    (-,-) 
  g125995/X                          -       A->X   F     aoi21_4x       2 16.6    37    43     479    (-,-) 
  g120/X                             -       A->X   R     oai21_4x       3 14.8    56    50     529    (-,-) 
  g690/X                             -       A->X   F     nand2_2x       1  5.3    30    32     560    (-,-) 
  g125638/X                          -       A->X   R     nand2_2x       1  9.3    47    38     599    (-,-) 
  g126080/X                          -       A->X   F     nand3_4x       2  9.8    34    37     636    (-,-) 
  g126078/X                          -       B->X   R     nand2_2x       2 12.7    56    50     686    (-,-) 
  g125754/X                          -       A->X   F     nor2_4x        3 17.6    42    48     734    (-,-) 
  g124605/X                          -       A->X   R     nand2_4x       1 16.0    41    40     774    (-,-) 
  g124604/X                          -       A->X   F     inv_6x         7 44.7    29    35     809    (-,-) 
  g124607/X                          -       B->X   R     nand2_2x       3 13.6    59    50     860    (-,-) 
  g120131/X                          -       A->X   F     inv_2x         2  8.2    26    30     890    (-,-) 
  g33/X                              -       A->X   R     nand2_2x       1  9.8    48    38     928    (-,-) 
  g125752/X                          -       A->X   F     nand2_4x       2 16.8    34    37     965    (-,-) 
  g125989/X                          -       B->X   R     oai21_4x       2 10.9    45    46    1012    (-,-) 
  g125748/X                          -       A->X   F     inv_2x         1  9.8    24    30    1042    (-,-) 
  g125604/X                          -       A->X   R     nand2_4x       1  9.2    30    27    1069    (-,-) 
  g125602/X                          -       B->X   F     nand2_4x       2 14.4    30    35    1104    (-,-) 
  g126159/X                          -       A->X   R     nand2_2x       1  9.8    46    40    1144    (-,-) 
  g126158/X                          -       A->X   F     nand2_4x       3 15.4    31    36    1179    (-,-) 
  g125785/X                          -       A->X   R     nand3_4x       2 16.3    52    41    1220    (-,-) 
  g125784/X                          -       B->X   F     oai21_2x       1  6.0    34    40    1260    (-,-) 
  g108/X                             -       A->X   R     inv_2x         1  9.3    29    30    1290    (-,-) 
  g125723/X                          -       A->X   F     nand3_4x       2 14.6    41    39    1329    (-,-) 
  fopt725/X                          -       A->X   R     inv_2x         2 12.1    36    36    1365    (-,-) 
  g701/X                             -       A->X   F     nand2_4x       3 22.7    37    40    1404    (-,-) 
  g124848/X                          -       B->X   R     aoi21_4x       1  9.8    49    46    1450    (-,-) 
  g125020/X                          -       A->X   F     nand2_4x       4 20.7    37    41    1491    (-,-) 
  g249/X                             -       A->X   R     nand3_1x       1  3.3    47    41    1532    (-,-) 
  g122131/X                          -       A->X   F     nand2_1x       1  5.3    37    41    1573    (-,-) 
  g124702/X                          -       A->X   R     nand2_2x       1  9.6    46    41    1614    (-,-) 
  g124701/X                          -       C->X   F     oai21_4x       2 11.7    34    45    1659    (-,-) 
  fopt124700/X                       -       A->X   F     buf_6x         6 36.0    32    67    1726    (-,-) 
  g114321__118709/X                  -       B->X   R     nand2_4x       4 16.5    42    41    1767    (-,-) 
  fopt126437/X                       -       A->X   F     inv_2x         5 21.3    37    42    1809    (-,-) 
  g114271__6260/X                    -       A->X   R     nand2_1x       1  5.2    48    44    1853    (-,-) 
  g114209__3680/X                    -       A->X   F     nand3_2x       3 13.6    63    59    1912    (-,-) 
  g124669/X                          -       B0->X  R     aoi22_2x       2 11.5    88    82    1995    (-,-) 
  g125005/X                          -       B0->X  F     aoi22_2x       1  5.1    51    52    2047    (-,-) 
  g121028/X                          -       B->X   R     nand2_2x       1 10.0    50    50    2097    (-,-) 
  g125981/X                          -       C->X   F     aoi21_4x       2 11.2    33    39    2136    (-,-) 
  g122659/X                          -       B->X   R     nor2_2x        1  6.2    44    44    2179    (-,-) 
  g122658/X                          -       A->X   F     oai21_2x       1 10.8    43    43    2222    (-,-) 
  g123100/X                          -       A->X   R     inv_4x         2 18.3    32    32    2254    (-,-) 
  g118674/X                          -       A->X   F     inv_6x        20 59.5    34    38    2292    (-,-) 
  g114022__1705/X                    -       A->X   R     nand2_1x       1  3.2    35    34    2326    (-,-) 
  g114001__2802/X                    -       B->X   F     nand2_1x       1  2.7    30    32    2358    (-,-) 
  u_sum_larger_mantissa_l_reg[6]/D   -       -      F     dffrq_1x       1    -     -     0    2358    (-,-) 
#------------------------------------------------------------------------------------------------------------

Capture clock path:
#-----------------------------------------------------------------------------------------------------------
#           Timing Point             Flags   Arc   Edge   Cell     Fanout Load Trans Delay Arrival Instance 
#                                                                         (fF)  (ps)  (ps)   (ps)  Location 
#-----------------------------------------------------------------------------------------------------------
  clk                                (i)     -     R     (arrival)    143  0.0     1     0    1667    (-,-) 
  u_sum_larger_mantissa_l_reg[6]/CLK <<<     -     R     dffrq_1x     143    -     1     0    1667    (-,-) 
#-----------------------------------------------------------------------------------------------------------



Path 19: VIOLATED (-835 ps) Setup Check with Pin u_sum_larger_mantissa_l_reg[3]/CLK->D
           View: view_1p2_25
          Group: clock1
     Startpoint: (R) u_ab_smaller_mantissa_l_reg[6]/CLK
          Clock: (R) clock1
       Endpoint: (F) u_sum_larger_mantissa_l_reg[3]/D
          Clock: (R) clock1

                     Capture       Launch     
        Clock Edge:+    1667            0     
       Src Latency:+       0            0     
       Net Latency:+       0 (I)        0 (I) 
           Arrival:=    1667            0     
                                              
             Setup:-     143                  
       Uncertainty:-       0                  
     Required Time:=    1524                  
      Launch Clock:-       0                  
         Data Path:-    2358                  
             Slack:=    -835                  

Launch clock path:
#-----------------------------------------------------------------------------------------------------------
#           Timing Point             Flags   Arc   Edge   Cell     Fanout Load Trans Delay Arrival Instance 
#                                                                         (fF)  (ps)  (ps)   (ps)  Location 
#-----------------------------------------------------------------------------------------------------------
  clk                                (i)     -     R     (arrival)    143  0.0     1     0       0    (-,-) 
  u_ab_smaller_mantissa_l_reg[6]/CLK <<<     -     R     dffrq_1x     143    -     1     0       0    (-,-) 
#-----------------------------------------------------------------------------------------------------------

#------------------------------------------------------------------------------------------------------------
#           Timing Point             Flags    Arc   Edge   Cell     Fanout Load Trans Delay Arrival Instance 
#                                                                          (fF)  (ps)  (ps)   (ps)  Location 
#------------------------------------------------------------------------------------------------------------
  u_ab_smaller_mantissa_l_reg[6]/CLK -       -      R     (arrival)    143    -     1     0       0    (-,-) 
  u_ab_smaller_mantissa_l_reg[6]/Q   -       CLK->Q R     dffrq_1x       1  6.1    48   176     176    (-,-) 
  g120530/X                          -       A->X   F     inv_2x         3 13.8    30    36     211    (-,-) 
  g117867/X                          -       A->X   R     inv_2x         1  9.8    29    29     240    (-,-) 
  g120527/X                          -       A->X   F     nand2_4x       2 13.0    27    29     269    (-,-) 
  g120526/X                          -       A->X   R     nand2_4x       3 17.9    44    37     306    (-,-) 
  g118656/X                          -       A->X   F     inv_4x         2 14.7    22    26     333    (-,-) 
  g83/X                              -       A->X   R     nand2_4x       1 10.0    31    27     360    (-,-) 
  g125992/X                          -       C->X   F     aoi21_4x       1  9.8    28    32     392    (-,-) 
  g125991/X                          -       A->X   R     nand2_4x       3 24.5    57    45     436    (-,-) 
  g125995/X                          -       A->X   F     aoi21_4x       2 16.6    37    43     479    (-,-) 
  g120/X                             -       A->X   R     oai21_4x       3 14.8    56    50     529    (-,-) 
  g690/X                             -       A->X   F     nand2_2x       1  5.3    30    32     560    (-,-) 
  g125638/X                          -       A->X   R     nand2_2x       1  9.3    47    38     599    (-,-) 
  g126080/X                          -       A->X   F     nand3_4x       2  9.8    34    37     636    (-,-) 
  g126078/X                          -       B->X   R     nand2_2x       2 12.7    56    50     686    (-,-) 
  g125754/X                          -       A->X   F     nor2_4x        3 17.6    42    48     734    (-,-) 
  g124605/X                          -       A->X   R     nand2_4x       1 16.0    41    40     774    (-,-) 
  g124604/X                          -       A->X   F     inv_6x         7 44.7    29    35     809    (-,-) 
  g124607/X                          -       B->X   R     nand2_2x       3 13.6    59    50     860    (-,-) 
  g120131/X                          -       A->X   F     inv_2x         2  8.2    26    30     890    (-,-) 
  g33/X                              -       A->X   R     nand2_2x       1  9.8    48    38     928    (-,-) 
  g125752/X                          -       A->X   F     nand2_4x       2 16.8    34    37     965    (-,-) 
  g125989/X                          -       B->X   R     oai21_4x       2 10.9    45    46    1012    (-,-) 
  g125748/X                          -       A->X   F     inv_2x         1  9.8    24    30    1042    (-,-) 
  g125604/X                          -       A->X   R     nand2_4x       1  9.2    30    27    1069    (-,-) 
  g125602/X                          -       B->X   F     nand2_4x       2 14.4    30    35    1104    (-,-) 
  g126159/X                          -       A->X   R     nand2_2x       1  9.8    46    40    1144    (-,-) 
  g126158/X                          -       A->X   F     nand2_4x       3 15.4    31    36    1179    (-,-) 
  g125785/X                          -       A->X   R     nand3_4x       2 16.3    52    41    1220    (-,-) 
  g125784/X                          -       B->X   F     oai21_2x       1  6.0    34    40    1260    (-,-) 
  g108/X                             -       A->X   R     inv_2x         1  9.3    29    30    1290    (-,-) 
  g125723/X                          -       A->X   F     nand3_4x       2 14.6    41    39    1329    (-,-) 
  fopt725/X                          -       A->X   R     inv_2x         2 12.1    36    36    1365    (-,-) 
  g701/X                             -       A->X   F     nand2_4x       3 22.7    37    40    1404    (-,-) 
  g124848/X                          -       B->X   R     aoi21_4x       1  9.8    49    46    1450    (-,-) 
  g125020/X                          -       A->X   F     nand2_4x       4 20.7    37    41    1491    (-,-) 
  g249/X                             -       A->X   R     nand3_1x       1  3.3    47    41    1532    (-,-) 
  g122131/X                          -       A->X   F     nand2_1x       1  5.3    37    41    1573    (-,-) 
  g124702/X                          -       A->X   R     nand2_2x       1  9.6    46    41    1614    (-,-) 
  g124701/X                          -       C->X   F     oai21_4x       2 11.7    34    45    1659    (-,-) 
  fopt124700/X                       -       A->X   F     buf_6x         6 36.0    32    67    1726    (-,-) 
  g114321__118709/X                  -       B->X   R     nand2_4x       4 16.5    42    41    1767    (-,-) 
  fopt126437/X                       -       A->X   F     inv_2x         5 21.3    37    42    1809    (-,-) 
  g114271__6260/X                    -       A->X   R     nand2_1x       1  5.2    48    44    1853    (-,-) 
  g114209__3680/X                    -       A->X   F     nand3_2x       3 13.6    63    59    1912    (-,-) 
  g124669/X                          -       B0->X  R     aoi22_2x       2 11.5    88    82    1995    (-,-) 
  g125005/X                          -       B0->X  F     aoi22_2x       1  5.1    51    52    2047    (-,-) 
  g121028/X                          -       B->X   R     nand2_2x       1 10.0    50    50    2097    (-,-) 
  g125981/X                          -       C->X   F     aoi21_4x       2 11.2    33    39    2136    (-,-) 
  g122659/X                          -       B->X   R     nor2_2x        1  6.2    44    44    2179    (-,-) 
  g122658/X                          -       A->X   F     oai21_2x       1 10.8    43    43    2222    (-,-) 
  g123100/X                          -       A->X   R     inv_4x         2 18.3    32    32    2254    (-,-) 
  g118674/X                          -       A->X   F     inv_6x        20 59.5    34    38    2292    (-,-) 
  g114007__2346/X                    -       A->X   R     nand2_1x       1  3.2    35    34    2326    (-,-) 
  g113994__5107/X                    -       B->X   F     nand2_1x       1  2.7    30    32    2358    (-,-) 
  u_sum_larger_mantissa_l_reg[3]/D   -       -      F     dffrq_1x       1    -     -     0    2358    (-,-) 
#------------------------------------------------------------------------------------------------------------

Capture clock path:
#-----------------------------------------------------------------------------------------------------------
#           Timing Point             Flags   Arc   Edge   Cell     Fanout Load Trans Delay Arrival Instance 
#                                                                         (fF)  (ps)  (ps)   (ps)  Location 
#-----------------------------------------------------------------------------------------------------------
  clk                                (i)     -     R     (arrival)    143  0.0     1     0    1667    (-,-) 
  u_sum_larger_mantissa_l_reg[3]/CLK <<<     -     R     dffrq_1x     143    -     1     0    1667    (-,-) 
#-----------------------------------------------------------------------------------------------------------



Path 20: VIOLATED (-832 ps) Setup Check with Pin u_sum_larger_mantissa_l_reg[2]/CLK->D
           View: view_1p2_25
          Group: clock1
     Startpoint: (R) u_ab_smaller_mantissa_l_reg[6]/CLK
          Clock: (R) clock1
       Endpoint: (F) u_sum_larger_mantissa_l_reg[2]/D
          Clock: (R) clock1

                     Capture       Launch     
        Clock Edge:+    1667            0     
       Src Latency:+       0            0     
       Net Latency:+       0 (I)        0 (I) 
           Arrival:=    1667            0     
                                              
             Setup:-     143                  
       Uncertainty:-       0                  
     Required Time:=    1523                  
      Launch Clock:-       0                  
         Data Path:-    2355                  
             Slack:=    -832                  

Launch clock path:
#-----------------------------------------------------------------------------------------------------------
#           Timing Point             Flags   Arc   Edge   Cell     Fanout Load Trans Delay Arrival Instance 
#                                                                         (fF)  (ps)  (ps)   (ps)  Location 
#-----------------------------------------------------------------------------------------------------------
  clk                                (i)     -     R     (arrival)    143  0.0     1     0       0    (-,-) 
  u_ab_smaller_mantissa_l_reg[6]/CLK <<<     -     R     dffrq_1x     143    -     1     0       0    (-,-) 
#-----------------------------------------------------------------------------------------------------------

#------------------------------------------------------------------------------------------------------------
#           Timing Point             Flags    Arc   Edge   Cell     Fanout Load Trans Delay Arrival Instance 
#                                                                          (fF)  (ps)  (ps)   (ps)  Location 
#------------------------------------------------------------------------------------------------------------
  u_ab_smaller_mantissa_l_reg[6]/CLK -       -      R     (arrival)    143    -     1     0       0    (-,-) 
  u_ab_smaller_mantissa_l_reg[6]/Q   -       CLK->Q R     dffrq_1x       1  6.1    48   176     176    (-,-) 
  g120530/X                          -       A->X   F     inv_2x         3 13.8    30    36     211    (-,-) 
  g117867/X                          -       A->X   R     inv_2x         1  9.8    29    29     240    (-,-) 
  g120527/X                          -       A->X   F     nand2_4x       2 13.0    27    29     269    (-,-) 
  g120526/X                          -       A->X   R     nand2_4x       3 17.9    44    37     306    (-,-) 
  g118656/X                          -       A->X   F     inv_4x         2 14.7    22    26     333    (-,-) 
  g83/X                              -       A->X   R     nand2_4x       1 10.0    31    27     360    (-,-) 
  g125992/X                          -       C->X   F     aoi21_4x       1  9.8    28    32     392    (-,-) 
  g125991/X                          -       A->X   R     nand2_4x       3 24.5    57    45     436    (-,-) 
  g125995/X                          -       A->X   F     aoi21_4x       2 16.6    37    43     479    (-,-) 
  g120/X                             -       A->X   R     oai21_4x       3 14.8    56    50     529    (-,-) 
  g690/X                             -       A->X   F     nand2_2x       1  5.3    30    32     560    (-,-) 
  g125638/X                          -       A->X   R     nand2_2x       1  9.3    47    38     599    (-,-) 
  g126080/X                          -       A->X   F     nand3_4x       2  9.8    34    37     636    (-,-) 
  g126078/X                          -       B->X   R     nand2_2x       2 12.7    56    50     686    (-,-) 
  fopt125483/X                       -       A->X   R     buf_2x         2  8.4    27    56     742    (-,-) 
  g125227/X                          -       B->X   F     nand2_2x       2  6.9    27    33     775    (-,-) 
  g118305/X                          -       C->X   R     oai21_2x       1  5.1    61    45     820    (-,-) 
  g118429/X                          -       C->X   F     aoi21_2x       1  3.4    41    48     868    (-,-) 
  g18/X                              -       A->X   F     and2_1x        1  5.0    26    60     928    (-,-) 
  g17/X                              -       C->X   R     nand3_2x       1  6.1    43    40     968    (-,-) 
  g124985/X                          -       A->X   F     inv_2x         1  9.3    23    28     997    (-,-) 
  g352/X                             -       B->X   R     nand3_4x       2 11.7    42    36    1033    (-,-) 
  g125996/X                          -       B->X   F     nand3_4x       1  9.8    33    44    1077    (-,-) 
  g126362/X                          -       A->X   R     nand2_4x       3 13.7    40    35    1112    (-,-) 
  g125796/X                          -       A->X   F     inv_2x         1 11.1    24    30    1142    (-,-) 
  g335/X                             -       B->X   R     oai21_4x       1 10.9    45    45    1186    (-,-) 
  g121510/X                          -       A->X   F     inv_4x         3 22.3    26    32    1218    (-,-) 
  g125784/X                          -       A->X   R     oai21_2x       1  6.1    65    42    1260    (-,-) 
  g108/X                             -       A->X   F     inv_2x         1  9.3    29    33    1293    (-,-) 
  g125723/X                          -       A->X   R     nand3_4x       2 14.9    49    39    1332    (-,-) 
  fopt725/X                          -       A->X   F     inv_2x         2 12.1    28    33    1366    (-,-) 
  g701/X                             -       A->X   R     nand2_4x       3 23.0    52    43    1409    (-,-) 
  g125021/X                          -       A->X   F     nand3_4x       1  9.0    34    38    1446    (-,-) 
  g125020/X                          -       B->X   R     nand2_4x       4 20.9    50    46    1492    (-,-) 
  g124561/X                          -       A->X   F     nand3_4x       1  9.8    35    38    1531    (-,-) 
  g125799/X                          -       A->X   R     nand2_4x       1 16.0    41    38    1568    (-,-) 
  fopt38/X                           -       A->X   F     inv_6x         3 36.7    26    32    1600    (-,-) 
  fopt125801/X                       -       A->X   R     inv_6x         4 27.5    28    28    1628    (-,-) 
  fopt36/X                           -       A->X   F     inv_4x         3 15.7    18    23    1651    (-,-) 
  g125800/X                          -       A->X   R     nand2_4x       1  9.6    31    25    1677    (-,-) 
  g121430/X                          -       C->X   F     oai21_4x       4 24.0    47    53    1729    (-,-) 
  g114203__123809/X                  -       A->X   R     nor2_4x        6 31.3    90    72    1801    (-,-) 
  g125150/X                          -       B->X   F     nand2_4x       1 21.1    42    58    1859    (-,-) 
  g126129/X                          -       A->X   R     inv_8x         9 48.7    38    37    1896    (-,-) 
  g126127/X                          -       B->X   F     nand2_2x       2  9.8    34    42    1938    (-,-) 
  g46_0/X                            -       B->X   R     nand2_2x       1  6.1    35    36    1974    (-,-) 
  g125006/X                          -       A->X   F     inv_2x         1  6.0    17    22    1996    (-,-) 
  g125005/X                          -       A0->X  R     aoi22_2x       1  5.2    58    43    2039    (-,-) 
  g121028/X                          -       B->X   F     nand2_2x       1 10.3    36    49    2088    (-,-) 
  g125981/X                          -       C->X   R     aoi21_4x       2 11.0    52    54    2141    (-,-) 
  g124520/X                          -       A->X   F     oai21_2x       2 12.6    48    48    2190    (-,-) 
  g124519/X                          -       A->X   R     nand2_4x       1 16.0    44    42    2231    (-,-) 
  g75/X                              -       A->X   F     inv_6x        22 68.5    40    45    2277    (-,-) 
  g125714/X                          -       A->X   R     nand2_1x       1  3.2    36    36    2313    (-,-) 
  g125712/X                          -       B->X   F     nand3_1x       1  2.7    34    43    2355    (-,-) 
  u_sum_larger_mantissa_l_reg[2]/D   -       -      F     dffrq_1x       1    -     -     0    2355    (-,-) 
#------------------------------------------------------------------------------------------------------------

Capture clock path:
#-----------------------------------------------------------------------------------------------------------
#           Timing Point             Flags   Arc   Edge   Cell     Fanout Load Trans Delay Arrival Instance 
#                                                                         (fF)  (ps)  (ps)   (ps)  Location 
#-----------------------------------------------------------------------------------------------------------
  clk                                (i)     -     R     (arrival)    143  0.0     1     0    1667    (-,-) 
  u_sum_larger_mantissa_l_reg[2]/CLK <<<     -     R     dffrq_1x     143    -     1     0    1667    (-,-) 
#-----------------------------------------------------------------------------------------------------------



Path 21: VIOLATED (-832 ps) Setup Check with Pin u_sum_smaller_mantissa_l_reg[12]/CLK->D
           View: view_1p2_25
          Group: clock1
     Startpoint: (R) u_ab_smaller_mantissa_l_reg[6]/CLK
          Clock: (R) clock1
       Endpoint: (F) u_sum_smaller_mantissa_l_reg[12]/D
          Clock: (R) clock1

                     Capture       Launch     
        Clock Edge:+    1667            0     
       Src Latency:+       0            0     
       Net Latency:+       0 (I)        0 (I) 
           Arrival:=    1667            0     
                                              
             Setup:-     143                  
       Uncertainty:-       0                  
     Required Time:=    1523                  
      Launch Clock:-       0                  
         Data Path:-    2355                  
             Slack:=    -832                  

Launch clock path:
#-----------------------------------------------------------------------------------------------------------
#           Timing Point             Flags   Arc   Edge   Cell     Fanout Load Trans Delay Arrival Instance 
#                                                                         (fF)  (ps)  (ps)   (ps)  Location 
#-----------------------------------------------------------------------------------------------------------
  clk                                (i)     -     R     (arrival)    143  0.0     1     0       0    (-,-) 
  u_ab_smaller_mantissa_l_reg[6]/CLK <<<     -     R     dffrq_1x     143    -     1     0       0    (-,-) 
#-----------------------------------------------------------------------------------------------------------

#------------------------------------------------------------------------------------------------------------
#           Timing Point             Flags    Arc   Edge   Cell     Fanout Load Trans Delay Arrival Instance 
#                                                                          (fF)  (ps)  (ps)   (ps)  Location 
#------------------------------------------------------------------------------------------------------------
  u_ab_smaller_mantissa_l_reg[6]/CLK -       -      R     (arrival)    143    -     1     0       0    (-,-) 
  u_ab_smaller_mantissa_l_reg[6]/Q   -       CLK->Q R     dffrq_1x       1  6.1    48   176     176    (-,-) 
  g120530/X                          -       A->X   F     inv_2x         3 13.8    30    36     211    (-,-) 
  g117867/X                          -       A->X   R     inv_2x         1  9.8    29    29     240    (-,-) 
  g120527/X                          -       A->X   F     nand2_4x       2 13.0    27    29     269    (-,-) 
  g120526/X                          -       A->X   R     nand2_4x       3 17.9    44    37     306    (-,-) 
  g118656/X                          -       A->X   F     inv_4x         2 14.7    22    26     333    (-,-) 
  g83/X                              -       A->X   R     nand2_4x       1 10.0    31    27     360    (-,-) 
  g125992/X                          -       C->X   F     aoi21_4x       1  9.8    28    32     392    (-,-) 
  g125991/X                          -       A->X   R     nand2_4x       3 24.5    57    45     436    (-,-) 
  g125995/X                          -       A->X   F     aoi21_4x       2 16.6    37    43     479    (-,-) 
  g120/X                             -       A->X   R     oai21_4x       3 14.8    56    50     529    (-,-) 
  g690/X                             -       A->X   F     nand2_2x       1  5.3    30    32     560    (-,-) 
  g125638/X                          -       A->X   R     nand2_2x       1  9.3    47    38     599    (-,-) 
  g126080/X                          -       A->X   F     nand3_4x       2  9.8    34    37     636    (-,-) 
  g126078/X                          -       B->X   R     nand2_2x       2 12.7    56    50     686    (-,-) 
  g125754/X                          -       A->X   F     nor2_4x        3 17.6    42    48     734    (-,-) 
  g124605/X                          -       A->X   R     nand2_4x       1 16.0    41    40     774    (-,-) 
  g124604/X                          -       A->X   F     inv_6x         7 44.7    29    35     809    (-,-) 
  g124607/X                          -       B->X   R     nand2_2x       3 13.6    59    50     860    (-,-) 
  g120131/X                          -       A->X   F     inv_2x         2  8.2    26    30     890    (-,-) 
  g33/X                              -       A->X   R     nand2_2x       1  9.8    48    38     928    (-,-) 
  g125752/X                          -       A->X   F     nand2_4x       2 16.8    34    37     965    (-,-) 
  g125989/X                          -       B->X   R     oai21_4x       2 10.9    45    46    1012    (-,-) 
  g125748/X                          -       A->X   F     inv_2x         1  9.8    24    30    1042    (-,-) 
  g125604/X                          -       A->X   R     nand2_4x       1  9.2    30    27    1069    (-,-) 
  g125602/X                          -       B->X   F     nand2_4x       2 14.4    30    35    1104    (-,-) 
  g126159/X                          -       A->X   R     nand2_2x       1  9.8    46    40    1144    (-,-) 
  g126158/X                          -       A->X   F     nand2_4x       3 15.4    31    36    1179    (-,-) 
  g125785/X                          -       A->X   R     nand3_4x       2 16.3    52    41    1220    (-,-) 
  g125784/X                          -       B->X   F     oai21_2x       1  6.0    34    40    1260    (-,-) 
  g108/X                             -       A->X   R     inv_2x         1  9.3    29    30    1290    (-,-) 
  g125723/X                          -       A->X   F     nand3_4x       2 14.6    41    39    1329    (-,-) 
  fopt725/X                          -       A->X   R     inv_2x         2 12.1    36    36    1365    (-,-) 
  g701/X                             -       A->X   F     nand2_4x       3 22.7    37    40    1404    (-,-) 
  g124848/X                          -       B->X   R     aoi21_4x       1  9.8    49    46    1450    (-,-) 
  g125020/X                          -       A->X   F     nand2_4x       4 20.7    37    41    1491    (-,-) 
  g249/X                             -       A->X   R     nand3_1x       1  3.3    47    41    1532    (-,-) 
  g122131/X                          -       A->X   F     nand2_1x       1  5.3    37    41    1573    (-,-) 
  g124702/X                          -       A->X   R     nand2_2x       1  9.6    46    41    1614    (-,-) 
  g124701/X                          -       C->X   F     oai21_4x       2 11.7    34    45    1659    (-,-) 
  fopt124700/X                       -       A->X   F     buf_6x         6 36.0    32    67    1726    (-,-) 
  g114321__118709/X                  -       B->X   R     nand2_4x       4 16.5    42    41    1767    (-,-) 
  fopt126437/X                       -       A->X   F     inv_2x         5 21.3    37    42    1809    (-,-) 
  g114271__6260/X                    -       A->X   R     nand2_1x       1  5.2    48    44    1853    (-,-) 
  g114209__3680/X                    -       A->X   F     nand3_2x       3 13.6    63    59    1912    (-,-) 
  g124669/X                          -       B0->X  R     aoi22_2x       2 11.5    88    82    1995    (-,-) 
  g125005/X                          -       B0->X  F     aoi22_2x       1  5.1    51    52    2047    (-,-) 
  g121028/X                          -       B->X   R     nand2_2x       1 10.0    50    50    2097    (-,-) 
  g125981/X                          -       C->X   F     aoi21_4x       2 11.2    33    39    2136    (-,-) 
  g122659/X                          -       B->X   R     nor2_2x        1  6.2    44    44    2179    (-,-) 
  g122658/X                          -       A->X   F     oai21_2x       1 10.8    43    43    2222    (-,-) 
  g123100/X                          -       A->X   R     inv_4x         2 18.3    32    32    2254    (-,-) 
  g123102/X                          -       A->X   R     buf_1x         2  5.8    34    57    2311    (-,-) 
  g113985__123103/X                  -       C->X   F     nand3_1x       1  2.7    38    44    2355    (-,-) 
  u_sum_smaller_mantissa_l_reg[12]/D -       -      F     dffrq_1x       1    -     -     0    2355    (-,-) 
#------------------------------------------------------------------------------------------------------------

Capture clock path:
#-------------------------------------------------------------------------------------------------------------
#            Timing Point              Flags   Arc   Edge   Cell     Fanout Load Trans Delay Arrival Instance 
#                                                                           (fF)  (ps)  (ps)   (ps)  Location 
#-------------------------------------------------------------------------------------------------------------
  clk                                  (i)     -     R     (arrival)    143  0.0     1     0    1667    (-,-) 
  u_sum_smaller_mantissa_l_reg[12]/CLK <<<     -     R     dffrq_1x     143    -     1     0    1667    (-,-) 
#-------------------------------------------------------------------------------------------------------------



Path 22: VIOLATED (-832 ps) Setup Check with Pin u_sum_larger_mantissa_l_reg[12]/CLK->D
           View: view_1p2_25
          Group: clock1
     Startpoint: (R) u_ab_smaller_mantissa_l_reg[6]/CLK
          Clock: (R) clock1
       Endpoint: (F) u_sum_larger_mantissa_l_reg[12]/D
          Clock: (R) clock1

                     Capture       Launch     
        Clock Edge:+    1667            0     
       Src Latency:+       0            0     
       Net Latency:+       0 (I)        0 (I) 
           Arrival:=    1667            0     
                                              
             Setup:-     143                  
       Uncertainty:-       0                  
     Required Time:=    1523                  
      Launch Clock:-       0                  
         Data Path:-    2355                  
             Slack:=    -832                  

Launch clock path:
#-----------------------------------------------------------------------------------------------------------
#           Timing Point             Flags   Arc   Edge   Cell     Fanout Load Trans Delay Arrival Instance 
#                                                                         (fF)  (ps)  (ps)   (ps)  Location 
#-----------------------------------------------------------------------------------------------------------
  clk                                (i)     -     R     (arrival)    143  0.0     1     0       0    (-,-) 
  u_ab_smaller_mantissa_l_reg[6]/CLK <<<     -     R     dffrq_1x     143    -     1     0       0    (-,-) 
#-----------------------------------------------------------------------------------------------------------

#------------------------------------------------------------------------------------------------------------
#           Timing Point             Flags    Arc   Edge   Cell     Fanout Load Trans Delay Arrival Instance 
#                                                                          (fF)  (ps)  (ps)   (ps)  Location 
#------------------------------------------------------------------------------------------------------------
  u_ab_smaller_mantissa_l_reg[6]/CLK -       -      R     (arrival)    143    -     1     0       0    (-,-) 
  u_ab_smaller_mantissa_l_reg[6]/Q   -       CLK->Q R     dffrq_1x       1  6.1    48   176     176    (-,-) 
  g120530/X                          -       A->X   F     inv_2x         3 13.8    30    36     211    (-,-) 
  g117867/X                          -       A->X   R     inv_2x         1  9.8    29    29     240    (-,-) 
  g120527/X                          -       A->X   F     nand2_4x       2 13.0    27    29     269    (-,-) 
  g120526/X                          -       A->X   R     nand2_4x       3 17.9    44    37     306    (-,-) 
  g118656/X                          -       A->X   F     inv_4x         2 14.7    22    26     333    (-,-) 
  g83/X                              -       A->X   R     nand2_4x       1 10.0    31    27     360    (-,-) 
  g125992/X                          -       C->X   F     aoi21_4x       1  9.8    28    32     392    (-,-) 
  g125991/X                          -       A->X   R     nand2_4x       3 24.5    57    45     436    (-,-) 
  g125995/X                          -       A->X   F     aoi21_4x       2 16.6    37    43     479    (-,-) 
  g120/X                             -       A->X   R     oai21_4x       3 14.8    56    50     529    (-,-) 
  g690/X                             -       A->X   F     nand2_2x       1  5.3    30    32     560    (-,-) 
  g125638/X                          -       A->X   R     nand2_2x       1  9.3    47    38     599    (-,-) 
  g126080/X                          -       A->X   F     nand3_4x       2  9.8    34    37     636    (-,-) 
  g126078/X                          -       B->X   R     nand2_2x       2 12.7    56    50     686    (-,-) 
  g125754/X                          -       A->X   F     nor2_4x        3 17.6    42    48     734    (-,-) 
  g124605/X                          -       A->X   R     nand2_4x       1 16.0    41    40     774    (-,-) 
  g124604/X                          -       A->X   F     inv_6x         7 44.7    29    35     809    (-,-) 
  g124607/X                          -       B->X   R     nand2_2x       3 13.6    59    50     860    (-,-) 
  g120131/X                          -       A->X   F     inv_2x         2  8.2    26    30     890    (-,-) 
  g33/X                              -       A->X   R     nand2_2x       1  9.8    48    38     928    (-,-) 
  g125752/X                          -       A->X   F     nand2_4x       2 16.8    34    37     965    (-,-) 
  g125989/X                          -       B->X   R     oai21_4x       2 10.9    45    46    1012    (-,-) 
  g125748/X                          -       A->X   F     inv_2x         1  9.8    24    30    1042    (-,-) 
  g125604/X                          -       A->X   R     nand2_4x       1  9.2    30    27    1069    (-,-) 
  g125602/X                          -       B->X   F     nand2_4x       2 14.4    30    35    1104    (-,-) 
  g126159/X                          -       A->X   R     nand2_2x       1  9.8    46    40    1144    (-,-) 
  g126158/X                          -       A->X   F     nand2_4x       3 15.4    31    36    1179    (-,-) 
  g125785/X                          -       A->X   R     nand3_4x       2 16.3    52    41    1220    (-,-) 
  g125784/X                          -       B->X   F     oai21_2x       1  6.0    34    40    1260    (-,-) 
  g108/X                             -       A->X   R     inv_2x         1  9.3    29    30    1290    (-,-) 
  g125723/X                          -       A->X   F     nand3_4x       2 14.6    41    39    1329    (-,-) 
  fopt725/X                          -       A->X   R     inv_2x         2 12.1    36    36    1365    (-,-) 
  g701/X                             -       A->X   F     nand2_4x       3 22.7    37    40    1404    (-,-) 
  g124848/X                          -       B->X   R     aoi21_4x       1  9.8    49    46    1450    (-,-) 
  g125020/X                          -       A->X   F     nand2_4x       4 20.7    37    41    1491    (-,-) 
  g249/X                             -       A->X   R     nand3_1x       1  3.3    47    41    1532    (-,-) 
  g122131/X                          -       A->X   F     nand2_1x       1  5.3    37    41    1573    (-,-) 
  g124702/X                          -       A->X   R     nand2_2x       1  9.6    46    41    1614    (-,-) 
  g124701/X                          -       C->X   F     oai21_4x       2 11.7    34    45    1659    (-,-) 
  fopt124700/X                       -       A->X   F     buf_6x         6 36.0    32    67    1726    (-,-) 
  g114321__118709/X                  -       B->X   R     nand2_4x       4 16.5    42    41    1767    (-,-) 
  fopt126437/X                       -       A->X   F     inv_2x         5 21.3    37    42    1809    (-,-) 
  g114271__6260/X                    -       A->X   R     nand2_1x       1  5.2    48    44    1853    (-,-) 
  g114209__3680/X                    -       A->X   F     nand3_2x       3 13.6    63    59    1912    (-,-) 
  g124669/X                          -       B0->X  R     aoi22_2x       2 11.5    88    82    1995    (-,-) 
  g125005/X                          -       B0->X  F     aoi22_2x       1  5.1    51    52    2047    (-,-) 
  g121028/X                          -       B->X   R     nand2_2x       1 10.0    50    50    2097    (-,-) 
  g125981/X                          -       C->X   F     aoi21_4x       2 11.2    33    39    2136    (-,-) 
  g122659/X                          -       B->X   R     nor2_2x        1  6.2    44    44    2179    (-,-) 
  g122658/X                          -       A->X   F     oai21_2x       1 10.8    43    43    2222    (-,-) 
  g123100/X                          -       A->X   R     inv_4x         2 18.3    32    32    2254    (-,-) 
  g123102/X                          -       A->X   R     buf_1x         2  5.8    34    57    2311    (-,-) 
  g113989__123101/X                  -       C->X   F     nand3_1x       1  2.7    38    44    2355    (-,-) 
  u_sum_larger_mantissa_l_reg[12]/D  -       -      F     dffrq_1x       1    -     -     0    2355    (-,-) 
#------------------------------------------------------------------------------------------------------------

Capture clock path:
#------------------------------------------------------------------------------------------------------------
#            Timing Point             Flags   Arc   Edge   Cell     Fanout Load Trans Delay Arrival Instance 
#                                                                          (fF)  (ps)  (ps)   (ps)  Location 
#------------------------------------------------------------------------------------------------------------
  clk                                 (i)     -     R     (arrival)    143  0.0     1     0    1667    (-,-) 
  u_sum_larger_mantissa_l_reg[12]/CLK <<<     -     R     dffrq_1x     143    -     1     0    1667    (-,-) 
#------------------------------------------------------------------------------------------------------------



Path 23: VIOLATED (-830 ps) Setup Check with Pin u_sum_larger_mantissa_sign_l_reg/CLK->D
           View: view_1p2_25
          Group: clock1
     Startpoint: (R) u_ab_smaller_mantissa_l_reg[6]/CLK
          Clock: (R) clock1
       Endpoint: (F) u_sum_larger_mantissa_sign_l_reg/D
          Clock: (R) clock1

                     Capture       Launch     
        Clock Edge:+    1667            0     
       Src Latency:+       0            0     
       Net Latency:+       0 (I)        0 (I) 
           Arrival:=    1667            0     
                                              
             Setup:-     143                  
       Uncertainty:-       0                  
     Required Time:=    1523                  
      Launch Clock:-       0                  
         Data Path:-    2353                  
             Slack:=    -830                  

Launch clock path:
#-----------------------------------------------------------------------------------------------------------
#           Timing Point             Flags   Arc   Edge   Cell     Fanout Load Trans Delay Arrival Instance 
#                                                                         (fF)  (ps)  (ps)   (ps)  Location 
#-----------------------------------------------------------------------------------------------------------
  clk                                (i)     -     R     (arrival)    143  0.0     1     0       0    (-,-) 
  u_ab_smaller_mantissa_l_reg[6]/CLK <<<     -     R     dffrq_1x     143    -     1     0       0    (-,-) 
#-----------------------------------------------------------------------------------------------------------

#------------------------------------------------------------------------------------------------------------
#           Timing Point             Flags    Arc   Edge   Cell     Fanout Load Trans Delay Arrival Instance 
#                                                                          (fF)  (ps)  (ps)   (ps)  Location 
#------------------------------------------------------------------------------------------------------------
  u_ab_smaller_mantissa_l_reg[6]/CLK -       -      R     (arrival)    143    -     1     0       0    (-,-) 
  u_ab_smaller_mantissa_l_reg[6]/Q   -       CLK->Q R     dffrq_1x       1  6.1    48   176     176    (-,-) 
  g120530/X                          -       A->X   F     inv_2x         3 13.8    30    36     211    (-,-) 
  g117867/X                          -       A->X   R     inv_2x         1  9.8    29    29     240    (-,-) 
  g120527/X                          -       A->X   F     nand2_4x       2 13.0    27    29     269    (-,-) 
  g120526/X                          -       A->X   R     nand2_4x       3 17.9    44    37     306    (-,-) 
  g118656/X                          -       A->X   F     inv_4x         2 14.7    22    26     333    (-,-) 
  g83/X                              -       A->X   R     nand2_4x       1 10.0    31    27     360    (-,-) 
  g125992/X                          -       C->X   F     aoi21_4x       1  9.8    28    32     392    (-,-) 
  g125991/X                          -       A->X   R     nand2_4x       3 24.5    57    45     436    (-,-) 
  g125995/X                          -       A->X   F     aoi21_4x       2 16.6    37    43     479    (-,-) 
  g120/X                             -       A->X   R     oai21_4x       3 14.8    56    50     529    (-,-) 
  g690/X                             -       A->X   F     nand2_2x       1  5.3    30    32     560    (-,-) 
  g125638/X                          -       A->X   R     nand2_2x       1  9.3    47    38     599    (-,-) 
  g126080/X                          -       A->X   F     nand3_4x       2  9.8    34    37     636    (-,-) 
  g126078/X                          -       B->X   R     nand2_2x       2 12.7    56    50     686    (-,-) 
  fopt125483/X                       -       A->X   R     buf_2x         2  8.4    27    56     742    (-,-) 
  g125227/X                          -       B->X   F     nand2_2x       2  6.9    27    33     775    (-,-) 
  g118305/X                          -       C->X   R     oai21_2x       1  5.1    61    45     820    (-,-) 
  g118429/X                          -       C->X   F     aoi21_2x       1  3.4    41    48     868    (-,-) 
  g18/X                              -       A->X   F     and2_1x        1  5.0    26    60     928    (-,-) 
  g17/X                              -       C->X   R     nand3_2x       1  6.1    43    40     968    (-,-) 
  g124985/X                          -       A->X   F     inv_2x         1  9.3    23    28     997    (-,-) 
  g352/X                             -       B->X   R     nand3_4x       2 11.7    42    36    1033    (-,-) 
  g125996/X                          -       B->X   F     nand3_4x       1  9.8    33    44    1077    (-,-) 
  g126362/X                          -       A->X   R     nand2_4x       3 13.7    40    35    1112    (-,-) 
  g125796/X                          -       A->X   F     inv_2x         1 11.1    24    30    1142    (-,-) 
  g335/X                             -       B->X   R     oai21_4x       1 10.9    45    45    1186    (-,-) 
  g121510/X                          -       A->X   F     inv_4x         3 22.3    26    32    1218    (-,-) 
  g125784/X                          -       A->X   R     oai21_2x       1  6.1    65    42    1260    (-,-) 
  g108/X                             -       A->X   F     inv_2x         1  9.3    29    33    1293    (-,-) 
  g125723/X                          -       A->X   R     nand3_4x       2 14.9    49    39    1332    (-,-) 
  fopt725/X                          -       A->X   F     inv_2x         2 12.1    28    33    1366    (-,-) 
  g701/X                             -       A->X   R     nand2_4x       3 23.0    52    43    1409    (-,-) 
  g125021/X                          -       A->X   F     nand3_4x       1  9.0    34    38    1446    (-,-) 
  g125020/X                          -       B->X   R     nand2_4x       4 20.9    50    46    1492    (-,-) 
  g124561/X                          -       A->X   F     nand3_4x       1  9.8    35    38    1531    (-,-) 
  g125799/X                          -       A->X   R     nand2_4x       1 16.0    41    38    1568    (-,-) 
  fopt38/X                           -       A->X   F     inv_6x         3 36.7    26    32    1600    (-,-) 
  fopt126491/X                       -       A->X   R     inv_4x         4 29.9    40    36    1636    (-,-) 
  fopt126492/X                       -       A->X   F     inv_4x         4 26.2    27    33    1669    (-,-) 
  g121430/X                          -       B->X   R     oai21_4x       4 24.1    78    66    1735    (-,-) 
  g114203__123809/X                  -       A->X   F     nor2_4x        6 30.7    66    70    1804    (-,-) 
  g125150/X                          -       B->X   R     nand2_4x       1 21.2    56    56    1860    (-,-) 
  g126129/X                          -       A->X   F     inv_8x         9 48.2    30    36    1896    (-,-) 
  g126112/X                          -       A->X   F     buf_1x         1  5.1    28    62    1958    (-,-) 
  g126111/X                          -       B->X   R     nand2_2x       3 11.2    54    45    2003    (-,-) 
  g114128__9315/X                    -       A->X   F     nand2_1x       1  6.2    41    46    2050    (-,-) 
  g119915/X                          -       A->X   R     aoi21_2x       2  8.6    67    53    2103    (-,-) 
  g81/X                              -       A->X   F     nor2_2x        1  4.6    33    40    2143    (-,-) 
  g124520/X                          -       C->X   R     oai21_2x       2 12.6    95    70    2213    (-,-) 
  g626/X                             -       B->X   F     nand2_1x       2  6.5    49    65    2277    (-,-) 
  g114051__1705/X                    -       A->X   R     nand2_1x       1  3.2    37    39    2316    (-,-) 
  g114006__9315/X                    -       A->X   F     nand3_1x       1  2.7    37    37    2353    (-,-) 
  u_sum_larger_mantissa_sign_l_reg/D -       -      F     dffrq_1x       1    -     -     0    2353    (-,-) 
#------------------------------------------------------------------------------------------------------------

Capture clock path:
#-------------------------------------------------------------------------------------------------------------
#            Timing Point              Flags   Arc   Edge   Cell     Fanout Load Trans Delay Arrival Instance 
#                                                                           (fF)  (ps)  (ps)   (ps)  Location 
#-------------------------------------------------------------------------------------------------------------
  clk                                  (i)     -     R     (arrival)    143  0.0     1     0    1667    (-,-) 
  u_sum_larger_mantissa_sign_l_reg/CLK <<<     -     R     dffrq_1x     143    -     1     0    1667    (-,-) 
#-------------------------------------------------------------------------------------------------------------



Path 24: VIOLATED (-636 ps) Setup Check with Pin u_sum_sub_has_lost_sticky_l_reg/CLK->D
           View: view_1p2_25
          Group: clock1
     Startpoint: (R) u_ab_smaller_mantissa_l_reg[6]/CLK
          Clock: (R) clock1
       Endpoint: (F) u_sum_sub_has_lost_sticky_l_reg/D
          Clock: (R) clock1

                     Capture       Launch     
        Clock Edge:+    1667            0     
       Src Latency:+       0            0     
       Net Latency:+       0 (I)        0 (I) 
           Arrival:=    1667            0     
                                              
             Setup:-     143                  
       Uncertainty:-       0                  
     Required Time:=    1523                  
      Launch Clock:-       0                  
         Data Path:-    2160                  
             Slack:=    -636                  

Launch clock path:
#-----------------------------------------------------------------------------------------------------------
#           Timing Point             Flags   Arc   Edge   Cell     Fanout Load Trans Delay Arrival Instance 
#                                                                         (fF)  (ps)  (ps)   (ps)  Location 
#-----------------------------------------------------------------------------------------------------------
  clk                                (i)     -     R     (arrival)    143  0.0     1     0       0    (-,-) 
  u_ab_smaller_mantissa_l_reg[6]/CLK <<<     -     R     dffrq_1x     143    -     1     0       0    (-,-) 
#-----------------------------------------------------------------------------------------------------------

#------------------------------------------------------------------------------------------------------------
#           Timing Point             Flags    Arc   Edge   Cell     Fanout Load Trans Delay Arrival Instance 
#                                                                          (fF)  (ps)  (ps)   (ps)  Location 
#------------------------------------------------------------------------------------------------------------
  u_ab_smaller_mantissa_l_reg[6]/CLK -       -      R     (arrival)    143    -     1     0       0    (-,-) 
  u_ab_smaller_mantissa_l_reg[6]/Q   -       CLK->Q R     dffrq_1x       1  6.1    48   176     176    (-,-) 
  g120530/X                          -       A->X   F     inv_2x         3 13.8    30    36     211    (-,-) 
  g117867/X                          -       A->X   R     inv_2x         1  9.8    29    29     240    (-,-) 
  g120527/X                          -       A->X   F     nand2_4x       2 13.0    27    29     269    (-,-) 
  g120526/X                          -       A->X   R     nand2_4x       3 17.9    44    37     306    (-,-) 
  g118656/X                          -       A->X   F     inv_4x         2 14.7    22    26     333    (-,-) 
  g83/X                              -       A->X   R     nand2_4x       1 10.0    31    27     360    (-,-) 
  g125992/X                          -       C->X   F     aoi21_4x       1  9.8    28    32     392    (-,-) 
  g125991/X                          -       A->X   R     nand2_4x       3 24.5    57    45     436    (-,-) 
  g125995/X                          -       A->X   F     aoi21_4x       2 16.6    37    43     479    (-,-) 
  g120/X                             -       A->X   R     oai21_4x       3 14.8    56    50     529    (-,-) 
  g690/X                             -       A->X   F     nand2_2x       1  5.3    30    32     560    (-,-) 
  g125638/X                          -       A->X   R     nand2_2x       1  9.3    47    38     599    (-,-) 
  g126080/X                          -       A->X   F     nand3_4x       2  9.8    34    37     636    (-,-) 
  g126078/X                          -       B->X   R     nand2_2x       2 12.7    56    50     686    (-,-) 
  g125754/X                          -       A->X   F     nor2_4x        3 17.6    42    48     734    (-,-) 
  g124605/X                          -       A->X   R     nand2_4x       1 16.0    41    40     774    (-,-) 
  g124604/X                          -       A->X   F     inv_6x         7 44.7    29    35     809    (-,-) 
  g124607/X                          -       B->X   R     nand2_2x       3 13.6    59    50     860    (-,-) 
  g120131/X                          -       A->X   F     inv_2x         2  8.2    26    30     890    (-,-) 
  g33/X                              -       A->X   R     nand2_2x       1  9.8    48    38     928    (-,-) 
  g125752/X                          -       A->X   F     nand2_4x       2 16.8    34    37     965    (-,-) 
  g125989/X                          -       B->X   R     oai21_4x       2 10.9    45    46    1012    (-,-) 
  g125748/X                          -       A->X   F     inv_2x         1  9.8    24    30    1042    (-,-) 
  g125604/X                          -       A->X   R     nand2_4x       1  9.2    30    27    1069    (-,-) 
  g125602/X                          -       B->X   F     nand2_4x       2 14.4    30    35    1104    (-,-) 
  g126159/X                          -       A->X   R     nand2_2x       1  9.8    46    40    1144    (-,-) 
  g126158/X                          -       A->X   F     nand2_4x       3 15.4    31    36    1179    (-,-) 
  g125785/X                          -       A->X   R     nand3_4x       2 16.3    52    41    1220    (-,-) 
  g125784/X                          -       B->X   F     oai21_2x       1  6.0    34    40    1260    (-,-) 
  g108/X                             -       A->X   R     inv_2x         1  9.3    29    30    1290    (-,-) 
  g125723/X                          -       A->X   F     nand3_4x       2 14.6    41    39    1329    (-,-) 
  fopt725/X                          -       A->X   R     inv_2x         2 12.1    36    36    1365    (-,-) 
  g701/X                             -       A->X   F     nand2_4x       3 22.7    37    40    1404    (-,-) 
  g124848/X                          -       B->X   R     aoi21_4x       1  9.8    49    46    1450    (-,-) 
  g125020/X                          -       A->X   F     nand2_4x       4 20.7    37    41    1491    (-,-) 
  g249/X                             -       A->X   R     nand3_1x       1  3.3    47    41    1532    (-,-) 
  g122131/X                          -       A->X   F     nand2_1x       1  5.3    37    41    1573    (-,-) 
  g124702/X                          -       A->X   R     nand2_2x       1  9.6    46    41    1614    (-,-) 
  g124701/X                          -       C->X   F     oai21_4x       2 11.7    34    45    1659    (-,-) 
  fopt124700/X                       -       A->X   F     buf_6x         6 36.0    32    67    1726    (-,-) 
  g114322__123107/X                  -       A->X   R     nand2_4x       4 17.2    43    38    1765    (-,-) 
  fopt126295/X                       -       A->X   F     inv_2x         3 12.0    26    32    1796    (-,-) 
  g125052/X                          -       A0->X  R     aoi22_1x       1  5.2    81    64    1860    (-,-) 
  g126128/X                          -       B->X   F     nand2_2x       2  7.6    34    49    1909    (-,-) 
  g125155/X                          -       A->X   F     buf_1x         1  6.2    31    66    1976    (-,-) 
  g125154/X                          -       A->X   R     aoi21_2x       1  5.1    50    40    2016    (-,-) 
  g123316/X                          -       C->X   F     nand3_2x       3 11.2    55    65    2081    (-,-) 
  g122976/X                          -       A->X   R     nand2_1x       1  3.7    52    43    2124    (-,-) 
  g122974/X                          -       A->X   F     oai21_1x       1  2.7    33    36    2160    (-,-) 
  u_sum_sub_has_lost_sticky_l_reg/D  -       -      F     dffrq_1x       1    -     -     0    2160    (-,-) 
#------------------------------------------------------------------------------------------------------------

Capture clock path:
#------------------------------------------------------------------------------------------------------------
#            Timing Point             Flags   Arc   Edge   Cell     Fanout Load Trans Delay Arrival Instance 
#                                                                          (fF)  (ps)  (ps)   (ps)  Location 
#------------------------------------------------------------------------------------------------------------
  clk                                 (i)     -     R     (arrival)    143  0.0     1     0    1667    (-,-) 
  u_sum_sub_has_lost_sticky_l_reg/CLK <<<     -     R     dffrq_1x     143    -     1     0    1667    (-,-) 
#------------------------------------------------------------------------------------------------------------



Path 25: VIOLATED (-634 ps) Setup Check with Pin u_sum_smaller_mantissa_l_reg[0]/CLK->D
           View: view_1p2_25
          Group: clock1
     Startpoint: (R) u_ab_smaller_mantissa_l_reg[6]/CLK
          Clock: (R) clock1
       Endpoint: (F) u_sum_smaller_mantissa_l_reg[0]/D
          Clock: (R) clock1

                     Capture       Launch     
        Clock Edge:+    1667            0     
       Src Latency:+       0            0     
       Net Latency:+       0 (I)        0 (I) 
           Arrival:=    1667            0     
                                              
             Setup:-     149                  
       Uncertainty:-       0                  
     Required Time:=    1517                  
      Launch Clock:-       0                  
         Data Path:-    2152                  
             Slack:=    -634                  

Launch clock path:
#-----------------------------------------------------------------------------------------------------------
#           Timing Point             Flags   Arc   Edge   Cell     Fanout Load Trans Delay Arrival Instance 
#                                                                         (fF)  (ps)  (ps)   (ps)  Location 
#-----------------------------------------------------------------------------------------------------------
  clk                                (i)     -     R     (arrival)    143  0.0     1     0       0    (-,-) 
  u_ab_smaller_mantissa_l_reg[6]/CLK <<<     -     R     dffrq_1x     143    -     1     0       0    (-,-) 
#-----------------------------------------------------------------------------------------------------------

#------------------------------------------------------------------------------------------------------------
#           Timing Point             Flags    Arc   Edge   Cell     Fanout Load Trans Delay Arrival Instance 
#                                                                          (fF)  (ps)  (ps)   (ps)  Location 
#------------------------------------------------------------------------------------------------------------
  u_ab_smaller_mantissa_l_reg[6]/CLK -       -      R     (arrival)    143    -     1     0       0    (-,-) 
  u_ab_smaller_mantissa_l_reg[6]/Q   -       CLK->Q R     dffrq_1x       1  6.1    48   176     176    (-,-) 
  g120530/X                          -       A->X   F     inv_2x         3 13.8    30    36     211    (-,-) 
  g117867/X                          -       A->X   R     inv_2x         1  9.8    29    29     240    (-,-) 
  g120527/X                          -       A->X   F     nand2_4x       2 13.0    27    29     269    (-,-) 
  g120526/X                          -       A->X   R     nand2_4x       3 17.9    44    37     306    (-,-) 
  g118656/X                          -       A->X   F     inv_4x         2 14.7    22    26     333    (-,-) 
  g83/X                              -       A->X   R     nand2_4x       1 10.0    31    27     360    (-,-) 
  g125992/X                          -       C->X   F     aoi21_4x       1  9.8    28    32     392    (-,-) 
  g125991/X                          -       A->X   R     nand2_4x       3 24.5    57    45     436    (-,-) 
  g125995/X                          -       A->X   F     aoi21_4x       2 16.6    37    43     479    (-,-) 
  g120/X                             -       A->X   R     oai21_4x       3 14.8    56    50     529    (-,-) 
  g690/X                             -       A->X   F     nand2_2x       1  5.3    30    32     560    (-,-) 
  g125638/X                          -       A->X   R     nand2_2x       1  9.3    47    38     599    (-,-) 
  g126080/X                          -       A->X   F     nand3_4x       2  9.8    34    37     636    (-,-) 
  g126078/X                          -       B->X   R     nand2_2x       2 12.7    56    50     686    (-,-) 
  g125754/X                          -       A->X   F     nor2_4x        3 17.6    42    48     734    (-,-) 
  g124605/X                          -       A->X   R     nand2_4x       1 16.0    41    40     774    (-,-) 
  g124604/X                          -       A->X   F     inv_6x         7 44.7    29    35     809    (-,-) 
  g124607/X                          -       B->X   R     nand2_2x       3 13.6    59    50     860    (-,-) 
  g120131/X                          -       A->X   F     inv_2x         2  8.2    26    30     890    (-,-) 
  g33/X                              -       A->X   R     nand2_2x       1  9.8    48    38     928    (-,-) 
  g125752/X                          -       A->X   F     nand2_4x       2 16.8    34    37     965    (-,-) 
  g125989/X                          -       B->X   R     oai21_4x       2 10.9    45    46    1012    (-,-) 
  g125748/X                          -       A->X   F     inv_2x         1  9.8    24    30    1042    (-,-) 
  g125604/X                          -       A->X   R     nand2_4x       1  9.2    30    27    1069    (-,-) 
  g125602/X                          -       B->X   F     nand2_4x       2 14.4    30    35    1104    (-,-) 
  g126159/X                          -       A->X   R     nand2_2x       1  9.8    46    40    1144    (-,-) 
  g126158/X                          -       A->X   F     nand2_4x       3 15.4    31    36    1179    (-,-) 
  g125785/X                          -       A->X   R     nand3_4x       2 16.3    52    41    1220    (-,-) 
  g125784/X                          -       B->X   F     oai21_2x       1  6.0    34    40    1260    (-,-) 
  g108/X                             -       A->X   R     inv_2x         1  9.3    29    30    1290    (-,-) 
  g125723/X                          -       A->X   F     nand3_4x       2 14.6    41    39    1329    (-,-) 
  fopt725/X                          -       A->X   R     inv_2x         2 12.1    36    36    1365    (-,-) 
  g701/X                             -       A->X   F     nand2_4x       3 22.7    37    40    1404    (-,-) 
  g124848/X                          -       B->X   R     aoi21_4x       1  9.8    49    46    1450    (-,-) 
  g125020/X                          -       A->X   F     nand2_4x       4 20.7    37    41    1491    (-,-) 
  g249/X                             -       A->X   R     nand3_1x       1  3.3    47    41    1532    (-,-) 
  g122131/X                          -       A->X   F     nand2_1x       1  5.3    37    41    1573    (-,-) 
  g124702/X                          -       A->X   R     nand2_2x       1  9.6    46    41    1614    (-,-) 
  g124701/X                          -       C->X   F     oai21_4x       2 11.7    34    45    1659    (-,-) 
  fopt124700/X                       -       A->X   F     buf_6x         6 36.0    32    67    1726    (-,-) 
  g114322__123107/X                  -       A->X   R     nand2_4x       4 17.2    43    38    1765    (-,-) 
  fopt126295/X                       -       A->X   F     inv_2x         3 12.0    26    32    1796    (-,-) 
  g125052/X                          -       A0->X  R     aoi22_1x       1  5.2    81    64    1860    (-,-) 
  g126128/X                          -       B->X   F     nand2_2x       2  7.6    34    49    1909    (-,-) 
  g125155/X                          -       A->X   F     buf_1x         1  6.2    31    66    1976    (-,-) 
  g125154/X                          -       A->X   R     aoi21_2x       1  5.1    50    40    2016    (-,-) 
  g123316/X                          -       C->X   F     nand3_2x       3 11.2    55    65    2081    (-,-) 
  g31/X                              -       B->X   R     nor2_2x        1  3.7    35    40    2120    (-,-) 
  g114060__1666/X                    -       A->X   F     oai21_1x       1  2.7    81    31    2152    (-,-) 
  u_sum_smaller_mantissa_l_reg[0]/D  -       -      F     dffrq_1x       1    -     -     0    2152    (-,-) 
#------------------------------------------------------------------------------------------------------------

Capture clock path:
#------------------------------------------------------------------------------------------------------------
#            Timing Point             Flags   Arc   Edge   Cell     Fanout Load Trans Delay Arrival Instance 
#                                                                          (fF)  (ps)  (ps)   (ps)  Location 
#------------------------------------------------------------------------------------------------------------
  clk                                 (i)     -     R     (arrival)    143  0.0     1     0    1667    (-,-) 
  u_sum_smaller_mantissa_l_reg[0]/CLK <<<     -     R     dffrq_1x     143    -     1     0    1667    (-,-) 
#------------------------------------------------------------------------------------------------------------



Path 26: VIOLATED (-622 ps) Setup Check with Pin u_sum_sub_has_added_sticky_l_reg/CLK->D
           View: view_1p2_25
          Group: clock1
     Startpoint: (R) u_ab_smaller_mantissa_l_reg[6]/CLK
          Clock: (R) clock1
       Endpoint: (F) u_sum_sub_has_added_sticky_l_reg/D
          Clock: (R) clock1

                     Capture       Launch     
        Clock Edge:+    1667            0     
       Src Latency:+       0            0     
       Net Latency:+       0 (I)        0 (I) 
           Arrival:=    1667            0     
                                              
             Setup:-     143                  
       Uncertainty:-       0                  
     Required Time:=    1523                  
      Launch Clock:-       0                  
         Data Path:-    2145                  
             Slack:=    -622                  

Launch clock path:
#-----------------------------------------------------------------------------------------------------------
#           Timing Point             Flags   Arc   Edge   Cell     Fanout Load Trans Delay Arrival Instance 
#                                                                         (fF)  (ps)  (ps)   (ps)  Location 
#-----------------------------------------------------------------------------------------------------------
  clk                                (i)     -     R     (arrival)    143  0.0     1     0       0    (-,-) 
  u_ab_smaller_mantissa_l_reg[6]/CLK <<<     -     R     dffrq_1x     143    -     1     0       0    (-,-) 
#-----------------------------------------------------------------------------------------------------------

#------------------------------------------------------------------------------------------------------------
#           Timing Point             Flags    Arc   Edge   Cell     Fanout Load Trans Delay Arrival Instance 
#                                                                          (fF)  (ps)  (ps)   (ps)  Location 
#------------------------------------------------------------------------------------------------------------
  u_ab_smaller_mantissa_l_reg[6]/CLK -       -      R     (arrival)    143    -     1     0       0    (-,-) 
  u_ab_smaller_mantissa_l_reg[6]/Q   -       CLK->Q R     dffrq_1x       1  6.1    48   176     176    (-,-) 
  g120530/X                          -       A->X   F     inv_2x         3 13.8    30    36     211    (-,-) 
  g117867/X                          -       A->X   R     inv_2x         1  9.8    29    29     240    (-,-) 
  g120527/X                          -       A->X   F     nand2_4x       2 13.0    27    29     269    (-,-) 
  g120526/X                          -       A->X   R     nand2_4x       3 17.9    44    37     306    (-,-) 
  g118656/X                          -       A->X   F     inv_4x         2 14.7    22    26     333    (-,-) 
  g83/X                              -       A->X   R     nand2_4x       1 10.0    31    27     360    (-,-) 
  g125992/X                          -       C->X   F     aoi21_4x       1  9.8    28    32     392    (-,-) 
  g125991/X                          -       A->X   R     nand2_4x       3 24.5    57    45     436    (-,-) 
  g125995/X                          -       A->X   F     aoi21_4x       2 16.6    37    43     479    (-,-) 
  g120/X                             -       A->X   R     oai21_4x       3 14.8    56    50     529    (-,-) 
  g690/X                             -       A->X   F     nand2_2x       1  5.3    30    32     560    (-,-) 
  g125638/X                          -       A->X   R     nand2_2x       1  9.3    47    38     599    (-,-) 
  g126080/X                          -       A->X   F     nand3_4x       2  9.8    34    37     636    (-,-) 
  g126078/X                          -       B->X   R     nand2_2x       2 12.7    56    50     686    (-,-) 
  fopt125483/X                       -       A->X   R     buf_2x         2  8.4    27    56     742    (-,-) 
  g125227/X                          -       B->X   F     nand2_2x       2  6.9    27    33     775    (-,-) 
  g118305/X                          -       C->X   R     oai21_2x       1  5.1    61    45     820    (-,-) 
  g118429/X                          -       C->X   F     aoi21_2x       1  3.4    41    48     868    (-,-) 
  g18/X                              -       A->X   F     and2_1x        1  5.0    26    60     928    (-,-) 
  g17/X                              -       C->X   R     nand3_2x       1  6.1    43    40     968    (-,-) 
  g124985/X                          -       A->X   F     inv_2x         1  9.3    23    28     997    (-,-) 
  g352/X                             -       B->X   R     nand3_4x       2 11.7    42    36    1033    (-,-) 
  g125996/X                          -       B->X   F     nand3_4x       1  9.8    33    44    1077    (-,-) 
  g126362/X                          -       A->X   R     nand2_4x       3 13.7    40    35    1112    (-,-) 
  g125796/X                          -       A->X   F     inv_2x         1 11.1    24    30    1142    (-,-) 
  g335/X                             -       B->X   R     oai21_4x       1 10.9    45    45    1186    (-,-) 
  g121510/X                          -       A->X   F     inv_4x         3 22.3    26    32    1218    (-,-) 
  g125784/X                          -       A->X   R     oai21_2x       1  6.1    65    42    1260    (-,-) 
  g108/X                             -       A->X   F     inv_2x         1  9.3    29    33    1293    (-,-) 
  g125723/X                          -       A->X   R     nand3_4x       2 14.9    49    39    1332    (-,-) 
  fopt725/X                          -       A->X   F     inv_2x         2 12.1    28    33    1366    (-,-) 
  g701/X                             -       A->X   R     nand2_4x       3 23.0    52    43    1409    (-,-) 
  g125021/X                          -       A->X   F     nand3_4x       1  9.0    34    38    1446    (-,-) 
  g125020/X                          -       B->X   R     nand2_4x       4 20.9    50    46    1492    (-,-) 
  g124561/X                          -       A->X   F     nand3_4x       1  9.8    35    38    1531    (-,-) 
  g125799/X                          -       A->X   R     nand2_4x       1 16.0    41    38    1568    (-,-) 
  fopt38/X                           -       A->X   F     inv_6x         3 36.7    26    32    1600    (-,-) 
  fopt125798/X                       -       A->X   R     inv_4x         5 22.3    32    31    1631    (-,-) 
  fopt119650/X                       -       A->X   F     inv_2x         4 31.8    50    50    1681    (-,-) 
  g114439__118695/X                  -       A->X   R     nand2_2x       1  4.7    33    34    1715    (-,-) 
  g114413__124219/X                  -       C->X   F     oai21_2x       2  9.0    39    46    1761    (-,-) 
  g124220/X                          -       A->X   R     inv_2x         2  8.9    30    30    1791    (-,-) 
  g124222/X                          -       A->X   F     inv_2x         3  9.0    19    24    1816    (-,-) 
  g114316__124221/X                  -       B->X   R     nor2_1x        1  3.6    48    44    1859    (-,-) 
  g126335/X                          -       C->X   F     oai21_1x       1  3.3    36    47    1906    (-,-) 
  g126334/X                          -       A->X   R     nand2_1x       1  3.2    36    35    1941    (-,-) 
  g114103__4733/X                    -       A->X   F     nand3_1x       1  5.4    53    50    1991    (-,-) 
  g114093__5526/X                    -       B->X   R     nor2_2x        2  6.5    48    48    2039    (-,-) 
  g114088/X                          -       A->X   F     inv_1x         2  6.5    29    35    2074    (-,-) 
  g122978/X                          -       A->X   R     nand2_1x       1  3.7    52    35    2109    (-,-) 
  g114067__5107/X                    -       A->X   F     oai21_1x       1  2.7    36    36    2145    (-,-) 
  u_sum_sub_has_added_sticky_l_reg/D -       -      F     dffrq_1x       1    -     -     0    2145    (-,-) 
#------------------------------------------------------------------------------------------------------------

Capture clock path:
#-------------------------------------------------------------------------------------------------------------
#            Timing Point              Flags   Arc   Edge   Cell     Fanout Load Trans Delay Arrival Instance 
#                                                                           (fF)  (ps)  (ps)   (ps)  Location 
#-------------------------------------------------------------------------------------------------------------
  clk                                  (i)     -     R     (arrival)    143  0.0     1     0    1667    (-,-) 
  u_sum_sub_has_added_sticky_l_reg/CLK <<<     -     R     dffrq_1x     143    -     1     0    1667    (-,-) 
#-------------------------------------------------------------------------------------------------------------



Path 27: VIOLATED (-587 ps) Setup Check with Pin u_sum_smaller_mantissa_l_reg[1]/CLK->D
           View: view_1p2_25
          Group: clock1
     Startpoint: (R) u_ab_smaller_mantissa_l_reg[6]/CLK
          Clock: (R) clock1
       Endpoint: (F) u_sum_smaller_mantissa_l_reg[1]/D
          Clock: (R) clock1

                     Capture       Launch     
        Clock Edge:+    1667            0     
       Src Latency:+       0            0     
       Net Latency:+       0 (I)        0 (I) 
           Arrival:=    1667            0     
                                              
             Setup:-     148                  
       Uncertainty:-       0                  
     Required Time:=    1519                  
      Launch Clock:-       0                  
         Data Path:-    2106                  
             Slack:=    -587                  

Launch clock path:
#-----------------------------------------------------------------------------------------------------------
#           Timing Point             Flags   Arc   Edge   Cell     Fanout Load Trans Delay Arrival Instance 
#                                                                         (fF)  (ps)  (ps)   (ps)  Location 
#-----------------------------------------------------------------------------------------------------------
  clk                                (i)     -     R     (arrival)    143  0.0     1     0       0    (-,-) 
  u_ab_smaller_mantissa_l_reg[6]/CLK <<<     -     R     dffrq_1x     143    -     1     0       0    (-,-) 
#-----------------------------------------------------------------------------------------------------------

#------------------------------------------------------------------------------------------------------------
#           Timing Point             Flags    Arc   Edge   Cell     Fanout Load Trans Delay Arrival Instance 
#                                                                          (fF)  (ps)  (ps)   (ps)  Location 
#------------------------------------------------------------------------------------------------------------
  u_ab_smaller_mantissa_l_reg[6]/CLK -       -      R     (arrival)    143    -     1     0       0    (-,-) 
  u_ab_smaller_mantissa_l_reg[6]/Q   -       CLK->Q R     dffrq_1x       1  6.1    48   176     176    (-,-) 
  g120530/X                          -       A->X   F     inv_2x         3 13.8    30    36     211    (-,-) 
  g117867/X                          -       A->X   R     inv_2x         1  9.8    29    29     240    (-,-) 
  g120527/X                          -       A->X   F     nand2_4x       2 13.0    27    29     269    (-,-) 
  g120526/X                          -       A->X   R     nand2_4x       3 17.9    44    37     306    (-,-) 
  g118656/X                          -       A->X   F     inv_4x         2 14.7    22    26     333    (-,-) 
  g83/X                              -       A->X   R     nand2_4x       1 10.0    31    27     360    (-,-) 
  g125992/X                          -       C->X   F     aoi21_4x       1  9.8    28    32     392    (-,-) 
  g125991/X                          -       A->X   R     nand2_4x       3 24.5    57    45     436    (-,-) 
  g125995/X                          -       A->X   F     aoi21_4x       2 16.6    37    43     479    (-,-) 
  g120/X                             -       A->X   R     oai21_4x       3 14.8    56    50     529    (-,-) 
  g690/X                             -       A->X   F     nand2_2x       1  5.3    30    32     560    (-,-) 
  g125638/X                          -       A->X   R     nand2_2x       1  9.3    47    38     599    (-,-) 
  g126080/X                          -       A->X   F     nand3_4x       2  9.8    34    37     636    (-,-) 
  g126078/X                          -       B->X   R     nand2_2x       2 12.7    56    50     686    (-,-) 
  fopt125483/X                       -       A->X   R     buf_2x         2  8.4    27    56     742    (-,-) 
  g125227/X                          -       B->X   F     nand2_2x       2  6.9    27    33     775    (-,-) 
  g118305/X                          -       C->X   R     oai21_2x       1  5.1    61    45     820    (-,-) 
  g118429/X                          -       C->X   F     aoi21_2x       1  3.4    41    48     868    (-,-) 
  g18/X                              -       A->X   F     and2_1x        1  5.0    26    60     928    (-,-) 
  g17/X                              -       C->X   R     nand3_2x       1  6.1    43    40     968    (-,-) 
  g124985/X                          -       A->X   F     inv_2x         1  9.3    23    28     997    (-,-) 
  g352/X                             -       B->X   R     nand3_4x       2 11.7    42    36    1033    (-,-) 
  g125996/X                          -       B->X   F     nand3_4x       1  9.8    33    44    1077    (-,-) 
  g126362/X                          -       A->X   R     nand2_4x       3 13.7    40    35    1112    (-,-) 
  g125796/X                          -       A->X   F     inv_2x         1 11.1    24    30    1142    (-,-) 
  g335/X                             -       B->X   R     oai21_4x       1 10.9    45    45    1186    (-,-) 
  g121510/X                          -       A->X   F     inv_4x         3 22.3    26    32    1218    (-,-) 
  g125784/X                          -       A->X   R     oai21_2x       1  6.1    65    42    1260    (-,-) 
  g108/X                             -       A->X   F     inv_2x         1  9.3    29    33    1293    (-,-) 
  g125723/X                          -       A->X   R     nand3_4x       2 14.9    49    39    1332    (-,-) 
  fopt725/X                          -       A->X   F     inv_2x         2 12.1    28    33    1366    (-,-) 
  g701/X                             -       A->X   R     nand2_4x       3 23.0    52    43    1409    (-,-) 
  g125021/X                          -       A->X   F     nand3_4x       1  9.0    34    38    1446    (-,-) 
  g125020/X                          -       B->X   R     nand2_4x       4 20.9    50    46    1492    (-,-) 
  g124561/X                          -       A->X   F     nand3_4x       1  9.8    35    38    1531    (-,-) 
  g125799/X                          -       A->X   R     nand2_4x       1 16.0    41    38    1568    (-,-) 
  fopt38/X                           -       A->X   F     inv_6x         3 36.7    26    32    1600    (-,-) 
  fopt125801/X                       -       A->X   R     inv_6x         4 27.5    28    28    1628    (-,-) 
  fopt36/X                           -       A->X   F     inv_4x         3 15.7    18    23    1651    (-,-) 
  g21/X                              -       B->X   R     nand2_1x       1  9.2    76    57    1708    (-,-) 
  g126609/X                          -       B->X   F     nand2_4x       1 10.8    29    43    1751    (-,-) 
  fopt87/X                           -       A->X   R     inv_4x         3 16.6    26    28    1779    (-,-) 
  g125985/X                          -       A->X   F     nor2_1x        1  3.6    36    36    1814    (-,-) 
  g125984/X                          -       C->X   R     aoi21_1x       1  5.3    75    69    1883    (-,-) 
  g124670/X                          -       A->X   F     nand2_2x       2  8.9    40    44    1926    (-,-) 
  g126338/X                          -       A->X   R     nand2_1x       1  3.2    37    36    1963    (-,-) 
  g126337/X                          -       A->X   R     and3_1x        1  3.7    29    61    2024    (-,-) 
  g124345/X                          -       A->X   R     oa21_1x        1  3.4    26    51    2075    (-,-) 
  g123994/X                          -       B->X   F     oai21_1x       1  2.7    76    31    2106    (-,-) 
  u_sum_smaller_mantissa_l_reg[1]/D  -       -      F     dffrq_1x       1    -     -     0    2106    (-,-) 
#------------------------------------------------------------------------------------------------------------

Capture clock path:
#------------------------------------------------------------------------------------------------------------
#            Timing Point             Flags   Arc   Edge   Cell     Fanout Load Trans Delay Arrival Instance 
#                                                                          (fF)  (ps)  (ps)   (ps)  Location 
#------------------------------------------------------------------------------------------------------------
  clk                                 (i)     -     R     (arrival)    143  0.0     1     0    1667    (-,-) 
  u_sum_smaller_mantissa_l_reg[1]/CLK <<<     -     R     dffrq_1x     143    -     1     0    1667    (-,-) 
#------------------------------------------------------------------------------------------------------------



Path 28: VIOLATED (-347 ps) Setup Check with Pin u_sum_exp_max_l_reg[2]/CLK->D
           View: view_1p2_25
          Group: clock1
     Startpoint: (R) u_ab_smaller_mantissa_l_reg[6]/CLK
          Clock: (R) clock1
       Endpoint: (F) u_sum_exp_max_l_reg[2]/D
          Clock: (R) clock1

                     Capture       Launch     
        Clock Edge:+    1667            0     
       Src Latency:+       0            0     
       Net Latency:+       0 (I)        0 (I) 
           Arrival:=    1667            0     
                                              
             Setup:-     148                  
       Uncertainty:-       0                  
     Required Time:=    1519                  
      Launch Clock:-       0                  
         Data Path:-    1866                  
             Slack:=    -347                  

Launch clock path:
#-----------------------------------------------------------------------------------------------------------
#           Timing Point             Flags   Arc   Edge   Cell     Fanout Load Trans Delay Arrival Instance 
#                                                                         (fF)  (ps)  (ps)   (ps)  Location 
#-----------------------------------------------------------------------------------------------------------
  clk                                (i)     -     R     (arrival)    143  0.0     1     0       0    (-,-) 
  u_ab_smaller_mantissa_l_reg[6]/CLK <<<     -     R     dffrq_1x     143    -     1     0       0    (-,-) 
#-----------------------------------------------------------------------------------------------------------

#------------------------------------------------------------------------------------------------------------
#           Timing Point             Flags    Arc   Edge   Cell     Fanout Load Trans Delay Arrival Instance 
#                                                                          (fF)  (ps)  (ps)   (ps)  Location 
#------------------------------------------------------------------------------------------------------------
  u_ab_smaller_mantissa_l_reg[6]/CLK -       -      R     (arrival)    143    -     1     0       0    (-,-) 
  u_ab_smaller_mantissa_l_reg[6]/Q   -       CLK->Q R     dffrq_1x       1  6.1    48   176     176    (-,-) 
  g120530/X                          -       A->X   F     inv_2x         3 13.8    30    36     211    (-,-) 
  g117867/X                          -       A->X   R     inv_2x         1  9.8    29    29     240    (-,-) 
  g120527/X                          -       A->X   F     nand2_4x       2 13.0    27    29     269    (-,-) 
  g120526/X                          -       A->X   R     nand2_4x       3 17.9    44    37     306    (-,-) 
  g118656/X                          -       A->X   F     inv_4x         2 14.7    22    26     333    (-,-) 
  g83/X                              -       A->X   R     nand2_4x       1 10.0    31    27     360    (-,-) 
  g125992/X                          -       C->X   F     aoi21_4x       1  9.8    28    32     392    (-,-) 
  g125991/X                          -       A->X   R     nand2_4x       3 24.5    57    45     436    (-,-) 
  g125995/X                          -       A->X   F     aoi21_4x       2 16.6    37    43     479    (-,-) 
  g120/X                             -       A->X   R     oai21_4x       3 14.8    56    50     529    (-,-) 
  g690/X                             -       A->X   F     nand2_2x       1  5.3    30    32     560    (-,-) 
  g125638/X                          -       A->X   R     nand2_2x       1  9.3    47    38     599    (-,-) 
  g126080/X                          -       A->X   F     nand3_4x       2  9.8    34    37     636    (-,-) 
  g126078/X                          -       B->X   R     nand2_2x       2 12.7    56    50     686    (-,-) 
  fopt125483/X                       -       A->X   R     buf_2x         2  8.4    27    56     742    (-,-) 
  g125227/X                          -       B->X   F     nand2_2x       2  6.9    27    33     775    (-,-) 
  g118305/X                          -       C->X   R     oai21_2x       1  5.1    61    45     820    (-,-) 
  g118429/X                          -       C->X   F     aoi21_2x       1  3.4    41    48     868    (-,-) 
  g18/X                              -       A->X   F     and2_1x        1  5.0    26    60     928    (-,-) 
  g17/X                              -       C->X   R     nand3_2x       1  6.1    43    40     968    (-,-) 
  g124985/X                          -       A->X   F     inv_2x         1  9.3    23    28     997    (-,-) 
  g352/X                             -       B->X   R     nand3_4x       2 11.7    42    36    1033    (-,-) 
  g125996/X                          -       B->X   F     nand3_4x       1  9.8    33    44    1077    (-,-) 
  g126362/X                          -       A->X   R     nand2_4x       3 13.7    40    35    1112    (-,-) 
  g125796/X                          -       A->X   F     inv_2x         1 11.1    24    30    1142    (-,-) 
  g335/X                             -       B->X   R     oai21_4x       1 10.9    45    45    1186    (-,-) 
  g121510/X                          -       A->X   F     inv_4x         3 22.3    26    32    1218    (-,-) 
  g125784/X                          -       A->X   R     oai21_2x       1  6.1    65    42    1260    (-,-) 
  g108/X                             -       A->X   F     inv_2x         1  9.3    29    33    1293    (-,-) 
  g125723/X                          -       A->X   R     nand3_4x       2 14.9    49    39    1332    (-,-) 
  fopt725/X                          -       A->X   F     inv_2x         2 12.1    28    33    1366    (-,-) 
  g701/X                             -       A->X   R     nand2_4x       3 23.0    52    43    1409    (-,-) 
  g125021/X                          -       A->X   F     nand3_4x       1  9.0    34    38    1446    (-,-) 
  g125020/X                          -       B->X   R     nand2_4x       4 20.9    50    46    1492    (-,-) 
  g124561/X                          -       A->X   F     nand3_4x       1  9.8    35    38    1531    (-,-) 
  g125799/X                          -       A->X   R     nand2_4x       1 16.0    41    38    1568    (-,-) 
  fopt38/X                           -       A->X   F     inv_6x         3 36.7    26    32    1600    (-,-) 
  fopt126491/X                       -       A->X   R     inv_4x         4 29.9    40    36    1636    (-,-) 
  fopt126490/X                       -       A->X   R     buf_6x         4 42.3    41    65    1702    (-,-) 
  fopt126303/X                       -       A->X   F     inv_4x         3 22.1    25    30    1732    (-,-) 
  fopt126302/X                       -       A->X   R     inv_6x         8 27.3    27    27    1759    (-,-) 
  g126307/X                          -       B0->X  R     oa22_1x        2  6.1    38    72    1831    (-,-) 
  g114285__8428/X                    -       B->X   F     oai21_1x       1  2.7    76    34    1866    (-,-) 
  u_sum_exp_max_l_reg[2]/D           -       -      F     dffrq_1x       1    -     -     0    1866    (-,-) 
#------------------------------------------------------------------------------------------------------------

Capture clock path:
#---------------------------------------------------------------------------------------------------
#       Timing Point         Flags   Arc   Edge   Cell     Fanout Load Trans Delay Arrival Instance 
#                                                                 (fF)  (ps)  (ps)   (ps)  Location 
#---------------------------------------------------------------------------------------------------
  clk                        (i)     -     R     (arrival)    143  0.0     1     0    1667    (-,-) 
  u_sum_exp_max_l_reg[2]/CLK <<<     -     R     dffrq_1x     143    -     1     0    1667    (-,-) 
#---------------------------------------------------------------------------------------------------



Path 29: VIOLATED (-344 ps) Setup Check with Pin u_sum_exp_max_l_reg[3]/CLK->D
           View: view_1p2_25
          Group: clock1
     Startpoint: (R) u_ab_smaller_mantissa_l_reg[6]/CLK
          Clock: (R) clock1
       Endpoint: (F) u_sum_exp_max_l_reg[3]/D
          Clock: (R) clock1

                     Capture       Launch     
        Clock Edge:+    1667            0     
       Src Latency:+       0            0     
       Net Latency:+       0 (I)        0 (I) 
           Arrival:=    1667            0     
                                              
             Setup:-     149                  
       Uncertainty:-       0                  
     Required Time:=    1517                  
      Launch Clock:-       0                  
         Data Path:-    1861                  
             Slack:=    -344                  

Launch clock path:
#-----------------------------------------------------------------------------------------------------------
#           Timing Point             Flags   Arc   Edge   Cell     Fanout Load Trans Delay Arrival Instance 
#                                                                         (fF)  (ps)  (ps)   (ps)  Location 
#-----------------------------------------------------------------------------------------------------------
  clk                                (i)     -     R     (arrival)    143  0.0     1     0       0    (-,-) 
  u_ab_smaller_mantissa_l_reg[6]/CLK <<<     -     R     dffrq_1x     143    -     1     0       0    (-,-) 
#-----------------------------------------------------------------------------------------------------------

#------------------------------------------------------------------------------------------------------------
#           Timing Point             Flags    Arc   Edge   Cell     Fanout Load Trans Delay Arrival Instance 
#                                                                          (fF)  (ps)  (ps)   (ps)  Location 
#------------------------------------------------------------------------------------------------------------
  u_ab_smaller_mantissa_l_reg[6]/CLK -       -      R     (arrival)    143    -     1     0       0    (-,-) 
  u_ab_smaller_mantissa_l_reg[6]/Q   -       CLK->Q R     dffrq_1x       1  6.1    48   176     176    (-,-) 
  g120530/X                          -       A->X   F     inv_2x         3 13.8    30    36     211    (-,-) 
  g117867/X                          -       A->X   R     inv_2x         1  9.8    29    29     240    (-,-) 
  g120527/X                          -       A->X   F     nand2_4x       2 13.0    27    29     269    (-,-) 
  g120526/X                          -       A->X   R     nand2_4x       3 17.9    44    37     306    (-,-) 
  g118656/X                          -       A->X   F     inv_4x         2 14.7    22    26     333    (-,-) 
  g83/X                              -       A->X   R     nand2_4x       1 10.0    31    27     360    (-,-) 
  g125992/X                          -       C->X   F     aoi21_4x       1  9.8    28    32     392    (-,-) 
  g125991/X                          -       A->X   R     nand2_4x       3 24.5    57    45     436    (-,-) 
  g125995/X                          -       A->X   F     aoi21_4x       2 16.6    37    43     479    (-,-) 
  g120/X                             -       A->X   R     oai21_4x       3 14.8    56    50     529    (-,-) 
  g690/X                             -       A->X   F     nand2_2x       1  5.3    30    32     560    (-,-) 
  g125638/X                          -       A->X   R     nand2_2x       1  9.3    47    38     599    (-,-) 
  g126080/X                          -       A->X   F     nand3_4x       2  9.8    34    37     636    (-,-) 
  g126078/X                          -       B->X   R     nand2_2x       2 12.7    56    50     686    (-,-) 
  fopt125483/X                       -       A->X   R     buf_2x         2  8.4    27    56     742    (-,-) 
  g125227/X                          -       B->X   F     nand2_2x       2  6.9    27    33     775    (-,-) 
  g118305/X                          -       C->X   R     oai21_2x       1  5.1    61    45     820    (-,-) 
  g118429/X                          -       C->X   F     aoi21_2x       1  3.4    41    48     868    (-,-) 
  g18/X                              -       A->X   F     and2_1x        1  5.0    26    60     928    (-,-) 
  g17/X                              -       C->X   R     nand3_2x       1  6.1    43    40     968    (-,-) 
  g124985/X                          -       A->X   F     inv_2x         1  9.3    23    28     997    (-,-) 
  g352/X                             -       B->X   R     nand3_4x       2 11.7    42    36    1033    (-,-) 
  g125996/X                          -       B->X   F     nand3_4x       1  9.8    33    44    1077    (-,-) 
  g126362/X                          -       A->X   R     nand2_4x       3 13.7    40    35    1112    (-,-) 
  g125796/X                          -       A->X   F     inv_2x         1 11.1    24    30    1142    (-,-) 
  g335/X                             -       B->X   R     oai21_4x       1 10.9    45    45    1186    (-,-) 
  g121510/X                          -       A->X   F     inv_4x         3 22.3    26    32    1218    (-,-) 
  g125784/X                          -       A->X   R     oai21_2x       1  6.1    65    42    1260    (-,-) 
  g108/X                             -       A->X   F     inv_2x         1  9.3    29    33    1293    (-,-) 
  g125723/X                          -       A->X   R     nand3_4x       2 14.9    49    39    1332    (-,-) 
  fopt725/X                          -       A->X   F     inv_2x         2 12.1    28    33    1366    (-,-) 
  g701/X                             -       A->X   R     nand2_4x       3 23.0    52    43    1409    (-,-) 
  g125021/X                          -       A->X   F     nand3_4x       1  9.0    34    38    1446    (-,-) 
  g125020/X                          -       B->X   R     nand2_4x       4 20.9    50    46    1492    (-,-) 
  g124561/X                          -       A->X   F     nand3_4x       1  9.8    35    38    1531    (-,-) 
  g125799/X                          -       A->X   R     nand2_4x       1 16.0    41    38    1568    (-,-) 
  fopt38/X                           -       A->X   F     inv_6x         3 36.7    26    32    1600    (-,-) 
  fopt126491/X                       -       A->X   R     inv_4x         4 29.9    40    36    1636    (-,-) 
  fopt126490/X                       -       A->X   R     buf_6x         4 42.3    41    65    1702    (-,-) 
  fopt126303/X                       -       A->X   F     inv_4x         3 22.1    25    30    1732    (-,-) 
  fopt126302/X                       -       A->X   R     inv_6x         8 27.3    27    27    1759    (-,-) 
  g126313/X                          -       B0->X  R     oa22_2x        2  6.5    30    72    1831    (-,-) 
  g114284__6260/X                    -       A->X   F     oai21_1x       1  2.7    81    30    1861    (-,-) 
  u_sum_exp_max_l_reg[3]/D           -       -      F     dffrq_1x       1    -     -     0    1861    (-,-) 
#------------------------------------------------------------------------------------------------------------

Capture clock path:
#---------------------------------------------------------------------------------------------------
#       Timing Point         Flags   Arc   Edge   Cell     Fanout Load Trans Delay Arrival Instance 
#                                                                 (fF)  (ps)  (ps)   (ps)  Location 
#---------------------------------------------------------------------------------------------------
  clk                        (i)     -     R     (arrival)    143  0.0     1     0    1667    (-,-) 
  u_sum_exp_max_l_reg[3]/CLK <<<     -     R     dffrq_1x     143    -     1     0    1667    (-,-) 
#---------------------------------------------------------------------------------------------------



Path 30: VIOLATED (-336 ps) Setup Check with Pin u_sum_exp_max_l_reg[0]/CLK->D
           View: view_1p2_25
          Group: clock1
     Startpoint: (R) u_ab_smaller_mantissa_l_reg[6]/CLK
          Clock: (R) clock1
       Endpoint: (F) u_sum_exp_max_l_reg[0]/D
          Clock: (R) clock1

                     Capture       Launch     
        Clock Edge:+    1667            0     
       Src Latency:+       0            0     
       Net Latency:+       0 (I)        0 (I) 
           Arrival:=    1667            0     
                                              
             Setup:-     149                  
       Uncertainty:-       0                  
     Required Time:=    1517                  
      Launch Clock:-       0                  
         Data Path:-    1853                  
             Slack:=    -336                  

Launch clock path:
#-----------------------------------------------------------------------------------------------------------
#           Timing Point             Flags   Arc   Edge   Cell     Fanout Load Trans Delay Arrival Instance 
#                                                                         (fF)  (ps)  (ps)   (ps)  Location 
#-----------------------------------------------------------------------------------------------------------
  clk                                (i)     -     R     (arrival)    143  0.0     1     0       0    (-,-) 
  u_ab_smaller_mantissa_l_reg[6]/CLK <<<     -     R     dffrq_1x     143    -     1     0       0    (-,-) 
#-----------------------------------------------------------------------------------------------------------

#------------------------------------------------------------------------------------------------------------
#           Timing Point             Flags    Arc   Edge   Cell     Fanout Load Trans Delay Arrival Instance 
#                                                                          (fF)  (ps)  (ps)   (ps)  Location 
#------------------------------------------------------------------------------------------------------------
  u_ab_smaller_mantissa_l_reg[6]/CLK -       -      R     (arrival)    143    -     1     0       0    (-,-) 
  u_ab_smaller_mantissa_l_reg[6]/Q   -       CLK->Q R     dffrq_1x       1  6.1    48   176     176    (-,-) 
  g120530/X                          -       A->X   F     inv_2x         3 13.8    30    36     211    (-,-) 
  g117867/X                          -       A->X   R     inv_2x         1  9.8    29    29     240    (-,-) 
  g120527/X                          -       A->X   F     nand2_4x       2 13.0    27    29     269    (-,-) 
  g120526/X                          -       A->X   R     nand2_4x       3 17.9    44    37     306    (-,-) 
  g118656/X                          -       A->X   F     inv_4x         2 14.7    22    26     333    (-,-) 
  g83/X                              -       A->X   R     nand2_4x       1 10.0    31    27     360    (-,-) 
  g125992/X                          -       C->X   F     aoi21_4x       1  9.8    28    32     392    (-,-) 
  g125991/X                          -       A->X   R     nand2_4x       3 24.5    57    45     436    (-,-) 
  g125995/X                          -       A->X   F     aoi21_4x       2 16.6    37    43     479    (-,-) 
  g120/X                             -       A->X   R     oai21_4x       3 14.8    56    50     529    (-,-) 
  g690/X                             -       A->X   F     nand2_2x       1  5.3    30    32     560    (-,-) 
  g125638/X                          -       A->X   R     nand2_2x       1  9.3    47    38     599    (-,-) 
  g126080/X                          -       A->X   F     nand3_4x       2  9.8    34    37     636    (-,-) 
  g126078/X                          -       B->X   R     nand2_2x       2 12.7    56    50     686    (-,-) 
  fopt125483/X                       -       A->X   R     buf_2x         2  8.4    27    56     742    (-,-) 
  g125227/X                          -       B->X   F     nand2_2x       2  6.9    27    33     775    (-,-) 
  g118305/X                          -       C->X   R     oai21_2x       1  5.1    61    45     820    (-,-) 
  g118429/X                          -       C->X   F     aoi21_2x       1  3.4    41    48     868    (-,-) 
  g18/X                              -       A->X   F     and2_1x        1  5.0    26    60     928    (-,-) 
  g17/X                              -       C->X   R     nand3_2x       1  6.1    43    40     968    (-,-) 
  g124985/X                          -       A->X   F     inv_2x         1  9.3    23    28     997    (-,-) 
  g352/X                             -       B->X   R     nand3_4x       2 11.7    42    36    1033    (-,-) 
  g125996/X                          -       B->X   F     nand3_4x       1  9.8    33    44    1077    (-,-) 
  g126362/X                          -       A->X   R     nand2_4x       3 13.7    40    35    1112    (-,-) 
  g125796/X                          -       A->X   F     inv_2x         1 11.1    24    30    1142    (-,-) 
  g335/X                             -       B->X   R     oai21_4x       1 10.9    45    45    1186    (-,-) 
  g121510/X                          -       A->X   F     inv_4x         3 22.3    26    32    1218    (-,-) 
  g125784/X                          -       A->X   R     oai21_2x       1  6.1    65    42    1260    (-,-) 
  g108/X                             -       A->X   F     inv_2x         1  9.3    29    33    1293    (-,-) 
  g125723/X                          -       A->X   R     nand3_4x       2 14.9    49    39    1332    (-,-) 
  fopt725/X                          -       A->X   F     inv_2x         2 12.1    28    33    1366    (-,-) 
  g701/X                             -       A->X   R     nand2_4x       3 23.0    52    43    1409    (-,-) 
  g125021/X                          -       A->X   F     nand3_4x       1  9.0    34    38    1446    (-,-) 
  g125020/X                          -       B->X   R     nand2_4x       4 20.9    50    46    1492    (-,-) 
  g124561/X                          -       A->X   F     nand3_4x       1  9.8    35    38    1531    (-,-) 
  g125799/X                          -       A->X   R     nand2_4x       1 16.0    41    38    1568    (-,-) 
  fopt38/X                           -       A->X   F     inv_6x         3 36.7    26    32    1600    (-,-) 
  fopt126491/X                       -       A->X   R     inv_4x         4 29.9    40    36    1636    (-,-) 
  fopt126490/X                       -       A->X   R     buf_6x         4 42.3    41    65    1702    (-,-) 
  fopt126303/X                       -       A->X   F     inv_4x         3 22.1    25    30    1732    (-,-) 
  fopt126302/X                       -       A->X   R     inv_6x         8 27.3    27    27    1759    (-,-) 
  g124251/X                          -       A1->X  R     oa22_2x        2  6.5    30    64    1823    (-,-) 
  g114286__4319/X                    -       A->X   F     oai21_1x       1  2.7    81    30    1853    (-,-) 
  u_sum_exp_max_l_reg[0]/D           -       -      F     dffrq_1x       1    -     -     0    1853    (-,-) 
#------------------------------------------------------------------------------------------------------------

Capture clock path:
#---------------------------------------------------------------------------------------------------
#       Timing Point         Flags   Arc   Edge   Cell     Fanout Load Trans Delay Arrival Instance 
#                                                                 (fF)  (ps)  (ps)   (ps)  Location 
#---------------------------------------------------------------------------------------------------
  clk                        (i)     -     R     (arrival)    143  0.0     1     0    1667    (-,-) 
  u_sum_exp_max_l_reg[0]/CLK <<<     -     R     dffrq_1x     143    -     1     0    1667    (-,-) 
#---------------------------------------------------------------------------------------------------



Path 31: VIOLATED (-333 ps) Setup Check with Pin u_sum_special_result_l_reg[6]/CLK->D
           View: view_1p2_25
          Group: clock1
     Startpoint: (R) u_cd_larger_mantissa_l_reg[3]/CLK
          Clock: (R) clock1
       Endpoint: (F) u_sum_special_result_l_reg[6]/D
          Clock: (R) clock1

                     Capture       Launch     
        Clock Edge:+    1667            0     
       Src Latency:+       0            0     
       Net Latency:+       0 (I)        0 (I) 
           Arrival:=    1667            0     
                                              
             Setup:-     143                  
       Uncertainty:-       0                  
     Required Time:=    1523                  
      Launch Clock:-       0                  
         Data Path:-    1857                  
             Slack:=    -333                  

Launch clock path:
#----------------------------------------------------------------------------------------------------------
#           Timing Point            Flags   Arc   Edge   Cell     Fanout Load Trans Delay Arrival Instance 
#                                                                        (fF)  (ps)  (ps)   (ps)  Location 
#----------------------------------------------------------------------------------------------------------
  clk                               (i)     -     R     (arrival)    143  0.0     1     0       0    (-,-) 
  u_cd_larger_mantissa_l_reg[3]/CLK <<<     -     R     dffrq_1x     143    -     1     0       0    (-,-) 
#----------------------------------------------------------------------------------------------------------

#-----------------------------------------------------------------------------------------------------------
#           Timing Point            Flags    Arc   Edge   Cell     Fanout Load Trans Delay Arrival Instance 
#                                                                         (fF)  (ps)  (ps)   (ps)  Location 
#-----------------------------------------------------------------------------------------------------------
  u_cd_larger_mantissa_l_reg[3]/CLK -       -      R     (arrival)    143    -     1     0       0    (-,-) 
  u_cd_larger_mantissa_l_reg[3]/Q   -       CLK->Q R     dffrq_1x       2  6.5    50   177     177    (-,-) 
  g117875/X                         -       A->X   F     inv_1x         3 13.1    45    51     228    (-,-) 
  g117674/X                         -       B->X   R     nand2_2x       1  3.7    31    34     261    (-,-) 
  g123363/X                         -       A->X   R     ao21_2x        2  8.4    31    64     325    (-,-) 
  g117089/X                         -       A->X   F     inv_1x         1  5.3    22    27     352    (-,-) 
  g122721/X                         -       A->X   R     nand2_2x       2  8.9    46    35     387    (-,-) 
  g120114/X                         -       A->X   F     inv_2x         2  6.4    21    24     412    (-,-) 
  g124308/X                         -       A->X   F     or3_1x         1  5.2    38    87     499    (-,-) 
  g514/X                            -       A->X   R     nand3_2x       1  5.3    41    36     535    (-,-) 
  g120610/X                         -       A->X   F     nand2_2x       3 11.9    40    41     576    (-,-) 
  fopt122022/X                      -       A->X   R     inv_2x         1  9.5    31    32     607    (-,-) 
  g125275/X                         -       A->X   F     nor2_4x        4 14.2    40    36     643    (-,-) 
  g125280/X                         -       A->X   R     inv_1x         1  5.4    34    34     678    (-,-) 
  g125279/X                         -       A->X   F     nor2_2x        2  7.9    48    38     716    (-,-) 
  g116651/X                         -       A->X   R     nand2_2x       3 10.4    52    47     763    (-,-) 
  g124363/X                         -       A->X   R     and3_1x        2  8.6    50    80     843    (-,-) 
  g125777/X                         -       A->X   F     nand2_2x       1  5.2    27    30     873    (-,-) 
  g125776/X                         -       A->X   R     nand3_2x       2  8.5    52    40     914    (-,-) 
  fopt247/X                         -       A->X   F     inv_1x         1 11.0    40    47     960    (-,-) 
  g122504/X                         -       A->X   R     oai21_4x       3 14.3    56    50    1010    (-,-) 
  g121143/X                         -       A->X   F     inv_2x         2  6.2    23    26    1036    (-,-) 
  g121148/X                         -       B->X   R     nand3_1x       1  5.3    61    49    1085    (-,-) 
  g124789/X                         -       B->X   F     nand3_2x       2  8.5    47    58    1143    (-,-) 
  fopt125/X                         -       A->X   F     buf_2x         3 11.2    28    62    1205    (-,-) 
  g124793/X                         -       A->X   R     nand2_1x       1  5.3    49    41    1247    (-,-) 
  g124792/X                         -       A->X   F     nand2_2x       1  9.8    35    40    1286    (-,-) 
  g124067/X                         -       A->X   R     nand2_4x       2 14.1    40    36    1322    (-,-) 
  g114867__6417_dup/X               -       A->X   F     nand3_2x       2  6.8    38    40    1362    (-,-) 
  g124075/X                         -       A->X   F     buf_2x         3 17.7    36    68    1430    (-,-) 
  g114791__2883/X                   -       A->X   R     oai21_2x       2  6.4    67    46    1475    (-,-) 
  g114726__9315/X                   -       B->X   F     nor2_1x        1  5.0    51    59    1534    (-,-) 
  g114561__1666/X                   -       C->X   R     nand3_2x       1  5.2    44    46    1580    (-,-) 
  g114543__2346/X                   -       B->X   F     nor2_2x        3  9.6    43    50    1629    (-,-) 
  g123469/X                         -       A->X   F     and2_2x        1 11.1    33    75    1705    (-,-) 
  g123465/X                         -       B->X   R     oai21_4x       1 10.9    47    46    1751    (-,-) 
  g122856/X                         -       A->X   F     inv_4x        11 32.3    32    39    1790    (-,-) 
  g122983/X                         -       A->X   R     nand2_1x       1  3.2    39    34    1823    (-,-) 
  g122982/X                         -       B->X   F     nand2_1x       1  2.7    36    33    1857    (-,-) 
  u_sum_special_result_l_reg[6]/D   -       -      F     dffrq_1x       1    -     -     0    1857    (-,-) 
#-----------------------------------------------------------------------------------------------------------

Capture clock path:
#----------------------------------------------------------------------------------------------------------
#           Timing Point            Flags   Arc   Edge   Cell     Fanout Load Trans Delay Arrival Instance 
#                                                                        (fF)  (ps)  (ps)   (ps)  Location 
#----------------------------------------------------------------------------------------------------------
  clk                               (i)     -     R     (arrival)    143  0.0     1     0    1667    (-,-) 
  u_sum_special_result_l_reg[6]/CLK <<<     -     R     dffrq_1x     143    -     1     0    1667    (-,-) 
#----------------------------------------------------------------------------------------------------------



Path 32: VIOLATED (-333 ps) Setup Check with Pin u_sum_special_result_l_reg[4]/CLK->D
           View: view_1p2_25
          Group: clock1
     Startpoint: (R) u_cd_larger_mantissa_l_reg[3]/CLK
          Clock: (R) clock1
       Endpoint: (F) u_sum_special_result_l_reg[4]/D
          Clock: (R) clock1

                     Capture       Launch     
        Clock Edge:+    1667            0     
       Src Latency:+       0            0     
       Net Latency:+       0 (I)        0 (I) 
           Arrival:=    1667            0     
                                              
             Setup:-     143                  
       Uncertainty:-       0                  
     Required Time:=    1523                  
      Launch Clock:-       0                  
         Data Path:-    1856                  
             Slack:=    -333                  

Launch clock path:
#----------------------------------------------------------------------------------------------------------
#           Timing Point            Flags   Arc   Edge   Cell     Fanout Load Trans Delay Arrival Instance 
#                                                                        (fF)  (ps)  (ps)   (ps)  Location 
#----------------------------------------------------------------------------------------------------------
  clk                               (i)     -     R     (arrival)    143  0.0     1     0       0    (-,-) 
  u_cd_larger_mantissa_l_reg[3]/CLK <<<     -     R     dffrq_1x     143    -     1     0       0    (-,-) 
#----------------------------------------------------------------------------------------------------------

#-----------------------------------------------------------------------------------------------------------
#           Timing Point            Flags    Arc   Edge   Cell     Fanout Load Trans Delay Arrival Instance 
#                                                                         (fF)  (ps)  (ps)   (ps)  Location 
#-----------------------------------------------------------------------------------------------------------
  u_cd_larger_mantissa_l_reg[3]/CLK -       -      R     (arrival)    143    -     1     0       0    (-,-) 
  u_cd_larger_mantissa_l_reg[3]/Q   -       CLK->Q R     dffrq_1x       2  6.5    50   177     177    (-,-) 
  g117875/X                         -       A->X   F     inv_1x         3 13.1    45    51     228    (-,-) 
  g117674/X                         -       B->X   R     nand2_2x       1  3.7    31    34     261    (-,-) 
  g123363/X                         -       A->X   R     ao21_2x        2  8.4    31    64     325    (-,-) 
  g117089/X                         -       A->X   F     inv_1x         1  5.3    22    27     352    (-,-) 
  g122721/X                         -       A->X   R     nand2_2x       2  8.9    46    35     387    (-,-) 
  g120114/X                         -       A->X   F     inv_2x         2  6.4    21    24     412    (-,-) 
  g124308/X                         -       A->X   F     or3_1x         1  5.2    38    87     499    (-,-) 
  g514/X                            -       A->X   R     nand3_2x       1  5.3    41    36     535    (-,-) 
  g120610/X                         -       A->X   F     nand2_2x       3 11.9    40    41     576    (-,-) 
  fopt122022/X                      -       A->X   R     inv_2x         1  9.5    31    32     607    (-,-) 
  g125275/X                         -       A->X   F     nor2_4x        4 14.2    40    36     643    (-,-) 
  g125280/X                         -       A->X   R     inv_1x         1  5.4    34    34     678    (-,-) 
  g125279/X                         -       A->X   F     nor2_2x        2  7.9    48    38     716    (-,-) 
  g116651/X                         -       A->X   R     nand2_2x       3 10.4    52    47     763    (-,-) 
  g124363/X                         -       A->X   R     and3_1x        2  8.6    50    80     843    (-,-) 
  g125777/X                         -       A->X   F     nand2_2x       1  5.2    27    30     873    (-,-) 
  g125776/X                         -       A->X   R     nand3_2x       2  8.5    52    40     914    (-,-) 
  fopt247/X                         -       A->X   F     inv_1x         1 11.0    40    47     960    (-,-) 
  g122504/X                         -       A->X   R     oai21_4x       3 14.3    56    50    1010    (-,-) 
  g121143/X                         -       A->X   F     inv_2x         2  6.2    23    26    1036    (-,-) 
  g121148/X                         -       B->X   R     nand3_1x       1  5.3    61    49    1085    (-,-) 
  g124789/X                         -       B->X   F     nand3_2x       2  8.5    47    58    1143    (-,-) 
  fopt125/X                         -       A->X   F     buf_2x         3 11.2    28    62    1205    (-,-) 
  g124793/X                         -       A->X   R     nand2_1x       1  5.3    49    41    1247    (-,-) 
  g124792/X                         -       A->X   F     nand2_2x       1  9.8    35    40    1286    (-,-) 
  g124067/X                         -       A->X   R     nand2_4x       2 14.1    40    36    1322    (-,-) 
  g114867__6417_dup/X               -       A->X   F     nand3_2x       2  6.8    38    40    1362    (-,-) 
  g124075/X                         -       A->X   F     buf_2x         3 17.7    36    68    1430    (-,-) 
  g114791__2883/X                   -       A->X   R     oai21_2x       2  6.4    67    46    1475    (-,-) 
  g114726__9315/X                   -       B->X   F     nor2_1x        1  5.0    51    59    1534    (-,-) 
  g114561__1666/X                   -       C->X   R     nand3_2x       1  5.2    44    46    1580    (-,-) 
  g114543__2346/X                   -       B->X   F     nor2_2x        3  9.6    43    50    1629    (-,-) 
  g123469/X                         -       A->X   F     and2_2x        1 11.1    33    75    1705    (-,-) 
  g123465/X                         -       B->X   R     oai21_4x       1 10.9    47    46    1751    (-,-) 
  g122856/X                         -       A->X   F     inv_4x        11 32.3    32    39    1790    (-,-) 
  g122986/X                         -       A->X   R     nand2_1x       1  3.2    38    34    1823    (-,-) 
  g122985/X                         -       B->X   F     nand2_1x       1  2.7    36    33    1856    (-,-) 
  u_sum_special_result_l_reg[4]/D   -       -      F     dffrq_1x       1    -     -     0    1856    (-,-) 
#-----------------------------------------------------------------------------------------------------------

Capture clock path:
#----------------------------------------------------------------------------------------------------------
#           Timing Point            Flags   Arc   Edge   Cell     Fanout Load Trans Delay Arrival Instance 
#                                                                        (fF)  (ps)  (ps)   (ps)  Location 
#----------------------------------------------------------------------------------------------------------
  clk                               (i)     -     R     (arrival)    143  0.0     1     0    1667    (-,-) 
  u_sum_special_result_l_reg[4]/CLK <<<     -     R     dffrq_1x     143    -     1     0    1667    (-,-) 
#----------------------------------------------------------------------------------------------------------



Path 33: VIOLATED (-333 ps) Setup Check with Pin u_sum_special_result_l_reg[0]/CLK->D
           View: view_1p2_25
          Group: clock1
     Startpoint: (R) u_cd_larger_mantissa_l_reg[3]/CLK
          Clock: (R) clock1
       Endpoint: (F) u_sum_special_result_l_reg[0]/D
          Clock: (R) clock1

                     Capture       Launch     
        Clock Edge:+    1667            0     
       Src Latency:+       0            0     
       Net Latency:+       0 (I)        0 (I) 
           Arrival:=    1667            0     
                                              
             Setup:-     143                  
       Uncertainty:-       0                  
     Required Time:=    1523                  
      Launch Clock:-       0                  
         Data Path:-    1856                  
             Slack:=    -333                  

Launch clock path:
#----------------------------------------------------------------------------------------------------------
#           Timing Point            Flags   Arc   Edge   Cell     Fanout Load Trans Delay Arrival Instance 
#                                                                        (fF)  (ps)  (ps)   (ps)  Location 
#----------------------------------------------------------------------------------------------------------
  clk                               (i)     -     R     (arrival)    143  0.0     1     0       0    (-,-) 
  u_cd_larger_mantissa_l_reg[3]/CLK <<<     -     R     dffrq_1x     143    -     1     0       0    (-,-) 
#----------------------------------------------------------------------------------------------------------

#-----------------------------------------------------------------------------------------------------------
#           Timing Point            Flags    Arc   Edge   Cell     Fanout Load Trans Delay Arrival Instance 
#                                                                         (fF)  (ps)  (ps)   (ps)  Location 
#-----------------------------------------------------------------------------------------------------------
  u_cd_larger_mantissa_l_reg[3]/CLK -       -      R     (arrival)    143    -     1     0       0    (-,-) 
  u_cd_larger_mantissa_l_reg[3]/Q   -       CLK->Q R     dffrq_1x       2  6.5    50   177     177    (-,-) 
  g117875/X                         -       A->X   F     inv_1x         3 13.1    45    51     228    (-,-) 
  g117674/X                         -       B->X   R     nand2_2x       1  3.7    31    34     261    (-,-) 
  g123363/X                         -       A->X   R     ao21_2x        2  8.4    31    64     325    (-,-) 
  g117089/X                         -       A->X   F     inv_1x         1  5.3    22    27     352    (-,-) 
  g122721/X                         -       A->X   R     nand2_2x       2  8.9    46    35     387    (-,-) 
  g120114/X                         -       A->X   F     inv_2x         2  6.4    21    24     412    (-,-) 
  g124308/X                         -       A->X   F     or3_1x         1  5.2    38    87     499    (-,-) 
  g514/X                            -       A->X   R     nand3_2x       1  5.3    41    36     535    (-,-) 
  g120610/X                         -       A->X   F     nand2_2x       3 11.9    40    41     576    (-,-) 
  fopt122022/X                      -       A->X   R     inv_2x         1  9.5    31    32     607    (-,-) 
  g125275/X                         -       A->X   F     nor2_4x        4 14.2    40    36     643    (-,-) 
  g125280/X                         -       A->X   R     inv_1x         1  5.4    34    34     678    (-,-) 
  g125279/X                         -       A->X   F     nor2_2x        2  7.9    48    38     716    (-,-) 
  g116651/X                         -       A->X   R     nand2_2x       3 10.4    52    47     763    (-,-) 
  g124363/X                         -       A->X   R     and3_1x        2  8.6    50    80     843    (-,-) 
  g125777/X                         -       A->X   F     nand2_2x       1  5.2    27    30     873    (-,-) 
  g125776/X                         -       A->X   R     nand3_2x       2  8.5    52    40     914    (-,-) 
  fopt247/X                         -       A->X   F     inv_1x         1 11.0    40    47     960    (-,-) 
  g122504/X                         -       A->X   R     oai21_4x       3 14.3    56    50    1010    (-,-) 
  g121143/X                         -       A->X   F     inv_2x         2  6.2    23    26    1036    (-,-) 
  g121148/X                         -       B->X   R     nand3_1x       1  5.3    61    49    1085    (-,-) 
  g124789/X                         -       B->X   F     nand3_2x       2  8.5    47    58    1143    (-,-) 
  fopt125/X                         -       A->X   F     buf_2x         3 11.2    28    62    1205    (-,-) 
  g124793/X                         -       A->X   R     nand2_1x       1  5.3    49    41    1247    (-,-) 
  g124792/X                         -       A->X   F     nand2_2x       1  9.8    35    40    1286    (-,-) 
  g124067/X                         -       A->X   R     nand2_4x       2 14.1    40    36    1322    (-,-) 
  g114867__6417_dup/X               -       A->X   F     nand3_2x       2  6.8    38    40    1362    (-,-) 
  g124075/X                         -       A->X   F     buf_2x         3 17.7    36    68    1430    (-,-) 
  g114791__2883/X                   -       A->X   R     oai21_2x       2  6.4    67    46    1475    (-,-) 
  g114726__9315/X                   -       B->X   F     nor2_1x        1  5.0    51    59    1534    (-,-) 
  g114561__1666/X                   -       C->X   R     nand3_2x       1  5.2    44    46    1580    (-,-) 
  g114543__2346/X                   -       B->X   F     nor2_2x        3  9.6    43    50    1629    (-,-) 
  g123469/X                         -       A->X   F     and2_2x        1 11.1    33    75    1705    (-,-) 
  g123465/X                         -       B->X   R     oai21_4x       1 10.9    47    46    1751    (-,-) 
  g122856/X                         -       A->X   F     inv_4x        11 32.3    32    39    1790    (-,-) 
  g122995/X                         -       A->X   R     nand2_1x       1  3.2    37    34    1823    (-,-) 
  g122994/X                         -       B->X   F     nand2_1x       1  2.7    36    33    1856    (-,-) 
  u_sum_special_result_l_reg[0]/D   -       -      F     dffrq_1x       1    -     -     0    1856    (-,-) 
#-----------------------------------------------------------------------------------------------------------

Capture clock path:
#----------------------------------------------------------------------------------------------------------
#           Timing Point            Flags   Arc   Edge   Cell     Fanout Load Trans Delay Arrival Instance 
#                                                                        (fF)  (ps)  (ps)   (ps)  Location 
#----------------------------------------------------------------------------------------------------------
  clk                               (i)     -     R     (arrival)    143  0.0     1     0    1667    (-,-) 
  u_sum_special_result_l_reg[0]/CLK <<<     -     R     dffrq_1x     143    -     1     0    1667    (-,-) 
#----------------------------------------------------------------------------------------------------------



Path 34: VIOLATED (-332 ps) Setup Check with Pin u_sum_special_result_l_reg[5]/CLK->D
           View: view_1p2_25
          Group: clock1
     Startpoint: (R) u_cd_larger_mantissa_l_reg[3]/CLK
          Clock: (R) clock1
       Endpoint: (F) u_sum_special_result_l_reg[5]/D
          Clock: (R) clock1

                     Capture       Launch     
        Clock Edge:+    1667            0     
       Src Latency:+       0            0     
       Net Latency:+       0 (I)        0 (I) 
           Arrival:=    1667            0     
                                              
             Setup:-     143                  
       Uncertainty:-       0                  
     Required Time:=    1523                  
      Launch Clock:-       0                  
         Data Path:-    1856                  
             Slack:=    -332                  

Launch clock path:
#----------------------------------------------------------------------------------------------------------
#           Timing Point            Flags   Arc   Edge   Cell     Fanout Load Trans Delay Arrival Instance 
#                                                                        (fF)  (ps)  (ps)   (ps)  Location 
#----------------------------------------------------------------------------------------------------------
  clk                               (i)     -     R     (arrival)    143  0.0     1     0       0    (-,-) 
  u_cd_larger_mantissa_l_reg[3]/CLK <<<     -     R     dffrq_1x     143    -     1     0       0    (-,-) 
#----------------------------------------------------------------------------------------------------------

#-----------------------------------------------------------------------------------------------------------
#           Timing Point            Flags    Arc   Edge   Cell     Fanout Load Trans Delay Arrival Instance 
#                                                                         (fF)  (ps)  (ps)   (ps)  Location 
#-----------------------------------------------------------------------------------------------------------
  u_cd_larger_mantissa_l_reg[3]/CLK -       -      R     (arrival)    143    -     1     0       0    (-,-) 
  u_cd_larger_mantissa_l_reg[3]/Q   -       CLK->Q R     dffrq_1x       2  6.5    50   177     177    (-,-) 
  g117875/X                         -       A->X   F     inv_1x         3 13.1    45    51     228    (-,-) 
  g117674/X                         -       B->X   R     nand2_2x       1  3.7    31    34     261    (-,-) 
  g123363/X                         -       A->X   R     ao21_2x        2  8.4    31    64     325    (-,-) 
  g117089/X                         -       A->X   F     inv_1x         1  5.3    22    27     352    (-,-) 
  g122721/X                         -       A->X   R     nand2_2x       2  8.9    46    35     387    (-,-) 
  g120114/X                         -       A->X   F     inv_2x         2  6.4    21    24     412    (-,-) 
  g124308/X                         -       A->X   F     or3_1x         1  5.2    38    87     499    (-,-) 
  g514/X                            -       A->X   R     nand3_2x       1  5.3    41    36     535    (-,-) 
  g120610/X                         -       A->X   F     nand2_2x       3 11.9    40    41     576    (-,-) 
  fopt122022/X                      -       A->X   R     inv_2x         1  9.5    31    32     607    (-,-) 
  g125275/X                         -       A->X   F     nor2_4x        4 14.2    40    36     643    (-,-) 
  g125280/X                         -       A->X   R     inv_1x         1  5.4    34    34     678    (-,-) 
  g125279/X                         -       A->X   F     nor2_2x        2  7.9    48    38     716    (-,-) 
  g116651/X                         -       A->X   R     nand2_2x       3 10.4    52    47     763    (-,-) 
  g124363/X                         -       A->X   R     and3_1x        2  8.6    50    80     843    (-,-) 
  g125777/X                         -       A->X   F     nand2_2x       1  5.2    27    30     873    (-,-) 
  g125776/X                         -       A->X   R     nand3_2x       2  8.5    52    40     914    (-,-) 
  fopt247/X                         -       A->X   F     inv_1x         1 11.0    40    47     960    (-,-) 
  g122504/X                         -       A->X   R     oai21_4x       3 14.3    56    50    1010    (-,-) 
  g121143/X                         -       A->X   F     inv_2x         2  6.2    23    26    1036    (-,-) 
  g121148/X                         -       B->X   R     nand3_1x       1  5.3    61    49    1085    (-,-) 
  g124789/X                         -       B->X   F     nand3_2x       2  8.5    47    58    1143    (-,-) 
  fopt125/X                         -       A->X   F     buf_2x         3 11.2    28    62    1205    (-,-) 
  g124793/X                         -       A->X   R     nand2_1x       1  5.3    49    41    1247    (-,-) 
  g124792/X                         -       A->X   F     nand2_2x       1  9.8    35    40    1286    (-,-) 
  g124067/X                         -       A->X   R     nand2_4x       2 14.1    40    36    1322    (-,-) 
  g114867__6417_dup/X               -       A->X   F     nand3_2x       2  6.8    38    40    1362    (-,-) 
  g124075/X                         -       A->X   F     buf_2x         3 17.7    36    68    1430    (-,-) 
  g114791__2883/X                   -       A->X   R     oai21_2x       2  6.4    67    46    1475    (-,-) 
  g114726__9315/X                   -       B->X   F     nor2_1x        1  5.0    51    59    1534    (-,-) 
  g114561__1666/X                   -       C->X   R     nand3_2x       1  5.2    44    46    1580    (-,-) 
  g114543__2346/X                   -       B->X   F     nor2_2x        3  9.6    43    50    1629    (-,-) 
  g123469/X                         -       A->X   F     and2_2x        1 11.1    33    75    1705    (-,-) 
  g123465/X                         -       B->X   R     oai21_4x       1 10.9    47    46    1751    (-,-) 
  g122856/X                         -       A->X   F     inv_4x        11 32.3    32    39    1790    (-,-) 
  g122989/X                         -       A->X   R     nand2_1x       1  3.2    36    34    1823    (-,-) 
  g122988/X                         -       B->X   F     nand2_1x       1  2.7    36    32    1856    (-,-) 
  u_sum_special_result_l_reg[5]/D   -       -      F     dffrq_1x       1    -     -     0    1856    (-,-) 
#-----------------------------------------------------------------------------------------------------------

Capture clock path:
#----------------------------------------------------------------------------------------------------------
#           Timing Point            Flags   Arc   Edge   Cell     Fanout Load Trans Delay Arrival Instance 
#                                                                        (fF)  (ps)  (ps)   (ps)  Location 
#----------------------------------------------------------------------------------------------------------
  clk                               (i)     -     R     (arrival)    143  0.0     1     0    1667    (-,-) 
  u_sum_special_result_l_reg[5]/CLK <<<     -     R     dffrq_1x     143    -     1     0    1667    (-,-) 
#----------------------------------------------------------------------------------------------------------



Path 35: VIOLATED (-332 ps) Setup Check with Pin u_sum_special_result_l_reg[7]/CLK->D
           View: view_1p2_25
          Group: clock1
     Startpoint: (R) u_cd_larger_mantissa_l_reg[3]/CLK
          Clock: (R) clock1
       Endpoint: (F) u_sum_special_result_l_reg[7]/D
          Clock: (R) clock1

                     Capture       Launch     
        Clock Edge:+    1667            0     
       Src Latency:+       0            0     
       Net Latency:+       0 (I)        0 (I) 
           Arrival:=    1667            0     
                                              
             Setup:-     143                  
       Uncertainty:-       0                  
     Required Time:=    1523                  
      Launch Clock:-       0                  
         Data Path:-    1856                  
             Slack:=    -332                  

Launch clock path:
#----------------------------------------------------------------------------------------------------------
#           Timing Point            Flags   Arc   Edge   Cell     Fanout Load Trans Delay Arrival Instance 
#                                                                        (fF)  (ps)  (ps)   (ps)  Location 
#----------------------------------------------------------------------------------------------------------
  clk                               (i)     -     R     (arrival)    143  0.0     1     0       0    (-,-) 
  u_cd_larger_mantissa_l_reg[3]/CLK <<<     -     R     dffrq_1x     143    -     1     0       0    (-,-) 
#----------------------------------------------------------------------------------------------------------

#-----------------------------------------------------------------------------------------------------------
#           Timing Point            Flags    Arc   Edge   Cell     Fanout Load Trans Delay Arrival Instance 
#                                                                         (fF)  (ps)  (ps)   (ps)  Location 
#-----------------------------------------------------------------------------------------------------------
  u_cd_larger_mantissa_l_reg[3]/CLK -       -      R     (arrival)    143    -     1     0       0    (-,-) 
  u_cd_larger_mantissa_l_reg[3]/Q   -       CLK->Q R     dffrq_1x       2  6.5    50   177     177    (-,-) 
  g117875/X                         -       A->X   F     inv_1x         3 13.1    45    51     228    (-,-) 
  g117674/X                         -       B->X   R     nand2_2x       1  3.7    31    34     261    (-,-) 
  g123363/X                         -       A->X   R     ao21_2x        2  8.4    31    64     325    (-,-) 
  g117089/X                         -       A->X   F     inv_1x         1  5.3    22    27     352    (-,-) 
  g122721/X                         -       A->X   R     nand2_2x       2  8.9    46    35     387    (-,-) 
  g120114/X                         -       A->X   F     inv_2x         2  6.4    21    24     412    (-,-) 
  g124308/X                         -       A->X   F     or3_1x         1  5.2    38    87     499    (-,-) 
  g514/X                            -       A->X   R     nand3_2x       1  5.3    41    36     535    (-,-) 
  g120610/X                         -       A->X   F     nand2_2x       3 11.9    40    41     576    (-,-) 
  fopt122022/X                      -       A->X   R     inv_2x         1  9.5    31    32     607    (-,-) 
  g125275/X                         -       A->X   F     nor2_4x        4 14.2    40    36     643    (-,-) 
  g125280/X                         -       A->X   R     inv_1x         1  5.4    34    34     678    (-,-) 
  g125279/X                         -       A->X   F     nor2_2x        2  7.9    48    38     716    (-,-) 
  g116651/X                         -       A->X   R     nand2_2x       3 10.4    52    47     763    (-,-) 
  g124363/X                         -       A->X   R     and3_1x        2  8.6    50    80     843    (-,-) 
  g125777/X                         -       A->X   F     nand2_2x       1  5.2    27    30     873    (-,-) 
  g125776/X                         -       A->X   R     nand3_2x       2  8.5    52    40     914    (-,-) 
  fopt247/X                         -       A->X   F     inv_1x         1 11.0    40    47     960    (-,-) 
  g122504/X                         -       A->X   R     oai21_4x       3 14.3    56    50    1010    (-,-) 
  g121143/X                         -       A->X   F     inv_2x         2  6.2    23    26    1036    (-,-) 
  g121148/X                         -       B->X   R     nand3_1x       1  5.3    61    49    1085    (-,-) 
  g124789/X                         -       B->X   F     nand3_2x       2  8.5    47    58    1143    (-,-) 
  fopt125/X                         -       A->X   F     buf_2x         3 11.2    28    62    1205    (-,-) 
  g124793/X                         -       A->X   R     nand2_1x       1  5.3    49    41    1247    (-,-) 
  g124792/X                         -       A->X   F     nand2_2x       1  9.8    35    40    1286    (-,-) 
  g124067/X                         -       A->X   R     nand2_4x       2 14.1    40    36    1322    (-,-) 
  g114867__6417_dup/X               -       A->X   F     nand3_2x       2  6.8    38    40    1362    (-,-) 
  g124075/X                         -       A->X   F     buf_2x         3 17.7    36    68    1430    (-,-) 
  g114791__2883/X                   -       A->X   R     oai21_2x       2  6.4    67    46    1475    (-,-) 
  g114726__9315/X                   -       B->X   F     nor2_1x        1  5.0    51    59    1534    (-,-) 
  g114561__1666/X                   -       C->X   R     nand3_2x       1  5.2    44    46    1580    (-,-) 
  g114543__2346/X                   -       B->X   F     nor2_2x        3  9.6    43    50    1629    (-,-) 
  g123469/X                         -       A->X   F     and2_2x        1 11.1    33    75    1705    (-,-) 
  g123465/X                         -       B->X   R     oai21_4x       1 10.9    47    46    1751    (-,-) 
  g122856/X                         -       A->X   F     inv_4x        11 32.3    32    39    1790    (-,-) 
  g122998/X                         -       A->X   R     nand2_1x       1  3.2    36    34    1823    (-,-) 
  g122997/X                         -       B->X   F     nand2_1x       1  2.7    36    32    1856    (-,-) 
  u_sum_special_result_l_reg[7]/D   -       -      F     dffrq_1x       1    -     -     0    1856    (-,-) 
#-----------------------------------------------------------------------------------------------------------

Capture clock path:
#----------------------------------------------------------------------------------------------------------
#           Timing Point            Flags   Arc   Edge   Cell     Fanout Load Trans Delay Arrival Instance 
#                                                                        (fF)  (ps)  (ps)   (ps)  Location 
#----------------------------------------------------------------------------------------------------------
  clk                               (i)     -     R     (arrival)    143  0.0     1     0    1667    (-,-) 
  u_sum_special_result_l_reg[7]/CLK <<<     -     R     dffrq_1x     143    -     1     0    1667    (-,-) 
#----------------------------------------------------------------------------------------------------------



Path 36: VIOLATED (-332 ps) Setup Check with Pin u_sum_special_result_l_reg[1]/CLK->D
           View: view_1p2_25
          Group: clock1
     Startpoint: (R) u_cd_larger_mantissa_l_reg[3]/CLK
          Clock: (R) clock1
       Endpoint: (F) u_sum_special_result_l_reg[1]/D
          Clock: (R) clock1

                     Capture       Launch     
        Clock Edge:+    1667            0     
       Src Latency:+       0            0     
       Net Latency:+       0 (I)        0 (I) 
           Arrival:=    1667            0     
                                              
             Setup:-     143                  
       Uncertainty:-       0                  
     Required Time:=    1523                  
      Launch Clock:-       0                  
         Data Path:-    1856                  
             Slack:=    -332                  

Launch clock path:
#----------------------------------------------------------------------------------------------------------
#           Timing Point            Flags   Arc   Edge   Cell     Fanout Load Trans Delay Arrival Instance 
#                                                                        (fF)  (ps)  (ps)   (ps)  Location 
#----------------------------------------------------------------------------------------------------------
  clk                               (i)     -     R     (arrival)    143  0.0     1     0       0    (-,-) 
  u_cd_larger_mantissa_l_reg[3]/CLK <<<     -     R     dffrq_1x     143    -     1     0       0    (-,-) 
#----------------------------------------------------------------------------------------------------------

#-----------------------------------------------------------------------------------------------------------
#           Timing Point            Flags    Arc   Edge   Cell     Fanout Load Trans Delay Arrival Instance 
#                                                                         (fF)  (ps)  (ps)   (ps)  Location 
#-----------------------------------------------------------------------------------------------------------
  u_cd_larger_mantissa_l_reg[3]/CLK -       -      R     (arrival)    143    -     1     0       0    (-,-) 
  u_cd_larger_mantissa_l_reg[3]/Q   -       CLK->Q R     dffrq_1x       2  6.5    50   177     177    (-,-) 
  g117875/X                         -       A->X   F     inv_1x         3 13.1    45    51     228    (-,-) 
  g117674/X                         -       B->X   R     nand2_2x       1  3.7    31    34     261    (-,-) 
  g123363/X                         -       A->X   R     ao21_2x        2  8.4    31    64     325    (-,-) 
  g117089/X                         -       A->X   F     inv_1x         1  5.3    22    27     352    (-,-) 
  g122721/X                         -       A->X   R     nand2_2x       2  8.9    46    35     387    (-,-) 
  g120114/X                         -       A->X   F     inv_2x         2  6.4    21    24     412    (-,-) 
  g124308/X                         -       A->X   F     or3_1x         1  5.2    38    87     499    (-,-) 
  g514/X                            -       A->X   R     nand3_2x       1  5.3    41    36     535    (-,-) 
  g120610/X                         -       A->X   F     nand2_2x       3 11.9    40    41     576    (-,-) 
  fopt122022/X                      -       A->X   R     inv_2x         1  9.5    31    32     607    (-,-) 
  g125275/X                         -       A->X   F     nor2_4x        4 14.2    40    36     643    (-,-) 
  g125280/X                         -       A->X   R     inv_1x         1  5.4    34    34     678    (-,-) 
  g125279/X                         -       A->X   F     nor2_2x        2  7.9    48    38     716    (-,-) 
  g116651/X                         -       A->X   R     nand2_2x       3 10.4    52    47     763    (-,-) 
  g124363/X                         -       A->X   R     and3_1x        2  8.6    50    80     843    (-,-) 
  g125777/X                         -       A->X   F     nand2_2x       1  5.2    27    30     873    (-,-) 
  g125776/X                         -       A->X   R     nand3_2x       2  8.5    52    40     914    (-,-) 
  fopt247/X                         -       A->X   F     inv_1x         1 11.0    40    47     960    (-,-) 
  g122504/X                         -       A->X   R     oai21_4x       3 14.3    56    50    1010    (-,-) 
  g121143/X                         -       A->X   F     inv_2x         2  6.2    23    26    1036    (-,-) 
  g121148/X                         -       B->X   R     nand3_1x       1  5.3    61    49    1085    (-,-) 
  g124789/X                         -       B->X   F     nand3_2x       2  8.5    47    58    1143    (-,-) 
  fopt125/X                         -       A->X   F     buf_2x         3 11.2    28    62    1205    (-,-) 
  g124793/X                         -       A->X   R     nand2_1x       1  5.3    49    41    1247    (-,-) 
  g124792/X                         -       A->X   F     nand2_2x       1  9.8    35    40    1286    (-,-) 
  g124067/X                         -       A->X   R     nand2_4x       2 14.1    40    36    1322    (-,-) 
  g114867__6417_dup/X               -       A->X   F     nand3_2x       2  6.8    38    40    1362    (-,-) 
  g124075/X                         -       A->X   F     buf_2x         3 17.7    36    68    1430    (-,-) 
  g114791__2883/X                   -       A->X   R     oai21_2x       2  6.4    67    46    1475    (-,-) 
  g114726__9315/X                   -       B->X   F     nor2_1x        1  5.0    51    59    1534    (-,-) 
  g114561__1666/X                   -       C->X   R     nand3_2x       1  5.2    44    46    1580    (-,-) 
  g114543__2346/X                   -       B->X   F     nor2_2x        3  9.6    43    50    1629    (-,-) 
  g123469/X                         -       A->X   F     and2_2x        1 11.1    33    75    1705    (-,-) 
  g123465/X                         -       B->X   R     oai21_4x       1 10.9    47    46    1751    (-,-) 
  g122856/X                         -       A->X   F     inv_4x        11 32.3    32    39    1790    (-,-) 
  g123004/X                         -       A->X   R     nand2_1x       1  3.2    35    34    1823    (-,-) 
  g123003/X                         -       B->X   F     nand2_1x       1  2.7    36    32    1855    (-,-) 
  u_sum_special_result_l_reg[1]/D   -       -      F     dffrq_1x       1    -     -     0    1856    (-,-) 
#-----------------------------------------------------------------------------------------------------------

Capture clock path:
#----------------------------------------------------------------------------------------------------------
#           Timing Point            Flags   Arc   Edge   Cell     Fanout Load Trans Delay Arrival Instance 
#                                                                        (fF)  (ps)  (ps)   (ps)  Location 
#----------------------------------------------------------------------------------------------------------
  clk                               (i)     -     R     (arrival)    143  0.0     1     0    1667    (-,-) 
  u_sum_special_result_l_reg[1]/CLK <<<     -     R     dffrq_1x     143    -     1     0    1667    (-,-) 
#----------------------------------------------------------------------------------------------------------



Path 37: VIOLATED (-332 ps) Setup Check with Pin u_sum_special_result_l_reg[8]/CLK->D
           View: view_1p2_25
          Group: clock1
     Startpoint: (R) u_cd_larger_mantissa_l_reg[3]/CLK
          Clock: (R) clock1
       Endpoint: (F) u_sum_special_result_l_reg[8]/D
          Clock: (R) clock1

                     Capture       Launch     
        Clock Edge:+    1667            0     
       Src Latency:+       0            0     
       Net Latency:+       0 (I)        0 (I) 
           Arrival:=    1667            0     
                                              
             Setup:-     143                  
       Uncertainty:-       0                  
     Required Time:=    1523                  
      Launch Clock:-       0                  
         Data Path:-    1856                  
             Slack:=    -332                  

Launch clock path:
#----------------------------------------------------------------------------------------------------------
#           Timing Point            Flags   Arc   Edge   Cell     Fanout Load Trans Delay Arrival Instance 
#                                                                        (fF)  (ps)  (ps)   (ps)  Location 
#----------------------------------------------------------------------------------------------------------
  clk                               (i)     -     R     (arrival)    143  0.0     1     0       0    (-,-) 
  u_cd_larger_mantissa_l_reg[3]/CLK <<<     -     R     dffrq_1x     143    -     1     0       0    (-,-) 
#----------------------------------------------------------------------------------------------------------

#-----------------------------------------------------------------------------------------------------------
#           Timing Point            Flags    Arc   Edge   Cell     Fanout Load Trans Delay Arrival Instance 
#                                                                         (fF)  (ps)  (ps)   (ps)  Location 
#-----------------------------------------------------------------------------------------------------------
  u_cd_larger_mantissa_l_reg[3]/CLK -       -      R     (arrival)    143    -     1     0       0    (-,-) 
  u_cd_larger_mantissa_l_reg[3]/Q   -       CLK->Q R     dffrq_1x       2  6.5    50   177     177    (-,-) 
  g117875/X                         -       A->X   F     inv_1x         3 13.1    45    51     228    (-,-) 
  g117674/X                         -       B->X   R     nand2_2x       1  3.7    31    34     261    (-,-) 
  g123363/X                         -       A->X   R     ao21_2x        2  8.4    31    64     325    (-,-) 
  g117089/X                         -       A->X   F     inv_1x         1  5.3    22    27     352    (-,-) 
  g122721/X                         -       A->X   R     nand2_2x       2  8.9    46    35     387    (-,-) 
  g120114/X                         -       A->X   F     inv_2x         2  6.4    21    24     412    (-,-) 
  g124308/X                         -       A->X   F     or3_1x         1  5.2    38    87     499    (-,-) 
  g514/X                            -       A->X   R     nand3_2x       1  5.3    41    36     535    (-,-) 
  g120610/X                         -       A->X   F     nand2_2x       3 11.9    40    41     576    (-,-) 
  fopt122022/X                      -       A->X   R     inv_2x         1  9.5    31    32     607    (-,-) 
  g125275/X                         -       A->X   F     nor2_4x        4 14.2    40    36     643    (-,-) 
  g125280/X                         -       A->X   R     inv_1x         1  5.4    34    34     678    (-,-) 
  g125279/X                         -       A->X   F     nor2_2x        2  7.9    48    38     716    (-,-) 
  g116651/X                         -       A->X   R     nand2_2x       3 10.4    52    47     763    (-,-) 
  g124363/X                         -       A->X   R     and3_1x        2  8.6    50    80     843    (-,-) 
  g125777/X                         -       A->X   F     nand2_2x       1  5.2    27    30     873    (-,-) 
  g125776/X                         -       A->X   R     nand3_2x       2  8.5    52    40     914    (-,-) 
  fopt247/X                         -       A->X   F     inv_1x         1 11.0    40    47     960    (-,-) 
  g122504/X                         -       A->X   R     oai21_4x       3 14.3    56    50    1010    (-,-) 
  g121143/X                         -       A->X   F     inv_2x         2  6.2    23    26    1036    (-,-) 
  g121148/X                         -       B->X   R     nand3_1x       1  5.3    61    49    1085    (-,-) 
  g124789/X                         -       B->X   F     nand3_2x       2  8.5    47    58    1143    (-,-) 
  fopt125/X                         -       A->X   F     buf_2x         3 11.2    28    62    1205    (-,-) 
  g124793/X                         -       A->X   R     nand2_1x       1  5.3    49    41    1247    (-,-) 
  g124792/X                         -       A->X   F     nand2_2x       1  9.8    35    40    1286    (-,-) 
  g124067/X                         -       A->X   R     nand2_4x       2 14.1    40    36    1322    (-,-) 
  g114867__6417_dup/X               -       A->X   F     nand3_2x       2  6.8    38    40    1362    (-,-) 
  g124075/X                         -       A->X   F     buf_2x         3 17.7    36    68    1430    (-,-) 
  g114791__2883/X                   -       A->X   R     oai21_2x       2  6.4    67    46    1475    (-,-) 
  g114726__9315/X                   -       B->X   F     nor2_1x        1  5.0    51    59    1534    (-,-) 
  g114561__1666/X                   -       C->X   R     nand3_2x       1  5.2    44    46    1580    (-,-) 
  g114543__2346/X                   -       B->X   F     nor2_2x        3  9.6    43    50    1629    (-,-) 
  g123469/X                         -       A->X   F     and2_2x        1 11.1    33    75    1705    (-,-) 
  g123465/X                         -       B->X   R     oai21_4x       1 10.9    47    46    1751    (-,-) 
  g122856/X                         -       A->X   F     inv_4x        11 32.3    32    39    1790    (-,-) 
  g123007/X                         -       A->X   R     nand2_1x       1  3.2    35    34    1823    (-,-) 
  g123006/X                         -       B->X   F     nand2_1x       1  2.7    36    32    1855    (-,-) 
  u_sum_special_result_l_reg[8]/D   -       -      F     dffrq_1x       1    -     -     0    1856    (-,-) 
#-----------------------------------------------------------------------------------------------------------

Capture clock path:
#----------------------------------------------------------------------------------------------------------
#           Timing Point            Flags   Arc   Edge   Cell     Fanout Load Trans Delay Arrival Instance 
#                                                                        (fF)  (ps)  (ps)   (ps)  Location 
#----------------------------------------------------------------------------------------------------------
  clk                               (i)     -     R     (arrival)    143  0.0     1     0    1667    (-,-) 
  u_sum_special_result_l_reg[8]/CLK <<<     -     R     dffrq_1x     143    -     1     0    1667    (-,-) 
#----------------------------------------------------------------------------------------------------------



Path 38: VIOLATED (-332 ps) Setup Check with Pin u_sum_special_result_l_reg[3]/CLK->D
           View: view_1p2_25
          Group: clock1
     Startpoint: (R) u_cd_larger_mantissa_l_reg[3]/CLK
          Clock: (R) clock1
       Endpoint: (F) u_sum_special_result_l_reg[3]/D
          Clock: (R) clock1

                     Capture       Launch     
        Clock Edge:+    1667            0     
       Src Latency:+       0            0     
       Net Latency:+       0 (I)        0 (I) 
           Arrival:=    1667            0     
                                              
             Setup:-     143                  
       Uncertainty:-       0                  
     Required Time:=    1523                  
      Launch Clock:-       0                  
         Data Path:-    1855                  
             Slack:=    -332                  

Launch clock path:
#----------------------------------------------------------------------------------------------------------
#           Timing Point            Flags   Arc   Edge   Cell     Fanout Load Trans Delay Arrival Instance 
#                                                                        (fF)  (ps)  (ps)   (ps)  Location 
#----------------------------------------------------------------------------------------------------------
  clk                               (i)     -     R     (arrival)    143  0.0     1     0       0    (-,-) 
  u_cd_larger_mantissa_l_reg[3]/CLK <<<     -     R     dffrq_1x     143    -     1     0       0    (-,-) 
#----------------------------------------------------------------------------------------------------------

#-----------------------------------------------------------------------------------------------------------
#           Timing Point            Flags    Arc   Edge   Cell     Fanout Load Trans Delay Arrival Instance 
#                                                                         (fF)  (ps)  (ps)   (ps)  Location 
#-----------------------------------------------------------------------------------------------------------
  u_cd_larger_mantissa_l_reg[3]/CLK -       -      R     (arrival)    143    -     1     0       0    (-,-) 
  u_cd_larger_mantissa_l_reg[3]/Q   -       CLK->Q R     dffrq_1x       2  6.5    50   177     177    (-,-) 
  g117875/X                         -       A->X   F     inv_1x         3 13.1    45    51     228    (-,-) 
  g117674/X                         -       B->X   R     nand2_2x       1  3.7    31    34     261    (-,-) 
  g123363/X                         -       A->X   R     ao21_2x        2  8.4    31    64     325    (-,-) 
  g117089/X                         -       A->X   F     inv_1x         1  5.3    22    27     352    (-,-) 
  g122721/X                         -       A->X   R     nand2_2x       2  8.9    46    35     387    (-,-) 
  g120114/X                         -       A->X   F     inv_2x         2  6.4    21    24     412    (-,-) 
  g124308/X                         -       A->X   F     or3_1x         1  5.2    38    87     499    (-,-) 
  g514/X                            -       A->X   R     nand3_2x       1  5.3    41    36     535    (-,-) 
  g120610/X                         -       A->X   F     nand2_2x       3 11.9    40    41     576    (-,-) 
  fopt122022/X                      -       A->X   R     inv_2x         1  9.5    31    32     607    (-,-) 
  g125275/X                         -       A->X   F     nor2_4x        4 14.2    40    36     643    (-,-) 
  g125280/X                         -       A->X   R     inv_1x         1  5.4    34    34     678    (-,-) 
  g125279/X                         -       A->X   F     nor2_2x        2  7.9    48    38     716    (-,-) 
  g116651/X                         -       A->X   R     nand2_2x       3 10.4    52    47     763    (-,-) 
  g124363/X                         -       A->X   R     and3_1x        2  8.6    50    80     843    (-,-) 
  g125777/X                         -       A->X   F     nand2_2x       1  5.2    27    30     873    (-,-) 
  g125776/X                         -       A->X   R     nand3_2x       2  8.5    52    40     914    (-,-) 
  fopt247/X                         -       A->X   F     inv_1x         1 11.0    40    47     960    (-,-) 
  g122504/X                         -       A->X   R     oai21_4x       3 14.3    56    50    1010    (-,-) 
  g121143/X                         -       A->X   F     inv_2x         2  6.2    23    26    1036    (-,-) 
  g121148/X                         -       B->X   R     nand3_1x       1  5.3    61    49    1085    (-,-) 
  g124789/X                         -       B->X   F     nand3_2x       2  8.5    47    58    1143    (-,-) 
  fopt125/X                         -       A->X   F     buf_2x         3 11.2    28    62    1205    (-,-) 
  g124793/X                         -       A->X   R     nand2_1x       1  5.3    49    41    1247    (-,-) 
  g124792/X                         -       A->X   F     nand2_2x       1  9.8    35    40    1286    (-,-) 
  g124067/X                         -       A->X   R     nand2_4x       2 14.1    40    36    1322    (-,-) 
  g114867__6417_dup/X               -       A->X   F     nand3_2x       2  6.8    38    40    1362    (-,-) 
  g124075/X                         -       A->X   F     buf_2x         3 17.7    36    68    1430    (-,-) 
  g114791__2883/X                   -       A->X   R     oai21_2x       2  6.4    67    46    1475    (-,-) 
  g114726__9315/X                   -       B->X   F     nor2_1x        1  5.0    51    59    1534    (-,-) 
  g114561__1666/X                   -       C->X   R     nand3_2x       1  5.2    44    46    1580    (-,-) 
  g114543__2346/X                   -       B->X   F     nor2_2x        3  9.6    43    50    1629    (-,-) 
  g123469/X                         -       A->X   F     and2_2x        1 11.1    33    75    1705    (-,-) 
  g123465/X                         -       B->X   R     oai21_4x       1 10.9    47    46    1751    (-,-) 
  g122856/X                         -       A->X   F     inv_4x        11 32.3    32    39    1790    (-,-) 
  g122992/X                         -       A->X   R     nand2_1x       1  3.2    35    34    1823    (-,-) 
  g122991/X                         -       B->X   F     nand2_1x       1  2.7    36    32    1855    (-,-) 
  u_sum_special_result_l_reg[3]/D   -       -      F     dffrq_1x       1    -     -     0    1855    (-,-) 
#-----------------------------------------------------------------------------------------------------------

Capture clock path:
#----------------------------------------------------------------------------------------------------------
#           Timing Point            Flags   Arc   Edge   Cell     Fanout Load Trans Delay Arrival Instance 
#                                                                        (fF)  (ps)  (ps)   (ps)  Location 
#----------------------------------------------------------------------------------------------------------
  clk                               (i)     -     R     (arrival)    143  0.0     1     0    1667    (-,-) 
  u_sum_special_result_l_reg[3]/CLK <<<     -     R     dffrq_1x     143    -     1     0    1667    (-,-) 
#----------------------------------------------------------------------------------------------------------



Path 39: VIOLATED (-331 ps) Setup Check with Pin u_sum_special_result_l_reg[15]/CLK->D
           View: view_1p2_25
          Group: clock1
     Startpoint: (R) u_cd_larger_mantissa_l_reg[3]/CLK
          Clock: (R) clock1
       Endpoint: (F) u_sum_special_result_l_reg[15]/D
          Clock: (R) clock1

                     Capture       Launch     
        Clock Edge:+    1667            0     
       Src Latency:+       0            0     
       Net Latency:+       0 (I)        0 (I) 
           Arrival:=    1667            0     
                                              
             Setup:-     143                  
       Uncertainty:-       0                  
     Required Time:=    1523                  
      Launch Clock:-       0                  
         Data Path:-    1854                  
             Slack:=    -331                  

Launch clock path:
#----------------------------------------------------------------------------------------------------------
#           Timing Point            Flags   Arc   Edge   Cell     Fanout Load Trans Delay Arrival Instance 
#                                                                        (fF)  (ps)  (ps)   (ps)  Location 
#----------------------------------------------------------------------------------------------------------
  clk                               (i)     -     R     (arrival)    143  0.0     1     0       0    (-,-) 
  u_cd_larger_mantissa_l_reg[3]/CLK <<<     -     R     dffrq_1x     143    -     1     0       0    (-,-) 
#----------------------------------------------------------------------------------------------------------

#-----------------------------------------------------------------------------------------------------------
#           Timing Point            Flags    Arc   Edge   Cell     Fanout Load Trans Delay Arrival Instance 
#                                                                         (fF)  (ps)  (ps)   (ps)  Location 
#-----------------------------------------------------------------------------------------------------------
  u_cd_larger_mantissa_l_reg[3]/CLK -       -      R     (arrival)    143    -     1     0       0    (-,-) 
  u_cd_larger_mantissa_l_reg[3]/Q   -       CLK->Q R     dffrq_1x       2  6.5    50   177     177    (-,-) 
  g117875/X                         -       A->X   F     inv_1x         3 13.1    45    51     228    (-,-) 
  g117674/X                         -       B->X   R     nand2_2x       1  3.7    31    34     261    (-,-) 
  g123363/X                         -       A->X   R     ao21_2x        2  8.4    31    64     325    (-,-) 
  g117089/X                         -       A->X   F     inv_1x         1  5.3    22    27     352    (-,-) 
  g122721/X                         -       A->X   R     nand2_2x       2  8.9    46    35     387    (-,-) 
  g120114/X                         -       A->X   F     inv_2x         2  6.4    21    24     412    (-,-) 
  g124308/X                         -       A->X   F     or3_1x         1  5.2    38    87     499    (-,-) 
  g514/X                            -       A->X   R     nand3_2x       1  5.3    41    36     535    (-,-) 
  g120610/X                         -       A->X   F     nand2_2x       3 11.9    40    41     576    (-,-) 
  fopt122022/X                      -       A->X   R     inv_2x         1  9.5    31    32     607    (-,-) 
  g125275/X                         -       A->X   F     nor2_4x        4 14.2    40    36     643    (-,-) 
  g125280/X                         -       A->X   R     inv_1x         1  5.4    34    34     678    (-,-) 
  g125279/X                         -       A->X   F     nor2_2x        2  7.9    48    38     716    (-,-) 
  g116651/X                         -       A->X   R     nand2_2x       3 10.4    52    47     763    (-,-) 
  g124363/X                         -       A->X   R     and3_1x        2  8.6    50    80     843    (-,-) 
  g125777/X                         -       A->X   F     nand2_2x       1  5.2    27    30     873    (-,-) 
  g125776/X                         -       A->X   R     nand3_2x       2  8.5    52    40     914    (-,-) 
  fopt247/X                         -       A->X   F     inv_1x         1 11.0    40    47     960    (-,-) 
  g122504/X                         -       A->X   R     oai21_4x       3 14.3    56    50    1010    (-,-) 
  g121143/X                         -       A->X   F     inv_2x         2  6.2    23    26    1036    (-,-) 
  g121148/X                         -       B->X   R     nand3_1x       1  5.3    61    49    1085    (-,-) 
  g124789/X                         -       B->X   F     nand3_2x       2  8.5    47    58    1143    (-,-) 
  fopt125/X                         -       A->X   F     buf_2x         3 11.2    28    62    1205    (-,-) 
  g124793/X                         -       A->X   R     nand2_1x       1  5.3    49    41    1247    (-,-) 
  g124792/X                         -       A->X   F     nand2_2x       1  9.8    35    40    1286    (-,-) 
  g124067/X                         -       A->X   R     nand2_4x       2 14.1    40    36    1322    (-,-) 
  g114867__6417_dup/X               -       A->X   F     nand3_2x       2  6.8    38    40    1362    (-,-) 
  g124075/X                         -       A->X   F     buf_2x         3 17.7    36    68    1430    (-,-) 
  g114791__2883/X                   -       A->X   R     oai21_2x       2  6.4    67    46    1475    (-,-) 
  g114726__9315/X                   -       B->X   F     nor2_1x        1  5.0    51    59    1534    (-,-) 
  g114561__1666/X                   -       C->X   R     nand3_2x       1  5.2    44    46    1580    (-,-) 
  g114543__2346/X                   -       B->X   F     nor2_2x        3  9.6    43    50    1629    (-,-) 
  g123469/X                         -       A->X   F     and2_2x        1 11.1    33    75    1705    (-,-) 
  g123465/X                         -       B->X   R     oai21_4x       1 10.9    47    46    1751    (-,-) 
  g122856/X                         -       A->X   F     inv_4x        11 32.3    32    39    1790    (-,-) 
  g123001/X                         -       A->X   R     nand2_1x       1  3.3    44    34    1824    (-,-) 
  g123000/X                         -       A->X   F     nand2_1x       1  2.7    30    30    1854    (-,-) 
  u_sum_special_result_l_reg[15]/D  -       -      F     dffrq_1x       1    -     -     0    1854    (-,-) 
#-----------------------------------------------------------------------------------------------------------

Capture clock path:
#-----------------------------------------------------------------------------------------------------------
#           Timing Point             Flags   Arc   Edge   Cell     Fanout Load Trans Delay Arrival Instance 
#                                                                         (fF)  (ps)  (ps)   (ps)  Location 
#-----------------------------------------------------------------------------------------------------------
  clk                                (i)     -     R     (arrival)    143  0.0     1     0    1667    (-,-) 
  u_sum_special_result_l_reg[15]/CLK <<<     -     R     dffrq_1x     143    -     1     0    1667    (-,-) 
#-----------------------------------------------------------------------------------------------------------



Path 40: VIOLATED (-329 ps) Setup Check with Pin u_sum_special_result_l_reg[2]/CLK->D
           View: view_1p2_25
          Group: clock1
     Startpoint: (R) u_cd_larger_mantissa_l_reg[3]/CLK
          Clock: (R) clock1
       Endpoint: (F) u_sum_special_result_l_reg[2]/D
          Clock: (R) clock1

                     Capture       Launch     
        Clock Edge:+    1667            0     
       Src Latency:+       0            0     
       Net Latency:+       0 (I)        0 (I) 
           Arrival:=    1667            0     
                                              
             Setup:-     143                  
       Uncertainty:-       0                  
     Required Time:=    1523                  
      Launch Clock:-       0                  
         Data Path:-    1853                  
             Slack:=    -329                  

Launch clock path:
#----------------------------------------------------------------------------------------------------------
#           Timing Point            Flags   Arc   Edge   Cell     Fanout Load Trans Delay Arrival Instance 
#                                                                        (fF)  (ps)  (ps)   (ps)  Location 
#----------------------------------------------------------------------------------------------------------
  clk                               (i)     -     R     (arrival)    143  0.0     1     0       0    (-,-) 
  u_cd_larger_mantissa_l_reg[3]/CLK <<<     -     R     dffrq_1x     143    -     1     0       0    (-,-) 
#----------------------------------------------------------------------------------------------------------

#-----------------------------------------------------------------------------------------------------------
#           Timing Point            Flags    Arc   Edge   Cell     Fanout Load Trans Delay Arrival Instance 
#                                                                         (fF)  (ps)  (ps)   (ps)  Location 
#-----------------------------------------------------------------------------------------------------------
  u_cd_larger_mantissa_l_reg[3]/CLK -       -      R     (arrival)    143    -     1     0       0    (-,-) 
  u_cd_larger_mantissa_l_reg[3]/Q   -       CLK->Q R     dffrq_1x       2  6.5    50   177     177    (-,-) 
  g117875/X                         -       A->X   F     inv_1x         3 13.1    45    51     228    (-,-) 
  g117674/X                         -       B->X   R     nand2_2x       1  3.7    31    34     261    (-,-) 
  g123363/X                         -       A->X   R     ao21_2x        2  8.4    31    64     325    (-,-) 
  g117089/X                         -       A->X   F     inv_1x         1  5.3    22    27     352    (-,-) 
  g122721/X                         -       A->X   R     nand2_2x       2  8.9    46    35     387    (-,-) 
  g120114/X                         -       A->X   F     inv_2x         2  6.4    21    24     412    (-,-) 
  g124308/X                         -       A->X   F     or3_1x         1  5.2    38    87     499    (-,-) 
  g514/X                            -       A->X   R     nand3_2x       1  5.3    41    36     535    (-,-) 
  g120610/X                         -       A->X   F     nand2_2x       3 11.9    40    41     576    (-,-) 
  fopt122022/X                      -       A->X   R     inv_2x         1  9.5    31    32     607    (-,-) 
  g125275/X                         -       A->X   F     nor2_4x        4 14.2    40    36     643    (-,-) 
  g125280/X                         -       A->X   R     inv_1x         1  5.4    34    34     678    (-,-) 
  g125279/X                         -       A->X   F     nor2_2x        2  7.9    48    38     716    (-,-) 
  g116651/X                         -       A->X   R     nand2_2x       3 10.4    52    47     763    (-,-) 
  g124363/X                         -       A->X   R     and3_1x        2  8.6    50    80     843    (-,-) 
  g125777/X                         -       A->X   F     nand2_2x       1  5.2    27    30     873    (-,-) 
  g125776/X                         -       A->X   R     nand3_2x       2  8.5    52    40     914    (-,-) 
  fopt247/X                         -       A->X   F     inv_1x         1 11.0    40    47     960    (-,-) 
  g122504/X                         -       A->X   R     oai21_4x       3 14.3    56    50    1010    (-,-) 
  g121143/X                         -       A->X   F     inv_2x         2  6.2    23    26    1036    (-,-) 
  g121148/X                         -       B->X   R     nand3_1x       1  5.3    61    49    1085    (-,-) 
  g124789/X                         -       B->X   F     nand3_2x       2  8.5    47    58    1143    (-,-) 
  fopt125/X                         -       A->X   F     buf_2x         3 11.2    28    62    1205    (-,-) 
  g124793/X                         -       A->X   R     nand2_1x       1  5.3    49    41    1247    (-,-) 
  g124792/X                         -       A->X   F     nand2_2x       1  9.8    35    40    1286    (-,-) 
  g124067/X                         -       A->X   R     nand2_4x       2 14.1    40    36    1322    (-,-) 
  g114867__6417_dup/X               -       A->X   F     nand3_2x       2  6.8    38    40    1362    (-,-) 
  g124075/X                         -       A->X   F     buf_2x         3 17.7    36    68    1430    (-,-) 
  g114791__2883/X                   -       A->X   R     oai21_2x       2  6.4    67    46    1475    (-,-) 
  g114726__9315/X                   -       B->X   F     nor2_1x        1  5.0    51    59    1534    (-,-) 
  g114561__1666/X                   -       C->X   R     nand3_2x       1  5.2    44    46    1580    (-,-) 
  g114543__2346/X                   -       B->X   F     nor2_2x        3  9.6    43    50    1629    (-,-) 
  g123469/X                         -       A->X   F     and2_2x        1 11.1    33    75    1705    (-,-) 
  g123465/X                         -       B->X   R     oai21_4x       1 10.9    47    46    1751    (-,-) 
  g122856/X                         -       A->X   F     inv_4x        11 32.3    32    39    1790    (-,-) 
  g122980/X                         -       A->X   R     nand2_1x       1  3.3    38    34    1824    (-,-) 
  g122979/X                         -       A->X   F     nand2_1x       1  2.7    30    29    1852    (-,-) 
  u_sum_special_result_l_reg[2]/D   -       -      F     dffrq_1x       1    -     -     0    1853    (-,-) 
#-----------------------------------------------------------------------------------------------------------

Capture clock path:
#----------------------------------------------------------------------------------------------------------
#           Timing Point            Flags   Arc   Edge   Cell     Fanout Load Trans Delay Arrival Instance 
#                                                                        (fF)  (ps)  (ps)   (ps)  Location 
#----------------------------------------------------------------------------------------------------------
  clk                               (i)     -     R     (arrival)    143  0.0     1     0    1667    (-,-) 
  u_sum_special_result_l_reg[2]/CLK <<<     -     R     dffrq_1x     143    -     1     0    1667    (-,-) 
#----------------------------------------------------------------------------------------------------------



Path 41: VIOLATED (-328 ps) Setup Check with Pin u_sum_exp_max_l_reg[1]/CLK->D
           View: view_1p2_25
          Group: clock1
     Startpoint: (R) u_ab_smaller_mantissa_l_reg[6]/CLK
          Clock: (R) clock1
       Endpoint: (F) u_sum_exp_max_l_reg[1]/D
          Clock: (R) clock1

                     Capture       Launch     
        Clock Edge:+    1667            0     
       Src Latency:+       0            0     
       Net Latency:+       0 (I)        0 (I) 
           Arrival:=    1667            0     
                                              
             Setup:-     149                  
       Uncertainty:-       0                  
     Required Time:=    1517                  
      Launch Clock:-       0                  
         Data Path:-    1845                  
             Slack:=    -328                  

Launch clock path:
#-----------------------------------------------------------------------------------------------------------
#           Timing Point             Flags   Arc   Edge   Cell     Fanout Load Trans Delay Arrival Instance 
#                                                                         (fF)  (ps)  (ps)   (ps)  Location 
#-----------------------------------------------------------------------------------------------------------
  clk                                (i)     -     R     (arrival)    143  0.0     1     0       0    (-,-) 
  u_ab_smaller_mantissa_l_reg[6]/CLK <<<     -     R     dffrq_1x     143    -     1     0       0    (-,-) 
#-----------------------------------------------------------------------------------------------------------

#------------------------------------------------------------------------------------------------------------
#           Timing Point             Flags    Arc   Edge   Cell     Fanout Load Trans Delay Arrival Instance 
#                                                                          (fF)  (ps)  (ps)   (ps)  Location 
#------------------------------------------------------------------------------------------------------------
  u_ab_smaller_mantissa_l_reg[6]/CLK -       -      R     (arrival)    143    -     1     0       0    (-,-) 
  u_ab_smaller_mantissa_l_reg[6]/Q   -       CLK->Q R     dffrq_1x       1  6.1    48   176     176    (-,-) 
  g120530/X                          -       A->X   F     inv_2x         3 13.8    30    36     211    (-,-) 
  g117867/X                          -       A->X   R     inv_2x         1  9.8    29    29     240    (-,-) 
  g120527/X                          -       A->X   F     nand2_4x       2 13.0    27    29     269    (-,-) 
  g120526/X                          -       A->X   R     nand2_4x       3 17.9    44    37     306    (-,-) 
  g118656/X                          -       A->X   F     inv_4x         2 14.7    22    26     333    (-,-) 
  g83/X                              -       A->X   R     nand2_4x       1 10.0    31    27     360    (-,-) 
  g125992/X                          -       C->X   F     aoi21_4x       1  9.8    28    32     392    (-,-) 
  g125991/X                          -       A->X   R     nand2_4x       3 24.5    57    45     436    (-,-) 
  g125995/X                          -       A->X   F     aoi21_4x       2 16.6    37    43     479    (-,-) 
  g120/X                             -       A->X   R     oai21_4x       3 14.8    56    50     529    (-,-) 
  g690/X                             -       A->X   F     nand2_2x       1  5.3    30    32     560    (-,-) 
  g125638/X                          -       A->X   R     nand2_2x       1  9.3    47    38     599    (-,-) 
  g126080/X                          -       A->X   F     nand3_4x       2  9.8    34    37     636    (-,-) 
  g126078/X                          -       B->X   R     nand2_2x       2 12.7    56    50     686    (-,-) 
  g125754/X                          -       A->X   F     nor2_4x        3 17.6    42    48     734    (-,-) 
  g124605/X                          -       A->X   R     nand2_4x       1 16.0    41    40     774    (-,-) 
  g124604/X                          -       A->X   F     inv_6x         7 44.7    29    35     809    (-,-) 
  g124607/X                          -       B->X   R     nand2_2x       3 13.6    59    50     860    (-,-) 
  g120131/X                          -       A->X   F     inv_2x         2  8.2    26    30     890    (-,-) 
  g33/X                              -       A->X   R     nand2_2x       1  9.8    48    38     928    (-,-) 
  g125752/X                          -       A->X   F     nand2_4x       2 16.8    34    37     965    (-,-) 
  g125989/X                          -       B->X   R     oai21_4x       2 10.9    45    46    1012    (-,-) 
  g125748/X                          -       A->X   F     inv_2x         1  9.8    24    30    1042    (-,-) 
  g125604/X                          -       A->X   R     nand2_4x       1  9.2    30    27    1069    (-,-) 
  g125602/X                          -       B->X   F     nand2_4x       2 14.4    30    35    1104    (-,-) 
  g126159/X                          -       A->X   R     nand2_2x       1  9.8    46    40    1144    (-,-) 
  g126158/X                          -       A->X   F     nand2_4x       3 15.4    31    36    1179    (-,-) 
  g125785/X                          -       A->X   R     nand3_4x       2 16.3    52    41    1220    (-,-) 
  g125784/X                          -       B->X   F     oai21_2x       1  6.0    34    40    1260    (-,-) 
  g108/X                             -       A->X   R     inv_2x         1  9.3    29    30    1290    (-,-) 
  g125723/X                          -       A->X   F     nand3_4x       2 14.6    41    39    1329    (-,-) 
  fopt725/X                          -       A->X   R     inv_2x         2 12.1    36    36    1365    (-,-) 
  g701/X                             -       A->X   F     nand2_4x       3 22.7    37    40    1404    (-,-) 
  g124848/X                          -       B->X   R     aoi21_4x       1  9.8    49    46    1450    (-,-) 
  g125020/X                          -       A->X   F     nand2_4x       4 20.7    37    41    1491    (-,-) 
  g124561/X                          -       A->X   R     nand3_4x       1  9.8    40    35    1527    (-,-) 
  g125799/X                          -       A->X   F     nand2_4x       1 16.0    31    34    1561    (-,-) 
  fopt38/X                           -       A->X   R     inv_6x         3 36.9    35    34    1595    (-,-) 
  fopt126491/X                       -       A->X   F     inv_4x         4 30.1    28    33    1628    (-,-) 
  fopt126490/X                       -       A->X   F     buf_6x         4 42.1    35    68    1696    (-,-) 
  fopt126303/X                       -       A->X   R     inv_4x         3 22.1    34    33    1730    (-,-) 
  fopt126302/X                       -       A->X   F     inv_6x         8 27.0    20    26    1756    (-,-) 
  g126312/X                          -       A1->X  R     aoi22_2x       2  6.5    63    52    1807    (-,-) 
  g114282__3680/X                    -       A->X   F     oai21_1x       1  2.7    81    38    1845    (-,-) 
  u_sum_exp_max_l_reg[1]/D           -       -      F     dffrq_1x       1    -     -     0    1845    (-,-) 
#------------------------------------------------------------------------------------------------------------

Capture clock path:
#---------------------------------------------------------------------------------------------------
#       Timing Point         Flags   Arc   Edge   Cell     Fanout Load Trans Delay Arrival Instance 
#                                                                 (fF)  (ps)  (ps)   (ps)  Location 
#---------------------------------------------------------------------------------------------------
  clk                        (i)     -     R     (arrival)    143  0.0     1     0    1667    (-,-) 
  u_sum_exp_max_l_reg[1]/CLK <<<     -     R     dffrq_1x     143    -     1     0    1667    (-,-) 
#---------------------------------------------------------------------------------------------------



Path 42: VIOLATED (-305 ps) Setup Check with Pin u_sum_sign_not_shifted_l_reg/CLK->D
           View: view_1p2_25
          Group: clock1
     Startpoint: (R) u_ab_smaller_mantissa_l_reg[6]/CLK
          Clock: (R) clock1
       Endpoint: (F) u_sum_sign_not_shifted_l_reg/D
          Clock: (R) clock1

                     Capture       Launch     
        Clock Edge:+    1667            0     
       Src Latency:+       0            0     
       Net Latency:+       0 (I)        0 (I) 
           Arrival:=    1667            0     
                                              
             Setup:-     142                  
       Uncertainty:-       0                  
     Required Time:=    1524                  
      Launch Clock:-       0                  
         Data Path:-    1830                  
             Slack:=    -305                  

Launch clock path:
#-----------------------------------------------------------------------------------------------------------
#           Timing Point             Flags   Arc   Edge   Cell     Fanout Load Trans Delay Arrival Instance 
#                                                                         (fF)  (ps)  (ps)   (ps)  Location 
#-----------------------------------------------------------------------------------------------------------
  clk                                (i)     -     R     (arrival)    143  0.0     1     0       0    (-,-) 
  u_ab_smaller_mantissa_l_reg[6]/CLK <<<     -     R     dffrq_1x     143    -     1     0       0    (-,-) 
#-----------------------------------------------------------------------------------------------------------

#------------------------------------------------------------------------------------------------------------
#           Timing Point             Flags    Arc   Edge   Cell     Fanout Load Trans Delay Arrival Instance 
#                                                                          (fF)  (ps)  (ps)   (ps)  Location 
#------------------------------------------------------------------------------------------------------------
  u_ab_smaller_mantissa_l_reg[6]/CLK -       -      R     (arrival)    143    -     1     0       0    (-,-) 
  u_ab_smaller_mantissa_l_reg[6]/Q   -       CLK->Q R     dffrq_1x       1  6.1    48   176     176    (-,-) 
  g120530/X                          -       A->X   F     inv_2x         3 13.8    30    36     211    (-,-) 
  g117867/X                          -       A->X   R     inv_2x         1  9.8    29    29     240    (-,-) 
  g120527/X                          -       A->X   F     nand2_4x       2 13.0    27    29     269    (-,-) 
  g120526/X                          -       A->X   R     nand2_4x       3 17.9    44    37     306    (-,-) 
  g118656/X                          -       A->X   F     inv_4x         2 14.7    22    26     333    (-,-) 
  g83/X                              -       A->X   R     nand2_4x       1 10.0    31    27     360    (-,-) 
  g125992/X                          -       C->X   F     aoi21_4x       1  9.8    28    32     392    (-,-) 
  g125991/X                          -       A->X   R     nand2_4x       3 24.5    57    45     436    (-,-) 
  g125995/X                          -       A->X   F     aoi21_4x       2 16.6    37    43     479    (-,-) 
  g120/X                             -       A->X   R     oai21_4x       3 14.8    56    50     529    (-,-) 
  g690/X                             -       A->X   F     nand2_2x       1  5.3    30    32     560    (-,-) 
  g125638/X                          -       A->X   R     nand2_2x       1  9.3    47    38     599    (-,-) 
  g126080/X                          -       A->X   F     nand3_4x       2  9.8    34    37     636    (-,-) 
  g126078/X                          -       B->X   R     nand2_2x       2 12.7    56    50     686    (-,-) 
  fopt125483/X                       -       A->X   R     buf_2x         2  8.4    27    56     742    (-,-) 
  g125227/X                          -       B->X   F     nand2_2x       2  6.9    27    33     775    (-,-) 
  g118305/X                          -       C->X   R     oai21_2x       1  5.1    61    45     820    (-,-) 
  g118429/X                          -       C->X   F     aoi21_2x       1  3.4    41    48     868    (-,-) 
  g18/X                              -       A->X   F     and2_1x        1  5.0    26    60     928    (-,-) 
  g17/X                              -       C->X   R     nand3_2x       1  6.1    43    40     968    (-,-) 
  g124985/X                          -       A->X   F     inv_2x         1  9.3    23    28     997    (-,-) 
  g352/X                             -       B->X   R     nand3_4x       2 11.7    42    36    1033    (-,-) 
  g125996/X                          -       B->X   F     nand3_4x       1  9.8    33    44    1077    (-,-) 
  g126362/X                          -       A->X   R     nand2_4x       3 13.7    40    35    1112    (-,-) 
  g125796/X                          -       A->X   F     inv_2x         1 11.1    24    30    1142    (-,-) 
  g335/X                             -       B->X   R     oai21_4x       1 10.9    45    45    1186    (-,-) 
  g121510/X                          -       A->X   F     inv_4x         3 22.3    26    32    1218    (-,-) 
  g125784/X                          -       A->X   R     oai21_2x       1  6.1    65    42    1260    (-,-) 
  g108/X                             -       A->X   F     inv_2x         1  9.3    29    33    1293    (-,-) 
  g125723/X                          -       A->X   R     nand3_4x       2 14.9    49    39    1332    (-,-) 
  fopt725/X                          -       A->X   F     inv_2x         2 12.1    28    33    1366    (-,-) 
  g701/X                             -       A->X   R     nand2_4x       3 23.0    52    43    1409    (-,-) 
  g125021/X                          -       A->X   F     nand3_4x       1  9.0    34    38    1446    (-,-) 
  g125020/X                          -       B->X   R     nand2_4x       4 20.9    50    46    1492    (-,-) 
  g124561/X                          -       A->X   F     nand3_4x       1  9.8    35    38    1531    (-,-) 
  g125799/X                          -       A->X   R     nand2_4x       1 16.0    41    38    1568    (-,-) 
  fopt38/X                           -       A->X   F     inv_6x         3 36.7    26    32    1600    (-,-) 
  fopt126491/X                       -       A->X   R     inv_4x         4 29.9    40    36    1636    (-,-) 
  fopt126490/X                       -       A->X   R     buf_6x         4 42.3    41    65    1702    (-,-) 
  fopt126489/X                       -       A->X   F     inv_6x        14 65.5    38    43    1745    (-,-) 
  g126308/X                          -       A->X   R     aoi21_1x       1  3.2    56    47    1792    (-,-) 
  g114319__7482/X                    -       B->X   F     nand2_1x       1  2.7    26    38    1830    (-,-) 
  u_sum_sign_not_shifted_l_reg/D     -       -      F     dffrq_1x       1    -     -     0    1830    (-,-) 
#------------------------------------------------------------------------------------------------------------

Capture clock path:
#---------------------------------------------------------------------------------------------------------
#          Timing Point            Flags   Arc   Edge   Cell     Fanout Load Trans Delay Arrival Instance 
#                                                                       (fF)  (ps)  (ps)   (ps)  Location 
#---------------------------------------------------------------------------------------------------------
  clk                              (i)     -     R     (arrival)    143  0.0     1     0    1667    (-,-) 
  u_sum_sign_not_shifted_l_reg/CLK <<<     -     R     dffrq_1x     143    -     1     0    1667    (-,-) 
#---------------------------------------------------------------------------------------------------------



Path 43: VIOLATED (-302 ps) Setup Check with Pin u_sum_sign_shifted_l_reg/CLK->D
           View: view_1p2_25
          Group: clock1
     Startpoint: (R) u_ab_smaller_mantissa_l_reg[6]/CLK
          Clock: (R) clock1
       Endpoint: (F) u_sum_sign_shifted_l_reg/D
          Clock: (R) clock1

                     Capture       Launch     
        Clock Edge:+    1667            0     
       Src Latency:+       0            0     
       Net Latency:+       0 (I)        0 (I) 
           Arrival:=    1667            0     
                                              
             Setup:-     143                  
       Uncertainty:-       0                  
     Required Time:=    1524                  
      Launch Clock:-       0                  
         Data Path:-    1826                  
             Slack:=    -302                  

Launch clock path:
#-----------------------------------------------------------------------------------------------------------
#           Timing Point             Flags   Arc   Edge   Cell     Fanout Load Trans Delay Arrival Instance 
#                                                                         (fF)  (ps)  (ps)   (ps)  Location 
#-----------------------------------------------------------------------------------------------------------
  clk                                (i)     -     R     (arrival)    143  0.0     1     0       0    (-,-) 
  u_ab_smaller_mantissa_l_reg[6]/CLK <<<     -     R     dffrq_1x     143    -     1     0       0    (-,-) 
#-----------------------------------------------------------------------------------------------------------

#------------------------------------------------------------------------------------------------------------
#           Timing Point             Flags    Arc   Edge   Cell     Fanout Load Trans Delay Arrival Instance 
#                                                                          (fF)  (ps)  (ps)   (ps)  Location 
#------------------------------------------------------------------------------------------------------------
  u_ab_smaller_mantissa_l_reg[6]/CLK -       -      R     (arrival)    143    -     1     0       0    (-,-) 
  u_ab_smaller_mantissa_l_reg[6]/Q   -       CLK->Q R     dffrq_1x       1  6.1    48   176     176    (-,-) 
  g120530/X                          -       A->X   F     inv_2x         3 13.8    30    36     211    (-,-) 
  g117867/X                          -       A->X   R     inv_2x         1  9.8    29    29     240    (-,-) 
  g120527/X                          -       A->X   F     nand2_4x       2 13.0    27    29     269    (-,-) 
  g120526/X                          -       A->X   R     nand2_4x       3 17.9    44    37     306    (-,-) 
  g118656/X                          -       A->X   F     inv_4x         2 14.7    22    26     333    (-,-) 
  g83/X                              -       A->X   R     nand2_4x       1 10.0    31    27     360    (-,-) 
  g125992/X                          -       C->X   F     aoi21_4x       1  9.8    28    32     392    (-,-) 
  g125991/X                          -       A->X   R     nand2_4x       3 24.5    57    45     436    (-,-) 
  g125995/X                          -       A->X   F     aoi21_4x       2 16.6    37    43     479    (-,-) 
  g120/X                             -       A->X   R     oai21_4x       3 14.8    56    50     529    (-,-) 
  g690/X                             -       A->X   F     nand2_2x       1  5.3    30    32     560    (-,-) 
  g125638/X                          -       A->X   R     nand2_2x       1  9.3    47    38     599    (-,-) 
  g126080/X                          -       A->X   F     nand3_4x       2  9.8    34    37     636    (-,-) 
  g126078/X                          -       B->X   R     nand2_2x       2 12.7    56    50     686    (-,-) 
  fopt125483/X                       -       A->X   R     buf_2x         2  8.4    27    56     742    (-,-) 
  g125227/X                          -       B->X   F     nand2_2x       2  6.9    27    33     775    (-,-) 
  g118305/X                          -       C->X   R     oai21_2x       1  5.1    61    45     820    (-,-) 
  g118429/X                          -       C->X   F     aoi21_2x       1  3.4    41    48     868    (-,-) 
  g18/X                              -       A->X   F     and2_1x        1  5.0    26    60     928    (-,-) 
  g17/X                              -       C->X   R     nand3_2x       1  6.1    43    40     968    (-,-) 
  g124985/X                          -       A->X   F     inv_2x         1  9.3    23    28     997    (-,-) 
  g352/X                             -       B->X   R     nand3_4x       2 11.7    42    36    1033    (-,-) 
  g125996/X                          -       B->X   F     nand3_4x       1  9.8    33    44    1077    (-,-) 
  g126362/X                          -       A->X   R     nand2_4x       3 13.7    40    35    1112    (-,-) 
  g125796/X                          -       A->X   F     inv_2x         1 11.1    24    30    1142    (-,-) 
  g335/X                             -       B->X   R     oai21_4x       1 10.9    45    45    1186    (-,-) 
  g121510/X                          -       A->X   F     inv_4x         3 22.3    26    32    1218    (-,-) 
  g125784/X                          -       A->X   R     oai21_2x       1  6.1    65    42    1260    (-,-) 
  g108/X                             -       A->X   F     inv_2x         1  9.3    29    33    1293    (-,-) 
  g125723/X                          -       A->X   R     nand3_4x       2 14.9    49    39    1332    (-,-) 
  fopt725/X                          -       A->X   F     inv_2x         2 12.1    28    33    1366    (-,-) 
  g701/X                             -       A->X   R     nand2_4x       3 23.0    52    43    1409    (-,-) 
  g125021/X                          -       A->X   F     nand3_4x       1  9.0    34    38    1446    (-,-) 
  g125020/X                          -       B->X   R     nand2_4x       4 20.9    50    46    1492    (-,-) 
  g124561/X                          -       A->X   F     nand3_4x       1  9.8    35    38    1531    (-,-) 
  g125799/X                          -       A->X   R     nand2_4x       1 16.0    41    38    1568    (-,-) 
  fopt38/X                           -       A->X   F     inv_6x         3 36.7    26    32    1600    (-,-) 
  fopt126491/X                       -       A->X   R     inv_4x         4 29.9    40    36    1636    (-,-) 
  fopt126490/X                       -       A->X   R     buf_6x         4 42.3    41    65    1702    (-,-) 
  fopt126489/X                       -       A->X   F     inv_6x        14 65.5    38    43    1745    (-,-) 
  g114403__126305/X                  -       A0->X  R     aoi22_2x       1  3.2    67    41    1786    (-,-) 
  g114318__126218/X                  -       B->X   F     nand2_1x       1  2.7    28    40    1826    (-,-) 
  u_sum_sign_shifted_l_reg/D         -       -      F     dffrq_1x       1    -     -     0    1826    (-,-) 
#------------------------------------------------------------------------------------------------------------

Capture clock path:
#-----------------------------------------------------------------------------------------------------
#        Timing Point          Flags   Arc   Edge   Cell     Fanout Load Trans Delay Arrival Instance 
#                                                                   (fF)  (ps)  (ps)   (ps)  Location 
#-----------------------------------------------------------------------------------------------------
  clk                          (i)     -     R     (arrival)    143  0.0     1     0    1667    (-,-) 
  u_sum_sign_shifted_l_reg/CLK <<<     -     R     dffrq_1x     143    -     1     0    1667    (-,-) 
#-----------------------------------------------------------------------------------------------------



Path 44: VIOLATED (-274 ps) Setup Check with Pin u_sum_special_result_l_reg[9]/CLK->D
           View: view_1p2_25
          Group: clock1
     Startpoint: (R) u_cd_smaller_mantissa_l_reg[6]/CLK
          Clock: (R) clock1
       Endpoint: (F) u_sum_special_result_l_reg[9]/D
          Clock: (R) clock1

                     Capture       Launch     
        Clock Edge:+    1667            0     
       Src Latency:+       0            0     
       Net Latency:+       0 (I)        0 (I) 
           Arrival:=    1667            0     
                                              
             Setup:-     143                  
       Uncertainty:-       0                  
     Required Time:=    1524                  
      Launch Clock:-       0                  
         Data Path:-    1798                  
             Slack:=    -274                  

Launch clock path:
#-----------------------------------------------------------------------------------------------------------
#           Timing Point             Flags   Arc   Edge   Cell     Fanout Load Trans Delay Arrival Instance 
#                                                                         (fF)  (ps)  (ps)   (ps)  Location 
#-----------------------------------------------------------------------------------------------------------
  clk                                (i)     -     R     (arrival)    143  0.0     1     0       0    (-,-) 
  u_cd_smaller_mantissa_l_reg[6]/CLK <<<     -     R     dffrq_1x     143    -     1     0       0    (-,-) 
#-----------------------------------------------------------------------------------------------------------

#------------------------------------------------------------------------------------------------------------
#           Timing Point             Flags    Arc   Edge   Cell     Fanout Load Trans Delay Arrival Instance 
#                                                                          (fF)  (ps)  (ps)   (ps)  Location 
#------------------------------------------------------------------------------------------------------------
  u_cd_smaller_mantissa_l_reg[6]/CLK -       -      R     (arrival)    143    -     1     0       0    (-,-) 
  u_cd_smaller_mantissa_l_reg[6]/Q   -       CLK->Q R     dffrq_1x       5 15.8    87   208     208    (-,-) 
  g121711/X                          -       A->X   R     or2_2x         2  7.6    32    84     292    (-,-) 
  g125700/X                          -       A->X   F     nand2_2x       2  8.5    31    32     324    (-,-) 
  fopt30/X                           -       A->X   R     inv_1x         3 11.2    57    48     372    (-,-) 
  fopt126093/X                       -       A->X   R     buf_2x         1  6.1    23    52     425    (-,-) 
  fopt180/X                          -       A->X   F     inv_2x         3 11.5    21    25     450    (-,-) 
  g175/X                             -       B->X   R     nand2_1x       1  5.3    49    41     491    (-,-) 
  g126091/X                          -       B->X   F     nand3_2x       2  7.9    45    53     545    (-,-) 
  g124650/X                          -       C->X   R     nand3_1x       1  5.2    62    57     602    (-,-) 
  g125717/X                          -       B->X   F     nand2_2x       3  9.5    35    48     650    (-,-) 
  g121815/X                          -       A->X   F     and2_2x        1 10.8    32    72     722    (-,-) 
  g121814/X                          -       A->X   R     inv_4x         4 17.9    28    30     752    (-,-) 
  g116265/X                          -       A->X   F     nor2_4x        4 19.6    44    41     793    (-,-) 
  g116089/X                          -       A->X   R     nand2_2x       2 10.1    49    45     837    (-,-) 
  g126138/X                          -       A->X   F     nand2_2x       2  8.5    32    37     874    (-,-) 
  g126137/X                          -       A->X   R     nand2_2x       1  9.8    47    40     915    (-,-) 
  g120715/X                          -       A->X   F     nand2_4x       3 17.4    33    38     952    (-,-) 
  g125831/X                          -       B->X   R     nand2_4x       2 14.5    39    39     991    (-,-) 
  g125830/X                          -       A->X   F     nand2_4x       3 11.9    25    30    1021    (-,-) 
  g37/X                              -       A->X   R     inv_1x         1  3.2    22    23    1045    (-,-) 
  g122503/X                          -       A->X   F     nand3_1x       1  5.2    52    46    1090    (-,-) 
  g124789/X                          -       A->X   R     nand3_2x       2  8.5    53    49    1139    (-,-) 
  fopt125/X                          -       A->X   R     buf_2x         3 11.3    33    59    1198    (-,-) 
  g124793/X                          -       A->X   F     nand2_1x       1  5.3    35    37    1235    (-,-) 
  g124792/X                          -       A->X   R     nand2_2x       1  9.8    46    41    1276    (-,-) 
  g124067/X                          -       A->X   F     nand2_4x       2 14.1    30    34    1310    (-,-) 
  g114867__6417_dup/X                -       A->X   R     nand3_2x       2  6.8    46    37    1348    (-,-) 
  g124074/X                          -       A->X   F     inv_1x         2  6.5    28    34    1382    (-,-) 
  g114790__6417/X                    -       A1->X  F     ao22_1x        3 12.0    52    96    1478    (-,-) 
  g114680__6161/X                    -       B->X   R     nor2_1x        1  3.3    49    48    1526    (-,-) 
  g114606__7410/X                    -       A->X   F     nand2_1x       1  5.4    37    42    1568    (-,-) 
  g114543__2346/X                    -       A->X   R     nor2_2x        3  9.6    59    51    1618    (-,-) 
  g123469/X                          -       A->X   R     and2_2x        1 10.8    36    72    1691    (-,-) 
  g123465/X                          -       B->X   F     oai21_4x       1 10.8    31    35    1725    (-,-) 
  g122856/X                          -       A->X   R     inv_4x        11 32.3    43    39    1764    (-,-) 
  g122971/X                          -       A->X   F     oai21_1x       1  2.7    28    33    1798    (-,-) 
  u_sum_special_result_l_reg[9]/D    -       -      F     dffrq_1x       1    -     -     0    1798    (-,-) 
#------------------------------------------------------------------------------------------------------------

Capture clock path:
#----------------------------------------------------------------------------------------------------------
#           Timing Point            Flags   Arc   Edge   Cell     Fanout Load Trans Delay Arrival Instance 
#                                                                        (fF)  (ps)  (ps)   (ps)  Location 
#----------------------------------------------------------------------------------------------------------
  clk                               (i)     -     R     (arrival)    143  0.0     1     0    1667    (-,-) 
  u_sum_special_result_l_reg[9]/CLK <<<     -     R     dffrq_1x     143    -     1     0    1667    (-,-) 
#----------------------------------------------------------------------------------------------------------



Path 45: VIOLATED (-81 ps) Setup Check with Pin u_sum_special_case_l_reg/CLK->D
           View: view_1p2_25
          Group: clock1
     Startpoint: (R) u_cd_larger_mantissa_l_reg[9]/CLK
          Clock: (R) clock1
       Endpoint: (F) u_sum_special_case_l_reg/D
          Clock: (R) clock1

                     Capture       Launch     
        Clock Edge:+    1667            0     
       Src Latency:+       0            0     
       Net Latency:+       0 (I)        0 (I) 
           Arrival:=    1667            0     
                                              
             Setup:-     143                  
       Uncertainty:-       0                  
     Required Time:=    1523                  
      Launch Clock:-       0                  
         Data Path:-    1605                  
             Slack:=     -81                  

Launch clock path:
#----------------------------------------------------------------------------------------------------------
#           Timing Point            Flags   Arc   Edge   Cell     Fanout Load Trans Delay Arrival Instance 
#                                                                        (fF)  (ps)  (ps)   (ps)  Location 
#----------------------------------------------------------------------------------------------------------
  clk                               (i)     -     R     (arrival)    143  0.0     1     0       0    (-,-) 
  u_cd_larger_mantissa_l_reg[9]/CLK <<<     -     R     dffrq_1x     143    -     1     0       0    (-,-) 
#----------------------------------------------------------------------------------------------------------

#-----------------------------------------------------------------------------------------------------------
#           Timing Point            Flags    Arc   Edge   Cell     Fanout Load Trans Delay Arrival Instance 
#                                                                         (fF)  (ps)  (ps)   (ps)  Location 
#-----------------------------------------------------------------------------------------------------------
  u_cd_larger_mantissa_l_reg[9]/CLK -       -      R     (arrival)    143    -     1     0       0    (-,-) 
  u_cd_larger_mantissa_l_reg[9]/Q   -       CLK->Q R     dffrq_1x       1  6.1    48   176     176    (-,-) 
  g9/X                              -       A->X   F     inv_2x         2 10.9    26    32     208    (-,-) 
  g117884/X                         -       A->X   R     inv_2x         3 13.2    36    33     241    (-,-) 
  g125032/X                         -       B->X   F     nand2_2x       2 12.7    40    47     288    (-,-) 
  g125442/X                         -       A->X   R     nand2_4x       5 21.9    52    46     333    (-,-) 
  g124301/X                         -       A->X   R     ao21_1x        1  3.2    26    57     390    (-,-) 
  g126/X                            -       B->X   F     nand2_1x       1  5.3    37    39     430    (-,-) 
  g139/X                            -       A->X   R     nand2_2x       3 12.2    54    47     476    (-,-) 
  g125581/X                         -       A->X   F     nor2_1x        1  3.7    39    46     522    (-,-) 
  g125580/X                         -       A->X   R     aoi21_1x       1  3.3    57    48     570    (-,-) 
  g125473/X                         -       A->X   F     nand2_1x       1  9.8    57    60     630    (-,-) 
  g125472/X                         -       A->X   R     nand2_4x       6 32.4    70    63     692    (-,-) 
  g116186/X                         -       A->X   F     nor2_4x        6 17.8    46    52     744    (-,-) 
  g115862/X                         -       A0->X  R     aoi22_1x       1  3.6    72    59     804    (-,-) 
  g115740/X                         -       C->X   F     oai21_1x       1  3.6    38    55     858    (-,-) 
  g115667/X                         -       C->X   F     oa21_2x        2  8.5    35    66     924    (-,-) 
  g115595__7482/X                   -       A->X   R     nand2_2x       2 12.7    58    47     972    (-,-) 
  g124469/X                         -       A->X   F     nor2_4x        2 12.1    34    42    1013    (-,-) 
  g124468/X                         -       A->X   R     nand2_4x       2 12.7    42    34    1047    (-,-) 
  g31_1/X                           -       A->X   F     nor2_4x        1  9.8    32    34    1082    (-,-) 
  g125573/X                         -       A->X   R     nand2_4x       3 23.6    58    45    1127    (-,-) 
  g125092/X                         -       A->X   F     nor2_4x        1  9.3    31    38    1165    (-,-) 
  g125768/X                         -       B->X   R     nand3_4x       3 11.6    45    39    1204    (-,-) 
  g72/X                             -       A->X   F     nand2_2x       1  5.2    25    29    1233    (-,-) 
  g125010/X                         -       A->X   R     nand3_2x       1  9.8    59    43    1276    (-,-) 
  g125722/X                         -       A->X   F     nand2_4x       1 10.8    30    33    1309    (-,-) 
  g125721/X                         -       A->X   R     inv_4x         3 17.7    28    29    1338    (-,-) 
  g721/X                            -       A->X   R     buf_1x         3  8.9    48    64    1402    (-,-) 
  g708/X                            -       B->X   F     nor2_1x        1  5.2    46    53    1455    (-,-) 
  g122943/X                         -       B->X   R     nand3_2x       2  6.8    48    46    1501    (-,-) 
  g124011/X                         -       A->X   F     inv_1x         1  5.3    26    32    1533    (-,-) 
  g114509__124010/X                 -       A->X   R     nand2_2x       3  9.7    61    38    1571    (-,-) 
  g114491__124014/X                 -       A->X   F     nand2_1x       1  2.7    30    34    1604    (-,-) 
  u_sum_special_case_l_reg/D        -       -      F     dffrq_1x       1    -     -     0    1605    (-,-) 
#-----------------------------------------------------------------------------------------------------------

Capture clock path:
#-----------------------------------------------------------------------------------------------------
#        Timing Point          Flags   Arc   Edge   Cell     Fanout Load Trans Delay Arrival Instance 
#                                                                   (fF)  (ps)  (ps)   (ps)  Location 
#-----------------------------------------------------------------------------------------------------
  clk                          (i)     -     R     (arrival)    143  0.0     1     0    1667    (-,-) 
  u_sum_special_case_l_reg/CLK <<<     -     R     dffrq_1x     143    -     1     0    1667    (-,-) 
#-----------------------------------------------------------------------------------------------------



Path 46: VIOLATED (-28 ps) Late External Delay Assertion at pin fp_out[6]
           View: view_1p2_25
          Group: clock1
     Startpoint: (R) u_sum_smaller_mantissa_l_reg[1]/CLK
          Clock: (R) clock1
       Endpoint: (R) fp_out[6]
          Clock: (R) clock1

                     Capture       Launch     
        Clock Edge:+    1667            0     
       Src Latency:+       0            0     
       Net Latency:+       0 (I)        0 (I) 
           Arrival:=    1667            0     
                                              
      Output Delay:-       1                  
       Uncertainty:-       0                  
     Required Time:=    1666                  
      Launch Clock:-       0                  
         Data Path:-    1694                  
             Slack:=     -28                  

Exceptions/Constraints:
  output_delay              1              add4_fp16.sdc_line_21_74_1   

Launch clock path:
#------------------------------------------------------------------------------------------------------------
#            Timing Point             Flags   Arc   Edge   Cell     Fanout Load Trans Delay Arrival Instance 
#                                                                          (fF)  (ps)  (ps)   (ps)  Location 
#------------------------------------------------------------------------------------------------------------
  clk                                 (i)     -     R     (arrival)    143  0.0     1     0       0    (-,-) 
  u_sum_smaller_mantissa_l_reg[1]/CLK <<<     -     R     dffrq_1x     143    -     1     0       0    (-,-) 
#------------------------------------------------------------------------------------------------------------

#-------------------------------------------------------------------------------------------------------------
#            Timing Point             Flags    Arc   Edge   Cell     Fanout Load Trans Delay Arrival Instance 
#                                                                           (fF)  (ps)  (ps)   (ps)  Location 
#-------------------------------------------------------------------------------------------------------------
  u_sum_smaller_mantissa_l_reg[1]/CLK -       -      R     (arrival)    143    -     1     0       0    (-,-) 
  u_sum_smaller_mantissa_l_reg[1]/Q   -       CLK->Q R     dffrq_1x       4 11.6    70   194     194    (-,-) 
  g123548/X                           -       B->X   R     or2_1x         2  8.4    47    84     278    (-,-) 
  g123547/X                           -       B->X   F     nand2_2x       1  5.3    32    36     314    (-,-) 
  g126208/X                           -       A->X   R     nand2_2x       3 17.2    71    56     369    (-,-) 
  g126211/X                           -       B->X   F     aoi21_4x       3 15.4    37    51     420    (-,-) 
  g126613/X                           -       B->X   R     nand2_4x       1  9.8    32    35     455    (-,-) 
  g126073/X                           -       A->X   F     nand2_4x       3 11.5    31    28     483    (-,-) 
  g122340/X                           -       A->X   R     nor2_2x        1  6.2    43    38     522    (-,-) 
  g122339/X                           -       A->X   F     oai21_2x       2 14.2    52    49     571    (-,-) 
  g116261/X                           -       A->X   R     aoi21_4x       3 14.3    66    52     623    (-,-) 
  g126207/X                           -       A->X   F     aoi21_2x       2  6.9    57    41     664    (-,-) 
  g122495/X                           -       A->X   R     aoi21_1x       1  6.2    84    70     734    (-,-) 
  g123505/X                           -       A->X   F     oai21_2x       2  6.5    39    43     777    (-,-) 
  g123507/X                           -       A->X   R     inv_1x         1  5.3    34    34     811    (-,-) 
  g123506/X                           -       A->X   F     nand2_2x       1  5.1    26    26     837    (-,-) 
  g124109/X                           -       B->X   R     nand2_2x       3 11.3    51    44     882    (-,-) 
  g123509/X                           -       A->X   F     inv_1x         3 11.2    40    47     928    (-,-) 
  g115344__126579/X                   -       A->X   F     oa21_2x        3 14.6    44    98    1027    (-,-) 
  g115296__5107/X                     -       A->X   R     oai21_2x       1  5.1    66    43    1070    (-,-) 
  g115253__1666/X                     -       C->X   F     aoi21_2x       2 11.5    62    68    1138    (-,-) 
  g122727/X                           -       A->X   R     oai21_2x       2  8.7    78    59    1197    (-,-) 
  g122726/X                           -       A->X   F     xnor2_1x       1  3.6    41    52    1249    (-,-) 
  g114987__126392/X                   -       A1->X  F     oa22_2x        2  7.5    39    94    1343    (-,-) 
  g114927__6417/X                     -       A->X   R     nand3_2x       1 11.0    64    50    1393    (-,-) 
  g114774__9945/X                     -       A->X   F     oai21_4x       3 14.9    40    42    1435    (-,-) 
  g126548/X                           -       A->X   R     nor2_4x        6 31.7    89    71    1506    (-,-) 
  g126181_dup/X                       -       A->X   F     nand3_4x       4 15.2    52    54    1559    (-,-) 
  g114575__126358/X                   -       B->X   R     oai21_2x       3  9.4    81    62    1621    (-,-) 
  g114532__5107/X                     -       A->X   F     oai21_1x       1  3.2    39    43    1665    (-,-) 
  g114518__6417/X                     -       A->X   R     nand3_1x       1  0.9    32    29    1694    (-,-) 
  fp_out[6]                           -       -      R     (port)         -    -     -     0    1694    (-,-) 
#-------------------------------------------------------------------------------------------------------------



Path 47: VIOLATED (-28 ps) Late External Delay Assertion at pin fp_out[5]
           View: view_1p2_25
          Group: clock1
     Startpoint: (R) u_sum_larger_mantissa_l_reg[2]/CLK
          Clock: (R) clock1
       Endpoint: (R) fp_out[5]
          Clock: (R) clock1

                     Capture       Launch     
        Clock Edge:+    1667            0     
       Src Latency:+       0            0     
       Net Latency:+       0 (I)        0 (I) 
           Arrival:=    1667            0     
                                              
      Output Delay:-       1                  
       Uncertainty:-       0                  
     Required Time:=    1666                  
      Launch Clock:-       0                  
         Data Path:-    1693                  
             Slack:=     -28                  

Exceptions/Constraints:
  output_delay              1              add4_fp16.sdc_line_21_75_1   

Launch clock path:
#-----------------------------------------------------------------------------------------------------------
#           Timing Point             Flags   Arc   Edge   Cell     Fanout Load Trans Delay Arrival Instance 
#                                                                         (fF)  (ps)  (ps)   (ps)  Location 
#-----------------------------------------------------------------------------------------------------------
  clk                                (i)     -     R     (arrival)    143  0.0     1     0       0    (-,-) 
  u_sum_larger_mantissa_l_reg[2]/CLK <<<     -     R     dffrq_1x     143    -     1     0       0    (-,-) 
#-----------------------------------------------------------------------------------------------------------

#------------------------------------------------------------------------------------------------------------
#           Timing Point             Flags    Arc   Edge   Cell     Fanout Load Trans Delay Arrival Instance 
#                                                                          (fF)  (ps)  (ps)   (ps)  Location 
#------------------------------------------------------------------------------------------------------------
  u_sum_larger_mantissa_l_reg[2]/CLK -       -      R     (arrival)    143    -     1     0       0    (-,-) 
  u_sum_larger_mantissa_l_reg[2]/Q   -       CLK->Q R     dffrq_1x       3  9.1    60   186     186    (-,-) 
  g117517/X                          -       B->X   F     nand2_1x       2  8.2    51    61     248    (-,-) 
  g123547/X                          -       A->X   R     nand2_2x       1  5.3    35    35     283    (-,-) 
  g126208/X                          -       A->X   F     nand2_2x       3 17.0    51    48     331    (-,-) 
  g126211/X                          -       B->X   R     aoi21_4x       3 15.7    65    58     390    (-,-) 
  g126613/X                          -       B->X   F     nand2_4x       1  9.8    26    40     429    (-,-) 
  g126073/X                          -       A->X   R     nand2_4x       3 11.4    36    30     459    (-,-) 
  g122340/X                          -       A->X   F     nor2_2x        1  6.2    35    35     494    (-,-) 
  g122339/X                          -       A->X   R     oai21_2x       2 14.3   103    70     564    (-,-) 
  g116261/X                          -       A->X   F     aoi21_4x       3 14.3    47    49     613    (-,-) 
  g126203/X                          -       A->X   R     nand2_2x       1  5.3    34    34     647    (-,-) 
  g126202/X                          -       A->X   F     nand2_2x       1  6.2    29    28     676    (-,-) 
  g122490/X                          -       A->X   R     aoi21_2x       2  8.5    67    50     726    (-,-) 
  g115565/X                          -       A->X   F     inv_1x         1  5.3    31    36     761    (-,-) 
  g122667/X                          -       A->X   R     nand2_2x       2 10.2    48    41     802    (-,-) 
  g122666/X                          -       A->X   F     nand2_2x       1  9.5    34    38     840    (-,-) 
  g124110/X                          -       A->X   R     nor2_4x        3 11.6    43    39     879    (-,-) 
  g115365/X                          -       A->X   F     inv_1x         1  9.8    35    41     920    (-,-) 
  g115345__7098/X                    -       A->X   R     nand2_4x       9 29.6    64    52     973    (-,-) 
  g115337/X                          -       A->X   F     inv_1x         4 12.9    47    54    1027    (-,-) 
  g115288__8246/X                    -       A1->X  R     aoi22_1x       1  3.6    66    56    1083    (-,-) 
  g115216__6417/X                    -       C->X   F     oai21_1x       1  3.3    39    52    1135    (-,-) 
  g115183__4733/X                    -       B->X   R     nor2_1x        1  3.6    51    48    1182    (-,-) 
  g115134__5477/X                    -       C->X   F     oai21_1x       1  3.3    42    48    1230    (-,-) 
  g115104__5107/X                    -       B->X   R     nor2_1x        1  3.2    50    46    1276    (-,-) 
  g115044__126460/X                  -       B->X   F     nand3_1x       3  8.2    73    76    1351    (-,-) 
  g114981__122891_dup126463/X        -       A->X   F     and3_1x        1  9.0    39    85    1436    (-,-) 
  g114940__126462/X                  -       B->X   R     nand2_4x       4 23.9    55    51    1487    (-,-) 
  g126547/X                          -       A->X   R     and3_1x        2  8.2    48    80    1567    (-,-) 
  g114595__123781_dup126550/X        -       A->X   F     nand2_2x       2  9.2    39    38    1605    (-,-) 
  g126549/X                          -       A->X   R     inv_2x         3  9.0    30    30    1636    (-,-) 
  g114568__5477/X                    -       A->X   F     nand2_1x       1  3.0    25    28    1663    (-,-) 
  g114530__3680/X                    -       C->X   R     nand3_1x       1  0.9    32    30    1693    (-,-) 
  fp_out[5]                          -       -      R     (port)         -    -     -     0    1693    (-,-) 
#------------------------------------------------------------------------------------------------------------



Path 48: VIOLATED (-28 ps) Late External Delay Assertion at pin fp_out[4]
           View: view_1p2_25
          Group: clock1
     Startpoint: (R) u_sum_larger_mantissa_l_reg[2]/CLK
          Clock: (R) clock1
       Endpoint: (F) fp_out[4]
          Clock: (R) clock1

                     Capture       Launch     
        Clock Edge:+    1667            0     
       Src Latency:+       0            0     
       Net Latency:+       0 (I)        0 (I) 
           Arrival:=    1667            0     
                                              
      Output Delay:-       1                  
       Uncertainty:-       0                  
     Required Time:=    1666                  
      Launch Clock:-       0                  
         Data Path:-    1693                  
             Slack:=     -28                  

Exceptions/Constraints:
  output_delay              1              add4_fp16.sdc_line_21_76_1   

Launch clock path:
#-----------------------------------------------------------------------------------------------------------
#           Timing Point             Flags   Arc   Edge   Cell     Fanout Load Trans Delay Arrival Instance 
#                                                                         (fF)  (ps)  (ps)   (ps)  Location 
#-----------------------------------------------------------------------------------------------------------
  clk                                (i)     -     R     (arrival)    143  0.0     1     0       0    (-,-) 
  u_sum_larger_mantissa_l_reg[2]/CLK <<<     -     R     dffrq_1x     143    -     1     0       0    (-,-) 
#-----------------------------------------------------------------------------------------------------------

#------------------------------------------------------------------------------------------------------------
#           Timing Point             Flags    Arc   Edge   Cell     Fanout Load Trans Delay Arrival Instance 
#                                                                          (fF)  (ps)  (ps)   (ps)  Location 
#------------------------------------------------------------------------------------------------------------
  u_sum_larger_mantissa_l_reg[2]/CLK -       -      R     (arrival)    143    -     1     0       0    (-,-) 
  u_sum_larger_mantissa_l_reg[2]/Q   -       CLK->Q R     dffrq_1x       3  9.1    60   186     186    (-,-) 
  g117517/X                          -       B->X   F     nand2_1x       2  8.2    51    61     248    (-,-) 
  g123547/X                          -       A->X   R     nand2_2x       1  5.3    35    35     283    (-,-) 
  g126208/X                          -       A->X   F     nand2_2x       3 17.0    51    48     331    (-,-) 
  g126211/X                          -       B->X   R     aoi21_4x       3 15.7    65    58     390    (-,-) 
  g126613/X                          -       B->X   F     nand2_4x       1  9.8    26    40     429    (-,-) 
  g126073/X                          -       A->X   R     nand2_4x       3 11.4    36    30     459    (-,-) 
  g122340/X                          -       A->X   F     nor2_2x        1  6.2    35    35     494    (-,-) 
  g122339/X                          -       A->X   R     oai21_2x       2 14.3   103    70     564    (-,-) 
  g116261/X                          -       A->X   F     aoi21_4x       3 14.3    47    49     613    (-,-) 
  g126207/X                          -       A->X   R     aoi21_2x       2  6.9    60    50     662    (-,-) 
  g122495/X                          -       A->X   F     aoi21_1x       1  6.2    44    51     714    (-,-) 
  g123505/X                          -       A->X   R     oai21_2x       2  6.5    69    48     762    (-,-) 
  g123507/X                          -       A->X   F     inv_1x         1  5.3    32    36     798    (-,-) 
  g123506/X                          -       A->X   R     nand2_2x       1  5.2    35    30     828    (-,-) 
  g124109/X                          -       B->X   F     nand2_2x       3 11.2    38    44     872    (-,-) 
  g123509/X                          -       A->X   R     inv_1x         3 11.3    58    51     923    (-,-) 
  g115325__7482/X                    -       C->X   F     nand3_2x       2 13.8    64    74     997    (-,-) 
  g63/X                              -       A->X   R     inv_4x        10 33.1    51    50    1047    (-,-) 
  g115284__3680/X                    -       A->X   F     nand2_1x       1  3.5    38    35    1082    (-,-) 
  g115214__5526/X                    -       C->X   R     oai21_1x       1  3.2    54    34    1116    (-,-) 
  g115184__3680/X                    -       B->X   F     nor2_1x        1  4.6    43    52    1168    (-,-) 
  g115130__5526/X                    -       C->X   R     oai21_2x       3 11.5    91    70    1238    (-,-) 
  g115099__6161/X                    -       B->X   F     nand2_2x       2 12.8    47    63    1301    (-,-) 
  g115046__8428/X                    -       B->X   R     nor2_4x        2 12.1    44    46    1347    (-,-) 
  g115017__123697/X                  -       A->X   F     nand2_4x       2 12.7    28    32    1379    (-,-) 
  g114989__123700/X                  -       A->X   R     nor2_4x        5 22.9    68    54    1434    (-,-) 
  g114940__126462/X                  -       A->X   F     nand2_4x       4 23.6    44    49    1482    (-,-) 
  g126547/X                          -       A->X   F     and3_1x        2  8.2    37    75    1558    (-,-) 
  g114595__123781_dup126550/X        -       A->X   R     nand2_2x       2  9.3    50    41    1598    (-,-) 
  g126549/X                          -       A->X   F     inv_2x         3  9.0    25    30    1628    (-,-) 
  g114567__6417/X                    -       A->X   R     nand2_1x       1  3.1    36    31    1659    (-,-) 
  g114529__6783/X                    -       C->X   F     nand3_1x       1  0.9    26    34    1693    (-,-) 
  fp_out[4]                          -       -      F     (port)         -    -     -     0    1693    (-,-) 
#------------------------------------------------------------------------------------------------------------



Path 49: VIOLATED (-27 ps) Late External Delay Assertion at pin fp_out[3]
           View: view_1p2_25
          Group: clock1
     Startpoint: (R) u_sum_smaller_mantissa_l_reg[1]/CLK
          Clock: (R) clock1
       Endpoint: (F) fp_out[3]
          Clock: (R) clock1

                     Capture       Launch     
        Clock Edge:+    1667            0     
       Src Latency:+       0            0     
       Net Latency:+       0 (I)        0 (I) 
           Arrival:=    1667            0     
                                              
      Output Delay:-       1                  
       Uncertainty:-       0                  
     Required Time:=    1666                  
      Launch Clock:-       0                  
         Data Path:-    1692                  
             Slack:=     -27                  

Exceptions/Constraints:
  output_delay              1              add4_fp16.sdc_line_21_77_1   

Launch clock path:
#------------------------------------------------------------------------------------------------------------
#            Timing Point             Flags   Arc   Edge   Cell     Fanout Load Trans Delay Arrival Instance 
#                                                                          (fF)  (ps)  (ps)   (ps)  Location 
#------------------------------------------------------------------------------------------------------------
  clk                                 (i)     -     R     (arrival)    143  0.0     1     0       0    (-,-) 
  u_sum_smaller_mantissa_l_reg[1]/CLK <<<     -     R     dffrq_1x     143    -     1     0       0    (-,-) 
#------------------------------------------------------------------------------------------------------------

#-------------------------------------------------------------------------------------------------------------
#            Timing Point             Flags    Arc   Edge   Cell     Fanout Load Trans Delay Arrival Instance 
#                                                                           (fF)  (ps)  (ps)   (ps)  Location 
#-------------------------------------------------------------------------------------------------------------
  u_sum_smaller_mantissa_l_reg[1]/CLK -       -      R     (arrival)    143    -     1     0       0    (-,-) 
  u_sum_smaller_mantissa_l_reg[1]/Q   -       CLK->Q R     dffrq_1x       4 11.6    70   194     194    (-,-) 
  g123548/X                           -       B->X   R     or2_1x         2  8.4    47    84     278    (-,-) 
  g123547/X                           -       B->X   F     nand2_2x       1  5.3    32    36     314    (-,-) 
  g126208/X                           -       A->X   R     nand2_2x       3 17.2    71    56     369    (-,-) 
  g126211/X                           -       B->X   F     aoi21_4x       3 15.4    37    51     420    (-,-) 
  g126613/X                           -       B->X   R     nand2_4x       1  9.8    32    35     455    (-,-) 
  g126073/X                           -       A->X   F     nand2_4x       3 11.5    31    28     483    (-,-) 
  g122340/X                           -       A->X   R     nor2_2x        1  6.2    43    38     522    (-,-) 
  g122339/X                           -       A->X   F     oai21_2x       2 14.2    52    49     571    (-,-) 
  g116261/X                           -       A->X   R     aoi21_4x       3 14.3    66    52     623    (-,-) 
  g126207/X                           -       A->X   F     aoi21_2x       2  6.9    57    41     664    (-,-) 
  g122495/X                           -       A->X   R     aoi21_1x       1  6.2    84    70     734    (-,-) 
  g123505/X                           -       A->X   F     oai21_2x       2  6.5    39    43     777    (-,-) 
  g123507/X                           -       A->X   R     inv_1x         1  5.3    34    34     811    (-,-) 
  g123506/X                           -       A->X   F     nand2_2x       1  5.1    26    26     837    (-,-) 
  g124109/X                           -       B->X   R     nand2_2x       3 11.3    51    44     882    (-,-) 
  g123509/X                           -       A->X   F     inv_1x         3 11.2    40    47     928    (-,-) 
  g115344__126579/X                   -       A->X   F     oa21_2x        3 14.6    44    98    1027    (-,-) 
  g115296__5107/X                     -       A->X   R     oai21_2x       1  5.1    66    43    1070    (-,-) 
  g115253__1666/X                     -       C->X   F     aoi21_2x       2 11.5    62    68    1138    (-,-) 
  g122727/X                           -       A->X   R     oai21_2x       2  8.7    78    59    1197    (-,-) 
  g122726/X                           -       A->X   R     xnor2_1x       1  3.7    64    68    1264    (-,-) 
  g114987__126392/X                   -       A1->X  R     oa22_2x        2  7.5    32    76    1340    (-,-) 
  g114927__6417/X                     -       A->X   F     nand3_2x       1 11.0    59    48    1389    (-,-) 
  g114774__9945/X                     -       A->X   R     oai21_4x       3 14.9    60    55    1444    (-,-) 
  g126548/X                           -       A->X   F     nor2_4x        6 31.6    61    65    1509    (-,-) 
  g126181_dup/X                       -       A->X   R     nand3_4x       4 15.0    51    49    1557    (-,-) 
  g126360/X                           -       A->X   F     oai21_1x       1  3.6    36    39    1596    (-,-) 
  g114539__8428/X                     -       A1->X  R     aoi22_1x       1  3.6    78    53    1649    (-,-) 
  g114515__126425/X                   -       C->X   F     oai21_1x       1  0.9    39    43    1692    (-,-) 
  fp_out[3]                           -       -      F     (port)         -    -     -     0    1692    (-,-) 
#-------------------------------------------------------------------------------------------------------------



Path 50: VIOLATED (-24 ps) Late External Delay Assertion at pin fp_out[1]
           View: view_1p2_25
          Group: clock1
     Startpoint: (R) u_sum_larger_mantissa_l_reg[2]/CLK
          Clock: (R) clock1
       Endpoint: (R) fp_out[1]
          Clock: (R) clock1

                     Capture       Launch     
        Clock Edge:+    1667            0     
       Src Latency:+       0            0     
       Net Latency:+       0 (I)        0 (I) 
           Arrival:=    1667            0     
                                              
      Output Delay:-       1                  
       Uncertainty:-       0                  
     Required Time:=    1666                  
      Launch Clock:-       0                  
         Data Path:-    1690                  
             Slack:=     -24                  

Exceptions/Constraints:
  output_delay              1              add4_fp16.sdc_line_21_79_1   

Launch clock path:
#-----------------------------------------------------------------------------------------------------------
#           Timing Point             Flags   Arc   Edge   Cell     Fanout Load Trans Delay Arrival Instance 
#                                                                         (fF)  (ps)  (ps)   (ps)  Location 
#-----------------------------------------------------------------------------------------------------------
  clk                                (i)     -     R     (arrival)    143  0.0     1     0       0    (-,-) 
  u_sum_larger_mantissa_l_reg[2]/CLK <<<     -     R     dffrq_1x     143    -     1     0       0    (-,-) 
#-----------------------------------------------------------------------------------------------------------

#------------------------------------------------------------------------------------------------------------
#           Timing Point             Flags    Arc   Edge   Cell     Fanout Load Trans Delay Arrival Instance 
#                                                                          (fF)  (ps)  (ps)   (ps)  Location 
#------------------------------------------------------------------------------------------------------------
  u_sum_larger_mantissa_l_reg[2]/CLK -       -      R     (arrival)    143    -     1     0       0    (-,-) 
  u_sum_larger_mantissa_l_reg[2]/Q   -       CLK->Q R     dffrq_1x       3  9.1    60   186     186    (-,-) 
  g117517/X                          -       B->X   F     nand2_1x       2  8.2    51    61     248    (-,-) 
  g123547/X                          -       A->X   R     nand2_2x       1  5.3    35    35     283    (-,-) 
  g126208/X                          -       A->X   F     nand2_2x       3 17.0    51    48     331    (-,-) 
  g126211/X                          -       B->X   R     aoi21_4x       3 15.7    65    58     390    (-,-) 
  g126613/X                          -       B->X   F     nand2_4x       1  9.8    26    40     429    (-,-) 
  g126073/X                          -       A->X   R     nand2_4x       3 11.4    36    30     459    (-,-) 
  g122340/X                          -       A->X   F     nor2_2x        1  6.2    35    35     494    (-,-) 
  g122339/X                          -       A->X   R     oai21_2x       2 14.3   103    70     564    (-,-) 
  g116261/X                          -       A->X   F     aoi21_4x       3 14.3    47    49     613    (-,-) 
  g126203/X                          -       A->X   R     nand2_2x       1  5.3    34    34     647    (-,-) 
  g126202/X                          -       A->X   F     nand2_2x       1  6.2    29    28     676    (-,-) 
  g122490/X                          -       A->X   R     aoi21_2x       2  8.5    67    50     726    (-,-) 
  g115565/X                          -       A->X   F     inv_1x         1  5.3    31    36     761    (-,-) 
  g122667/X                          -       A->X   R     nand2_2x       2 10.2    48    41     802    (-,-) 
  g122666/X                          -       A->X   F     nand2_2x       1  9.5    34    38     840    (-,-) 
  g124110/X                          -       A->X   R     nor2_4x        3 11.6    43    39     879    (-,-) 
  g115365/X                          -       A->X   F     inv_1x         1  9.8    35    41     920    (-,-) 
  g115345__7098/X                    -       A->X   R     nand2_4x       9 29.6    64    52     973    (-,-) 
  g115337/X                          -       A->X   F     inv_1x         4 12.9    47    54    1027    (-,-) 
  g115288__8246/X                    -       A1->X  R     aoi22_1x       1  3.6    66    56    1083    (-,-) 
  g115216__6417/X                    -       C->X   F     oai21_1x       1  3.3    39    52    1135    (-,-) 
  g115183__4733/X                    -       B->X   R     nor2_1x        1  3.6    51    48    1182    (-,-) 
  g115134__5477/X                    -       C->X   F     oai21_1x       1  3.3    42    48    1230    (-,-) 
  g115104__5107/X                    -       B->X   R     nor2_1x        1  3.2    50    46    1276    (-,-) 
  g115044__126460/X                  -       B->X   F     nand3_1x       3  8.2    73    76    1351    (-,-) 
  g114981__122891_dup126463/X        -       A->X   F     and3_1x        1  9.0    39    85    1436    (-,-) 
  g114940__126462/X                  -       B->X   R     nand2_4x       4 23.9    55    51    1487    (-,-) 
  g126547/X                          -       A->X   R     and3_1x        2  8.2    48    80    1567    (-,-) 
  g114595__123781_dup126550/X        -       A->X   F     nand2_2x       2  9.2    39    38    1605    (-,-) 
  g126552/X                          -       A->X   F     buf_2x         2  6.4    21    53    1658    (-,-) 
  g114517__126553/X                  -       B->X   R     oai21_1x       1  0.9    37    32    1690    (-,-) 
  fp_out[1]                          -       -      R     (port)         -    -     -     0    1690    (-,-) 
#------------------------------------------------------------------------------------------------------------



Path 51: VIOLATED (-24 ps) Late External Delay Assertion at pin fp_out[9]
           View: view_1p2_25
          Group: clock1
     Startpoint: (R) u_sum_larger_mantissa_l_reg[2]/CLK
          Clock: (R) clock1
       Endpoint: (R) fp_out[9]
          Clock: (R) clock1

                     Capture       Launch     
        Clock Edge:+    1667            0     
       Src Latency:+       0            0     
       Net Latency:+       0 (I)        0 (I) 
           Arrival:=    1667            0     
                                              
      Output Delay:-       1                  
       Uncertainty:-       0                  
     Required Time:=    1666                  
      Launch Clock:-       0                  
         Data Path:-    1690                  
             Slack:=     -24                  

Exceptions/Constraints:
  output_delay              1              add4_fp16.sdc_line_21_71_1   

Launch clock path:
#-----------------------------------------------------------------------------------------------------------
#           Timing Point             Flags   Arc   Edge   Cell     Fanout Load Trans Delay Arrival Instance 
#                                                                         (fF)  (ps)  (ps)   (ps)  Location 
#-----------------------------------------------------------------------------------------------------------
  clk                                (i)     -     R     (arrival)    143  0.0     1     0       0    (-,-) 
  u_sum_larger_mantissa_l_reg[2]/CLK <<<     -     R     dffrq_1x     143    -     1     0       0    (-,-) 
#-----------------------------------------------------------------------------------------------------------

#------------------------------------------------------------------------------------------------------------
#           Timing Point             Flags    Arc   Edge   Cell     Fanout Load Trans Delay Arrival Instance 
#                                                                          (fF)  (ps)  (ps)   (ps)  Location 
#------------------------------------------------------------------------------------------------------------
  u_sum_larger_mantissa_l_reg[2]/CLK -       -      R     (arrival)    143    -     1     0       0    (-,-) 
  u_sum_larger_mantissa_l_reg[2]/Q   -       CLK->Q R     dffrq_1x       3  9.1    60   186     186    (-,-) 
  g117517/X                          -       B->X   F     nand2_1x       2  8.2    51    61     248    (-,-) 
  g123547/X                          -       A->X   R     nand2_2x       1  5.3    35    35     283    (-,-) 
  g126208/X                          -       A->X   F     nand2_2x       3 17.0    51    48     331    (-,-) 
  g126211/X                          -       B->X   R     aoi21_4x       3 15.7    65    58     390    (-,-) 
  g126613/X                          -       B->X   F     nand2_4x       1  9.8    26    40     429    (-,-) 
  g126073/X                          -       A->X   R     nand2_4x       3 11.4    36    30     459    (-,-) 
  g122340/X                          -       A->X   F     nor2_2x        1  6.2    35    35     494    (-,-) 
  g122339/X                          -       A->X   R     oai21_2x       2 14.3   103    70     564    (-,-) 
  g116261/X                          -       A->X   F     aoi21_4x       3 14.3    47    49     613    (-,-) 
  g126203/X                          -       A->X   R     nand2_2x       1  5.3    34    34     647    (-,-) 
  g126202/X                          -       A->X   F     nand2_2x       1  6.2    29    28     676    (-,-) 
  g122490/X                          -       A->X   R     aoi21_2x       2  8.5    67    50     726    (-,-) 
  g115565/X                          -       A->X   F     inv_1x         1  5.3    31    36     761    (-,-) 
  g122667/X                          -       A->X   R     nand2_2x       2 10.2    48    41     802    (-,-) 
  g122666/X                          -       A->X   F     nand2_2x       1  9.5    34    38     840    (-,-) 
  g124110/X                          -       A->X   R     nor2_4x        3 11.6    43    39     879    (-,-) 
  g115365/X                          -       A->X   F     inv_1x         1  9.8    35    41     920    (-,-) 
  g115345__7098/X                    -       A->X   R     nand2_4x       9 29.6    64    52     973    (-,-) 
  g115337/X                          -       A->X   F     inv_1x         4 12.9    47    54    1027    (-,-) 
  g115288__8246/X                    -       A1->X  R     aoi22_1x       1  3.6    66    56    1083    (-,-) 
  g115216__6417/X                    -       C->X   F     oai21_1x       1  3.3    39    52    1135    (-,-) 
  g115183__4733/X                    -       B->X   R     nor2_1x        1  3.6    51    48    1182    (-,-) 
  g115134__5477/X                    -       C->X   F     oai21_1x       1  3.3    42    48    1230    (-,-) 
  g115104__5107/X                    -       B->X   R     nor2_1x        1  3.2    50    46    1276    (-,-) 
  g115044__126460/X                  -       B->X   F     nand3_1x       3  8.2    73    76    1351    (-,-) 
  g114981__122891_dup126463/X        -       A->X   F     and3_1x        1  9.0    39    85    1436    (-,-) 
  g114940__126462/X                  -       B->X   R     nand2_4x       4 23.9    55    51    1487    (-,-) 
  g126547/X                          -       A->X   R     and3_1x        2  8.2    48    80    1567    (-,-) 
  g114595__123781_dup126550/X        -       A->X   F     nand2_2x       2  9.2    39    38    1605    (-,-) 
  g126552/X                          -       A->X   F     buf_2x         2  6.4    21    53    1658    (-,-) 
  g114531__126551/X                  -       B->X   R     oai21_1x       1  0.9    37    32    1690    (-,-) 
  fp_out[9]                          -       -      R     (port)         -    -     -     0    1690    (-,-) 
#------------------------------------------------------------------------------------------------------------



Path 52: VIOLATED (-23 ps) Late External Delay Assertion at pin fp_out[2]
           View: view_1p2_25
          Group: clock1
     Startpoint: (R) u_sum_smaller_mantissa_l_reg[1]/CLK
          Clock: (R) clock1
       Endpoint: (F) fp_out[2]
          Clock: (R) clock1

                     Capture       Launch     
        Clock Edge:+    1667            0     
       Src Latency:+       0            0     
       Net Latency:+       0 (I)        0 (I) 
           Arrival:=    1667            0     
                                              
      Output Delay:-       1                  
       Uncertainty:-       0                  
     Required Time:=    1666                  
      Launch Clock:-       0                  
         Data Path:-    1689                  
             Slack:=     -23                  

Exceptions/Constraints:
  output_delay              1              add4_fp16.sdc_line_21_78_1   

Launch clock path:
#------------------------------------------------------------------------------------------------------------
#            Timing Point             Flags   Arc   Edge   Cell     Fanout Load Trans Delay Arrival Instance 
#                                                                          (fF)  (ps)  (ps)   (ps)  Location 
#------------------------------------------------------------------------------------------------------------
  clk                                 (i)     -     R     (arrival)    143  0.0     1     0       0    (-,-) 
  u_sum_smaller_mantissa_l_reg[1]/CLK <<<     -     R     dffrq_1x     143    -     1     0       0    (-,-) 
#------------------------------------------------------------------------------------------------------------

#-------------------------------------------------------------------------------------------------------------
#            Timing Point             Flags    Arc   Edge   Cell     Fanout Load Trans Delay Arrival Instance 
#                                                                           (fF)  (ps)  (ps)   (ps)  Location 
#-------------------------------------------------------------------------------------------------------------
  u_sum_smaller_mantissa_l_reg[1]/CLK -       -      R     (arrival)    143    -     1     0       0    (-,-) 
  u_sum_smaller_mantissa_l_reg[1]/Q   -       CLK->Q R     dffrq_1x       4 11.6    70   194     194    (-,-) 
  g123548/X                           -       B->X   R     or2_1x         2  8.4    47    84     278    (-,-) 
  g123547/X                           -       B->X   F     nand2_2x       1  5.3    32    36     314    (-,-) 
  g126208/X                           -       A->X   R     nand2_2x       3 17.2    71    56     369    (-,-) 
  g126211/X                           -       B->X   F     aoi21_4x       3 15.4    37    51     420    (-,-) 
  g126613/X                           -       B->X   R     nand2_4x       1  9.8    32    35     455    (-,-) 
  g126073/X                           -       A->X   F     nand2_4x       3 11.5    31    28     483    (-,-) 
  g122340/X                           -       A->X   R     nor2_2x        1  6.2    43    38     522    (-,-) 
  g122339/X                           -       A->X   F     oai21_2x       2 14.2    52    49     571    (-,-) 
  g116261/X                           -       A->X   R     aoi21_4x       3 14.3    66    52     623    (-,-) 
  g126207/X                           -       A->X   F     aoi21_2x       2  6.9    57    41     664    (-,-) 
  g122495/X                           -       A->X   R     aoi21_1x       1  6.2    84    70     734    (-,-) 
  g123505/X                           -       A->X   F     oai21_2x       2  6.5    39    43     777    (-,-) 
  g123507/X                           -       A->X   R     inv_1x         1  5.3    34    34     811    (-,-) 
  g123506/X                           -       A->X   F     nand2_2x       1  5.1    26    26     837    (-,-) 
  g124109/X                           -       B->X   R     nand2_2x       3 11.3    51    44     882    (-,-) 
  g123509/X                           -       A->X   F     inv_1x         3 11.2    40    47     928    (-,-) 
  g115344__126579/X                   -       A->X   F     oa21_2x        3 14.6    44    98    1027    (-,-) 
  g115296__5107/X                     -       A->X   R     oai21_2x       1  5.1    66    43    1070    (-,-) 
  g115253__1666/X                     -       C->X   F     aoi21_2x       2 11.5    62    68    1138    (-,-) 
  g122727/X                           -       A->X   R     oai21_2x       2  8.7    78    59    1197    (-,-) 
  g122726/X                           -       A->X   R     xnor2_1x       1  3.7    64    68    1264    (-,-) 
  g114987__126392/X                   -       A1->X  R     oa22_2x        2  7.5    32    76    1340    (-,-) 
  g114927__6417/X                     -       A->X   F     nand3_2x       1 11.0    59    48    1389    (-,-) 
  g114774__9945/X                     -       A->X   R     oai21_4x       3 14.9    60    55    1444    (-,-) 
  g126548/X                           -       A->X   F     nor2_4x        6 31.6    61    65    1509    (-,-) 
  g126353/X                           -       A->X   R     nand3_4x       4 11.9    44    45    1553    (-,-) 
  g114574__126354/X                   -       B->X   F     oai21_1x       1  3.6    36    40    1593    (-,-) 
  g114538__123454/X                   -       A1->X  R     aoi22_1x       1  3.6    78    53    1646    (-,-) 
  g114516__126424/X                   -       C->X   F     oai21_1x       1  0.9    39    43    1689    (-,-) 
  fp_out[2]                           -       -      F     (port)         -    -     -     0    1689    (-,-) 
#-------------------------------------------------------------------------------------------------------------



Path 53: VIOLATED (-22 ps) Late External Delay Assertion at pin fp_out[7]
           View: view_1p2_25
          Group: clock1
     Startpoint: (R) u_sum_smaller_mantissa_l_reg[1]/CLK
          Clock: (R) clock1
       Endpoint: (F) fp_out[7]
          Clock: (R) clock1

                     Capture       Launch     
        Clock Edge:+    1667            0     
       Src Latency:+       0            0     
       Net Latency:+       0 (I)        0 (I) 
           Arrival:=    1667            0     
                                              
      Output Delay:-       1                  
       Uncertainty:-       0                  
     Required Time:=    1666                  
      Launch Clock:-       0                  
         Data Path:-    1687                  
             Slack:=     -22                  

Exceptions/Constraints:
  output_delay              1              add4_fp16.sdc_line_21_73_1   

Launch clock path:
#------------------------------------------------------------------------------------------------------------
#            Timing Point             Flags   Arc   Edge   Cell     Fanout Load Trans Delay Arrival Instance 
#                                                                          (fF)  (ps)  (ps)   (ps)  Location 
#------------------------------------------------------------------------------------------------------------
  clk                                 (i)     -     R     (arrival)    143  0.0     1     0       0    (-,-) 
  u_sum_smaller_mantissa_l_reg[1]/CLK <<<     -     R     dffrq_1x     143    -     1     0       0    (-,-) 
#------------------------------------------------------------------------------------------------------------

#-------------------------------------------------------------------------------------------------------------
#            Timing Point             Flags    Arc   Edge   Cell     Fanout Load Trans Delay Arrival Instance 
#                                                                           (fF)  (ps)  (ps)   (ps)  Location 
#-------------------------------------------------------------------------------------------------------------
  u_sum_smaller_mantissa_l_reg[1]/CLK -       -      R     (arrival)    143    -     1     0       0    (-,-) 
  u_sum_smaller_mantissa_l_reg[1]/Q   -       CLK->Q R     dffrq_1x       4 11.6    70   194     194    (-,-) 
  g123548/X                           -       B->X   R     or2_1x         2  8.4    47    84     278    (-,-) 
  g123547/X                           -       B->X   F     nand2_2x       1  5.3    32    36     314    (-,-) 
  g126208/X                           -       A->X   R     nand2_2x       3 17.2    71    56     369    (-,-) 
  g126211/X                           -       B->X   F     aoi21_4x       3 15.4    37    51     420    (-,-) 
  g126613/X                           -       B->X   R     nand2_4x       1  9.8    32    35     455    (-,-) 
  g126073/X                           -       A->X   F     nand2_4x       3 11.5    31    28     483    (-,-) 
  g122340/X                           -       A->X   R     nor2_2x        1  6.2    43    38     522    (-,-) 
  g122339/X                           -       A->X   F     oai21_2x       2 14.2    52    49     571    (-,-) 
  g116261/X                           -       A->X   R     aoi21_4x       3 14.3    66    52     623    (-,-) 
  g126207/X                           -       A->X   F     aoi21_2x       2  6.9    57    41     664    (-,-) 
  g122495/X                           -       A->X   R     aoi21_1x       1  6.2    84    70     734    (-,-) 
  g123505/X                           -       A->X   F     oai21_2x       2  6.5    39    43     777    (-,-) 
  g123507/X                           -       A->X   R     inv_1x         1  5.3    34    34     811    (-,-) 
  g123506/X                           -       A->X   F     nand2_2x       1  5.1    26    26     837    (-,-) 
  g124109/X                           -       B->X   R     nand2_2x       3 11.3    51    44     882    (-,-) 
  g123509/X                           -       A->X   F     inv_1x         3 11.2    40    47     928    (-,-) 
  g115344__126579/X                   -       A->X   F     oa21_2x        3 14.6    44    98    1027    (-,-) 
  g115296__5107/X                     -       A->X   R     oai21_2x       1  5.1    66    43    1070    (-,-) 
  g115253__1666/X                     -       C->X   F     aoi21_2x       2 11.5    62    68    1138    (-,-) 
  g122727/X                           -       A->X   R     oai21_2x       2  8.7    78    59    1197    (-,-) 
  g122726/X                           -       A->X   R     xnor2_1x       1  3.7    64    68    1264    (-,-) 
  g114987__126392/X                   -       A1->X  R     oa22_2x        2  7.5    32    76    1340    (-,-) 
  g114927__6417/X                     -       A->X   F     nand3_2x       1 11.0    59    48    1389    (-,-) 
  g114774__9945/X                     -       A->X   R     oai21_4x       3 14.9    60    55    1444    (-,-) 
  g126548/X                           -       A->X   F     nor2_4x        6 31.6    61    65    1509    (-,-) 
  g126181_dup/X                       -       A->X   R     nand3_4x       4 15.0    51    49    1557    (-,-) 
  g114571__126357/X                   -       B->X   F     oai21_1x       1  3.7    36    42    1599    (-,-) 
  g114541__5526/X                     -       A->X   R     aoi21_1x       1  3.6    59    49    1648    (-,-) 
  g114514__126421/X                   -       C->X   F     oai21_1x       1  0.9    39    39    1687    (-,-) 
  fp_out[7]                           -       -      F     (port)         -    -     -     0    1687    (-,-) 
#-------------------------------------------------------------------------------------------------------------



Path 54: VIOLATED (-6 ps) Late External Delay Assertion at pin fp_out[8]
           View: view_1p2_25
          Group: clock1
     Startpoint: (R) u_sum_larger_mantissa_l_reg[2]/CLK
          Clock: (R) clock1
       Endpoint: (R) fp_out[8]
          Clock: (R) clock1

                     Capture       Launch     
        Clock Edge:+    1667            0     
       Src Latency:+       0            0     
       Net Latency:+       0 (I)        0 (I) 
           Arrival:=    1667            0     
                                              
      Output Delay:-       1                  
       Uncertainty:-       0                  
     Required Time:=    1666                  
      Launch Clock:-       0                  
         Data Path:-    1672                  
             Slack:=      -6                  

Exceptions/Constraints:
  output_delay              1              add4_fp16.sdc_line_21_72_1   

Launch clock path:
#-----------------------------------------------------------------------------------------------------------
#           Timing Point             Flags   Arc   Edge   Cell     Fanout Load Trans Delay Arrival Instance 
#                                                                         (fF)  (ps)  (ps)   (ps)  Location 
#-----------------------------------------------------------------------------------------------------------
  clk                                (i)     -     R     (arrival)    143  0.0     1     0       0    (-,-) 
  u_sum_larger_mantissa_l_reg[2]/CLK <<<     -     R     dffrq_1x     143    -     1     0       0    (-,-) 
#-----------------------------------------------------------------------------------------------------------

#------------------------------------------------------------------------------------------------------------
#           Timing Point             Flags    Arc   Edge   Cell     Fanout Load Trans Delay Arrival Instance 
#                                                                          (fF)  (ps)  (ps)   (ps)  Location 
#------------------------------------------------------------------------------------------------------------
  u_sum_larger_mantissa_l_reg[2]/CLK -       -      R     (arrival)    143    -     1     0       0    (-,-) 
  u_sum_larger_mantissa_l_reg[2]/Q   -       CLK->Q R     dffrq_1x       3  9.1    60   186     186    (-,-) 
  g117517/X                          -       B->X   F     nand2_1x       2  8.2    51    61     248    (-,-) 
  g123547/X                          -       A->X   R     nand2_2x       1  5.3    35    35     283    (-,-) 
  g126208/X                          -       A->X   F     nand2_2x       3 17.0    51    48     331    (-,-) 
  g126211/X                          -       B->X   R     aoi21_4x       3 15.7    65    58     390    (-,-) 
  g126613/X                          -       B->X   F     nand2_4x       1  9.8    26    40     429    (-,-) 
  g126073/X                          -       A->X   R     nand2_4x       3 11.4    36    30     459    (-,-) 
  g122340/X                          -       A->X   F     nor2_2x        1  6.2    35    35     494    (-,-) 
  g122339/X                          -       A->X   R     oai21_2x       2 14.3   103    70     564    (-,-) 
  g116261/X                          -       A->X   F     aoi21_4x       3 14.3    47    49     613    (-,-) 
  g126203/X                          -       A->X   R     nand2_2x       1  5.3    34    34     647    (-,-) 
  g126202/X                          -       A->X   F     nand2_2x       1  6.2    29    28     676    (-,-) 
  g122490/X                          -       A->X   R     aoi21_2x       2  8.5    67    50     726    (-,-) 
  g115565/X                          -       A->X   F     inv_1x         1  5.3    31    36     761    (-,-) 
  g122667/X                          -       A->X   R     nand2_2x       2 10.2    48    41     802    (-,-) 
  g122666/X                          -       A->X   F     nand2_2x       1  9.5    34    38     840    (-,-) 
  g124110/X                          -       A->X   R     nor2_4x        3 11.6    43    39     879    (-,-) 
  g115365/X                          -       A->X   F     inv_1x         1  9.8    35    41     920    (-,-) 
  g115345__7098/X                    -       A->X   R     nand2_4x       9 29.6    64    52     973    (-,-) 
  g115337/X                          -       A->X   F     inv_1x         4 12.9    47    54    1027    (-,-) 
  g115288__8246/X                    -       A1->X  R     aoi22_1x       1  3.6    66    56    1083    (-,-) 
  g115216__6417/X                    -       C->X   F     oai21_1x       1  3.3    39    52    1135    (-,-) 
  g115183__4733/X                    -       B->X   R     nor2_1x        1  3.6    51    48    1182    (-,-) 
  g115134__5477/X                    -       C->X   F     oai21_1x       1  3.3    42    48    1230    (-,-) 
  g115104__5107/X                    -       B->X   R     nor2_1x        1  3.2    50    46    1276    (-,-) 
  g115044__126460/X                  -       B->X   F     nand3_1x       3  8.2    73    76    1351    (-,-) 
  g114981__122891_dup126463/X        -       A->X   F     and3_1x        1  9.0    39    85    1436    (-,-) 
  g114940__126462/X                  -       B->X   R     nand2_4x       4 23.9    55    51    1487    (-,-) 
  g126547/X                          -       A->X   R     and3_1x        2  8.2    48    80    1567    (-,-) 
  g114595__126422/X                  -       A->X   F     nand2_1x       4 12.3    73    66    1633    (-,-) 
  g114513__126426/X                  -       B->X   R     oai21_1x       1  0.9    38    39    1672    (-,-) 
  fp_out[8]                          -       -      R     (port)         -    -     -     0    1672    (-,-) 
#------------------------------------------------------------------------------------------------------------



Path 55: MET (0 ps) Setup Check with Pin u_cd_sub_has_lost_sticky_l_reg/CLK->D
           View: view_1p2_25
          Group: clock1
     Startpoint: (F) d[13]
          Clock: (R) clock1
       Endpoint: (R) u_cd_sub_has_lost_sticky_l_reg/D
          Clock: (R) clock1

                     Capture       Launch     
        Clock Edge:+    1667            0     
        Drv Adjust:+       0            5     
       Src Latency:+       0            0     
       Net Latency:+       0 (I)        0 (I) 
           Arrival:=    1667            5     
                                              
             Setup:-      83                  
       Uncertainty:-       0                  
     Required Time:=    1583                  
      Launch Clock:-       5                  
       Input Delay:-       1                  
         Data Path:-    1577                  
             Slack:=       0                  

Exceptions/Constraints:
  input_delay              1              add4_fp16.sdc_line_20_53_1   

#---------------------------------------------------------------------------------------------------------
#          Timing Point            Flags   Arc   Edge   Cell     Fanout Load Trans Delay Arrival Instance 
#                                                                       (fF)  (ps)  (ps)   (ps)  Location 
#---------------------------------------------------------------------------------------------------------
  d[13]                            -       -     F     (arrival)      5 21.5    10     0       6    (-,-) 
  g117914/X                        -       A->X  R     inv_2x         3 11.8    31    26      32    (-,-) 
  g117642/X                        -       A->X  F     nor2_1x        1  6.0    49    48      80    (-,-) 
  g122882/X                        -       A0->X R     oai22_2x       2 12.8   106    73     153    (-,-) 
  g122885/X                        -       C->X  F     aoi21_4x       2 12.1    51    53     206    (-,-) 
  g122887/X                        -       A->X  R     nand2_4x       1  9.8    36    35     240    (-,-) 
  g116624/X                        -       A->X  F     nand2_4x       2 20.9    36    38     278    (-,-) 
  g116611/X                        -       A->X  R     inv_6x         5 39.7    38    36     315    (-,-) 
  g116614/X                        -       A->X  F     inv_4x         3 17.1    21    26     341    (-,-) 
  g116446/X                        -       A->X  R     oai21_4x       1 10.9    47    40     381    (-,-) 
  g116419/X                        -       A->X  F     inv_4x         2 20.2    26    31     412    (-,-) 
  g116356/X                        -       A->X  R     nand2_4x       8 29.9    76    50     462    (-,-) 
  g116314/X                        -       A->X  F     inv_2x         6 18.2    42    48     510    (-,-) 
  g116173/X                        -       A->X  R     nand2_1x       1  5.2    52    45     555    (-,-) 
  g115892/X                        -       B->X  F     nor2_2x        3 11.7    50    57     612    (-,-) 
  g115849/X                        -       A->X  R     inv_2x         6 19.2    52    49     661    (-,-) 
  g115749/X                        -       A->X  F     nor2_1x        1  3.3    56    43     704    (-,-) 
  g115582/X                        -       B->X  R     nor2_1x        1  3.7    53    52     756    (-,-) 
  g115488/X                        -       C->X  R     oa21_1x        3  9.4    52    88     843    (-,-) 
  g115426/X                        -       A->X  F     nand2_1x       1  5.0    36    42     885    (-,-) 
  g115321__2802/X                  -       C->X  R     nand3_2x       2  6.5    46    44     929    (-,-) 
  g115299__1666/X                  -       A->X  F     nand2_1x       1  3.6    30    34     964    (-,-) 
  g115182__2802/X                  -       A1->X R     aoi22_1x       1  3.6    78    51    1015    (-,-) 
  g115137__5122/X                  -       C->X  F     oai21_1x       1  3.7    50    57    1072    (-,-) 
  g115079__6783/X                  -       A->X  R     aoi21_1x       1  3.7    61    53    1125    (-,-) 
  g115029__7482/X                  -       A->X  F     oai21_1x       1  3.5    45    41    1165    (-,-) 
  g114992__2346/X                  -       C->X  R     oai21_1x       1  6.2    87    45    1210    (-,-) 
  g114885__2802/X                  -       A->X  F     aoi21_2x       2  7.9    54    48    1258    (-,-) 
  g114813__5477/X                  -       A->X  F     or2_2x         4 22.1    64   130    1388    (-,-) 
  g114789__1617/X                  -       C->X  R     aoi21_4x       2  8.9    59    56    1444    (-,-) 
  g114779/X                        -       A->X  F     inv_2x         2  6.2    24    27    1470    (-,-) 
  g114725__4733/X                  -       A->X  F     or3_1x         1  3.3    32    81    1551    (-,-) 
  g114686__2398/X                  -       A->X  R     nand2_1x       1  2.7    40    32    1583    (-,-) 
  u_cd_sub_has_lost_sticky_l_reg/D -       -     R     dffrq_1x       1    -     -     0    1583    (-,-) 
#---------------------------------------------------------------------------------------------------------

Capture clock path:
#-----------------------------------------------------------------------------------------------------------
#           Timing Point             Flags   Arc   Edge   Cell     Fanout Load Trans Delay Arrival Instance 
#                                                                         (fF)  (ps)  (ps)   (ps)  Location 
#-----------------------------------------------------------------------------------------------------------
  clk                                (i)     -     R     (arrival)    143  0.0     1     0    1667    (-,-) 
  u_cd_sub_has_lost_sticky_l_reg/CLK <<<     -     R     dffrq_1x     143    -     1     0    1667    (-,-) 
#-----------------------------------------------------------------------------------------------------------



Path 56: MET (1 ps) Late External Delay Assertion at pin fp_out[10]
           View: view_1p2_25
          Group: clock1
     Startpoint: (R) u_sum_smaller_mantissa_l_reg[1]/CLK
          Clock: (R) clock1
       Endpoint: (F) fp_out[10]
          Clock: (R) clock1

                     Capture       Launch     
        Clock Edge:+    1667            0     
       Src Latency:+       0            0     
       Net Latency:+       0 (I)        0 (I) 
           Arrival:=    1667            0     
                                              
      Output Delay:-       1                  
       Uncertainty:-       0                  
     Required Time:=    1666                  
      Launch Clock:-       0                  
         Data Path:-    1665                  
             Slack:=       1                  

Exceptions/Constraints:
  output_delay              1              add4_fp16.sdc_line_21_70_1   

Launch clock path:
#------------------------------------------------------------------------------------------------------------
#            Timing Point             Flags   Arc   Edge   Cell     Fanout Load Trans Delay Arrival Instance 
#                                                                          (fF)  (ps)  (ps)   (ps)  Location 
#------------------------------------------------------------------------------------------------------------
  clk                                 (i)     -     R     (arrival)    143  0.0     1     0       0    (-,-) 
  u_sum_smaller_mantissa_l_reg[1]/CLK <<<     -     R     dffrq_1x     143    -     1     0       0    (-,-) 
#------------------------------------------------------------------------------------------------------------

#-------------------------------------------------------------------------------------------------------------
#            Timing Point             Flags    Arc   Edge   Cell     Fanout Load Trans Delay Arrival Instance 
#                                                                           (fF)  (ps)  (ps)   (ps)  Location 
#-------------------------------------------------------------------------------------------------------------
  u_sum_smaller_mantissa_l_reg[1]/CLK -       -      R     (arrival)    143    -     1     0       0    (-,-) 
  u_sum_smaller_mantissa_l_reg[1]/Q   -       CLK->Q R     dffrq_1x       4 11.6    70   194     194    (-,-) 
  g123548/X                           -       B->X   R     or2_1x         2  8.4    47    84     278    (-,-) 
  g123547/X                           -       B->X   F     nand2_2x       1  5.3    32    36     314    (-,-) 
  g126208/X                           -       A->X   R     nand2_2x       3 17.2    71    56     369    (-,-) 
  g126211/X                           -       B->X   F     aoi21_4x       3 15.4    37    51     420    (-,-) 
  g126613/X                           -       B->X   R     nand2_4x       1  9.8    32    35     455    (-,-) 
  g126073/X                           -       A->X   F     nand2_4x       3 11.5    31    28     483    (-,-) 
  g122340/X                           -       A->X   R     nor2_2x        1  6.2    43    38     522    (-,-) 
  g122339/X                           -       A->X   F     oai21_2x       2 14.2    52    49     571    (-,-) 
  g116261/X                           -       A->X   R     aoi21_4x       3 14.3    66    52     623    (-,-) 
  g126207/X                           -       A->X   F     aoi21_2x       2  6.9    57    41     664    (-,-) 
  g122495/X                           -       A->X   R     aoi21_1x       1  6.2    84    70     734    (-,-) 
  g123505/X                           -       A->X   F     oai21_2x       2  6.5    39    43     777    (-,-) 
  g123507/X                           -       A->X   R     inv_1x         1  5.3    34    34     811    (-,-) 
  g123506/X                           -       A->X   F     nand2_2x       1  5.1    26    26     837    (-,-) 
  g124109/X                           -       B->X   R     nand2_2x       3 11.3    51    44     882    (-,-) 
  g123509/X                           -       A->X   F     inv_1x         3 11.2    40    47     928    (-,-) 
  g115344__126579/X                   -       A->X   F     oa21_2x        3 14.6    44    98    1027    (-,-) 
  g115296__5107/X                     -       A->X   R     oai21_2x       1  5.1    66    43    1070    (-,-) 
  g115253__1666/X                     -       C->X   F     aoi21_2x       2 11.5    62    68    1138    (-,-) 
  g122727/X                           -       A->X   R     oai21_2x       2  8.7    78    59    1197    (-,-) 
  g122726/X                           -       A->X   F     xnor2_1x       1  3.6    41    52    1249    (-,-) 
  g114987__126392/X                   -       A1->X  F     oa22_2x        2  7.5    39    94    1343    (-,-) 
  g114927__6417/X                     -       A->X   R     nand3_2x       1 11.0    64    50    1393    (-,-) 
  g114774__9945/X                     -       A->X   F     oai21_4x       3 14.9    40    42    1435    (-,-) 
  g114760/X                           -       A->X   F     buf_1x         1  3.4    24    60    1495    (-,-) 
  g124045/X                           -       A->X   R     nor2_1x        5 15.3   164   112    1607    (-,-) 
  g114676__6161/X                     -       C->X   F     oai21_1x       1  0.9    41    58    1665    (-,-) 
  fp_out[10]                          -       -      F     (port)         -    -     -     0    1665    (-,-) 
#-------------------------------------------------------------------------------------------------------------



Path 57: MET (1 ps) Late External Delay Assertion at pin fp_out[11]
           View: view_1p2_25
          Group: clock1
     Startpoint: (R) u_sum_smaller_mantissa_l_reg[1]/CLK
          Clock: (R) clock1
       Endpoint: (F) fp_out[11]
          Clock: (R) clock1

                     Capture       Launch     
        Clock Edge:+    1667            0     
       Src Latency:+       0            0     
       Net Latency:+       0 (I)        0 (I) 
           Arrival:=    1667            0     
                                              
      Output Delay:-       1                  
       Uncertainty:-       0                  
     Required Time:=    1666                  
      Launch Clock:-       0                  
         Data Path:-    1665                  
             Slack:=       1                  

Exceptions/Constraints:
  output_delay              1              add4_fp16.sdc_line_21_69_1   

Launch clock path:
#------------------------------------------------------------------------------------------------------------
#            Timing Point             Flags   Arc   Edge   Cell     Fanout Load Trans Delay Arrival Instance 
#                                                                          (fF)  (ps)  (ps)   (ps)  Location 
#------------------------------------------------------------------------------------------------------------
  clk                                 (i)     -     R     (arrival)    143  0.0     1     0       0    (-,-) 
  u_sum_smaller_mantissa_l_reg[1]/CLK <<<     -     R     dffrq_1x     143    -     1     0       0    (-,-) 
#------------------------------------------------------------------------------------------------------------

#-------------------------------------------------------------------------------------------------------------
#            Timing Point             Flags    Arc   Edge   Cell     Fanout Load Trans Delay Arrival Instance 
#                                                                           (fF)  (ps)  (ps)   (ps)  Location 
#-------------------------------------------------------------------------------------------------------------
  u_sum_smaller_mantissa_l_reg[1]/CLK -       -      R     (arrival)    143    -     1     0       0    (-,-) 
  u_sum_smaller_mantissa_l_reg[1]/Q   -       CLK->Q R     dffrq_1x       4 11.6    70   194     194    (-,-) 
  g123548/X                           -       B->X   R     or2_1x         2  8.4    47    84     278    (-,-) 
  g123547/X                           -       B->X   F     nand2_2x       1  5.3    32    36     314    (-,-) 
  g126208/X                           -       A->X   R     nand2_2x       3 17.2    71    56     369    (-,-) 
  g126211/X                           -       B->X   F     aoi21_4x       3 15.4    37    51     420    (-,-) 
  g126613/X                           -       B->X   R     nand2_4x       1  9.8    32    35     455    (-,-) 
  g126073/X                           -       A->X   F     nand2_4x       3 11.5    31    28     483    (-,-) 
  g122340/X                           -       A->X   R     nor2_2x        1  6.2    43    38     522    (-,-) 
  g122339/X                           -       A->X   F     oai21_2x       2 14.2    52    49     571    (-,-) 
  g116261/X                           -       A->X   R     aoi21_4x       3 14.3    66    52     623    (-,-) 
  g126207/X                           -       A->X   F     aoi21_2x       2  6.9    57    41     664    (-,-) 
  g122495/X                           -       A->X   R     aoi21_1x       1  6.2    84    70     734    (-,-) 
  g123505/X                           -       A->X   F     oai21_2x       2  6.5    39    43     777    (-,-) 
  g123507/X                           -       A->X   R     inv_1x         1  5.3    34    34     811    (-,-) 
  g123506/X                           -       A->X   F     nand2_2x       1  5.1    26    26     837    (-,-) 
  g124109/X                           -       B->X   R     nand2_2x       3 11.3    51    44     882    (-,-) 
  g123509/X                           -       A->X   F     inv_1x         3 11.2    40    47     928    (-,-) 
  g115344__126579/X                   -       A->X   F     oa21_2x        3 14.6    44    98    1027    (-,-) 
  g115296__5107/X                     -       A->X   R     oai21_2x       1  5.1    66    43    1070    (-,-) 
  g115253__1666/X                     -       C->X   F     aoi21_2x       2 11.5    62    68    1138    (-,-) 
  g122727/X                           -       A->X   R     oai21_2x       2  8.7    78    59    1197    (-,-) 
  g122726/X                           -       A->X   F     xnor2_1x       1  3.6    41    52    1249    (-,-) 
  g114987__126392/X                   -       A1->X  F     oa22_2x        2  7.5    39    94    1343    (-,-) 
  g114927__6417/X                     -       A->X   R     nand3_2x       1 11.0    64    50    1393    (-,-) 
  g114774__9945/X                     -       A->X   F     oai21_4x       3 14.9    40    42    1435    (-,-) 
  g114760/X                           -       A->X   F     buf_1x         1  3.4    24    60    1495    (-,-) 
  g124045/X                           -       A->X   R     nor2_1x        5 15.3   164   112    1607    (-,-) 
  g114620__4733/X                     -       C->X   F     oai21_1x       1  0.9    41    58    1665    (-,-) 
  fp_out[11]                          -       -      F     (port)         -    -     -     0    1665    (-,-) 
#-------------------------------------------------------------------------------------------------------------



Path 58: MET (1 ps) Late External Delay Assertion at pin fp_out[12]
           View: view_1p2_25
          Group: clock1
     Startpoint: (R) u_sum_smaller_mantissa_l_reg[1]/CLK
          Clock: (R) clock1
       Endpoint: (F) fp_out[12]
          Clock: (R) clock1

                     Capture       Launch     
        Clock Edge:+    1667            0     
       Src Latency:+       0            0     
       Net Latency:+       0 (I)        0 (I) 
           Arrival:=    1667            0     
                                              
      Output Delay:-       1                  
       Uncertainty:-       0                  
     Required Time:=    1666                  
      Launch Clock:-       0                  
         Data Path:-    1665                  
             Slack:=       1                  

Exceptions/Constraints:
  output_delay              1              add4_fp16.sdc_line_21_68_1   

Launch clock path:
#------------------------------------------------------------------------------------------------------------
#            Timing Point             Flags   Arc   Edge   Cell     Fanout Load Trans Delay Arrival Instance 
#                                                                          (fF)  (ps)  (ps)   (ps)  Location 
#------------------------------------------------------------------------------------------------------------
  clk                                 (i)     -     R     (arrival)    143  0.0     1     0       0    (-,-) 
  u_sum_smaller_mantissa_l_reg[1]/CLK <<<     -     R     dffrq_1x     143    -     1     0       0    (-,-) 
#------------------------------------------------------------------------------------------------------------

#-------------------------------------------------------------------------------------------------------------
#            Timing Point             Flags    Arc   Edge   Cell     Fanout Load Trans Delay Arrival Instance 
#                                                                           (fF)  (ps)  (ps)   (ps)  Location 
#-------------------------------------------------------------------------------------------------------------
  u_sum_smaller_mantissa_l_reg[1]/CLK -       -      R     (arrival)    143    -     1     0       0    (-,-) 
  u_sum_smaller_mantissa_l_reg[1]/Q   -       CLK->Q R     dffrq_1x       4 11.6    70   194     194    (-,-) 
  g123548/X                           -       B->X   R     or2_1x         2  8.4    47    84     278    (-,-) 
  g123547/X                           -       B->X   F     nand2_2x       1  5.3    32    36     314    (-,-) 
  g126208/X                           -       A->X   R     nand2_2x       3 17.2    71    56     369    (-,-) 
  g126211/X                           -       B->X   F     aoi21_4x       3 15.4    37    51     420    (-,-) 
  g126613/X                           -       B->X   R     nand2_4x       1  9.8    32    35     455    (-,-) 
  g126073/X                           -       A->X   F     nand2_4x       3 11.5    31    28     483    (-,-) 
  g122340/X                           -       A->X   R     nor2_2x        1  6.2    43    38     522    (-,-) 
  g122339/X                           -       A->X   F     oai21_2x       2 14.2    52    49     571    (-,-) 
  g116261/X                           -       A->X   R     aoi21_4x       3 14.3    66    52     623    (-,-) 
  g126207/X                           -       A->X   F     aoi21_2x       2  6.9    57    41     664    (-,-) 
  g122495/X                           -       A->X   R     aoi21_1x       1  6.2    84    70     734    (-,-) 
  g123505/X                           -       A->X   F     oai21_2x       2  6.5    39    43     777    (-,-) 
  g123507/X                           -       A->X   R     inv_1x         1  5.3    34    34     811    (-,-) 
  g123506/X                           -       A->X   F     nand2_2x       1  5.1    26    26     837    (-,-) 
  g124109/X                           -       B->X   R     nand2_2x       3 11.3    51    44     882    (-,-) 
  g123509/X                           -       A->X   F     inv_1x         3 11.2    40    47     928    (-,-) 
  g115344__126579/X                   -       A->X   F     oa21_2x        3 14.6    44    98    1027    (-,-) 
  g115296__5107/X                     -       A->X   R     oai21_2x       1  5.1    66    43    1070    (-,-) 
  g115253__1666/X                     -       C->X   F     aoi21_2x       2 11.5    62    68    1138    (-,-) 
  g122727/X                           -       A->X   R     oai21_2x       2  8.7    78    59    1197    (-,-) 
  g122726/X                           -       A->X   F     xnor2_1x       1  3.6    41    52    1249    (-,-) 
  g114987__126392/X                   -       A1->X  F     oa22_2x        2  7.5    39    94    1343    (-,-) 
  g114927__6417/X                     -       A->X   R     nand3_2x       1 11.0    64    50    1393    (-,-) 
  g114774__9945/X                     -       A->X   F     oai21_4x       3 14.9    40    42    1435    (-,-) 
  g114760/X                           -       A->X   F     buf_1x         1  3.4    24    60    1495    (-,-) 
  g124045/X                           -       A->X   R     nor2_1x        5 15.3   164   112    1607    (-,-) 
  g114619__3680/X                     -       C->X   F     oai21_1x       1  0.9    41    58    1665    (-,-) 
  fp_out[12]                          -       -      F     (port)         -    -     -     0    1665    (-,-) 
#-------------------------------------------------------------------------------------------------------------



Path 59: MET (1 ps) Setup Check with Pin u_ab_larger_mantissa_l_reg[12]/CLK->D
           View: view_1p2_25
          Group: clock1
     Startpoint: (R) b[11]
          Clock: (R) clock1
       Endpoint: (F) u_ab_larger_mantissa_l_reg[12]/D
          Clock: (R) clock1

                     Capture       Launch     
        Clock Edge:+    1667            0     
        Drv Adjust:+       0            6     
       Src Latency:+       0            0     
       Net Latency:+       0 (I)        0 (I) 
           Arrival:=    1667            6     
                                              
             Setup:-     143                  
       Uncertainty:-       0                  
     Required Time:=    1524                  
      Launch Clock:-       6                  
       Input Delay:-       1                  
         Data Path:-    1515                  
             Slack:=       1                  

Exceptions/Constraints:
  input_delay              1              add4_fp16.sdc_line_20_23_1   

#---------------------------------------------------------------------------------------------------------
#          Timing Point            Flags   Arc   Edge   Cell     Fanout Load Trans Delay Arrival Instance 
#                                                                       (fF)  (ps)  (ps)   (ps)  Location 
#---------------------------------------------------------------------------------------------------------
  b[11]                            -       -     R     (arrival)      6 21.5    16     0       8    (-,-) 
  g117909/X                        -       A->X  F     inv_2x         1  9.8    18    21      28    (-,-) 
  g117635/X                        -       A->X  R     nand2_4x       1  9.8    29    26      54    (-,-) 
  g117420/X                        -       A->X  F     nand2_4x       3 13.8    27    30      84    (-,-) 
  g117191/X                        -       A->X  R     nand2_2x       2 13.0    59    45     129    (-,-) 
  g117002/X                        -       A->X  F     nand2_4x       3 17.4    36    40     170    (-,-) 
  g116921/X                        -       A->X  R     oai21_4x       2  7.6    46    38     208    (-,-) 
  g116865/X                        -       A->X  F     nand2_2x       2  8.5    50    36     244    (-,-) 
  g116661/X                        -       A->X  R     nand2_2x       1  9.8    46    46     290    (-,-) 
  g126920/X                        -       A->X  F     nand2_4x       5 27.7    50    47     337    (-,-) 
  fopt15/X                         -       A->X  R     inv_2x         2  6.6    29    28     365    (-,-) 
  fopt124061/X                     -       A->X  F     inv_1x         1  5.8    22    28     393    (-,-) 
  g116447/X                        -       B0->X R     oai22_2x       8 24.0   160   111     504    (-,-) 
  g116420/X                        -       A->X  F     inv_1x         3 11.1    70    72     576    (-,-) 
  g116317/X                        -       A->X  R     nand2_2x       3  9.3    50    50     626    (-,-) 
  g116184/X                        -       A->X  F     nor2_1x        3  9.5    70    70     695    (-,-) 
  g122823/X                        -       A->X  R     nand3_1x       1  3.2    52    50     745    (-,-) 
  g122822/X                        -       B->X  F     nand3_1x       1  3.6    41    52     797    (-,-) 
  g115539/X                        -       C->X  F     ao21_2x        4 12.6    43   107     904    (-,-) 
  g115425/X                        -       A->X  R     aoi21_1x       1  3.5    71    50     954    (-,-) 
  g115375__5115/X                  -       C->X  F     aoi21_1x       1  3.5    36    39     993    (-,-) 
  g115338__6260/X                  -       C->X  R     oai21_1x       1  3.4    64    33    1026    (-,-) 
  g115297__6260/X                  -       B->X  F     aoi21_1x       1  3.7    40    47    1074    (-,-) 
  g115186__6260/X                  -       A->X  R     oai21_1x       1  3.7    57    52    1125    (-,-) 
  g115102__2398/X                  -       A->X  R     ao21_1x        1  6.2    38    68    1193    (-,-) 
  g115056__1617/X                  -       A->X  F     aoi21_2x       2  6.3    52    33    1226    (-,-) 
  g122282/X                        -       A->X  R     inv_1x         1  9.5    53    50    1277    (-,-) 
  g123393/X                        -       A->X  F     nor2_4x        1 16.0    42    45    1322    (-,-) 
  g123392/X                        -       A->X  R     inv_6x        13 43.0    42    40    1362    (-,-) 
  g122280/X                        -       A->X  F     inv_2x         8 25.7    43    47    1409    (-,-) 
  g123016/X                        -       C->X  R     aoi21_1x       1  3.6    86    60    1468    (-,-) 
  g123013/X                        -       C->X  F     oai21_1x       1  2.7    42    54    1523    (-,-) 
  u_ab_larger_mantissa_l_reg[12]/D -       -     F     dffrq_1x       1    -     -     0    1523    (-,-) 
#---------------------------------------------------------------------------------------------------------

Capture clock path:
#-----------------------------------------------------------------------------------------------------------
#           Timing Point             Flags   Arc   Edge   Cell     Fanout Load Trans Delay Arrival Instance 
#                                                                         (fF)  (ps)  (ps)   (ps)  Location 
#-----------------------------------------------------------------------------------------------------------
  clk                                (i)     -     R     (arrival)    143  0.0     1     0    1667    (-,-) 
  u_ab_larger_mantissa_l_reg[12]/CLK <<<     -     R     dffrq_1x     143    -     1     0    1667    (-,-) 
#-----------------------------------------------------------------------------------------------------------



Path 60: MET (1 ps) Setup Check with Pin u_ab_larger_mantissa_l_reg[10]/CLK->D
           View: view_1p2_25
          Group: clock1
     Startpoint: (R) b[10]
          Clock: (R) clock1
       Endpoint: (F) u_ab_larger_mantissa_l_reg[10]/D
          Clock: (R) clock1

                     Capture       Launch     
        Clock Edge:+    1667            0     
        Drv Adjust:+       0            4     
       Src Latency:+       0            0     
       Net Latency:+       0 (I)        0 (I) 
           Arrival:=    1667            4     
                                              
             Setup:-     143                  
       Uncertainty:-       0                  
     Required Time:=    1524                  
      Launch Clock:-       4                  
       Input Delay:-       1                  
         Data Path:-    1518                  
             Slack:=       1                  

Exceptions/Constraints:
  input_delay              1              add4_fp16.sdc_line_20_24_1   

#---------------------------------------------------------------------------------------------------------
#          Timing Point            Flags   Arc   Edge   Cell     Fanout Load Trans Delay Arrival Instance 
#                                                                       (fF)  (ps)  (ps)   (ps)  Location 
#---------------------------------------------------------------------------------------------------------
  b[10]                            -       -     R     (arrival)      4 13.6    11     0       4    (-,-) 
  g117896/X                        -       A->X  F     inv_2x         2  8.3    15    18      22    (-,-) 
  g117685/X                        -       A->X  R     nor2_2x        3 11.3    66    50      72    (-,-) 
  g117191/X                        -       B->X  F     nand2_2x       2 12.9    43    56     128    (-,-) 
  g117002/X                        -       A->X  R     nand2_4x       3 17.4    47    42     170    (-,-) 
  g116921/X                        -       A->X  F     oai21_4x       2  7.6    39    30     201    (-,-) 
  g116865/X                        -       A->X  R     nand2_2x       2  8.5    56    40     240    (-,-) 
  g116661/X                        -       A->X  F     nand2_2x       1  9.8    36    41     282    (-,-) 
  g126920/X                        -       A->X  R     nand2_4x       5 27.8    66    51     333    (-,-) 
  fopt124060/X                     -       A->X  R     buf_2x         1 10.9    33    62     395    (-,-) 
  fopt124058/X                     -       A->X  F     inv_4x         6 30.8    28    33     428    (-,-) 
  g116506/X                        -       A->X  R     nand2_2x       1  9.6    51    38     466    (-,-) 
  g116443/X                        -       C->X  F     oai21_4x       5 19.8    60    55     521    (-,-) 
  g116411/X                        -       A->X  R     inv_2x         4 12.2    42    41     562    (-,-) 
  g116022/X                        -       B1->X F     oai22_1x       1  3.7    69    52     614    (-,-) 
  g115768/X                        -       A->X  R     aoi21_1x       2  6.6    88    75     689    (-,-) 
  g115671/X                        -       A->X  R     and2_2x        6 21.6    59    96     784    (-,-) 
  g115639/X                        -       A->X  F     inv_1x         6 24.7    78    79     863    (-,-) 
  g115535/X                        -       A->X  R     oai21_1x       4 12.9   144   117     980    (-,-) 
  g115421/X                        -       B0->X R     oa22_1x        1  3.6    33    93    1073    (-,-) 
  g115186__6260/X                  -       C->X  F     oai21_1x       1  3.7    36    44    1116    (-,-) 
  g115102__2398/X                  -       A->X  F     ao21_1x        1  6.2    36    77    1193    (-,-) 
  g115056__1617/X                  -       A->X  R     aoi21_2x       2  6.3    62    45    1238    (-,-) 
  g115035__3680/X                  -       A->X  R     or2_1x         2  6.8    50    73    1311    (-,-) 
  fopt122278/X                     -       A->X  R     buf_2x         3 17.4    46    67    1378    (-,-) 
  fopt122277/X                     -       A->X  F     inv_4x         8 32.7    32    39    1417    (-,-) 
  g123081/X                        -       A1->X R     aoi22_1x       1  3.6    84    52    1468    (-,-) 
  g126749/X                        -       C->X  F     oai21_1x       1  2.7    45    54    1522    (-,-) 
  u_ab_larger_mantissa_l_reg[10]/D -       -     F     dffrq_1x       1    -     -     0    1522    (-,-) 
#---------------------------------------------------------------------------------------------------------

Capture clock path:
#-----------------------------------------------------------------------------------------------------------
#           Timing Point             Flags   Arc   Edge   Cell     Fanout Load Trans Delay Arrival Instance 
#                                                                         (fF)  (ps)  (ps)   (ps)  Location 
#-----------------------------------------------------------------------------------------------------------
  clk                                (i)     -     R     (arrival)    143  0.0     1     0    1667    (-,-) 
  u_ab_larger_mantissa_l_reg[10]/CLK <<<     -     R     dffrq_1x     143    -     1     0    1667    (-,-) 
#-----------------------------------------------------------------------------------------------------------



Path 61: MET (2 ps) Setup Check with Pin u_ab_larger_mantissa_l_reg[11]/CLK->D
           View: view_1p2_25
          Group: clock1
     Startpoint: (R) b[11]
          Clock: (R) clock1
       Endpoint: (F) u_ab_larger_mantissa_l_reg[11]/D
          Clock: (R) clock1

                     Capture       Launch     
        Clock Edge:+    1667            0     
        Drv Adjust:+       0            6     
       Src Latency:+       0            0     
       Net Latency:+       0 (I)        0 (I) 
           Arrival:=    1667            6     
                                              
             Setup:-     144                  
       Uncertainty:-       0                  
     Required Time:=    1523                  
      Launch Clock:-       6                  
       Input Delay:-       1                  
         Data Path:-    1514                  
             Slack:=       2                  

Exceptions/Constraints:
  input_delay              1              add4_fp16.sdc_line_20_23_1   

#---------------------------------------------------------------------------------------------------------
#          Timing Point            Flags   Arc   Edge   Cell     Fanout Load Trans Delay Arrival Instance 
#                                                                       (fF)  (ps)  (ps)   (ps)  Location 
#---------------------------------------------------------------------------------------------------------
  b[11]                            -       -     R     (arrival)      6 21.5    16     0       8    (-,-) 
  g117909/X                        -       A->X  F     inv_2x         1  9.8    18    21      28    (-,-) 
  g117635/X                        -       A->X  R     nand2_4x       1  9.8    29    26      54    (-,-) 
  g117420/X                        -       A->X  F     nand2_4x       3 13.8    27    30      84    (-,-) 
  g117191/X                        -       A->X  R     nand2_2x       2 13.0    59    45     129    (-,-) 
  g117002/X                        -       A->X  F     nand2_4x       3 17.4    36    40     170    (-,-) 
  g116921/X                        -       A->X  R     oai21_4x       2  7.6    46    38     208    (-,-) 
  g116865/X                        -       A->X  F     nand2_2x       2  8.5    50    36     244    (-,-) 
  g116661/X                        -       A->X  R     nand2_2x       1  9.8    46    46     290    (-,-) 
  g126920/X                        -       A->X  F     nand2_4x       5 27.7    50    47     337    (-,-) 
  fopt15/X                         -       A->X  R     inv_2x         2  6.6    29    28     365    (-,-) 
  fopt124061/X                     -       A->X  F     inv_1x         1  5.8    22    28     393    (-,-) 
  g116447/X                        -       B0->X R     oai22_2x       8 24.0   160   111     504    (-,-) 
  g116420/X                        -       A->X  F     inv_1x         3 11.1    70    72     576    (-,-) 
  g116317/X                        -       A->X  R     nand2_2x       3  9.3    50    50     626    (-,-) 
  g116184/X                        -       A->X  F     nor2_1x        3  9.5    70    70     695    (-,-) 
  g122823/X                        -       A->X  R     nand3_1x       1  3.2    52    50     745    (-,-) 
  g122822/X                        -       B->X  F     nand3_1x       1  3.6    41    52     797    (-,-) 
  g115539/X                        -       C->X  F     ao21_2x        4 12.6    43   107     904    (-,-) 
  g115425/X                        -       A->X  R     aoi21_1x       1  3.5    71    50     954    (-,-) 
  g115375__5115/X                  -       C->X  F     aoi21_1x       1  3.5    36    39     993    (-,-) 
  g115338__6260/X                  -       C->X  R     oai21_1x       1  3.4    64    33    1026    (-,-) 
  g115297__6260/X                  -       B->X  F     aoi21_1x       1  3.7    40    47    1074    (-,-) 
  g115186__6260/X                  -       A->X  R     oai21_1x       1  3.7    57    52    1125    (-,-) 
  g115102__2398/X                  -       A->X  R     ao21_1x        1  6.2    38    68    1193    (-,-) 
  g115056__1617/X                  -       A->X  F     aoi21_2x       2  6.3    52    33    1226    (-,-) 
  g122282/X                        -       A->X  R     inv_1x         1  9.5    53    50    1277    (-,-) 
  g123393/X                        -       A->X  F     nor2_4x        1 16.0    42    45    1322    (-,-) 
  g123392/X                        -       A->X  R     inv_6x        13 43.0    42    40    1362    (-,-) 
  g122280/X                        -       A->X  F     inv_2x         8 25.7    43    47    1409    (-,-) 
  g126689/X                        -       A0->X R     aoi22_1x       1  3.6    84    58    1467    (-,-) 
  g114884__2883/X                  -       C->X  F     oai21_1x       1  2.7    59    54    1521    (-,-) 
  u_ab_larger_mantissa_l_reg[11]/D -       -     F     dffrq_1x       1    -     -     0    1521    (-,-) 
#---------------------------------------------------------------------------------------------------------

Capture clock path:
#-----------------------------------------------------------------------------------------------------------
#           Timing Point             Flags   Arc   Edge   Cell     Fanout Load Trans Delay Arrival Instance 
#                                                                         (fF)  (ps)  (ps)   (ps)  Location 
#-----------------------------------------------------------------------------------------------------------
  clk                                (i)     -     R     (arrival)    143  0.0     1     0    1667    (-,-) 
  u_ab_larger_mantissa_l_reg[11]/CLK <<<     -     R     dffrq_1x     143    -     1     0    1667    (-,-) 
#-----------------------------------------------------------------------------------------------------------



Path 62: MET (2 ps) Setup Check with Pin u_ab_larger_mantissa_l_reg[9]/CLK->D
           View: view_1p2_25
          Group: clock1
     Startpoint: (R) b[11]
          Clock: (R) clock1
       Endpoint: (F) u_ab_larger_mantissa_l_reg[9]/D
          Clock: (R) clock1

                     Capture       Launch     
        Clock Edge:+    1667            0     
        Drv Adjust:+       0            6     
       Src Latency:+       0            0     
       Net Latency:+       0 (I)        0 (I) 
           Arrival:=    1667            6     
                                              
             Setup:-     143                  
       Uncertainty:-       0                  
     Required Time:=    1523                  
      Launch Clock:-       6                  
       Input Delay:-       1                  
         Data Path:-    1514                  
             Slack:=       2                  

Exceptions/Constraints:
  input_delay              1              add4_fp16.sdc_line_20_23_1   

#--------------------------------------------------------------------------------------------------------
#          Timing Point           Flags   Arc   Edge   Cell     Fanout Load Trans Delay Arrival Instance 
#                                                                      (fF)  (ps)  (ps)   (ps)  Location 
#--------------------------------------------------------------------------------------------------------
  b[11]                           -       -     R     (arrival)      6 21.5    16     0       8    (-,-) 
  g117909/X                       -       A->X  F     inv_2x         1  9.8    18    21      28    (-,-) 
  g117635/X                       -       A->X  R     nand2_4x       1  9.8    29    26      54    (-,-) 
  g117420/X                       -       A->X  F     nand2_4x       3 13.8    27    30      84    (-,-) 
  g117191/X                       -       A->X  R     nand2_2x       2 13.0    59    45     129    (-,-) 
  g117002/X                       -       A->X  F     nand2_4x       3 17.4    36    40     170    (-,-) 
  g116921/X                       -       A->X  R     oai21_4x       2  7.6    46    38     208    (-,-) 
  g116865/X                       -       A->X  F     nand2_2x       2  8.5    50    36     244    (-,-) 
  g116661/X                       -       A->X  R     nand2_2x       1  9.8    46    46     290    (-,-) 
  g126920/X                       -       A->X  F     nand2_4x       5 27.7    50    47     337    (-,-) 
  fopt15/X                        -       A->X  R     inv_2x         2  6.6    29    28     365    (-,-) 
  fopt124061/X                    -       A->X  F     inv_1x         1  5.8    22    28     393    (-,-) 
  g116447/X                       -       B0->X R     oai22_2x       8 24.0   160   111     504    (-,-) 
  g116420/X                       -       A->X  F     inv_1x         3 11.1    70    72     576    (-,-) 
  g116317/X                       -       A->X  R     nand2_2x       3  9.3    50    50     626    (-,-) 
  g116184/X                       -       A->X  F     nor2_1x        3  9.5    70    70     695    (-,-) 
  g122823/X                       -       A->X  R     nand3_1x       1  3.2    52    50     745    (-,-) 
  g122822/X                       -       B->X  F     nand3_1x       1  3.6    41    52     797    (-,-) 
  g115539/X                       -       C->X  F     ao21_2x        4 12.6    43   107     904    (-,-) 
  g115425/X                       -       A->X  R     aoi21_1x       1  3.5    71    50     954    (-,-) 
  g115375__5115/X                 -       C->X  F     aoi21_1x       1  3.5    36    39     993    (-,-) 
  g115338__6260/X                 -       C->X  R     oai21_1x       1  3.4    64    33    1026    (-,-) 
  g115297__6260/X                 -       B->X  F     aoi21_1x       1  3.7    40    47    1074    (-,-) 
  g115186__6260/X                 -       A->X  R     oai21_1x       1  3.7    57    52    1125    (-,-) 
  g115102__2398/X                 -       A->X  R     ao21_1x        1  6.2    38    68    1193    (-,-) 
  g115056__1617/X                 -       A->X  F     aoi21_2x       2  6.3    52    33    1226    (-,-) 
  g122282/X                       -       A->X  R     inv_1x         1  9.5    53    50    1277    (-,-) 
  g123393/X                       -       A->X  F     nor2_4x        1 16.0    42    45    1322    (-,-) 
  g123392/X                       -       A->X  R     inv_6x        13 43.0    42    40    1362    (-,-) 
  g122280/X                       -       A->X  F     inv_2x         8 25.7    43    47    1409    (-,-) 
  g126690/X                       -       A0->X R     aoi22_1x       1  3.6    84    58    1467    (-,-) 
  g114868__4733/X                 -       C->X  F     oai21_1x       1  2.7    58    54    1521    (-,-) 
  u_ab_larger_mantissa_l_reg[9]/D -       -     F     dffrq_1x       1    -     -     0    1521    (-,-) 
#--------------------------------------------------------------------------------------------------------

Capture clock path:
#----------------------------------------------------------------------------------------------------------
#           Timing Point            Flags   Arc   Edge   Cell     Fanout Load Trans Delay Arrival Instance 
#                                                                        (fF)  (ps)  (ps)   (ps)  Location 
#----------------------------------------------------------------------------------------------------------
  clk                               (i)     -     R     (arrival)    143  0.0     1     0    1667    (-,-) 
  u_ab_larger_mantissa_l_reg[9]/CLK <<<     -     R     dffrq_1x     143    -     1     0    1667    (-,-) 
#----------------------------------------------------------------------------------------------------------



Path 63: MET (3 ps) Setup Check with Pin u_ab_smaller_mantissa_l_reg[9]/CLK->D
           View: view_1p2_25
          Group: clock1
     Startpoint: (R) b[11]
          Clock: (R) clock1
       Endpoint: (F) u_ab_smaller_mantissa_l_reg[9]/D
          Clock: (R) clock1

                     Capture       Launch     
        Clock Edge:+    1667            0     
        Drv Adjust:+       0            6     
       Src Latency:+       0            0     
       Net Latency:+       0 (I)        0 (I) 
           Arrival:=    1667            6     
                                              
             Setup:-     143                  
       Uncertainty:-       0                  
     Required Time:=    1523                  
      Launch Clock:-       6                  
       Input Delay:-       1                  
         Data Path:-    1513                  
             Slack:=       3                  

Exceptions/Constraints:
  input_delay              1              add4_fp16.sdc_line_20_23_1   

#---------------------------------------------------------------------------------------------------------
#          Timing Point            Flags   Arc   Edge   Cell     Fanout Load Trans Delay Arrival Instance 
#                                                                       (fF)  (ps)  (ps)   (ps)  Location 
#---------------------------------------------------------------------------------------------------------
  b[11]                            -       -     R     (arrival)      6 21.5    16     0       8    (-,-) 
  g117909/X                        -       A->X  F     inv_2x         1  9.8    18    21      28    (-,-) 
  g117635/X                        -       A->X  R     nand2_4x       1  9.8    29    26      54    (-,-) 
  g117420/X                        -       A->X  F     nand2_4x       3 13.8    27    30      84    (-,-) 
  g117191/X                        -       A->X  R     nand2_2x       2 13.0    59    45     129    (-,-) 
  g117002/X                        -       A->X  F     nand2_4x       3 17.4    36    40     170    (-,-) 
  g116921/X                        -       A->X  R     oai21_4x       2  7.6    46    38     208    (-,-) 
  g116865/X                        -       A->X  F     nand2_2x       2  8.5    50    36     244    (-,-) 
  g116661/X                        -       A->X  R     nand2_2x       1  9.8    46    46     290    (-,-) 
  g126920/X                        -       A->X  F     nand2_4x       5 27.7    50    47     337    (-,-) 
  fopt15/X                         -       A->X  R     inv_2x         2  6.6    29    28     365    (-,-) 
  fopt124061/X                     -       A->X  F     inv_1x         1  5.8    22    28     393    (-,-) 
  g116447/X                        -       B0->X R     oai22_2x       8 24.0   160   111     504    (-,-) 
  g116420/X                        -       A->X  F     inv_1x         3 11.1    70    72     576    (-,-) 
  g116317/X                        -       A->X  R     nand2_2x       3  9.3    50    50     626    (-,-) 
  g116184/X                        -       A->X  F     nor2_1x        3  9.5    70    70     695    (-,-) 
  g122823/X                        -       A->X  R     nand3_1x       1  3.2    52    50     745    (-,-) 
  g122822/X                        -       B->X  F     nand3_1x       1  3.6    41    52     797    (-,-) 
  g115539/X                        -       C->X  F     ao21_2x        4 12.6    43   107     904    (-,-) 
  g115425/X                        -       A->X  R     aoi21_1x       1  3.5    71    50     954    (-,-) 
  g115375__5115/X                  -       C->X  F     aoi21_1x       1  3.5    36    39     993    (-,-) 
  g115338__6260/X                  -       C->X  R     oai21_1x       1  3.4    64    33    1026    (-,-) 
  g115297__6260/X                  -       B->X  F     aoi21_1x       1  3.7    40    47    1074    (-,-) 
  g115186__6260/X                  -       A->X  R     oai21_1x       1  3.7    57    52    1125    (-,-) 
  g115102__2398/X                  -       A->X  R     ao21_1x        1  6.2    38    68    1193    (-,-) 
  g115056__1617/X                  -       A->X  F     aoi21_2x       2  6.3    52    33    1226    (-,-) 
  g122282/X                        -       A->X  R     inv_1x         1  9.5    53    50    1277    (-,-) 
  g123393/X                        -       A->X  F     nor2_4x        1 16.0    42    45    1322    (-,-) 
  g123392/X                        -       A->X  R     inv_6x        13 43.0    42    40    1362    (-,-) 
  g115001__122286/X                -       A->X  F     nor2_1x        1  3.6    64    40    1402    (-,-) 
  g114966__5115/X                  -       C->X  R     aoi21_1x       1  3.6    86    64    1466    (-,-) 
  g114879__2398/X                  -       C->X  F     oai21_1x       1  2.7    36    54    1520    (-,-) 
  u_ab_smaller_mantissa_l_reg[9]/D -       -     F     dffrq_1x       1    -     -     0    1520    (-,-) 
#---------------------------------------------------------------------------------------------------------

Capture clock path:
#-----------------------------------------------------------------------------------------------------------
#           Timing Point             Flags   Arc   Edge   Cell     Fanout Load Trans Delay Arrival Instance 
#                                                                         (fF)  (ps)  (ps)   (ps)  Location 
#-----------------------------------------------------------------------------------------------------------
  clk                                (i)     -     R     (arrival)    143  0.0     1     0    1667    (-,-) 
  u_ab_smaller_mantissa_l_reg[9]/CLK <<<     -     R     dffrq_1x     143    -     1     0    1667    (-,-) 
#-----------------------------------------------------------------------------------------------------------



Path 64: MET (3 ps) Setup Check with Pin u_ab_smaller_mantissa_l_reg[6]/CLK->D
           View: view_1p2_25
          Group: clock1
     Startpoint: (R) b[11]
          Clock: (R) clock1
       Endpoint: (F) u_ab_smaller_mantissa_l_reg[6]/D
          Clock: (R) clock1

                     Capture       Launch     
        Clock Edge:+    1667            0     
        Drv Adjust:+       0            6     
       Src Latency:+       0            0     
       Net Latency:+       0 (I)        0 (I) 
           Arrival:=    1667            6     
                                              
             Setup:-     143                  
       Uncertainty:-       0                  
     Required Time:=    1523                  
      Launch Clock:-       6                  
       Input Delay:-       1                  
         Data Path:-    1513                  
             Slack:=       3                  

Exceptions/Constraints:
  input_delay              1              add4_fp16.sdc_line_20_23_1   

#---------------------------------------------------------------------------------------------------------
#          Timing Point            Flags   Arc   Edge   Cell     Fanout Load Trans Delay Arrival Instance 
#                                                                       (fF)  (ps)  (ps)   (ps)  Location 
#---------------------------------------------------------------------------------------------------------
  b[11]                            -       -     R     (arrival)      6 21.5    16     0       8    (-,-) 
  g117909/X                        -       A->X  F     inv_2x         1  9.8    18    21      28    (-,-) 
  g117635/X                        -       A->X  R     nand2_4x       1  9.8    29    26      54    (-,-) 
  g117420/X                        -       A->X  F     nand2_4x       3 13.8    27    30      84    (-,-) 
  g117191/X                        -       A->X  R     nand2_2x       2 13.0    59    45     129    (-,-) 
  g117002/X                        -       A->X  F     nand2_4x       3 17.4    36    40     170    (-,-) 
  g116921/X                        -       A->X  R     oai21_4x       2  7.6    46    38     208    (-,-) 
  g116865/X                        -       A->X  F     nand2_2x       2  8.5    50    36     244    (-,-) 
  g116661/X                        -       A->X  R     nand2_2x       1  9.8    46    46     290    (-,-) 
  g126920/X                        -       A->X  F     nand2_4x       5 27.7    50    47     337    (-,-) 
  fopt15/X                         -       A->X  R     inv_2x         2  6.6    29    28     365    (-,-) 
  fopt124061/X                     -       A->X  F     inv_1x         1  5.8    22    28     393    (-,-) 
  g116447/X                        -       B0->X R     oai22_2x       8 24.0   160   111     504    (-,-) 
  g116420/X                        -       A->X  F     inv_1x         3 11.1    70    72     576    (-,-) 
  g116317/X                        -       A->X  R     nand2_2x       3  9.3    50    50     626    (-,-) 
  g116184/X                        -       A->X  F     nor2_1x        3  9.5    70    70     695    (-,-) 
  g122823/X                        -       A->X  R     nand3_1x       1  3.2    52    50     745    (-,-) 
  g122822/X                        -       B->X  F     nand3_1x       1  3.6    41    52     797    (-,-) 
  g115539/X                        -       C->X  F     ao21_2x        4 12.6    43   107     904    (-,-) 
  g115425/X                        -       A->X  R     aoi21_1x       1  3.5    71    50     954    (-,-) 
  g115375__5115/X                  -       C->X  F     aoi21_1x       1  3.5    36    39     993    (-,-) 
  g115338__6260/X                  -       C->X  R     oai21_1x       1  3.4    64    33    1026    (-,-) 
  g115297__6260/X                  -       B->X  F     aoi21_1x       1  3.7    40    47    1074    (-,-) 
  g115186__6260/X                  -       A->X  R     oai21_1x       1  3.7    57    52    1125    (-,-) 
  g115102__2398/X                  -       A->X  R     ao21_1x        1  6.2    38    68    1193    (-,-) 
  g115056__1617/X                  -       A->X  F     aoi21_2x       2  6.3    52    33    1226    (-,-) 
  g122282/X                        -       A->X  R     inv_1x         1  9.5    53    50    1277    (-,-) 
  g123393/X                        -       A->X  F     nor2_4x        1 16.0    42    45    1322    (-,-) 
  g123392/X                        -       A->X  R     inv_6x        13 43.0    42    40    1362    (-,-) 
  g123391/X                        -       A->X  F     nor2_1x        1  3.6    64    40    1402    (-,-) 
  g114963__8246/X                  -       C->X  R     aoi21_1x       1  3.6    86    64    1466    (-,-) 
  g114876__7410/X                  -       C->X  F     oai21_1x       1  2.7    36    54    1520    (-,-) 
  u_ab_smaller_mantissa_l_reg[6]/D -       -     F     dffrq_1x       1    -     -     0    1520    (-,-) 
#---------------------------------------------------------------------------------------------------------

Capture clock path:
#-----------------------------------------------------------------------------------------------------------
#           Timing Point             Flags   Arc   Edge   Cell     Fanout Load Trans Delay Arrival Instance 
#                                                                         (fF)  (ps)  (ps)   (ps)  Location 
#-----------------------------------------------------------------------------------------------------------
  clk                                (i)     -     R     (arrival)    143  0.0     1     0    1667    (-,-) 
  u_ab_smaller_mantissa_l_reg[6]/CLK <<<     -     R     dffrq_1x     143    -     1     0    1667    (-,-) 
#-----------------------------------------------------------------------------------------------------------



Path 65: MET (4 ps) Setup Check with Pin u_ab_smaller_mantissa_l_reg[10]/CLK->D
           View: view_1p2_25
          Group: clock1
     Startpoint: (R) b[10]
          Clock: (R) clock1
       Endpoint: (F) u_ab_smaller_mantissa_l_reg[10]/D
          Clock: (R) clock1

                     Capture       Launch     
        Clock Edge:+    1667            0     
        Drv Adjust:+       0            4     
       Src Latency:+       0            0     
       Net Latency:+       0 (I)        0 (I) 
           Arrival:=    1667            4     
                                              
             Setup:-     144                  
       Uncertainty:-       0                  
     Required Time:=    1523                  
      Launch Clock:-       4                  
       Input Delay:-       1                  
         Data Path:-    1515                  
             Slack:=       4                  

Exceptions/Constraints:
  input_delay              1              add4_fp16.sdc_line_20_24_1   

#----------------------------------------------------------------------------------------------------------
#           Timing Point            Flags   Arc   Edge   Cell     Fanout Load Trans Delay Arrival Instance 
#                                                                        (fF)  (ps)  (ps)   (ps)  Location 
#----------------------------------------------------------------------------------------------------------
  b[10]                             -       -     R     (arrival)      4 13.6    11     0       4    (-,-) 
  g117896/X                         -       A->X  F     inv_2x         2  8.3    15    18      22    (-,-) 
  g117685/X                         -       A->X  R     nor2_2x        3 11.3    66    50      72    (-,-) 
  g117191/X                         -       B->X  F     nand2_2x       2 12.9    43    56     128    (-,-) 
  g117002/X                         -       A->X  R     nand2_4x       3 17.4    47    42     170    (-,-) 
  g116921/X                         -       A->X  F     oai21_4x       2  7.6    39    30     201    (-,-) 
  g116865/X                         -       A->X  R     nand2_2x       2  8.5    56    40     240    (-,-) 
  g116661/X                         -       A->X  F     nand2_2x       1  9.8    36    41     282    (-,-) 
  g126920/X                         -       A->X  R     nand2_4x       5 27.8    66    51     333    (-,-) 
  fopt124060/X                      -       A->X  R     buf_2x         1 10.9    33    62     395    (-,-) 
  fopt124058/X                      -       A->X  F     inv_4x         6 30.8    28    33     428    (-,-) 
  g116506/X                         -       A->X  R     nand2_2x       1  9.6    51    38     466    (-,-) 
  g116443/X                         -       C->X  F     oai21_4x       5 19.8    60    55     521    (-,-) 
  g116411/X                         -       A->X  R     inv_2x         4 12.2    42    41     562    (-,-) 
  g116022/X                         -       B1->X F     oai22_1x       1  3.7    69    52     614    (-,-) 
  g115768/X                         -       A->X  R     aoi21_1x       2  6.6    88    75     689    (-,-) 
  g115671/X                         -       A->X  R     and2_2x        6 21.6    59    96     784    (-,-) 
  g115639/X                         -       A->X  F     inv_1x         6 24.7    78    79     863    (-,-) 
  g115535/X                         -       A->X  R     oai21_1x       4 12.9   144   117     980    (-,-) 
  g115421/X                         -       B0->X R     oa22_1x        1  3.6    33    93    1073    (-,-) 
  g115186__6260/X                   -       C->X  F     oai21_1x       1  3.7    36    44    1116    (-,-) 
  g115102__2398/X                   -       A->X  F     ao21_1x        1  6.2    36    77    1193    (-,-) 
  g115056__1617/X                   -       A->X  R     aoi21_2x       2  6.3    62    45    1238    (-,-) 
  g115035__3680/X                   -       A->X  R     or2_1x         2  6.8    50    73    1311    (-,-) 
  fopt122278/X                      -       A->X  R     buf_2x         3 17.4    46    67    1378    (-,-) 
  fopt122277/X                      -       A->X  F     inv_4x         8 32.7    32    39    1417    (-,-) 
  g53/X                             -       B0->X R     aoi22_1x       1  3.2    88    58    1475    (-,-) 
  g123024/X                         -       B->X  F     nand2_1x       1  2.7    32    44    1520    (-,-) 
  u_ab_smaller_mantissa_l_reg[10]/D -       -     F     dffrq_1x       1    -     -     0    1520    (-,-) 
#----------------------------------------------------------------------------------------------------------

Capture clock path:
#------------------------------------------------------------------------------------------------------------
#            Timing Point             Flags   Arc   Edge   Cell     Fanout Load Trans Delay Arrival Instance 
#                                                                          (fF)  (ps)  (ps)   (ps)  Location 
#------------------------------------------------------------------------------------------------------------
  clk                                 (i)     -     R     (arrival)    143  0.0     1     0    1667    (-,-) 
  u_ab_smaller_mantissa_l_reg[10]/CLK <<<     -     R     dffrq_1x     143    -     1     0    1667    (-,-) 
#------------------------------------------------------------------------------------------------------------



Path 66: MET (4 ps) Setup Check with Pin u_ab_larger_mantissa_sign_l_reg/CLK->D
           View: view_1p2_25
          Group: clock1
     Startpoint: (R) b[11]
          Clock: (R) clock1
       Endpoint: (F) u_ab_larger_mantissa_sign_l_reg/D
          Clock: (R) clock1

                     Capture       Launch     
        Clock Edge:+    1667            0     
        Drv Adjust:+       0            6     
       Src Latency:+       0            0     
       Net Latency:+       0 (I)        0 (I) 
           Arrival:=    1667            6     
                                              
             Setup:-     145                  
       Uncertainty:-       0                  
     Required Time:=    1522                  
      Launch Clock:-       6                  
       Input Delay:-       1                  
         Data Path:-    1510                  
             Slack:=       4                  

Exceptions/Constraints:
  input_delay              1              add4_fp16.sdc_line_20_23_1   

#----------------------------------------------------------------------------------------------------------
#           Timing Point            Flags   Arc   Edge   Cell     Fanout Load Trans Delay Arrival Instance 
#                                                                        (fF)  (ps)  (ps)   (ps)  Location 
#----------------------------------------------------------------------------------------------------------
  b[11]                             -       -     R     (arrival)      6 21.5    16     0       8    (-,-) 
  g117909/X                         -       A->X  F     inv_2x         1  9.8    18    21      28    (-,-) 
  g117635/X                         -       A->X  R     nand2_4x       1  9.8    29    26      54    (-,-) 
  g117420/X                         -       A->X  F     nand2_4x       3 13.8    27    30      84    (-,-) 
  g117191/X                         -       A->X  R     nand2_2x       2 13.0    59    45     129    (-,-) 
  g117002/X                         -       A->X  F     nand2_4x       3 17.4    36    40     170    (-,-) 
  g116921/X                         -       A->X  R     oai21_4x       2  7.6    46    38     208    (-,-) 
  g116865/X                         -       A->X  F     nand2_2x       2  8.5    50    36     244    (-,-) 
  g116661/X                         -       A->X  R     nand2_2x       1  9.8    46    46     290    (-,-) 
  g126920/X                         -       A->X  F     nand2_4x       5 27.7    50    47     337    (-,-) 
  fopt15/X                          -       A->X  R     inv_2x         2  6.6    29    28     365    (-,-) 
  fopt124061/X                      -       A->X  F     inv_1x         1  5.8    22    28     393    (-,-) 
  g116447/X                         -       B0->X R     oai22_2x       8 24.0   160   111     504    (-,-) 
  g116420/X                         -       A->X  F     inv_1x         3 11.1    70    72     576    (-,-) 
  g116317/X                         -       A->X  R     nand2_2x       3  9.3    50    50     626    (-,-) 
  g116184/X                         -       A->X  F     nor2_1x        3  9.5    70    70     695    (-,-) 
  g122823/X                         -       A->X  R     nand3_1x       1  3.2    52    50     745    (-,-) 
  g122822/X                         -       B->X  F     nand3_1x       1  3.6    41    52     797    (-,-) 
  g115539/X                         -       C->X  F     ao21_2x        4 12.6    43   107     904    (-,-) 
  g115425/X                         -       A->X  R     aoi21_1x       1  3.5    71    50     954    (-,-) 
  g115375__5115/X                   -       C->X  F     aoi21_1x       1  3.5    36    39     993    (-,-) 
  g115338__6260/X                   -       C->X  R     oai21_1x       1  3.4    64    33    1026    (-,-) 
  g115297__6260/X                   -       B->X  F     aoi21_1x       1  3.7    40    47    1074    (-,-) 
  g115186__6260/X                   -       A->X  R     oai21_1x       1  3.7    57    52    1125    (-,-) 
  g115102__2398/X                   -       A->X  R     ao21_1x        1  6.2    38    68    1193    (-,-) 
  g115056__1617/X                   -       A->X  F     aoi21_2x       2  6.3    52    33    1226    (-,-) 
  g122282/X                         -       A->X  R     inv_1x         1  9.5    53    50    1277    (-,-) 
  g123393/X                         -       A->X  F     nor2_4x        1 16.0    42    45    1322    (-,-) 
  g123392/X                         -       A->X  R     inv_6x        13 43.0    42    40    1362    (-,-) 
  g122280/X                         -       A->X  F     inv_2x         8 25.7    43    47    1409    (-,-) 
  g114958__1705/X                   -       A1->X R     aoi22_1x       1  3.6    84    54    1463    (-,-) 
  g114869__6161/X                   -       C->X  F     oai21_1x       1  2.7    64    54    1517    (-,-) 
  u_ab_larger_mantissa_sign_l_reg/D -       -     F     dffrq_1x       1    -     -     0    1517    (-,-) 
#----------------------------------------------------------------------------------------------------------

Capture clock path:
#------------------------------------------------------------------------------------------------------------
#            Timing Point             Flags   Arc   Edge   Cell     Fanout Load Trans Delay Arrival Instance 
#                                                                          (fF)  (ps)  (ps)   (ps)  Location 
#------------------------------------------------------------------------------------------------------------
  clk                                 (i)     -     R     (arrival)    143  0.0     1     0    1667    (-,-) 
  u_ab_larger_mantissa_sign_l_reg/CLK <<<     -     R     dffrq_1x     143    -     1     0    1667    (-,-) 
#------------------------------------------------------------------------------------------------------------



Path 67: MET (5 ps) Late External Delay Assertion at pin fp_out[13]
           View: view_1p2_25
          Group: clock1
     Startpoint: (R) u_sum_smaller_mantissa_l_reg[1]/CLK
          Clock: (R) clock1
       Endpoint: (F) fp_out[13]
          Clock: (R) clock1

                     Capture       Launch     
        Clock Edge:+    1667            0     
       Src Latency:+       0            0     
       Net Latency:+       0 (I)        0 (I) 
           Arrival:=    1667            0     
                                              
      Output Delay:-       1                  
       Uncertainty:-       0                  
     Required Time:=    1666                  
      Launch Clock:-       0                  
         Data Path:-    1661                  
             Slack:=       5                  

Exceptions/Constraints:
  output_delay              1              add4_fp16.sdc_line_21_67_1   

Launch clock path:
#------------------------------------------------------------------------------------------------------------
#            Timing Point             Flags   Arc   Edge   Cell     Fanout Load Trans Delay Arrival Instance 
#                                                                          (fF)  (ps)  (ps)   (ps)  Location 
#------------------------------------------------------------------------------------------------------------
  clk                                 (i)     -     R     (arrival)    143  0.0     1     0       0    (-,-) 
  u_sum_smaller_mantissa_l_reg[1]/CLK <<<     -     R     dffrq_1x     143    -     1     0       0    (-,-) 
#------------------------------------------------------------------------------------------------------------

#-------------------------------------------------------------------------------------------------------------
#            Timing Point             Flags    Arc   Edge   Cell     Fanout Load Trans Delay Arrival Instance 
#                                                                           (fF)  (ps)  (ps)   (ps)  Location 
#-------------------------------------------------------------------------------------------------------------
  u_sum_smaller_mantissa_l_reg[1]/CLK -       -      R     (arrival)    143    -     1     0       0    (-,-) 
  u_sum_smaller_mantissa_l_reg[1]/Q   -       CLK->Q R     dffrq_1x       4 11.6    70   194     194    (-,-) 
  g123548/X                           -       B->X   R     or2_1x         2  8.4    47    84     278    (-,-) 
  g123547/X                           -       B->X   F     nand2_2x       1  5.3    32    36     314    (-,-) 
  g126208/X                           -       A->X   R     nand2_2x       3 17.2    71    56     369    (-,-) 
  g126211/X                           -       B->X   F     aoi21_4x       3 15.4    37    51     420    (-,-) 
  g126613/X                           -       B->X   R     nand2_4x       1  9.8    32    35     455    (-,-) 
  g126073/X                           -       A->X   F     nand2_4x       3 11.5    31    28     483    (-,-) 
  g122340/X                           -       A->X   R     nor2_2x        1  6.2    43    38     522    (-,-) 
  g122339/X                           -       A->X   F     oai21_2x       2 14.2    52    49     571    (-,-) 
  g116261/X                           -       A->X   R     aoi21_4x       3 14.3    66    52     623    (-,-) 
  g126207/X                           -       A->X   F     aoi21_2x       2  6.9    57    41     664    (-,-) 
  g122495/X                           -       A->X   R     aoi21_1x       1  6.2    84    70     734    (-,-) 
  g123505/X                           -       A->X   F     oai21_2x       2  6.5    39    43     777    (-,-) 
  g123507/X                           -       A->X   R     inv_1x         1  5.3    34    34     811    (-,-) 
  g123506/X                           -       A->X   F     nand2_2x       1  5.1    26    26     837    (-,-) 
  g124109/X                           -       B->X   R     nand2_2x       3 11.3    51    44     882    (-,-) 
  g123509/X                           -       A->X   F     inv_1x         3 11.2    40    47     928    (-,-) 
  g115344__126579/X                   -       A->X   F     oa21_2x        3 14.6    44    98    1027    (-,-) 
  g115296__5107/X                     -       A->X   R     oai21_2x       1  5.1    66    43    1070    (-,-) 
  g115253__1666/X                     -       C->X   F     aoi21_2x       2 11.5    62    68    1138    (-,-) 
  g122727/X                           -       A->X   R     oai21_2x       2  8.7    78    59    1197    (-,-) 
  g122726/X                           -       A->X   F     xnor2_1x       1  3.6    41    52    1249    (-,-) 
  g114987__126392/X                   -       A1->X  F     oa22_2x        2  7.5    39    94    1343    (-,-) 
  g114927__6417/X                     -       A->X   R     nand3_2x       1 11.0    64    50    1393    (-,-) 
  g114774__9945/X                     -       A->X   F     oai21_4x       3 14.9    40    42    1435    (-,-) 
  g114760/X                           -       A->X   F     buf_1x         1  3.4    24    60    1495    (-,-) 
  g124045/X                           -       A->X   R     nor2_1x        5 15.3   164   112    1607    (-,-) 
  g123671/X                           -       C->X   F     nand3_1x       1  0.9    40    54    1661    (-,-) 
  fp_out[13]                          -       -      F     (port)         -    -     -     0    1661    (-,-) 
#-------------------------------------------------------------------------------------------------------------



Path 68: MET (6 ps) Late External Delay Assertion at pin fp_out[14]
           View: view_1p2_25
          Group: clock1
     Startpoint: (R) u_sum_smaller_mantissa_l_reg[1]/CLK
          Clock: (R) clock1
       Endpoint: (F) fp_out[14]
          Clock: (R) clock1

                     Capture       Launch     
        Clock Edge:+    1667            0     
       Src Latency:+       0            0     
       Net Latency:+       0 (I)        0 (I) 
           Arrival:=    1667            0     
                                              
      Output Delay:-       1                  
       Uncertainty:-       0                  
     Required Time:=    1666                  
      Launch Clock:-       0                  
         Data Path:-    1660                  
             Slack:=       6                  

Exceptions/Constraints:
  output_delay              1              add4_fp16.sdc_line_21_66_1   

Launch clock path:
#------------------------------------------------------------------------------------------------------------
#            Timing Point             Flags   Arc   Edge   Cell     Fanout Load Trans Delay Arrival Instance 
#                                                                          (fF)  (ps)  (ps)   (ps)  Location 
#------------------------------------------------------------------------------------------------------------
  clk                                 (i)     -     R     (arrival)    143  0.0     1     0       0    (-,-) 
  u_sum_smaller_mantissa_l_reg[1]/CLK <<<     -     R     dffrq_1x     143    -     1     0       0    (-,-) 
#------------------------------------------------------------------------------------------------------------

#-------------------------------------------------------------------------------------------------------------
#            Timing Point             Flags    Arc   Edge   Cell     Fanout Load Trans Delay Arrival Instance 
#                                                                           (fF)  (ps)  (ps)   (ps)  Location 
#-------------------------------------------------------------------------------------------------------------
  u_sum_smaller_mantissa_l_reg[1]/CLK -       -      R     (arrival)    143    -     1     0       0    (-,-) 
  u_sum_smaller_mantissa_l_reg[1]/Q   -       CLK->Q R     dffrq_1x       4 11.6    70   194     194    (-,-) 
  g123548/X                           -       B->X   R     or2_1x         2  8.4    47    84     278    (-,-) 
  g123547/X                           -       B->X   F     nand2_2x       1  5.3    32    36     314    (-,-) 
  g126208/X                           -       A->X   R     nand2_2x       3 17.2    71    56     369    (-,-) 
  g126211/X                           -       B->X   F     aoi21_4x       3 15.4    37    51     420    (-,-) 
  g126613/X                           -       B->X   R     nand2_4x       1  9.8    32    35     455    (-,-) 
  g126073/X                           -       A->X   F     nand2_4x       3 11.5    31    28     483    (-,-) 
  g122340/X                           -       A->X   R     nor2_2x        1  6.2    43    38     522    (-,-) 
  g122339/X                           -       A->X   F     oai21_2x       2 14.2    52    49     571    (-,-) 
  g116261/X                           -       A->X   R     aoi21_4x       3 14.3    66    52     623    (-,-) 
  g126207/X                           -       A->X   F     aoi21_2x       2  6.9    57    41     664    (-,-) 
  g122495/X                           -       A->X   R     aoi21_1x       1  6.2    84    70     734    (-,-) 
  g123505/X                           -       A->X   F     oai21_2x       2  6.5    39    43     777    (-,-) 
  g123507/X                           -       A->X   R     inv_1x         1  5.3    34    34     811    (-,-) 
  g123506/X                           -       A->X   F     nand2_2x       1  5.1    26    26     837    (-,-) 
  g124109/X                           -       B->X   R     nand2_2x       3 11.3    51    44     882    (-,-) 
  g123509/X                           -       A->X   F     inv_1x         3 11.2    40    47     928    (-,-) 
  g115344__126579/X                   -       A->X   F     oa21_2x        3 14.6    44    98    1027    (-,-) 
  g115296__5107/X                     -       A->X   R     oai21_2x       1  5.1    66    43    1070    (-,-) 
  g115253__1666/X                     -       C->X   F     aoi21_2x       2 11.5    62    68    1138    (-,-) 
  g122727/X                           -       A->X   R     oai21_2x       2  8.7    78    59    1197    (-,-) 
  g122726/X                           -       A->X   F     xnor2_1x       1  3.6    41    52    1249    (-,-) 
  g114987__126392/X                   -       A1->X  F     oa22_2x        2  7.5    39    94    1343    (-,-) 
  g114927__6417/X                     -       A->X   R     nand3_2x       1 11.0    64    50    1393    (-,-) 
  g114774__9945/X                     -       A->X   F     oai21_4x       3 14.9    40    42    1435    (-,-) 
  g114760/X                           -       A->X   F     buf_1x         1  3.4    24    60    1495    (-,-) 
  g124045/X                           -       A->X   R     nor2_1x        5 15.3   164   112    1607    (-,-) 
  g124046/X                           -       B->X   F     nand3_1x       1  0.9    45    53    1660    (-,-) 
  fp_out[14]                          -       -      F     (port)         -    -     -     0    1660    (-,-) 
#-------------------------------------------------------------------------------------------------------------



Path 69: MET (6 ps) Setup Check with Pin u_ab_larger_mantissa_l_reg[7]/CLK->D
           View: view_1p2_25
          Group: clock1
     Startpoint: (R) b[11]
          Clock: (R) clock1
       Endpoint: (F) u_ab_larger_mantissa_l_reg[7]/D
          Clock: (R) clock1

                     Capture       Launch     
        Clock Edge:+    1667            0     
        Drv Adjust:+       0            6     
       Src Latency:+       0            0     
       Net Latency:+       0 (I)        0 (I) 
           Arrival:=    1667            6     
                                              
             Setup:-     144                  
       Uncertainty:-       0                  
     Required Time:=    1523                  
      Launch Clock:-       6                  
       Input Delay:-       1                  
         Data Path:-    1510                  
             Slack:=       6                  

Exceptions/Constraints:
  input_delay              1              add4_fp16.sdc_line_20_23_1   

#--------------------------------------------------------------------------------------------------------
#          Timing Point           Flags   Arc   Edge   Cell     Fanout Load Trans Delay Arrival Instance 
#                                                                      (fF)  (ps)  (ps)   (ps)  Location 
#--------------------------------------------------------------------------------------------------------
  b[11]                           -       -     R     (arrival)      6 21.5    16     0       8    (-,-) 
  g117909/X                       -       A->X  F     inv_2x         1  9.8    18    21      28    (-,-) 
  g117635/X                       -       A->X  R     nand2_4x       1  9.8    29    26      54    (-,-) 
  g117420/X                       -       A->X  F     nand2_4x       3 13.8    27    30      84    (-,-) 
  g117191/X                       -       A->X  R     nand2_2x       2 13.0    59    45     129    (-,-) 
  g117002/X                       -       A->X  F     nand2_4x       3 17.4    36    40     170    (-,-) 
  g116921/X                       -       A->X  R     oai21_4x       2  7.6    46    38     208    (-,-) 
  g116865/X                       -       A->X  F     nand2_2x       2  8.5    50    36     244    (-,-) 
  g116661/X                       -       A->X  R     nand2_2x       1  9.8    46    46     290    (-,-) 
  g126920/X                       -       A->X  F     nand2_4x       5 27.7    50    47     337    (-,-) 
  fopt15/X                        -       A->X  R     inv_2x         2  6.6    29    28     365    (-,-) 
  fopt124061/X                    -       A->X  F     inv_1x         1  5.8    22    28     393    (-,-) 
  g116447/X                       -       B0->X R     oai22_2x       8 24.0   160   111     504    (-,-) 
  g116420/X                       -       A->X  F     inv_1x         3 11.1    70    72     576    (-,-) 
  g116317/X                       -       A->X  R     nand2_2x       3  9.3    50    50     626    (-,-) 
  g116184/X                       -       A->X  F     nor2_1x        3  9.5    70    70     695    (-,-) 
  g122823/X                       -       A->X  R     nand3_1x       1  3.2    52    50     745    (-,-) 
  g122822/X                       -       B->X  F     nand3_1x       1  3.6    41    52     797    (-,-) 
  g115539/X                       -       C->X  F     ao21_2x        4 12.6    43   107     904    (-,-) 
  g115425/X                       -       A->X  R     aoi21_1x       1  3.5    71    50     954    (-,-) 
  g115375__5115/X                 -       C->X  F     aoi21_1x       1  3.5    36    39     993    (-,-) 
  g115338__6260/X                 -       C->X  R     oai21_1x       1  3.4    64    33    1026    (-,-) 
  g115297__6260/X                 -       B->X  F     aoi21_1x       1  3.7    40    47    1074    (-,-) 
  g115186__6260/X                 -       A->X  R     oai21_1x       1  3.7    57    52    1125    (-,-) 
  g115102__2398/X                 -       A->X  R     ao21_1x        1  6.2    38    68    1193    (-,-) 
  g115056__1617/X                 -       A->X  F     aoi21_2x       2  6.3    52    33    1226    (-,-) 
  g122282/X                       -       A->X  R     inv_1x         1  9.5    53    50    1277    (-,-) 
  g123393/X                       -       A->X  F     nor2_4x        1 16.0    42    45    1322    (-,-) 
  g123392/X                       -       A->X  R     inv_6x        13 43.0    42    40    1362    (-,-) 
  g122280/X                       -       A->X  F     inv_2x         8 25.7    43    47    1409    (-,-) 
  g114953__1617/X                 -       A1->X R     aoi22_1x       1  3.6    84    54    1463    (-,-) 
  g114848__5115/X                 -       C->X  F     oai21_1x       1  2.7    59    54    1517    (-,-) 
  u_ab_larger_mantissa_l_reg[7]/D -       -     F     dffrq_1x       1    -     -     0    1517    (-,-) 
#--------------------------------------------------------------------------------------------------------

Capture clock path:
#----------------------------------------------------------------------------------------------------------
#           Timing Point            Flags   Arc   Edge   Cell     Fanout Load Trans Delay Arrival Instance 
#                                                                        (fF)  (ps)  (ps)   (ps)  Location 
#----------------------------------------------------------------------------------------------------------
  clk                               (i)     -     R     (arrival)    143  0.0     1     0    1667    (-,-) 
  u_ab_larger_mantissa_l_reg[7]/CLK <<<     -     R     dffrq_1x     143    -     1     0    1667    (-,-) 
#----------------------------------------------------------------------------------------------------------



Path 70: MET (6 ps) Setup Check with Pin u_ab_larger_mantissa_l_reg[4]/CLK->D
           View: view_1p2_25
          Group: clock1
     Startpoint: (R) b[11]
          Clock: (R) clock1
       Endpoint: (F) u_ab_larger_mantissa_l_reg[4]/D
          Clock: (R) clock1

                     Capture       Launch     
        Clock Edge:+    1667            0     
        Drv Adjust:+       0            6     
       Src Latency:+       0            0     
       Net Latency:+       0 (I)        0 (I) 
           Arrival:=    1667            6     
                                              
             Setup:-     144                  
       Uncertainty:-       0                  
     Required Time:=    1523                  
      Launch Clock:-       6                  
       Input Delay:-       1                  
         Data Path:-    1510                  
             Slack:=       6                  

Exceptions/Constraints:
  input_delay              1              add4_fp16.sdc_line_20_23_1   

#--------------------------------------------------------------------------------------------------------
#          Timing Point           Flags   Arc   Edge   Cell     Fanout Load Trans Delay Arrival Instance 
#                                                                      (fF)  (ps)  (ps)   (ps)  Location 
#--------------------------------------------------------------------------------------------------------
  b[11]                           -       -     R     (arrival)      6 21.5    16     0       8    (-,-) 
  g117909/X                       -       A->X  F     inv_2x         1  9.8    18    21      28    (-,-) 
  g117635/X                       -       A->X  R     nand2_4x       1  9.8    29    26      54    (-,-) 
  g117420/X                       -       A->X  F     nand2_4x       3 13.8    27    30      84    (-,-) 
  g117191/X                       -       A->X  R     nand2_2x       2 13.0    59    45     129    (-,-) 
  g117002/X                       -       A->X  F     nand2_4x       3 17.4    36    40     170    (-,-) 
  g116921/X                       -       A->X  R     oai21_4x       2  7.6    46    38     208    (-,-) 
  g116865/X                       -       A->X  F     nand2_2x       2  8.5    50    36     244    (-,-) 
  g116661/X                       -       A->X  R     nand2_2x       1  9.8    46    46     290    (-,-) 
  g126920/X                       -       A->X  F     nand2_4x       5 27.7    50    47     337    (-,-) 
  fopt15/X                        -       A->X  R     inv_2x         2  6.6    29    28     365    (-,-) 
  fopt124061/X                    -       A->X  F     inv_1x         1  5.8    22    28     393    (-,-) 
  g116447/X                       -       B0->X R     oai22_2x       8 24.0   160   111     504    (-,-) 
  g116420/X                       -       A->X  F     inv_1x         3 11.1    70    72     576    (-,-) 
  g116317/X                       -       A->X  R     nand2_2x       3  9.3    50    50     626    (-,-) 
  g116184/X                       -       A->X  F     nor2_1x        3  9.5    70    70     695    (-,-) 
  g122823/X                       -       A->X  R     nand3_1x       1  3.2    52    50     745    (-,-) 
  g122822/X                       -       B->X  F     nand3_1x       1  3.6    41    52     797    (-,-) 
  g115539/X                       -       C->X  F     ao21_2x        4 12.6    43   107     904    (-,-) 
  g115425/X                       -       A->X  R     aoi21_1x       1  3.5    71    50     954    (-,-) 
  g115375__5115/X                 -       C->X  F     aoi21_1x       1  3.5    36    39     993    (-,-) 
  g115338__6260/X                 -       C->X  R     oai21_1x       1  3.4    64    33    1026    (-,-) 
  g115297__6260/X                 -       B->X  F     aoi21_1x       1  3.7    40    47    1074    (-,-) 
  g115186__6260/X                 -       A->X  R     oai21_1x       1  3.7    57    52    1125    (-,-) 
  g115102__2398/X                 -       A->X  R     ao21_1x        1  6.2    38    68    1193    (-,-) 
  g115056__1617/X                 -       A->X  F     aoi21_2x       2  6.3    52    33    1226    (-,-) 
  g122282/X                       -       A->X  R     inv_1x         1  9.5    53    50    1277    (-,-) 
  g123393/X                       -       A->X  F     nor2_4x        1 16.0    42    45    1322    (-,-) 
  g123392/X                       -       A->X  R     inv_6x        13 43.0    42    40    1362    (-,-) 
  g122280/X                       -       A->X  F     inv_2x         8 25.7    43    47    1409    (-,-) 
  g114950__6783/X                 -       A1->X R     aoi22_1x       1  3.6    84    54    1463    (-,-) 
  g114882__9945/X                 -       C->X  F     oai21_1x       1  2.7    59    54    1517    (-,-) 
  u_ab_larger_mantissa_l_reg[4]/D -       -     F     dffrq_1x       1    -     -     0    1517    (-,-) 
#--------------------------------------------------------------------------------------------------------

Capture clock path:
#----------------------------------------------------------------------------------------------------------
#           Timing Point            Flags   Arc   Edge   Cell     Fanout Load Trans Delay Arrival Instance 
#                                                                        (fF)  (ps)  (ps)   (ps)  Location 
#----------------------------------------------------------------------------------------------------------
  clk                               (i)     -     R     (arrival)    143  0.0     1     0    1667    (-,-) 
  u_ab_larger_mantissa_l_reg[4]/CLK <<<     -     R     dffrq_1x     143    -     1     0    1667    (-,-) 
#----------------------------------------------------------------------------------------------------------



Path 71: MET (6 ps) Setup Check with Pin u_ab_larger_mantissa_l_reg[6]/CLK->D
           View: view_1p2_25
          Group: clock1
     Startpoint: (R) b[11]
          Clock: (R) clock1
       Endpoint: (F) u_ab_larger_mantissa_l_reg[6]/D
          Clock: (R) clock1

                     Capture       Launch     
        Clock Edge:+    1667            0     
        Drv Adjust:+       0            6     
       Src Latency:+       0            0     
       Net Latency:+       0 (I)        0 (I) 
           Arrival:=    1667            6     
                                              
             Setup:-     144                  
       Uncertainty:-       0                  
     Required Time:=    1523                  
      Launch Clock:-       6                  
       Input Delay:-       1                  
         Data Path:-    1510                  
             Slack:=       6                  

Exceptions/Constraints:
  input_delay              1              add4_fp16.sdc_line_20_23_1   

#--------------------------------------------------------------------------------------------------------
#          Timing Point           Flags   Arc   Edge   Cell     Fanout Load Trans Delay Arrival Instance 
#                                                                      (fF)  (ps)  (ps)   (ps)  Location 
#--------------------------------------------------------------------------------------------------------
  b[11]                           -       -     R     (arrival)      6 21.5    16     0       8    (-,-) 
  g117909/X                       -       A->X  F     inv_2x         1  9.8    18    21      28    (-,-) 
  g117635/X                       -       A->X  R     nand2_4x       1  9.8    29    26      54    (-,-) 
  g117420/X                       -       A->X  F     nand2_4x       3 13.8    27    30      84    (-,-) 
  g117191/X                       -       A->X  R     nand2_2x       2 13.0    59    45     129    (-,-) 
  g117002/X                       -       A->X  F     nand2_4x       3 17.4    36    40     170    (-,-) 
  g116921/X                       -       A->X  R     oai21_4x       2  7.6    46    38     208    (-,-) 
  g116865/X                       -       A->X  F     nand2_2x       2  8.5    50    36     244    (-,-) 
  g116661/X                       -       A->X  R     nand2_2x       1  9.8    46    46     290    (-,-) 
  g126920/X                       -       A->X  F     nand2_4x       5 27.7    50    47     337    (-,-) 
  fopt15/X                        -       A->X  R     inv_2x         2  6.6    29    28     365    (-,-) 
  fopt124061/X                    -       A->X  F     inv_1x         1  5.8    22    28     393    (-,-) 
  g116447/X                       -       B0->X R     oai22_2x       8 24.0   160   111     504    (-,-) 
  g116420/X                       -       A->X  F     inv_1x         3 11.1    70    72     576    (-,-) 
  g116317/X                       -       A->X  R     nand2_2x       3  9.3    50    50     626    (-,-) 
  g116184/X                       -       A->X  F     nor2_1x        3  9.5    70    70     695    (-,-) 
  g122823/X                       -       A->X  R     nand3_1x       1  3.2    52    50     745    (-,-) 
  g122822/X                       -       B->X  F     nand3_1x       1  3.6    41    52     797    (-,-) 
  g115539/X                       -       C->X  F     ao21_2x        4 12.6    43   107     904    (-,-) 
  g115425/X                       -       A->X  R     aoi21_1x       1  3.5    71    50     954    (-,-) 
  g115375__5115/X                 -       C->X  F     aoi21_1x       1  3.5    36    39     993    (-,-) 
  g115338__6260/X                 -       C->X  R     oai21_1x       1  3.4    64    33    1026    (-,-) 
  g115297__6260/X                 -       B->X  F     aoi21_1x       1  3.7    40    47    1074    (-,-) 
  g115186__6260/X                 -       A->X  R     oai21_1x       1  3.7    57    52    1125    (-,-) 
  g115102__2398/X                 -       A->X  R     ao21_1x        1  6.2    38    68    1193    (-,-) 
  g115056__1617/X                 -       A->X  F     aoi21_2x       2  6.3    52    33    1226    (-,-) 
  g122282/X                       -       A->X  R     inv_1x         1  9.5    53    50    1277    (-,-) 
  g123393/X                       -       A->X  F     nor2_4x        1 16.0    42    45    1322    (-,-) 
  g123392/X                       -       A->X  R     inv_6x        13 43.0    42    40    1362    (-,-) 
  g122280/X                       -       A->X  F     inv_2x         8 25.7    43    47    1409    (-,-) 
  g114952__3680/X                 -       A1->X R     aoi22_1x       1  3.6    84    54    1463    (-,-) 
  g114854__7482/X                 -       C->X  F     oai21_1x       1  2.7    59    54    1517    (-,-) 
  u_ab_larger_mantissa_l_reg[6]/D -       -     F     dffrq_1x       1    -     -     0    1517    (-,-) 
#--------------------------------------------------------------------------------------------------------

Capture clock path:
#----------------------------------------------------------------------------------------------------------
#           Timing Point            Flags   Arc   Edge   Cell     Fanout Load Trans Delay Arrival Instance 
#                                                                        (fF)  (ps)  (ps)   (ps)  Location 
#----------------------------------------------------------------------------------------------------------
  clk                               (i)     -     R     (arrival)    143  0.0     1     0    1667    (-,-) 
  u_ab_larger_mantissa_l_reg[6]/CLK <<<     -     R     dffrq_1x     143    -     1     0    1667    (-,-) 
#----------------------------------------------------------------------------------------------------------



Path 72: MET (6 ps) Setup Check with Pin u_ab_larger_mantissa_l_reg[2]/CLK->D
           View: view_1p2_25
          Group: clock1
     Startpoint: (R) b[11]
          Clock: (R) clock1
       Endpoint: (F) u_ab_larger_mantissa_l_reg[2]/D
          Clock: (R) clock1

                     Capture       Launch     
        Clock Edge:+    1667            0     
        Drv Adjust:+       0            6     
       Src Latency:+       0            0     
       Net Latency:+       0 (I)        0 (I) 
           Arrival:=    1667            6     
                                              
             Setup:-     143                  
       Uncertainty:-       0                  
     Required Time:=    1523                  
      Launch Clock:-       6                  
       Input Delay:-       1                  
         Data Path:-    1510                  
             Slack:=       6                  

Exceptions/Constraints:
  input_delay              1              add4_fp16.sdc_line_20_23_1   

#--------------------------------------------------------------------------------------------------------
#          Timing Point           Flags   Arc   Edge   Cell     Fanout Load Trans Delay Arrival Instance 
#                                                                      (fF)  (ps)  (ps)   (ps)  Location 
#--------------------------------------------------------------------------------------------------------
  b[11]                           -       -     R     (arrival)      6 21.5    16     0       8    (-,-) 
  g117909/X                       -       A->X  F     inv_2x         1  9.8    18    21      28    (-,-) 
  g117635/X                       -       A->X  R     nand2_4x       1  9.8    29    26      54    (-,-) 
  g117420/X                       -       A->X  F     nand2_4x       3 13.8    27    30      84    (-,-) 
  g117191/X                       -       A->X  R     nand2_2x       2 13.0    59    45     129    (-,-) 
  g117002/X                       -       A->X  F     nand2_4x       3 17.4    36    40     170    (-,-) 
  g116921/X                       -       A->X  R     oai21_4x       2  7.6    46    38     208    (-,-) 
  g116865/X                       -       A->X  F     nand2_2x       2  8.5    50    36     244    (-,-) 
  g116661/X                       -       A->X  R     nand2_2x       1  9.8    46    46     290    (-,-) 
  g126920/X                       -       A->X  F     nand2_4x       5 27.7    50    47     337    (-,-) 
  fopt15/X                        -       A->X  R     inv_2x         2  6.6    29    28     365    (-,-) 
  fopt124061/X                    -       A->X  F     inv_1x         1  5.8    22    28     393    (-,-) 
  g116447/X                       -       B0->X R     oai22_2x       8 24.0   160   111     504    (-,-) 
  g116420/X                       -       A->X  F     inv_1x         3 11.1    70    72     576    (-,-) 
  g116317/X                       -       A->X  R     nand2_2x       3  9.3    50    50     626    (-,-) 
  g116184/X                       -       A->X  F     nor2_1x        3  9.5    70    70     695    (-,-) 
  g122823/X                       -       A->X  R     nand3_1x       1  3.2    52    50     745    (-,-) 
  g122822/X                       -       B->X  F     nand3_1x       1  3.6    41    52     797    (-,-) 
  g115539/X                       -       C->X  F     ao21_2x        4 12.6    43   107     904    (-,-) 
  g115425/X                       -       A->X  R     aoi21_1x       1  3.5    71    50     954    (-,-) 
  g115375__5115/X                 -       C->X  F     aoi21_1x       1  3.5    36    39     993    (-,-) 
  g115338__6260/X                 -       C->X  R     oai21_1x       1  3.4    64    33    1026    (-,-) 
  g115297__6260/X                 -       B->X  F     aoi21_1x       1  3.7    40    47    1074    (-,-) 
  g115186__6260/X                 -       A->X  R     oai21_1x       1  3.7    57    52    1125    (-,-) 
  g115102__2398/X                 -       A->X  R     ao21_1x        1  6.2    38    68    1193    (-,-) 
  g115056__1617/X                 -       A->X  F     aoi21_2x       2  6.3    52    33    1226    (-,-) 
  g122282/X                       -       A->X  R     inv_1x         1  9.5    53    50    1277    (-,-) 
  g123393/X                       -       A->X  F     nor2_4x        1 16.0    42    45    1322    (-,-) 
  g123392/X                       -       A->X  R     inv_6x        13 43.0    42    40    1362    (-,-) 
  g122280/X                       -       A->X  F     inv_2x         8 25.7    43    47    1409    (-,-) 
  g114948__5526/X                 -       A1->X R     aoi22_1x       1  3.6    84    54    1463    (-,-) 
  g114870__9315/X                 -       C->X  F     oai21_1x       1  2.7    58    54    1517    (-,-) 
  u_ab_larger_mantissa_l_reg[2]/D -       -     F     dffrq_1x       1    -     -     0    1517    (-,-) 
#--------------------------------------------------------------------------------------------------------

Capture clock path:
#----------------------------------------------------------------------------------------------------------
#           Timing Point            Flags   Arc   Edge   Cell     Fanout Load Trans Delay Arrival Instance 
#                                                                        (fF)  (ps)  (ps)   (ps)  Location 
#----------------------------------------------------------------------------------------------------------
  clk                               (i)     -     R     (arrival)    143  0.0     1     0    1667    (-,-) 
  u_ab_larger_mantissa_l_reg[2]/CLK <<<     -     R     dffrq_1x     143    -     1     0    1667    (-,-) 
#----------------------------------------------------------------------------------------------------------



Path 73: MET (8 ps) Setup Check with Pin u_ab_sub_has_lost_sticky_l_reg/CLK->D
           View: view_1p2_25
          Group: clock1
     Startpoint: (R) b[10]
          Clock: (R) clock1
       Endpoint: (F) u_ab_sub_has_lost_sticky_l_reg/D
          Clock: (R) clock1

                     Capture       Launch     
        Clock Edge:+    1667            0     
        Drv Adjust:+       0            4     
       Src Latency:+       0            0     
       Net Latency:+       0 (I)        0 (I) 
           Arrival:=    1667            4     
                                              
             Setup:-     143                  
       Uncertainty:-       0                  
     Required Time:=    1523                  
      Launch Clock:-       4                  
       Input Delay:-       1                  
         Data Path:-    1511                  
             Slack:=       8                  

Exceptions/Constraints:
  input_delay              1              add4_fp16.sdc_line_20_24_1   

#---------------------------------------------------------------------------------------------------------
#          Timing Point            Flags   Arc   Edge   Cell     Fanout Load Trans Delay Arrival Instance 
#                                                                       (fF)  (ps)  (ps)   (ps)  Location 
#---------------------------------------------------------------------------------------------------------
  b[10]                            -       -     R     (arrival)      4 13.6    11     0       4    (-,-) 
  g117896/X                        -       A->X  F     inv_2x         2  8.3    15    18      22    (-,-) 
  g117685/X                        -       A->X  R     nor2_2x        3 11.3    66    50      72    (-,-) 
  g117191/X                        -       B->X  F     nand2_2x       2 12.9    43    56     128    (-,-) 
  g117002/X                        -       A->X  R     nand2_4x       3 17.4    47    42     170    (-,-) 
  g116921/X                        -       A->X  F     oai21_4x       2  7.6    39    30     201    (-,-) 
  g116865/X                        -       A->X  R     nand2_2x       2  8.5    56    40     240    (-,-) 
  g116661/X                        -       A->X  F     nand2_2x       1  9.8    36    41     282    (-,-) 
  g126920/X                        -       A->X  R     nand2_4x       5 27.8    66    51     333    (-,-) 
  fopt124060/X                     -       A->X  R     buf_2x         1 10.9    33    62     395    (-,-) 
  fopt124058/X                     -       A->X  F     inv_4x         6 30.8    28    33     428    (-,-) 
  g116506/X                        -       A->X  R     nand2_2x       1  9.6    51    38     466    (-,-) 
  g116443/X                        -       C->X  F     oai21_4x       5 19.8    60    55     521    (-,-) 
  g116411/X                        -       A->X  R     inv_2x         4 12.2    42    41     562    (-,-) 
  g116022/X                        -       B1->X F     oai22_1x       1  3.7    69    52     614    (-,-) 
  g115768/X                        -       A->X  R     aoi21_1x       2  6.6    88    75     689    (-,-) 
  g115671/X                        -       A->X  R     and2_2x        6 21.6    59    96     784    (-,-) 
  g115639/X                        -       A->X  F     inv_1x         6 24.7    78    79     863    (-,-) 
  g115535/X                        -       A->X  R     oai21_1x       4 12.9   144   117     980    (-,-) 
  g115421/X                        -       B0->X R     oa22_1x        1  3.6    33    93    1073    (-,-) 
  g115186__6260/X                  -       C->X  F     oai21_1x       1  3.7    36    44    1116    (-,-) 
  g115102__2398/X                  -       A->X  F     ao21_1x        1  6.2    36    77    1193    (-,-) 
  g115056__1617/X                  -       A->X  R     aoi21_2x       2  6.3    62    45    1238    (-,-) 
  g115035__3680/X                  -       A->X  R     or2_1x         2  6.8    50    73    1311    (-,-) 
  fopt122279/X                     -       A->X  F     inv_1x         1  9.4    36    42    1353    (-,-) 
  g115005__2883/X                  -       C->X  R     oai21_4x       3  9.1    55    36    1389    (-,-) 
  g114947__5107/X                  -       A->X  F     nor3_1x        1  3.6    43    48    1437    (-,-) 
  g114859__1881/X                  -       C->X  F     ao21_1x        1  2.7    30    79    1516    (-,-) 
  u_ab_sub_has_lost_sticky_l_reg/D -       -     F     dffrq_1x       1    -     -     0    1516    (-,-) 
#---------------------------------------------------------------------------------------------------------

Capture clock path:
#-----------------------------------------------------------------------------------------------------------
#           Timing Point             Flags   Arc   Edge   Cell     Fanout Load Trans Delay Arrival Instance 
#                                                                         (fF)  (ps)  (ps)   (ps)  Location 
#-----------------------------------------------------------------------------------------------------------
  clk                                (i)     -     R     (arrival)    143  0.0     1     0    1667    (-,-) 
  u_ab_sub_has_lost_sticky_l_reg/CLK <<<     -     R     dffrq_1x     143    -     1     0    1667    (-,-) 
#-----------------------------------------------------------------------------------------------------------



Path 74: MET (8 ps) Setup Check with Pin u_cd_larger_mantissa_l_reg[10]/CLK->D
           View: view_1p2_25
          Group: clock1
     Startpoint: (R) c[11]
          Clock: (R) clock1
       Endpoint: (F) u_cd_larger_mantissa_l_reg[10]/D
          Clock: (R) clock1

                     Capture       Launch     
        Clock Edge:+    1667            0     
        Drv Adjust:+       0            9     
       Src Latency:+       0            0     
       Net Latency:+       0 (I)        0 (I) 
           Arrival:=    1667            9     
                                              
             Setup:-     148                  
       Uncertainty:-       0                  
     Required Time:=    1518                  
      Launch Clock:-       9                  
       Input Delay:-       1                  
         Data Path:-    1500                  
             Slack:=       8                  

Exceptions/Constraints:
  input_delay              1              add4_fp16.sdc_line_20_39_1   

#---------------------------------------------------------------------------------------------------------
#          Timing Point            Flags   Arc   Edge   Cell     Fanout Load Trans Delay Arrival Instance 
#                                                                       (fF)  (ps)  (ps)   (ps)  Location 
#---------------------------------------------------------------------------------------------------------
  c[11]                            -       -     R     (arrival)      5 27.9    20     0      10    (-,-) 
  g117645/X                        -       B->X  F     nand2_4x       1  9.4    20    27      37    (-,-) 
  g117425/X                        -       C->X  R     oai21_4x       2 12.1    48    34      71    (-,-) 
  g117190/X                        -       A->X  F     nand2_4x       2 13.0    29    34     104    (-,-) 
  g117000/X                        -       A->X  R     nand2_4x       2 13.0    38    33     137    (-,-) 
  g122881/X                        -       A->X  F     nand2_4x       2 13.3    26    31     168    (-,-) 
  g122885/X                        -       A->X  R     aoi21_4x       2 12.1    56    42     211    (-,-) 
  g122887/X                        -       A->X  F     nand2_4x       1  9.8    28    32     242    (-,-) 
  g116624/X                        -       A->X  R     nand2_4x       2 20.9    49    41     283    (-,-) 
  g116611/X                        -       A->X  F     inv_6x         5 39.5    29    35     319    (-,-) 
  g116614/X                        -       A->X  R     inv_4x         3 17.1    27    28     347    (-,-) 
  g116514/X                        -       A->X  R     and2_2x        5 18.0    55    74     420    (-,-) 
  g116343/X                        -       B0->X R     ao22_1x        3 12.3    66    96     517    (-,-) 
  g116297/X                        -       A->X  F     inv_2x         4 12.8    33    38     555    (-,-) 
  g116014/X                        -       A1->X R     oai22_1x       1  5.2    92    62     618    (-,-) 
  g115877/X                        -       B->X  F     nor2_2x        2  6.7    48    59     676    (-,-) 
  g115665/X                        -       A->X  F     oa21_1x        1  3.3    26    71     747    (-,-) 
  g115587/X                        -       A->X  R     nand2_1x       1  5.1    48    40     787    (-,-) 
  g115484/X                        -       C->X  F     aoi21_2x       3  9.6    54    58     845    (-,-) 
  g115376/X                        -       C->X  R     oai21_1x       1  5.2    71    45     890    (-,-) 
  g115321__2802/X                  -       A->X  F     nand3_2x       2  6.5    44    46     936    (-,-) 
  g115314/X                        -       A->X  R     inv_1x         1  3.4    28    28     964    (-,-) 
  g115298__2398/X                  -       A->X  F     nor3_1x        1  3.4    70    38    1002    (-,-) 
  g115137__5122/X                  -       B->X  R     oai21_1x       1  3.7    61    58    1060    (-,-) 
  g115079__6783/X                  -       A->X  F     aoi21_1x       1  3.7    35    42    1102    (-,-) 
  g115029__7482/X                  -       A->X  R     oai21_1x       1  3.6    59    50    1152    (-,-) 
  g114992__2346/X                  -       C->X  F     oai21_1x       1  6.2    73    61    1213    (-,-) 
  g114885__2802/X                  -       A->X  R     aoi21_2x       2  8.0    66    59    1272    (-,-) 
  g114813__5477/X                  -       A->X  R     or2_2x         4 21.9    69    99    1371    (-,-) 
  fopt122271/X                     -       A->X  F     inv_2x         3 21.9    44    51    1422    (-,-) 
  fopt122268/X                     -       A->X  R     inv_6x        20 64.9    57    51    1474    (-,-) 
  g114693__8428/X                  -       A->X  F     oai21_1x       1  2.7    78    36    1510    (-,-) 
  u_cd_larger_mantissa_l_reg[10]/D -       -     F     dffrq_1x       1    -     -     0    1510    (-,-) 
#---------------------------------------------------------------------------------------------------------

Capture clock path:
#-----------------------------------------------------------------------------------------------------------
#           Timing Point             Flags   Arc   Edge   Cell     Fanout Load Trans Delay Arrival Instance 
#                                                                         (fF)  (ps)  (ps)   (ps)  Location 
#-----------------------------------------------------------------------------------------------------------
  clk                                (i)     -     R     (arrival)    143  0.0     1     0    1667    (-,-) 
  u_cd_larger_mantissa_l_reg[10]/CLK <<<     -     R     dffrq_1x     143    -     1     0    1667    (-,-) 
#-----------------------------------------------------------------------------------------------------------



Path 75: MET (8 ps) Setup Check with Pin u_ab_larger_mantissa_l_reg[8]/CLK->D
           View: view_1p2_25
          Group: clock1
     Startpoint: (R) b[11]
          Clock: (R) clock1
       Endpoint: (F) u_ab_larger_mantissa_l_reg[8]/D
          Clock: (R) clock1

                     Capture       Launch     
        Clock Edge:+    1667            0     
        Drv Adjust:+       0            6     
       Src Latency:+       0            0     
       Net Latency:+       0 (I)        0 (I) 
           Arrival:=    1667            6     
                                              
             Setup:-     143                  
       Uncertainty:-       0                  
     Required Time:=    1523                  
      Launch Clock:-       6                  
       Input Delay:-       1                  
         Data Path:-    1508                  
             Slack:=       8                  

Exceptions/Constraints:
  input_delay              1              add4_fp16.sdc_line_20_23_1   

#--------------------------------------------------------------------------------------------------------
#          Timing Point           Flags   Arc   Edge   Cell     Fanout Load Trans Delay Arrival Instance 
#                                                                      (fF)  (ps)  (ps)   (ps)  Location 
#--------------------------------------------------------------------------------------------------------
  b[11]                           -       -     R     (arrival)      6 21.5    16     0       8    (-,-) 
  g117909/X                       -       A->X  F     inv_2x         1  9.8    18    21      28    (-,-) 
  g117635/X                       -       A->X  R     nand2_4x       1  9.8    29    26      54    (-,-) 
  g117420/X                       -       A->X  F     nand2_4x       3 13.8    27    30      84    (-,-) 
  g117191/X                       -       A->X  R     nand2_2x       2 13.0    59    45     129    (-,-) 
  g117002/X                       -       A->X  F     nand2_4x       3 17.4    36    40     170    (-,-) 
  g116921/X                       -       A->X  R     oai21_4x       2  7.6    46    38     208    (-,-) 
  g116865/X                       -       A->X  F     nand2_2x       2  8.5    50    36     244    (-,-) 
  g116661/X                       -       A->X  R     nand2_2x       1  9.8    46    46     290    (-,-) 
  g126920/X                       -       A->X  F     nand2_4x       5 27.7    50    47     337    (-,-) 
  fopt15/X                        -       A->X  R     inv_2x         2  6.6    29    28     365    (-,-) 
  fopt124061/X                    -       A->X  F     inv_1x         1  5.8    22    28     393    (-,-) 
  g116447/X                       -       B0->X R     oai22_2x       8 24.0   160   111     504    (-,-) 
  g116420/X                       -       A->X  F     inv_1x         3 11.1    70    72     576    (-,-) 
  g116317/X                       -       A->X  R     nand2_2x       3  9.3    50    50     626    (-,-) 
  g116184/X                       -       A->X  F     nor2_1x        3  9.5    70    70     695    (-,-) 
  g122823/X                       -       A->X  R     nand3_1x       1  3.2    52    50     745    (-,-) 
  g122822/X                       -       B->X  F     nand3_1x       1  3.6    41    52     797    (-,-) 
  g115539/X                       -       C->X  F     ao21_2x        4 12.6    43   107     904    (-,-) 
  g115425/X                       -       A->X  R     aoi21_1x       1  3.5    71    50     954    (-,-) 
  g115375__5115/X                 -       C->X  F     aoi21_1x       1  3.5    36    39     993    (-,-) 
  g115338__6260/X                 -       C->X  R     oai21_1x       1  3.4    64    33    1026    (-,-) 
  g115297__6260/X                 -       B->X  F     aoi21_1x       1  3.7    40    47    1074    (-,-) 
  g115186__6260/X                 -       A->X  R     oai21_1x       1  3.7    57    52    1125    (-,-) 
  g115102__2398/X                 -       A->X  R     ao21_1x        1  6.2    38    68    1193    (-,-) 
  g115056__1617/X                 -       A->X  F     aoi21_2x       2  6.3    52    33    1226    (-,-) 
  g122282/X                       -       A->X  R     inv_1x         1  9.5    53    50    1277    (-,-) 
  g123393/X                       -       A->X  F     nor2_4x        1 16.0    42    45    1322    (-,-) 
  g123392/X                       -       A->X  R     inv_6x        13 43.0    42    40    1362    (-,-) 
  g114993__122294/X               -       A->X  F     nor2_1x        1  3.6    36    40    1402    (-,-) 
  g114954__9315/X                 -       C->X  R     aoi21_1x       1  3.6    86    58    1461    (-,-) 
  g114849__6783/X                 -       C->X  F     oai21_1x       1  2.7    58    54    1515    (-,-) 
  u_ab_larger_mantissa_l_reg[8]/D -       -     F     dffrq_1x       1    -     -     0    1515    (-,-) 
#--------------------------------------------------------------------------------------------------------

Capture clock path:
#----------------------------------------------------------------------------------------------------------
#           Timing Point            Flags   Arc   Edge   Cell     Fanout Load Trans Delay Arrival Instance 
#                                                                        (fF)  (ps)  (ps)   (ps)  Location 
#----------------------------------------------------------------------------------------------------------
  clk                               (i)     -     R     (arrival)    143  0.0     1     0    1667    (-,-) 
  u_ab_larger_mantissa_l_reg[8]/CLK <<<     -     R     dffrq_1x     143    -     1     0    1667    (-,-) 
#----------------------------------------------------------------------------------------------------------



Path 76: MET (8 ps) Setup Check with Pin u_ab_larger_mantissa_l_reg[5]/CLK->D
           View: view_1p2_25
          Group: clock1
     Startpoint: (R) b[11]
          Clock: (R) clock1
       Endpoint: (F) u_ab_larger_mantissa_l_reg[5]/D
          Clock: (R) clock1

                     Capture       Launch     
        Clock Edge:+    1667            0     
        Drv Adjust:+       0            6     
       Src Latency:+       0            0     
       Net Latency:+       0 (I)        0 (I) 
           Arrival:=    1667            6     
                                              
             Setup:-     144                  
       Uncertainty:-       0                  
     Required Time:=    1523                  
      Launch Clock:-       6                  
       Input Delay:-       1                  
         Data Path:-    1507                  
             Slack:=       8                  

Exceptions/Constraints:
  input_delay              1              add4_fp16.sdc_line_20_23_1   

#--------------------------------------------------------------------------------------------------------
#          Timing Point           Flags   Arc   Edge   Cell     Fanout Load Trans Delay Arrival Instance 
#                                                                      (fF)  (ps)  (ps)   (ps)  Location 
#--------------------------------------------------------------------------------------------------------
  b[11]                           -       -     R     (arrival)      6 21.5    16     0       8    (-,-) 
  g117909/X                       -       A->X  F     inv_2x         1  9.8    18    21      28    (-,-) 
  g117635/X                       -       A->X  R     nand2_4x       1  9.8    29    26      54    (-,-) 
  g117420/X                       -       A->X  F     nand2_4x       3 13.8    27    30      84    (-,-) 
  g117191/X                       -       A->X  R     nand2_2x       2 13.0    59    45     129    (-,-) 
  g117002/X                       -       A->X  F     nand2_4x       3 17.4    36    40     170    (-,-) 
  g116921/X                       -       A->X  R     oai21_4x       2  7.6    46    38     208    (-,-) 
  g116865/X                       -       A->X  F     nand2_2x       2  8.5    50    36     244    (-,-) 
  g116661/X                       -       A->X  R     nand2_2x       1  9.8    46    46     290    (-,-) 
  g126920/X                       -       A->X  F     nand2_4x       5 27.7    50    47     337    (-,-) 
  fopt15/X                        -       A->X  R     inv_2x         2  6.6    29    28     365    (-,-) 
  fopt124061/X                    -       A->X  F     inv_1x         1  5.8    22    28     393    (-,-) 
  g116447/X                       -       B0->X R     oai22_2x       8 24.0   160   111     504    (-,-) 
  g116420/X                       -       A->X  F     inv_1x         3 11.1    70    72     576    (-,-) 
  g116317/X                       -       A->X  R     nand2_2x       3  9.3    50    50     626    (-,-) 
  g116184/X                       -       A->X  F     nor2_1x        3  9.5    70    70     695    (-,-) 
  g122823/X                       -       A->X  R     nand3_1x       1  3.2    52    50     745    (-,-) 
  g122822/X                       -       B->X  F     nand3_1x       1  3.6    41    52     797    (-,-) 
  g115539/X                       -       C->X  F     ao21_2x        4 12.6    43   107     904    (-,-) 
  g115425/X                       -       A->X  R     aoi21_1x       1  3.5    71    50     954    (-,-) 
  g115375__5115/X                 -       C->X  F     aoi21_1x       1  3.5    36    39     993    (-,-) 
  g115338__6260/X                 -       C->X  R     oai21_1x       1  3.4    64    33    1026    (-,-) 
  g115297__6260/X                 -       B->X  F     aoi21_1x       1  3.7    40    47    1074    (-,-) 
  g115186__6260/X                 -       A->X  R     oai21_1x       1  3.7    57    52    1125    (-,-) 
  g115102__2398/X                 -       A->X  R     ao21_1x        1  6.2    38    68    1193    (-,-) 
  g115056__1617/X                 -       A->X  F     aoi21_2x       2  6.3    52    33    1226    (-,-) 
  g122282/X                       -       A->X  R     inv_1x         1  9.5    53    50    1277    (-,-) 
  g123393/X                       -       A->X  F     nor2_4x        1 16.0    42    45    1322    (-,-) 
  g123392/X                       -       A->X  R     inv_6x        13 43.0    42    40    1362    (-,-) 
  g115004__122284/X               -       A->X  F     nor2_1x        1  3.6    35    40    1402    (-,-) 
  g114951__6161/X                 -       C->X  R     aoi21_1x       1  3.6    86    58    1460    (-,-) 
  g114861__8428/X                 -       C->X  F     oai21_1x       1  2.7    59    54    1515    (-,-) 
  u_ab_larger_mantissa_l_reg[5]/D -       -     F     dffrq_1x       1    -     -     0    1515    (-,-) 
#--------------------------------------------------------------------------------------------------------

Capture clock path:
#----------------------------------------------------------------------------------------------------------
#           Timing Point            Flags   Arc   Edge   Cell     Fanout Load Trans Delay Arrival Instance 
#                                                                        (fF)  (ps)  (ps)   (ps)  Location 
#----------------------------------------------------------------------------------------------------------
  clk                               (i)     -     R     (arrival)    143  0.0     1     0    1667    (-,-) 
  u_ab_larger_mantissa_l_reg[5]/CLK <<<     -     R     dffrq_1x     143    -     1     0    1667    (-,-) 
#----------------------------------------------------------------------------------------------------------



Path 77: MET (9 ps) Setup Check with Pin u_cd_larger_mantissa_l_reg[7]/CLK->D
           View: view_1p2_25
          Group: clock1
     Startpoint: (F) d[13]
          Clock: (R) clock1
       Endpoint: (F) u_cd_larger_mantissa_l_reg[7]/D
          Clock: (R) clock1

                     Capture       Launch     
        Clock Edge:+    1667            0     
        Drv Adjust:+       0            5     
       Src Latency:+       0            0     
       Net Latency:+       0 (I)        0 (I) 
           Arrival:=    1667            5     
                                              
             Setup:-     149                  
       Uncertainty:-       0                  
     Required Time:=    1518                  
      Launch Clock:-       5                  
       Input Delay:-       1                  
         Data Path:-    1503                  
             Slack:=       9                  

Exceptions/Constraints:
  input_delay              1              add4_fp16.sdc_line_20_53_1   

#--------------------------------------------------------------------------------------------------------
#          Timing Point           Flags   Arc   Edge   Cell     Fanout Load Trans Delay Arrival Instance 
#                                                                      (fF)  (ps)  (ps)   (ps)  Location 
#--------------------------------------------------------------------------------------------------------
  d[13]                           -       -     F     (arrival)      5 21.5    10     0       6    (-,-) 
  g117914/X                       -       A->X  R     inv_2x         3 11.8    31    26      32    (-,-) 
  g117642/X                       -       A->X  F     nor2_1x        1  6.0    49    48      80    (-,-) 
  g122882/X                       -       A0->X R     oai22_2x       2 12.8   106    73     153    (-,-) 
  g122885/X                       -       C->X  F     aoi21_4x       2 12.1    51    53     206    (-,-) 
  g122887/X                       -       A->X  R     nand2_4x       1  9.8    36    35     240    (-,-) 
  g116624/X                       -       A->X  F     nand2_4x       2 20.9    36    38     278    (-,-) 
  g116611/X                       -       A->X  R     inv_6x         5 39.7    38    36     315    (-,-) 
  g116614/X                       -       A->X  F     inv_4x         3 17.1    21    26     341    (-,-) 
  g116446/X                       -       A->X  R     oai21_4x       1 10.9    47    40     381    (-,-) 
  g116419/X                       -       A->X  F     inv_4x         2 20.2    26    31     412    (-,-) 
  g116356/X                       -       A->X  R     nand2_4x       8 29.9    76    50     462    (-,-) 
  g116314/X                       -       A->X  F     inv_2x         6 18.2    42    48     510    (-,-) 
  g116173/X                       -       A->X  R     nand2_1x       1  5.2    52    45     555    (-,-) 
  g115892/X                       -       B->X  F     nor2_2x        3 11.7    50    57     612    (-,-) 
  g115849/X                       -       A->X  R     inv_2x         6 19.2    52    49     661    (-,-) 
  g115749/X                       -       A->X  F     nor2_1x        1  3.3    56    43     704    (-,-) 
  g115582/X                       -       B->X  R     nor2_1x        1  3.7    53    52     756    (-,-) 
  g115488/X                       -       C->X  R     oa21_1x        3  9.4    52    88     843    (-,-) 
  g115426/X                       -       A->X  F     nand2_1x       1  5.0    36    42     885    (-,-) 
  g115321__2802/X                 -       C->X  R     nand3_2x       2  6.5    46    44     929    (-,-) 
  g115299__1666/X                 -       A->X  F     nand2_1x       1  3.6    30    34     964    (-,-) 
  g115182__2802/X                 -       A1->X R     aoi22_1x       1  3.6    78    51    1015    (-,-) 
  g115137__5122/X                 -       C->X  F     oai21_1x       1  3.7    50    57    1072    (-,-) 
  g115079__6783/X                 -       A->X  R     aoi21_1x       1  3.7    61    53    1125    (-,-) 
  g115029__7482/X                 -       A->X  F     oai21_1x       1  3.5    45    41    1165    (-,-) 
  g114992__2346/X                 -       C->X  R     oai21_1x       1  6.2    87    45    1210    (-,-) 
  g114885__2802/X                 -       A->X  F     aoi21_2x       2  7.9    54    48    1258    (-,-) 
  g114812__6417/X                 -       A->X  R     nand2_2x       4 20.0    89    69    1327    (-,-) 
  g114793/X                       -       A->X  F     inv_4x        20 63.5    61    69    1396    (-,-) 
  g114743__8428/X                 -       A1->X R     aoi22_1x       1  3.6    84    59    1455    (-,-) 
  g114699__1705/X                 -       C->X  F     oai21_1x       1  2.7    78    54    1509    (-,-) 
  u_cd_larger_mantissa_l_reg[7]/D -       -     F     dffrq_1x       1    -     -     0    1509    (-,-) 
#--------------------------------------------------------------------------------------------------------

Capture clock path:
#----------------------------------------------------------------------------------------------------------
#           Timing Point            Flags   Arc   Edge   Cell     Fanout Load Trans Delay Arrival Instance 
#                                                                        (fF)  (ps)  (ps)   (ps)  Location 
#----------------------------------------------------------------------------------------------------------
  clk                               (i)     -     R     (arrival)    143  0.0     1     0    1667    (-,-) 
  u_cd_larger_mantissa_l_reg[7]/CLK <<<     -     R     dffrq_1x     143    -     1     0    1667    (-,-) 
#----------------------------------------------------------------------------------------------------------



Path 78: MET (10 ps) Setup Check with Pin u_cd_smaller_mantissa_l_reg[10]/CLK->D
           View: view_1p2_25
          Group: clock1
     Startpoint: (R) c[11]
          Clock: (R) clock1
       Endpoint: (F) u_cd_smaller_mantissa_l_reg[10]/D
          Clock: (R) clock1

                     Capture       Launch     
        Clock Edge:+    1667            0     
        Drv Adjust:+       0            9     
       Src Latency:+       0            0     
       Net Latency:+       0 (I)        0 (I) 
           Arrival:=    1667            9     
                                              
             Setup:-     143                  
       Uncertainty:-       0                  
     Required Time:=    1523                  
      Launch Clock:-       9                  
       Input Delay:-       1                  
         Data Path:-    1504                  
             Slack:=      10                  

Exceptions/Constraints:
  input_delay              1              add4_fp16.sdc_line_20_39_1   

#----------------------------------------------------------------------------------------------------------
#           Timing Point            Flags   Arc   Edge   Cell     Fanout Load Trans Delay Arrival Instance 
#                                                                        (fF)  (ps)  (ps)   (ps)  Location 
#----------------------------------------------------------------------------------------------------------
  c[11]                             -       -     R     (arrival)      5 27.9    20     0      10    (-,-) 
  g117645/X                         -       B->X  F     nand2_4x       1  9.4    20    27      37    (-,-) 
  g117425/X                         -       C->X  R     oai21_4x       2 12.1    48    34      71    (-,-) 
  g117190/X                         -       A->X  F     nand2_4x       2 13.0    29    34     104    (-,-) 
  g117000/X                         -       A->X  R     nand2_4x       2 13.0    38    33     137    (-,-) 
  g122881/X                         -       A->X  F     nand2_4x       2 13.3    26    31     168    (-,-) 
  g122885/X                         -       A->X  R     aoi21_4x       2 12.1    56    42     211    (-,-) 
  g122887/X                         -       A->X  F     nand2_4x       1  9.8    28    32     242    (-,-) 
  g116624/X                         -       A->X  R     nand2_4x       2 20.9    49    41     283    (-,-) 
  g116611/X                         -       A->X  F     inv_6x         5 39.5    29    35     319    (-,-) 
  g116614/X                         -       A->X  R     inv_4x         3 17.1    27    28     347    (-,-) 
  g116514/X                         -       A->X  R     and2_2x        5 18.0    55    74     420    (-,-) 
  g116343/X                         -       B0->X R     ao22_1x        3 12.3    66    96     517    (-,-) 
  g116297/X                         -       A->X  F     inv_2x         4 12.8    33    38     555    (-,-) 
  g116014/X                         -       A1->X R     oai22_1x       1  5.2    92    62     618    (-,-) 
  g115877/X                         -       B->X  F     nor2_2x        2  6.7    48    59     676    (-,-) 
  g115665/X                         -       A->X  F     oa21_1x        1  3.3    26    71     747    (-,-) 
  g115587/X                         -       A->X  R     nand2_1x       1  5.1    48    40     787    (-,-) 
  g115484/X                         -       C->X  F     aoi21_2x       3  9.6    54    58     845    (-,-) 
  g115376/X                         -       C->X  R     oai21_1x       1  5.2    71    45     890    (-,-) 
  g115321__2802/X                   -       A->X  F     nand3_2x       2  6.5    44    46     936    (-,-) 
  g115314/X                         -       A->X  R     inv_1x         1  3.4    28    28     964    (-,-) 
  g115298__2398/X                   -       A->X  F     nor3_1x        1  3.4    70    38    1002    (-,-) 
  g115137__5122/X                   -       B->X  R     oai21_1x       1  3.7    61    58    1060    (-,-) 
  g115079__6783/X                   -       A->X  F     aoi21_1x       1  3.7    35    42    1102    (-,-) 
  g115029__7482/X                   -       A->X  R     oai21_1x       1  3.6    59    50    1152    (-,-) 
  g114992__2346/X                   -       C->X  F     oai21_1x       1  6.2    73    61    1213    (-,-) 
  g114885__2802/X                   -       A->X  R     aoi21_2x       2  8.0    66    59    1272    (-,-) 
  g114813__5477/X                   -       A->X  R     or2_2x         4 21.9    69    99    1371    (-,-) 
  fopt122271/X                      -       A->X  F     inv_2x         3 21.9    44    51    1422    (-,-) 
  fopt122268/X                      -       A->X  R     inv_6x        20 64.9    57    51    1474    (-,-) 
  g114678__5107/X                   -       B->X  F     oai21_1x       1  2.7    34    40    1513    (-,-) 
  u_cd_smaller_mantissa_l_reg[10]/D -       -     F     dffrq_1x       1    -     -     0    1513    (-,-) 
#----------------------------------------------------------------------------------------------------------

Capture clock path:
#------------------------------------------------------------------------------------------------------------
#            Timing Point             Flags   Arc   Edge   Cell     Fanout Load Trans Delay Arrival Instance 
#                                                                          (fF)  (ps)  (ps)   (ps)  Location 
#------------------------------------------------------------------------------------------------------------
  clk                                 (i)     -     R     (arrival)    143  0.0     1     0    1667    (-,-) 
  u_cd_smaller_mantissa_l_reg[10]/CLK <<<     -     R     dffrq_1x     143    -     1     0    1667    (-,-) 
#------------------------------------------------------------------------------------------------------------



Path 79: MET (10 ps) Setup Check with Pin u_ab_smaller_mantissa_l_reg[8]/CLK->D
           View: view_1p2_25
          Group: clock1
     Startpoint: (R) b[10]
          Clock: (R) clock1
       Endpoint: (F) u_ab_smaller_mantissa_l_reg[8]/D
          Clock: (R) clock1

                     Capture       Launch     
        Clock Edge:+    1667            0     
        Drv Adjust:+       0            4     
       Src Latency:+       0            0     
       Net Latency:+       0 (I)        0 (I) 
           Arrival:=    1667            4     
                                              
             Setup:-     143                  
       Uncertainty:-       0                  
     Required Time:=    1523                  
      Launch Clock:-       4                  
       Input Delay:-       1                  
         Data Path:-    1509                  
             Slack:=      10                  

Exceptions/Constraints:
  input_delay              1              add4_fp16.sdc_line_20_24_1   

#---------------------------------------------------------------------------------------------------------
#          Timing Point            Flags   Arc   Edge   Cell     Fanout Load Trans Delay Arrival Instance 
#                                                                       (fF)  (ps)  (ps)   (ps)  Location 
#---------------------------------------------------------------------------------------------------------
  b[10]                            -       -     R     (arrival)      4 13.6    11     0       4    (-,-) 
  g117896/X                        -       A->X  F     inv_2x         2  8.3    15    18      22    (-,-) 
  g117685/X                        -       A->X  R     nor2_2x        3 11.3    66    50      72    (-,-) 
  g117191/X                        -       B->X  F     nand2_2x       2 12.9    43    56     128    (-,-) 
  g117002/X                        -       A->X  R     nand2_4x       3 17.4    47    42     170    (-,-) 
  g116921/X                        -       A->X  F     oai21_4x       2  7.6    39    30     201    (-,-) 
  g116865/X                        -       A->X  R     nand2_2x       2  8.5    56    40     240    (-,-) 
  g116661/X                        -       A->X  F     nand2_2x       1  9.8    36    41     282    (-,-) 
  g126920/X                        -       A->X  R     nand2_4x       5 27.8    66    51     333    (-,-) 
  fopt124060/X                     -       A->X  R     buf_2x         1 10.9    33    62     395    (-,-) 
  fopt124058/X                     -       A->X  F     inv_4x         6 30.8    28    33     428    (-,-) 
  g116506/X                        -       A->X  R     nand2_2x       1  9.6    51    38     466    (-,-) 
  g116443/X                        -       C->X  F     oai21_4x       5 19.8    60    55     521    (-,-) 
  g116411/X                        -       A->X  R     inv_2x         4 12.2    42    41     562    (-,-) 
  g116022/X                        -       B1->X F     oai22_1x       1  3.7    69    52     614    (-,-) 
  g115768/X                        -       A->X  R     aoi21_1x       2  6.6    88    75     689    (-,-) 
  g115671/X                        -       A->X  R     and2_2x        6 21.6    59    96     784    (-,-) 
  g115639/X                        -       A->X  F     inv_1x         6 24.7    78    79     863    (-,-) 
  g115535/X                        -       A->X  R     oai21_1x       4 12.9   144   117     980    (-,-) 
  g115421/X                        -       B0->X R     oa22_1x        1  3.6    33    93    1073    (-,-) 
  g115186__6260/X                  -       C->X  F     oai21_1x       1  3.7    36    44    1116    (-,-) 
  g115102__2398/X                  -       A->X  F     ao21_1x        1  6.2    36    77    1193    (-,-) 
  g115056__1617/X                  -       A->X  R     aoi21_2x       2  6.3    62    45    1238    (-,-) 
  g115035__3680/X                  -       A->X  R     or2_1x         2  6.8    50    73    1311    (-,-) 
  fopt122278/X                     -       A->X  R     buf_2x         3 17.4    46    67    1378    (-,-) 
  fopt122277/X                     -       A->X  F     inv_4x         8 32.7    32    39    1417    (-,-) 
  g123010/X                        -       B0->X R     aoi22_1x       1  3.3    89    59    1476    (-,-) 
  g39/X                            -       A->X  F     nand2_1x       1  2.7    38    38    1513    (-,-) 
  u_ab_smaller_mantissa_l_reg[8]/D -       -     F     dffrq_1x       1    -     -     0    1514    (-,-) 
#---------------------------------------------------------------------------------------------------------

Capture clock path:
#-----------------------------------------------------------------------------------------------------------
#           Timing Point             Flags   Arc   Edge   Cell     Fanout Load Trans Delay Arrival Instance 
#                                                                         (fF)  (ps)  (ps)   (ps)  Location 
#-----------------------------------------------------------------------------------------------------------
  clk                                (i)     -     R     (arrival)    143  0.0     1     0    1667    (-,-) 
  u_ab_smaller_mantissa_l_reg[8]/CLK <<<     -     R     dffrq_1x     143    -     1     0    1667    (-,-) 
#-----------------------------------------------------------------------------------------------------------



Path 80: MET (10 ps) Setup Check with Pin u_cd_larger_mantissa_l_reg[12]/CLK->D
           View: view_1p2_25
          Group: clock1
     Startpoint: (F) d[13]
          Clock: (R) clock1
       Endpoint: (F) u_cd_larger_mantissa_l_reg[12]/D
          Clock: (R) clock1

                     Capture       Launch     
        Clock Edge:+    1667            0     
        Drv Adjust:+       0            5     
       Src Latency:+       0            0     
       Net Latency:+       0 (I)        0 (I) 
           Arrival:=    1667            5     
                                              
             Setup:-     143                  
       Uncertainty:-       0                  
     Required Time:=    1523                  
      Launch Clock:-       5                  
       Input Delay:-       1                  
         Data Path:-    1508                  
             Slack:=      10                  

Exceptions/Constraints:
  input_delay              1              add4_fp16.sdc_line_20_53_1   

#---------------------------------------------------------------------------------------------------------
#          Timing Point            Flags   Arc   Edge   Cell     Fanout Load Trans Delay Arrival Instance 
#                                                                       (fF)  (ps)  (ps)   (ps)  Location 
#---------------------------------------------------------------------------------------------------------
  d[13]                            -       -     F     (arrival)      5 21.5    10     0       6    (-,-) 
  g117914/X                        -       A->X  R     inv_2x         3 11.8    31    26      32    (-,-) 
  g117642/X                        -       A->X  F     nor2_1x        1  6.0    49    48      80    (-,-) 
  g122882/X                        -       A0->X R     oai22_2x       2 12.8   106    73     153    (-,-) 
  g122885/X                        -       C->X  F     aoi21_4x       2 12.1    51    53     206    (-,-) 
  g122887/X                        -       A->X  R     nand2_4x       1  9.8    36    35     240    (-,-) 
  g116624/X                        -       A->X  F     nand2_4x       2 20.9    36    38     278    (-,-) 
  g116611/X                        -       A->X  R     inv_6x         5 39.7    38    36     315    (-,-) 
  g116614/X                        -       A->X  F     inv_4x         3 17.1    21    26     341    (-,-) 
  g116446/X                        -       A->X  R     oai21_4x       1 10.9    47    40     381    (-,-) 
  g116419/X                        -       A->X  F     inv_4x         2 20.2    26    31     412    (-,-) 
  g116356/X                        -       A->X  R     nand2_4x       8 29.9    76    50     462    (-,-) 
  g116314/X                        -       A->X  F     inv_2x         6 18.2    42    48     510    (-,-) 
  g116173/X                        -       A->X  R     nand2_1x       1  5.2    52    45     555    (-,-) 
  g115892/X                        -       B->X  F     nor2_2x        3 11.7    50    57     612    (-,-) 
  g115849/X                        -       A->X  R     inv_2x         6 19.2    52    49     661    (-,-) 
  g115749/X                        -       A->X  F     nor2_1x        1  3.3    56    43     704    (-,-) 
  g115582/X                        -       B->X  R     nor2_1x        1  3.7    53    52     756    (-,-) 
  g115488/X                        -       C->X  R     oa21_1x        3  9.4    52    88     843    (-,-) 
  g115426/X                        -       A->X  F     nand2_1x       1  5.0    36    42     885    (-,-) 
  g115321__2802/X                  -       C->X  R     nand3_2x       2  6.5    46    44     929    (-,-) 
  g115299__1666/X                  -       A->X  F     nand2_1x       1  3.6    30    34     964    (-,-) 
  g115182__2802/X                  -       A1->X R     aoi22_1x       1  3.6    78    51    1015    (-,-) 
  g115137__5122/X                  -       C->X  F     oai21_1x       1  3.7    50    57    1072    (-,-) 
  g115079__6783/X                  -       A->X  R     aoi21_1x       1  3.7    61    53    1125    (-,-) 
  g115029__7482/X                  -       A->X  F     oai21_1x       1  3.5    45    41    1165    (-,-) 
  g114992__2346/X                  -       C->X  R     oai21_1x       1  6.2    87    45    1210    (-,-) 
  g114885__2802/X                  -       A->X  F     aoi21_2x       2  7.9    54    48    1258    (-,-) 
  g114812__6417/X                  -       A->X  R     nand2_2x       4 20.0    89    69    1327    (-,-) 
  g114793/X                        -       A->X  F     inv_4x        20 63.5    61    69    1396    (-,-) 
  g114786__6260/X                  -       C->X  R     aoi21_1x       1  3.6    86    63    1459    (-,-) 
  g114729__4319/X                  -       C->X  F     oai21_1x       1  2.7    39    54    1513    (-,-) 
  u_cd_larger_mantissa_l_reg[12]/D -       -     F     dffrq_1x       1    -     -     0    1513    (-,-) 
#---------------------------------------------------------------------------------------------------------

Capture clock path:
#-----------------------------------------------------------------------------------------------------------
#           Timing Point             Flags   Arc   Edge   Cell     Fanout Load Trans Delay Arrival Instance 
#                                                                         (fF)  (ps)  (ps)   (ps)  Location 
#-----------------------------------------------------------------------------------------------------------
  clk                                (i)     -     R     (arrival)    143  0.0     1     0    1667    (-,-) 
  u_cd_larger_mantissa_l_reg[12]/CLK <<<     -     R     dffrq_1x     143    -     1     0    1667    (-,-) 
#-----------------------------------------------------------------------------------------------------------



Path 81: MET (10 ps) Setup Check with Pin u_ab_smaller_mantissa_l_reg[5]/CLK->D
           View: view_1p2_25
          Group: clock1
     Startpoint: (R) b[10]
          Clock: (R) clock1
       Endpoint: (F) u_ab_smaller_mantissa_l_reg[5]/D
          Clock: (R) clock1

                     Capture       Launch     
        Clock Edge:+    1667            0     
        Drv Adjust:+       0            4     
       Src Latency:+       0            0     
       Net Latency:+       0 (I)        0 (I) 
           Arrival:=    1667            4     
                                              
             Setup:-     144                  
       Uncertainty:-       0                  
     Required Time:=    1523                  
      Launch Clock:-       4                  
       Input Delay:-       1                  
         Data Path:-    1508                  
             Slack:=      10                  

Exceptions/Constraints:
  input_delay              1              add4_fp16.sdc_line_20_24_1   

#---------------------------------------------------------------------------------------------------------
#          Timing Point            Flags   Arc   Edge   Cell     Fanout Load Trans Delay Arrival Instance 
#                                                                       (fF)  (ps)  (ps)   (ps)  Location 
#---------------------------------------------------------------------------------------------------------
  b[10]                            -       -     R     (arrival)      4 13.6    11     0       4    (-,-) 
  g117896/X                        -       A->X  F     inv_2x         2  8.3    15    18      22    (-,-) 
  g117685/X                        -       A->X  R     nor2_2x        3 11.3    66    50      72    (-,-) 
  g117191/X                        -       B->X  F     nand2_2x       2 12.9    43    56     128    (-,-) 
  g117002/X                        -       A->X  R     nand2_4x       3 17.4    47    42     170    (-,-) 
  g116921/X                        -       A->X  F     oai21_4x       2  7.6    39    30     201    (-,-) 
  g116865/X                        -       A->X  R     nand2_2x       2  8.5    56    40     240    (-,-) 
  g116661/X                        -       A->X  F     nand2_2x       1  9.8    36    41     282    (-,-) 
  g126920/X                        -       A->X  R     nand2_4x       5 27.8    66    51     333    (-,-) 
  fopt124060/X                     -       A->X  R     buf_2x         1 10.9    33    62     395    (-,-) 
  fopt124058/X                     -       A->X  F     inv_4x         6 30.8    28    33     428    (-,-) 
  g116506/X                        -       A->X  R     nand2_2x       1  9.6    51    38     466    (-,-) 
  g116443/X                        -       C->X  F     oai21_4x       5 19.8    60    55     521    (-,-) 
  g116411/X                        -       A->X  R     inv_2x         4 12.2    42    41     562    (-,-) 
  g116022/X                        -       B1->X F     oai22_1x       1  3.7    69    52     614    (-,-) 
  g115768/X                        -       A->X  R     aoi21_1x       2  6.6    88    75     689    (-,-) 
  g115671/X                        -       A->X  R     and2_2x        6 21.6    59    96     784    (-,-) 
  g115639/X                        -       A->X  F     inv_1x         6 24.7    78    79     863    (-,-) 
  g115535/X                        -       A->X  R     oai21_1x       4 12.9   144   117     980    (-,-) 
  g115421/X                        -       B0->X R     oa22_1x        1  3.6    33    93    1073    (-,-) 
  g115186__6260/X                  -       C->X  F     oai21_1x       1  3.7    36    44    1116    (-,-) 
  g115102__2398/X                  -       A->X  F     ao21_1x        1  6.2    36    77    1193    (-,-) 
  g115056__1617/X                  -       A->X  R     aoi21_2x       2  6.3    62    45    1238    (-,-) 
  g115035__3680/X                  -       A->X  R     or2_1x         2  6.8    50    73    1311    (-,-) 
  fopt122278/X                     -       A->X  R     buf_2x         3 17.4    46    67    1378    (-,-) 
  fopt122277/X                     -       A->X  F     inv_4x         8 32.7    32    39    1417    (-,-) 
  g123032/X                        -       A->X  R     aoi21_1x       1  3.6    62    48    1465    (-,-) 
  g124384/X                        -       C->X  F     oai21_1x       1  2.7    59    48    1513    (-,-) 
  u_ab_smaller_mantissa_l_reg[5]/D -       -     F     dffrq_1x       1    -     -     0    1513    (-,-) 
#---------------------------------------------------------------------------------------------------------

Capture clock path:
#-----------------------------------------------------------------------------------------------------------
#           Timing Point             Flags   Arc   Edge   Cell     Fanout Load Trans Delay Arrival Instance 
#                                                                         (fF)  (ps)  (ps)   (ps)  Location 
#-----------------------------------------------------------------------------------------------------------
  clk                                (i)     -     R     (arrival)    143  0.0     1     0    1667    (-,-) 
  u_ab_smaller_mantissa_l_reg[5]/CLK <<<     -     R     dffrq_1x     143    -     1     0    1667    (-,-) 
#-----------------------------------------------------------------------------------------------------------



Path 82: MET (11 ps) Setup Check with Pin u_cd_smaller_mantissa_l_reg[0]/CLK->D
           View: view_1p2_25
          Group: clock1
     Startpoint: (R) c[11]
          Clock: (R) clock1
       Endpoint: (F) u_cd_smaller_mantissa_l_reg[0]/D
          Clock: (R) clock1

                     Capture       Launch     
        Clock Edge:+    1667            0     
        Drv Adjust:+       0            9     
       Src Latency:+       0            0     
       Net Latency:+       0 (I)        0 (I) 
           Arrival:=    1667            9     
                                              
             Setup:-     143                  
       Uncertainty:-       0                  
     Required Time:=    1523                  
      Launch Clock:-       9                  
       Input Delay:-       1                  
         Data Path:-    1502                  
             Slack:=      11                  

Exceptions/Constraints:
  input_delay              1              add4_fp16.sdc_line_20_39_1   

#---------------------------------------------------------------------------------------------------------
#          Timing Point            Flags   Arc   Edge   Cell     Fanout Load Trans Delay Arrival Instance 
#                                                                       (fF)  (ps)  (ps)   (ps)  Location 
#---------------------------------------------------------------------------------------------------------
  c[11]                            -       -     R     (arrival)      5 27.9    20     0      10    (-,-) 
  g117645/X                        -       B->X  F     nand2_4x       1  9.4    20    27      37    (-,-) 
  g117425/X                        -       C->X  R     oai21_4x       2 12.1    48    34      71    (-,-) 
  g117190/X                        -       A->X  F     nand2_4x       2 13.0    29    34     104    (-,-) 
  g117000/X                        -       A->X  R     nand2_4x       2 13.0    38    33     137    (-,-) 
  g122881/X                        -       A->X  F     nand2_4x       2 13.3    26    31     168    (-,-) 
  g122885/X                        -       A->X  R     aoi21_4x       2 12.1    56    42     211    (-,-) 
  g122887/X                        -       A->X  F     nand2_4x       1  9.8    28    32     242    (-,-) 
  g116624/X                        -       A->X  R     nand2_4x       2 20.9    49    41     283    (-,-) 
  g116611/X                        -       A->X  F     inv_6x         5 39.5    29    35     319    (-,-) 
  g116614/X                        -       A->X  R     inv_4x         3 17.1    27    28     347    (-,-) 
  g116514/X                        -       A->X  R     and2_2x        5 18.0    55    74     420    (-,-) 
  g116343/X                        -       B0->X R     ao22_1x        3 12.3    66    96     517    (-,-) 
  g116297/X                        -       A->X  F     inv_2x         4 12.8    33    38     555    (-,-) 
  g116014/X                        -       A1->X R     oai22_1x       1  5.2    92    62     618    (-,-) 
  g115877/X                        -       B->X  F     nor2_2x        2  6.7    48    59     676    (-,-) 
  g115665/X                        -       A->X  F     oa21_1x        1  3.3    26    71     747    (-,-) 
  g115587/X                        -       A->X  R     nand2_1x       1  5.1    48    40     787    (-,-) 
  g115484/X                        -       C->X  F     aoi21_2x       3  9.6    54    58     845    (-,-) 
  g115376/X                        -       C->X  R     oai21_1x       1  5.2    71    45     890    (-,-) 
  g115321__2802/X                  -       A->X  F     nand3_2x       2  6.5    44    46     936    (-,-) 
  g115314/X                        -       A->X  R     inv_1x         1  3.4    28    28     964    (-,-) 
  g115298__2398/X                  -       A->X  F     nor3_1x        1  3.4    70    38    1002    (-,-) 
  g115137__5122/X                  -       B->X  R     oai21_1x       1  3.7    61    58    1060    (-,-) 
  g115079__6783/X                  -       A->X  F     aoi21_1x       1  3.7    35    42    1102    (-,-) 
  g115029__7482/X                  -       A->X  R     oai21_1x       1  3.6    59    50    1152    (-,-) 
  g114992__2346/X                  -       C->X  F     oai21_1x       1  6.2    73    61    1213    (-,-) 
  g114885__2802/X                  -       A->X  R     aoi21_2x       2  8.0    66    59    1272    (-,-) 
  g114813__5477/X                  -       A->X  R     or2_2x         4 21.9    69    99    1371    (-,-) 
  fopt122271/X                     -       A->X  F     inv_2x         3 21.9    44    51    1422    (-,-) 
  g114759__6161/X                  -       A1->X R     aoi22_1x       1  3.3    82    53    1475    (-,-) 
  g114684__5115/X                  -       A->X  F     nand2_1x       1  2.7    36    37    1512    (-,-) 
  u_cd_smaller_mantissa_l_reg[0]/D -       -     F     dffrq_1x       1    -     -     0    1512    (-,-) 
#---------------------------------------------------------------------------------------------------------

Capture clock path:
#-----------------------------------------------------------------------------------------------------------
#           Timing Point             Flags   Arc   Edge   Cell     Fanout Load Trans Delay Arrival Instance 
#                                                                         (fF)  (ps)  (ps)   (ps)  Location 
#-----------------------------------------------------------------------------------------------------------
  clk                                (i)     -     R     (arrival)    143  0.0     1     0    1667    (-,-) 
  u_cd_smaller_mantissa_l_reg[0]/CLK <<<     -     R     dffrq_1x     143    -     1     0    1667    (-,-) 
#-----------------------------------------------------------------------------------------------------------



Path 83: MET (11 ps) Setup Check with Pin u_cd_larger_mantissa_sign_l_reg/CLK->D
           View: view_1p2_25
          Group: clock1
     Startpoint: (R) c[11]
          Clock: (R) clock1
       Endpoint: (F) u_cd_larger_mantissa_sign_l_reg/D
          Clock: (R) clock1

                     Capture       Launch     
        Clock Edge:+    1667            0     
        Drv Adjust:+       0            9     
       Src Latency:+       0            0     
       Net Latency:+       0 (I)        0 (I) 
           Arrival:=    1667            9     
                                              
             Setup:-     145                  
       Uncertainty:-       0                  
     Required Time:=    1522                  
      Launch Clock:-       9                  
       Input Delay:-       1                  
         Data Path:-    1500                  
             Slack:=      11                  

Exceptions/Constraints:
  input_delay              1              add4_fp16.sdc_line_20_39_1   

#----------------------------------------------------------------------------------------------------------
#           Timing Point            Flags   Arc   Edge   Cell     Fanout Load Trans Delay Arrival Instance 
#                                                                        (fF)  (ps)  (ps)   (ps)  Location 
#----------------------------------------------------------------------------------------------------------
  c[11]                             -       -     R     (arrival)      5 27.9    20     0      10    (-,-) 
  g117645/X                         -       B->X  F     nand2_4x       1  9.4    20    27      37    (-,-) 
  g117425/X                         -       C->X  R     oai21_4x       2 12.1    48    34      71    (-,-) 
  g117190/X                         -       A->X  F     nand2_4x       2 13.0    29    34     104    (-,-) 
  g117000/X                         -       A->X  R     nand2_4x       2 13.0    38    33     137    (-,-) 
  g122881/X                         -       A->X  F     nand2_4x       2 13.3    26    31     168    (-,-) 
  g122885/X                         -       A->X  R     aoi21_4x       2 12.1    56    42     211    (-,-) 
  g122887/X                         -       A->X  F     nand2_4x       1  9.8    28    32     242    (-,-) 
  g116624/X                         -       A->X  R     nand2_4x       2 20.9    49    41     283    (-,-) 
  g116611/X                         -       A->X  F     inv_6x         5 39.5    29    35     319    (-,-) 
  g116614/X                         -       A->X  R     inv_4x         3 17.1    27    28     347    (-,-) 
  g116514/X                         -       A->X  R     and2_2x        5 18.0    55    74     420    (-,-) 
  g116343/X                         -       B0->X R     ao22_1x        3 12.3    66    96     517    (-,-) 
  g116297/X                         -       A->X  F     inv_2x         4 12.8    33    38     555    (-,-) 
  g116014/X                         -       A1->X R     oai22_1x       1  5.2    92    62     618    (-,-) 
  g115877/X                         -       B->X  F     nor2_2x        2  6.7    48    59     676    (-,-) 
  g115665/X                         -       A->X  F     oa21_1x        1  3.3    26    71     747    (-,-) 
  g115587/X                         -       A->X  R     nand2_1x       1  5.1    48    40     787    (-,-) 
  g115484/X                         -       C->X  F     aoi21_2x       3  9.6    54    58     845    (-,-) 
  g115376/X                         -       C->X  R     oai21_1x       1  5.2    71    45     890    (-,-) 
  g115321__2802/X                   -       A->X  F     nand3_2x       2  6.5    44    46     936    (-,-) 
  g115314/X                         -       A->X  R     inv_1x         1  3.4    28    28     964    (-,-) 
  g115298__2398/X                   -       A->X  F     nor3_1x        1  3.4    70    38    1002    (-,-) 
  g115137__5122/X                   -       B->X  R     oai21_1x       1  3.7    61    58    1060    (-,-) 
  g115079__6783/X                   -       A->X  F     aoi21_1x       1  3.7    35    42    1102    (-,-) 
  g115029__7482/X                   -       A->X  R     oai21_1x       1  3.6    59    50    1152    (-,-) 
  g114992__2346/X                   -       C->X  F     oai21_1x       1  6.2    73    61    1213    (-,-) 
  g114885__2802/X                   -       A->X  R     aoi21_2x       2  8.0    66    59    1272    (-,-) 
  g114813__5477/X                   -       A->X  R     or2_2x         4 21.9    69    99    1371    (-,-) 
  fopt122271/X                      -       A->X  F     inv_2x         3 21.9    44    51    1422    (-,-) 
  fopt122268/X                      -       A->X  R     inv_6x        20 64.9    57    51    1474    (-,-) 
  g114681__5107/X                   -       A->X  F     oai21_1x       1  2.7    64    36    1510    (-,-) 
  u_cd_larger_mantissa_sign_l_reg/D -       -     F     dffrq_1x       1    -     -     0    1510    (-,-) 
#----------------------------------------------------------------------------------------------------------

Capture clock path:
#------------------------------------------------------------------------------------------------------------
#            Timing Point             Flags   Arc   Edge   Cell     Fanout Load Trans Delay Arrival Instance 
#                                                                          (fF)  (ps)  (ps)   (ps)  Location 
#------------------------------------------------------------------------------------------------------------
  clk                                 (i)     -     R     (arrival)    143  0.0     1     0    1667    (-,-) 
  u_cd_larger_mantissa_sign_l_reg/CLK <<<     -     R     dffrq_1x     143    -     1     0    1667    (-,-) 
#------------------------------------------------------------------------------------------------------------



Path 84: MET (12 ps) Setup Check with Pin u_cd_larger_mantissa_l_reg[9]/CLK->D
           View: view_1p2_25
          Group: clock1
     Startpoint: (R) c[11]
          Clock: (R) clock1
       Endpoint: (F) u_cd_larger_mantissa_l_reg[9]/D
          Clock: (R) clock1

                     Capture       Launch     
        Clock Edge:+    1667            0     
        Drv Adjust:+       0            9     
       Src Latency:+       0            0     
       Net Latency:+       0 (I)        0 (I) 
           Arrival:=    1667            9     
                                              
             Setup:-     144                  
       Uncertainty:-       0                  
     Required Time:=    1523                  
      Launch Clock:-       9                  
       Input Delay:-       1                  
         Data Path:-    1500                  
             Slack:=      12                  

Exceptions/Constraints:
  input_delay              1              add4_fp16.sdc_line_20_39_1   

#--------------------------------------------------------------------------------------------------------
#          Timing Point           Flags   Arc   Edge   Cell     Fanout Load Trans Delay Arrival Instance 
#                                                                      (fF)  (ps)  (ps)   (ps)  Location 
#--------------------------------------------------------------------------------------------------------
  c[11]                           -       -     R     (arrival)      5 27.9    20     0      10    (-,-) 
  g117645/X                       -       B->X  F     nand2_4x       1  9.4    20    27      37    (-,-) 
  g117425/X                       -       C->X  R     oai21_4x       2 12.1    48    34      71    (-,-) 
  g117190/X                       -       A->X  F     nand2_4x       2 13.0    29    34     104    (-,-) 
  g117000/X                       -       A->X  R     nand2_4x       2 13.0    38    33     137    (-,-) 
  g122881/X                       -       A->X  F     nand2_4x       2 13.3    26    31     168    (-,-) 
  g122885/X                       -       A->X  R     aoi21_4x       2 12.1    56    42     211    (-,-) 
  g122887/X                       -       A->X  F     nand2_4x       1  9.8    28    32     242    (-,-) 
  g116624/X                       -       A->X  R     nand2_4x       2 20.9    49    41     283    (-,-) 
  g116611/X                       -       A->X  F     inv_6x         5 39.5    29    35     319    (-,-) 
  g116614/X                       -       A->X  R     inv_4x         3 17.1    27    28     347    (-,-) 
  g116514/X                       -       A->X  R     and2_2x        5 18.0    55    74     420    (-,-) 
  g116343/X                       -       B0->X R     ao22_1x        3 12.3    66    96     517    (-,-) 
  g116297/X                       -       A->X  F     inv_2x         4 12.8    33    38     555    (-,-) 
  g116014/X                       -       A1->X R     oai22_1x       1  5.2    92    62     618    (-,-) 
  g115877/X                       -       B->X  F     nor2_2x        2  6.7    48    59     676    (-,-) 
  g115665/X                       -       A->X  F     oa21_1x        1  3.3    26    71     747    (-,-) 
  g115587/X                       -       A->X  R     nand2_1x       1  5.1    48    40     787    (-,-) 
  g115484/X                       -       C->X  F     aoi21_2x       3  9.6    54    58     845    (-,-) 
  g115376/X                       -       C->X  R     oai21_1x       1  5.2    71    45     890    (-,-) 
  g115321__2802/X                 -       A->X  F     nand3_2x       2  6.5    44    46     936    (-,-) 
  g115314/X                       -       A->X  R     inv_1x         1  3.4    28    28     964    (-,-) 
  g115298__2398/X                 -       A->X  F     nor3_1x        1  3.4    70    38    1002    (-,-) 
  g115137__5122/X                 -       B->X  R     oai21_1x       1  3.7    61    58    1060    (-,-) 
  g115079__6783/X                 -       A->X  F     aoi21_1x       1  3.7    35    42    1102    (-,-) 
  g115029__7482/X                 -       A->X  R     oai21_1x       1  3.6    59    50    1152    (-,-) 
  g114992__2346/X                 -       C->X  F     oai21_1x       1  6.2    73    61    1213    (-,-) 
  g114885__2802/X                 -       A->X  R     aoi21_2x       2  8.0    66    59    1272    (-,-) 
  g114813__5477/X                 -       A->X  R     or2_2x         4 21.9    69    99    1371    (-,-) 
  fopt122271/X                    -       A->X  F     inv_2x         3 21.9    44    51    1422    (-,-) 
  fopt122268/X                    -       A->X  R     inv_6x        20 64.9    57    51    1474    (-,-) 
  g114701__8246/X                 -       A->X  F     oai21_1x       1  2.7    60    36    1510    (-,-) 
  u_cd_larger_mantissa_l_reg[9]/D -       -     F     dffrq_1x       1    -     -     0    1510    (-,-) 
#--------------------------------------------------------------------------------------------------------

Capture clock path:
#----------------------------------------------------------------------------------------------------------
#           Timing Point            Flags   Arc   Edge   Cell     Fanout Load Trans Delay Arrival Instance 
#                                                                        (fF)  (ps)  (ps)   (ps)  Location 
#----------------------------------------------------------------------------------------------------------
  clk                               (i)     -     R     (arrival)    143  0.0     1     0    1667    (-,-) 
  u_cd_larger_mantissa_l_reg[9]/CLK <<<     -     R     dffrq_1x     143    -     1     0    1667    (-,-) 
#----------------------------------------------------------------------------------------------------------



Path 85: MET (13 ps) Setup Check with Pin u_cd_larger_mantissa_l_reg[8]/CLK->D
           View: view_1p2_25
          Group: clock1
     Startpoint: (R) c[11]
          Clock: (R) clock1
       Endpoint: (F) u_cd_larger_mantissa_l_reg[8]/D
          Clock: (R) clock1

                     Capture       Launch     
        Clock Edge:+    1667            0     
        Drv Adjust:+       0            9     
       Src Latency:+       0            0     
       Net Latency:+       0 (I)        0 (I) 
           Arrival:=    1667            9     
                                              
             Setup:-     144                  
       Uncertainty:-       0                  
     Required Time:=    1523                  
      Launch Clock:-       9                  
       Input Delay:-       1                  
         Data Path:-    1500                  
             Slack:=      13                  

Exceptions/Constraints:
  input_delay              1              add4_fp16.sdc_line_20_39_1   

#--------------------------------------------------------------------------------------------------------
#          Timing Point           Flags   Arc   Edge   Cell     Fanout Load Trans Delay Arrival Instance 
#                                                                      (fF)  (ps)  (ps)   (ps)  Location 
#--------------------------------------------------------------------------------------------------------
  c[11]                           -       -     R     (arrival)      5 27.9    20     0      10    (-,-) 
  g117645/X                       -       B->X  F     nand2_4x       1  9.4    20    27      37    (-,-) 
  g117425/X                       -       C->X  R     oai21_4x       2 12.1    48    34      71    (-,-) 
  g117190/X                       -       A->X  F     nand2_4x       2 13.0    29    34     104    (-,-) 
  g117000/X                       -       A->X  R     nand2_4x       2 13.0    38    33     137    (-,-) 
  g122881/X                       -       A->X  F     nand2_4x       2 13.3    26    31     168    (-,-) 
  g122885/X                       -       A->X  R     aoi21_4x       2 12.1    56    42     211    (-,-) 
  g122887/X                       -       A->X  F     nand2_4x       1  9.8    28    32     242    (-,-) 
  g116624/X                       -       A->X  R     nand2_4x       2 20.9    49    41     283    (-,-) 
  g116611/X                       -       A->X  F     inv_6x         5 39.5    29    35     319    (-,-) 
  g116614/X                       -       A->X  R     inv_4x         3 17.1    27    28     347    (-,-) 
  g116514/X                       -       A->X  R     and2_2x        5 18.0    55    74     420    (-,-) 
  g116343/X                       -       B0->X R     ao22_1x        3 12.3    66    96     517    (-,-) 
  g116297/X                       -       A->X  F     inv_2x         4 12.8    33    38     555    (-,-) 
  g116014/X                       -       A1->X R     oai22_1x       1  5.2    92    62     618    (-,-) 
  g115877/X                       -       B->X  F     nor2_2x        2  6.7    48    59     676    (-,-) 
  g115665/X                       -       A->X  F     oa21_1x        1  3.3    26    71     747    (-,-) 
  g115587/X                       -       A->X  R     nand2_1x       1  5.1    48    40     787    (-,-) 
  g115484/X                       -       C->X  F     aoi21_2x       3  9.6    54    58     845    (-,-) 
  g115376/X                       -       C->X  R     oai21_1x       1  5.2    71    45     890    (-,-) 
  g115321__2802/X                 -       A->X  F     nand3_2x       2  6.5    44    46     936    (-,-) 
  g115314/X                       -       A->X  R     inv_1x         1  3.4    28    28     964    (-,-) 
  g115298__2398/X                 -       A->X  F     nor3_1x        1  3.4    70    38    1002    (-,-) 
  g115137__5122/X                 -       B->X  R     oai21_1x       1  3.7    61    58    1060    (-,-) 
  g115079__6783/X                 -       A->X  F     aoi21_1x       1  3.7    35    42    1102    (-,-) 
  g115029__7482/X                 -       A->X  R     oai21_1x       1  3.6    59    50    1152    (-,-) 
  g114992__2346/X                 -       C->X  F     oai21_1x       1  6.2    73    61    1213    (-,-) 
  g114885__2802/X                 -       A->X  R     aoi21_2x       2  8.0    66    59    1272    (-,-) 
  g114813__5477/X                 -       A->X  R     or2_2x         4 21.9    69    99    1371    (-,-) 
  fopt122271/X                    -       A->X  F     inv_2x         3 21.9    44    51    1422    (-,-) 
  fopt122268/X                    -       A->X  R     inv_6x        20 64.9    57    51    1474    (-,-) 
  g114700__5122/X                 -       A->X  F     oai21_1x       1  2.7    59    36    1510    (-,-) 
  u_cd_larger_mantissa_l_reg[8]/D -       -     F     dffrq_1x       1    -     -     0    1510    (-,-) 
#--------------------------------------------------------------------------------------------------------

Capture clock path:
#----------------------------------------------------------------------------------------------------------
#           Timing Point            Flags   Arc   Edge   Cell     Fanout Load Trans Delay Arrival Instance 
#                                                                        (fF)  (ps)  (ps)   (ps)  Location 
#----------------------------------------------------------------------------------------------------------
  clk                               (i)     -     R     (arrival)    143  0.0     1     0    1667    (-,-) 
  u_cd_larger_mantissa_l_reg[8]/CLK <<<     -     R     dffrq_1x     143    -     1     0    1667    (-,-) 
#----------------------------------------------------------------------------------------------------------



Path 86: MET (13 ps) Setup Check with Pin u_cd_larger_mantissa_l_reg[5]/CLK->D
           View: view_1p2_25
          Group: clock1
     Startpoint: (R) c[11]
          Clock: (R) clock1
       Endpoint: (F) u_cd_larger_mantissa_l_reg[5]/D
          Clock: (R) clock1

                     Capture       Launch     
        Clock Edge:+    1667            0     
        Drv Adjust:+       0            9     
       Src Latency:+       0            0     
       Net Latency:+       0 (I)        0 (I) 
           Arrival:=    1667            9     
                                              
             Setup:-     144                  
       Uncertainty:-       0                  
     Required Time:=    1523                  
      Launch Clock:-       9                  
       Input Delay:-       1                  
         Data Path:-    1500                  
             Slack:=      13                  

Exceptions/Constraints:
  input_delay              1              add4_fp16.sdc_line_20_39_1   

#--------------------------------------------------------------------------------------------------------
#          Timing Point           Flags   Arc   Edge   Cell     Fanout Load Trans Delay Arrival Instance 
#                                                                      (fF)  (ps)  (ps)   (ps)  Location 
#--------------------------------------------------------------------------------------------------------
  c[11]                           -       -     R     (arrival)      5 27.9    20     0      10    (-,-) 
  g117645/X                       -       B->X  F     nand2_4x       1  9.4    20    27      37    (-,-) 
  g117425/X                       -       C->X  R     oai21_4x       2 12.1    48    34      71    (-,-) 
  g117190/X                       -       A->X  F     nand2_4x       2 13.0    29    34     104    (-,-) 
  g117000/X                       -       A->X  R     nand2_4x       2 13.0    38    33     137    (-,-) 
  g122881/X                       -       A->X  F     nand2_4x       2 13.3    26    31     168    (-,-) 
  g122885/X                       -       A->X  R     aoi21_4x       2 12.1    56    42     211    (-,-) 
  g122887/X                       -       A->X  F     nand2_4x       1  9.8    28    32     242    (-,-) 
  g116624/X                       -       A->X  R     nand2_4x       2 20.9    49    41     283    (-,-) 
  g116611/X                       -       A->X  F     inv_6x         5 39.5    29    35     319    (-,-) 
  g116614/X                       -       A->X  R     inv_4x         3 17.1    27    28     347    (-,-) 
  g116514/X                       -       A->X  R     and2_2x        5 18.0    55    74     420    (-,-) 
  g116343/X                       -       B0->X R     ao22_1x        3 12.3    66    96     517    (-,-) 
  g116297/X                       -       A->X  F     inv_2x         4 12.8    33    38     555    (-,-) 
  g116014/X                       -       A1->X R     oai22_1x       1  5.2    92    62     618    (-,-) 
  g115877/X                       -       B->X  F     nor2_2x        2  6.7    48    59     676    (-,-) 
  g115665/X                       -       A->X  F     oa21_1x        1  3.3    26    71     747    (-,-) 
  g115587/X                       -       A->X  R     nand2_1x       1  5.1    48    40     787    (-,-) 
  g115484/X                       -       C->X  F     aoi21_2x       3  9.6    54    58     845    (-,-) 
  g115376/X                       -       C->X  R     oai21_1x       1  5.2    71    45     890    (-,-) 
  g115321__2802/X                 -       A->X  F     nand3_2x       2  6.5    44    46     936    (-,-) 
  g115314/X                       -       A->X  R     inv_1x         1  3.4    28    28     964    (-,-) 
  g115298__2398/X                 -       A->X  F     nor3_1x        1  3.4    70    38    1002    (-,-) 
  g115137__5122/X                 -       B->X  R     oai21_1x       1  3.7    61    58    1060    (-,-) 
  g115079__6783/X                 -       A->X  F     aoi21_1x       1  3.7    35    42    1102    (-,-) 
  g115029__7482/X                 -       A->X  R     oai21_1x       1  3.6    59    50    1152    (-,-) 
  g114992__2346/X                 -       C->X  F     oai21_1x       1  6.2    73    61    1213    (-,-) 
  g114885__2802/X                 -       A->X  R     aoi21_2x       2  8.0    66    59    1272    (-,-) 
  g114813__5477/X                 -       A->X  R     or2_2x         4 21.9    69    99    1371    (-,-) 
  fopt122271/X                    -       A->X  F     inv_2x         3 21.9    44    51    1422    (-,-) 
  fopt122268/X                    -       A->X  R     inv_6x        20 64.9    57    51    1474    (-,-) 
  g114697__1617/X                 -       A->X  F     oai21_1x       1  2.7    59    36    1510    (-,-) 
  u_cd_larger_mantissa_l_reg[5]/D -       -     F     dffrq_1x       1    -     -     0    1510    (-,-) 
#--------------------------------------------------------------------------------------------------------

Capture clock path:
#----------------------------------------------------------------------------------------------------------
#           Timing Point            Flags   Arc   Edge   Cell     Fanout Load Trans Delay Arrival Instance 
#                                                                        (fF)  (ps)  (ps)   (ps)  Location 
#----------------------------------------------------------------------------------------------------------
  clk                               (i)     -     R     (arrival)    143  0.0     1     0    1667    (-,-) 
  u_cd_larger_mantissa_l_reg[5]/CLK <<<     -     R     dffrq_1x     143    -     1     0    1667    (-,-) 
#----------------------------------------------------------------------------------------------------------



Path 87: MET (13 ps) Setup Check with Pin u_cd_smaller_mantissa_l_reg[6]/CLK->D
           View: view_1p2_25
          Group: clock1
     Startpoint: (R) c[11]
          Clock: (R) clock1
       Endpoint: (F) u_cd_smaller_mantissa_l_reg[6]/D
          Clock: (R) clock1

                     Capture       Launch     
        Clock Edge:+    1667            0     
        Drv Adjust:+       0            9     
       Src Latency:+       0            0     
       Net Latency:+       0 (I)        0 (I) 
           Arrival:=    1667            9     
                                              
             Setup:-     143                  
       Uncertainty:-       0                  
     Required Time:=    1523                  
      Launch Clock:-       9                  
       Input Delay:-       1                  
         Data Path:-    1500                  
             Slack:=      13                  

Exceptions/Constraints:
  input_delay              1              add4_fp16.sdc_line_20_39_1   

#---------------------------------------------------------------------------------------------------------
#          Timing Point            Flags   Arc   Edge   Cell     Fanout Load Trans Delay Arrival Instance 
#                                                                       (fF)  (ps)  (ps)   (ps)  Location 
#---------------------------------------------------------------------------------------------------------
  c[11]                            -       -     R     (arrival)      5 27.9    20     0      10    (-,-) 
  g117645/X                        -       B->X  F     nand2_4x       1  9.4    20    27      37    (-,-) 
  g117425/X                        -       C->X  R     oai21_4x       2 12.1    48    34      71    (-,-) 
  g117190/X                        -       A->X  F     nand2_4x       2 13.0    29    34     104    (-,-) 
  g117000/X                        -       A->X  R     nand2_4x       2 13.0    38    33     137    (-,-) 
  g122881/X                        -       A->X  F     nand2_4x       2 13.3    26    31     168    (-,-) 
  g122885/X                        -       A->X  R     aoi21_4x       2 12.1    56    42     211    (-,-) 
  g122887/X                        -       A->X  F     nand2_4x       1  9.8    28    32     242    (-,-) 
  g116624/X                        -       A->X  R     nand2_4x       2 20.9    49    41     283    (-,-) 
  g116611/X                        -       A->X  F     inv_6x         5 39.5    29    35     319    (-,-) 
  g116614/X                        -       A->X  R     inv_4x         3 17.1    27    28     347    (-,-) 
  g116514/X                        -       A->X  R     and2_2x        5 18.0    55    74     420    (-,-) 
  g116343/X                        -       B0->X R     ao22_1x        3 12.3    66    96     517    (-,-) 
  g116297/X                        -       A->X  F     inv_2x         4 12.8    33    38     555    (-,-) 
  g116014/X                        -       A1->X R     oai22_1x       1  5.2    92    62     618    (-,-) 
  g115877/X                        -       B->X  F     nor2_2x        2  6.7    48    59     676    (-,-) 
  g115665/X                        -       A->X  F     oa21_1x        1  3.3    26    71     747    (-,-) 
  g115587/X                        -       A->X  R     nand2_1x       1  5.1    48    40     787    (-,-) 
  g115484/X                        -       C->X  F     aoi21_2x       3  9.6    54    58     845    (-,-) 
  g115376/X                        -       C->X  R     oai21_1x       1  5.2    71    45     890    (-,-) 
  g115321__2802/X                  -       A->X  F     nand3_2x       2  6.5    44    46     936    (-,-) 
  g115314/X                        -       A->X  R     inv_1x         1  3.4    28    28     964    (-,-) 
  g115298__2398/X                  -       A->X  F     nor3_1x        1  3.4    70    38    1002    (-,-) 
  g115137__5122/X                  -       B->X  R     oai21_1x       1  3.7    61    58    1060    (-,-) 
  g115079__6783/X                  -       A->X  F     aoi21_1x       1  3.7    35    42    1102    (-,-) 
  g115029__7482/X                  -       A->X  R     oai21_1x       1  3.6    59    50    1152    (-,-) 
  g114992__2346/X                  -       C->X  F     oai21_1x       1  6.2    73    61    1213    (-,-) 
  g114885__2802/X                  -       A->X  R     aoi21_2x       2  8.0    66    59    1272    (-,-) 
  g114813__5477/X                  -       A->X  R     or2_2x         4 21.9    69    99    1371    (-,-) 
  fopt122271/X                     -       A->X  F     inv_2x         3 21.9    44    51    1422    (-,-) 
  fopt122268/X                     -       A->X  R     inv_6x        20 64.9    57    51    1474    (-,-) 
  g114679__118226/X                -       A->X  F     oai21_1x       1  2.7    36    36    1510    (-,-) 
  u_cd_smaller_mantissa_l_reg[6]/D -       -     F     dffrq_1x       1    -     -     0    1510    (-,-) 
#---------------------------------------------------------------------------------------------------------

Capture clock path:
#-----------------------------------------------------------------------------------------------------------
#           Timing Point             Flags   Arc   Edge   Cell     Fanout Load Trans Delay Arrival Instance 
#                                                                         (fF)  (ps)  (ps)   (ps)  Location 
#-----------------------------------------------------------------------------------------------------------
  clk                                (i)     -     R     (arrival)    143  0.0     1     0    1667    (-,-) 
  u_cd_smaller_mantissa_l_reg[6]/CLK <<<     -     R     dffrq_1x     143    -     1     0    1667    (-,-) 
#-----------------------------------------------------------------------------------------------------------



Path 88: MET (13 ps) Setup Check with Pin u_cd_smaller_mantissa_l_reg[4]/CLK->D
           View: view_1p2_25
          Group: clock1
     Startpoint: (R) c[11]
          Clock: (R) clock1
       Endpoint: (F) u_cd_smaller_mantissa_l_reg[4]/D
          Clock: (R) clock1

                     Capture       Launch     
        Clock Edge:+    1667            0     
        Drv Adjust:+       0            9     
       Src Latency:+       0            0     
       Net Latency:+       0 (I)        0 (I) 
           Arrival:=    1667            9     
                                              
             Setup:-     143                  
       Uncertainty:-       0                  
     Required Time:=    1523                  
      Launch Clock:-       9                  
       Input Delay:-       1                  
         Data Path:-    1500                  
             Slack:=      13                  

Exceptions/Constraints:
  input_delay              1              add4_fp16.sdc_line_20_39_1   

#---------------------------------------------------------------------------------------------------------
#          Timing Point            Flags   Arc   Edge   Cell     Fanout Load Trans Delay Arrival Instance 
#                                                                       (fF)  (ps)  (ps)   (ps)  Location 
#---------------------------------------------------------------------------------------------------------
  c[11]                            -       -     R     (arrival)      5 27.9    20     0      10    (-,-) 
  g117645/X                        -       B->X  F     nand2_4x       1  9.4    20    27      37    (-,-) 
  g117425/X                        -       C->X  R     oai21_4x       2 12.1    48    34      71    (-,-) 
  g117190/X                        -       A->X  F     nand2_4x       2 13.0    29    34     104    (-,-) 
  g117000/X                        -       A->X  R     nand2_4x       2 13.0    38    33     137    (-,-) 
  g122881/X                        -       A->X  F     nand2_4x       2 13.3    26    31     168    (-,-) 
  g122885/X                        -       A->X  R     aoi21_4x       2 12.1    56    42     211    (-,-) 
  g122887/X                        -       A->X  F     nand2_4x       1  9.8    28    32     242    (-,-) 
  g116624/X                        -       A->X  R     nand2_4x       2 20.9    49    41     283    (-,-) 
  g116611/X                        -       A->X  F     inv_6x         5 39.5    29    35     319    (-,-) 
  g116614/X                        -       A->X  R     inv_4x         3 17.1    27    28     347    (-,-) 
  g116514/X                        -       A->X  R     and2_2x        5 18.0    55    74     420    (-,-) 
  g116343/X                        -       B0->X R     ao22_1x        3 12.3    66    96     517    (-,-) 
  g116297/X                        -       A->X  F     inv_2x         4 12.8    33    38     555    (-,-) 
  g116014/X                        -       A1->X R     oai22_1x       1  5.2    92    62     618    (-,-) 
  g115877/X                        -       B->X  F     nor2_2x        2  6.7    48    59     676    (-,-) 
  g115665/X                        -       A->X  F     oa21_1x        1  3.3    26    71     747    (-,-) 
  g115587/X                        -       A->X  R     nand2_1x       1  5.1    48    40     787    (-,-) 
  g115484/X                        -       C->X  F     aoi21_2x       3  9.6    54    58     845    (-,-) 
  g115376/X                        -       C->X  R     oai21_1x       1  5.2    71    45     890    (-,-) 
  g115321__2802/X                  -       A->X  F     nand3_2x       2  6.5    44    46     936    (-,-) 
  g115314/X                        -       A->X  R     inv_1x         1  3.4    28    28     964    (-,-) 
  g115298__2398/X                  -       A->X  F     nor3_1x        1  3.4    70    38    1002    (-,-) 
  g115137__5122/X                  -       B->X  R     oai21_1x       1  3.7    61    58    1060    (-,-) 
  g115079__6783/X                  -       A->X  F     aoi21_1x       1  3.7    35    42    1102    (-,-) 
  g115029__7482/X                  -       A->X  R     oai21_1x       1  3.6    59    50    1152    (-,-) 
  g114992__2346/X                  -       C->X  F     oai21_1x       1  6.2    73    61    1213    (-,-) 
  g114885__2802/X                  -       A->X  R     aoi21_2x       2  8.0    66    59    1272    (-,-) 
  g114813__5477/X                  -       A->X  R     or2_2x         4 21.9    69    99    1371    (-,-) 
  fopt122271/X                     -       A->X  F     inv_2x         3 21.9    44    51    1422    (-,-) 
  fopt122268/X                     -       A->X  R     inv_6x        20 64.9    57    51    1474    (-,-) 
  g114682__6260/X                  -       A->X  F     oai21_1x       1  2.7    36    36    1510    (-,-) 
  u_cd_smaller_mantissa_l_reg[4]/D -       -     F     dffrq_1x       1    -     -     0    1510    (-,-) 
#---------------------------------------------------------------------------------------------------------

Capture clock path:
#-----------------------------------------------------------------------------------------------------------
#           Timing Point             Flags   Arc   Edge   Cell     Fanout Load Trans Delay Arrival Instance 
#                                                                         (fF)  (ps)  (ps)   (ps)  Location 
#-----------------------------------------------------------------------------------------------------------
  clk                                (i)     -     R     (arrival)    143  0.0     1     0    1667    (-,-) 
  u_cd_smaller_mantissa_l_reg[4]/CLK <<<     -     R     dffrq_1x     143    -     1     0    1667    (-,-) 
#-----------------------------------------------------------------------------------------------------------



Path 89: MET (13 ps) Setup Check with Pin u_cd_smaller_mantissa_l_reg[7]/CLK->D
           View: view_1p2_25
          Group: clock1
     Startpoint: (R) c[11]
          Clock: (R) clock1
       Endpoint: (F) u_cd_smaller_mantissa_l_reg[7]/D
          Clock: (R) clock1

                     Capture       Launch     
        Clock Edge:+    1667            0     
        Drv Adjust:+       0            9     
       Src Latency:+       0            0     
       Net Latency:+       0 (I)        0 (I) 
           Arrival:=    1667            9     
                                              
             Setup:-     143                  
       Uncertainty:-       0                  
     Required Time:=    1523                  
      Launch Clock:-       9                  
       Input Delay:-       1                  
         Data Path:-    1500                  
             Slack:=      13                  

Exceptions/Constraints:
  input_delay              1              add4_fp16.sdc_line_20_39_1   

#---------------------------------------------------------------------------------------------------------
#          Timing Point            Flags   Arc   Edge   Cell     Fanout Load Trans Delay Arrival Instance 
#                                                                       (fF)  (ps)  (ps)   (ps)  Location 
#---------------------------------------------------------------------------------------------------------
  c[11]                            -       -     R     (arrival)      5 27.9    20     0      10    (-,-) 
  g117645/X                        -       B->X  F     nand2_4x       1  9.4    20    27      37    (-,-) 
  g117425/X                        -       C->X  R     oai21_4x       2 12.1    48    34      71    (-,-) 
  g117190/X                        -       A->X  F     nand2_4x       2 13.0    29    34     104    (-,-) 
  g117000/X                        -       A->X  R     nand2_4x       2 13.0    38    33     137    (-,-) 
  g122881/X                        -       A->X  F     nand2_4x       2 13.3    26    31     168    (-,-) 
  g122885/X                        -       A->X  R     aoi21_4x       2 12.1    56    42     211    (-,-) 
  g122887/X                        -       A->X  F     nand2_4x       1  9.8    28    32     242    (-,-) 
  g116624/X                        -       A->X  R     nand2_4x       2 20.9    49    41     283    (-,-) 
  g116611/X                        -       A->X  F     inv_6x         5 39.5    29    35     319    (-,-) 
  g116614/X                        -       A->X  R     inv_4x         3 17.1    27    28     347    (-,-) 
  g116514/X                        -       A->X  R     and2_2x        5 18.0    55    74     420    (-,-) 
  g116343/X                        -       B0->X R     ao22_1x        3 12.3    66    96     517    (-,-) 
  g116297/X                        -       A->X  F     inv_2x         4 12.8    33    38     555    (-,-) 
  g116014/X                        -       A1->X R     oai22_1x       1  5.2    92    62     618    (-,-) 
  g115877/X                        -       B->X  F     nor2_2x        2  6.7    48    59     676    (-,-) 
  g115665/X                        -       A->X  F     oa21_1x        1  3.3    26    71     747    (-,-) 
  g115587/X                        -       A->X  R     nand2_1x       1  5.1    48    40     787    (-,-) 
  g115484/X                        -       C->X  F     aoi21_2x       3  9.6    54    58     845    (-,-) 
  g115376/X                        -       C->X  R     oai21_1x       1  5.2    71    45     890    (-,-) 
  g115321__2802/X                  -       A->X  F     nand3_2x       2  6.5    44    46     936    (-,-) 
  g115314/X                        -       A->X  R     inv_1x         1  3.4    28    28     964    (-,-) 
  g115298__2398/X                  -       A->X  F     nor3_1x        1  3.4    70    38    1002    (-,-) 
  g115137__5122/X                  -       B->X  R     oai21_1x       1  3.7    61    58    1060    (-,-) 
  g115079__6783/X                  -       A->X  F     aoi21_1x       1  3.7    35    42    1102    (-,-) 
  g115029__7482/X                  -       A->X  R     oai21_1x       1  3.6    59    50    1152    (-,-) 
  g114992__2346/X                  -       C->X  F     oai21_1x       1  6.2    73    61    1213    (-,-) 
  g114885__2802/X                  -       A->X  R     aoi21_2x       2  8.0    66    59    1272    (-,-) 
  g114813__5477/X                  -       A->X  R     or2_2x         4 21.9    69    99    1371    (-,-) 
  fopt122271/X                     -       A->X  F     inv_2x         3 21.9    44    51    1422    (-,-) 
  fopt122268/X                     -       A->X  R     inv_6x        20 64.9    57    51    1474    (-,-) 
  g114683__118246/X                -       A->X  F     oai21_1x       1  2.7    36    36    1510    (-,-) 
  u_cd_smaller_mantissa_l_reg[7]/D -       -     F     dffrq_1x       1    -     -     0    1510    (-,-) 
#---------------------------------------------------------------------------------------------------------

Capture clock path:
#-----------------------------------------------------------------------------------------------------------
#           Timing Point             Flags   Arc   Edge   Cell     Fanout Load Trans Delay Arrival Instance 
#                                                                         (fF)  (ps)  (ps)   (ps)  Location 
#-----------------------------------------------------------------------------------------------------------
  clk                                (i)     -     R     (arrival)    143  0.0     1     0    1667    (-,-) 
  u_cd_smaller_mantissa_l_reg[7]/CLK <<<     -     R     dffrq_1x     143    -     1     0    1667    (-,-) 
#-----------------------------------------------------------------------------------------------------------



Path 90: MET (13 ps) Setup Check with Pin u_cd_smaller_mantissa_l_reg[2]/CLK->D
           View: view_1p2_25
          Group: clock1
     Startpoint: (R) c[11]
          Clock: (R) clock1
       Endpoint: (F) u_cd_smaller_mantissa_l_reg[2]/D
          Clock: (R) clock1

                     Capture       Launch     
        Clock Edge:+    1667            0     
        Drv Adjust:+       0            9     
       Src Latency:+       0            0     
       Net Latency:+       0 (I)        0 (I) 
           Arrival:=    1667            9     
                                              
             Setup:-     143                  
       Uncertainty:-       0                  
     Required Time:=    1523                  
      Launch Clock:-       9                  
       Input Delay:-       1                  
         Data Path:-    1500                  
             Slack:=      13                  

Exceptions/Constraints:
  input_delay              1              add4_fp16.sdc_line_20_39_1   

#---------------------------------------------------------------------------------------------------------
#          Timing Point            Flags   Arc   Edge   Cell     Fanout Load Trans Delay Arrival Instance 
#                                                                       (fF)  (ps)  (ps)   (ps)  Location 
#---------------------------------------------------------------------------------------------------------
  c[11]                            -       -     R     (arrival)      5 27.9    20     0      10    (-,-) 
  g117645/X                        -       B->X  F     nand2_4x       1  9.4    20    27      37    (-,-) 
  g117425/X                        -       C->X  R     oai21_4x       2 12.1    48    34      71    (-,-) 
  g117190/X                        -       A->X  F     nand2_4x       2 13.0    29    34     104    (-,-) 
  g117000/X                        -       A->X  R     nand2_4x       2 13.0    38    33     137    (-,-) 
  g122881/X                        -       A->X  F     nand2_4x       2 13.3    26    31     168    (-,-) 
  g122885/X                        -       A->X  R     aoi21_4x       2 12.1    56    42     211    (-,-) 
  g122887/X                        -       A->X  F     nand2_4x       1  9.8    28    32     242    (-,-) 
  g116624/X                        -       A->X  R     nand2_4x       2 20.9    49    41     283    (-,-) 
  g116611/X                        -       A->X  F     inv_6x         5 39.5    29    35     319    (-,-) 
  g116614/X                        -       A->X  R     inv_4x         3 17.1    27    28     347    (-,-) 
  g116514/X                        -       A->X  R     and2_2x        5 18.0    55    74     420    (-,-) 
  g116343/X                        -       B0->X R     ao22_1x        3 12.3    66    96     517    (-,-) 
  g116297/X                        -       A->X  F     inv_2x         4 12.8    33    38     555    (-,-) 
  g116014/X                        -       A1->X R     oai22_1x       1  5.2    92    62     618    (-,-) 
  g115877/X                        -       B->X  F     nor2_2x        2  6.7    48    59     676    (-,-) 
  g115665/X                        -       A->X  F     oa21_1x        1  3.3    26    71     747    (-,-) 
  g115587/X                        -       A->X  R     nand2_1x       1  5.1    48    40     787    (-,-) 
  g115484/X                        -       C->X  F     aoi21_2x       3  9.6    54    58     845    (-,-) 
  g115376/X                        -       C->X  R     oai21_1x       1  5.2    71    45     890    (-,-) 
  g115321__2802/X                  -       A->X  F     nand3_2x       2  6.5    44    46     936    (-,-) 
  g115314/X                        -       A->X  R     inv_1x         1  3.4    28    28     964    (-,-) 
  g115298__2398/X                  -       A->X  F     nor3_1x        1  3.4    70    38    1002    (-,-) 
  g115137__5122/X                  -       B->X  R     oai21_1x       1  3.7    61    58    1060    (-,-) 
  g115079__6783/X                  -       A->X  F     aoi21_1x       1  3.7    35    42    1102    (-,-) 
  g115029__7482/X                  -       A->X  R     oai21_1x       1  3.6    59    50    1152    (-,-) 
  g114992__2346/X                  -       C->X  F     oai21_1x       1  6.2    73    61    1213    (-,-) 
  g114885__2802/X                  -       A->X  R     aoi21_2x       2  8.0    66    59    1272    (-,-) 
  g114813__5477/X                  -       A->X  R     or2_2x         4 21.9    69    99    1371    (-,-) 
  fopt122271/X                     -       A->X  F     inv_2x         3 21.9    44    51    1422    (-,-) 
  fopt122268/X                     -       A->X  R     inv_6x        20 64.9    57    51    1474    (-,-) 
  g114704__6417/X                  -       A->X  F     oai21_1x       1  2.7    36    36    1510    (-,-) 
  u_cd_smaller_mantissa_l_reg[2]/D -       -     F     dffrq_1x       1    -     -     0    1510    (-,-) 
#---------------------------------------------------------------------------------------------------------

Capture clock path:
#-----------------------------------------------------------------------------------------------------------
#           Timing Point             Flags   Arc   Edge   Cell     Fanout Load Trans Delay Arrival Instance 
#                                                                         (fF)  (ps)  (ps)   (ps)  Location 
#-----------------------------------------------------------------------------------------------------------
  clk                                (i)     -     R     (arrival)    143  0.0     1     0    1667    (-,-) 
  u_cd_smaller_mantissa_l_reg[2]/CLK <<<     -     R     dffrq_1x     143    -     1     0    1667    (-,-) 
#-----------------------------------------------------------------------------------------------------------



Path 91: MET (13 ps) Setup Check with Pin u_cd_smaller_mantissa_l_reg[9]/CLK->D
           View: view_1p2_25
          Group: clock1
     Startpoint: (R) c[11]
          Clock: (R) clock1
       Endpoint: (F) u_cd_smaller_mantissa_l_reg[9]/D
          Clock: (R) clock1

                     Capture       Launch     
        Clock Edge:+    1667            0     
        Drv Adjust:+       0            9     
       Src Latency:+       0            0     
       Net Latency:+       0 (I)        0 (I) 
           Arrival:=    1667            9     
                                              
             Setup:-     143                  
       Uncertainty:-       0                  
     Required Time:=    1523                  
      Launch Clock:-       9                  
       Input Delay:-       1                  
         Data Path:-    1500                  
             Slack:=      13                  

Exceptions/Constraints:
  input_delay              1              add4_fp16.sdc_line_20_39_1   

#---------------------------------------------------------------------------------------------------------
#          Timing Point            Flags   Arc   Edge   Cell     Fanout Load Trans Delay Arrival Instance 
#                                                                       (fF)  (ps)  (ps)   (ps)  Location 
#---------------------------------------------------------------------------------------------------------
  c[11]                            -       -     R     (arrival)      5 27.9    20     0      10    (-,-) 
  g117645/X                        -       B->X  F     nand2_4x       1  9.4    20    27      37    (-,-) 
  g117425/X                        -       C->X  R     oai21_4x       2 12.1    48    34      71    (-,-) 
  g117190/X                        -       A->X  F     nand2_4x       2 13.0    29    34     104    (-,-) 
  g117000/X                        -       A->X  R     nand2_4x       2 13.0    38    33     137    (-,-) 
  g122881/X                        -       A->X  F     nand2_4x       2 13.3    26    31     168    (-,-) 
  g122885/X                        -       A->X  R     aoi21_4x       2 12.1    56    42     211    (-,-) 
  g122887/X                        -       A->X  F     nand2_4x       1  9.8    28    32     242    (-,-) 
  g116624/X                        -       A->X  R     nand2_4x       2 20.9    49    41     283    (-,-) 
  g116611/X                        -       A->X  F     inv_6x         5 39.5    29    35     319    (-,-) 
  g116614/X                        -       A->X  R     inv_4x         3 17.1    27    28     347    (-,-) 
  g116514/X                        -       A->X  R     and2_2x        5 18.0    55    74     420    (-,-) 
  g116343/X                        -       B0->X R     ao22_1x        3 12.3    66    96     517    (-,-) 
  g116297/X                        -       A->X  F     inv_2x         4 12.8    33    38     555    (-,-) 
  g116014/X                        -       A1->X R     oai22_1x       1  5.2    92    62     618    (-,-) 
  g115877/X                        -       B->X  F     nor2_2x        2  6.7    48    59     676    (-,-) 
  g115665/X                        -       A->X  F     oa21_1x        1  3.3    26    71     747    (-,-) 
  g115587/X                        -       A->X  R     nand2_1x       1  5.1    48    40     787    (-,-) 
  g115484/X                        -       C->X  F     aoi21_2x       3  9.6    54    58     845    (-,-) 
  g115376/X                        -       C->X  R     oai21_1x       1  5.2    71    45     890    (-,-) 
  g115321__2802/X                  -       A->X  F     nand3_2x       2  6.5    44    46     936    (-,-) 
  g115314/X                        -       A->X  R     inv_1x         1  3.4    28    28     964    (-,-) 
  g115298__2398/X                  -       A->X  F     nor3_1x        1  3.4    70    38    1002    (-,-) 
  g115137__5122/X                  -       B->X  R     oai21_1x       1  3.7    61    58    1060    (-,-) 
  g115079__6783/X                  -       A->X  F     aoi21_1x       1  3.7    35    42    1102    (-,-) 
  g115029__7482/X                  -       A->X  R     oai21_1x       1  3.6    59    50    1152    (-,-) 
  g114992__2346/X                  -       C->X  F     oai21_1x       1  6.2    73    61    1213    (-,-) 
  g114885__2802/X                  -       A->X  R     aoi21_2x       2  8.0    66    59    1272    (-,-) 
  g114813__5477/X                  -       A->X  R     or2_2x         4 21.9    69    99    1371    (-,-) 
  fopt122271/X                     -       A->X  F     inv_2x         3 21.9    44    51    1422    (-,-) 
  fopt122268/X                     -       A->X  R     inv_6x        20 64.9    57    51    1474    (-,-) 
  g114708__2346/X                  -       A->X  F     oai21_1x       1  2.7    36    36    1510    (-,-) 
  u_cd_smaller_mantissa_l_reg[9]/D -       -     F     dffrq_1x       1    -     -     0    1510    (-,-) 
#---------------------------------------------------------------------------------------------------------

Capture clock path:
#-----------------------------------------------------------------------------------------------------------
#           Timing Point             Flags   Arc   Edge   Cell     Fanout Load Trans Delay Arrival Instance 
#                                                                         (fF)  (ps)  (ps)   (ps)  Location 
#-----------------------------------------------------------------------------------------------------------
  clk                                (i)     -     R     (arrival)    143  0.0     1     0    1667    (-,-) 
  u_cd_smaller_mantissa_l_reg[9]/CLK <<<     -     R     dffrq_1x     143    -     1     0    1667    (-,-) 
#-----------------------------------------------------------------------------------------------------------



Path 92: MET (13 ps) Setup Check with Pin u_cd_larger_mantissa_l_reg[11]/CLK->D
           View: view_1p2_25
          Group: clock1
     Startpoint: (R) c[11]
          Clock: (R) clock1
       Endpoint: (F) u_cd_larger_mantissa_l_reg[11]/D
          Clock: (R) clock1

                     Capture       Launch     
        Clock Edge:+    1667            0     
        Drv Adjust:+       0            9     
       Src Latency:+       0            0     
       Net Latency:+       0 (I)        0 (I) 
           Arrival:=    1667            9     
                                              
             Setup:-     143                  
       Uncertainty:-       0                  
     Required Time:=    1523                  
      Launch Clock:-       9                  
       Input Delay:-       1                  
         Data Path:-    1500                  
             Slack:=      13                  

Exceptions/Constraints:
  input_delay              1              add4_fp16.sdc_line_20_39_1   

#---------------------------------------------------------------------------------------------------------
#          Timing Point            Flags   Arc   Edge   Cell     Fanout Load Trans Delay Arrival Instance 
#                                                                       (fF)  (ps)  (ps)   (ps)  Location 
#---------------------------------------------------------------------------------------------------------
  c[11]                            -       -     R     (arrival)      5 27.9    20     0      10    (-,-) 
  g117645/X                        -       B->X  F     nand2_4x       1  9.4    20    27      37    (-,-) 
  g117425/X                        -       C->X  R     oai21_4x       2 12.1    48    34      71    (-,-) 
  g117190/X                        -       A->X  F     nand2_4x       2 13.0    29    34     104    (-,-) 
  g117000/X                        -       A->X  R     nand2_4x       2 13.0    38    33     137    (-,-) 
  g122881/X                        -       A->X  F     nand2_4x       2 13.3    26    31     168    (-,-) 
  g122885/X                        -       A->X  R     aoi21_4x       2 12.1    56    42     211    (-,-) 
  g122887/X                        -       A->X  F     nand2_4x       1  9.8    28    32     242    (-,-) 
  g116624/X                        -       A->X  R     nand2_4x       2 20.9    49    41     283    (-,-) 
  g116611/X                        -       A->X  F     inv_6x         5 39.5    29    35     319    (-,-) 
  g116614/X                        -       A->X  R     inv_4x         3 17.1    27    28     347    (-,-) 
  g116514/X                        -       A->X  R     and2_2x        5 18.0    55    74     420    (-,-) 
  g116343/X                        -       B0->X R     ao22_1x        3 12.3    66    96     517    (-,-) 
  g116297/X                        -       A->X  F     inv_2x         4 12.8    33    38     555    (-,-) 
  g116014/X                        -       A1->X R     oai22_1x       1  5.2    92    62     618    (-,-) 
  g115877/X                        -       B->X  F     nor2_2x        2  6.7    48    59     676    (-,-) 
  g115665/X                        -       A->X  F     oa21_1x        1  3.3    26    71     747    (-,-) 
  g115587/X                        -       A->X  R     nand2_1x       1  5.1    48    40     787    (-,-) 
  g115484/X                        -       C->X  F     aoi21_2x       3  9.6    54    58     845    (-,-) 
  g115376/X                        -       C->X  R     oai21_1x       1  5.2    71    45     890    (-,-) 
  g115321__2802/X                  -       A->X  F     nand3_2x       2  6.5    44    46     936    (-,-) 
  g115314/X                        -       A->X  R     inv_1x         1  3.4    28    28     964    (-,-) 
  g115298__2398/X                  -       A->X  F     nor3_1x        1  3.4    70    38    1002    (-,-) 
  g115137__5122/X                  -       B->X  R     oai21_1x       1  3.7    61    58    1060    (-,-) 
  g115079__6783/X                  -       A->X  F     aoi21_1x       1  3.7    35    42    1102    (-,-) 
  g115029__7482/X                  -       A->X  R     oai21_1x       1  3.6    59    50    1152    (-,-) 
  g114992__2346/X                  -       C->X  F     oai21_1x       1  6.2    73    61    1213    (-,-) 
  g114885__2802/X                  -       A->X  R     aoi21_2x       2  8.0    66    59    1272    (-,-) 
  g114813__5477/X                  -       A->X  R     or2_2x         4 21.9    69    99    1371    (-,-) 
  fopt122271/X                     -       A->X  F     inv_2x         3 21.9    44    51    1422    (-,-) 
  fopt122268/X                     -       A->X  R     inv_6x        20 64.9    57    51    1474    (-,-) 
  g114703__5477/X                  -       A->X  F     oai21_1x       1  2.7    36    36    1510    (-,-) 
  u_cd_larger_mantissa_l_reg[11]/D -       -     F     dffrq_1x       1    -     -     0    1510    (-,-) 
#---------------------------------------------------------------------------------------------------------

Capture clock path:
#-----------------------------------------------------------------------------------------------------------
#           Timing Point             Flags   Arc   Edge   Cell     Fanout Load Trans Delay Arrival Instance 
#                                                                         (fF)  (ps)  (ps)   (ps)  Location 
#-----------------------------------------------------------------------------------------------------------
  clk                                (i)     -     R     (arrival)    143  0.0     1     0    1667    (-,-) 
  u_cd_larger_mantissa_l_reg[11]/CLK <<<     -     R     dffrq_1x     143    -     1     0    1667    (-,-) 
#-----------------------------------------------------------------------------------------------------------



Path 93: MET (13 ps) Setup Check with Pin u_cd_smaller_mantissa_l_reg[3]/CLK->D
           View: view_1p2_25
          Group: clock1
     Startpoint: (R) c[11]
          Clock: (R) clock1
       Endpoint: (F) u_cd_smaller_mantissa_l_reg[3]/D
          Clock: (R) clock1

                     Capture       Launch     
        Clock Edge:+    1667            0     
        Drv Adjust:+       0            9     
       Src Latency:+       0            0     
       Net Latency:+       0 (I)        0 (I) 
           Arrival:=    1667            9     
                                              
             Setup:-     143                  
       Uncertainty:-       0                  
     Required Time:=    1523                  
      Launch Clock:-       9                  
       Input Delay:-       1                  
         Data Path:-    1500                  
             Slack:=      13                  

Exceptions/Constraints:
  input_delay              1              add4_fp16.sdc_line_20_39_1   

#---------------------------------------------------------------------------------------------------------
#          Timing Point            Flags   Arc   Edge   Cell     Fanout Load Trans Delay Arrival Instance 
#                                                                       (fF)  (ps)  (ps)   (ps)  Location 
#---------------------------------------------------------------------------------------------------------
  c[11]                            -       -     R     (arrival)      5 27.9    20     0      10    (-,-) 
  g117645/X                        -       B->X  F     nand2_4x       1  9.4    20    27      37    (-,-) 
  g117425/X                        -       C->X  R     oai21_4x       2 12.1    48    34      71    (-,-) 
  g117190/X                        -       A->X  F     nand2_4x       2 13.0    29    34     104    (-,-) 
  g117000/X                        -       A->X  R     nand2_4x       2 13.0    38    33     137    (-,-) 
  g122881/X                        -       A->X  F     nand2_4x       2 13.3    26    31     168    (-,-) 
  g122885/X                        -       A->X  R     aoi21_4x       2 12.1    56    42     211    (-,-) 
  g122887/X                        -       A->X  F     nand2_4x       1  9.8    28    32     242    (-,-) 
  g116624/X                        -       A->X  R     nand2_4x       2 20.9    49    41     283    (-,-) 
  g116611/X                        -       A->X  F     inv_6x         5 39.5    29    35     319    (-,-) 
  g116614/X                        -       A->X  R     inv_4x         3 17.1    27    28     347    (-,-) 
  g116514/X                        -       A->X  R     and2_2x        5 18.0    55    74     420    (-,-) 
  g116343/X                        -       B0->X R     ao22_1x        3 12.3    66    96     517    (-,-) 
  g116297/X                        -       A->X  F     inv_2x         4 12.8    33    38     555    (-,-) 
  g116014/X                        -       A1->X R     oai22_1x       1  5.2    92    62     618    (-,-) 
  g115877/X                        -       B->X  F     nor2_2x        2  6.7    48    59     676    (-,-) 
  g115665/X                        -       A->X  F     oa21_1x        1  3.3    26    71     747    (-,-) 
  g115587/X                        -       A->X  R     nand2_1x       1  5.1    48    40     787    (-,-) 
  g115484/X                        -       C->X  F     aoi21_2x       3  9.6    54    58     845    (-,-) 
  g115376/X                        -       C->X  R     oai21_1x       1  5.2    71    45     890    (-,-) 
  g115321__2802/X                  -       A->X  F     nand3_2x       2  6.5    44    46     936    (-,-) 
  g115314/X                        -       A->X  R     inv_1x         1  3.4    28    28     964    (-,-) 
  g115298__2398/X                  -       A->X  F     nor3_1x        1  3.4    70    38    1002    (-,-) 
  g115137__5122/X                  -       B->X  R     oai21_1x       1  3.7    61    58    1060    (-,-) 
  g115079__6783/X                  -       A->X  F     aoi21_1x       1  3.7    35    42    1102    (-,-) 
  g115029__7482/X                  -       A->X  R     oai21_1x       1  3.6    59    50    1152    (-,-) 
  g114992__2346/X                  -       C->X  F     oai21_1x       1  6.2    73    61    1213    (-,-) 
  g114885__2802/X                  -       A->X  R     aoi21_2x       2  8.0    66    59    1272    (-,-) 
  g114813__5477/X                  -       A->X  R     or2_2x         4 21.9    69    99    1371    (-,-) 
  fopt122271/X                     -       A->X  F     inv_2x         3 21.9    44    51    1422    (-,-) 
  fopt122268/X                     -       A->X  R     inv_6x        20 64.9    57    51    1474    (-,-) 
  g114705__7410/X                  -       A->X  F     oai21_1x       1  2.7    38    36    1510    (-,-) 
  u_cd_smaller_mantissa_l_reg[3]/D -       -     F     dffrq_1x       1    -     -     0    1510    (-,-) 
#---------------------------------------------------------------------------------------------------------

Capture clock path:
#-----------------------------------------------------------------------------------------------------------
#           Timing Point             Flags   Arc   Edge   Cell     Fanout Load Trans Delay Arrival Instance 
#                                                                         (fF)  (ps)  (ps)   (ps)  Location 
#-----------------------------------------------------------------------------------------------------------
  clk                                (i)     -     R     (arrival)    143  0.0     1     0    1667    (-,-) 
  u_cd_smaller_mantissa_l_reg[3]/CLK <<<     -     R     dffrq_1x     143    -     1     0    1667    (-,-) 
#-----------------------------------------------------------------------------------------------------------



Path 94: MET (13 ps) Setup Check with Pin u_cd_smaller_mantissa_l_reg[11]/CLK->D
           View: view_1p2_25
          Group: clock1
     Startpoint: (R) c[11]
          Clock: (R) clock1
       Endpoint: (F) u_cd_smaller_mantissa_l_reg[11]/D
          Clock: (R) clock1

                     Capture       Launch     
        Clock Edge:+    1667            0     
        Drv Adjust:+       0            9     
       Src Latency:+       0            0     
       Net Latency:+       0 (I)        0 (I) 
           Arrival:=    1667            9     
                                              
             Setup:-     143                  
       Uncertainty:-       0                  
     Required Time:=    1524                  
      Launch Clock:-       9                  
       Input Delay:-       1                  
         Data Path:-    1500                  
             Slack:=      13                  

Exceptions/Constraints:
  input_delay              1              add4_fp16.sdc_line_20_39_1   

#----------------------------------------------------------------------------------------------------------
#           Timing Point            Flags   Arc   Edge   Cell     Fanout Load Trans Delay Arrival Instance 
#                                                                        (fF)  (ps)  (ps)   (ps)  Location 
#----------------------------------------------------------------------------------------------------------
  c[11]                             -       -     R     (arrival)      5 27.9    20     0      10    (-,-) 
  g117645/X                         -       B->X  F     nand2_4x       1  9.4    20    27      37    (-,-) 
  g117425/X                         -       C->X  R     oai21_4x       2 12.1    48    34      71    (-,-) 
  g117190/X                         -       A->X  F     nand2_4x       2 13.0    29    34     104    (-,-) 
  g117000/X                         -       A->X  R     nand2_4x       2 13.0    38    33     137    (-,-) 
  g122881/X                         -       A->X  F     nand2_4x       2 13.3    26    31     168    (-,-) 
  g122885/X                         -       A->X  R     aoi21_4x       2 12.1    56    42     211    (-,-) 
  g122887/X                         -       A->X  F     nand2_4x       1  9.8    28    32     242    (-,-) 
  g116624/X                         -       A->X  R     nand2_4x       2 20.9    49    41     283    (-,-) 
  g116611/X                         -       A->X  F     inv_6x         5 39.5    29    35     319    (-,-) 
  g116614/X                         -       A->X  R     inv_4x         3 17.1    27    28     347    (-,-) 
  g116514/X                         -       A->X  R     and2_2x        5 18.0    55    74     420    (-,-) 
  g116343/X                         -       B0->X R     ao22_1x        3 12.3    66    96     517    (-,-) 
  g116297/X                         -       A->X  F     inv_2x         4 12.8    33    38     555    (-,-) 
  g116014/X                         -       A1->X R     oai22_1x       1  5.2    92    62     618    (-,-) 
  g115877/X                         -       B->X  F     nor2_2x        2  6.7    48    59     676    (-,-) 
  g115665/X                         -       A->X  F     oa21_1x        1  3.3    26    71     747    (-,-) 
  g115587/X                         -       A->X  R     nand2_1x       1  5.1    48    40     787    (-,-) 
  g115484/X                         -       C->X  F     aoi21_2x       3  9.6    54    58     845    (-,-) 
  g115376/X                         -       C->X  R     oai21_1x       1  5.2    71    45     890    (-,-) 
  g115321__2802/X                   -       A->X  F     nand3_2x       2  6.5    44    46     936    (-,-) 
  g115314/X                         -       A->X  R     inv_1x         1  3.4    28    28     964    (-,-) 
  g115298__2398/X                   -       A->X  F     nor3_1x        1  3.4    70    38    1002    (-,-) 
  g115137__5122/X                   -       B->X  R     oai21_1x       1  3.7    61    58    1060    (-,-) 
  g115079__6783/X                   -       A->X  F     aoi21_1x       1  3.7    35    42    1102    (-,-) 
  g115029__7482/X                   -       A->X  R     oai21_1x       1  3.6    59    50    1152    (-,-) 
  g114992__2346/X                   -       C->X  F     oai21_1x       1  6.2    73    61    1213    (-,-) 
  g114885__2802/X                   -       A->X  R     aoi21_2x       2  8.0    66    59    1272    (-,-) 
  g114813__5477/X                   -       A->X  R     or2_2x         4 21.9    69    99    1371    (-,-) 
  fopt122271/X                      -       A->X  F     inv_2x         3 21.9    44    51    1422    (-,-) 
  fopt122268/X                      -       A->X  R     inv_6x        20 64.9    57    51    1474    (-,-) 
  g114702__7098/X                   -       A->X  F     oai21_1x       1  2.7    45    36    1510    (-,-) 
  u_cd_smaller_mantissa_l_reg[11]/D -       -     F     dffrq_1x       1    -     -     0    1510    (-,-) 
#----------------------------------------------------------------------------------------------------------

Capture clock path:
#------------------------------------------------------------------------------------------------------------
#            Timing Point             Flags   Arc   Edge   Cell     Fanout Load Trans Delay Arrival Instance 
#                                                                          (fF)  (ps)  (ps)   (ps)  Location 
#------------------------------------------------------------------------------------------------------------
  clk                                 (i)     -     R     (arrival)    143  0.0     1     0    1667    (-,-) 
  u_cd_smaller_mantissa_l_reg[11]/CLK <<<     -     R     dffrq_1x     143    -     1     0    1667    (-,-) 
#------------------------------------------------------------------------------------------------------------



Path 95: MET (13 ps) Setup Check with Pin u_cd_larger_mantissa_l_reg[4]/CLK->D
           View: view_1p2_25
          Group: clock1
     Startpoint: (R) c[11]
          Clock: (R) clock1
       Endpoint: (F) u_cd_larger_mantissa_l_reg[4]/D
          Clock: (R) clock1

                     Capture       Launch     
        Clock Edge:+    1667            0     
        Drv Adjust:+       0            9     
       Src Latency:+       0            0     
       Net Latency:+       0 (I)        0 (I) 
           Arrival:=    1667            9     
                                              
             Setup:-     143                  
       Uncertainty:-       0                  
     Required Time:=    1524                  
      Launch Clock:-       9                  
       Input Delay:-       1                  
         Data Path:-    1500                  
             Slack:=      13                  

Exceptions/Constraints:
  input_delay              1              add4_fp16.sdc_line_20_39_1   

#--------------------------------------------------------------------------------------------------------
#          Timing Point           Flags   Arc   Edge   Cell     Fanout Load Trans Delay Arrival Instance 
#                                                                      (fF)  (ps)  (ps)   (ps)  Location 
#--------------------------------------------------------------------------------------------------------
  c[11]                           -       -     R     (arrival)      5 27.9    20     0      10    (-,-) 
  g117645/X                       -       B->X  F     nand2_4x       1  9.4    20    27      37    (-,-) 
  g117425/X                       -       C->X  R     oai21_4x       2 12.1    48    34      71    (-,-) 
  g117190/X                       -       A->X  F     nand2_4x       2 13.0    29    34     104    (-,-) 
  g117000/X                       -       A->X  R     nand2_4x       2 13.0    38    33     137    (-,-) 
  g122881/X                       -       A->X  F     nand2_4x       2 13.3    26    31     168    (-,-) 
  g122885/X                       -       A->X  R     aoi21_4x       2 12.1    56    42     211    (-,-) 
  g122887/X                       -       A->X  F     nand2_4x       1  9.8    28    32     242    (-,-) 
  g116624/X                       -       A->X  R     nand2_4x       2 20.9    49    41     283    (-,-) 
  g116611/X                       -       A->X  F     inv_6x         5 39.5    29    35     319    (-,-) 
  g116614/X                       -       A->X  R     inv_4x         3 17.1    27    28     347    (-,-) 
  g116514/X                       -       A->X  R     and2_2x        5 18.0    55    74     420    (-,-) 
  g116343/X                       -       B0->X R     ao22_1x        3 12.3    66    96     517    (-,-) 
  g116297/X                       -       A->X  F     inv_2x         4 12.8    33    38     555    (-,-) 
  g116014/X                       -       A1->X R     oai22_1x       1  5.2    92    62     618    (-,-) 
  g115877/X                       -       B->X  F     nor2_2x        2  6.7    48    59     676    (-,-) 
  g115665/X                       -       A->X  F     oa21_1x        1  3.3    26    71     747    (-,-) 
  g115587/X                       -       A->X  R     nand2_1x       1  5.1    48    40     787    (-,-) 
  g115484/X                       -       C->X  F     aoi21_2x       3  9.6    54    58     845    (-,-) 
  g115376/X                       -       C->X  R     oai21_1x       1  5.2    71    45     890    (-,-) 
  g115321__2802/X                 -       A->X  F     nand3_2x       2  6.5    44    46     936    (-,-) 
  g115314/X                       -       A->X  R     inv_1x         1  3.4    28    28     964    (-,-) 
  g115298__2398/X                 -       A->X  F     nor3_1x        1  3.4    70    38    1002    (-,-) 
  g115137__5122/X                 -       B->X  R     oai21_1x       1  3.7    61    58    1060    (-,-) 
  g115079__6783/X                 -       A->X  F     aoi21_1x       1  3.7    35    42    1102    (-,-) 
  g115029__7482/X                 -       A->X  R     oai21_1x       1  3.6    59    50    1152    (-,-) 
  g114992__2346/X                 -       C->X  F     oai21_1x       1  6.2    73    61    1213    (-,-) 
  g114885__2802/X                 -       A->X  R     aoi21_2x       2  8.0    66    59    1272    (-,-) 
  g114813__5477/X                 -       A->X  R     or2_2x         4 21.9    69    99    1371    (-,-) 
  fopt122271/X                    -       A->X  F     inv_2x         3 21.9    44    51    1422    (-,-) 
  fopt122268/X                    -       A->X  R     inv_6x        20 64.9    57    51    1474    (-,-) 
  g114696__3680/X                 -       A->X  F     oai21_1x       1  2.7    56    36    1510    (-,-) 
  u_cd_larger_mantissa_l_reg[4]/D -       -     F     dffrq_1x       1    -     -     0    1510    (-,-) 
#--------------------------------------------------------------------------------------------------------

Capture clock path:
#----------------------------------------------------------------------------------------------------------
#           Timing Point            Flags   Arc   Edge   Cell     Fanout Load Trans Delay Arrival Instance 
#                                                                        (fF)  (ps)  (ps)   (ps)  Location 
#----------------------------------------------------------------------------------------------------------
  clk                               (i)     -     R     (arrival)    143  0.0     1     0    1667    (-,-) 
  u_cd_larger_mantissa_l_reg[4]/CLK <<<     -     R     dffrq_1x     143    -     1     0    1667    (-,-) 
#----------------------------------------------------------------------------------------------------------



Path 96: MET (14 ps) Setup Check with Pin u_cd_smaller_mantissa_l_reg[5]/CLK->D
           View: view_1p2_25
          Group: clock1
     Startpoint: (R) c[11]
          Clock: (R) clock1
       Endpoint: (F) u_cd_smaller_mantissa_l_reg[5]/D
          Clock: (R) clock1

                     Capture       Launch     
        Clock Edge:+    1667            0     
        Drv Adjust:+       0            9     
       Src Latency:+       0            0     
       Net Latency:+       0 (I)        0 (I) 
           Arrival:=    1667            9     
                                              
             Setup:-     143                  
       Uncertainty:-       0                  
     Required Time:=    1524                  
      Launch Clock:-       9                  
       Input Delay:-       1                  
         Data Path:-    1500                  
             Slack:=      14                  

Exceptions/Constraints:
  input_delay              1              add4_fp16.sdc_line_20_39_1   

#---------------------------------------------------------------------------------------------------------
#          Timing Point            Flags   Arc   Edge   Cell     Fanout Load Trans Delay Arrival Instance 
#                                                                       (fF)  (ps)  (ps)   (ps)  Location 
#---------------------------------------------------------------------------------------------------------
  c[11]                            -       -     R     (arrival)      5 27.9    20     0      10    (-,-) 
  g117645/X                        -       B->X  F     nand2_4x       1  9.4    20    27      37    (-,-) 
  g117425/X                        -       C->X  R     oai21_4x       2 12.1    48    34      71    (-,-) 
  g117190/X                        -       A->X  F     nand2_4x       2 13.0    29    34     104    (-,-) 
  g117000/X                        -       A->X  R     nand2_4x       2 13.0    38    33     137    (-,-) 
  g122881/X                        -       A->X  F     nand2_4x       2 13.3    26    31     168    (-,-) 
  g122885/X                        -       A->X  R     aoi21_4x       2 12.1    56    42     211    (-,-) 
  g122887/X                        -       A->X  F     nand2_4x       1  9.8    28    32     242    (-,-) 
  g116624/X                        -       A->X  R     nand2_4x       2 20.9    49    41     283    (-,-) 
  g116611/X                        -       A->X  F     inv_6x         5 39.5    29    35     319    (-,-) 
  g116614/X                        -       A->X  R     inv_4x         3 17.1    27    28     347    (-,-) 
  g116514/X                        -       A->X  R     and2_2x        5 18.0    55    74     420    (-,-) 
  g116343/X                        -       B0->X R     ao22_1x        3 12.3    66    96     517    (-,-) 
  g116297/X                        -       A->X  F     inv_2x         4 12.8    33    38     555    (-,-) 
  g116014/X                        -       A1->X R     oai22_1x       1  5.2    92    62     618    (-,-) 
  g115877/X                        -       B->X  F     nor2_2x        2  6.7    48    59     676    (-,-) 
  g115665/X                        -       A->X  F     oa21_1x        1  3.3    26    71     747    (-,-) 
  g115587/X                        -       A->X  R     nand2_1x       1  5.1    48    40     787    (-,-) 
  g115484/X                        -       C->X  F     aoi21_2x       3  9.6    54    58     845    (-,-) 
  g115376/X                        -       C->X  R     oai21_1x       1  5.2    71    45     890    (-,-) 
  g115321__2802/X                  -       A->X  F     nand3_2x       2  6.5    44    46     936    (-,-) 
  g115314/X                        -       A->X  R     inv_1x         1  3.4    28    28     964    (-,-) 
  g115298__2398/X                  -       A->X  F     nor3_1x        1  3.4    70    38    1002    (-,-) 
  g115137__5122/X                  -       B->X  R     oai21_1x       1  3.7    61    58    1060    (-,-) 
  g115079__6783/X                  -       A->X  F     aoi21_1x       1  3.7    35    42    1102    (-,-) 
  g115029__7482/X                  -       A->X  R     oai21_1x       1  3.6    59    50    1152    (-,-) 
  g114992__2346/X                  -       C->X  F     oai21_1x       1  6.2    73    61    1213    (-,-) 
  g114885__2802/X                  -       A->X  R     aoi21_2x       2  8.0    66    59    1272    (-,-) 
  g114813__5477/X                  -       A->X  R     or2_2x         4 21.9    69    99    1371    (-,-) 
  fopt122271/X                     -       A->X  F     inv_2x         3 21.9    44    51    1422    (-,-) 
  fopt122268/X                     -       A->X  R     inv_6x        20 64.9    57    51    1474    (-,-) 
  g114706__1666/X                  -       A->X  F     oai21_1x       1  2.7    51    36    1510    (-,-) 
  u_cd_smaller_mantissa_l_reg[5]/D -       -     F     dffrq_1x       1    -     -     0    1510    (-,-) 
#---------------------------------------------------------------------------------------------------------

Capture clock path:
#-----------------------------------------------------------------------------------------------------------
#           Timing Point             Flags   Arc   Edge   Cell     Fanout Load Trans Delay Arrival Instance 
#                                                                         (fF)  (ps)  (ps)   (ps)  Location 
#-----------------------------------------------------------------------------------------------------------
  clk                                (i)     -     R     (arrival)    143  0.0     1     0    1667    (-,-) 
  u_cd_smaller_mantissa_l_reg[5]/CLK <<<     -     R     dffrq_1x     143    -     1     0    1667    (-,-) 
#-----------------------------------------------------------------------------------------------------------



Path 97: MET (14 ps) Setup Check with Pin u_cd_larger_mantissa_l_reg[6]/CLK->D
           View: view_1p2_25
          Group: clock1
     Startpoint: (R) c[11]
          Clock: (R) clock1
       Endpoint: (F) u_cd_larger_mantissa_l_reg[6]/D
          Clock: (R) clock1

                     Capture       Launch     
        Clock Edge:+    1667            0     
        Drv Adjust:+       0            9     
       Src Latency:+       0            0     
       Net Latency:+       0 (I)        0 (I) 
           Arrival:=    1667            9     
                                              
             Setup:-     143                  
       Uncertainty:-       0                  
     Required Time:=    1524                  
      Launch Clock:-       9                  
       Input Delay:-       1                  
         Data Path:-    1500                  
             Slack:=      14                  

Exceptions/Constraints:
  input_delay              1              add4_fp16.sdc_line_20_39_1   

#--------------------------------------------------------------------------------------------------------
#          Timing Point           Flags   Arc   Edge   Cell     Fanout Load Trans Delay Arrival Instance 
#                                                                      (fF)  (ps)  (ps)   (ps)  Location 
#--------------------------------------------------------------------------------------------------------
  c[11]                           -       -     R     (arrival)      5 27.9    20     0      10    (-,-) 
  g117645/X                       -       B->X  F     nand2_4x       1  9.4    20    27      37    (-,-) 
  g117425/X                       -       C->X  R     oai21_4x       2 12.1    48    34      71    (-,-) 
  g117190/X                       -       A->X  F     nand2_4x       2 13.0    29    34     104    (-,-) 
  g117000/X                       -       A->X  R     nand2_4x       2 13.0    38    33     137    (-,-) 
  g122881/X                       -       A->X  F     nand2_4x       2 13.3    26    31     168    (-,-) 
  g122885/X                       -       A->X  R     aoi21_4x       2 12.1    56    42     211    (-,-) 
  g122887/X                       -       A->X  F     nand2_4x       1  9.8    28    32     242    (-,-) 
  g116624/X                       -       A->X  R     nand2_4x       2 20.9    49    41     283    (-,-) 
  g116611/X                       -       A->X  F     inv_6x         5 39.5    29    35     319    (-,-) 
  g116614/X                       -       A->X  R     inv_4x         3 17.1    27    28     347    (-,-) 
  g116514/X                       -       A->X  R     and2_2x        5 18.0    55    74     420    (-,-) 
  g116343/X                       -       B0->X R     ao22_1x        3 12.3    66    96     517    (-,-) 
  g116297/X                       -       A->X  F     inv_2x         4 12.8    33    38     555    (-,-) 
  g116014/X                       -       A1->X R     oai22_1x       1  5.2    92    62     618    (-,-) 
  g115877/X                       -       B->X  F     nor2_2x        2  6.7    48    59     676    (-,-) 
  g115665/X                       -       A->X  F     oa21_1x        1  3.3    26    71     747    (-,-) 
  g115587/X                       -       A->X  R     nand2_1x       1  5.1    48    40     787    (-,-) 
  g115484/X                       -       C->X  F     aoi21_2x       3  9.6    54    58     845    (-,-) 
  g115376/X                       -       C->X  R     oai21_1x       1  5.2    71    45     890    (-,-) 
  g115321__2802/X                 -       A->X  F     nand3_2x       2  6.5    44    46     936    (-,-) 
  g115314/X                       -       A->X  R     inv_1x         1  3.4    28    28     964    (-,-) 
  g115298__2398/X                 -       A->X  F     nor3_1x        1  3.4    70    38    1002    (-,-) 
  g115137__5122/X                 -       B->X  R     oai21_1x       1  3.7    61    58    1060    (-,-) 
  g115079__6783/X                 -       A->X  F     aoi21_1x       1  3.7    35    42    1102    (-,-) 
  g115029__7482/X                 -       A->X  R     oai21_1x       1  3.6    59    50    1152    (-,-) 
  g114992__2346/X                 -       C->X  F     oai21_1x       1  6.2    73    61    1213    (-,-) 
  g114885__2802/X                 -       A->X  R     aoi21_2x       2  8.0    66    59    1272    (-,-) 
  g114813__5477/X                 -       A->X  R     or2_2x         4 21.9    69    99    1371    (-,-) 
  fopt122271/X                    -       A->X  F     inv_2x         3 21.9    44    51    1422    (-,-) 
  fopt122268/X                    -       A->X  R     inv_6x        20 64.9    57    51    1474    (-,-) 
  g114698__2802/X                 -       A->X  F     oai21_1x       1  2.7    52    36    1510    (-,-) 
  u_cd_larger_mantissa_l_reg[6]/D -       -     F     dffrq_1x       1    -     -     0    1510    (-,-) 
#--------------------------------------------------------------------------------------------------------

Capture clock path:
#----------------------------------------------------------------------------------------------------------
#           Timing Point            Flags   Arc   Edge   Cell     Fanout Load Trans Delay Arrival Instance 
#                                                                        (fF)  (ps)  (ps)   (ps)  Location 
#----------------------------------------------------------------------------------------------------------
  clk                               (i)     -     R     (arrival)    143  0.0     1     0    1667    (-,-) 
  u_cd_larger_mantissa_l_reg[6]/CLK <<<     -     R     dffrq_1x     143    -     1     0    1667    (-,-) 
#----------------------------------------------------------------------------------------------------------



Path 98: MET (14 ps) Setup Check with Pin u_cd_larger_mantissa_l_reg[2]/CLK->D
           View: view_1p2_25
          Group: clock1
     Startpoint: (R) c[11]
          Clock: (R) clock1
       Endpoint: (F) u_cd_larger_mantissa_l_reg[2]/D
          Clock: (R) clock1

                     Capture       Launch     
        Clock Edge:+    1667            0     
        Drv Adjust:+       0            9     
       Src Latency:+       0            0     
       Net Latency:+       0 (I)        0 (I) 
           Arrival:=    1667            9     
                                              
             Setup:-     143                  
       Uncertainty:-       0                  
     Required Time:=    1524                  
      Launch Clock:-       9                  
       Input Delay:-       1                  
         Data Path:-    1500                  
             Slack:=      14                  

Exceptions/Constraints:
  input_delay              1              add4_fp16.sdc_line_20_39_1   

#--------------------------------------------------------------------------------------------------------
#          Timing Point           Flags   Arc   Edge   Cell     Fanout Load Trans Delay Arrival Instance 
#                                                                      (fF)  (ps)  (ps)   (ps)  Location 
#--------------------------------------------------------------------------------------------------------
  c[11]                           -       -     R     (arrival)      5 27.9    20     0      10    (-,-) 
  g117645/X                       -       B->X  F     nand2_4x       1  9.4    20    27      37    (-,-) 
  g117425/X                       -       C->X  R     oai21_4x       2 12.1    48    34      71    (-,-) 
  g117190/X                       -       A->X  F     nand2_4x       2 13.0    29    34     104    (-,-) 
  g117000/X                       -       A->X  R     nand2_4x       2 13.0    38    33     137    (-,-) 
  g122881/X                       -       A->X  F     nand2_4x       2 13.3    26    31     168    (-,-) 
  g122885/X                       -       A->X  R     aoi21_4x       2 12.1    56    42     211    (-,-) 
  g122887/X                       -       A->X  F     nand2_4x       1  9.8    28    32     242    (-,-) 
  g116624/X                       -       A->X  R     nand2_4x       2 20.9    49    41     283    (-,-) 
  g116611/X                       -       A->X  F     inv_6x         5 39.5    29    35     319    (-,-) 
  g116614/X                       -       A->X  R     inv_4x         3 17.1    27    28     347    (-,-) 
  g116514/X                       -       A->X  R     and2_2x        5 18.0    55    74     420    (-,-) 
  g116343/X                       -       B0->X R     ao22_1x        3 12.3    66    96     517    (-,-) 
  g116297/X                       -       A->X  F     inv_2x         4 12.8    33    38     555    (-,-) 
  g116014/X                       -       A1->X R     oai22_1x       1  5.2    92    62     618    (-,-) 
  g115877/X                       -       B->X  F     nor2_2x        2  6.7    48    59     676    (-,-) 
  g115665/X                       -       A->X  F     oa21_1x        1  3.3    26    71     747    (-,-) 
  g115587/X                       -       A->X  R     nand2_1x       1  5.1    48    40     787    (-,-) 
  g115484/X                       -       C->X  F     aoi21_2x       3  9.6    54    58     845    (-,-) 
  g115376/X                       -       C->X  R     oai21_1x       1  5.2    71    45     890    (-,-) 
  g115321__2802/X                 -       A->X  F     nand3_2x       2  6.5    44    46     936    (-,-) 
  g115314/X                       -       A->X  R     inv_1x         1  3.4    28    28     964    (-,-) 
  g115298__2398/X                 -       A->X  F     nor3_1x        1  3.4    70    38    1002    (-,-) 
  g115137__5122/X                 -       B->X  R     oai21_1x       1  3.7    61    58    1060    (-,-) 
  g115079__6783/X                 -       A->X  F     aoi21_1x       1  3.7    35    42    1102    (-,-) 
  g115029__7482/X                 -       A->X  R     oai21_1x       1  3.6    59    50    1152    (-,-) 
  g114992__2346/X                 -       C->X  F     oai21_1x       1  6.2    73    61    1213    (-,-) 
  g114885__2802/X                 -       A->X  R     aoi21_2x       2  8.0    66    59    1272    (-,-) 
  g114813__5477/X                 -       A->X  R     or2_2x         4 21.9    69    99    1371    (-,-) 
  fopt122271/X                    -       A->X  F     inv_2x         3 21.9    44    51    1422    (-,-) 
  fopt122268/X                    -       A->X  R     inv_6x        20 64.9    57    51    1474    (-,-) 
  g114694__5526/X                 -       A->X  F     oai21_1x       1  2.7    52    36    1510    (-,-) 
  u_cd_larger_mantissa_l_reg[2]/D -       -     F     dffrq_1x       1    -     -     0    1510    (-,-) 
#--------------------------------------------------------------------------------------------------------

Capture clock path:
#----------------------------------------------------------------------------------------------------------
#           Timing Point            Flags   Arc   Edge   Cell     Fanout Load Trans Delay Arrival Instance 
#                                                                        (fF)  (ps)  (ps)   (ps)  Location 
#----------------------------------------------------------------------------------------------------------
  clk                               (i)     -     R     (arrival)    143  0.0     1     0    1667    (-,-) 
  u_cd_larger_mantissa_l_reg[2]/CLK <<<     -     R     dffrq_1x     143    -     1     0    1667    (-,-) 
#----------------------------------------------------------------------------------------------------------



Path 99: MET (14 ps) Setup Check with Pin u_cd_larger_mantissa_l_reg[3]/CLK->D
           View: view_1p2_25
          Group: clock1
     Startpoint: (R) c[11]
          Clock: (R) clock1
       Endpoint: (F) u_cd_larger_mantissa_l_reg[3]/D
          Clock: (R) clock1

                     Capture       Launch     
        Clock Edge:+    1667            0     
        Drv Adjust:+       0            9     
       Src Latency:+       0            0     
       Net Latency:+       0 (I)        0 (I) 
           Arrival:=    1667            9     
                                              
             Setup:-     143                  
       Uncertainty:-       0                  
     Required Time:=    1524                  
      Launch Clock:-       9                  
       Input Delay:-       1                  
         Data Path:-    1500                  
             Slack:=      14                  

Exceptions/Constraints:
  input_delay              1              add4_fp16.sdc_line_20_39_1   

#--------------------------------------------------------------------------------------------------------
#          Timing Point           Flags   Arc   Edge   Cell     Fanout Load Trans Delay Arrival Instance 
#                                                                      (fF)  (ps)  (ps)   (ps)  Location 
#--------------------------------------------------------------------------------------------------------
  c[11]                           -       -     R     (arrival)      5 27.9    20     0      10    (-,-) 
  g117645/X                       -       B->X  F     nand2_4x       1  9.4    20    27      37    (-,-) 
  g117425/X                       -       C->X  R     oai21_4x       2 12.1    48    34      71    (-,-) 
  g117190/X                       -       A->X  F     nand2_4x       2 13.0    29    34     104    (-,-) 
  g117000/X                       -       A->X  R     nand2_4x       2 13.0    38    33     137    (-,-) 
  g122881/X                       -       A->X  F     nand2_4x       2 13.3    26    31     168    (-,-) 
  g122885/X                       -       A->X  R     aoi21_4x       2 12.1    56    42     211    (-,-) 
  g122887/X                       -       A->X  F     nand2_4x       1  9.8    28    32     242    (-,-) 
  g116624/X                       -       A->X  R     nand2_4x       2 20.9    49    41     283    (-,-) 
  g116611/X                       -       A->X  F     inv_6x         5 39.5    29    35     319    (-,-) 
  g116614/X                       -       A->X  R     inv_4x         3 17.1    27    28     347    (-,-) 
  g116514/X                       -       A->X  R     and2_2x        5 18.0    55    74     420    (-,-) 
  g116343/X                       -       B0->X R     ao22_1x        3 12.3    66    96     517    (-,-) 
  g116297/X                       -       A->X  F     inv_2x         4 12.8    33    38     555    (-,-) 
  g116014/X                       -       A1->X R     oai22_1x       1  5.2    92    62     618    (-,-) 
  g115877/X                       -       B->X  F     nor2_2x        2  6.7    48    59     676    (-,-) 
  g115665/X                       -       A->X  F     oa21_1x        1  3.3    26    71     747    (-,-) 
  g115587/X                       -       A->X  R     nand2_1x       1  5.1    48    40     787    (-,-) 
  g115484/X                       -       C->X  F     aoi21_2x       3  9.6    54    58     845    (-,-) 
  g115376/X                       -       C->X  R     oai21_1x       1  5.2    71    45     890    (-,-) 
  g115321__2802/X                 -       A->X  F     nand3_2x       2  6.5    44    46     936    (-,-) 
  g115314/X                       -       A->X  R     inv_1x         1  3.4    28    28     964    (-,-) 
  g115298__2398/X                 -       A->X  F     nor3_1x        1  3.4    70    38    1002    (-,-) 
  g115137__5122/X                 -       B->X  R     oai21_1x       1  3.7    61    58    1060    (-,-) 
  g115079__6783/X                 -       A->X  F     aoi21_1x       1  3.7    35    42    1102    (-,-) 
  g115029__7482/X                 -       A->X  R     oai21_1x       1  3.6    59    50    1152    (-,-) 
  g114992__2346/X                 -       C->X  F     oai21_1x       1  6.2    73    61    1213    (-,-) 
  g114885__2802/X                 -       A->X  R     aoi21_2x       2  8.0    66    59    1272    (-,-) 
  g114813__5477/X                 -       A->X  R     or2_2x         4 21.9    69    99    1371    (-,-) 
  fopt122271/X                    -       A->X  F     inv_2x         3 21.9    44    51    1422    (-,-) 
  fopt122268/X                    -       A->X  R     inv_6x        20 64.9    57    51    1474    (-,-) 
  g114695__9945/X                 -       A->X  F     oai21_1x       1  2.7    52    36    1510    (-,-) 
  u_cd_larger_mantissa_l_reg[3]/D -       -     F     dffrq_1x       1    -     -     0    1510    (-,-) 
#--------------------------------------------------------------------------------------------------------

Capture clock path:
#----------------------------------------------------------------------------------------------------------
#           Timing Point            Flags   Arc   Edge   Cell     Fanout Load Trans Delay Arrival Instance 
#                                                                        (fF)  (ps)  (ps)   (ps)  Location 
#----------------------------------------------------------------------------------------------------------
  clk                               (i)     -     R     (arrival)    143  0.0     1     0    1667    (-,-) 
  u_cd_larger_mantissa_l_reg[3]/CLK <<<     -     R     dffrq_1x     143    -     1     0    1667    (-,-) 
#----------------------------------------------------------------------------------------------------------



Path 100: MET (15 ps) Setup Check with Pin u_ab_larger_mantissa_l_reg[3]/CLK->D
           View: view_1p2_25
          Group: clock1
     Startpoint: (R) b[10]
          Clock: (R) clock1
       Endpoint: (F) u_ab_larger_mantissa_l_reg[3]/D
          Clock: (R) clock1

                     Capture       Launch     
        Clock Edge:+    1667            0     
        Drv Adjust:+       0            4     
       Src Latency:+       0            0     
       Net Latency:+       0 (I)        0 (I) 
           Arrival:=    1667            4     
                                              
             Setup:-     142                  
       Uncertainty:-       0                  
     Required Time:=    1524                  
      Launch Clock:-       4                  
       Input Delay:-       1                  
         Data Path:-    1504                  
             Slack:=      15                  

Exceptions/Constraints:
  input_delay              1              add4_fp16.sdc_line_20_24_1   

#--------------------------------------------------------------------------------------------------------
#          Timing Point           Flags   Arc   Edge   Cell     Fanout Load Trans Delay Arrival Instance 
#                                                                      (fF)  (ps)  (ps)   (ps)  Location 
#--------------------------------------------------------------------------------------------------------
  b[10]                           -       -     R     (arrival)      4 13.6    11     0       4    (-,-) 
  g117896/X                       -       A->X  F     inv_2x         2  8.3    15    18      22    (-,-) 
  g117685/X                       -       A->X  R     nor2_2x        3 11.3    66    50      72    (-,-) 
  g117191/X                       -       B->X  F     nand2_2x       2 12.9    43    56     128    (-,-) 
  g117002/X                       -       A->X  R     nand2_4x       3 17.4    47    42     170    (-,-) 
  g116921/X                       -       A->X  F     oai21_4x       2  7.6    39    30     201    (-,-) 
  g116865/X                       -       A->X  R     nand2_2x       2  8.5    56    40     240    (-,-) 
  g116661/X                       -       A->X  F     nand2_2x       1  9.8    36    41     282    (-,-) 
  g126920/X                       -       A->X  R     nand2_4x       5 27.8    66    51     333    (-,-) 
  fopt124060/X                    -       A->X  R     buf_2x         1 10.9    33    62     395    (-,-) 
  fopt124058/X                    -       A->X  F     inv_4x         6 30.8    28    33     428    (-,-) 
  g116506/X                       -       A->X  R     nand2_2x       1  9.6    51    38     466    (-,-) 
  g116443/X                       -       C->X  F     oai21_4x       5 19.8    60    55     521    (-,-) 
  g116411/X                       -       A->X  R     inv_2x         4 12.2    42    41     562    (-,-) 
  g116022/X                       -       B1->X F     oai22_1x       1  3.7    69    52     614    (-,-) 
  g115768/X                       -       A->X  R     aoi21_1x       2  6.6    88    75     689    (-,-) 
  g115671/X                       -       A->X  R     and2_2x        6 21.6    59    96     784    (-,-) 
  g115639/X                       -       A->X  F     inv_1x         6 24.7    78    79     863    (-,-) 
  g115535/X                       -       A->X  R     oai21_1x       4 12.9   144   117     980    (-,-) 
  g115421/X                       -       B0->X R     oa22_1x        1  3.6    33    93    1073    (-,-) 
  g115186__6260/X                 -       C->X  F     oai21_1x       1  3.7    36    44    1116    (-,-) 
  g115102__2398/X                 -       A->X  F     ao21_1x        1  6.2    36    77    1193    (-,-) 
  g115056__1617/X                 -       A->X  R     aoi21_2x       2  6.3    62    45    1238    (-,-) 
  g115035__3680/X                 -       A->X  R     or2_1x         2  6.8    50    73    1311    (-,-) 
  fopt122278/X                    -       A->X  R     buf_2x         3 17.4    46    67    1378    (-,-) 
  fopt122277/X                    -       A->X  F     inv_4x         8 32.7    32    39    1417    (-,-) 
  fopt122275/X                    -       A->X  R     inv_4x        15 49.0    62    51    1468    (-,-) 
  g114860__6161/X                 -       B->X  F     oai21_1x       1  2.7    55    41    1509    (-,-) 
  u_ab_larger_mantissa_l_reg[3]/D -       -     F     dffrq_1x       1    -     -     0    1509    (-,-) 
#--------------------------------------------------------------------------------------------------------

Capture clock path:
#----------------------------------------------------------------------------------------------------------
#           Timing Point            Flags   Arc   Edge   Cell     Fanout Load Trans Delay Arrival Instance 
#                                                                        (fF)  (ps)  (ps)   (ps)  Location 
#----------------------------------------------------------------------------------------------------------
  clk                               (i)     -     R     (arrival)    143  0.0     1     0    1667    (-,-) 
  u_ab_larger_mantissa_l_reg[3]/CLK <<<     -     R     dffrq_1x     143    -     1     0    1667    (-,-) 
#----------------------------------------------------------------------------------------------------------



Path 101: MET (17 ps) Setup Check with Pin u_ab_smaller_mantissa_l_reg[7]/CLK->D
           View: view_1p2_25
          Group: clock1
     Startpoint: (R) b[10]
          Clock: (R) clock1
       Endpoint: (F) u_ab_smaller_mantissa_l_reg[7]/D
          Clock: (R) clock1

                     Capture       Launch     
        Clock Edge:+    1667            0     
        Drv Adjust:+       0            4     
       Src Latency:+       0            0     
       Net Latency:+       0 (I)        0 (I) 
           Arrival:=    1667            4     
                                              
             Setup:-     144                  
       Uncertainty:-       0                  
     Required Time:=    1523                  
      Launch Clock:-       4                  
       Input Delay:-       1                  
         Data Path:-    1501                  
             Slack:=      17                  

Exceptions/Constraints:
  input_delay              1              add4_fp16.sdc_line_20_24_1   

#---------------------------------------------------------------------------------------------------------
#          Timing Point            Flags   Arc   Edge   Cell     Fanout Load Trans Delay Arrival Instance 
#                                                                       (fF)  (ps)  (ps)   (ps)  Location 
#---------------------------------------------------------------------------------------------------------
  b[10]                            -       -     R     (arrival)      4 13.6    11     0       4    (-,-) 
  g117896/X                        -       A->X  F     inv_2x         2  8.3    15    18      22    (-,-) 
  g117685/X                        -       A->X  R     nor2_2x        3 11.3    66    50      72    (-,-) 
  g117191/X                        -       B->X  F     nand2_2x       2 12.9    43    56     128    (-,-) 
  g117002/X                        -       A->X  R     nand2_4x       3 17.4    47    42     170    (-,-) 
  g116921/X                        -       A->X  F     oai21_4x       2  7.6    39    30     201    (-,-) 
  g116865/X                        -       A->X  R     nand2_2x       2  8.5    56    40     240    (-,-) 
  g116661/X                        -       A->X  F     nand2_2x       1  9.8    36    41     282    (-,-) 
  g126920/X                        -       A->X  R     nand2_4x       5 27.8    66    51     333    (-,-) 
  fopt124060/X                     -       A->X  R     buf_2x         1 10.9    33    62     395    (-,-) 
  fopt124058/X                     -       A->X  F     inv_4x         6 30.8    28    33     428    (-,-) 
  g116506/X                        -       A->X  R     nand2_2x       1  9.6    51    38     466    (-,-) 
  g116443/X                        -       C->X  F     oai21_4x       5 19.8    60    55     521    (-,-) 
  g116411/X                        -       A->X  R     inv_2x         4 12.2    42    41     562    (-,-) 
  g116022/X                        -       B1->X F     oai22_1x       1  3.7    69    52     614    (-,-) 
  g115768/X                        -       A->X  R     aoi21_1x       2  6.6    88    75     689    (-,-) 
  g115671/X                        -       A->X  R     and2_2x        6 21.6    59    96     784    (-,-) 
  g115639/X                        -       A->X  F     inv_1x         6 24.7    78    79     863    (-,-) 
  g115535/X                        -       A->X  R     oai21_1x       4 12.9   144   117     980    (-,-) 
  g115421/X                        -       B0->X R     oa22_1x        1  3.6    33    93    1073    (-,-) 
  g115186__6260/X                  -       C->X  F     oai21_1x       1  3.7    36    44    1116    (-,-) 
  g115102__2398/X                  -       A->X  F     ao21_1x        1  6.2    36    77    1193    (-,-) 
  g115056__1617/X                  -       A->X  R     aoi21_2x       2  6.3    62    45    1238    (-,-) 
  g115035__3680/X                  -       A->X  R     or2_1x         2  6.8    50    73    1311    (-,-) 
  fopt122278/X                     -       A->X  R     buf_2x         3 17.4    46    67    1378    (-,-) 
  fopt122277/X                     -       A->X  F     inv_4x         8 32.7    32    39    1417    (-,-) 
  fopt122275/X                     -       A->X  R     inv_4x        15 49.0    62    51    1468    (-,-) 
  g114877__6417/X                  -       A->X  F     oai21_1x       1  2.7    32    37    1506    (-,-) 
  u_ab_smaller_mantissa_l_reg[7]/D -       -     F     dffrq_1x       1    -     -     0    1506    (-,-) 
#---------------------------------------------------------------------------------------------------------

Capture clock path:
#-----------------------------------------------------------------------------------------------------------
#           Timing Point             Flags   Arc   Edge   Cell     Fanout Load Trans Delay Arrival Instance 
#                                                                         (fF)  (ps)  (ps)   (ps)  Location 
#-----------------------------------------------------------------------------------------------------------
  clk                                (i)     -     R     (arrival)    143  0.0     1     0    1667    (-,-) 
  u_ab_smaller_mantissa_l_reg[7]/CLK <<<     -     R     dffrq_1x     143    -     1     0    1667    (-,-) 
#-----------------------------------------------------------------------------------------------------------



Path 102: MET (17 ps) Setup Check with Pin u_ab_smaller_mantissa_l_reg[4]/CLK->D
           View: view_1p2_25
          Group: clock1
     Startpoint: (R) b[10]
          Clock: (R) clock1
       Endpoint: (F) u_ab_smaller_mantissa_l_reg[4]/D
          Clock: (R) clock1

                     Capture       Launch     
        Clock Edge:+    1667            0     
        Drv Adjust:+       0            4     
       Src Latency:+       0            0     
       Net Latency:+       0 (I)        0 (I) 
           Arrival:=    1667            4     
                                              
             Setup:-     144                  
       Uncertainty:-       0                  
     Required Time:=    1523                  
      Launch Clock:-       4                  
       Input Delay:-       1                  
         Data Path:-    1501                  
             Slack:=      17                  

Exceptions/Constraints:
  input_delay              1              add4_fp16.sdc_line_20_24_1   

#---------------------------------------------------------------------------------------------------------
#          Timing Point            Flags   Arc   Edge   Cell     Fanout Load Trans Delay Arrival Instance 
#                                                                       (fF)  (ps)  (ps)   (ps)  Location 
#---------------------------------------------------------------------------------------------------------
  b[10]                            -       -     R     (arrival)      4 13.6    11     0       4    (-,-) 
  g117896/X                        -       A->X  F     inv_2x         2  8.3    15    18      22    (-,-) 
  g117685/X                        -       A->X  R     nor2_2x        3 11.3    66    50      72    (-,-) 
  g117191/X                        -       B->X  F     nand2_2x       2 12.9    43    56     128    (-,-) 
  g117002/X                        -       A->X  R     nand2_4x       3 17.4    47    42     170    (-,-) 
  g116921/X                        -       A->X  F     oai21_4x       2  7.6    39    30     201    (-,-) 
  g116865/X                        -       A->X  R     nand2_2x       2  8.5    56    40     240    (-,-) 
  g116661/X                        -       A->X  F     nand2_2x       1  9.8    36    41     282    (-,-) 
  g126920/X                        -       A->X  R     nand2_4x       5 27.8    66    51     333    (-,-) 
  fopt124060/X                     -       A->X  R     buf_2x         1 10.9    33    62     395    (-,-) 
  fopt124058/X                     -       A->X  F     inv_4x         6 30.8    28    33     428    (-,-) 
  g116506/X                        -       A->X  R     nand2_2x       1  9.6    51    38     466    (-,-) 
  g116443/X                        -       C->X  F     oai21_4x       5 19.8    60    55     521    (-,-) 
  g116411/X                        -       A->X  R     inv_2x         4 12.2    42    41     562    (-,-) 
  g116022/X                        -       B1->X F     oai22_1x       1  3.7    69    52     614    (-,-) 
  g115768/X                        -       A->X  R     aoi21_1x       2  6.6    88    75     689    (-,-) 
  g115671/X                        -       A->X  R     and2_2x        6 21.6    59    96     784    (-,-) 
  g115639/X                        -       A->X  F     inv_1x         6 24.7    78    79     863    (-,-) 
  g115535/X                        -       A->X  R     oai21_1x       4 12.9   144   117     980    (-,-) 
  g115421/X                        -       B0->X R     oa22_1x        1  3.6    33    93    1073    (-,-) 
  g115186__6260/X                  -       C->X  F     oai21_1x       1  3.7    36    44    1116    (-,-) 
  g115102__2398/X                  -       A->X  F     ao21_1x        1  6.2    36    77    1193    (-,-) 
  g115056__1617/X                  -       A->X  R     aoi21_2x       2  6.3    62    45    1238    (-,-) 
  g115035__3680/X                  -       A->X  R     or2_1x         2  6.8    50    73    1311    (-,-) 
  fopt122278/X                     -       A->X  R     buf_2x         3 17.4    46    67    1378    (-,-) 
  fopt122277/X                     -       A->X  F     inv_4x         8 32.7    32    39    1417    (-,-) 
  fopt122275/X                     -       A->X  R     inv_4x        15 49.0    62    51    1468    (-,-) 
  g114874__6131/X                  -       A->X  F     oai21_1x       1  2.7    32    37    1506    (-,-) 
  u_ab_smaller_mantissa_l_reg[4]/D -       -     F     dffrq_1x       1    -     -     0    1506    (-,-) 
#---------------------------------------------------------------------------------------------------------

Capture clock path:
#-----------------------------------------------------------------------------------------------------------
#           Timing Point             Flags   Arc   Edge   Cell     Fanout Load Trans Delay Arrival Instance 
#                                                                         (fF)  (ps)  (ps)   (ps)  Location 
#-----------------------------------------------------------------------------------------------------------
  clk                                (i)     -     R     (arrival)    143  0.0     1     0    1667    (-,-) 
  u_ab_smaller_mantissa_l_reg[4]/CLK <<<     -     R     dffrq_1x     143    -     1     0    1667    (-,-) 
#-----------------------------------------------------------------------------------------------------------



Path 103: MET (18 ps) Setup Check with Pin u_ab_smaller_mantissa_l_reg[11]/CLK->D
           View: view_1p2_25
          Group: clock1
     Startpoint: (R) b[10]
          Clock: (R) clock1
       Endpoint: (F) u_ab_smaller_mantissa_l_reg[11]/D
          Clock: (R) clock1

                     Capture       Launch     
        Clock Edge:+    1667            0     
        Drv Adjust:+       0            4     
       Src Latency:+       0            0     
       Net Latency:+       0 (I)        0 (I) 
           Arrival:=    1667            4     
                                              
             Setup:-     143                  
       Uncertainty:-       0                  
     Required Time:=    1524                  
      Launch Clock:-       4                  
       Input Delay:-       1                  
         Data Path:-    1501                  
             Slack:=      18                  

Exceptions/Constraints:
  input_delay              1              add4_fp16.sdc_line_20_24_1   

#----------------------------------------------------------------------------------------------------------
#           Timing Point            Flags   Arc   Edge   Cell     Fanout Load Trans Delay Arrival Instance 
#                                                                        (fF)  (ps)  (ps)   (ps)  Location 
#----------------------------------------------------------------------------------------------------------
  b[10]                             -       -     R     (arrival)      4 13.6    11     0       4    (-,-) 
  g117896/X                         -       A->X  F     inv_2x         2  8.3    15    18      22    (-,-) 
  g117685/X                         -       A->X  R     nor2_2x        3 11.3    66    50      72    (-,-) 
  g117191/X                         -       B->X  F     nand2_2x       2 12.9    43    56     128    (-,-) 
  g117002/X                         -       A->X  R     nand2_4x       3 17.4    47    42     170    (-,-) 
  g116921/X                         -       A->X  F     oai21_4x       2  7.6    39    30     201    (-,-) 
  g116865/X                         -       A->X  R     nand2_2x       2  8.5    56    40     240    (-,-) 
  g116661/X                         -       A->X  F     nand2_2x       1  9.8    36    41     282    (-,-) 
  g126920/X                         -       A->X  R     nand2_4x       5 27.8    66    51     333    (-,-) 
  fopt124060/X                      -       A->X  R     buf_2x         1 10.9    33    62     395    (-,-) 
  fopt124058/X                      -       A->X  F     inv_4x         6 30.8    28    33     428    (-,-) 
  g116506/X                         -       A->X  R     nand2_2x       1  9.6    51    38     466    (-,-) 
  g116443/X                         -       C->X  F     oai21_4x       5 19.8    60    55     521    (-,-) 
  g116411/X                         -       A->X  R     inv_2x         4 12.2    42    41     562    (-,-) 
  g116022/X                         -       B1->X F     oai22_1x       1  3.7    69    52     614    (-,-) 
  g115768/X                         -       A->X  R     aoi21_1x       2  6.6    88    75     689    (-,-) 
  g115671/X                         -       A->X  R     and2_2x        6 21.6    59    96     784    (-,-) 
  g115639/X                         -       A->X  F     inv_1x         6 24.7    78    79     863    (-,-) 
  g115535/X                         -       A->X  R     oai21_1x       4 12.9   144   117     980    (-,-) 
  g115421/X                         -       B0->X R     oa22_1x        1  3.6    33    93    1073    (-,-) 
  g115186__6260/X                   -       C->X  F     oai21_1x       1  3.7    36    44    1116    (-,-) 
  g115102__2398/X                   -       A->X  F     ao21_1x        1  6.2    36    77    1193    (-,-) 
  g115056__1617/X                   -       A->X  R     aoi21_2x       2  6.3    62    45    1238    (-,-) 
  g115035__3680/X                   -       A->X  R     or2_1x         2  6.8    50    73    1311    (-,-) 
  fopt122278/X                      -       A->X  R     buf_2x         3 17.4    46    67    1378    (-,-) 
  fopt122277/X                      -       A->X  F     inv_4x         8 32.7    32    39    1417    (-,-) 
  fopt122275/X                      -       A->X  R     inv_4x        15 49.0    62    51    1468    (-,-) 
  g123061/X                         -       A->X  F     oai21_1x       1  2.7    45    37    1506    (-,-) 
  u_ab_smaller_mantissa_l_reg[11]/D -       -     F     dffrq_1x       1    -     -     0    1506    (-,-) 
#----------------------------------------------------------------------------------------------------------

Capture clock path:
#------------------------------------------------------------------------------------------------------------
#            Timing Point             Flags   Arc   Edge   Cell     Fanout Load Trans Delay Arrival Instance 
#                                                                          (fF)  (ps)  (ps)   (ps)  Location 
#------------------------------------------------------------------------------------------------------------
  clk                                 (i)     -     R     (arrival)    143  0.0     1     0    1667    (-,-) 
  u_ab_smaller_mantissa_l_reg[11]/CLK <<<     -     R     dffrq_1x     143    -     1     0    1667    (-,-) 
#------------------------------------------------------------------------------------------------------------



Path 104: MET (18 ps) Setup Check with Pin u_cd_smaller_mantissa_l_reg[12]/CLK->D
           View: view_1p2_25
          Group: clock1
     Startpoint: (R) c[11]
          Clock: (R) clock1
       Endpoint: (F) u_cd_smaller_mantissa_l_reg[12]/D
          Clock: (R) clock1

                     Capture       Launch     
        Clock Edge:+    1667            0     
        Drv Adjust:+       0            9     
       Src Latency:+       0            0     
       Net Latency:+       0 (I)        0 (I) 
           Arrival:=    1667            9     
                                              
             Setup:-     143                  
       Uncertainty:-       0                  
     Required Time:=    1523                  
      Launch Clock:-       9                  
       Input Delay:-       1                  
         Data Path:-    1495                  
             Slack:=      18                  

Exceptions/Constraints:
  input_delay              1              add4_fp16.sdc_line_20_39_1   

#----------------------------------------------------------------------------------------------------------
#           Timing Point            Flags   Arc   Edge   Cell     Fanout Load Trans Delay Arrival Instance 
#                                                                        (fF)  (ps)  (ps)   (ps)  Location 
#----------------------------------------------------------------------------------------------------------
  c[11]                             -       -     R     (arrival)      5 27.9    20     0      10    (-,-) 
  g117645/X                         -       B->X  F     nand2_4x       1  9.4    20    27      37    (-,-) 
  g117425/X                         -       C->X  R     oai21_4x       2 12.1    48    34      71    (-,-) 
  g117190/X                         -       A->X  F     nand2_4x       2 13.0    29    34     104    (-,-) 
  g117000/X                         -       A->X  R     nand2_4x       2 13.0    38    33     137    (-,-) 
  g122881/X                         -       A->X  F     nand2_4x       2 13.3    26    31     168    (-,-) 
  g122885/X                         -       A->X  R     aoi21_4x       2 12.1    56    42     211    (-,-) 
  g122887/X                         -       A->X  F     nand2_4x       1  9.8    28    32     242    (-,-) 
  g116624/X                         -       A->X  R     nand2_4x       2 20.9    49    41     283    (-,-) 
  g116611/X                         -       A->X  F     inv_6x         5 39.5    29    35     319    (-,-) 
  g116614/X                         -       A->X  R     inv_4x         3 17.1    27    28     347    (-,-) 
  g116514/X                         -       A->X  R     and2_2x        5 18.0    55    74     420    (-,-) 
  g116343/X                         -       B0->X R     ao22_1x        3 12.3    66    96     517    (-,-) 
  g116297/X                         -       A->X  F     inv_2x         4 12.8    33    38     555    (-,-) 
  g116014/X                         -       A1->X R     oai22_1x       1  5.2    92    62     618    (-,-) 
  g115877/X                         -       B->X  F     nor2_2x        2  6.7    48    59     676    (-,-) 
  g115665/X                         -       A->X  F     oa21_1x        1  3.3    26    71     747    (-,-) 
  g115587/X                         -       A->X  R     nand2_1x       1  5.1    48    40     787    (-,-) 
  g115484/X                         -       C->X  F     aoi21_2x       3  9.6    54    58     845    (-,-) 
  g115376/X                         -       C->X  R     oai21_1x       1  5.2    71    45     890    (-,-) 
  g115321__2802/X                   -       A->X  F     nand3_2x       2  6.5    44    46     936    (-,-) 
  g115314/X                         -       A->X  R     inv_1x         1  3.4    28    28     964    (-,-) 
  g115298__2398/X                   -       A->X  F     nor3_1x        1  3.4    70    38    1002    (-,-) 
  g115137__5122/X                   -       B->X  R     oai21_1x       1  3.7    61    58    1060    (-,-) 
  g115079__6783/X                   -       A->X  F     aoi21_1x       1  3.7    35    42    1102    (-,-) 
  g115029__7482/X                   -       A->X  R     oai21_1x       1  3.6    59    50    1152    (-,-) 
  g114992__2346/X                   -       C->X  F     oai21_1x       1  6.2    73    61    1213    (-,-) 
  g114885__2802/X                   -       A->X  R     aoi21_2x       2  8.0    66    59    1272    (-,-) 
  g114813__5477/X                   -       A->X  R     or2_2x         4 21.9    69    99    1371    (-,-) 
  fopt122271/X                      -       A->X  F     inv_2x         3 21.9    44    51    1422    (-,-) 
  g114787__7482/X                   -       A->X  R     nand3_1x       1  3.2    49    42    1465    (-,-) 
  g114728__2398/X                   -       A->X  F     nand3_1x       1  2.7    40    40    1505    (-,-) 
  u_cd_smaller_mantissa_l_reg[12]/D -       -     F     dffrq_1x       1    -     -     0    1505    (-,-) 
#----------------------------------------------------------------------------------------------------------

Capture clock path:
#------------------------------------------------------------------------------------------------------------
#            Timing Point             Flags   Arc   Edge   Cell     Fanout Load Trans Delay Arrival Instance 
#                                                                          (fF)  (ps)  (ps)   (ps)  Location 
#------------------------------------------------------------------------------------------------------------
  clk                                 (i)     -     R     (arrival)    143  0.0     1     0    1667    (-,-) 
  u_cd_smaller_mantissa_l_reg[12]/CLK <<<     -     R     dffrq_1x     143    -     1     0    1667    (-,-) 
#------------------------------------------------------------------------------------------------------------



Path 105: MET (20 ps) Setup Check with Pin u_sum_exp_max_l_reg[4]/CLK->D
           View: view_1p2_25
          Group: clock1
     Startpoint: (R) u_ab_smaller_mantissa_l_reg[6]/CLK
          Clock: (R) clock1
       Endpoint: (F) u_sum_exp_max_l_reg[4]/D
          Clock: (R) clock1

                     Capture       Launch     
        Clock Edge:+    1667            0     
       Src Latency:+       0            0     
       Net Latency:+       0 (I)        0 (I) 
           Arrival:=    1667            0     
                                              
             Setup:-     149                  
       Uncertainty:-       0                  
     Required Time:=    1517                  
      Launch Clock:-       0                  
         Data Path:-    1498                  
             Slack:=      20                  

Launch clock path:
#-----------------------------------------------------------------------------------------------------------
#           Timing Point             Flags   Arc   Edge   Cell     Fanout Load Trans Delay Arrival Instance 
#                                                                         (fF)  (ps)  (ps)   (ps)  Location 
#-----------------------------------------------------------------------------------------------------------
  clk                                (i)     -     R     (arrival)    143  0.0     1     0       0    (-,-) 
  u_ab_smaller_mantissa_l_reg[6]/CLK <<<     -     R     dffrq_1x     143    -     1     0       0    (-,-) 
#-----------------------------------------------------------------------------------------------------------

#------------------------------------------------------------------------------------------------------------
#           Timing Point             Flags    Arc   Edge   Cell     Fanout Load Trans Delay Arrival Instance 
#                                                                          (fF)  (ps)  (ps)   (ps)  Location 
#------------------------------------------------------------------------------------------------------------
  u_ab_smaller_mantissa_l_reg[6]/CLK -       -      R     (arrival)    143    -     1     0       0    (-,-) 
  u_ab_smaller_mantissa_l_reg[6]/Q   -       CLK->Q R     dffrq_1x       1  6.1    48   176     176    (-,-) 
  g120530/X                          -       A->X   F     inv_2x         3 13.8    30    36     211    (-,-) 
  g117867/X                          -       A->X   R     inv_2x         1  9.8    29    29     240    (-,-) 
  g120527/X                          -       A->X   F     nand2_4x       2 13.0    27    29     269    (-,-) 
  g120526/X                          -       A->X   R     nand2_4x       3 17.9    44    37     306    (-,-) 
  g118656/X                          -       A->X   F     inv_4x         2 14.7    22    26     333    (-,-) 
  g83/X                              -       A->X   R     nand2_4x       1 10.0    31    27     360    (-,-) 
  g125992/X                          -       C->X   F     aoi21_4x       1  9.8    28    32     392    (-,-) 
  g125991/X                          -       A->X   R     nand2_4x       3 24.5    57    45     436    (-,-) 
  g125995/X                          -       A->X   F     aoi21_4x       2 16.6    37    43     479    (-,-) 
  g120/X                             -       A->X   R     oai21_4x       3 14.8    56    50     529    (-,-) 
  g690/X                             -       A->X   F     nand2_2x       1  5.3    30    32     560    (-,-) 
  g125638/X                          -       A->X   R     nand2_2x       1  9.3    47    38     599    (-,-) 
  g126080/X                          -       A->X   F     nand3_4x       2  9.8    34    37     636    (-,-) 
  g126078/X                          -       B->X   R     nand2_2x       2 12.7    56    50     686    (-,-) 
  g125754/X                          -       A->X   F     nor2_4x        3 17.6    42    48     734    (-,-) 
  g124605/X                          -       A->X   R     nand2_4x       1 16.0    41    40     774    (-,-) 
  g124604/X                          -       A->X   F     inv_6x         7 44.7    29    35     809    (-,-) 
  g124607/X                          -       B->X   R     nand2_2x       3 13.6    59    50     860    (-,-) 
  g120131/X                          -       A->X   F     inv_2x         2  8.2    26    30     890    (-,-) 
  g33/X                              -       A->X   R     nand2_2x       1  9.8    48    38     928    (-,-) 
  g125752/X                          -       A->X   F     nand2_4x       2 16.8    34    37     965    (-,-) 
  g125989/X                          -       B->X   R     oai21_4x       2 10.9    45    46    1012    (-,-) 
  g125748/X                          -       A->X   F     inv_2x         1  9.8    24    30    1042    (-,-) 
  g125604/X                          -       A->X   R     nand2_4x       1  9.2    30    27    1069    (-,-) 
  g125602/X                          -       B->X   F     nand2_4x       2 14.4    30    35    1104    (-,-) 
  g126159/X                          -       A->X   R     nand2_2x       1  9.8    46    40    1144    (-,-) 
  g126158/X                          -       A->X   F     nand2_4x       3 15.4    31    36    1179    (-,-) 
  g125291/X                          -       A->X   F     and2_1x        1  9.3    38    68    1247    (-,-) 
  g125377/X                          -       A->X   R     nand3_4x       3  9.5    41    35    1282    (-,-) 
  g126703/X                          -       A0->X  R     ao22_2x        2 13.7    46    84    1366    (-,-) 
  g205/X                             -       A->X   F     inv_4x         4 21.2    26    31    1397    (-,-) 
  g122969/X                          -       B->X   R     nor2_1x        2  6.3    74    61    1458    (-,-) 
  g122968/X                          -       A->X   F     oai21_1x       1  2.7    81    40    1498    (-,-) 
  u_sum_exp_max_l_reg[4]/D           -       -      F     dffrq_1x       1    -     -     0    1498    (-,-) 
#------------------------------------------------------------------------------------------------------------

Capture clock path:
#---------------------------------------------------------------------------------------------------
#       Timing Point         Flags   Arc   Edge   Cell     Fanout Load Trans Delay Arrival Instance 
#                                                                 (fF)  (ps)  (ps)   (ps)  Location 
#---------------------------------------------------------------------------------------------------
  clk                        (i)     -     R     (arrival)    143  0.0     1     0    1667    (-,-) 
  u_sum_exp_max_l_reg[4]/CLK <<<     -     R     dffrq_1x     143    -     1     0    1667    (-,-) 
#---------------------------------------------------------------------------------------------------



Path 106: MET (20 ps) Setup Check with Pin u_ab_smaller_mantissa_l_reg[0]/CLK->D
           View: view_1p2_25
          Group: clock1
     Startpoint: (R) b[10]
          Clock: (R) clock1
       Endpoint: (F) u_ab_smaller_mantissa_l_reg[0]/D
          Clock: (R) clock1

                     Capture       Launch     
        Clock Edge:+    1667            0     
        Drv Adjust:+       0            4     
       Src Latency:+       0            0     
       Net Latency:+       0 (I)        0 (I) 
           Arrival:=    1667            4     
                                              
             Setup:-     143                  
       Uncertainty:-       0                  
     Required Time:=    1523                  
      Launch Clock:-       4                  
       Input Delay:-       1                  
         Data Path:-    1499                  
             Slack:=      20                  

Exceptions/Constraints:
  input_delay              1              add4_fp16.sdc_line_20_24_1   

#---------------------------------------------------------------------------------------------------------
#          Timing Point            Flags   Arc   Edge   Cell     Fanout Load Trans Delay Arrival Instance 
#                                                                       (fF)  (ps)  (ps)   (ps)  Location 
#---------------------------------------------------------------------------------------------------------
  b[10]                            -       -     R     (arrival)      4 13.6    11     0       4    (-,-) 
  g117896/X                        -       A->X  F     inv_2x         2  8.3    15    18      22    (-,-) 
  g117685/X                        -       A->X  R     nor2_2x        3 11.3    66    50      72    (-,-) 
  g117191/X                        -       B->X  F     nand2_2x       2 12.9    43    56     128    (-,-) 
  g117002/X                        -       A->X  R     nand2_4x       3 17.4    47    42     170    (-,-) 
  g116921/X                        -       A->X  F     oai21_4x       2  7.6    39    30     201    (-,-) 
  g116865/X                        -       A->X  R     nand2_2x       2  8.5    56    40     240    (-,-) 
  g116661/X                        -       A->X  F     nand2_2x       1  9.8    36    41     282    (-,-) 
  g126920/X                        -       A->X  R     nand2_4x       5 27.8    66    51     333    (-,-) 
  fopt124060/X                     -       A->X  R     buf_2x         1 10.9    33    62     395    (-,-) 
  fopt124058/X                     -       A->X  F     inv_4x         6 30.8    28    33     428    (-,-) 
  g116506/X                        -       A->X  R     nand2_2x       1  9.6    51    38     466    (-,-) 
  g116443/X                        -       C->X  F     oai21_4x       5 19.8    60    55     521    (-,-) 
  g116411/X                        -       A->X  R     inv_2x         4 12.2    42    41     562    (-,-) 
  g116022/X                        -       B1->X F     oai22_1x       1  3.7    69    52     614    (-,-) 
  g115768/X                        -       A->X  R     aoi21_1x       2  6.6    88    75     689    (-,-) 
  g115671/X                        -       A->X  R     and2_2x        6 21.6    59    96     784    (-,-) 
  g115639/X                        -       A->X  F     inv_1x         6 24.7    78    79     863    (-,-) 
  g115535/X                        -       A->X  R     oai21_1x       4 12.9   144   117     980    (-,-) 
  g115421/X                        -       B0->X R     oa22_1x        1  3.6    33    93    1073    (-,-) 
  g115186__6260/X                  -       C->X  F     oai21_1x       1  3.7    36    44    1116    (-,-) 
  g115102__2398/X                  -       A->X  F     ao21_1x        1  6.2    36    77    1193    (-,-) 
  g115056__1617/X                  -       A->X  R     aoi21_2x       2  6.3    62    45    1238    (-,-) 
  g115035__3680/X                  -       A->X  R     or2_1x         2  6.8    50    73    1311    (-,-) 
  fopt122278/X                     -       A->X  R     buf_2x         3 17.4    46    67    1378    (-,-) 
  fopt122277/X                     -       A->X  F     inv_4x         8 32.7    32    39    1417    (-,-) 
  g114969__5107/X                  -       A1->X R     aoi22_1x       1  3.3    82    50    1467    (-,-) 
  g114871__6131/X                  -       A->X  F     nand2_1x       1  2.7    36    37    1503    (-,-) 
  u_ab_smaller_mantissa_l_reg[0]/D -       -     F     dffrq_1x       1    -     -     0    1503    (-,-) 
#---------------------------------------------------------------------------------------------------------

Capture clock path:
#-----------------------------------------------------------------------------------------------------------
#           Timing Point             Flags   Arc   Edge   Cell     Fanout Load Trans Delay Arrival Instance 
#                                                                         (fF)  (ps)  (ps)   (ps)  Location 
#-----------------------------------------------------------------------------------------------------------
  clk                                (i)     -     R     (arrival)    143  0.0     1     0    1667    (-,-) 
  u_ab_smaller_mantissa_l_reg[0]/CLK <<<     -     R     dffrq_1x     143    -     1     0    1667    (-,-) 
#-----------------------------------------------------------------------------------------------------------



Path 107: MET (28 ps) Setup Check with Pin u_ab_smaller_mantissa_l_reg[12]/CLK->D
           View: view_1p2_25
          Group: clock1
     Startpoint: (R) b[10]
          Clock: (R) clock1
       Endpoint: (F) u_ab_smaller_mantissa_l_reg[12]/D
          Clock: (R) clock1

                     Capture       Launch     
        Clock Edge:+    1667            0     
        Drv Adjust:+       0            4     
       Src Latency:+       0            0     
       Net Latency:+       0 (I)        0 (I) 
           Arrival:=    1667            4     
                                              
             Setup:-     143                  
       Uncertainty:-       0                  
     Required Time:=    1523                  
      Launch Clock:-       4                  
       Input Delay:-       1                  
         Data Path:-    1491                  
             Slack:=      28                  

Exceptions/Constraints:
  input_delay              1              add4_fp16.sdc_line_20_24_1   

#----------------------------------------------------------------------------------------------------------
#           Timing Point            Flags   Arc   Edge   Cell     Fanout Load Trans Delay Arrival Instance 
#                                                                        (fF)  (ps)  (ps)   (ps)  Location 
#----------------------------------------------------------------------------------------------------------
  b[10]                             -       -     R     (arrival)      4 13.6    11     0       4    (-,-) 
  g117896/X                         -       A->X  F     inv_2x         2  8.3    15    18      22    (-,-) 
  g117685/X                         -       A->X  R     nor2_2x        3 11.3    66    50      72    (-,-) 
  g117191/X                         -       B->X  F     nand2_2x       2 12.9    43    56     128    (-,-) 
  g117002/X                         -       A->X  R     nand2_4x       3 17.4    47    42     170    (-,-) 
  g116921/X                         -       A->X  F     oai21_4x       2  7.6    39    30     201    (-,-) 
  g116865/X                         -       A->X  R     nand2_2x       2  8.5    56    40     240    (-,-) 
  g116661/X                         -       A->X  F     nand2_2x       1  9.8    36    41     282    (-,-) 
  g126920/X                         -       A->X  R     nand2_4x       5 27.8    66    51     333    (-,-) 
  fopt124060/X                      -       A->X  R     buf_2x         1 10.9    33    62     395    (-,-) 
  fopt124058/X                      -       A->X  F     inv_4x         6 30.8    28    33     428    (-,-) 
  g116506/X                         -       A->X  R     nand2_2x       1  9.6    51    38     466    (-,-) 
  g116443/X                         -       C->X  F     oai21_4x       5 19.8    60    55     521    (-,-) 
  g116411/X                         -       A->X  R     inv_2x         4 12.2    42    41     562    (-,-) 
  g116022/X                         -       B1->X F     oai22_1x       1  3.7    69    52     614    (-,-) 
  g115768/X                         -       A->X  R     aoi21_1x       2  6.6    88    75     689    (-,-) 
  g115671/X                         -       A->X  R     and2_2x        6 21.6    59    96     784    (-,-) 
  g115639/X                         -       A->X  F     inv_1x         6 24.7    78    79     863    (-,-) 
  g115535/X                         -       A->X  R     oai21_1x       4 12.9   144   117     980    (-,-) 
  g115421/X                         -       B0->X R     oa22_1x        1  3.6    33    93    1073    (-,-) 
  g115186__6260/X                   -       C->X  F     oai21_1x       1  3.7    36    44    1116    (-,-) 
  g115102__2398/X                   -       A->X  F     ao21_1x        1  6.2    36    77    1193    (-,-) 
  g115056__1617/X                   -       A->X  R     aoi21_2x       2  6.3    62    45    1238    (-,-) 
  g115035__3680/X                   -       A->X  R     or2_1x         2  6.8    50    73    1311    (-,-) 
  fopt122278/X                      -       A->X  R     buf_2x         3 17.4    46    67    1378    (-,-) 
  fopt122277/X                      -       A->X  F     inv_4x         8 32.7    32    39    1417    (-,-) 
  g114980__7098/X                   -       A->X  R     nand3_1x       1  3.2    48    39    1456    (-,-) 
  g114945__122296/X                 -       A->X  F     nand3_1x       1  2.7    37    40    1495    (-,-) 
  u_ab_smaller_mantissa_l_reg[12]/D -       -     F     dffrq_1x       1    -     -     0    1495    (-,-) 
#----------------------------------------------------------------------------------------------------------

Capture clock path:
#------------------------------------------------------------------------------------------------------------
#            Timing Point             Flags   Arc   Edge   Cell     Fanout Load Trans Delay Arrival Instance 
#                                                                          (fF)  (ps)  (ps)   (ps)  Location 
#------------------------------------------------------------------------------------------------------------
  clk                                 (i)     -     R     (arrival)    143  0.0     1     0    1667    (-,-) 
  u_ab_smaller_mantissa_l_reg[12]/CLK <<<     -     R     dffrq_1x     143    -     1     0    1667    (-,-) 
#------------------------------------------------------------------------------------------------------------



Path 108: MET (35 ps) Setup Check with Pin u_cd_sub_has_added_sticky_l_reg/CLK->D
           View: view_1p2_25
          Group: clock1
     Startpoint: (R) c[11]
          Clock: (R) clock1
       Endpoint: (F) u_cd_sub_has_added_sticky_l_reg/D
          Clock: (R) clock1

                     Capture       Launch     
        Clock Edge:+    1667            0     
        Drv Adjust:+       0            9     
       Src Latency:+       0            0     
       Net Latency:+       0 (I)        0 (I) 
           Arrival:=    1667            9     
                                              
             Setup:-     143                  
       Uncertainty:-       0                  
     Required Time:=    1524                  
      Launch Clock:-       9                  
       Input Delay:-       1                  
         Data Path:-    1479                  
             Slack:=      35                  

Exceptions/Constraints:
  input_delay              1              add4_fp16.sdc_line_20_39_1   

#----------------------------------------------------------------------------------------------------------
#           Timing Point            Flags   Arc   Edge   Cell     Fanout Load Trans Delay Arrival Instance 
#                                                                        (fF)  (ps)  (ps)   (ps)  Location 
#----------------------------------------------------------------------------------------------------------
  c[11]                             -       -     R     (arrival)      5 27.9    20     0      10    (-,-) 
  g117645/X                         -       B->X  F     nand2_4x       1  9.4    20    27      37    (-,-) 
  g117425/X                         -       C->X  R     oai21_4x       2 12.1    48    34      71    (-,-) 
  g117190/X                         -       A->X  F     nand2_4x       2 13.0    29    34     104    (-,-) 
  g117000/X                         -       A->X  R     nand2_4x       2 13.0    38    33     137    (-,-) 
  g122881/X                         -       A->X  F     nand2_4x       2 13.3    26    31     168    (-,-) 
  g122885/X                         -       A->X  R     aoi21_4x       2 12.1    56    42     211    (-,-) 
  g122887/X                         -       A->X  F     nand2_4x       1  9.8    28    32     242    (-,-) 
  g116624/X                         -       A->X  R     nand2_4x       2 20.9    49    41     283    (-,-) 
  g116611/X                         -       A->X  F     inv_6x         5 39.5    29    35     319    (-,-) 
  g116614/X                         -       A->X  R     inv_4x         3 17.1    27    28     347    (-,-) 
  g116514/X                         -       A->X  R     and2_2x        5 18.0    55    74     420    (-,-) 
  g116343/X                         -       B0->X R     ao22_1x        3 12.3    66    96     517    (-,-) 
  g116297/X                         -       A->X  F     inv_2x         4 12.8    33    38     555    (-,-) 
  g116014/X                         -       A1->X R     oai22_1x       1  5.2    92    62     618    (-,-) 
  g115877/X                         -       B->X  F     nor2_2x        2  6.7    48    59     676    (-,-) 
  g115665/X                         -       A->X  F     oa21_1x        1  3.3    26    71     747    (-,-) 
  g115587/X                         -       A->X  R     nand2_1x       1  5.1    48    40     787    (-,-) 
  g115484/X                         -       C->X  F     aoi21_2x       3  9.6    54    58     845    (-,-) 
  g115376/X                         -       C->X  R     oai21_1x       1  5.2    71    45     890    (-,-) 
  g115321__2802/X                   -       A->X  F     nand3_2x       2  6.5    44    46     936    (-,-) 
  g115314/X                         -       A->X  R     inv_1x         1  3.4    28    28     964    (-,-) 
  g115298__2398/X                   -       A->X  F     nor3_1x        1  3.4    70    38    1002    (-,-) 
  g115137__5122/X                   -       B->X  R     oai21_1x       1  3.7    61    58    1060    (-,-) 
  g115079__6783/X                   -       A->X  F     aoi21_1x       1  3.7    35    42    1102    (-,-) 
  g115029__7482/X                   -       A->X  R     oai21_1x       1  3.6    59    50    1152    (-,-) 
  g114992__2346/X                   -       C->X  F     oai21_1x       1  6.2    73    61    1213    (-,-) 
  g114885__2802/X                   -       A->X  R     aoi21_2x       2  8.0    66    59    1272    (-,-) 
  g114813__5477/X                   -       A->X  R     or2_2x         4 21.9    69    99    1371    (-,-) 
  g114789__1617/X                   -       C->X  F     aoi21_4x       2  8.8    48    41    1412    (-,-) 
  g114727__5115/X                   -       A->X  R     nand3_1x       1  3.3    51    45    1457    (-,-) 
  g114685__6131/X                   -       A->X  F     nand2_1x       1  2.7    28    32    1489    (-,-) 
  u_cd_sub_has_added_sticky_l_reg/D -       -     F     dffrq_1x       1    -     -     0    1489    (-,-) 
#----------------------------------------------------------------------------------------------------------

Capture clock path:
#------------------------------------------------------------------------------------------------------------
#            Timing Point             Flags   Arc   Edge   Cell     Fanout Load Trans Delay Arrival Instance 
#                                                                          (fF)  (ps)  (ps)   (ps)  Location 
#------------------------------------------------------------------------------------------------------------
  clk                                 (i)     -     R     (arrival)    143  0.0     1     0    1667    (-,-) 
  u_cd_sub_has_added_sticky_l_reg/CLK <<<     -     R     dffrq_1x     143    -     1     0    1667    (-,-) 
#------------------------------------------------------------------------------------------------------------



Path 109: MET (39 ps) Setup Check with Pin u_ab_smaller_mantissa_l_reg[2]/CLK->D
           View: view_1p2_25
          Group: clock1
     Startpoint: (R) b[11]
          Clock: (R) clock1
       Endpoint: (F) u_ab_smaller_mantissa_l_reg[2]/D
          Clock: (R) clock1

                     Capture       Launch     
        Clock Edge:+    1667            0     
        Drv Adjust:+       0            6     
       Src Latency:+       0            0     
       Net Latency:+       0 (I)        0 (I) 
           Arrival:=    1667            6     
                                              
             Setup:-     142                  
       Uncertainty:-       0                  
     Required Time:=    1524                  
      Launch Clock:-       6                  
       Input Delay:-       1                  
         Data Path:-    1478                  
             Slack:=      39                  

Exceptions/Constraints:
  input_delay              1              add4_fp16.sdc_line_20_23_1   

#---------------------------------------------------------------------------------------------------------
#          Timing Point            Flags   Arc   Edge   Cell     Fanout Load Trans Delay Arrival Instance 
#                                                                       (fF)  (ps)  (ps)   (ps)  Location 
#---------------------------------------------------------------------------------------------------------
  b[11]                            -       -     R     (arrival)      6 21.5    16     0       8    (-,-) 
  g117909/X                        -       A->X  F     inv_2x         1  9.8    18    21      28    (-,-) 
  g117635/X                        -       A->X  R     nand2_4x       1  9.8    29    26      54    (-,-) 
  g117420/X                        -       A->X  F     nand2_4x       3 13.8    27    30      84    (-,-) 
  g117191/X                        -       A->X  R     nand2_2x       2 13.0    59    45     129    (-,-) 
  g117002/X                        -       A->X  F     nand2_4x       3 17.4    36    40     170    (-,-) 
  g116921/X                        -       A->X  R     oai21_4x       2  7.6    46    38     208    (-,-) 
  g116865/X                        -       A->X  F     nand2_2x       2  8.5    50    36     244    (-,-) 
  g116661/X                        -       A->X  R     nand2_2x       1  9.8    46    46     290    (-,-) 
  g126920/X                        -       A->X  F     nand2_4x       5 27.7    50    47     337    (-,-) 
  fopt15/X                         -       A->X  R     inv_2x         2  6.6    29    28     365    (-,-) 
  fopt124061/X                     -       A->X  F     inv_1x         1  5.8    22    28     393    (-,-) 
  g116447/X                        -       B0->X R     oai22_2x       8 24.0   160   111     504    (-,-) 
  g116420/X                        -       A->X  F     inv_1x         3 11.1    70    72     576    (-,-) 
  g116317/X                        -       A->X  R     nand2_2x       3  9.3    50    50     626    (-,-) 
  g116184/X                        -       A->X  F     nor2_1x        3  9.5    70    70     695    (-,-) 
  g122823/X                        -       A->X  R     nand3_1x       1  3.2    52    50     745    (-,-) 
  g122822/X                        -       B->X  F     nand3_1x       1  3.6    41    52     797    (-,-) 
  g115539/X                        -       C->X  F     ao21_2x        4 12.6    43   107     904    (-,-) 
  g115425/X                        -       A->X  R     aoi21_1x       1  3.5    71    50     954    (-,-) 
  g115375__5115/X                  -       C->X  F     aoi21_1x       1  3.5    36    39     993    (-,-) 
  g115338__6260/X                  -       C->X  R     oai21_1x       1  3.4    64    33    1026    (-,-) 
  g115297__6260/X                  -       B->X  F     aoi21_1x       1  3.7    40    47    1074    (-,-) 
  g115186__6260/X                  -       A->X  R     oai21_1x       1  3.7    57    52    1125    (-,-) 
  g115102__2398/X                  -       A->X  R     ao21_1x        1  6.2    38    68    1193    (-,-) 
  g115056__1617/X                  -       A->X  F     aoi21_2x       2  6.3    52    33    1226    (-,-) 
  g122282/X                        -       A->X  R     inv_1x         1  9.5    53    50    1277    (-,-) 
  g123393/X                        -       A->X  F     nor2_4x        1 16.0    42    45    1322    (-,-) 
  g123392/X                        -       A->X  R     inv_6x        13 43.0    42    40    1362    (-,-) 
  g114959__122298/X                -       A1->X F     oai22_1x       1  3.6    65    40    1402    (-,-) 
  g114872__5115/X                  -       C->X  F     ao21_1x        1  2.7    26    83    1485    (-,-) 
  u_ab_smaller_mantissa_l_reg[2]/D -       -     F     dffrq_1x       1    -     -     0    1485    (-,-) 
#---------------------------------------------------------------------------------------------------------

Capture clock path:
#-----------------------------------------------------------------------------------------------------------
#           Timing Point             Flags   Arc   Edge   Cell     Fanout Load Trans Delay Arrival Instance 
#                                                                         (fF)  (ps)  (ps)   (ps)  Location 
#-----------------------------------------------------------------------------------------------------------
  clk                                (i)     -     R     (arrival)    143  0.0     1     0    1667    (-,-) 
  u_ab_smaller_mantissa_l_reg[2]/CLK <<<     -     R     dffrq_1x     143    -     1     0    1667    (-,-) 
#-----------------------------------------------------------------------------------------------------------



Path 110: MET (44 ps) Setup Check with Pin u_ab_sub_has_added_sticky_l_reg/CLK->D
           View: view_1p2_25
          Group: clock1
     Startpoint: (R) b[10]
          Clock: (R) clock1
       Endpoint: (F) u_ab_sub_has_added_sticky_l_reg/D
          Clock: (R) clock1

                     Capture       Launch     
        Clock Edge:+    1667            0     
        Drv Adjust:+       0            4     
       Src Latency:+       0            0     
       Net Latency:+       0 (I)        0 (I) 
           Arrival:=    1667            4     
                                              
             Setup:-     143                  
       Uncertainty:-       0                  
     Required Time:=    1524                  
      Launch Clock:-       4                  
       Input Delay:-       1                  
         Data Path:-    1475                  
             Slack:=      44                  

Exceptions/Constraints:
  input_delay              1              add4_fp16.sdc_line_20_24_1   

#----------------------------------------------------------------------------------------------------------
#           Timing Point            Flags   Arc   Edge   Cell     Fanout Load Trans Delay Arrival Instance 
#                                                                        (fF)  (ps)  (ps)   (ps)  Location 
#----------------------------------------------------------------------------------------------------------
  b[10]                             -       -     R     (arrival)      4 13.6    11     0       4    (-,-) 
  g117896/X                         -       A->X  F     inv_2x         2  8.3    15    18      22    (-,-) 
  g117685/X                         -       A->X  R     nor2_2x        3 11.3    66    50      72    (-,-) 
  g117191/X                         -       B->X  F     nand2_2x       2 12.9    43    56     128    (-,-) 
  g117002/X                         -       A->X  R     nand2_4x       3 17.4    47    42     170    (-,-) 
  g116921/X                         -       A->X  F     oai21_4x       2  7.6    39    30     201    (-,-) 
  g116865/X                         -       A->X  R     nand2_2x       2  8.5    56    40     240    (-,-) 
  g116661/X                         -       A->X  F     nand2_2x       1  9.8    36    41     282    (-,-) 
  g126920/X                         -       A->X  R     nand2_4x       5 27.8    66    51     333    (-,-) 
  fopt124060/X                      -       A->X  R     buf_2x         1 10.9    33    62     395    (-,-) 
  fopt124058/X                      -       A->X  F     inv_4x         6 30.8    28    33     428    (-,-) 
  g116506/X                         -       A->X  R     nand2_2x       1  9.6    51    38     466    (-,-) 
  g116443/X                         -       C->X  F     oai21_4x       5 19.8    60    55     521    (-,-) 
  g116411/X                         -       A->X  R     inv_2x         4 12.2    42    41     562    (-,-) 
  g116022/X                         -       B1->X F     oai22_1x       1  3.7    69    52     614    (-,-) 
  g115768/X                         -       A->X  R     aoi21_1x       2  6.6    88    75     689    (-,-) 
  g115671/X                         -       A->X  R     and2_2x        6 21.6    59    96     784    (-,-) 
  g115639/X                         -       A->X  F     inv_1x         6 24.7    78    79     863    (-,-) 
  g115535/X                         -       A->X  R     oai21_1x       4 12.9   144   117     980    (-,-) 
  g115421/X                         -       B0->X R     oa22_1x        1  3.6    33    93    1073    (-,-) 
  g115186__6260/X                   -       C->X  F     oai21_1x       1  3.7    36    44    1116    (-,-) 
  g115102__2398/X                   -       A->X  F     ao21_1x        1  6.2    36    77    1193    (-,-) 
  g115056__1617/X                   -       A->X  R     aoi21_2x       2  6.3    62    45    1238    (-,-) 
  g115035__3680/X                   -       A->X  R     or2_1x         2  6.8    50    73    1311    (-,-) 
  fopt122279/X                      -       A->X  F     inv_1x         1  9.4    36    42    1353    (-,-) 
  g115005__2883/X                   -       C->X  R     oai21_4x       3  9.1    55    36    1389    (-,-) 
  g124341/X                         -       A->X  R     or3_1x         1  3.3    28    64    1454    (-,-) 
  g123130/X                         -       A->X  F     nand2_1x       1  2.7    28    26    1480    (-,-) 
  u_ab_sub_has_added_sticky_l_reg/D -       -     F     dffrq_1x       1    -     -     0    1480    (-,-) 
#----------------------------------------------------------------------------------------------------------

Capture clock path:
#------------------------------------------------------------------------------------------------------------
#            Timing Point             Flags   Arc   Edge   Cell     Fanout Load Trans Delay Arrival Instance 
#                                                                          (fF)  (ps)  (ps)   (ps)  Location 
#------------------------------------------------------------------------------------------------------------
  clk                                 (i)     -     R     (arrival)    143  0.0     1     0    1667    (-,-) 
  u_ab_sub_has_added_sticky_l_reg/CLK <<<     -     R     dffrq_1x     143    -     1     0    1667    (-,-) 
#------------------------------------------------------------------------------------------------------------



Path 111: MET (51 ps) Late External Delay Assertion at pin fp_out[0]
           View: view_1p2_25
          Group: clock1
     Startpoint: (R) u_sum_smaller_mantissa_l_reg[1]/CLK
          Clock: (R) clock1
       Endpoint: (F) fp_out[0]
          Clock: (R) clock1

                     Capture       Launch     
        Clock Edge:+    1667            0     
       Src Latency:+       0            0     
       Net Latency:+       0 (I)        0 (I) 
           Arrival:=    1667            0     
                                              
      Output Delay:-       1                  
       Uncertainty:-       0                  
     Required Time:=    1666                  
      Launch Clock:-       0                  
         Data Path:-    1615                  
             Slack:=      51                  

Exceptions/Constraints:
  output_delay              1              add4_fp16.sdc_line_21_80_1   

Launch clock path:
#------------------------------------------------------------------------------------------------------------
#            Timing Point             Flags   Arc   Edge   Cell     Fanout Load Trans Delay Arrival Instance 
#                                                                          (fF)  (ps)  (ps)   (ps)  Location 
#------------------------------------------------------------------------------------------------------------
  clk                                 (i)     -     R     (arrival)    143  0.0     1     0       0    (-,-) 
  u_sum_smaller_mantissa_l_reg[1]/CLK <<<     -     R     dffrq_1x     143    -     1     0       0    (-,-) 
#------------------------------------------------------------------------------------------------------------

#-------------------------------------------------------------------------------------------------------------
#            Timing Point             Flags    Arc   Edge   Cell     Fanout Load Trans Delay Arrival Instance 
#                                                                           (fF)  (ps)  (ps)   (ps)  Location 
#-------------------------------------------------------------------------------------------------------------
  u_sum_smaller_mantissa_l_reg[1]/CLK -       -      R     (arrival)    143    -     1     0       0    (-,-) 
  u_sum_smaller_mantissa_l_reg[1]/Q   -       CLK->Q R     dffrq_1x       4 11.6    70   194     194    (-,-) 
  g123548/X                           -       B->X   R     or2_1x         2  8.4    47    84     278    (-,-) 
  g123547/X                           -       B->X   F     nand2_2x       1  5.3    32    36     314    (-,-) 
  g126208/X                           -       A->X   R     nand2_2x       3 17.2    71    56     369    (-,-) 
  g126211/X                           -       B->X   F     aoi21_4x       3 15.4    37    51     420    (-,-) 
  g126613/X                           -       B->X   R     nand2_4x       1  9.8    32    35     455    (-,-) 
  g126073/X                           -       A->X   F     nand2_4x       3 11.5    31    28     483    (-,-) 
  g122340/X                           -       A->X   R     nor2_2x        1  6.2    43    38     522    (-,-) 
  g122339/X                           -       A->X   F     oai21_2x       2 14.2    52    49     571    (-,-) 
  g116261/X                           -       A->X   R     aoi21_4x       3 14.3    66    52     623    (-,-) 
  g126207/X                           -       A->X   F     aoi21_2x       2  6.9    57    41     664    (-,-) 
  g122495/X                           -       A->X   R     aoi21_1x       1  6.2    84    70     734    (-,-) 
  g123505/X                           -       A->X   F     oai21_2x       2  6.5    39    43     777    (-,-) 
  g123507/X                           -       A->X   R     inv_1x         1  5.3    34    34     811    (-,-) 
  g123506/X                           -       A->X   F     nand2_2x       1  5.1    26    26     837    (-,-) 
  g124109/X                           -       B->X   R     nand2_2x       3 11.3    51    44     882    (-,-) 
  g123509/X                           -       A->X   F     inv_1x         3 11.2    40    47     928    (-,-) 
  g115344__126579/X                   -       A->X   F     oa21_2x        3 14.6    44    98    1027    (-,-) 
  g115296__5107/X                     -       A->X   R     oai21_2x       1  5.1    66    43    1070    (-,-) 
  g115253__1666/X                     -       C->X   F     aoi21_2x       2 11.5    62    68    1138    (-,-) 
  g122727/X                           -       A->X   R     oai21_2x       2  8.7    78    59    1197    (-,-) 
  g122726/X                           -       A->X   R     xnor2_1x       1  3.7    64    68    1264    (-,-) 
  g114987__126392/X                   -       A1->X  R     oa22_2x        2  7.5    32    76    1340    (-,-) 
  g114927__6417/X                     -       A->X   F     nand3_2x       1 11.0    59    48    1389    (-,-) 
  g114774__9945/X                     -       A->X   R     oai21_4x       3 14.9    60    55    1444    (-,-) 
  g126548/X                           -       A->X   F     nor2_4x        6 31.6    61    65    1509    (-,-) 
  g114622__9945/X                     -       A0->X  R     aoi22_1x       1  3.6    78    63    1572    (-,-) 
  g114593__5107/X                     -       C->X   F     oai21_1x       1  0.9    29    43    1615    (-,-) 
  fp_out[0]                           -       -      F     (port)         -    -     -     0    1615    (-,-) 
#-------------------------------------------------------------------------------------------------------------



Path 112: MET (62 ps) Setup Check with Pin u_ab_smaller_mantissa_l_reg[3]/CLK->D
           View: view_1p2_25
          Group: clock1
     Startpoint: (R) b[11]
          Clock: (R) clock1
       Endpoint: (F) u_ab_smaller_mantissa_l_reg[3]/D
          Clock: (R) clock1

                     Capture       Launch     
        Clock Edge:+    1667            0     
        Drv Adjust:+       0            6     
       Src Latency:+       0            0     
       Net Latency:+       0 (I)        0 (I) 
           Arrival:=    1667            6     
                                              
             Setup:-     143                  
       Uncertainty:-       0                  
     Required Time:=    1523                  
      Launch Clock:-       6                  
       Input Delay:-       1                  
         Data Path:-    1454                  
             Slack:=      62                  

Exceptions/Constraints:
  input_delay              1              add4_fp16.sdc_line_20_23_1   

#---------------------------------------------------------------------------------------------------------
#          Timing Point            Flags   Arc   Edge   Cell     Fanout Load Trans Delay Arrival Instance 
#                                                                       (fF)  (ps)  (ps)   (ps)  Location 
#---------------------------------------------------------------------------------------------------------
  b[11]                            -       -     R     (arrival)      6 21.5    16     0       8    (-,-) 
  g117909/X                        -       A->X  F     inv_2x         1  9.8    18    21      28    (-,-) 
  g117635/X                        -       A->X  R     nand2_4x       1  9.8    29    26      54    (-,-) 
  g117420/X                        -       A->X  F     nand2_4x       3 13.8    27    30      84    (-,-) 
  g117191/X                        -       A->X  R     nand2_2x       2 13.0    59    45     129    (-,-) 
  g117002/X                        -       A->X  F     nand2_4x       3 17.4    36    40     170    (-,-) 
  g116921/X                        -       A->X  R     oai21_4x       2  7.6    46    38     208    (-,-) 
  g116865/X                        -       A->X  F     nand2_2x       2  8.5    50    36     244    (-,-) 
  g116661/X                        -       A->X  R     nand2_2x       1  9.8    46    46     290    (-,-) 
  g126920/X                        -       A->X  F     nand2_4x       5 27.7    50    47     337    (-,-) 
  fopt15/X                         -       A->X  R     inv_2x         2  6.6    29    28     365    (-,-) 
  fopt124061/X                     -       A->X  F     inv_1x         1  5.8    22    28     393    (-,-) 
  g116447/X                        -       B0->X R     oai22_2x       8 24.0   160   111     504    (-,-) 
  g116420/X                        -       A->X  F     inv_1x         3 11.1    70    72     576    (-,-) 
  g116317/X                        -       A->X  R     nand2_2x       3  9.3    50    50     626    (-,-) 
  g116184/X                        -       A->X  F     nor2_1x        3  9.5    70    70     695    (-,-) 
  g122823/X                        -       A->X  R     nand3_1x       1  3.2    52    50     745    (-,-) 
  g122822/X                        -       B->X  F     nand3_1x       1  3.6    41    52     797    (-,-) 
  g115539/X                        -       C->X  F     ao21_2x        4 12.6    43   107     904    (-,-) 
  g115425/X                        -       A->X  R     aoi21_1x       1  3.5    71    50     954    (-,-) 
  g115375__5115/X                  -       C->X  F     aoi21_1x       1  3.5    36    39     993    (-,-) 
  g115338__6260/X                  -       C->X  R     oai21_1x       1  3.4    64    33    1026    (-,-) 
  g115297__6260/X                  -       B->X  F     aoi21_1x       1  3.7    40    47    1074    (-,-) 
  g115186__6260/X                  -       A->X  R     oai21_1x       1  3.7    57    52    1125    (-,-) 
  g115102__2398/X                  -       A->X  R     ao21_1x        1  6.2    38    68    1193    (-,-) 
  g115056__1617/X                  -       A->X  F     aoi21_2x       2  6.3    52    33    1226    (-,-) 
  g122282/X                        -       A->X  R     inv_1x         1  9.5    53    50    1277    (-,-) 
  g123393/X                        -       A->X  F     nor2_4x        1 16.0    42    45    1322    (-,-) 
  g123392/X                        -       A->X  R     inv_6x        13 43.0    42    40    1362    (-,-) 
  g125392/X                        -       A1->X R     oa22_1x        1  3.6    33    60    1422    (-,-) 
  g114873__6260/X                  -       C->X  F     oai21_1x       1  2.7    38    40    1462    (-,-) 
  u_ab_smaller_mantissa_l_reg[3]/D -       -     F     dffrq_1x       1    -     -     0    1462    (-,-) 
#---------------------------------------------------------------------------------------------------------

Capture clock path:
#-----------------------------------------------------------------------------------------------------------
#           Timing Point             Flags   Arc   Edge   Cell     Fanout Load Trans Delay Arrival Instance 
#                                                                         (fF)  (ps)  (ps)   (ps)  Location 
#-----------------------------------------------------------------------------------------------------------
  clk                                (i)     -     R     (arrival)    143  0.0     1     0    1667    (-,-) 
  u_ab_smaller_mantissa_l_reg[3]/CLK <<<     -     R     dffrq_1x     143    -     1     0    1667    (-,-) 
#-----------------------------------------------------------------------------------------------------------



Path 113: MET (85 ps) Setup Check with Pin u_cd_smaller_mantissa_l_reg[8]/CLK->D
           View: view_1p2_25
          Group: clock1
     Startpoint: (F) d[13]
          Clock: (R) clock1
       Endpoint: (F) u_cd_smaller_mantissa_l_reg[8]/D
          Clock: (R) clock1

                     Capture       Launch     
        Clock Edge:+    1667            0     
        Drv Adjust:+       0            5     
       Src Latency:+       0            0     
       Net Latency:+       0 (I)        0 (I) 
           Arrival:=    1667            5     
                                              
             Setup:-     143                  
       Uncertainty:-       0                  
     Required Time:=    1523                  
      Launch Clock:-       5                  
       Input Delay:-       1                  
         Data Path:-    1433                  
             Slack:=      85                  

Exceptions/Constraints:
  input_delay              1              add4_fp16.sdc_line_20_53_1   

#---------------------------------------------------------------------------------------------------------
#          Timing Point            Flags   Arc   Edge   Cell     Fanout Load Trans Delay Arrival Instance 
#                                                                       (fF)  (ps)  (ps)   (ps)  Location 
#---------------------------------------------------------------------------------------------------------
  d[13]                            -       -     F     (arrival)      5 21.5    10     0       6    (-,-) 
  g117914/X                        -       A->X  R     inv_2x         3 11.8    31    26      32    (-,-) 
  g117642/X                        -       A->X  F     nor2_1x        1  6.0    49    48      80    (-,-) 
  g122882/X                        -       A0->X R     oai22_2x       2 12.8   106    73     153    (-,-) 
  g122885/X                        -       C->X  F     aoi21_4x       2 12.1    51    53     206    (-,-) 
  g122887/X                        -       A->X  R     nand2_4x       1  9.8    36    35     240    (-,-) 
  g116624/X                        -       A->X  F     nand2_4x       2 20.9    36    38     278    (-,-) 
  g116611/X                        -       A->X  R     inv_6x         5 39.7    38    36     315    (-,-) 
  g116614/X                        -       A->X  F     inv_4x         3 17.1    21    26     341    (-,-) 
  g116446/X                        -       A->X  R     oai21_4x       1 10.9    47    40     381    (-,-) 
  g116419/X                        -       A->X  F     inv_4x         2 20.2    26    31     412    (-,-) 
  g116356/X                        -       A->X  R     nand2_4x       8 29.9    76    50     462    (-,-) 
  g116314/X                        -       A->X  F     inv_2x         6 18.2    42    48     510    (-,-) 
  g116173/X                        -       A->X  R     nand2_1x       1  5.2    52    45     555    (-,-) 
  g115892/X                        -       B->X  F     nor2_2x        3 11.7    50    57     612    (-,-) 
  g115849/X                        -       A->X  R     inv_2x         6 19.2    52    49     661    (-,-) 
  g115749/X                        -       A->X  F     nor2_1x        1  3.3    56    43     704    (-,-) 
  g115582/X                        -       B->X  R     nor2_1x        1  3.7    53    52     756    (-,-) 
  g115488/X                        -       C->X  R     oa21_1x        3  9.4    52    88     843    (-,-) 
  g115426/X                        -       A->X  F     nand2_1x       1  5.0    36    42     885    (-,-) 
  g115321__2802/X                  -       C->X  R     nand3_2x       2  6.5    46    44     929    (-,-) 
  g115299__1666/X                  -       A->X  F     nand2_1x       1  3.6    30    34     964    (-,-) 
  g115182__2802/X                  -       A1->X R     aoi22_1x       1  3.6    78    51    1015    (-,-) 
  g115137__5122/X                  -       C->X  F     oai21_1x       1  3.7    50    57    1072    (-,-) 
  g115079__6783/X                  -       A->X  R     aoi21_1x       1  3.7    61    53    1125    (-,-) 
  g115029__7482/X                  -       A->X  F     oai21_1x       1  3.5    45    41    1165    (-,-) 
  g114992__2346/X                  -       C->X  R     oai21_1x       1  6.2    87    45    1210    (-,-) 
  g114885__2802/X                  -       A->X  F     aoi21_2x       2  7.9    54    48    1258    (-,-) 
  g114812__6417/X                  -       A->X  R     nand2_2x       4 20.0    89    69    1327    (-,-) 
  g114755__4319/X                  -       A1->X R     oa22_1x        1  3.6    33    72    1399    (-,-) 
  g114707__6260/X                  -       C->X  F     oai21_1x       1  2.7    38    40    1439    (-,-) 
  u_cd_smaller_mantissa_l_reg[8]/D -       -     F     dffrq_1x       1    -     -     0    1439    (-,-) 
#---------------------------------------------------------------------------------------------------------

Capture clock path:
#-----------------------------------------------------------------------------------------------------------
#           Timing Point             Flags   Arc   Edge   Cell     Fanout Load Trans Delay Arrival Instance 
#                                                                         (fF)  (ps)  (ps)   (ps)  Location 
#-----------------------------------------------------------------------------------------------------------
  clk                                (i)     -     R     (arrival)    143  0.0     1     0    1667    (-,-) 
  u_cd_smaller_mantissa_l_reg[8]/CLK <<<     -     R     dffrq_1x     143    -     1     0    1667    (-,-) 
#-----------------------------------------------------------------------------------------------------------



Path 114: MET (456 ps) Setup Check with Pin u_ab_smaller_mantissa_l_reg[1]/CLK->D
           View: view_1p2_25
          Group: clock1
     Startpoint: (R) b[10]
          Clock: (R) clock1
       Endpoint: (F) u_ab_smaller_mantissa_l_reg[1]/D
          Clock: (R) clock1

                     Capture       Launch     
        Clock Edge:+    1667            0     
        Drv Adjust:+       0            4     
       Src Latency:+       0            0     
       Net Latency:+       0 (I)        0 (I) 
           Arrival:=    1667            4     
                                              
             Setup:-     143                  
       Uncertainty:-       0                  
     Required Time:=    1523                  
      Launch Clock:-       4                  
       Input Delay:-       1                  
         Data Path:-    1063                  
             Slack:=     456                  

Exceptions/Constraints:
  input_delay              1              add4_fp16.sdc_line_20_24_1   

#---------------------------------------------------------------------------------------------------------
#          Timing Point            Flags   Arc   Edge   Cell     Fanout Load Trans Delay Arrival Instance 
#                                                                       (fF)  (ps)  (ps)   (ps)  Location 
#---------------------------------------------------------------------------------------------------------
  b[10]                            -       -     R     (arrival)      4 13.6    11     0       4    (-,-) 
  g117896/X                        -       A->X  F     inv_2x         2  8.3    15    18      22    (-,-) 
  g117685/X                        -       A->X  R     nor2_2x        3 11.3    66    50      72    (-,-) 
  g117191/X                        -       B->X  F     nand2_2x       2 12.9    43    56     128    (-,-) 
  g117002/X                        -       A->X  R     nand2_4x       3 17.4    47    42     170    (-,-) 
  g116921/X                        -       A->X  F     oai21_4x       2  7.6    39    30     201    (-,-) 
  g116865/X                        -       A->X  R     nand2_2x       2  8.5    56    40     240    (-,-) 
  g116661/X                        -       A->X  F     nand2_2x       1  9.8    36    41     282    (-,-) 
  g126920/X                        -       A->X  R     nand2_4x       5 27.8    66    51     333    (-,-) 
  fopt15/X                         -       A->X  F     inv_2x         2  6.6    26    28     361    (-,-) 
  g116518/X                        -       A->X  F     and2_2x       10 32.0    61    97     458    (-,-) 
  g116269/X                        -       A0->X R     aoi22_1x       3 12.5   151   117     575    (-,-) 
  g116196/X                        -       A->X  F     inv_2x         4 12.8    56    52     627    (-,-) 
  g115998/X                        -       B0->X F     ao22_1x        1  3.4    28    86     713    (-,-) 
  g115884/X                        -       A->X  R     nor2_1x        3  9.7   106    80     793    (-,-) 
  g115754/X                        -       A->X  F     nor2_1x        1  3.6    48    59     852    (-,-) 
  g115659/X                        -       C->X  R     aoi21_1x       1  3.6    64    61     912    (-,-) 
  g115527/X                        -       C->X  F     oai21_1x       1  2.5    46    48     960    (-,-) 
  g115414/X                        -       D1->X F     mux2_1x        1  2.7    38   106    1067    (-,-) 
  u_ab_smaller_mantissa_l_reg[1]/D -       -     F     dffrq_1x       1    -     -     0    1067    (-,-) 
#---------------------------------------------------------------------------------------------------------

Capture clock path:
#-----------------------------------------------------------------------------------------------------------
#           Timing Point             Flags   Arc   Edge   Cell     Fanout Load Trans Delay Arrival Instance 
#                                                                         (fF)  (ps)  (ps)   (ps)  Location 
#-----------------------------------------------------------------------------------------------------------
  clk                                (i)     -     R     (arrival)    143  0.0     1     0    1667    (-,-) 
  u_ab_smaller_mantissa_l_reg[1]/CLK <<<     -     R     dffrq_1x     143    -     1     0    1667    (-,-) 
#-----------------------------------------------------------------------------------------------------------



Path 115: MET (544 ps) Setup Check with Pin u_cd_smaller_mantissa_l_reg[1]/CLK->D
           View: view_1p2_25
          Group: clock1
     Startpoint: (R) c[11]
          Clock: (R) clock1
       Endpoint: (F) u_cd_smaller_mantissa_l_reg[1]/D
          Clock: (R) clock1

                     Capture       Launch     
        Clock Edge:+    1667            0     
        Drv Adjust:+       0            9     
       Src Latency:+       0            0     
       Net Latency:+       0 (I)        0 (I) 
           Arrival:=    1667            9     
                                              
             Setup:-     143                  
       Uncertainty:-       0                  
     Required Time:=    1523                  
      Launch Clock:-       9                  
       Input Delay:-       1                  
         Data Path:-     969                  
             Slack:=     544                  

Exceptions/Constraints:
  input_delay              1              add4_fp16.sdc_line_20_39_1   

#---------------------------------------------------------------------------------------------------------
#          Timing Point            Flags   Arc   Edge   Cell     Fanout Load Trans Delay Arrival Instance 
#                                                                       (fF)  (ps)  (ps)   (ps)  Location 
#---------------------------------------------------------------------------------------------------------
  c[11]                            -       -     R     (arrival)      5 27.9    20     0      10    (-,-) 
  g117645/X                        -       B->X  F     nand2_4x       1  9.4    20    27      37    (-,-) 
  g117425/X                        -       C->X  R     oai21_4x       2 12.1    48    34      71    (-,-) 
  g117190/X                        -       A->X  F     nand2_4x       2 13.0    29    34     104    (-,-) 
  g117000/X                        -       A->X  R     nand2_4x       2 13.0    38    33     137    (-,-) 
  g122881/X                        -       A->X  F     nand2_4x       2 13.3    26    31     168    (-,-) 
  g122885/X                        -       A->X  R     aoi21_4x       2 12.1    56    42     211    (-,-) 
  g122887/X                        -       A->X  F     nand2_4x       1  9.8    28    32     242    (-,-) 
  g116624/X                        -       A->X  R     nand2_4x       2 20.9    49    41     283    (-,-) 
  g116611/X                        -       A->X  F     inv_6x         5 39.5    29    35     319    (-,-) 
  g116503/X                        -       A->X  R     nand2_2x       1  9.6    47    39     358    (-,-) 
  g116436/X                        -       C->X  F     oai21_4x       1 13.0    37    47     404    (-,-) 
  g116188/X                        -       A->X  F     xnor2_4x       2  8.8    40    83     488    (-,-) 
  g116144/X                        -       A->X  R     inv_2x         3 15.8    44    41     528    (-,-) 
  g116143/X                        -       A->X  F     inv_2x         5 18.7    34    40     568    (-,-) 
  g115858/X                        -       A->X  R     oai21_2x       1  6.2    69    44     613    (-,-) 
  g115668/X                        -       A->X  F     aoi21_2x       3 11.0    61    50     663    (-,-) 
  g115598/X                        -       A->X  R     nand2_2x       2  9.4    48    48     711    (-,-) 
  g115578/X                        -       A->X  F     inv_2x         6 29.6    49    53     764    (-,-) 
  g115577/X                        -       A->X  R     inv_1x         5 16.7    83    70     834    (-,-) 
  g115480__8246/X                  -       A->X  F     oai21_1x       1  2.5    37    40     874    (-,-) 
  g125321/X                        -       D1->X F     mux2_1x        1  2.7    38   105     979    (-,-) 
  u_cd_smaller_mantissa_l_reg[1]/D -       -     F     dffrq_1x       1    -     -     0     979    (-,-) 
#---------------------------------------------------------------------------------------------------------

Capture clock path:
#-----------------------------------------------------------------------------------------------------------
#           Timing Point             Flags   Arc   Edge   Cell     Fanout Load Trans Delay Arrival Instance 
#                                                                         (fF)  (ps)  (ps)   (ps)  Location 
#-----------------------------------------------------------------------------------------------------------
  clk                                (i)     -     R     (arrival)    143  0.0     1     0    1667    (-,-) 
  u_cd_smaller_mantissa_l_reg[1]/CLK <<<     -     R     dffrq_1x     143    -     1     0    1667    (-,-) 
#-----------------------------------------------------------------------------------------------------------



Path 116: MET (704 ps) Setup Check with Pin u_ab_sign_not_shifted_l_reg/CLK->SDI
           View: view_1p2_25
          Group: clock1
     Startpoint: (R) b[10]
          Clock: (R) clock1
       Endpoint: (F) u_ab_sign_not_shifted_l_reg/SDI
          Clock: (R) clock1

                     Capture       Launch     
        Clock Edge:+    1667            0     
        Drv Adjust:+       0            4     
       Src Latency:+       0            0     
       Net Latency:+       0 (I)        0 (I) 
           Arrival:=    1667            4     
                                              
             Setup:-     233                  
       Uncertainty:-       0                  
     Required Time:=    1434                  
      Launch Clock:-       4                  
       Input Delay:-       1                  
         Data Path:-     726                  
             Slack:=     704                  

Exceptions/Constraints:
  input_delay              1              add4_fp16.sdc_line_20_24_1   

#--------------------------------------------------------------------------------------------------------
#          Timing Point           Flags   Arc   Edge   Cell     Fanout Load Trans Delay Arrival Instance 
#                                                                      (fF)  (ps)  (ps)   (ps)  Location 
#--------------------------------------------------------------------------------------------------------
  b[10]                           -       -     R     (arrival)      4 13.6    11     0       4    (-,-) 
  g117896/X                       -       A->X  F     inv_2x         2  8.3    15    18      22    (-,-) 
  g117685/X                       -       A->X  R     nor2_2x        3 11.3    66    50      72    (-,-) 
  g117191/X                       -       B->X  F     nand2_2x       2 12.9    43    56     128    (-,-) 
  g117002/X                       -       A->X  R     nand2_4x       3 17.4    47    42     170    (-,-) 
  g116921/X                       -       A->X  F     oai21_4x       2  7.6    39    30     201    (-,-) 
  g116865/X                       -       A->X  R     nand2_2x       2  8.5    56    40     240    (-,-) 
  g116661/X                       -       A->X  F     nand2_2x       1  9.8    36    41     282    (-,-) 
  g126920/X                       -       A->X  R     nand2_4x       5 27.8    66    51     333    (-,-) 
  fopt124060/X                    -       A->X  R     buf_2x         1 10.9    33    62     395    (-,-) 
  fopt124058/X                    -       A->X  F     inv_4x         6 30.8    28    33     428    (-,-) 
  g126923/X                       -       A->X  R     inv_2x        16 57.9   138    97     525    (-,-) 
  g116399/X                       -       S->X  R     muxi2_1x       2  6.6   169   167     692    (-,-) 
  g116362/X                       -       A->X  F     inv_1x         1  2.8    50    38     730    (-,-) 
  u_ab_sign_not_shifted_l_reg/SDI -       -     F     sdffrq_1x      1    -     -     0     730    (-,-) 
#--------------------------------------------------------------------------------------------------------

Capture clock path:
#--------------------------------------------------------------------------------------------------------
#          Timing Point           Flags   Arc   Edge   Cell     Fanout Load Trans Delay Arrival Instance 
#                                                                      (fF)  (ps)  (ps)   (ps)  Location 
#--------------------------------------------------------------------------------------------------------
  clk                             (i)     -     R     (arrival)    143  0.0     1     0    1667    (-,-) 
  u_ab_sign_not_shifted_l_reg/CLK <<<     -     R     sdffrq_1x    143    -     1     0    1667    (-,-) 
#--------------------------------------------------------------------------------------------------------



Path 117: MET (731 ps) Setup Check with Pin u_cd_sign_not_shifted_l_reg/CLK->SDI
           View: view_1p2_25
          Group: clock1
     Startpoint: (R) c[11]
          Clock: (R) clock1
       Endpoint: (F) u_cd_sign_not_shifted_l_reg/SDI
          Clock: (R) clock1

                     Capture       Launch     
        Clock Edge:+    1667            0     
        Drv Adjust:+       0            9     
       Src Latency:+       0            0     
       Net Latency:+       0 (I)        0 (I) 
           Arrival:=    1667            9     
                                              
             Setup:-     233                  
       Uncertainty:-       0                  
     Required Time:=    1434                  
      Launch Clock:-       9                  
       Input Delay:-       1                  
         Data Path:-     693                  
             Slack:=     731                  

Exceptions/Constraints:
  input_delay              1              add4_fp16.sdc_line_20_39_1   

#--------------------------------------------------------------------------------------------------------
#          Timing Point           Flags   Arc   Edge   Cell     Fanout Load Trans Delay Arrival Instance 
#                                                                      (fF)  (ps)  (ps)   (ps)  Location 
#--------------------------------------------------------------------------------------------------------
  c[11]                           -       -     R     (arrival)      5 27.9    20     0      10    (-,-) 
  g117645/X                       -       B->X  F     nand2_4x       1  9.4    20    27      37    (-,-) 
  g117425/X                       -       C->X  R     oai21_4x       2 12.1    48    34      71    (-,-) 
  g117190/X                       -       A->X  F     nand2_4x       2 13.0    29    34     104    (-,-) 
  g117000/X                       -       A->X  R     nand2_4x       2 13.0    38    33     137    (-,-) 
  g122881/X                       -       A->X  F     nand2_4x       2 13.3    26    31     168    (-,-) 
  g122885/X                       -       A->X  R     aoi21_4x       2 12.1    56    42     211    (-,-) 
  g122887/X                       -       A->X  F     nand2_4x       1  9.8    28    32     242    (-,-) 
  g116624/X                       -       A->X  R     nand2_4x       2 20.9    49    41     283    (-,-) 
  g116611/X                       -       A->X  F     inv_6x         5 39.5    29    35     319    (-,-) 
  g116610/X                       -       A->X  R     inv_4x         9 37.0    48    42     361    (-,-) 
  g116608/X                       -       A->X  R     buf_2x        17 65.1   156   133     494    (-,-) 
  g116429/X                       -       S->X  R     muxi2_1x       2  6.6   171   170     664    (-,-) 
  g116406/X                       -       A->X  F     inv_1x         1  2.8    50    38     702    (-,-) 
  u_cd_sign_not_shifted_l_reg/SDI -       -     F     sdffrq_1x      1    -     -     0     702    (-,-) 
#--------------------------------------------------------------------------------------------------------

Capture clock path:
#--------------------------------------------------------------------------------------------------------
#          Timing Point           Flags   Arc   Edge   Cell     Fanout Load Trans Delay Arrival Instance 
#                                                                      (fF)  (ps)  (ps)   (ps)  Location 
#--------------------------------------------------------------------------------------------------------
  clk                             (i)     -     R     (arrival)    143  0.0     1     0    1667    (-,-) 
  u_cd_sign_not_shifted_l_reg/CLK <<<     -     R     sdffrq_1x    143    -     1     0    1667    (-,-) 
#--------------------------------------------------------------------------------------------------------



Path 118: MET (733 ps) Setup Check with Pin u_ab_exp_max_l_reg[3]/CLK->D
           View: view_1p2_25
          Group: clock1
     Startpoint: (R) b[10]
          Clock: (R) clock1
       Endpoint: (F) u_ab_exp_max_l_reg[3]/D
          Clock: (R) clock1

                     Capture       Launch     
        Clock Edge:+    1667            0     
        Drv Adjust:+       0            4     
       Src Latency:+       0            0     
       Net Latency:+       0 (I)        0 (I) 
           Arrival:=    1667            4     
                                              
             Setup:-     143                  
       Uncertainty:-       0                  
     Required Time:=    1523                  
      Launch Clock:-       4                  
       Input Delay:-       1                  
         Data Path:-     786                  
             Slack:=     733                  

Exceptions/Constraints:
  input_delay              1              add4_fp16.sdc_line_20_24_1   

#------------------------------------------------------------------------------------------------
#      Timing Point       Flags   Arc   Edge   Cell     Fanout Load Trans Delay Arrival Instance 
#                                                              (fF)  (ps)  (ps)   (ps)  Location 
#------------------------------------------------------------------------------------------------
  b[10]                   -       -     R     (arrival)      4 13.6    11     0       4    (-,-) 
  g117896/X               -       A->X  F     inv_2x         2  8.3    15    18      22    (-,-) 
  g117685/X               -       A->X  R     nor2_2x        3 11.3    66    50      72    (-,-) 
  g117191/X               -       B->X  F     nand2_2x       2 12.9    43    56     128    (-,-) 
  g117002/X               -       A->X  R     nand2_4x       3 17.4    47    42     170    (-,-) 
  g116921/X               -       A->X  F     oai21_4x       2  7.6    39    30     201    (-,-) 
  g116865/X               -       A->X  R     nand2_2x       2  8.5    56    40     240    (-,-) 
  g116661/X               -       A->X  F     nand2_2x       1  9.8    36    41     282    (-,-) 
  g126920/X               -       A->X  R     nand2_4x       5 27.8    66    51     333    (-,-) 
  fopt124060/X            -       A->X  R     buf_2x         1 10.9    33    62     395    (-,-) 
  fopt124058/X            -       A->X  F     inv_4x         6 30.8    28    33     428    (-,-) 
  g126923/X               -       A->X  R     inv_2x        16 57.9   138    97     525    (-,-) 
  g116435/X               -       S->X  F     mux2_1x        2  5.5    47   159     684    (-,-) 
  g116176/X               -       D1->X F     mux2_1x        1  2.7    38   107     790    (-,-) 
  u_ab_exp_max_l_reg[3]/D -       -     F     dffrq_1x       1    -     -     0     790    (-,-) 
#------------------------------------------------------------------------------------------------

Capture clock path:
#--------------------------------------------------------------------------------------------------
#       Timing Point        Flags   Arc   Edge   Cell     Fanout Load Trans Delay Arrival Instance 
#                                                                (fF)  (ps)  (ps)   (ps)  Location 
#--------------------------------------------------------------------------------------------------
  clk                       (i)     -     R     (arrival)    143  0.0     1     0    1667    (-,-) 
  u_ab_exp_max_l_reg[3]/CLK <<<     -     R     dffrq_1x     143    -     1     0    1667    (-,-) 
#--------------------------------------------------------------------------------------------------



Path 119: MET (734 ps) Setup Check with Pin u_ab_exp_max_l_reg[2]/CLK->D
           View: view_1p2_25
          Group: clock1
     Startpoint: (R) b[10]
          Clock: (R) clock1
       Endpoint: (F) u_ab_exp_max_l_reg[2]/D
          Clock: (R) clock1

                     Capture       Launch     
        Clock Edge:+    1667            0     
        Drv Adjust:+       0            4     
       Src Latency:+       0            0     
       Net Latency:+       0 (I)        0 (I) 
           Arrival:=    1667            4     
                                              
             Setup:-     143                  
       Uncertainty:-       0                  
     Required Time:=    1523                  
      Launch Clock:-       4                  
       Input Delay:-       1                  
         Data Path:-     785                  
             Slack:=     734                  

Exceptions/Constraints:
  input_delay              1              add4_fp16.sdc_line_20_24_1   

#------------------------------------------------------------------------------------------------
#      Timing Point       Flags   Arc   Edge   Cell     Fanout Load Trans Delay Arrival Instance 
#                                                              (fF)  (ps)  (ps)   (ps)  Location 
#------------------------------------------------------------------------------------------------
  b[10]                   -       -     R     (arrival)      4 13.6    11     0       4    (-,-) 
  g117896/X               -       A->X  F     inv_2x         2  8.3    15    18      22    (-,-) 
  g117685/X               -       A->X  R     nor2_2x        3 11.3    66    50      72    (-,-) 
  g117191/X               -       B->X  F     nand2_2x       2 12.9    43    56     128    (-,-) 
  g117002/X               -       A->X  R     nand2_4x       3 17.4    47    42     170    (-,-) 
  g116921/X               -       A->X  F     oai21_4x       2  7.6    39    30     201    (-,-) 
  g116865/X               -       A->X  R     nand2_2x       2  8.5    56    40     240    (-,-) 
  g116661/X               -       A->X  F     nand2_2x       1  9.8    36    41     282    (-,-) 
  g126920/X               -       A->X  R     nand2_4x       5 27.8    66    51     333    (-,-) 
  fopt124060/X            -       A->X  R     buf_2x         1 10.9    33    62     395    (-,-) 
  fopt124058/X            -       A->X  F     inv_4x         6 30.8    28    33     428    (-,-) 
  g126923/X               -       A->X  R     inv_2x        16 57.9   138    97     525    (-,-) 
  g116434/X               -       S->X  F     mux2_1x        2  5.3    46   158     683    (-,-) 
  g116172/X               -       D1->X F     mux2_1x        1  2.7    38   107     790    (-,-) 
  u_ab_exp_max_l_reg[2]/D -       -     F     dffrq_1x       1    -     -     0     790    (-,-) 
#------------------------------------------------------------------------------------------------

Capture clock path:
#--------------------------------------------------------------------------------------------------
#       Timing Point        Flags   Arc   Edge   Cell     Fanout Load Trans Delay Arrival Instance 
#                                                                (fF)  (ps)  (ps)   (ps)  Location 
#--------------------------------------------------------------------------------------------------
  clk                       (i)     -     R     (arrival)    143  0.0     1     0    1667    (-,-) 
  u_ab_exp_max_l_reg[2]/CLK <<<     -     R     dffrq_1x     143    -     1     0    1667    (-,-) 
#--------------------------------------------------------------------------------------------------



Path 120: MET (746 ps) Setup Check with Pin u_cd_special_result_l_reg[3]/CLK->D
           View: view_1p2_25
          Group: clock1
     Startpoint: (F) c[10]
          Clock: (R) clock1
       Endpoint: (F) u_cd_special_result_l_reg[3]/D
          Clock: (R) clock1

                     Capture       Launch     
        Clock Edge:+    1667            0     
        Drv Adjust:+       0            4     
       Src Latency:+       0            0     
       Net Latency:+       0 (I)        0 (I) 
           Arrival:=    1667            4     
                                              
             Setup:-     144                  
       Uncertainty:-       0                  
     Required Time:=    1523                  
      Launch Clock:-       4                  
       Input Delay:-       1                  
         Data Path:-     772                  
             Slack:=     746                  

Exceptions/Constraints:
  input_delay              1              add4_fp16.sdc_line_20_40_1   

#-------------------------------------------------------------------------------------------------------
#         Timing Point           Flags   Arc   Edge   Cell     Fanout Load Trans Delay Arrival Instance 
#                                                                     (fF)  (ps)  (ps)   (ps)  Location 
#-------------------------------------------------------------------------------------------------------
  c[10]                          -       -     F     (arrival)      5 20.3     9     0       6    (-,-) 
  g117388/X                      -       C->X  R     nor3_1x        1  3.2    78    66      72    (-,-) 
  g117291/X                      -       A->X  F     nand3_1x       8 24.0   187   152     224    (-,-) 
  g117205/X                      -       A->X  R     nand2_1x       2  6.4    93    82     305    (-,-) 
  g117112/X                      -       A->X  F     nand3_1x       1  3.4    52    53     358    (-,-) 
  g117047/X                      -       A->X  F     or3_1x         1  3.7    33    88     445    (-,-) 
  g116962/X                      -       A->X  R     oai21_1x       3  8.7   102    80     526    (-,-) 
  g116923/X                      -       A->X  F     nand2_1x      11 35.7   189   164     689    (-,-) 
  g116725/X                      -       A->X  F     ao21_1x        1  2.7    31    88     777    (-,-) 
  u_cd_special_result_l_reg[3]/D -       -     F     dffrq_1x       1    -     -     0     777    (-,-) 
#-------------------------------------------------------------------------------------------------------

Capture clock path:
#---------------------------------------------------------------------------------------------------------
#          Timing Point            Flags   Arc   Edge   Cell     Fanout Load Trans Delay Arrival Instance 
#                                                                       (fF)  (ps)  (ps)   (ps)  Location 
#---------------------------------------------------------------------------------------------------------
  clk                              (i)     -     R     (arrival)    143  0.0     1     0    1667    (-,-) 
  u_cd_special_result_l_reg[3]/CLK <<<     -     R     dffrq_1x     143    -     1     0    1667    (-,-) 
#---------------------------------------------------------------------------------------------------------



Path 121: MET (746 ps) Setup Check with Pin u_cd_special_result_l_reg[8]/CLK->D
           View: view_1p2_25
          Group: clock1
     Startpoint: (F) c[10]
          Clock: (R) clock1
       Endpoint: (F) u_cd_special_result_l_reg[8]/D
          Clock: (R) clock1

                     Capture       Launch     
        Clock Edge:+    1667            0     
        Drv Adjust:+       0            4     
       Src Latency:+       0            0     
       Net Latency:+       0 (I)        0 (I) 
           Arrival:=    1667            4     
                                              
             Setup:-     144                  
       Uncertainty:-       0                  
     Required Time:=    1523                  
      Launch Clock:-       4                  
       Input Delay:-       1                  
         Data Path:-     772                  
             Slack:=     746                  

Exceptions/Constraints:
  input_delay              1              add4_fp16.sdc_line_20_40_1   

#-------------------------------------------------------------------------------------------------------
#         Timing Point           Flags   Arc   Edge   Cell     Fanout Load Trans Delay Arrival Instance 
#                                                                     (fF)  (ps)  (ps)   (ps)  Location 
#-------------------------------------------------------------------------------------------------------
  c[10]                          -       -     F     (arrival)      5 20.3     9     0       6    (-,-) 
  g117388/X                      -       C->X  R     nor3_1x        1  3.2    78    66      72    (-,-) 
  g117291/X                      -       A->X  F     nand3_1x       8 24.0   187   152     224    (-,-) 
  g117205/X                      -       A->X  R     nand2_1x       2  6.4    93    82     305    (-,-) 
  g117112/X                      -       A->X  F     nand3_1x       1  3.4    52    53     358    (-,-) 
  g117047/X                      -       A->X  F     or3_1x         1  3.7    33    88     445    (-,-) 
  g116962/X                      -       A->X  R     oai21_1x       3  8.7   102    80     526    (-,-) 
  g116923/X                      -       A->X  F     nand2_1x      11 35.7   189   164     689    (-,-) 
  g116729/X                      -       A->X  F     ao21_1x        1  2.7    31    88     777    (-,-) 
  u_cd_special_result_l_reg[8]/D -       -     F     dffrq_1x       1    -     -     0     777    (-,-) 
#-------------------------------------------------------------------------------------------------------

Capture clock path:
#---------------------------------------------------------------------------------------------------------
#          Timing Point            Flags   Arc   Edge   Cell     Fanout Load Trans Delay Arrival Instance 
#                                                                       (fF)  (ps)  (ps)   (ps)  Location 
#---------------------------------------------------------------------------------------------------------
  clk                              (i)     -     R     (arrival)    143  0.0     1     0    1667    (-,-) 
  u_cd_special_result_l_reg[8]/CLK <<<     -     R     dffrq_1x     143    -     1     0    1667    (-,-) 
#---------------------------------------------------------------------------------------------------------



Path 122: MET (746 ps) Setup Check with Pin u_cd_special_result_l_reg[2]/CLK->D
           View: view_1p2_25
          Group: clock1
     Startpoint: (F) c[10]
          Clock: (R) clock1
       Endpoint: (F) u_cd_special_result_l_reg[2]/D
          Clock: (R) clock1

                     Capture       Launch     
        Clock Edge:+    1667            0     
        Drv Adjust:+       0            4     
       Src Latency:+       0            0     
       Net Latency:+       0 (I)        0 (I) 
           Arrival:=    1667            4     
                                              
             Setup:-     144                  
       Uncertainty:-       0                  
     Required Time:=    1523                  
      Launch Clock:-       4                  
       Input Delay:-       1                  
         Data Path:-     772                  
             Slack:=     746                  

Exceptions/Constraints:
  input_delay              1              add4_fp16.sdc_line_20_40_1   

#-------------------------------------------------------------------------------------------------------
#         Timing Point           Flags   Arc   Edge   Cell     Fanout Load Trans Delay Arrival Instance 
#                                                                     (fF)  (ps)  (ps)   (ps)  Location 
#-------------------------------------------------------------------------------------------------------
  c[10]                          -       -     F     (arrival)      5 20.3     9     0       6    (-,-) 
  g117388/X                      -       C->X  R     nor3_1x        1  3.2    78    66      72    (-,-) 
  g117291/X                      -       A->X  F     nand3_1x       8 24.0   187   152     224    (-,-) 
  g117205/X                      -       A->X  R     nand2_1x       2  6.4    93    82     305    (-,-) 
  g117112/X                      -       A->X  F     nand3_1x       1  3.4    52    53     358    (-,-) 
  g117047/X                      -       A->X  F     or3_1x         1  3.7    33    88     445    (-,-) 
  g116962/X                      -       A->X  R     oai21_1x       3  8.7   102    80     526    (-,-) 
  g116923/X                      -       A->X  F     nand2_1x      11 35.7   189   164     689    (-,-) 
  g116722/X                      -       A->X  F     ao21_1x        1  2.7    31    88     777    (-,-) 
  u_cd_special_result_l_reg[2]/D -       -     F     dffrq_1x       1    -     -     0     777    (-,-) 
#-------------------------------------------------------------------------------------------------------

Capture clock path:
#---------------------------------------------------------------------------------------------------------
#          Timing Point            Flags   Arc   Edge   Cell     Fanout Load Trans Delay Arrival Instance 
#                                                                       (fF)  (ps)  (ps)   (ps)  Location 
#---------------------------------------------------------------------------------------------------------
  clk                              (i)     -     R     (arrival)    143  0.0     1     0    1667    (-,-) 
  u_cd_special_result_l_reg[2]/CLK <<<     -     R     dffrq_1x     143    -     1     0    1667    (-,-) 
#---------------------------------------------------------------------------------------------------------



Path 123: MET (746 ps) Setup Check with Pin u_cd_special_result_l_reg[7]/CLK->D
           View: view_1p2_25
          Group: clock1
     Startpoint: (F) c[10]
          Clock: (R) clock1
       Endpoint: (F) u_cd_special_result_l_reg[7]/D
          Clock: (R) clock1

                     Capture       Launch     
        Clock Edge:+    1667            0     
        Drv Adjust:+       0            4     
       Src Latency:+       0            0     
       Net Latency:+       0 (I)        0 (I) 
           Arrival:=    1667            4     
                                              
             Setup:-     144                  
       Uncertainty:-       0                  
     Required Time:=    1523                  
      Launch Clock:-       4                  
       Input Delay:-       1                  
         Data Path:-     772                  
             Slack:=     746                  

Exceptions/Constraints:
  input_delay              1              add4_fp16.sdc_line_20_40_1   

#-------------------------------------------------------------------------------------------------------
#         Timing Point           Flags   Arc   Edge   Cell     Fanout Load Trans Delay Arrival Instance 
#                                                                     (fF)  (ps)  (ps)   (ps)  Location 
#-------------------------------------------------------------------------------------------------------
  c[10]                          -       -     F     (arrival)      5 20.3     9     0       6    (-,-) 
  g117388/X                      -       C->X  R     nor3_1x        1  3.2    78    66      72    (-,-) 
  g117291/X                      -       A->X  F     nand3_1x       8 24.0   187   152     224    (-,-) 
  g117205/X                      -       A->X  R     nand2_1x       2  6.4    93    82     305    (-,-) 
  g117112/X                      -       A->X  F     nand3_1x       1  3.4    52    53     358    (-,-) 
  g117047/X                      -       A->X  F     or3_1x         1  3.7    33    88     445    (-,-) 
  g116962/X                      -       A->X  R     oai21_1x       3  8.7   102    80     526    (-,-) 
  g116923/X                      -       A->X  F     nand2_1x      11 35.7   189   164     689    (-,-) 
  g116728/X                      -       A->X  F     ao21_1x        1  2.7    31    88     777    (-,-) 
  u_cd_special_result_l_reg[7]/D -       -     F     dffrq_1x       1    -     -     0     777    (-,-) 
#-------------------------------------------------------------------------------------------------------

Capture clock path:
#---------------------------------------------------------------------------------------------------------
#          Timing Point            Flags   Arc   Edge   Cell     Fanout Load Trans Delay Arrival Instance 
#                                                                       (fF)  (ps)  (ps)   (ps)  Location 
#---------------------------------------------------------------------------------------------------------
  clk                              (i)     -     R     (arrival)    143  0.0     1     0    1667    (-,-) 
  u_cd_special_result_l_reg[7]/CLK <<<     -     R     dffrq_1x     143    -     1     0    1667    (-,-) 
#---------------------------------------------------------------------------------------------------------



Path 124: MET (746 ps) Setup Check with Pin u_cd_special_result_l_reg[6]/CLK->D
           View: view_1p2_25
          Group: clock1
     Startpoint: (F) c[10]
          Clock: (R) clock1
       Endpoint: (F) u_cd_special_result_l_reg[6]/D
          Clock: (R) clock1

                     Capture       Launch     
        Clock Edge:+    1667            0     
        Drv Adjust:+       0            4     
       Src Latency:+       0            0     
       Net Latency:+       0 (I)        0 (I) 
           Arrival:=    1667            4     
                                              
             Setup:-     144                  
       Uncertainty:-       0                  
     Required Time:=    1523                  
      Launch Clock:-       4                  
       Input Delay:-       1                  
         Data Path:-     772                  
             Slack:=     746                  

Exceptions/Constraints:
  input_delay              1              add4_fp16.sdc_line_20_40_1   

#-------------------------------------------------------------------------------------------------------
#         Timing Point           Flags   Arc   Edge   Cell     Fanout Load Trans Delay Arrival Instance 
#                                                                     (fF)  (ps)  (ps)   (ps)  Location 
#-------------------------------------------------------------------------------------------------------
  c[10]                          -       -     F     (arrival)      5 20.3     9     0       6    (-,-) 
  g117388/X                      -       C->X  R     nor3_1x        1  3.2    78    66      72    (-,-) 
  g117291/X                      -       A->X  F     nand3_1x       8 24.0   187   152     224    (-,-) 
  g117205/X                      -       A->X  R     nand2_1x       2  6.4    93    82     305    (-,-) 
  g117112/X                      -       A->X  F     nand3_1x       1  3.4    52    53     358    (-,-) 
  g117047/X                      -       A->X  F     or3_1x         1  3.7    33    88     445    (-,-) 
  g116962/X                      -       A->X  R     oai21_1x       3  8.7   102    80     526    (-,-) 
  g116923/X                      -       A->X  F     nand2_1x      11 35.7   189   164     689    (-,-) 
  g116727/X                      -       A->X  F     ao21_1x        1  2.7    31    88     777    (-,-) 
  u_cd_special_result_l_reg[6]/D -       -     F     dffrq_1x       1    -     -     0     777    (-,-) 
#-------------------------------------------------------------------------------------------------------

Capture clock path:
#---------------------------------------------------------------------------------------------------------
#          Timing Point            Flags   Arc   Edge   Cell     Fanout Load Trans Delay Arrival Instance 
#                                                                       (fF)  (ps)  (ps)   (ps)  Location 
#---------------------------------------------------------------------------------------------------------
  clk                              (i)     -     R     (arrival)    143  0.0     1     0    1667    (-,-) 
  u_cd_special_result_l_reg[6]/CLK <<<     -     R     dffrq_1x     143    -     1     0    1667    (-,-) 
#---------------------------------------------------------------------------------------------------------



Path 125: MET (746 ps) Setup Check with Pin u_cd_special_result_l_reg[0]/CLK->D
           View: view_1p2_25
          Group: clock1
     Startpoint: (F) c[10]
          Clock: (R) clock1
       Endpoint: (F) u_cd_special_result_l_reg[0]/D
          Clock: (R) clock1

                     Capture       Launch     
        Clock Edge:+    1667            0     
        Drv Adjust:+       0            4     
       Src Latency:+       0            0     
       Net Latency:+       0 (I)        0 (I) 
           Arrival:=    1667            4     
                                              
             Setup:-     144                  
       Uncertainty:-       0                  
     Required Time:=    1523                  
      Launch Clock:-       4                  
       Input Delay:-       1                  
         Data Path:-     772                  
             Slack:=     746                  

Exceptions/Constraints:
  input_delay              1              add4_fp16.sdc_line_20_40_1   

#-------------------------------------------------------------------------------------------------------
#         Timing Point           Flags   Arc   Edge   Cell     Fanout Load Trans Delay Arrival Instance 
#                                                                     (fF)  (ps)  (ps)   (ps)  Location 
#-------------------------------------------------------------------------------------------------------
  c[10]                          -       -     F     (arrival)      5 20.3     9     0       6    (-,-) 
  g117388/X                      -       C->X  R     nor3_1x        1  3.2    78    66      72    (-,-) 
  g117291/X                      -       A->X  F     nand3_1x       8 24.0   187   152     224    (-,-) 
  g117205/X                      -       A->X  R     nand2_1x       2  6.4    93    82     305    (-,-) 
  g117112/X                      -       A->X  F     nand3_1x       1  3.4    52    53     358    (-,-) 
  g117047/X                      -       A->X  F     or3_1x         1  3.7    33    88     445    (-,-) 
  g116962/X                      -       A->X  R     oai21_1x       3  8.7   102    80     526    (-,-) 
  g116923/X                      -       A->X  F     nand2_1x      11 35.7   189   164     689    (-,-) 
  g116724/X                      -       A->X  F     ao21_1x        1  2.7    31    88     777    (-,-) 
  u_cd_special_result_l_reg[0]/D -       -     F     dffrq_1x       1    -     -     0     777    (-,-) 
#-------------------------------------------------------------------------------------------------------

Capture clock path:
#---------------------------------------------------------------------------------------------------------
#          Timing Point            Flags   Arc   Edge   Cell     Fanout Load Trans Delay Arrival Instance 
#                                                                       (fF)  (ps)  (ps)   (ps)  Location 
#---------------------------------------------------------------------------------------------------------
  clk                              (i)     -     R     (arrival)    143  0.0     1     0    1667    (-,-) 
  u_cd_special_result_l_reg[0]/CLK <<<     -     R     dffrq_1x     143    -     1     0    1667    (-,-) 
#---------------------------------------------------------------------------------------------------------



Path 126: MET (746 ps) Setup Check with Pin u_cd_special_result_l_reg[15]/CLK->D
           View: view_1p2_25
          Group: clock1
     Startpoint: (F) c[10]
          Clock: (R) clock1
       Endpoint: (F) u_cd_special_result_l_reg[15]/D
          Clock: (R) clock1

                     Capture       Launch     
        Clock Edge:+    1667            0     
        Drv Adjust:+       0            4     
       Src Latency:+       0            0     
       Net Latency:+       0 (I)        0 (I) 
           Arrival:=    1667            4     
                                              
             Setup:-     144                  
       Uncertainty:-       0                  
     Required Time:=    1523                  
      Launch Clock:-       4                  
       Input Delay:-       1                  
         Data Path:-     772                  
             Slack:=     746                  

Exceptions/Constraints:
  input_delay              1              add4_fp16.sdc_line_20_40_1   

#--------------------------------------------------------------------------------------------------------
#          Timing Point           Flags   Arc   Edge   Cell     Fanout Load Trans Delay Arrival Instance 
#                                                                      (fF)  (ps)  (ps)   (ps)  Location 
#--------------------------------------------------------------------------------------------------------
  c[10]                           -       -     F     (arrival)      5 20.3     9     0       6    (-,-) 
  g117388/X                       -       C->X  R     nor3_1x        1  3.2    78    66      72    (-,-) 
  g117291/X                       -       A->X  F     nand3_1x       8 24.0   187   152     224    (-,-) 
  g117205/X                       -       A->X  R     nand2_1x       2  6.4    93    82     305    (-,-) 
  g117112/X                       -       A->X  F     nand3_1x       1  3.4    52    53     358    (-,-) 
  g117047/X                       -       A->X  F     or3_1x         1  3.7    33    88     445    (-,-) 
  g116962/X                       -       A->X  R     oai21_1x       3  8.7   102    80     526    (-,-) 
  g116923/X                       -       A->X  F     nand2_1x      11 35.7   189   164     689    (-,-) 
  g116719/X                       -       A->X  F     ao21_1x        1  2.7    31    88     777    (-,-) 
  u_cd_special_result_l_reg[15]/D -       -     F     dffrq_1x       1    -     -     0     777    (-,-) 
#--------------------------------------------------------------------------------------------------------

Capture clock path:
#----------------------------------------------------------------------------------------------------------
#           Timing Point            Flags   Arc   Edge   Cell     Fanout Load Trans Delay Arrival Instance 
#                                                                        (fF)  (ps)  (ps)   (ps)  Location 
#----------------------------------------------------------------------------------------------------------
  clk                               (i)     -     R     (arrival)    143  0.0     1     0    1667    (-,-) 
  u_cd_special_result_l_reg[15]/CLK <<<     -     R     dffrq_1x     143    -     1     0    1667    (-,-) 
#----------------------------------------------------------------------------------------------------------



Path 127: MET (746 ps) Setup Check with Pin u_cd_special_result_l_reg[5]/CLK->D
           View: view_1p2_25
          Group: clock1
     Startpoint: (F) c[10]
          Clock: (R) clock1
       Endpoint: (F) u_cd_special_result_l_reg[5]/D
          Clock: (R) clock1

                     Capture       Launch     
        Clock Edge:+    1667            0     
        Drv Adjust:+       0            4     
       Src Latency:+       0            0     
       Net Latency:+       0 (I)        0 (I) 
           Arrival:=    1667            4     
                                              
             Setup:-     144                  
       Uncertainty:-       0                  
     Required Time:=    1523                  
      Launch Clock:-       4                  
       Input Delay:-       1                  
         Data Path:-     772                  
             Slack:=     746                  

Exceptions/Constraints:
  input_delay              1              add4_fp16.sdc_line_20_40_1   

#-------------------------------------------------------------------------------------------------------
#         Timing Point           Flags   Arc   Edge   Cell     Fanout Load Trans Delay Arrival Instance 
#                                                                     (fF)  (ps)  (ps)   (ps)  Location 
#-------------------------------------------------------------------------------------------------------
  c[10]                          -       -     F     (arrival)      5 20.3     9     0       6    (-,-) 
  g117388/X                      -       C->X  R     nor3_1x        1  3.2    78    66      72    (-,-) 
  g117291/X                      -       A->X  F     nand3_1x       8 24.0   187   152     224    (-,-) 
  g117205/X                      -       A->X  R     nand2_1x       2  6.4    93    82     305    (-,-) 
  g117112/X                      -       A->X  F     nand3_1x       1  3.4    52    53     358    (-,-) 
  g117047/X                      -       A->X  F     or3_1x         1  3.7    33    88     445    (-,-) 
  g116962/X                      -       A->X  R     oai21_1x       3  8.7   102    80     526    (-,-) 
  g116923/X                      -       A->X  F     nand2_1x      11 35.7   189   164     689    (-,-) 
  g116723/X                      -       A->X  F     ao21_1x        1  2.7    31    88     777    (-,-) 
  u_cd_special_result_l_reg[5]/D -       -     F     dffrq_1x       1    -     -     0     777    (-,-) 
#-------------------------------------------------------------------------------------------------------

Capture clock path:
#---------------------------------------------------------------------------------------------------------
#          Timing Point            Flags   Arc   Edge   Cell     Fanout Load Trans Delay Arrival Instance 
#                                                                       (fF)  (ps)  (ps)   (ps)  Location 
#---------------------------------------------------------------------------------------------------------
  clk                              (i)     -     R     (arrival)    143  0.0     1     0    1667    (-,-) 
  u_cd_special_result_l_reg[5]/CLK <<<     -     R     dffrq_1x     143    -     1     0    1667    (-,-) 
#---------------------------------------------------------------------------------------------------------



Path 128: MET (746 ps) Setup Check with Pin u_cd_special_result_l_reg[1]/CLK->D
           View: view_1p2_25
          Group: clock1
     Startpoint: (F) c[10]
          Clock: (R) clock1
       Endpoint: (F) u_cd_special_result_l_reg[1]/D
          Clock: (R) clock1

                     Capture       Launch     
        Clock Edge:+    1667            0     
        Drv Adjust:+       0            4     
       Src Latency:+       0            0     
       Net Latency:+       0 (I)        0 (I) 
           Arrival:=    1667            4     
                                              
             Setup:-     144                  
       Uncertainty:-       0                  
     Required Time:=    1523                  
      Launch Clock:-       4                  
       Input Delay:-       1                  
         Data Path:-     772                  
             Slack:=     746                  

Exceptions/Constraints:
  input_delay              1              add4_fp16.sdc_line_20_40_1   

#-------------------------------------------------------------------------------------------------------
#         Timing Point           Flags   Arc   Edge   Cell     Fanout Load Trans Delay Arrival Instance 
#                                                                     (fF)  (ps)  (ps)   (ps)  Location 
#-------------------------------------------------------------------------------------------------------
  c[10]                          -       -     F     (arrival)      5 20.3     9     0       6    (-,-) 
  g117388/X                      -       C->X  R     nor3_1x        1  3.2    78    66      72    (-,-) 
  g117291/X                      -       A->X  F     nand3_1x       8 24.0   187   152     224    (-,-) 
  g117205/X                      -       A->X  R     nand2_1x       2  6.4    93    82     305    (-,-) 
  g117112/X                      -       A->X  F     nand3_1x       1  3.4    52    53     358    (-,-) 
  g117047/X                      -       A->X  F     or3_1x         1  3.7    33    88     445    (-,-) 
  g116962/X                      -       A->X  R     oai21_1x       3  8.7   102    80     526    (-,-) 
  g116923/X                      -       A->X  F     nand2_1x      11 35.7   189   164     689    (-,-) 
  g116721/X                      -       A->X  F     ao21_1x        1  2.7    31    88     777    (-,-) 
  u_cd_special_result_l_reg[1]/D -       -     F     dffrq_1x       1    -     -     0     777    (-,-) 
#-------------------------------------------------------------------------------------------------------

Capture clock path:
#---------------------------------------------------------------------------------------------------------
#          Timing Point            Flags   Arc   Edge   Cell     Fanout Load Trans Delay Arrival Instance 
#                                                                       (fF)  (ps)  (ps)   (ps)  Location 
#---------------------------------------------------------------------------------------------------------
  clk                              (i)     -     R     (arrival)    143  0.0     1     0    1667    (-,-) 
  u_cd_special_result_l_reg[1]/CLK <<<     -     R     dffrq_1x     143    -     1     0    1667    (-,-) 
#---------------------------------------------------------------------------------------------------------



Path 129: MET (746 ps) Setup Check with Pin u_cd_special_result_l_reg[4]/CLK->D
           View: view_1p2_25
          Group: clock1
     Startpoint: (F) c[10]
          Clock: (R) clock1
       Endpoint: (F) u_cd_special_result_l_reg[4]/D
          Clock: (R) clock1

                     Capture       Launch     
        Clock Edge:+    1667            0     
        Drv Adjust:+       0            4     
       Src Latency:+       0            0     
       Net Latency:+       0 (I)        0 (I) 
           Arrival:=    1667            4     
                                              
             Setup:-     144                  
       Uncertainty:-       0                  
     Required Time:=    1523                  
      Launch Clock:-       4                  
       Input Delay:-       1                  
         Data Path:-     772                  
             Slack:=     746                  

Exceptions/Constraints:
  input_delay              1              add4_fp16.sdc_line_20_40_1   

#-------------------------------------------------------------------------------------------------------
#         Timing Point           Flags   Arc   Edge   Cell     Fanout Load Trans Delay Arrival Instance 
#                                                                     (fF)  (ps)  (ps)   (ps)  Location 
#-------------------------------------------------------------------------------------------------------
  c[10]                          -       -     F     (arrival)      5 20.3     9     0       6    (-,-) 
  g117388/X                      -       C->X  R     nor3_1x        1  3.2    78    66      72    (-,-) 
  g117291/X                      -       A->X  F     nand3_1x       8 24.0   187   152     224    (-,-) 
  g117205/X                      -       A->X  R     nand2_1x       2  6.4    93    82     305    (-,-) 
  g117112/X                      -       A->X  F     nand3_1x       1  3.4    52    53     358    (-,-) 
  g117047/X                      -       A->X  F     or3_1x         1  3.7    33    88     445    (-,-) 
  g116962/X                      -       A->X  R     oai21_1x       3  8.7   102    80     526    (-,-) 
  g116923/X                      -       A->X  F     nand2_1x      11 35.7   189   164     689    (-,-) 
  g116726/X                      -       A->X  F     ao21_1x        1  2.7    31    88     777    (-,-) 
  u_cd_special_result_l_reg[4]/D -       -     F     dffrq_1x       1    -     -     0     777    (-,-) 
#-------------------------------------------------------------------------------------------------------

Capture clock path:
#---------------------------------------------------------------------------------------------------------
#          Timing Point            Flags   Arc   Edge   Cell     Fanout Load Trans Delay Arrival Instance 
#                                                                       (fF)  (ps)  (ps)   (ps)  Location 
#---------------------------------------------------------------------------------------------------------
  clk                              (i)     -     R     (arrival)    143  0.0     1     0    1667    (-,-) 
  u_cd_special_result_l_reg[4]/CLK <<<     -     R     dffrq_1x     143    -     1     0    1667    (-,-) 
#---------------------------------------------------------------------------------------------------------



Path 130: MET (748 ps) Setup Check with Pin u_ab_sign_shifted_l_reg/CLK->SDI
           View: view_1p2_25
          Group: clock1
     Startpoint: (R) b[10]
          Clock: (R) clock1
       Endpoint: (F) u_ab_sign_shifted_l_reg/SDI
          Clock: (R) clock1

                     Capture       Launch     
        Clock Edge:+    1667            0     
        Drv Adjust:+       0            4     
       Src Latency:+       0            0     
       Net Latency:+       0 (I)        0 (I) 
           Arrival:=    1667            4     
                                              
             Setup:-     233                  
       Uncertainty:-       0                  
     Required Time:=    1434                  
      Launch Clock:-       4                  
       Input Delay:-       1                  
         Data Path:-     681                  
             Slack:=     748                  

Exceptions/Constraints:
  input_delay              1              add4_fp16.sdc_line_20_24_1   

#----------------------------------------------------------------------------------------------------
#        Timing Point         Flags   Arc   Edge   Cell     Fanout Load Trans Delay Arrival Instance 
#                                                                  (fF)  (ps)  (ps)   (ps)  Location 
#----------------------------------------------------------------------------------------------------
  b[10]                       -       -     R     (arrival)      4 13.6    11     0       4    (-,-) 
  g117896/X                   -       A->X  F     inv_2x         2  8.3    15    18      22    (-,-) 
  g117685/X                   -       A->X  R     nor2_2x        3 11.3    66    50      72    (-,-) 
  g117191/X                   -       B->X  F     nand2_2x       2 12.9    43    56     128    (-,-) 
  g117002/X                   -       A->X  R     nand2_4x       3 17.4    47    42     170    (-,-) 
  g116921/X                   -       A->X  F     oai21_4x       2  7.6    39    30     201    (-,-) 
  g116865/X                   -       A->X  R     nand2_2x       2  8.5    56    40     240    (-,-) 
  g116661/X                   -       A->X  F     nand2_2x       1  9.8    36    41     282    (-,-) 
  g126920/X                   -       A->X  R     nand2_4x       5 27.8    66    51     333    (-,-) 
  fopt124060/X                -       A->X  R     buf_2x         1 10.9    33    62     395    (-,-) 
  fopt124058/X                -       A->X  F     inv_4x         6 30.8    28    33     428    (-,-) 
  g126923/X                   -       A->X  R     inv_2x        16 57.9   138    97     525    (-,-) 
  g116432/X                   -       S->X  F     mux2_1x        2  6.0    49   161     686    (-,-) 
  u_ab_sign_shifted_l_reg/SDI -       -     F     sdffrq_1x      2    -     -     0     686    (-,-) 
#----------------------------------------------------------------------------------------------------

Capture clock path:
#----------------------------------------------------------------------------------------------------
#        Timing Point         Flags   Arc   Edge   Cell     Fanout Load Trans Delay Arrival Instance 
#                                                                  (fF)  (ps)  (ps)   (ps)  Location 
#----------------------------------------------------------------------------------------------------
  clk                         (i)     -     R     (arrival)    143  0.0     1     0    1667    (-,-) 
  u_ab_sign_shifted_l_reg/CLK <<<     -     R     sdffrq_1x    143    -     1     0    1667    (-,-) 
#----------------------------------------------------------------------------------------------------



Path 131: MET (754 ps) Setup Check with Pin u_ab_exp_max_l_reg[1]/CLK->D
           View: view_1p2_25
          Group: clock1
     Startpoint: (R) b[10]
          Clock: (R) clock1
       Endpoint: (F) u_ab_exp_max_l_reg[1]/D
          Clock: (R) clock1

                     Capture       Launch     
        Clock Edge:+    1667            0     
        Drv Adjust:+       0            4     
       Src Latency:+       0            0     
       Net Latency:+       0 (I)        0 (I) 
           Arrival:=    1667            4     
                                              
             Setup:-     146                  
       Uncertainty:-       0                  
     Required Time:=    1520                  
      Launch Clock:-       4                  
       Input Delay:-       1                  
         Data Path:-     762                  
             Slack:=     754                  

Exceptions/Constraints:
  input_delay              1              add4_fp16.sdc_line_20_24_1   

#------------------------------------------------------------------------------------------------
#      Timing Point       Flags   Arc   Edge   Cell     Fanout Load Trans Delay Arrival Instance 
#                                                              (fF)  (ps)  (ps)   (ps)  Location 
#------------------------------------------------------------------------------------------------
  b[10]                   -       -     R     (arrival)      4 13.6    11     0       4    (-,-) 
  g117896/X               -       A->X  F     inv_2x         2  8.3    15    18      22    (-,-) 
  g117685/X               -       A->X  R     nor2_2x        3 11.3    66    50      72    (-,-) 
  g117191/X               -       B->X  F     nand2_2x       2 12.9    43    56     128    (-,-) 
  g117002/X               -       A->X  R     nand2_4x       3 17.4    47    42     170    (-,-) 
  g116921/X               -       A->X  F     oai21_4x       2  7.6    39    30     201    (-,-) 
  g116865/X               -       A->X  R     nand2_2x       2  8.5    56    40     240    (-,-) 
  g116661/X               -       A->X  F     nand2_2x       1  9.8    36    41     282    (-,-) 
  g126920/X               -       A->X  R     nand2_4x       5 27.8    66    51     333    (-,-) 
  fopt124060/X            -       A->X  R     buf_2x         1 10.9    33    62     395    (-,-) 
  fopt124058/X            -       A->X  F     inv_4x         6 30.8    28    33     428    (-,-) 
  g126923/X               -       A->X  R     inv_2x        16 57.9   138    97     525    (-,-) 
  g116433/X               -       S->X  R     muxi2_1x       2  5.3   143   150     676    (-,-) 
  g116177/X               -       D1->X F     muxi2_1x       1  2.7    69    91     766    (-,-) 
  u_ab_exp_max_l_reg[1]/D -       -     F     dffrq_1x       1    -     -     0     766    (-,-) 
#------------------------------------------------------------------------------------------------

Capture clock path:
#--------------------------------------------------------------------------------------------------
#       Timing Point        Flags   Arc   Edge   Cell     Fanout Load Trans Delay Arrival Instance 
#                                                                (fF)  (ps)  (ps)   (ps)  Location 
#--------------------------------------------------------------------------------------------------
  clk                       (i)     -     R     (arrival)    143  0.0     1     0    1667    (-,-) 
  u_ab_exp_max_l_reg[1]/CLK <<<     -     R     dffrq_1x     143    -     1     0    1667    (-,-) 
#--------------------------------------------------------------------------------------------------



Path 132: MET (754 ps) Setup Check with Pin u_ab_exp_max_l_reg[0]/CLK->D
           View: view_1p2_25
          Group: clock1
     Startpoint: (R) b[10]
          Clock: (R) clock1
       Endpoint: (F) u_ab_exp_max_l_reg[0]/D
          Clock: (R) clock1

                     Capture       Launch     
        Clock Edge:+    1667            0     
        Drv Adjust:+       0            4     
       Src Latency:+       0            0     
       Net Latency:+       0 (I)        0 (I) 
           Arrival:=    1667            4     
                                              
             Setup:-     146                  
       Uncertainty:-       0                  
     Required Time:=    1520                  
      Launch Clock:-       4                  
       Input Delay:-       1                  
         Data Path:-     762                  
             Slack:=     754                  

Exceptions/Constraints:
  input_delay              1              add4_fp16.sdc_line_20_24_1   

#------------------------------------------------------------------------------------------------
#      Timing Point       Flags   Arc   Edge   Cell     Fanout Load Trans Delay Arrival Instance 
#                                                              (fF)  (ps)  (ps)   (ps)  Location 
#------------------------------------------------------------------------------------------------
  b[10]                   -       -     R     (arrival)      4 13.6    11     0       4    (-,-) 
  g117896/X               -       A->X  F     inv_2x         2  8.3    15    18      22    (-,-) 
  g117685/X               -       A->X  R     nor2_2x        3 11.3    66    50      72    (-,-) 
  g117191/X               -       B->X  F     nand2_2x       2 12.9    43    56     128    (-,-) 
  g117002/X               -       A->X  R     nand2_4x       3 17.4    47    42     170    (-,-) 
  g116921/X               -       A->X  F     oai21_4x       2  7.6    39    30     201    (-,-) 
  g116865/X               -       A->X  R     nand2_2x       2  8.5    56    40     240    (-,-) 
  g116661/X               -       A->X  F     nand2_2x       1  9.8    36    41     282    (-,-) 
  g126920/X               -       A->X  R     nand2_4x       5 27.8    66    51     333    (-,-) 
  fopt124060/X            -       A->X  R     buf_2x         1 10.9    33    62     395    (-,-) 
  fopt124058/X            -       A->X  F     inv_4x         6 30.8    28    33     428    (-,-) 
  g126923/X               -       A->X  R     inv_2x        16 57.9   138    97     525    (-,-) 
  g116437/X               -       S->X  R     muxi2_1x       2  5.3   143   150     676    (-,-) 
  g116165/X               -       D1->X F     muxi2_1x       1  2.7    69    91     766    (-,-) 
  u_ab_exp_max_l_reg[0]/D -       -     F     dffrq_1x       1    -     -     0     766    (-,-) 
#------------------------------------------------------------------------------------------------

Capture clock path:
#--------------------------------------------------------------------------------------------------
#       Timing Point        Flags   Arc   Edge   Cell     Fanout Load Trans Delay Arrival Instance 
#                                                                (fF)  (ps)  (ps)   (ps)  Location 
#--------------------------------------------------------------------------------------------------
  clk                       (i)     -     R     (arrival)    143  0.0     1     0    1667    (-,-) 
  u_ab_exp_max_l_reg[0]/CLK <<<     -     R     dffrq_1x     143    -     1     0    1667    (-,-) 
#--------------------------------------------------------------------------------------------------



Path 133: MET (755 ps) Setup Check with Pin u_cd_special_result_l_reg[9]/CLK->D
           View: view_1p2_25
          Group: clock1
     Startpoint: (F) c[10]
          Clock: (R) clock1
       Endpoint: (R) u_cd_special_result_l_reg[9]/D
          Clock: (R) clock1

                     Capture       Launch     
        Clock Edge:+    1667            0     
        Drv Adjust:+       0            4     
       Src Latency:+       0            0     
       Net Latency:+       0 (I)        0 (I) 
           Arrival:=    1667            4     
                                              
             Setup:-      84                  
       Uncertainty:-       0                  
     Required Time:=    1583                  
      Launch Clock:-       4                  
       Input Delay:-       1                  
         Data Path:-     822                  
             Slack:=     755                  

Exceptions/Constraints:
  input_delay              1              add4_fp16.sdc_line_20_40_1   

#-------------------------------------------------------------------------------------------------------
#         Timing Point           Flags   Arc   Edge   Cell     Fanout Load Trans Delay Arrival Instance 
#                                                                     (fF)  (ps)  (ps)   (ps)  Location 
#-------------------------------------------------------------------------------------------------------
  c[10]                          -       -     F     (arrival)      5 20.3     9     0       6    (-,-) 
  g117388/X                      -       C->X  R     nor3_1x        1  3.2    78    66      72    (-,-) 
  g117291/X                      -       A->X  F     nand3_1x       8 24.0   187   152     224    (-,-) 
  g117205/X                      -       A->X  R     nand2_1x       2  6.4    93    82     305    (-,-) 
  g117112/X                      -       A->X  F     nand3_1x       1  3.4    52    53     358    (-,-) 
  g117047/X                      -       A->X  F     or3_1x         1  3.7    33    88     445    (-,-) 
  g116962/X                      -       A->X  R     oai21_1x       3  8.7   102    80     526    (-,-) 
  g116923/X                      -       A->X  F     nand2_1x      11 35.7   189   164     689    (-,-) 
  g116851/X                      -       A->X  F     or2_1x         1  3.2    36   100     789    (-,-) 
  g116784/X                      -       A->X  R     nand3_1x       1  2.7    54    38     827    (-,-) 
  u_cd_special_result_l_reg[9]/D -       -     R     dffrq_1x       1    -     -     0     827    (-,-) 
#-------------------------------------------------------------------------------------------------------

Capture clock path:
#---------------------------------------------------------------------------------------------------------
#          Timing Point            Flags   Arc   Edge   Cell     Fanout Load Trans Delay Arrival Instance 
#                                                                       (fF)  (ps)  (ps)   (ps)  Location 
#---------------------------------------------------------------------------------------------------------
  clk                              (i)     -     R     (arrival)    143  0.0     1     0    1667    (-,-) 
  u_cd_special_result_l_reg[9]/CLK <<<     -     R     dffrq_1x     143    -     1     0    1667    (-,-) 
#---------------------------------------------------------------------------------------------------------



Path 134: MET (762 ps) Setup Check with Pin u_cd_exp_max_l_reg[0]/CLK->D
           View: view_1p2_25
          Group: clock1
     Startpoint: (R) c[11]
          Clock: (R) clock1
       Endpoint: (F) u_cd_exp_max_l_reg[0]/D
          Clock: (R) clock1

                     Capture       Launch     
        Clock Edge:+    1667            0     
        Drv Adjust:+       0            9     
       Src Latency:+       0            0     
       Net Latency:+       0 (I)        0 (I) 
           Arrival:=    1667            9     
                                              
             Setup:-     143                  
       Uncertainty:-       0                  
     Required Time:=    1523                  
      Launch Clock:-       9                  
       Input Delay:-       1                  
         Data Path:-     752                  
             Slack:=     762                  

Exceptions/Constraints:
  input_delay              1              add4_fp16.sdc_line_20_39_1   

#------------------------------------------------------------------------------------------------
#      Timing Point       Flags   Arc   Edge   Cell     Fanout Load Trans Delay Arrival Instance 
#                                                              (fF)  (ps)  (ps)   (ps)  Location 
#------------------------------------------------------------------------------------------------
  c[11]                   -       -     R     (arrival)      5 27.9    20     0      10    (-,-) 
  g117645/X               -       B->X  F     nand2_4x       1  9.4    20    27      37    (-,-) 
  g117425/X               -       C->X  R     oai21_4x       2 12.1    48    34      71    (-,-) 
  g117190/X               -       A->X  F     nand2_4x       2 13.0    29    34     104    (-,-) 
  g117000/X               -       A->X  R     nand2_4x       2 13.0    38    33     137    (-,-) 
  g122881/X               -       A->X  F     nand2_4x       2 13.3    26    31     168    (-,-) 
  g122885/X               -       A->X  R     aoi21_4x       2 12.1    56    42     211    (-,-) 
  g122887/X               -       A->X  F     nand2_4x       1  9.8    28    32     242    (-,-) 
  g116624/X               -       A->X  R     nand2_4x       2 20.9    49    41     283    (-,-) 
  g116611/X               -       A->X  F     inv_6x         5 39.5    29    35     319    (-,-) 
  g116610/X               -       A->X  R     inv_4x         9 37.0    48    42     361    (-,-) 
  g116608/X               -       A->X  R     buf_2x        17 65.1   156   133     494    (-,-) 
  g116426/X               -       S->X  F     mux2_1x        2  5.3    47   161     655    (-,-) 
  g116174/X               -       D1->X F     mux2_1x        1  2.7    38   107     762    (-,-) 
  u_cd_exp_max_l_reg[0]/D -       -     F     dffrq_1x       1    -     -     0     762    (-,-) 
#------------------------------------------------------------------------------------------------

Capture clock path:
#--------------------------------------------------------------------------------------------------
#       Timing Point        Flags   Arc   Edge   Cell     Fanout Load Trans Delay Arrival Instance 
#                                                                (fF)  (ps)  (ps)   (ps)  Location 
#--------------------------------------------------------------------------------------------------
  clk                       (i)     -     R     (arrival)    143  0.0     1     0    1667    (-,-) 
  u_cd_exp_max_l_reg[0]/CLK <<<     -     R     dffrq_1x     143    -     1     0    1667    (-,-) 
#--------------------------------------------------------------------------------------------------



Path 135: MET (776 ps) Setup Check with Pin u_cd_sign_shifted_l_reg/CLK->SDI
           View: view_1p2_25
          Group: clock1
     Startpoint: (R) c[11]
          Clock: (R) clock1
       Endpoint: (F) u_cd_sign_shifted_l_reg/SDI
          Clock: (R) clock1

                     Capture       Launch     
        Clock Edge:+    1667            0     
        Drv Adjust:+       0            9     
       Src Latency:+       0            0     
       Net Latency:+       0 (I)        0 (I) 
           Arrival:=    1667            9     
                                              
             Setup:-     233                  
       Uncertainty:-       0                  
     Required Time:=    1434                  
      Launch Clock:-       9                  
       Input Delay:-       1                  
         Data Path:-     648                  
             Slack:=     776                  

Exceptions/Constraints:
  input_delay              1              add4_fp16.sdc_line_20_39_1   

#----------------------------------------------------------------------------------------------------
#        Timing Point         Flags   Arc   Edge   Cell     Fanout Load Trans Delay Arrival Instance 
#                                                                  (fF)  (ps)  (ps)   (ps)  Location 
#----------------------------------------------------------------------------------------------------
  c[11]                       -       -     R     (arrival)      5 27.9    20     0      10    (-,-) 
  g117645/X                   -       B->X  F     nand2_4x       1  9.4    20    27      37    (-,-) 
  g117425/X                   -       C->X  R     oai21_4x       2 12.1    48    34      71    (-,-) 
  g117190/X                   -       A->X  F     nand2_4x       2 13.0    29    34     104    (-,-) 
  g117000/X                   -       A->X  R     nand2_4x       2 13.0    38    33     137    (-,-) 
  g122881/X                   -       A->X  F     nand2_4x       2 13.3    26    31     168    (-,-) 
  g122885/X                   -       A->X  R     aoi21_4x       2 12.1    56    42     211    (-,-) 
  g122887/X                   -       A->X  F     nand2_4x       1  9.8    28    32     242    (-,-) 
  g116624/X                   -       A->X  R     nand2_4x       2 20.9    49    41     283    (-,-) 
  g116611/X                   -       A->X  F     inv_6x         5 39.5    29    35     319    (-,-) 
  g116610/X                   -       A->X  R     inv_4x         9 37.0    48    42     361    (-,-) 
  g116608/X                   -       A->X  R     buf_2x        17 65.1   156   133     494    (-,-) 
  g116431/X                   -       S->X  F     mux2_1x        2  6.0    49   164     658    (-,-) 
  u_cd_sign_shifted_l_reg/SDI -       -     F     sdffrq_1x      2    -     -     0     658    (-,-) 
#----------------------------------------------------------------------------------------------------

Capture clock path:
#----------------------------------------------------------------------------------------------------
#        Timing Point         Flags   Arc   Edge   Cell     Fanout Load Trans Delay Arrival Instance 
#                                                                  (fF)  (ps)  (ps)   (ps)  Location 
#----------------------------------------------------------------------------------------------------
  clk                         (i)     -     R     (arrival)    143  0.0     1     0    1667    (-,-) 
  u_cd_sign_shifted_l_reg/CLK <<<     -     R     sdffrq_1x    143    -     1     0    1667    (-,-) 
#----------------------------------------------------------------------------------------------------



Path 136: MET (777 ps) Setup Check with Pin u_cd_exp_max_l_reg[2]/CLK->SDI
           View: view_1p2_25
          Group: clock1
     Startpoint: (R) c[11]
          Clock: (R) clock1
       Endpoint: (F) u_cd_exp_max_l_reg[2]/SDI
          Clock: (R) clock1

                     Capture       Launch     
        Clock Edge:+    1667            0     
        Drv Adjust:+       0            9     
       Src Latency:+       0            0     
       Net Latency:+       0 (I)        0 (I) 
           Arrival:=    1667            9     
                                              
             Setup:-     233                  
       Uncertainty:-       0                  
     Required Time:=    1434                  
      Launch Clock:-       9                  
       Input Delay:-       1                  
         Data Path:-     647                  
             Slack:=     777                  

Exceptions/Constraints:
  input_delay              1              add4_fp16.sdc_line_20_39_1   

#--------------------------------------------------------------------------------------------------
#       Timing Point        Flags   Arc   Edge   Cell     Fanout Load Trans Delay Arrival Instance 
#                                                                (fF)  (ps)  (ps)   (ps)  Location 
#--------------------------------------------------------------------------------------------------
  c[11]                     -       -     R     (arrival)      5 27.9    20     0      10    (-,-) 
  g117645/X                 -       B->X  F     nand2_4x       1  9.4    20    27      37    (-,-) 
  g117425/X                 -       C->X  R     oai21_4x       2 12.1    48    34      71    (-,-) 
  g117190/X                 -       A->X  F     nand2_4x       2 13.0    29    34     104    (-,-) 
  g117000/X                 -       A->X  R     nand2_4x       2 13.0    38    33     137    (-,-) 
  g122881/X                 -       A->X  F     nand2_4x       2 13.3    26    31     168    (-,-) 
  g122885/X                 -       A->X  R     aoi21_4x       2 12.1    56    42     211    (-,-) 
  g122887/X                 -       A->X  F     nand2_4x       1  9.8    28    32     242    (-,-) 
  g116624/X                 -       A->X  R     nand2_4x       2 20.9    49    41     283    (-,-) 
  g116611/X                 -       A->X  F     inv_6x         5 39.5    29    35     319    (-,-) 
  g116610/X                 -       A->X  R     inv_4x         9 37.0    48    42     361    (-,-) 
  g116608/X                 -       A->X  R     buf_2x        17 65.1   156   133     494    (-,-) 
  g116428/X                 -       S->X  F     mux2_1x        2  5.8    48   163     657    (-,-) 
  u_cd_exp_max_l_reg[2]/SDI -       -     F     sdffrq_1x      2    -     -     0     657    (-,-) 
#--------------------------------------------------------------------------------------------------

Capture clock path:
#--------------------------------------------------------------------------------------------------
#       Timing Point        Flags   Arc   Edge   Cell     Fanout Load Trans Delay Arrival Instance 
#                                                                (fF)  (ps)  (ps)   (ps)  Location 
#--------------------------------------------------------------------------------------------------
  clk                       (i)     -     R     (arrival)    143  0.0     1     0    1667    (-,-) 
  u_cd_exp_max_l_reg[2]/CLK <<<     -     R     sdffrq_1x    143    -     1     0    1667    (-,-) 
#--------------------------------------------------------------------------------------------------



Path 137: MET (781 ps) Setup Check with Pin u_cd_exp_max_l_reg[3]/CLK->D
           View: view_1p2_25
          Group: clock1
     Startpoint: (R) c[11]
          Clock: (R) clock1
       Endpoint: (F) u_cd_exp_max_l_reg[3]/D
          Clock: (R) clock1

                     Capture       Launch     
        Clock Edge:+    1667            0     
        Drv Adjust:+       0            9     
       Src Latency:+       0            0     
       Net Latency:+       0 (I)        0 (I) 
           Arrival:=    1667            9     
                                              
             Setup:-     146                  
       Uncertainty:-       0                  
     Required Time:=    1520                  
      Launch Clock:-       9                  
       Input Delay:-       1                  
         Data Path:-     729                  
             Slack:=     781                  

Exceptions/Constraints:
  input_delay              1              add4_fp16.sdc_line_20_39_1   

#------------------------------------------------------------------------------------------------
#      Timing Point       Flags   Arc   Edge   Cell     Fanout Load Trans Delay Arrival Instance 
#                                                              (fF)  (ps)  (ps)   (ps)  Location 
#------------------------------------------------------------------------------------------------
  c[11]                   -       -     R     (arrival)      5 27.9    20     0      10    (-,-) 
  g117645/X               -       B->X  F     nand2_4x       1  9.4    20    27      37    (-,-) 
  g117425/X               -       C->X  R     oai21_4x       2 12.1    48    34      71    (-,-) 
  g117190/X               -       A->X  F     nand2_4x       2 13.0    29    34     104    (-,-) 
  g117000/X               -       A->X  R     nand2_4x       2 13.0    38    33     137    (-,-) 
  g122881/X               -       A->X  F     nand2_4x       2 13.3    26    31     168    (-,-) 
  g122885/X               -       A->X  R     aoi21_4x       2 12.1    56    42     211    (-,-) 
  g122887/X               -       A->X  F     nand2_4x       1  9.8    28    32     242    (-,-) 
  g116624/X               -       A->X  R     nand2_4x       2 20.9    49    41     283    (-,-) 
  g116611/X               -       A->X  F     inv_6x         5 39.5    29    35     319    (-,-) 
  g116610/X               -       A->X  R     inv_4x         9 37.0    48    42     361    (-,-) 
  g116608/X               -       A->X  R     buf_2x        17 65.1   156   133     494    (-,-) 
  g116430/X               -       S->X  R     muxi2_1x       2  5.3   146   154     648    (-,-) 
  g116168/X               -       D1->X F     muxi2_1x       1  2.7    69    91     739    (-,-) 
  u_cd_exp_max_l_reg[3]/D -       -     F     dffrq_1x       1    -     -     0     739    (-,-) 
#------------------------------------------------------------------------------------------------

Capture clock path:
#--------------------------------------------------------------------------------------------------
#       Timing Point        Flags   Arc   Edge   Cell     Fanout Load Trans Delay Arrival Instance 
#                                                                (fF)  (ps)  (ps)   (ps)  Location 
#--------------------------------------------------------------------------------------------------
  clk                       (i)     -     R     (arrival)    143  0.0     1     0    1667    (-,-) 
  u_cd_exp_max_l_reg[3]/CLK <<<     -     R     dffrq_1x     143    -     1     0    1667    (-,-) 
#--------------------------------------------------------------------------------------------------



Path 138: MET (781 ps) Setup Check with Pin u_cd_exp_max_l_reg[1]/CLK->D
           View: view_1p2_25
          Group: clock1
     Startpoint: (R) c[11]
          Clock: (R) clock1
       Endpoint: (F) u_cd_exp_max_l_reg[1]/D
          Clock: (R) clock1

                     Capture       Launch     
        Clock Edge:+    1667            0     
        Drv Adjust:+       0            9     
       Src Latency:+       0            0     
       Net Latency:+       0 (I)        0 (I) 
           Arrival:=    1667            9     
                                              
             Setup:-     146                  
       Uncertainty:-       0                  
     Required Time:=    1520                  
      Launch Clock:-       9                  
       Input Delay:-       1                  
         Data Path:-     729                  
             Slack:=     781                  

Exceptions/Constraints:
  input_delay              1              add4_fp16.sdc_line_20_39_1   

#------------------------------------------------------------------------------------------------
#      Timing Point       Flags   Arc   Edge   Cell     Fanout Load Trans Delay Arrival Instance 
#                                                              (fF)  (ps)  (ps)   (ps)  Location 
#------------------------------------------------------------------------------------------------
  c[11]                   -       -     R     (arrival)      5 27.9    20     0      10    (-,-) 
  g117645/X               -       B->X  F     nand2_4x       1  9.4    20    27      37    (-,-) 
  g117425/X               -       C->X  R     oai21_4x       2 12.1    48    34      71    (-,-) 
  g117190/X               -       A->X  F     nand2_4x       2 13.0    29    34     104    (-,-) 
  g117000/X               -       A->X  R     nand2_4x       2 13.0    38    33     137    (-,-) 
  g122881/X               -       A->X  F     nand2_4x       2 13.3    26    31     168    (-,-) 
  g122885/X               -       A->X  R     aoi21_4x       2 12.1    56    42     211    (-,-) 
  g122887/X               -       A->X  F     nand2_4x       1  9.8    28    32     242    (-,-) 
  g116624/X               -       A->X  R     nand2_4x       2 20.9    49    41     283    (-,-) 
  g116611/X               -       A->X  F     inv_6x         5 39.5    29    35     319    (-,-) 
  g116610/X               -       A->X  R     inv_4x         9 37.0    48    42     361    (-,-) 
  g116608/X               -       A->X  R     buf_2x        17 65.1   156   133     494    (-,-) 
  g116427/X               -       S->X  R     muxi2_1x       2  5.3   146   154     648    (-,-) 
  g116175/X               -       D1->X F     muxi2_1x       1  2.7    69    91     739    (-,-) 
  u_cd_exp_max_l_reg[1]/D -       -     F     dffrq_1x       1    -     -     0     739    (-,-) 
#------------------------------------------------------------------------------------------------

Capture clock path:
#--------------------------------------------------------------------------------------------------
#       Timing Point        Flags   Arc   Edge   Cell     Fanout Load Trans Delay Arrival Instance 
#                                                                (fF)  (ps)  (ps)   (ps)  Location 
#--------------------------------------------------------------------------------------------------
  clk                       (i)     -     R     (arrival)    143  0.0     1     0    1667    (-,-) 
  u_cd_exp_max_l_reg[1]/CLK <<<     -     R     dffrq_1x     143    -     1     0    1667    (-,-) 
#--------------------------------------------------------------------------------------------------



Path 139: MET (832 ps) Setup Check with Pin u_sum_signs_differ_l_reg/CLK->D
           View: view_1p2_25
          Group: clock1
     Startpoint: (R) u_cd_signs_differ_l_reg/CLK
          Clock: (R) clock1
       Endpoint: (F) u_sum_signs_differ_l_reg/D
          Clock: (R) clock1

                     Capture       Launch     
        Clock Edge:+    1667            0     
       Src Latency:+       0            0     
       Net Latency:+       0 (I)        0 (I) 
           Arrival:=    1667            0     
                                              
             Setup:-     145                  
       Uncertainty:-       0                  
     Required Time:=    1522                  
      Launch Clock:-       0                  
         Data Path:-     690                  
             Slack:=     832                  

Launch clock path:
#----------------------------------------------------------------------------------------------------
#        Timing Point         Flags   Arc   Edge   Cell     Fanout Load Trans Delay Arrival Instance 
#                                                                  (fF)  (ps)  (ps)   (ps)  Location 
#----------------------------------------------------------------------------------------------------
  clk                         (i)     -     R     (arrival)    143  0.0     1     0       0    (-,-) 
  u_cd_signs_differ_l_reg/CLK <<<     -     R     dffrq_1x     143    -     1     0       0    (-,-) 
#----------------------------------------------------------------------------------------------------

#-----------------------------------------------------------------------------------------------------
#        Timing Point         Flags    Arc   Edge   Cell     Fanout Load Trans Delay Arrival Instance 
#                                                                   (fF)  (ps)  (ps)   (ps)  Location 
#-----------------------------------------------------------------------------------------------------
  u_cd_signs_differ_l_reg/CLK -       -      R     (arrival)    143    -     1     0       0    (-,-) 
  u_cd_signs_differ_l_reg/Q   -       CLK->Q R     dffrq_1x       2 10.9    67   192     192    (-,-) 
  g149/X                      -       A->X   R     buf_6x        19 66.5    59    86     278    (-,-) 
  g117265/X                   -       S->X   F     mux2_1x        1  2.5    37   129     407    (-,-) 
  g117086/X                   -       D1->X  F     mux2_1x        3 11.8    66   138     544    (-,-) 
  g116981/X                   -       B->X   R     xnor2_1x       2  5.4    80    73     618    (-,-) 
  g116892/X                   -       D1->X  F     muxi2_1x       1  2.7    64    72     690    (-,-) 
  u_sum_signs_differ_l_reg/D  -       -      F     dffrq_1x       1    -     -     0     690    (-,-) 
#-----------------------------------------------------------------------------------------------------

Capture clock path:
#-----------------------------------------------------------------------------------------------------
#        Timing Point          Flags   Arc   Edge   Cell     Fanout Load Trans Delay Arrival Instance 
#                                                                   (fF)  (ps)  (ps)   (ps)  Location 
#-----------------------------------------------------------------------------------------------------
  clk                          (i)     -     R     (arrival)    143  0.0     1     0    1667    (-,-) 
  u_sum_signs_differ_l_reg/CLK <<<     -     R     dffrq_1x     143    -     1     0    1667    (-,-) 
#-----------------------------------------------------------------------------------------------------



Path 140: MET (933 ps) Setup Check with Pin u_ab_special_result_l_reg[3]/CLK->D
           View: view_1p2_25
          Group: clock1
     Startpoint: (F) b[9]
          Clock: (R) clock1
       Endpoint: (F) u_ab_special_result_l_reg[3]/D
          Clock: (R) clock1

                     Capture       Launch     
        Clock Edge:+    1667            0     
        Drv Adjust:+       0            2     
       Src Latency:+       0            0     
       Net Latency:+       0 (I)        0 (I) 
           Arrival:=    1667            2     
                                              
             Setup:-     143                  
       Uncertainty:-       0                  
     Required Time:=    1524                  
      Launch Clock:-       2                  
       Input Delay:-       1                  
         Data Path:-     588                  
             Slack:=     933                  

Exceptions/Constraints:
  input_delay              1              add4_fp16.sdc_line_20_25_1   

#-------------------------------------------------------------------------------------------------------
#         Timing Point           Flags   Arc   Edge   Cell     Fanout Load Trans Delay Arrival Instance 
#                                                                     (fF)  (ps)  (ps)   (ps)  Location 
#-------------------------------------------------------------------------------------------------------
  b[9]                           -       -     F     (arrival)      3  9.0     4     0       3    (-,-) 
  g126904/X                      -       B->X  F     or2_1x         1  3.4    29    72      75    (-,-) 
  g290/X                         -       A->X  R     nor3_1x        1  3.2    78    61     136    (-,-) 
  g283/X                         -       B->X  F     nand3_1x       2  6.9    66    77     212    (-,-) 
  g126916/X                      -       A->X  R     inv_1x         1  3.4    34    32     244    (-,-) 
  g126915/X                      -       A->X  F     nor2_1x        1  3.7    49    39     283    (-,-) 
  g276/X                         -       A->X  F     oa21_1x       10 32.0   106   143     425    (-,-) 
  g116911/X                      -       A1->X F     ao22_1x        1  3.6    33    89     514    (-,-) 
  g116861/X                      -       C->X  F     ao21_1x        1  2.7    28    76     590    (-,-) 
  u_ab_special_result_l_reg[3]/D -       -     F     dffrq_1x       1    -     -     0     590    (-,-) 
#-------------------------------------------------------------------------------------------------------

Capture clock path:
#---------------------------------------------------------------------------------------------------------
#          Timing Point            Flags   Arc   Edge   Cell     Fanout Load Trans Delay Arrival Instance 
#                                                                       (fF)  (ps)  (ps)   (ps)  Location 
#---------------------------------------------------------------------------------------------------------
  clk                              (i)     -     R     (arrival)    143  0.0     1     0    1667    (-,-) 
  u_ab_special_result_l_reg[3]/CLK <<<     -     R     dffrq_1x     143    -     1     0    1667    (-,-) 
#---------------------------------------------------------------------------------------------------------



Path 141: MET (933 ps) Setup Check with Pin u_ab_special_result_l_reg[2]/CLK->D
           View: view_1p2_25
          Group: clock1
     Startpoint: (F) b[9]
          Clock: (R) clock1
       Endpoint: (F) u_ab_special_result_l_reg[2]/D
          Clock: (R) clock1

                     Capture       Launch     
        Clock Edge:+    1667            0     
        Drv Adjust:+       0            2     
       Src Latency:+       0            0     
       Net Latency:+       0 (I)        0 (I) 
           Arrival:=    1667            2     
                                              
             Setup:-     143                  
       Uncertainty:-       0                  
     Required Time:=    1524                  
      Launch Clock:-       2                  
       Input Delay:-       1                  
         Data Path:-     588                  
             Slack:=     933                  

Exceptions/Constraints:
  input_delay              1              add4_fp16.sdc_line_20_25_1   

#-------------------------------------------------------------------------------------------------------
#         Timing Point           Flags   Arc   Edge   Cell     Fanout Load Trans Delay Arrival Instance 
#                                                                     (fF)  (ps)  (ps)   (ps)  Location 
#-------------------------------------------------------------------------------------------------------
  b[9]                           -       -     F     (arrival)      3  9.0     4     0       3    (-,-) 
  g126904/X                      -       B->X  F     or2_1x         1  3.4    29    72      75    (-,-) 
  g290/X                         -       A->X  R     nor3_1x        1  3.2    78    61     136    (-,-) 
  g283/X                         -       B->X  F     nand3_1x       2  6.9    66    77     212    (-,-) 
  g126916/X                      -       A->X  R     inv_1x         1  3.4    34    32     244    (-,-) 
  g126915/X                      -       A->X  F     nor2_1x        1  3.7    49    39     283    (-,-) 
  g276/X                         -       A->X  F     oa21_1x       10 32.0   106   143     425    (-,-) 
  g116906/X                      -       A1->X F     ao22_1x        1  3.6    33    89     514    (-,-) 
  g116856/X                      -       C->X  F     ao21_1x        1  2.7    28    76     590    (-,-) 
  u_ab_special_result_l_reg[2]/D -       -     F     dffrq_1x       1    -     -     0     590    (-,-) 
#-------------------------------------------------------------------------------------------------------

Capture clock path:
#---------------------------------------------------------------------------------------------------------
#          Timing Point            Flags   Arc   Edge   Cell     Fanout Load Trans Delay Arrival Instance 
#                                                                       (fF)  (ps)  (ps)   (ps)  Location 
#---------------------------------------------------------------------------------------------------------
  clk                              (i)     -     R     (arrival)    143  0.0     1     0    1667    (-,-) 
  u_ab_special_result_l_reg[2]/CLK <<<     -     R     dffrq_1x     143    -     1     0    1667    (-,-) 
#---------------------------------------------------------------------------------------------------------



Path 142: MET (933 ps) Setup Check with Pin u_ab_special_result_l_reg[8]/CLK->D
           View: view_1p2_25
          Group: clock1
     Startpoint: (F) b[9]
          Clock: (R) clock1
       Endpoint: (F) u_ab_special_result_l_reg[8]/D
          Clock: (R) clock1

                     Capture       Launch     
        Clock Edge:+    1667            0     
        Drv Adjust:+       0            2     
       Src Latency:+       0            0     
       Net Latency:+       0 (I)        0 (I) 
           Arrival:=    1667            2     
                                              
             Setup:-     143                  
       Uncertainty:-       0                  
     Required Time:=    1524                  
      Launch Clock:-       2                  
       Input Delay:-       1                  
         Data Path:-     588                  
             Slack:=     933                  

Exceptions/Constraints:
  input_delay              1              add4_fp16.sdc_line_20_25_1   

#-------------------------------------------------------------------------------------------------------
#         Timing Point           Flags   Arc   Edge   Cell     Fanout Load Trans Delay Arrival Instance 
#                                                                     (fF)  (ps)  (ps)   (ps)  Location 
#-------------------------------------------------------------------------------------------------------
  b[9]                           -       -     F     (arrival)      3  9.0     4     0       3    (-,-) 
  g126904/X                      -       B->X  F     or2_1x         1  3.4    29    72      75    (-,-) 
  g290/X                         -       A->X  R     nor3_1x        1  3.2    78    61     136    (-,-) 
  g283/X                         -       B->X  F     nand3_1x       2  6.9    66    77     212    (-,-) 
  g126916/X                      -       A->X  R     inv_1x         1  3.4    34    32     244    (-,-) 
  g126915/X                      -       A->X  F     nor2_1x        1  3.7    49    39     283    (-,-) 
  g276/X                         -       A->X  F     oa21_1x       10 32.0   106   143     425    (-,-) 
  g116905/X                      -       A1->X F     ao22_1x        1  3.6    33    89     514    (-,-) 
  g116859/X                      -       C->X  F     ao21_1x        1  2.7    28    76     590    (-,-) 
  u_ab_special_result_l_reg[8]/D -       -     F     dffrq_1x       1    -     -     0     590    (-,-) 
#-------------------------------------------------------------------------------------------------------

Capture clock path:
#---------------------------------------------------------------------------------------------------------
#          Timing Point            Flags   Arc   Edge   Cell     Fanout Load Trans Delay Arrival Instance 
#                                                                       (fF)  (ps)  (ps)   (ps)  Location 
#---------------------------------------------------------------------------------------------------------
  clk                              (i)     -     R     (arrival)    143  0.0     1     0    1667    (-,-) 
  u_ab_special_result_l_reg[8]/CLK <<<     -     R     dffrq_1x     143    -     1     0    1667    (-,-) 
#---------------------------------------------------------------------------------------------------------



Path 143: MET (933 ps) Setup Check with Pin u_ab_special_result_l_reg[7]/CLK->D
           View: view_1p2_25
          Group: clock1
     Startpoint: (F) b[9]
          Clock: (R) clock1
       Endpoint: (F) u_ab_special_result_l_reg[7]/D
          Clock: (R) clock1

                     Capture       Launch     
        Clock Edge:+    1667            0     
        Drv Adjust:+       0            2     
       Src Latency:+       0            0     
       Net Latency:+       0 (I)        0 (I) 
           Arrival:=    1667            2     
                                              
             Setup:-     143                  
       Uncertainty:-       0                  
     Required Time:=    1524                  
      Launch Clock:-       2                  
       Input Delay:-       1                  
         Data Path:-     588                  
             Slack:=     933                  

Exceptions/Constraints:
  input_delay              1              add4_fp16.sdc_line_20_25_1   

#-------------------------------------------------------------------------------------------------------
#         Timing Point           Flags   Arc   Edge   Cell     Fanout Load Trans Delay Arrival Instance 
#                                                                     (fF)  (ps)  (ps)   (ps)  Location 
#-------------------------------------------------------------------------------------------------------
  b[9]                           -       -     F     (arrival)      3  9.0     4     0       3    (-,-) 
  g126904/X                      -       B->X  F     or2_1x         1  3.4    29    72      75    (-,-) 
  g290/X                         -       A->X  R     nor3_1x        1  3.2    78    61     136    (-,-) 
  g283/X                         -       B->X  F     nand3_1x       2  6.9    66    77     212    (-,-) 
  g126916/X                      -       A->X  R     inv_1x         1  3.4    34    32     244    (-,-) 
  g126915/X                      -       A->X  F     nor2_1x        1  3.7    49    39     283    (-,-) 
  g276/X                         -       A->X  F     oa21_1x       10 32.0   106   143     425    (-,-) 
  g116913/X                      -       A1->X F     ao22_1x        1  3.6    33    89     514    (-,-) 
  g116862/X                      -       C->X  F     ao21_1x        1  2.7    28    76     590    (-,-) 
  u_ab_special_result_l_reg[7]/D -       -     F     dffrq_1x       1    -     -     0     590    (-,-) 
#-------------------------------------------------------------------------------------------------------

Capture clock path:
#---------------------------------------------------------------------------------------------------------
#          Timing Point            Flags   Arc   Edge   Cell     Fanout Load Trans Delay Arrival Instance 
#                                                                       (fF)  (ps)  (ps)   (ps)  Location 
#---------------------------------------------------------------------------------------------------------
  clk                              (i)     -     R     (arrival)    143  0.0     1     0    1667    (-,-) 
  u_ab_special_result_l_reg[7]/CLK <<<     -     R     dffrq_1x     143    -     1     0    1667    (-,-) 
#---------------------------------------------------------------------------------------------------------



Path 144: MET (933 ps) Setup Check with Pin u_ab_special_result_l_reg[6]/CLK->D
           View: view_1p2_25
          Group: clock1
     Startpoint: (F) b[9]
          Clock: (R) clock1
       Endpoint: (F) u_ab_special_result_l_reg[6]/D
          Clock: (R) clock1

                     Capture       Launch     
        Clock Edge:+    1667            0     
        Drv Adjust:+       0            2     
       Src Latency:+       0            0     
       Net Latency:+       0 (I)        0 (I) 
           Arrival:=    1667            2     
                                              
             Setup:-     143                  
       Uncertainty:-       0                  
     Required Time:=    1524                  
      Launch Clock:-       2                  
       Input Delay:-       1                  
         Data Path:-     588                  
             Slack:=     933                  

Exceptions/Constraints:
  input_delay              1              add4_fp16.sdc_line_20_25_1   

#-------------------------------------------------------------------------------------------------------
#         Timing Point           Flags   Arc   Edge   Cell     Fanout Load Trans Delay Arrival Instance 
#                                                                     (fF)  (ps)  (ps)   (ps)  Location 
#-------------------------------------------------------------------------------------------------------
  b[9]                           -       -     F     (arrival)      3  9.0     4     0       3    (-,-) 
  g126904/X                      -       B->X  F     or2_1x         1  3.4    29    72      75    (-,-) 
  g290/X                         -       A->X  R     nor3_1x        1  3.2    78    61     136    (-,-) 
  g283/X                         -       B->X  F     nand3_1x       2  6.9    66    77     212    (-,-) 
  g126916/X                      -       A->X  R     inv_1x         1  3.4    34    32     244    (-,-) 
  g126915/X                      -       A->X  F     nor2_1x        1  3.7    49    39     283    (-,-) 
  g276/X                         -       A->X  F     oa21_1x       10 32.0   106   143     425    (-,-) 
  g116910/X                      -       A1->X F     ao22_1x        1  3.6    33    89     514    (-,-) 
  g116850/X                      -       C->X  F     ao21_1x        1  2.7    28    76     590    (-,-) 
  u_ab_special_result_l_reg[6]/D -       -     F     dffrq_1x       1    -     -     0     590    (-,-) 
#-------------------------------------------------------------------------------------------------------

Capture clock path:
#---------------------------------------------------------------------------------------------------------
#          Timing Point            Flags   Arc   Edge   Cell     Fanout Load Trans Delay Arrival Instance 
#                                                                       (fF)  (ps)  (ps)   (ps)  Location 
#---------------------------------------------------------------------------------------------------------
  clk                              (i)     -     R     (arrival)    143  0.0     1     0    1667    (-,-) 
  u_ab_special_result_l_reg[6]/CLK <<<     -     R     dffrq_1x     143    -     1     0    1667    (-,-) 
#---------------------------------------------------------------------------------------------------------



Path 145: MET (933 ps) Setup Check with Pin u_ab_special_result_l_reg[15]/CLK->D
           View: view_1p2_25
          Group: clock1
     Startpoint: (F) b[9]
          Clock: (R) clock1
       Endpoint: (F) u_ab_special_result_l_reg[15]/D
          Clock: (R) clock1

                     Capture       Launch     
        Clock Edge:+    1667            0     
        Drv Adjust:+       0            2     
       Src Latency:+       0            0     
       Net Latency:+       0 (I)        0 (I) 
           Arrival:=    1667            2     
                                              
             Setup:-     143                  
       Uncertainty:-       0                  
     Required Time:=    1524                  
      Launch Clock:-       2                  
       Input Delay:-       1                  
         Data Path:-     588                  
             Slack:=     933                  

Exceptions/Constraints:
  input_delay              1              add4_fp16.sdc_line_20_25_1   

#--------------------------------------------------------------------------------------------------------
#          Timing Point           Flags   Arc   Edge   Cell     Fanout Load Trans Delay Arrival Instance 
#                                                                      (fF)  (ps)  (ps)   (ps)  Location 
#--------------------------------------------------------------------------------------------------------
  b[9]                            -       -     F     (arrival)      3  9.0     4     0       3    (-,-) 
  g126904/X                       -       B->X  F     or2_1x         1  3.4    29    72      75    (-,-) 
  g290/X                          -       A->X  R     nor3_1x        1  3.2    78    61     136    (-,-) 
  g283/X                          -       B->X  F     nand3_1x       2  6.9    66    77     212    (-,-) 
  g126916/X                       -       A->X  R     inv_1x         1  3.4    34    32     244    (-,-) 
  g126915/X                       -       A->X  F     nor2_1x        1  3.7    49    39     283    (-,-) 
  g276/X                          -       A->X  F     oa21_1x       10 32.0   106   143     425    (-,-) 
  g116886/X                       -       A1->X F     ao22_1x        1  3.6    33    89     514    (-,-) 
  g116828/X                       -       C->X  F     ao21_1x        1  2.7    28    76     590    (-,-) 
  u_ab_special_result_l_reg[15]/D -       -     F     dffrq_1x       1    -     -     0     590    (-,-) 
#--------------------------------------------------------------------------------------------------------

Capture clock path:
#----------------------------------------------------------------------------------------------------------
#           Timing Point            Flags   Arc   Edge   Cell     Fanout Load Trans Delay Arrival Instance 
#                                                                        (fF)  (ps)  (ps)   (ps)  Location 
#----------------------------------------------------------------------------------------------------------
  clk                               (i)     -     R     (arrival)    143  0.0     1     0    1667    (-,-) 
  u_ab_special_result_l_reg[15]/CLK <<<     -     R     dffrq_1x     143    -     1     0    1667    (-,-) 
#----------------------------------------------------------------------------------------------------------



Path 146: MET (933 ps) Setup Check with Pin u_ab_special_result_l_reg[5]/CLK->D
           View: view_1p2_25
          Group: clock1
     Startpoint: (F) b[9]
          Clock: (R) clock1
       Endpoint: (F) u_ab_special_result_l_reg[5]/D
          Clock: (R) clock1

                     Capture       Launch     
        Clock Edge:+    1667            0     
        Drv Adjust:+       0            2     
       Src Latency:+       0            0     
       Net Latency:+       0 (I)        0 (I) 
           Arrival:=    1667            2     
                                              
             Setup:-     143                  
       Uncertainty:-       0                  
     Required Time:=    1524                  
      Launch Clock:-       2                  
       Input Delay:-       1                  
         Data Path:-     588                  
             Slack:=     933                  

Exceptions/Constraints:
  input_delay              1              add4_fp16.sdc_line_20_25_1   

#-------------------------------------------------------------------------------------------------------
#         Timing Point           Flags   Arc   Edge   Cell     Fanout Load Trans Delay Arrival Instance 
#                                                                     (fF)  (ps)  (ps)   (ps)  Location 
#-------------------------------------------------------------------------------------------------------
  b[9]                           -       -     F     (arrival)      3  9.0     4     0       3    (-,-) 
  g126904/X                      -       B->X  F     or2_1x         1  3.4    29    72      75    (-,-) 
  g290/X                         -       A->X  R     nor3_1x        1  3.2    78    61     136    (-,-) 
  g283/X                         -       B->X  F     nand3_1x       2  6.9    66    77     212    (-,-) 
  g126916/X                      -       A->X  R     inv_1x         1  3.4    34    32     244    (-,-) 
  g126915/X                      -       A->X  F     nor2_1x        1  3.7    49    39     283    (-,-) 
  g276/X                         -       A->X  F     oa21_1x       10 32.0   106   143     425    (-,-) 
  g116907/X                      -       A1->X F     ao22_1x        1  3.6    33    89     514    (-,-) 
  g116855/X                      -       C->X  F     ao21_1x        1  2.7    28    76     590    (-,-) 
  u_ab_special_result_l_reg[5]/D -       -     F     dffrq_1x       1    -     -     0     590    (-,-) 
#-------------------------------------------------------------------------------------------------------

Capture clock path:
#---------------------------------------------------------------------------------------------------------
#          Timing Point            Flags   Arc   Edge   Cell     Fanout Load Trans Delay Arrival Instance 
#                                                                       (fF)  (ps)  (ps)   (ps)  Location 
#---------------------------------------------------------------------------------------------------------
  clk                              (i)     -     R     (arrival)    143  0.0     1     0    1667    (-,-) 
  u_ab_special_result_l_reg[5]/CLK <<<     -     R     dffrq_1x     143    -     1     0    1667    (-,-) 
#---------------------------------------------------------------------------------------------------------



Path 147: MET (933 ps) Setup Check with Pin u_ab_special_result_l_reg[4]/CLK->D
           View: view_1p2_25
          Group: clock1
     Startpoint: (F) b[9]
          Clock: (R) clock1
       Endpoint: (F) u_ab_special_result_l_reg[4]/D
          Clock: (R) clock1

                     Capture       Launch     
        Clock Edge:+    1667            0     
        Drv Adjust:+       0            2     
       Src Latency:+       0            0     
       Net Latency:+       0 (I)        0 (I) 
           Arrival:=    1667            2     
                                              
             Setup:-     143                  
       Uncertainty:-       0                  
     Required Time:=    1524                  
      Launch Clock:-       2                  
       Input Delay:-       1                  
         Data Path:-     588                  
             Slack:=     933                  

Exceptions/Constraints:
  input_delay              1              add4_fp16.sdc_line_20_25_1   

#-------------------------------------------------------------------------------------------------------
#         Timing Point           Flags   Arc   Edge   Cell     Fanout Load Trans Delay Arrival Instance 
#                                                                     (fF)  (ps)  (ps)   (ps)  Location 
#-------------------------------------------------------------------------------------------------------
  b[9]                           -       -     F     (arrival)      3  9.0     4     0       3    (-,-) 
  g126904/X                      -       B->X  F     or2_1x         1  3.4    29    72      75    (-,-) 
  g290/X                         -       A->X  R     nor3_1x        1  3.2    78    61     136    (-,-) 
  g283/X                         -       B->X  F     nand3_1x       2  6.9    66    77     212    (-,-) 
  g126916/X                      -       A->X  R     inv_1x         1  3.4    34    32     244    (-,-) 
  g126915/X                      -       A->X  F     nor2_1x        1  3.7    49    39     283    (-,-) 
  g276/X                         -       A->X  F     oa21_1x       10 32.0   106   143     425    (-,-) 
  g116909/X                      -       A1->X F     ao22_1x        1  3.6    33    89     514    (-,-) 
  g116858/X                      -       C->X  F     ao21_1x        1  2.7    28    76     590    (-,-) 
  u_ab_special_result_l_reg[4]/D -       -     F     dffrq_1x       1    -     -     0     590    (-,-) 
#-------------------------------------------------------------------------------------------------------

Capture clock path:
#---------------------------------------------------------------------------------------------------------
#          Timing Point            Flags   Arc   Edge   Cell     Fanout Load Trans Delay Arrival Instance 
#                                                                       (fF)  (ps)  (ps)   (ps)  Location 
#---------------------------------------------------------------------------------------------------------
  clk                              (i)     -     R     (arrival)    143  0.0     1     0    1667    (-,-) 
  u_ab_special_result_l_reg[4]/CLK <<<     -     R     dffrq_1x     143    -     1     0    1667    (-,-) 
#---------------------------------------------------------------------------------------------------------



Path 148: MET (933 ps) Setup Check with Pin u_ab_special_result_l_reg[0]/CLK->D
           View: view_1p2_25
          Group: clock1
     Startpoint: (F) b[9]
          Clock: (R) clock1
       Endpoint: (F) u_ab_special_result_l_reg[0]/D
          Clock: (R) clock1

                     Capture       Launch     
        Clock Edge:+    1667            0     
        Drv Adjust:+       0            2     
       Src Latency:+       0            0     
       Net Latency:+       0 (I)        0 (I) 
           Arrival:=    1667            2     
                                              
             Setup:-     143                  
       Uncertainty:-       0                  
     Required Time:=    1524                  
      Launch Clock:-       2                  
       Input Delay:-       1                  
         Data Path:-     588                  
             Slack:=     933                  

Exceptions/Constraints:
  input_delay              1              add4_fp16.sdc_line_20_25_1   

#-------------------------------------------------------------------------------------------------------
#         Timing Point           Flags   Arc   Edge   Cell     Fanout Load Trans Delay Arrival Instance 
#                                                                     (fF)  (ps)  (ps)   (ps)  Location 
#-------------------------------------------------------------------------------------------------------
  b[9]                           -       -     F     (arrival)      3  9.0     4     0       3    (-,-) 
  g126904/X                      -       B->X  F     or2_1x         1  3.4    29    72      75    (-,-) 
  g290/X                         -       A->X  R     nor3_1x        1  3.2    78    61     136    (-,-) 
  g283/X                         -       B->X  F     nand3_1x       2  6.9    66    77     212    (-,-) 
  g126916/X                      -       A->X  R     inv_1x         1  3.4    34    32     244    (-,-) 
  g126915/X                      -       A->X  F     nor2_1x        1  3.7    49    39     283    (-,-) 
  g276/X                         -       A->X  F     oa21_1x       10 32.0   106   143     425    (-,-) 
  g116912/X                      -       A1->X F     ao22_1x        1  3.6    33    89     514    (-,-) 
  g116860/X                      -       C->X  F     ao21_1x        1  2.7    28    76     590    (-,-) 
  u_ab_special_result_l_reg[0]/D -       -     F     dffrq_1x       1    -     -     0     590    (-,-) 
#-------------------------------------------------------------------------------------------------------

Capture clock path:
#---------------------------------------------------------------------------------------------------------
#          Timing Point            Flags   Arc   Edge   Cell     Fanout Load Trans Delay Arrival Instance 
#                                                                       (fF)  (ps)  (ps)   (ps)  Location 
#---------------------------------------------------------------------------------------------------------
  clk                              (i)     -     R     (arrival)    143  0.0     1     0    1667    (-,-) 
  u_ab_special_result_l_reg[0]/CLK <<<     -     R     dffrq_1x     143    -     1     0    1667    (-,-) 
#---------------------------------------------------------------------------------------------------------



Path 149: MET (933 ps) Setup Check with Pin u_ab_special_result_l_reg[1]/CLK->D
           View: view_1p2_25
          Group: clock1
     Startpoint: (F) b[9]
          Clock: (R) clock1
       Endpoint: (F) u_ab_special_result_l_reg[1]/D
          Clock: (R) clock1

                     Capture       Launch     
        Clock Edge:+    1667            0     
        Drv Adjust:+       0            2     
       Src Latency:+       0            0     
       Net Latency:+       0 (I)        0 (I) 
           Arrival:=    1667            2     
                                              
             Setup:-     143                  
       Uncertainty:-       0                  
     Required Time:=    1524                  
      Launch Clock:-       2                  
       Input Delay:-       1                  
         Data Path:-     588                  
             Slack:=     933                  

Exceptions/Constraints:
  input_delay              1              add4_fp16.sdc_line_20_25_1   

#-------------------------------------------------------------------------------------------------------
#         Timing Point           Flags   Arc   Edge   Cell     Fanout Load Trans Delay Arrival Instance 
#                                                                     (fF)  (ps)  (ps)   (ps)  Location 
#-------------------------------------------------------------------------------------------------------
  b[9]                           -       -     F     (arrival)      3  9.0     4     0       3    (-,-) 
  g126904/X                      -       B->X  F     or2_1x         1  3.4    29    72      75    (-,-) 
  g290/X                         -       A->X  R     nor3_1x        1  3.2    78    61     136    (-,-) 
  g283/X                         -       B->X  F     nand3_1x       2  6.9    66    77     212    (-,-) 
  g126916/X                      -       A->X  R     inv_1x         1  3.4    34    32     244    (-,-) 
  g126915/X                      -       A->X  F     nor2_1x        1  3.7    49    39     283    (-,-) 
  g276/X                         -       A->X  F     oa21_1x       10 32.0   106   143     425    (-,-) 
  g116908/X                      -       A1->X F     ao22_1x        1  3.6    33    89     514    (-,-) 
  g116857/X                      -       C->X  F     ao21_1x        1  2.7    28    76     590    (-,-) 
  u_ab_special_result_l_reg[1]/D -       -     F     dffrq_1x       1    -     -     0     590    (-,-) 
#-------------------------------------------------------------------------------------------------------

Capture clock path:
#---------------------------------------------------------------------------------------------------------
#          Timing Point            Flags   Arc   Edge   Cell     Fanout Load Trans Delay Arrival Instance 
#                                                                       (fF)  (ps)  (ps)   (ps)  Location 
#---------------------------------------------------------------------------------------------------------
  clk                              (i)     -     R     (arrival)    143  0.0     1     0    1667    (-,-) 
  u_ab_special_result_l_reg[1]/CLK <<<     -     R     dffrq_1x     143    -     1     0    1667    (-,-) 
#---------------------------------------------------------------------------------------------------------



Path 150: MET (1085 ps) Late External Delay Assertion at pin fp_out[15]
           View: view_1p2_25
          Group: clock1
     Startpoint: (R) u_sum_signs_differ_l_reg/CLK
          Clock: (R) clock1
       Endpoint: (F) fp_out[15]
          Clock: (R) clock1

                     Capture       Launch     
        Clock Edge:+    1667            0     
       Src Latency:+       0            0     
       Net Latency:+       0 (I)        0 (I) 
           Arrival:=    1667            0     
                                              
      Output Delay:-       1                  
       Uncertainty:-       0                  
     Required Time:=    1666                  
      Launch Clock:-       0                  
         Data Path:-     581                  
             Slack:=    1085                  

Exceptions/Constraints:
  output_delay              1              add4_fp16.sdc_line_21   

Launch clock path:
#-----------------------------------------------------------------------------------------------------
#        Timing Point          Flags   Arc   Edge   Cell     Fanout Load Trans Delay Arrival Instance 
#                                                                   (fF)  (ps)  (ps)   (ps)  Location 
#-----------------------------------------------------------------------------------------------------
  clk                          (i)     -     R     (arrival)    143  0.0     1     0       0    (-,-) 
  u_sum_signs_differ_l_reg/CLK <<<     -     R     dffrq_1x     143    -     1     0       0    (-,-) 
#-----------------------------------------------------------------------------------------------------

#------------------------------------------------------------------------------------------------------
#        Timing Point          Flags    Arc   Edge   Cell     Fanout Load Trans Delay Arrival Instance 
#                                                                    (fF)  (ps)  (ps)   (ps)  Location 
#------------------------------------------------------------------------------------------------------
  u_sum_signs_differ_l_reg/CLK -       -      R     (arrival)    143    -     1     0       0    (-,-) 
  u_sum_signs_differ_l_reg/Q   -       CLK->Q R     dffrq_1x       5 18.2    97   215     215    (-,-) 
  g117830/X                    -       A->X   F     inv_2x        12 42.6    74    84     298    (-,-) 
  g117846/X                    -       A->X   R     inv_4x        11 38.8    59    57     356    (-,-) 
  g117270/X                    -       S->X   F     mux2_1x        1  2.5    37   129     485    (-,-) 
  g117074/X                    -       D1->X  F     mux2_1x        1  0.9    32    96     581    (-,-) 
  fp_out[15]                   -       -      F     (port)         -    -     -     0     581    (-,-) 
#------------------------------------------------------------------------------------------------------



Path 151: MET (1118 ps) Setup Check with Pin u_cd_special_case_l_reg/CLK->D
           View: view_1p2_25
          Group: clock1
     Startpoint: (R) stall
          Clock: (R) clock1
       Endpoint: (F) u_cd_special_case_l_reg/D
          Clock: (R) clock1

                     Capture       Launch     
        Clock Edge:+    1667            0     
        Drv Adjust:+       0          145     
       Src Latency:+       0            0     
       Net Latency:+       0 (I)        0 (I) 
           Arrival:=    1667          145     
                                              
             Setup:-     143                  
       Uncertainty:-       0                  
     Required Time:=    1524                  
      Launch Clock:-     145                  
       Input Delay:-       1                  
         Data Path:-     259                  
             Slack:=    1118                  

Exceptions/Constraints:
  input_delay              1              add4_fp16.sdc_line_20_2_1   

#---------------------------------------------------------------------------------------------------
#       Timing Point        Flags   Arc   Edge   Cell     Fanout  Load Trans Delay Arrival Instance 
#                                                                 (fF)  (ps)  (ps)   (ps)  Location 
#---------------------------------------------------------------------------------------------------
  stall                     -       -     R     (arrival)    126 408.1   241     0     146    (-,-) 
  g117207/X                 -       C->X  F     nor3_1x        4  12.2   132   152     298    (-,-) 
  g117110/X                 -       B->X  R     nor2_1x        1   3.6    69    57     355    (-,-) 
  g117052/X                 -       C->X  F     oai21_1x       1   2.7    44    50     405    (-,-) 
  u_cd_special_case_l_reg/D -       -     F     dffrq_1x       1     -     -     0     405    (-,-) 
#---------------------------------------------------------------------------------------------------

Capture clock path:
#----------------------------------------------------------------------------------------------------
#        Timing Point         Flags   Arc   Edge   Cell     Fanout Load Trans Delay Arrival Instance 
#                                                                  (fF)  (ps)  (ps)   (ps)  Location 
#----------------------------------------------------------------------------------------------------
  clk                         (i)     -     R     (arrival)    143  0.0     1     0    1667    (-,-) 
  u_cd_special_case_l_reg/CLK <<<     -     R     dffrq_1x     143    -     1     0    1667    (-,-) 
#----------------------------------------------------------------------------------------------------



Path 152: MET (1130 ps) Setup Check with Pin u_ab_special_case_l_reg/CLK->D
           View: view_1p2_25
          Group: clock1
     Startpoint: (R) stall
          Clock: (R) clock1
       Endpoint: (F) u_ab_special_case_l_reg/D
          Clock: (R) clock1

                     Capture       Launch     
        Clock Edge:+    1667            0     
        Drv Adjust:+       0          145     
       Src Latency:+       0            0     
       Net Latency:+       0 (I)        0 (I) 
           Arrival:=    1667          145     
                                              
             Setup:-     143                  
       Uncertainty:-       0                  
     Required Time:=    1524                  
      Launch Clock:-     145                  
       Input Delay:-       1                  
         Data Path:-     247                  
             Slack:=    1130                  

Exceptions/Constraints:
  input_delay              1              add4_fp16.sdc_line_20_2_1   

#---------------------------------------------------------------------------------------------------
#       Timing Point        Flags   Arc   Edge   Cell     Fanout  Load Trans Delay Arrival Instance 
#                                                                 (fF)  (ps)  (ps)   (ps)  Location 
#---------------------------------------------------------------------------------------------------
  stall                     -       -     R     (arrival)    126 408.1   241     0     146    (-,-) 
  g287/X                    -       C->X  F     nor3_1x        3   9.6   121   138     284    (-,-) 
  g126914/X                 -       A->X  R     nor2_1x        1   3.6    71    59     343    (-,-) 
  g277/X                    -       C->X  F     oai21_1x       1   2.7    44    50     393    (-,-) 
  u_ab_special_case_l_reg/D -       -     F     dffrq_1x       1     -     -     0     393    (-,-) 
#---------------------------------------------------------------------------------------------------

Capture clock path:
#----------------------------------------------------------------------------------------------------
#        Timing Point         Flags   Arc   Edge   Cell     Fanout Load Trans Delay Arrival Instance 
#                                                                  (fF)  (ps)  (ps)   (ps)  Location 
#----------------------------------------------------------------------------------------------------
  clk                         (i)     -     R     (arrival)    143  0.0     1     0    1667    (-,-) 
  u_ab_special_case_l_reg/CLK <<<     -     R     dffrq_1x     143    -     1     0    1667    (-,-) 
#----------------------------------------------------------------------------------------------------



Path 153: MET (1137 ps) Setup Check with Pin u_ab_special_result_l_reg[9]/CLK->D
           View: view_1p2_25
          Group: clock1
     Startpoint: (R) stall
          Clock: (R) clock1
       Endpoint: (F) u_ab_special_result_l_reg[9]/D
          Clock: (R) clock1

                     Capture       Launch     
        Clock Edge:+    1667            0     
        Drv Adjust:+       0          145     
       Src Latency:+       0            0     
       Net Latency:+       0 (I)        0 (I) 
           Arrival:=    1667          145     
                                              
             Setup:-     143                  
       Uncertainty:-       0                  
     Required Time:=    1523                  
      Launch Clock:-     145                  
       Input Delay:-       1                  
         Data Path:-     241                  
             Slack:=    1137                  

Exceptions/Constraints:
  input_delay              1              add4_fp16.sdc_line_20_2_1   

#--------------------------------------------------------------------------------------------------------
#         Timing Point           Flags   Arc   Edge   Cell     Fanout  Load Trans Delay Arrival Instance 
#                                                                      (fF)  (ps)  (ps)   (ps)  Location 
#--------------------------------------------------------------------------------------------------------
  stall                          -       -     R     (arrival)    126 408.1   241     0     146    (-,-) 
  g285/X                         -       B->X  F     nor2_1x        3   9.6   116   131     277    (-,-) 
  g126910/X                      -       A1->X R     aoi22_1x       1   3.2    81    67     344    (-,-) 
  g126909/X                      -       B->X  F     nand2_1x       1   2.7    37    43     386    (-,-) 
  u_ab_special_result_l_reg[9]/D -       -     F     dffrq_1x       1     -     -     0     387    (-,-) 
#--------------------------------------------------------------------------------------------------------

Capture clock path:
#---------------------------------------------------------------------------------------------------------
#          Timing Point            Flags   Arc   Edge   Cell     Fanout Load Trans Delay Arrival Instance 
#                                                                       (fF)  (ps)  (ps)   (ps)  Location 
#---------------------------------------------------------------------------------------------------------
  clk                              (i)     -     R     (arrival)    143  0.0     1     0    1667    (-,-) 
  u_ab_special_result_l_reg[9]/CLK <<<     -     R     dffrq_1x     143    -     1     0    1667    (-,-) 
#---------------------------------------------------------------------------------------------------------



Path 154: MET (1160 ps) Setup Check with Pin u_cd_signs_differ_l_reg/CLK->D
           View: view_1p2_25
          Group: clock1
     Startpoint: (R) u_cd_signs_differ_l_reg/CLK
          Clock: (R) clock1
       Endpoint: (R) u_cd_signs_differ_l_reg/D
          Clock: (R) clock1

                     Capture       Launch     
        Clock Edge:+    1667            0     
       Src Latency:+       0            0     
       Net Latency:+       0 (I)        0 (I) 
           Arrival:=    1667            0     
                                              
             Setup:-      99                  
       Uncertainty:-       0                  
     Required Time:=    1568                  
      Launch Clock:-       0                  
         Data Path:-     408                  
             Slack:=    1160                  

Launch clock path:
#----------------------------------------------------------------------------------------------------
#        Timing Point         Flags   Arc   Edge   Cell     Fanout Load Trans Delay Arrival Instance 
#                                                                  (fF)  (ps)  (ps)   (ps)  Location 
#----------------------------------------------------------------------------------------------------
  clk                         (i)     -     R     (arrival)    143  0.0     1     0       0    (-,-) 
  u_cd_signs_differ_l_reg/CLK <<<     -     R     dffrq_1x     143    -     1     0       0    (-,-) 
#----------------------------------------------------------------------------------------------------

#-----------------------------------------------------------------------------------------------------
#        Timing Point         Flags    Arc   Edge   Cell     Fanout Load Trans Delay Arrival Instance 
#                                                                   (fF)  (ps)  (ps)   (ps)  Location 
#-----------------------------------------------------------------------------------------------------
  u_cd_signs_differ_l_reg/CLK -       -      R     (arrival)    143    -     1     0       0    (-,-) 
  u_cd_signs_differ_l_reg/Q   -       CLK->Q R     dffrq_1x       2 10.9    67   192     192    (-,-) 
  g149/X                      -       A->X   R     buf_6x        19 66.5    59    86     278    (-,-) 
  fopt16/X                    -       A->X   F     inv_4x        15 50.8    46    53     331    (-,-) 
  g117184/X                   -       D1->X  R     muxi2_1x       1  2.7   110    77     408    (-,-) 
  u_cd_signs_differ_l_reg/D   -       -      R     dffrq_1x       1    -     -     0     408    (-,-) 
#-----------------------------------------------------------------------------------------------------

Capture clock path:
#----------------------------------------------------------------------------------------------------
#        Timing Point         Flags   Arc   Edge   Cell     Fanout Load Trans Delay Arrival Instance 
#                                                                  (fF)  (ps)  (ps)   (ps)  Location 
#----------------------------------------------------------------------------------------------------
  clk                         (i)     -     R     (arrival)    143  0.0     1     0    1667    (-,-) 
  u_cd_signs_differ_l_reg/CLK <<<     -     R     dffrq_1x     143    -     1     0    1667    (-,-) 
#----------------------------------------------------------------------------------------------------



Path 155: MET (1194 ps) Setup Check with Pin u_ab_signs_differ_l_reg/CLK->D
           View: view_1p2_25
          Group: clock1
     Startpoint: (R) u_ab_signs_differ_l_reg/CLK
          Clock: (R) clock1
       Endpoint: (R) u_ab_signs_differ_l_reg/D
          Clock: (R) clock1

                     Capture       Launch     
        Clock Edge:+    1667            0     
       Src Latency:+       0            0     
       Net Latency:+       0 (I)        0 (I) 
           Arrival:=    1667            0     
                                              
             Setup:-      99                  
       Uncertainty:-       0                  
     Required Time:=    1568                  
      Launch Clock:-       0                  
         Data Path:-     373                  
             Slack:=    1194                  

Launch clock path:
#----------------------------------------------------------------------------------------------------
#        Timing Point         Flags   Arc   Edge   Cell     Fanout Load Trans Delay Arrival Instance 
#                                                                  (fF)  (ps)  (ps)   (ps)  Location 
#----------------------------------------------------------------------------------------------------
  clk                         (i)     -     R     (arrival)    143  0.0     1     0       0    (-,-) 
  u_ab_signs_differ_l_reg/CLK <<<     -     R     dffrq_1x     143    -     1     0       0    (-,-) 
#----------------------------------------------------------------------------------------------------

#-----------------------------------------------------------------------------------------------------
#        Timing Point         Flags    Arc   Edge   Cell     Fanout Load Trans Delay Arrival Instance 
#                                                                   (fF)  (ps)  (ps)   (ps)  Location 
#-----------------------------------------------------------------------------------------------------
  u_ab_signs_differ_l_reg/CLK -       -      R     (arrival)    143    -     1     0       0    (-,-) 
  u_ab_signs_differ_l_reg/Q   -       CLK->Q R     dffrq_1x       1  6.1    48   176     176    (-,-) 
  g125720/X                   -       A->X   R     buf_8x        16 85.9    58    86     262    (-,-) 
  g117955/X                   -       A->X   F     inv_6x        12 38.1    31    37     299    (-,-) 
  g117183/X                   -       D1->X  R     muxi2_1x       1  2.7   110    74     373    (-,-) 
  u_ab_signs_differ_l_reg/D   -       -      R     dffrq_1x       1    -     -     0     373    (-,-) 
#-----------------------------------------------------------------------------------------------------

Capture clock path:
#----------------------------------------------------------------------------------------------------
#        Timing Point         Flags   Arc   Edge   Cell     Fanout Load Trans Delay Arrival Instance 
#                                                                  (fF)  (ps)  (ps)   (ps)  Location 
#----------------------------------------------------------------------------------------------------
  clk                         (i)     -     R     (arrival)    143  0.0     1     0    1667    (-,-) 
  u_ab_signs_differ_l_reg/CLK <<<     -     R     dffrq_1x     143    -     1     0    1667    (-,-) 
#----------------------------------------------------------------------------------------------------



Path 156: MET (1200 ps) Setup Check with Pin u_cd_exp_max_l_reg[2]/CLK->SEN
           View: view_1p2_25
          Group: clock1
     Startpoint: (R) stall
          Clock: (R) clock1
       Endpoint: (F) u_cd_exp_max_l_reg[2]/SEN
          Clock: (R) clock1

                     Capture       Launch     
        Clock Edge:+    1667            0     
        Drv Adjust:+       0          145     
       Src Latency:+       0            0     
       Net Latency:+       0 (I)        0 (I) 
           Arrival:=    1667          145     
                                              
             Setup:-     232                  
       Uncertainty:-       0                  
     Required Time:=    1435                  
      Launch Clock:-     145                  
       Input Delay:-       1                  
         Data Path:-      89                  
             Slack:=    1200                  

Exceptions/Constraints:
  input_delay              1              add4_fp16.sdc_line_20_2_1   

#---------------------------------------------------------------------------------------------------
#       Timing Point        Flags   Arc   Edge   Cell     Fanout  Load Trans Delay Arrival Instance 
#                                                                 (fF)  (ps)  (ps)   (ps)  Location 
#---------------------------------------------------------------------------------------------------
  stall                     -       -     R     (arrival)    126 408.1   241     0     146    (-,-) 
  g124012/X                 -       A->X  F     inv_12x       41 148.0    94    89     235    (-,-) 
  u_cd_exp_max_l_reg[2]/SEN -       -     F     sdffrq_1x     41     -     -     0     235    (-,-) 
#---------------------------------------------------------------------------------------------------

Capture clock path:
#--------------------------------------------------------------------------------------------------
#       Timing Point        Flags   Arc   Edge   Cell     Fanout Load Trans Delay Arrival Instance 
#                                                                (fF)  (ps)  (ps)   (ps)  Location 
#--------------------------------------------------------------------------------------------------
  clk                       (i)     -     R     (arrival)    143  0.0     1     0    1667    (-,-) 
  u_cd_exp_max_l_reg[2]/CLK <<<     -     R     sdffrq_1x    143    -     1     0    1667    (-,-) 
#--------------------------------------------------------------------------------------------------



Path 157: MET (1200 ps) Setup Check with Pin u_cd_sign_shifted_l_reg/CLK->SEN
           View: view_1p2_25
          Group: clock1
     Startpoint: (R) stall
          Clock: (R) clock1
       Endpoint: (F) u_cd_sign_shifted_l_reg/SEN
          Clock: (R) clock1

                     Capture       Launch     
        Clock Edge:+    1667            0     
        Drv Adjust:+       0          145     
       Src Latency:+       0            0     
       Net Latency:+       0 (I)        0 (I) 
           Arrival:=    1667          145     
                                              
             Setup:-     232                  
       Uncertainty:-       0                  
     Required Time:=    1435                  
      Launch Clock:-     145                  
       Input Delay:-       1                  
         Data Path:-      89                  
             Slack:=    1200                  

Exceptions/Constraints:
  input_delay              1              add4_fp16.sdc_line_20_2_1   

#-----------------------------------------------------------------------------------------------------
#        Timing Point         Flags   Arc   Edge   Cell     Fanout  Load Trans Delay Arrival Instance 
#                                                                   (fF)  (ps)  (ps)   (ps)  Location 
#-----------------------------------------------------------------------------------------------------
  stall                       -       -     R     (arrival)    126 408.1   241     0     146    (-,-) 
  g124012/X                   -       A->X  F     inv_12x       41 148.0    94    89     235    (-,-) 
  u_cd_sign_shifted_l_reg/SEN -       -     F     sdffrq_1x     41     -     -     0     235    (-,-) 
#-----------------------------------------------------------------------------------------------------

Capture clock path:
#----------------------------------------------------------------------------------------------------
#        Timing Point         Flags   Arc   Edge   Cell     Fanout Load Trans Delay Arrival Instance 
#                                                                  (fF)  (ps)  (ps)   (ps)  Location 
#----------------------------------------------------------------------------------------------------
  clk                         (i)     -     R     (arrival)    143  0.0     1     0    1667    (-,-) 
  u_cd_sign_shifted_l_reg/CLK <<<     -     R     sdffrq_1x    143    -     1     0    1667    (-,-) 
#----------------------------------------------------------------------------------------------------



Path 158: MET (1200 ps) Setup Check with Pin u_ab_sign_shifted_l_reg/CLK->SEN
           View: view_1p2_25
          Group: clock1
     Startpoint: (R) stall
          Clock: (R) clock1
       Endpoint: (F) u_ab_sign_shifted_l_reg/SEN
          Clock: (R) clock1

                     Capture       Launch     
        Clock Edge:+    1667            0     
        Drv Adjust:+       0          145     
       Src Latency:+       0            0     
       Net Latency:+       0 (I)        0 (I) 
           Arrival:=    1667          145     
                                              
             Setup:-     232                  
       Uncertainty:-       0                  
     Required Time:=    1435                  
      Launch Clock:-     145                  
       Input Delay:-       1                  
         Data Path:-      89                  
             Slack:=    1200                  

Exceptions/Constraints:
  input_delay              1              add4_fp16.sdc_line_20_2_1   

#-----------------------------------------------------------------------------------------------------
#        Timing Point         Flags   Arc   Edge   Cell     Fanout  Load Trans Delay Arrival Instance 
#                                                                   (fF)  (ps)  (ps)   (ps)  Location 
#-----------------------------------------------------------------------------------------------------
  stall                       -       -     R     (arrival)    126 408.1   241     0     146    (-,-) 
  g124012/X                   -       A->X  F     inv_12x       41 148.0    94    89     235    (-,-) 
  u_ab_sign_shifted_l_reg/SEN -       -     F     sdffrq_1x     41     -     -     0     235    (-,-) 
#-----------------------------------------------------------------------------------------------------

Capture clock path:
#----------------------------------------------------------------------------------------------------
#        Timing Point         Flags   Arc   Edge   Cell     Fanout Load Trans Delay Arrival Instance 
#                                                                  (fF)  (ps)  (ps)   (ps)  Location 
#----------------------------------------------------------------------------------------------------
  clk                         (i)     -     R     (arrival)    143  0.0     1     0    1667    (-,-) 
  u_ab_sign_shifted_l_reg/CLK <<<     -     R     sdffrq_1x    143    -     1     0    1667    (-,-) 
#----------------------------------------------------------------------------------------------------



Path 159: MET (1200 ps) Setup Check with Pin u_cd_sign_not_shifted_l_reg/CLK->SEN
           View: view_1p2_25
          Group: clock1
     Startpoint: (R) stall
          Clock: (R) clock1
       Endpoint: (F) u_cd_sign_not_shifted_l_reg/SEN
          Clock: (R) clock1

                     Capture       Launch     
        Clock Edge:+    1667            0     
        Drv Adjust:+       0          145     
       Src Latency:+       0            0     
       Net Latency:+       0 (I)        0 (I) 
           Arrival:=    1667          145     
                                              
             Setup:-     232                  
       Uncertainty:-       0                  
     Required Time:=    1435                  
      Launch Clock:-     145                  
       Input Delay:-       1                  
         Data Path:-      89                  
             Slack:=    1200                  

Exceptions/Constraints:
  input_delay              1              add4_fp16.sdc_line_20_2_1   

#---------------------------------------------------------------------------------------------------------
#          Timing Point           Flags   Arc   Edge   Cell     Fanout  Load Trans Delay Arrival Instance 
#                                                                       (fF)  (ps)  (ps)   (ps)  Location 
#---------------------------------------------------------------------------------------------------------
  stall                           -       -     R     (arrival)    126 408.1   241     0     146    (-,-) 
  g124012/X                       -       A->X  F     inv_12x       41 148.0    94    89     235    (-,-) 
  u_cd_sign_not_shifted_l_reg/SEN -       -     F     sdffrq_1x     41     -     -     0     235    (-,-) 
#---------------------------------------------------------------------------------------------------------

Capture clock path:
#--------------------------------------------------------------------------------------------------------
#          Timing Point           Flags   Arc   Edge   Cell     Fanout Load Trans Delay Arrival Instance 
#                                                                      (fF)  (ps)  (ps)   (ps)  Location 
#--------------------------------------------------------------------------------------------------------
  clk                             (i)     -     R     (arrival)    143  0.0     1     0    1667    (-,-) 
  u_cd_sign_not_shifted_l_reg/CLK <<<     -     R     sdffrq_1x    143    -     1     0    1667    (-,-) 
#--------------------------------------------------------------------------------------------------------



Path 160: MET (1200 ps) Setup Check with Pin u_ab_sign_not_shifted_l_reg/CLK->SEN
           View: view_1p2_25
          Group: clock1
     Startpoint: (R) stall
          Clock: (R) clock1
       Endpoint: (F) u_ab_sign_not_shifted_l_reg/SEN
          Clock: (R) clock1

                     Capture       Launch     
        Clock Edge:+    1667            0     
        Drv Adjust:+       0          145     
       Src Latency:+       0            0     
       Net Latency:+       0 (I)        0 (I) 
           Arrival:=    1667          145     
                                              
             Setup:-     232                  
       Uncertainty:-       0                  
     Required Time:=    1435                  
      Launch Clock:-     145                  
       Input Delay:-       1                  
         Data Path:-      89                  
             Slack:=    1200                  

Exceptions/Constraints:
  input_delay              1              add4_fp16.sdc_line_20_2_1   

#---------------------------------------------------------------------------------------------------------
#          Timing Point           Flags   Arc   Edge   Cell     Fanout  Load Trans Delay Arrival Instance 
#                                                                       (fF)  (ps)  (ps)   (ps)  Location 
#---------------------------------------------------------------------------------------------------------
  stall                           -       -     R     (arrival)    126 408.1   241     0     146    (-,-) 
  g124012/X                       -       A->X  F     inv_12x       41 148.0    94    89     235    (-,-) 
  u_ab_sign_not_shifted_l_reg/SEN -       -     F     sdffrq_1x     41     -     -     0     235    (-,-) 
#---------------------------------------------------------------------------------------------------------

Capture clock path:
#--------------------------------------------------------------------------------------------------------
#          Timing Point           Flags   Arc   Edge   Cell     Fanout Load Trans Delay Arrival Instance 
#                                                                      (fF)  (ps)  (ps)   (ps)  Location 
#--------------------------------------------------------------------------------------------------------
  clk                             (i)     -     R     (arrival)    143  0.0     1     0    1667    (-,-) 
  u_ab_sign_not_shifted_l_reg/CLK <<<     -     R     sdffrq_1x    143    -     1     0    1667    (-,-) 
#--------------------------------------------------------------------------------------------------------



Path 161: MET (1230 ps) Setup Check with Pin u_cd_exp_max_l_reg[2]/CLK->D
           View: view_1p2_25
          Group: clock1
     Startpoint: (R) u_cd_exp_max_l_reg[2]/CLK
          Clock: (R) clock1
       Endpoint: (F) u_cd_exp_max_l_reg[2]/D
          Clock: (R) clock1

                     Capture       Launch     
        Clock Edge:+    1667            0     
       Src Latency:+       0            0     
       Net Latency:+       0 (I)        0 (I) 
           Arrival:=    1667            0     
                                              
             Setup:-     234                  
       Uncertainty:-       0                  
     Required Time:=    1432                  
      Launch Clock:-       0                  
         Data Path:-     202                  
             Slack:=    1230                  

Launch clock path:
#--------------------------------------------------------------------------------------------------
#       Timing Point        Flags   Arc   Edge   Cell     Fanout Load Trans Delay Arrival Instance 
#                                                                (fF)  (ps)  (ps)   (ps)  Location 
#--------------------------------------------------------------------------------------------------
  clk                       (i)     -     R     (arrival)    143  0.0     1     0       0    (-,-) 
  u_cd_exp_max_l_reg[2]/CLK <<<     -     R     sdffrq_1x    143    -     1     0       0    (-,-) 
#--------------------------------------------------------------------------------------------------

#---------------------------------------------------------------------------------------------------
#       Timing Point        Flags    Arc   Edge   Cell     Fanout Load Trans Delay Arrival Instance 
#                                                                 (fF)  (ps)  (ps)   (ps)  Location 
#---------------------------------------------------------------------------------------------------
  u_cd_exp_max_l_reg[2]/CLK -       -      R     (arrival)    143    -     1     0       0    (-,-) 
  u_cd_exp_max_l_reg[2]/Q   -       CLK->Q F     sdffrq_1x      2  5.9    40   116     116    (-,-) 
  g126136/X                 -       A->X   F     buf_1x         3 13.3    51    86     202    (-,-) 
  u_cd_exp_max_l_reg[2]/D   -       -      F     sdffrq_1x      3    -     -     0     202    (-,-) 
#---------------------------------------------------------------------------------------------------

Capture clock path:
#--------------------------------------------------------------------------------------------------
#       Timing Point        Flags   Arc   Edge   Cell     Fanout Load Trans Delay Arrival Instance 
#                                                                (fF)  (ps)  (ps)   (ps)  Location 
#--------------------------------------------------------------------------------------------------
  clk                       (i)     -     R     (arrival)    143  0.0     1     0    1667    (-,-) 
  u_cd_exp_max_l_reg[2]/CLK <<<     -     R     sdffrq_1x    143    -     1     0    1667    (-,-) 
#--------------------------------------------------------------------------------------------------



Path 162: MET (1235 ps) Setup Check with Pin u_sum_start_l_reg/CLK->SEN
           View: view_1p2_25
          Group: clock1
     Startpoint: (R) stall
          Clock: (R) clock1
       Endpoint: (R) u_sum_start_l_reg/SEN
          Clock: (R) clock1

                     Capture       Launch     
        Clock Edge:+    1667            0     
        Drv Adjust:+       0          145     
       Src Latency:+       0            0     
       Net Latency:+       0 (I)        0 (I) 
           Arrival:=    1667          145     
                                              
             Setup:-     286                  
       Uncertainty:-       0                  
     Required Time:=    1381                  
      Launch Clock:-     145                  
       Input Delay:-       1                  
         Data Path:-       0                  
             Slack:=    1235                  

Exceptions/Constraints:
  input_delay              1              add4_fp16.sdc_line_20_2_1   

#-----------------------------------------------------------------------------------------------
#     Timing Point      Flags   Arc   Edge   Cell     Fanout  Load Trans Delay Arrival Instance 
#                                                             (fF)  (ps)  (ps)   (ps)  Location 
#-----------------------------------------------------------------------------------------------
  stall                 -       -     R     (arrival)    126 408.1   241     0     146    (-,-) 
  u_sum_start_l_reg/SEN -       -     R     sdffrq_1x    126     -     -     0     146    (-,-) 
#-----------------------------------------------------------------------------------------------

Capture clock path:
#----------------------------------------------------------------------------------------------
#     Timing Point      Flags   Arc   Edge   Cell     Fanout Load Trans Delay Arrival Instance 
#                                                            (fF)  (ps)  (ps)   (ps)  Location 
#----------------------------------------------------------------------------------------------
  clk                   (i)     -     R     (arrival)    143  0.0     1     0    1667    (-,-) 
  u_sum_start_l_reg/CLK <<<     -     R     sdffrq_1x    143    -     1     0    1667    (-,-) 
#----------------------------------------------------------------------------------------------



Path 163: MET (1235 ps) Setup Check with Pin u_ab_start_l_reg/CLK->SEN
           View: view_1p2_25
          Group: clock1
     Startpoint: (R) stall
          Clock: (R) clock1
       Endpoint: (R) u_ab_start_l_reg/SEN
          Clock: (R) clock1

                     Capture       Launch     
        Clock Edge:+    1667            0     
        Drv Adjust:+       0          145     
       Src Latency:+       0            0     
       Net Latency:+       0 (I)        0 (I) 
           Arrival:=    1667          145     
                                              
             Setup:-     286                  
       Uncertainty:-       0                  
     Required Time:=    1381                  
      Launch Clock:-     145                  
       Input Delay:-       1                  
         Data Path:-       0                  
             Slack:=    1235                  

Exceptions/Constraints:
  input_delay              1              add4_fp16.sdc_line_20_2_1   

#----------------------------------------------------------------------------------------------
#    Timing Point      Flags   Arc   Edge   Cell     Fanout  Load Trans Delay Arrival Instance 
#                                                            (fF)  (ps)  (ps)   (ps)  Location 
#----------------------------------------------------------------------------------------------
  stall                -       -     R     (arrival)    126 408.1   241     0     146    (-,-) 
  u_ab_start_l_reg/SEN -       -     R     sdffrq_1x    126     -     -     0     146    (-,-) 
#----------------------------------------------------------------------------------------------

Capture clock path:
#---------------------------------------------------------------------------------------------
#    Timing Point      Flags   Arc   Edge   Cell     Fanout Load Trans Delay Arrival Instance 
#                                                           (fF)  (ps)  (ps)   (ps)  Location 
#---------------------------------------------------------------------------------------------
  clk                  (i)     -     R     (arrival)    143  0.0     1     0    1667    (-,-) 
  u_ab_start_l_reg/CLK <<<     -     R     sdffrq_1x    143    -     1     0    1667    (-,-) 
#---------------------------------------------------------------------------------------------



Path 164: MET (1235 ps) Setup Check with Pin u_cd_exp_max_l_reg[4]/CLK->SEN
           View: view_1p2_25
          Group: clock1
     Startpoint: (R) stall
          Clock: (R) clock1
       Endpoint: (R) u_cd_exp_max_l_reg[4]/SEN
          Clock: (R) clock1

                     Capture       Launch     
        Clock Edge:+    1667            0     
        Drv Adjust:+       0          145     
       Src Latency:+       0            0     
       Net Latency:+       0 (I)        0 (I) 
           Arrival:=    1667          145     
                                              
             Setup:-     286                  
       Uncertainty:-       0                  
     Required Time:=    1381                  
      Launch Clock:-     145                  
       Input Delay:-       1                  
         Data Path:-       0                  
             Slack:=    1235                  

Exceptions/Constraints:
  input_delay              1              add4_fp16.sdc_line_20_2_1   

#---------------------------------------------------------------------------------------------------
#       Timing Point        Flags   Arc   Edge   Cell     Fanout  Load Trans Delay Arrival Instance 
#                                                                 (fF)  (ps)  (ps)   (ps)  Location 
#---------------------------------------------------------------------------------------------------
  stall                     -       -     R     (arrival)    126 408.1   241     0     146    (-,-) 
  u_cd_exp_max_l_reg[4]/SEN -       -     R     sdffrq_1x    126     -     -     0     146    (-,-) 
#---------------------------------------------------------------------------------------------------

Capture clock path:
#--------------------------------------------------------------------------------------------------
#       Timing Point        Flags   Arc   Edge   Cell     Fanout Load Trans Delay Arrival Instance 
#                                                                (fF)  (ps)  (ps)   (ps)  Location 
#--------------------------------------------------------------------------------------------------
  clk                       (i)     -     R     (arrival)    143  0.0     1     0    1667    (-,-) 
  u_cd_exp_max_l_reg[4]/CLK <<<     -     R     sdffrq_1x    143    -     1     0    1667    (-,-) 
#--------------------------------------------------------------------------------------------------



Path 165: MET (1235 ps) Setup Check with Pin u_ab_exp_max_l_reg[4]/CLK->SEN
           View: view_1p2_25
          Group: clock1
     Startpoint: (R) stall
          Clock: (R) clock1
       Endpoint: (R) u_ab_exp_max_l_reg[4]/SEN
          Clock: (R) clock1

                     Capture       Launch     
        Clock Edge:+    1667            0     
        Drv Adjust:+       0          145     
       Src Latency:+       0            0     
       Net Latency:+       0 (I)        0 (I) 
           Arrival:=    1667          145     
                                              
             Setup:-     286                  
       Uncertainty:-       0                  
     Required Time:=    1381                  
      Launch Clock:-     145                  
       Input Delay:-       1                  
         Data Path:-       0                  
             Slack:=    1235                  

Exceptions/Constraints:
  input_delay              1              add4_fp16.sdc_line_20_2_1   

#---------------------------------------------------------------------------------------------------
#       Timing Point        Flags   Arc   Edge   Cell     Fanout  Load Trans Delay Arrival Instance 
#                                                                 (fF)  (ps)  (ps)   (ps)  Location 
#---------------------------------------------------------------------------------------------------
  stall                     -       -     R     (arrival)    126 408.1   241     0     146    (-,-) 
  u_ab_exp_max_l_reg[4]/SEN -       -     R     sdffrq_1x    126     -     -     0     146    (-,-) 
#---------------------------------------------------------------------------------------------------

Capture clock path:
#--------------------------------------------------------------------------------------------------
#       Timing Point        Flags   Arc   Edge   Cell     Fanout Load Trans Delay Arrival Instance 
#                                                                (fF)  (ps)  (ps)   (ps)  Location 
#--------------------------------------------------------------------------------------------------
  clk                       (i)     -     R     (arrival)    143  0.0     1     0    1667    (-,-) 
  u_ab_exp_max_l_reg[4]/CLK <<<     -     R     sdffrq_1x    143    -     1     0    1667    (-,-) 
#--------------------------------------------------------------------------------------------------



Path 166: MET (1280 ps) Setup Check with Pin u_cd_exp_max_l_reg[4]/CLK->SDI
           View: view_1p2_25
          Group: clock1
     Startpoint: (R) u_cd_exp_max_l_reg[4]/CLK
          Clock: (R) clock1
       Endpoint: (F) u_cd_exp_max_l_reg[4]/SDI
          Clock: (R) clock1

                     Capture       Launch     
        Clock Edge:+    1667            0     
       Src Latency:+       0            0     
       Net Latency:+       0 (I)        0 (I) 
           Arrival:=    1667            0     
                                              
             Setup:-     236                  
       Uncertainty:-       0                  
     Required Time:=    1431                  
      Launch Clock:-       0                  
         Data Path:-     151                  
             Slack:=    1280                  

Launch clock path:
#--------------------------------------------------------------------------------------------------
#       Timing Point        Flags   Arc   Edge   Cell     Fanout Load Trans Delay Arrival Instance 
#                                                                (fF)  (ps)  (ps)   (ps)  Location 
#--------------------------------------------------------------------------------------------------
  clk                       (i)     -     R     (arrival)    143  0.0     1     0       0    (-,-) 
  u_cd_exp_max_l_reg[4]/CLK <<<     -     R     sdffrq_1x    143    -     1     0       0    (-,-) 
#--------------------------------------------------------------------------------------------------

#---------------------------------------------------------------------------------------------------
#       Timing Point        Flags    Arc   Edge   Cell     Fanout Load Trans Delay Arrival Instance 
#                                                                 (fF)  (ps)  (ps)   (ps)  Location 
#---------------------------------------------------------------------------------------------------
  u_cd_exp_max_l_reg[4]/CLK -       -      R     (arrival)    143    -     1     0       0    (-,-) 
  u_cd_exp_max_l_reg[4]/Q   -       CLK->Q F     sdffrq_1x      6 16.8    78   151     151    (-,-) 
  u_cd_exp_max_l_reg[4]/SDI -       -      F     sdffrq_1x      6    -     -     0     151    (-,-) 
#---------------------------------------------------------------------------------------------------

Capture clock path:
#--------------------------------------------------------------------------------------------------
#       Timing Point        Flags   Arc   Edge   Cell     Fanout Load Trans Delay Arrival Instance 
#                                                                (fF)  (ps)  (ps)   (ps)  Location 
#--------------------------------------------------------------------------------------------------
  clk                       (i)     -     R     (arrival)    143  0.0     1     0    1667    (-,-) 
  u_cd_exp_max_l_reg[4]/CLK <<<     -     R     sdffrq_1x    143    -     1     0    1667    (-,-) 
#--------------------------------------------------------------------------------------------------



Path 167: MET (1289 ps) Setup Check with Pin u_ab_exp_max_l_reg[4]/CLK->SDI
           View: view_1p2_25
          Group: clock1
     Startpoint: (R) u_ab_exp_max_l_reg[4]/CLK
          Clock: (R) clock1
       Endpoint: (F) u_ab_exp_max_l_reg[4]/SDI
          Clock: (R) clock1

                     Capture       Launch     
        Clock Edge:+    1667            0     
       Src Latency:+       0            0     
       Net Latency:+       0 (I)        0 (I) 
           Arrival:=    1667            0     
                                              
             Setup:-     235                  
       Uncertainty:-       0                  
     Required Time:=    1432                  
      Launch Clock:-       0                  
         Data Path:-     143                  
             Slack:=    1289                  

Launch clock path:
#--------------------------------------------------------------------------------------------------
#       Timing Point        Flags   Arc   Edge   Cell     Fanout Load Trans Delay Arrival Instance 
#                                                                (fF)  (ps)  (ps)   (ps)  Location 
#--------------------------------------------------------------------------------------------------
  clk                       (i)     -     R     (arrival)    143  0.0     1     0       0    (-,-) 
  u_ab_exp_max_l_reg[4]/CLK <<<     -     R     sdffrq_1x    143    -     1     0       0    (-,-) 
#--------------------------------------------------------------------------------------------------

#---------------------------------------------------------------------------------------------------
#       Timing Point        Flags    Arc   Edge   Cell     Fanout Load Trans Delay Arrival Instance 
#                                                                 (fF)  (ps)  (ps)   (ps)  Location 
#---------------------------------------------------------------------------------------------------
  u_ab_exp_max_l_reg[4]/CLK -       -      R     (arrival)    143    -     1     0       0    (-,-) 
  u_ab_exp_max_l_reg[4]/Q   -       CLK->Q F     sdffrq_1x      5 13.9    68   143     143    (-,-) 
  u_ab_exp_max_l_reg[4]/SDI -       -      F     sdffrq_1x      5    -     -     0     143    (-,-) 
#---------------------------------------------------------------------------------------------------

Capture clock path:
#--------------------------------------------------------------------------------------------------
#       Timing Point        Flags   Arc   Edge   Cell     Fanout Load Trans Delay Arrival Instance 
#                                                                (fF)  (ps)  (ps)   (ps)  Location 
#--------------------------------------------------------------------------------------------------
  clk                       (i)     -     R     (arrival)    143  0.0     1     0    1667    (-,-) 
  u_ab_exp_max_l_reg[4]/CLK <<<     -     R     sdffrq_1x    143    -     1     0    1667    (-,-) 
#--------------------------------------------------------------------------------------------------



Path 168: MET (1315 ps) Setup Check with Pin u_cd_sign_shifted_l_reg/CLK->D
           View: view_1p2_25
          Group: clock1
     Startpoint: (R) u_cd_sign_shifted_l_reg/CLK
          Clock: (R) clock1
       Endpoint: (F) u_cd_sign_shifted_l_reg/D
          Clock: (R) clock1

                     Capture       Launch     
        Clock Edge:+    1667            0     
       Src Latency:+       0            0     
       Net Latency:+       0 (I)        0 (I) 
           Arrival:=    1667            0     
                                              
             Setup:-     235                  
       Uncertainty:-       0                  
     Required Time:=    1432                  
      Launch Clock:-       0                  
         Data Path:-     116                  
             Slack:=    1315                  

Launch clock path:
#----------------------------------------------------------------------------------------------------
#        Timing Point         Flags   Arc   Edge   Cell     Fanout Load Trans Delay Arrival Instance 
#                                                                  (fF)  (ps)  (ps)   (ps)  Location 
#----------------------------------------------------------------------------------------------------
  clk                         (i)     -     R     (arrival)    143  0.0     1     0       0    (-,-) 
  u_cd_sign_shifted_l_reg/CLK <<<     -     R     sdffrq_1x    143    -     1     0       0    (-,-) 
#----------------------------------------------------------------------------------------------------

#-----------------------------------------------------------------------------------------------------
#        Timing Point         Flags    Arc   Edge   Cell     Fanout Load Trans Delay Arrival Instance 
#                                                                   (fF)  (ps)  (ps)   (ps)  Location 
#-----------------------------------------------------------------------------------------------------
  u_cd_sign_shifted_l_reg/CLK -       -      R     (arrival)    143    -     1     0       0    (-,-) 
  u_cd_sign_shifted_l_reg/Q   -       CLK->Q F     sdffrq_1x      2  6.0    41   116     116    (-,-) 
  u_cd_sign_shifted_l_reg/D   -       -      F     sdffrq_1x      2    -     -     0     116    (-,-) 
#-----------------------------------------------------------------------------------------------------

Capture clock path:
#----------------------------------------------------------------------------------------------------
#        Timing Point         Flags   Arc   Edge   Cell     Fanout Load Trans Delay Arrival Instance 
#                                                                  (fF)  (ps)  (ps)   (ps)  Location 
#----------------------------------------------------------------------------------------------------
  clk                         (i)     -     R     (arrival)    143  0.0     1     0    1667    (-,-) 
  u_cd_sign_shifted_l_reg/CLK <<<     -     R     sdffrq_1x    143    -     1     0    1667    (-,-) 
#----------------------------------------------------------------------------------------------------



Path 169: MET (1315 ps) Setup Check with Pin u_ab_sign_shifted_l_reg/CLK->D
           View: view_1p2_25
          Group: clock1
     Startpoint: (R) u_ab_sign_shifted_l_reg/CLK
          Clock: (R) clock1
       Endpoint: (F) u_ab_sign_shifted_l_reg/D
          Clock: (R) clock1

                     Capture       Launch     
        Clock Edge:+    1667            0     
       Src Latency:+       0            0     
       Net Latency:+       0 (I)        0 (I) 
           Arrival:=    1667            0     
                                              
             Setup:-     235                  
       Uncertainty:-       0                  
     Required Time:=    1432                  
      Launch Clock:-       0                  
         Data Path:-     116                  
             Slack:=    1315                  

Launch clock path:
#----------------------------------------------------------------------------------------------------
#        Timing Point         Flags   Arc   Edge   Cell     Fanout Load Trans Delay Arrival Instance 
#                                                                  (fF)  (ps)  (ps)   (ps)  Location 
#----------------------------------------------------------------------------------------------------
  clk                         (i)     -     R     (arrival)    143  0.0     1     0       0    (-,-) 
  u_ab_sign_shifted_l_reg/CLK <<<     -     R     sdffrq_1x    143    -     1     0       0    (-,-) 
#----------------------------------------------------------------------------------------------------

#-----------------------------------------------------------------------------------------------------
#        Timing Point         Flags    Arc   Edge   Cell     Fanout Load Trans Delay Arrival Instance 
#                                                                   (fF)  (ps)  (ps)   (ps)  Location 
#-----------------------------------------------------------------------------------------------------
  u_ab_sign_shifted_l_reg/CLK -       -      R     (arrival)    143    -     1     0       0    (-,-) 
  u_ab_sign_shifted_l_reg/Q   -       CLK->Q F     sdffrq_1x      2  6.0    41   116     116    (-,-) 
  u_ab_sign_shifted_l_reg/D   -       -      F     sdffrq_1x      2    -     -     0     116    (-,-) 
#-----------------------------------------------------------------------------------------------------

Capture clock path:
#----------------------------------------------------------------------------------------------------
#        Timing Point         Flags   Arc   Edge   Cell     Fanout Load Trans Delay Arrival Instance 
#                                                                  (fF)  (ps)  (ps)   (ps)  Location 
#----------------------------------------------------------------------------------------------------
  clk                         (i)     -     R     (arrival)    143  0.0     1     0    1667    (-,-) 
  u_ab_sign_shifted_l_reg/CLK <<<     -     R     sdffrq_1x    143    -     1     0    1667    (-,-) 
#----------------------------------------------------------------------------------------------------



Path 170: MET (1316 ps) Setup Check with Pin u_cd_sign_not_shifted_l_reg/CLK->D
           View: view_1p2_25
          Group: clock1
     Startpoint: (R) u_cd_sign_not_shifted_l_reg/CLK
          Clock: (R) clock1
       Endpoint: (F) u_cd_sign_not_shifted_l_reg/D
          Clock: (R) clock1

                     Capture       Launch     
        Clock Edge:+    1667            0     
       Src Latency:+       0            0     
       Net Latency:+       0 (I)        0 (I) 
           Arrival:=    1667            0     
                                              
             Setup:-     235                  
       Uncertainty:-       0                  
     Required Time:=    1432                  
      Launch Clock:-       0                  
         Data Path:-     116                  
             Slack:=    1316                  

Launch clock path:
#--------------------------------------------------------------------------------------------------------
#          Timing Point           Flags   Arc   Edge   Cell     Fanout Load Trans Delay Arrival Instance 
#                                                                      (fF)  (ps)  (ps)   (ps)  Location 
#--------------------------------------------------------------------------------------------------------
  clk                             (i)     -     R     (arrival)    143  0.0     1     0       0    (-,-) 
  u_cd_sign_not_shifted_l_reg/CLK <<<     -     R     sdffrq_1x    143    -     1     0       0    (-,-) 
#--------------------------------------------------------------------------------------------------------

#---------------------------------------------------------------------------------------------------------
#          Timing Point           Flags    Arc   Edge   Cell     Fanout Load Trans Delay Arrival Instance 
#                                                                       (fF)  (ps)  (ps)   (ps)  Location 
#---------------------------------------------------------------------------------------------------------
  u_cd_sign_not_shifted_l_reg/CLK -       -      R     (arrival)    143    -     1     0       0    (-,-) 
  u_cd_sign_not_shifted_l_reg/Q   -       CLK->Q F     sdffrq_1x      2  5.9    40   116     116    (-,-) 
  u_cd_sign_not_shifted_l_reg/D   -       -      F     sdffrq_1x      2    -     -     0     116    (-,-) 
#---------------------------------------------------------------------------------------------------------

Capture clock path:
#--------------------------------------------------------------------------------------------------------
#          Timing Point           Flags   Arc   Edge   Cell     Fanout Load Trans Delay Arrival Instance 
#                                                                      (fF)  (ps)  (ps)   (ps)  Location 
#--------------------------------------------------------------------------------------------------------
  clk                             (i)     -     R     (arrival)    143  0.0     1     0    1667    (-,-) 
  u_cd_sign_not_shifted_l_reg/CLK <<<     -     R     sdffrq_1x    143    -     1     0    1667    (-,-) 
#--------------------------------------------------------------------------------------------------------



Path 171: MET (1316 ps) Setup Check with Pin u_ab_sign_not_shifted_l_reg/CLK->D
           View: view_1p2_25
          Group: clock1
     Startpoint: (R) u_ab_sign_not_shifted_l_reg/CLK
          Clock: (R) clock1
       Endpoint: (F) u_ab_sign_not_shifted_l_reg/D
          Clock: (R) clock1

                     Capture       Launch     
        Clock Edge:+    1667            0     
       Src Latency:+       0            0     
       Net Latency:+       0 (I)        0 (I) 
           Arrival:=    1667            0     
                                              
             Setup:-     235                  
       Uncertainty:-       0                  
     Required Time:=    1432                  
      Launch Clock:-       0                  
         Data Path:-     116                  
             Slack:=    1316                  

Launch clock path:
#--------------------------------------------------------------------------------------------------------
#          Timing Point           Flags   Arc   Edge   Cell     Fanout Load Trans Delay Arrival Instance 
#                                                                      (fF)  (ps)  (ps)   (ps)  Location 
#--------------------------------------------------------------------------------------------------------
  clk                             (i)     -     R     (arrival)    143  0.0     1     0       0    (-,-) 
  u_ab_sign_not_shifted_l_reg/CLK <<<     -     R     sdffrq_1x    143    -     1     0       0    (-,-) 
#--------------------------------------------------------------------------------------------------------

#---------------------------------------------------------------------------------------------------------
#          Timing Point           Flags    Arc   Edge   Cell     Fanout Load Trans Delay Arrival Instance 
#                                                                       (fF)  (ps)  (ps)   (ps)  Location 
#---------------------------------------------------------------------------------------------------------
  u_ab_sign_not_shifted_l_reg/CLK -       -      R     (arrival)    143    -     1     0       0    (-,-) 
  u_ab_sign_not_shifted_l_reg/Q   -       CLK->Q F     sdffrq_1x      2  5.9    40   116     116    (-,-) 
  u_ab_sign_not_shifted_l_reg/D   -       -      F     sdffrq_1x      2    -     -     0     116    (-,-) 
#---------------------------------------------------------------------------------------------------------

Capture clock path:
#--------------------------------------------------------------------------------------------------------
#          Timing Point           Flags   Arc   Edge   Cell     Fanout Load Trans Delay Arrival Instance 
#                                                                      (fF)  (ps)  (ps)   (ps)  Location 
#--------------------------------------------------------------------------------------------------------
  clk                             (i)     -     R     (arrival)    143  0.0     1     0    1667    (-,-) 
  u_ab_sign_not_shifted_l_reg/CLK <<<     -     R     sdffrq_1x    143    -     1     0    1667    (-,-) 
#--------------------------------------------------------------------------------------------------------



Path 172: MET (1317 ps) Setup Check with Pin u_sum_start_l_reg/CLK->D
           View: view_1p2_25
          Group: clock1
     Startpoint: (R) u_ab_start_l_reg/CLK
          Clock: (R) clock1
       Endpoint: (F) u_sum_start_l_reg/D
          Clock: (R) clock1

                     Capture       Launch     
        Clock Edge:+    1667            0     
       Src Latency:+       0            0     
       Net Latency:+       0 (I)        0 (I) 
           Arrival:=    1667            0     
                                              
             Setup:-     235                  
       Uncertainty:-       0                  
     Required Time:=    1432                  
      Launch Clock:-       0                  
         Data Path:-     114                  
             Slack:=    1317                  

Launch clock path:
#---------------------------------------------------------------------------------------------
#    Timing Point      Flags   Arc   Edge   Cell     Fanout Load Trans Delay Arrival Instance 
#                                                           (fF)  (ps)  (ps)   (ps)  Location 
#---------------------------------------------------------------------------------------------
  clk                  (i)     -     R     (arrival)    143  0.0     1     0       0    (-,-) 
  u_ab_start_l_reg/CLK <<<     -     R     sdffrq_1x    143    -     1     0       0    (-,-) 
#---------------------------------------------------------------------------------------------

#----------------------------------------------------------------------------------------------
#    Timing Point      Flags    Arc   Edge   Cell     Fanout Load Trans Delay Arrival Instance 
#                                                            (fF)  (ps)  (ps)   (ps)  Location 
#----------------------------------------------------------------------------------------------
  u_ab_start_l_reg/CLK -       -      R     (arrival)    143    -     1     0       0    (-,-) 
  u_ab_start_l_reg/Q   -       CLK->Q F     sdffrq_1x      2  5.4    39   114     114    (-,-) 
  u_sum_start_l_reg/D  -       -      F     sdffrq_1x      2    -     -     0     114    (-,-) 
#----------------------------------------------------------------------------------------------

Capture clock path:
#----------------------------------------------------------------------------------------------
#     Timing Point      Flags   Arc   Edge   Cell     Fanout Load Trans Delay Arrival Instance 
#                                                            (fF)  (ps)  (ps)   (ps)  Location 
#----------------------------------------------------------------------------------------------
  clk                   (i)     -     R     (arrival)    143  0.0     1     0    1667    (-,-) 
  u_sum_start_l_reg/CLK <<<     -     R     sdffrq_1x    143    -     1     0    1667    (-,-) 
#----------------------------------------------------------------------------------------------



Path 173: MET (1318 ps) Setup Check with Pin u_sum_start_l_reg/CLK->SDI
           View: view_1p2_25
          Group: clock1
     Startpoint: (R) u_sum_start_l_reg/CLK
          Clock: (R) clock1
       Endpoint: (F) u_sum_start_l_reg/SDI
          Clock: (R) clock1

                     Capture       Launch     
        Clock Edge:+    1667            0     
       Src Latency:+       0            0     
       Net Latency:+       0 (I)        0 (I) 
           Arrival:=    1667            0     
                                              
             Setup:-     233                  
       Uncertainty:-       0                  
     Required Time:=    1434                  
      Launch Clock:-       0                  
         Data Path:-     116                  
             Slack:=    1318                  

Launch clock path:
#----------------------------------------------------------------------------------------------
#     Timing Point      Flags   Arc   Edge   Cell     Fanout Load Trans Delay Arrival Instance 
#                                                            (fF)  (ps)  (ps)   (ps)  Location 
#----------------------------------------------------------------------------------------------
  clk                   (i)     -     R     (arrival)    143  0.0     1     0       0    (-,-) 
  u_sum_start_l_reg/CLK <<<     -     R     sdffrq_1x    143    -     1     0       0    (-,-) 
#----------------------------------------------------------------------------------------------

#-----------------------------------------------------------------------------------------------
#     Timing Point      Flags    Arc   Edge   Cell     Fanout Load Trans Delay Arrival Instance 
#                                                             (fF)  (ps)  (ps)   (ps)  Location 
#-----------------------------------------------------------------------------------------------
  u_sum_start_l_reg/CLK -       -      R     (arrival)    143    -     1     0       0    (-,-) 
  u_sum_start_l_reg/Q   -       CLK->Q F     sdffrq_1x      2  5.8    40   116     116    (-,-) 
  u_sum_start_l_reg/SDI -       -      F     sdffrq_1x      2    -     -     0     116    (-,-) 
#-----------------------------------------------------------------------------------------------

Capture clock path:
#----------------------------------------------------------------------------------------------
#     Timing Point      Flags   Arc   Edge   Cell     Fanout Load Trans Delay Arrival Instance 
#                                                            (fF)  (ps)  (ps)   (ps)  Location 
#----------------------------------------------------------------------------------------------
  clk                   (i)     -     R     (arrival)    143  0.0     1     0    1667    (-,-) 
  u_sum_start_l_reg/CLK <<<     -     R     sdffrq_1x    143    -     1     0    1667    (-,-) 
#----------------------------------------------------------------------------------------------



Path 174: MET (1319 ps) Setup Check with Pin u_cd_exp_max_l_reg[4]/CLK->D
           View: view_1p2_25
          Group: clock1
     Startpoint: (F) d[14]
          Clock: (R) clock1
       Endpoint: (F) u_cd_exp_max_l_reg[4]/D
          Clock: (R) clock1

                     Capture       Launch     
        Clock Edge:+    1667            0     
        Drv Adjust:+       0            4     
       Src Latency:+       0            0     
       Net Latency:+       0 (I)        0 (I) 
           Arrival:=    1667            4     
                                              
             Setup:-     235                  
       Uncertainty:-       0                  
     Required Time:=    1431                  
      Launch Clock:-       4                  
       Input Delay:-       1                  
         Data Path:-     108                  
             Slack:=    1319                  

Exceptions/Constraints:
  input_delay              1              add4_fp16.sdc_line_20_52_1   

#------------------------------------------------------------------------------------------------
#      Timing Point       Flags   Arc   Edge   Cell     Fanout Load Trans Delay Arrival Instance 
#                                                              (fF)  (ps)  (ps)   (ps)  Location 
#------------------------------------------------------------------------------------------------
  d[14]                   -       -     F     (arrival)      5 16.6     8     0       4    (-,-) 
  g117696/X               -       B->X  R     nor2_1x        3  9.4   103    75      80    (-,-) 
  g117237/X               -       A->X  F     inv_1x         1  3.0    35    32     112    (-,-) 
  u_cd_exp_max_l_reg[4]/D -       -     F     sdffrq_1x      1    -     -     0     112    (-,-) 
#------------------------------------------------------------------------------------------------

Capture clock path:
#--------------------------------------------------------------------------------------------------
#       Timing Point        Flags   Arc   Edge   Cell     Fanout Load Trans Delay Arrival Instance 
#                                                                (fF)  (ps)  (ps)   (ps)  Location 
#--------------------------------------------------------------------------------------------------
  clk                       (i)     -     R     (arrival)    143  0.0     1     0    1667    (-,-) 
  u_cd_exp_max_l_reg[4]/CLK <<<     -     R     sdffrq_1x    143    -     1     0    1667    (-,-) 
#--------------------------------------------------------------------------------------------------



Path 175: MET (1320 ps) Setup Check with Pin u_ab_start_l_reg/CLK->SDI
           View: view_1p2_25
          Group: clock1
     Startpoint: (R) u_ab_start_l_reg/CLK
          Clock: (R) clock1
       Endpoint: (F) u_ab_start_l_reg/SDI
          Clock: (R) clock1

                     Capture       Launch     
        Clock Edge:+    1667            0     
       Src Latency:+       0            0     
       Net Latency:+       0 (I)        0 (I) 
           Arrival:=    1667            0     
                                              
             Setup:-     233                  
       Uncertainty:-       0                  
     Required Time:=    1434                  
      Launch Clock:-       0                  
         Data Path:-     114                  
             Slack:=    1320                  

Launch clock path:
#---------------------------------------------------------------------------------------------
#    Timing Point      Flags   Arc   Edge   Cell     Fanout Load Trans Delay Arrival Instance 
#                                                           (fF)  (ps)  (ps)   (ps)  Location 
#---------------------------------------------------------------------------------------------
  clk                  (i)     -     R     (arrival)    143  0.0     1     0       0    (-,-) 
  u_ab_start_l_reg/CLK <<<     -     R     sdffrq_1x    143    -     1     0       0    (-,-) 
#---------------------------------------------------------------------------------------------

#----------------------------------------------------------------------------------------------
#    Timing Point      Flags    Arc   Edge   Cell     Fanout Load Trans Delay Arrival Instance 
#                                                            (fF)  (ps)  (ps)   (ps)  Location 
#----------------------------------------------------------------------------------------------
  u_ab_start_l_reg/CLK -       -      R     (arrival)    143    -     1     0       0    (-,-) 
  u_ab_start_l_reg/Q   -       CLK->Q F     sdffrq_1x      2  5.4    39   114     114    (-,-) 
  u_ab_start_l_reg/SDI -       -      F     sdffrq_1x      2    -     -     0     114    (-,-) 
#----------------------------------------------------------------------------------------------

Capture clock path:
#---------------------------------------------------------------------------------------------
#    Timing Point      Flags   Arc   Edge   Cell     Fanout Load Trans Delay Arrival Instance 
#                                                           (fF)  (ps)  (ps)   (ps)  Location 
#---------------------------------------------------------------------------------------------
  clk                  (i)     -     R     (arrival)    143  0.0     1     0    1667    (-,-) 
  u_ab_start_l_reg/CLK <<<     -     R     sdffrq_1x    143    -     1     0    1667    (-,-) 
#---------------------------------------------------------------------------------------------



Path 176: MET (1342 ps) Setup Check with Pin u_ab_exp_max_l_reg[4]/CLK->D
           View: view_1p2_25
          Group: clock1
     Startpoint: (F) b[14]
          Clock: (R) clock1
       Endpoint: (F) u_ab_exp_max_l_reg[4]/D
          Clock: (R) clock1

                     Capture       Launch     
        Clock Edge:+    1667            0     
        Drv Adjust:+       0            3     
       Src Latency:+       0            0     
       Net Latency:+       0 (I)        0 (I) 
           Arrival:=    1667            3     
                                              
             Setup:-     235                  
       Uncertainty:-       0                  
     Required Time:=    1432                  
      Launch Clock:-       3                  
       Input Delay:-       1                  
         Data Path:-      85                  
             Slack:=    1342                  

Exceptions/Constraints:
  input_delay              1              add4_fp16.sdc_line_20_20_1   

#------------------------------------------------------------------------------------------------
#      Timing Point       Flags   Arc   Edge   Cell     Fanout Load Trans Delay Arrival Instance 
#                                                              (fF)  (ps)  (ps)   (ps)  Location 
#------------------------------------------------------------------------------------------------
  b[14]                   -       -     F     (arrival)      5 14.9     7     0       4    (-,-) 
  g117655/X               -       B->X  R     nor2_1x        2  6.3    74    56      60    (-,-) 
  g117555/X               -       A->X  F     inv_1x         1  3.0    28    29      89    (-,-) 
  u_ab_exp_max_l_reg[4]/D -       -     F     sdffrq_1x      1    -     -     0      89    (-,-) 
#------------------------------------------------------------------------------------------------

Capture clock path:
#--------------------------------------------------------------------------------------------------
#       Timing Point        Flags   Arc   Edge   Cell     Fanout Load Trans Delay Arrival Instance 
#                                                                (fF)  (ps)  (ps)   (ps)  Location 
#--------------------------------------------------------------------------------------------------
  clk                       (i)     -     R     (arrival)    143  0.0     1     0    1667    (-,-) 
  u_ab_exp_max_l_reg[4]/CLK <<<     -     R     sdffrq_1x    143    -     1     0    1667    (-,-) 
#--------------------------------------------------------------------------------------------------



Path 177: MET (1367 ps) Late External Delay Assertion at pin done
           View: view_1p2_25
          Group: clock1
     Startpoint: (R) stall
          Clock: (R) clock1
       Endpoint: (F) done
          Clock: (R) clock1

                     Capture       Launch     
        Clock Edge:+    1667            0     
        Drv Adjust:+       0          145     
       Src Latency:+       0            0     
       Net Latency:+       0 (I)        0 (I) 
           Arrival:=    1667          145     
                                              
      Output Delay:-       1                  
       Uncertainty:-       0                  
     Required Time:=    1666                  
      Launch Clock:-     145                  
       Input Delay:-       1                  
         Data Path:-     152                  
             Slack:=    1367                  

Exceptions/Constraints:
  input_delay               1              add4_fp16.sdc_line_20_2_1    
  output_delay              1              add4_fp16.sdc_line_21_81_1   

#----------------------------------------------------------------------------------------
# Timing Point   Flags   Arc   Edge   Cell     Fanout  Load Trans Delay Arrival Instance 
#                                                      (fF)  (ps)  (ps)   (ps)  Location 
#----------------------------------------------------------------------------------------
  stall          -       -     R     (arrival)    126 408.1   241     0     146    (-,-) 
  g124012/X      -       A->X  F     inv_12x       41 148.0    94    89     235    (-,-) 
  g117458/X      -       B->X  F     and2_1x        1   0.9    18    63     298    (-,-) 
  done           -       -     F     (port)         -     -     -     0     298    (-,-) 
#----------------------------------------------------------------------------------------



Path 178: MET (1435 ps) Setup Check with Pin u_ab_start_l_reg/CLK->D
           View: view_1p2_25
          Group: clock1
     Startpoint: (F) start
          Clock: (R) clock1
       Endpoint: (F) u_ab_start_l_reg/D
          Clock: (R) clock1

                     Capture       Launch     
        Clock Edge:+    1667            0     
        Drv Adjust:+       0            0     
       Src Latency:+       0            0     
       Net Latency:+       0 (I)        0 (I) 
           Arrival:=    1667            0     
                                              
             Setup:-     230                  
       Uncertainty:-       0                  
     Required Time:=    1437                  
      Launch Clock:-       0                  
       Input Delay:-       1                  
         Data Path:-       0                  
             Slack:=    1435                  

Exceptions/Constraints:
  input_delay              1              add4_fp16.sdc_line_20_1_1   

#-------------------------------------------------------------------------------------------
#   Timing Point     Flags   Arc   Edge   Cell     Fanout Load Trans Delay Arrival Instance 
#                                                         (fF)  (ps)  (ps)   (ps)  Location 
#-------------------------------------------------------------------------------------------
  start              -       -     F     (arrival)      1  3.0     2     0       2    (-,-) 
  u_ab_start_l_reg/D -       -     F     sdffrq_1x      1    -     -     0       2    (-,-) 
#-------------------------------------------------------------------------------------------

Capture clock path:
#---------------------------------------------------------------------------------------------
#    Timing Point      Flags   Arc   Edge   Cell     Fanout Load Trans Delay Arrival Instance 
#                                                           (fF)  (ps)  (ps)   (ps)  Location 
#---------------------------------------------------------------------------------------------
  clk                  (i)     -     R     (arrival)    143  0.0     1     0    1667    (-,-) 
  u_ab_start_l_reg/CLK <<<     -     R     sdffrq_1x    143    -     1     0    1667    (-,-) 
#---------------------------------------------------------------------------------------------


