============================================================
  Generated by:           Genus(TM) Synthesis Solution 25.11-s095_1
  Generated on:           Mar 10 2026  09:38:24 pm
  Module:                 add_bf16_1C
  Operating conditions:   typical 
  Interconnect mode:      global
  Area mode:              physical library
============================================================


Path 1: MET (118 ps) Late External Delay Assertion at pin bf_out[13]
           View: view_1p2_25
          Group: clock1
     Startpoint: (R) bf2_in_reg[12]/clk
          Clock: (R) clock1
       Endpoint: (R) bf_out[13]
          Clock: (R) clock1

                     Capture       Launch     
        Clock Edge:+    1515            0     
       Src Latency:+       0            0     
       Net Latency:+       0 (I)        0 (I) 
           Arrival:=    1515            0     
                                              
      Output Delay:-       1                  
       Uncertainty:-       0                  
     Required Time:=    1514                  
      Launch Clock:-       0                  
         Data Path:-    1396                  
             Slack:=     118                  

Exceptions/Constraints:
  output_delay              1              add_bf16_1C.sdc_line_21_35_1   

Launch clock path:
#-------------------------------------------------------------------------------------------------
#   Timing Point     Flags   Arc   Edge      Cell        Fanout Load Trans Delay Arrival Instance 
#                                                               (fF)  (ps)  (ps)   (ps)  Location 
#-------------------------------------------------------------------------------------------------
  clk                (i,u)   -     R     (arrival)           33  0.0     0     0       0    (-,-) 
  bf2_in_reg[12]/clk <<<     -     R     unmapped_d_flop     33    -     1     0       0    (-,-) 
#-------------------------------------------------------------------------------------------------

#------------------------------------------------------------------------------------------------------
#   Timing Point     Flags    Arc    Edge       Cell         Fanout  Load Trans Delay Arrival Instance 
#                                                                    (fF)  (ps)  (ps)   (ps)  Location 
#------------------------------------------------------------------------------------------------------
  bf2_in_reg[12]/clk -       -       R     (arrival)             33     -     1     0       0    (-,-) 
  bf2_in_reg[12]/q   (u)     clk->q  R     unmapped_d_flop        7  25.2     0   127     127    (-,-) 
  g15541/z           (u)     in_1->z R     unmapped_or2           1   3.6     0    17     144    (-,-) 
  g15542/z           (u)     in_1->z F     unmapped_nand2         6  19.2     0    30     174    (-,-) 
  g15522/z           (u)     in_1->z R     unmapped_nand2         1   3.6     0    17     191    (-,-) 
  g15329/z           (u)     in_1->z R     unmapped_or2           1   3.6     0    17     207    (-,-) 
  g15609/z           (u)     in_0->z R     unmapped_complex2      4  14.4     0    24     232    (-,-) 
  g15616/z           (u)     in_1->z F     unmapped_complex2      1   3.2     0    17     248    (-,-) 
  g12553/z           (u)     in_1->z F     unmapped_or2           1   3.2     0    17     265    (-,-) 
  g15269/z           (u)     in_0->z R     unmapped_nand2        37 133.2     0    56     320    (-,-) 
  g15630/z           (u)     in_0->z R     unmapped_complex2      1   3.6     0    17     337    (-,-) 
  g15205/z           (u)     in_1->z F     unmapped_nand2         8  25.6     0    35     372    (-,-) 
  g15170/z           (u)     in_1->z F     unmapped_or2           6  19.2     0    30     402    (-,-) 
  g15647/z           (u)     in_0->z F     unmapped_complex2      1   3.2     0    17     419    (-,-) 
  g15122/z           (u)     in_1->z R     unmapped_nand2         1   3.6     0    17     435    (-,-) 
  g15655/z           (u)     in_0->z R     unmapped_complex2      1   3.6     0    17     452    (-,-) 
  g15661/z           (u)     in_1->z F     unmapped_complex2      1   3.2     0    17     469    (-,-) 
  g15075/z           (u)     in_1->z R     unmapped_nand2         1   3.6     0    17     485    (-,-) 
  g15056/z           (u)     in_0->z R     unmapped_complex2      3  10.8     0    22     507    (-,-) 
  g15677/z           (u)     in_0->z R     unmapped_complex2      4  14.4     0    24     531    (-,-) 
  g15046/z           (u)     in_0->z F     unmapped_nand2         3   9.6     0    22     553    (-,-) 
  g15016/z           (u)     in_0->z F     unmapped_or2           4  12.8     0    24     577    (-,-) 
  g15010/z           (u)     in_0->z R     unmapped_nand2         1   3.6     0    17     594    (-,-) 
  g15002/z           (u)     in_0->z R     unmapped_complex2      1   3.6     0    17     611    (-,-) 
  g14998/z           (u)     in_1->z F     unmapped_nand2         3   9.6     0    22     632    (-,-) 
  g10004/z           (u)     in_1->z F     unmapped_or2           1   3.2     0    17     649    (-,-) 
  g14994/z           (u)     in_0->z R     unmapped_nand2         3  10.8     0    22     670    (-,-) 
  g14988/z           (u)     in_0->z F     unmapped_complex2      1   3.2     0    17     687    (-,-) 
  g14987/z           (u)     in_0->z R     unmapped_nand2         2   7.2     0    19     706    (-,-) 
  g14983/z           (u)     in_0->z F     unmapped_nand2         1   3.2     0    17     723    (-,-) 
  g14974/z           (u)     in_0->z R     unmapped_nand2         2   7.2     0    19     742    (-,-) 
  g14971/z           (u)     in_0->z F     unmapped_nand2         1   3.2     0    17     758    (-,-) 
  g10164/z           (u)     in_1->z R     unmapped_nand2         3  10.8     0    22     780    (-,-) 
  g10258/z           (u)     in_1->z F     unmapped_nand2         1   3.2     0    17     797    (-,-) 
  g14949/z           (u)     in_0->z R     unmapped_nand2         2   7.2     0    19     816    (-,-) 
  g14943/z           (u)     in_1->z R     unmapped_or2          10  36.0     0    38     853    (-,-) 
  g14939/z           (u)     in_1->z F     unmapped_nand2        13  41.6     0    41     894    (-,-) 
  g14908/z           (u)     in_0->z F     unmapped_complex2      1   3.2     0    17     911    (-,-) 
  g14905/z           (u)     in_0->z R     unmapped_nand2         1   3.6     0    17     927    (-,-) 
  g14891/z           (u)     in_0->z F     unmapped_complex2      1   3.2     0    17     944    (-,-) 
  g14869/z           (u)     in_1->z R     unmapped_nand2         1   3.6     0    17     961    (-,-) 
  g15718/z           (u)     in_0->z R     unmapped_complex2     12  43.2     0    40    1000    (-,-) 
  g15723/z           (u)     in_1->z R     unmapped_complex2      1   3.6     0    17    1017    (-,-) 
  g15733/z           (u)     in_1->z F     unmapped_complex2      1   3.2     0    17    1034    (-,-) 
  g14816/z           (u)     in_1->z R     unmapped_complex2      1   3.6     0    17    1050    (-,-) 
  g14765/z           (u)     in_0->z F     unmapped_complex2      1   3.2     0    17    1067    (-,-) 
  g15760/z           (u)     in_0->z R     unmapped_complex2      1   3.6     0    17    1084    (-,-) 
  g15775/z           (u)     in_1->z F     unmapped_complex2      5  16.0     0    28    1111    (-,-) 
  g14652/z           (u)     in_1->z R     unmapped_nand2         2   7.2     0    19    1130    (-,-) 
  g14636/z           (u)     in_0->z F     unmapped_nand2         1   3.2     0    17    1147    (-,-) 
  g14612/z           (u)     in_0->z R     unmapped_nand2         2   7.2     0    19    1166    (-,-) 
  g14607/z           (u)     in_0->z R     unmapped_complex2      2   7.2     0    19    1185    (-,-) 
  g14600/z           (u)     in_0->z F     unmapped_nand2         5  16.0     0    28    1213    (-,-) 
  g14592/z           (u)     in_0->z F     unmapped_complex2      3   9.6     0    22    1234    (-,-) 
  g14585/z           (u)     in_1->z R     unmapped_nand2         1   3.6     0    17    1251    (-,-) 
  g15796/z           (u)     in_0->z F     unmapped_complex2      1   3.2     0    17    1267    (-,-) 
  g14567/z           (u)     in_1->z F     unmapped_complex2      5  16.0     0    28    1295    (-,-) 
  g15800/z           (u)     in_0->z F     unmapped_complex2      2   6.4     0    19    1314    (-,-) 
  g14559/z           (u)     in_0->z R     unmapped_nand2         1   3.6     0    17    1331    (-,-) 
  g14549/z           (u)     in_1->z F     unmapped_nand2         2   6.4     0    19    1350    (-,-) 
  g15806/z           (u)     in_0->z F     unmapped_complex2      1   3.2     0    17    1366    (-,-) 
  g14541/z           (u)     in_1->z R     unmapped_complex2      1   3.6     0    17    1383    (-,-) 
  g14539/z           (u)     in_0->z R     unmapped_complex2      1   0.3     0    14    1396    (-,-) 
  bf_out[13]         -       -       R     (port)                 -     -     -     0    1396    (-,-) 
#------------------------------------------------------------------------------------------------------

(u) : Net has unmapped pin(s).



Path 2: MET (118 ps) Late External Delay Assertion at pin bf_out[14]
           View: view_1p2_25
          Group: clock1
     Startpoint: (R) bf2_in_reg[12]/clk
          Clock: (R) clock1
       Endpoint: (R) bf_out[14]
          Clock: (R) clock1

                     Capture       Launch     
        Clock Edge:+    1515            0     
       Src Latency:+       0            0     
       Net Latency:+       0 (I)        0 (I) 
           Arrival:=    1515            0     
                                              
      Output Delay:-       1                  
       Uncertainty:-       0                  
     Required Time:=    1514                  
      Launch Clock:-       0                  
         Data Path:-    1396                  
             Slack:=     118                  

Exceptions/Constraints:
  output_delay              1              add_bf16_1C.sdc_line_21_34_1   

Launch clock path:
#-------------------------------------------------------------------------------------------------
#   Timing Point     Flags   Arc   Edge      Cell        Fanout Load Trans Delay Arrival Instance 
#                                                               (fF)  (ps)  (ps)   (ps)  Location 
#-------------------------------------------------------------------------------------------------
  clk                (i,u)   -     R     (arrival)           33  0.0     0     0       0    (-,-) 
  bf2_in_reg[12]/clk <<<     -     R     unmapped_d_flop     33    -     1     0       0    (-,-) 
#-------------------------------------------------------------------------------------------------

#------------------------------------------------------------------------------------------------------
#   Timing Point     Flags    Arc    Edge       Cell         Fanout  Load Trans Delay Arrival Instance 
#                                                                    (fF)  (ps)  (ps)   (ps)  Location 
#------------------------------------------------------------------------------------------------------
  bf2_in_reg[12]/clk -       -       R     (arrival)             33     -     1     0       0    (-,-) 
  bf2_in_reg[12]/q   (u)     clk->q  F     unmapped_d_flop        7  22.4     0   127     127    (-,-) 
  g15541/z           (u)     in_1->z F     unmapped_or2           1   3.2     0    17     144    (-,-) 
  g15542/z           (u)     in_1->z R     unmapped_nand2         6  21.6     0    30     174    (-,-) 
  g15522/z           (u)     in_1->z F     unmapped_nand2         1   3.2     0    17     191    (-,-) 
  g15329/z           (u)     in_1->z F     unmapped_or2           1   3.2     0    17     207    (-,-) 
  g15609/z           (u)     in_0->z F     unmapped_complex2      4  12.8     0    24     232    (-,-) 
  g15616/z           (u)     in_1->z R     unmapped_complex2      1   3.6     0    17     248    (-,-) 
  g12553/z           (u)     in_1->z R     unmapped_or2           1   3.6     0    17     265    (-,-) 
  g15269/z           (u)     in_0->z F     unmapped_nand2        37 118.4     0    56     320    (-,-) 
  g15630/z           (u)     in_0->z F     unmapped_complex2      1   3.2     0    17     337    (-,-) 
  g15205/z           (u)     in_1->z R     unmapped_nand2         8  28.8     0    35     372    (-,-) 
  g15170/z           (u)     in_1->z R     unmapped_or2           6  21.6     0    30     402    (-,-) 
  g15647/z           (u)     in_0->z R     unmapped_complex2      1   3.6     0    17     419    (-,-) 
  g15122/z           (u)     in_1->z F     unmapped_nand2         1   3.2     0    17     435    (-,-) 
  g15655/z           (u)     in_0->z F     unmapped_complex2      1   3.2     0    17     452    (-,-) 
  g15661/z           (u)     in_1->z R     unmapped_complex2      1   3.6     0    17     469    (-,-) 
  g15075/z           (u)     in_1->z F     unmapped_nand2         1   3.2     0    17     485    (-,-) 
  g15056/z           (u)     in_0->z F     unmapped_complex2      3   9.6     0    22     507    (-,-) 
  g15677/z           (u)     in_0->z F     unmapped_complex2      4  12.8     0    24     531    (-,-) 
  g15046/z           (u)     in_0->z R     unmapped_nand2         3  10.8     0    22     553    (-,-) 
  g15016/z           (u)     in_0->z R     unmapped_or2           4  14.4     0    24     577    (-,-) 
  g15010/z           (u)     in_0->z F     unmapped_nand2         1   3.2     0    17     594    (-,-) 
  g15002/z           (u)     in_0->z F     unmapped_complex2      1   3.2     0    17     611    (-,-) 
  g14998/z           (u)     in_1->z R     unmapped_nand2         3  10.8     0    22     632    (-,-) 
  g10004/z           (u)     in_1->z R     unmapped_or2           1   3.6     0    17     649    (-,-) 
  g14994/z           (u)     in_0->z F     unmapped_nand2         3   9.6     0    22     670    (-,-) 
  g14988/z           (u)     in_0->z R     unmapped_complex2      1   3.6     0    17     687    (-,-) 
  g14987/z           (u)     in_0->z F     unmapped_nand2         2   6.4     0    19     706    (-,-) 
  g14983/z           (u)     in_0->z R     unmapped_nand2         1   3.6     0    17     723    (-,-) 
  g14974/z           (u)     in_0->z F     unmapped_nand2         2   6.4     0    19     742    (-,-) 
  g14971/z           (u)     in_0->z R     unmapped_nand2         1   3.6     0    17     758    (-,-) 
  g10164/z           (u)     in_1->z F     unmapped_nand2         3   9.6     0    22     780    (-,-) 
  g10258/z           (u)     in_1->z R     unmapped_nand2         1   3.6     0    17     797    (-,-) 
  g14949/z           (u)     in_0->z F     unmapped_nand2         2   6.4     0    19     816    (-,-) 
  g14943/z           (u)     in_1->z F     unmapped_or2          10  32.0     0    38     853    (-,-) 
  g14939/z           (u)     in_1->z R     unmapped_nand2        13  46.8     0    41     894    (-,-) 
  g14908/z           (u)     in_0->z R     unmapped_complex2      1   3.6     0    17     911    (-,-) 
  g14905/z           (u)     in_0->z F     unmapped_nand2         1   3.2     0    17     927    (-,-) 
  g14891/z           (u)     in_0->z R     unmapped_complex2      1   3.6     0    17     944    (-,-) 
  g14869/z           (u)     in_1->z F     unmapped_nand2         1   3.2     0    17     961    (-,-) 
  g15718/z           (u)     in_0->z F     unmapped_complex2     12  38.4     0    40    1000    (-,-) 
  g15723/z           (u)     in_1->z F     unmapped_complex2      1   3.2     0    17    1017    (-,-) 
  g15733/z           (u)     in_1->z R     unmapped_complex2      1   3.6     0    17    1034    (-,-) 
  g14816/z           (u)     in_1->z F     unmapped_complex2      1   3.2     0    17    1050    (-,-) 
  g14765/z           (u)     in_0->z R     unmapped_complex2      1   3.6     0    17    1067    (-,-) 
  g15760/z           (u)     in_0->z F     unmapped_complex2      1   3.2     0    17    1084    (-,-) 
  g15775/z           (u)     in_1->z R     unmapped_complex2      5  18.0     0    28    1111    (-,-) 
  g14652/z           (u)     in_1->z F     unmapped_nand2         2   6.4     0    19    1130    (-,-) 
  g14636/z           (u)     in_0->z R     unmapped_nand2         1   3.6     0    17    1147    (-,-) 
  g14612/z           (u)     in_0->z F     unmapped_nand2         2   6.4     0    19    1166    (-,-) 
  g14607/z           (u)     in_0->z F     unmapped_complex2      2   6.4     0    19    1185    (-,-) 
  g14600/z           (u)     in_0->z R     unmapped_nand2         5  18.0     0    28    1213    (-,-) 
  g14592/z           (u)     in_0->z R     unmapped_complex2      3  10.8     0    22    1234    (-,-) 
  g14585/z           (u)     in_1->z F     unmapped_nand2         1   3.2     0    17    1251    (-,-) 
  g15796/z           (u)     in_0->z R     unmapped_complex2      1   3.6     0    17    1267    (-,-) 
  g14567/z           (u)     in_1->z R     unmapped_complex2      5  18.0     0    28    1295    (-,-) 
  g15800/z           (u)     in_0->z R     unmapped_complex2      2   7.2     0    19    1314    (-,-) 
  g14555/z           (u)     in_1->z F     unmapped_complex2      1   3.2     0    17    1331    (-,-) 
  g14550/z           (u)     in_0->z R     unmapped_nand2         2   7.2     0    19    1350    (-,-) 
  g14545/z           (u)     in_0->z F     unmapped_complex2      1   3.2     0    17    1366    (-,-) 
  g15808/z           (u)     in_0->z R     unmapped_complex2      1   3.6     0    17    1383    (-,-) 
  g15810/z           (u)     in_1->z R     unmapped_complex2      1   0.3     0    14    1396    (-,-) 
  bf_out[14]         -       -       R     (port)                 -     -     -     0    1396    (-,-) 
#------------------------------------------------------------------------------------------------------

(u) : Net has unmapped pin(s).



Path 3: MET (140 ps) Late External Delay Assertion at pin bf_out[11]
           View: view_1p2_25
          Group: clock1
     Startpoint: (R) bf2_in_reg[12]/clk
          Clock: (R) clock1
       Endpoint: (R) bf_out[11]
          Clock: (R) clock1

                     Capture       Launch     
        Clock Edge:+    1515            0     
       Src Latency:+       0            0     
       Net Latency:+       0 (I)        0 (I) 
           Arrival:=    1515            0     
                                              
      Output Delay:-       1                  
       Uncertainty:-       0                  
     Required Time:=    1514                  
      Launch Clock:-       0                  
         Data Path:-    1374                  
             Slack:=     140                  

Exceptions/Constraints:
  output_delay              1              add_bf16_1C.sdc_line_21_37_1   

Launch clock path:
#-------------------------------------------------------------------------------------------------
#   Timing Point     Flags   Arc   Edge      Cell        Fanout Load Trans Delay Arrival Instance 
#                                                               (fF)  (ps)  (ps)   (ps)  Location 
#-------------------------------------------------------------------------------------------------
  clk                (i,u)   -     R     (arrival)           33  0.0     0     0       0    (-,-) 
  bf2_in_reg[12]/clk <<<     -     R     unmapped_d_flop     33    -     1     0       0    (-,-) 
#-------------------------------------------------------------------------------------------------

#------------------------------------------------------------------------------------------------------
#   Timing Point     Flags    Arc    Edge       Cell         Fanout  Load Trans Delay Arrival Instance 
#                                                                    (fF)  (ps)  (ps)   (ps)  Location 
#------------------------------------------------------------------------------------------------------
  bf2_in_reg[12]/clk -       -       R     (arrival)             33     -     1     0       0    (-,-) 
  bf2_in_reg[12]/q   (u)     clk->q  R     unmapped_d_flop        7  25.2     0   127     127    (-,-) 
  g15541/z           (u)     in_1->z R     unmapped_or2           1   3.6     0    17     144    (-,-) 
  g15542/z           (u)     in_1->z F     unmapped_nand2         6  19.2     0    30     174    (-,-) 
  g15522/z           (u)     in_1->z R     unmapped_nand2         1   3.6     0    17     191    (-,-) 
  g15329/z           (u)     in_1->z R     unmapped_or2           1   3.6     0    17     207    (-,-) 
  g15609/z           (u)     in_0->z R     unmapped_complex2      4  14.4     0    24     232    (-,-) 
  g15616/z           (u)     in_1->z F     unmapped_complex2      1   3.2     0    17     248    (-,-) 
  g12553/z           (u)     in_1->z F     unmapped_or2           1   3.2     0    17     265    (-,-) 
  g15269/z           (u)     in_0->z R     unmapped_nand2        37 133.2     0    56     320    (-,-) 
  g15630/z           (u)     in_0->z R     unmapped_complex2      1   3.6     0    17     337    (-,-) 
  g15205/z           (u)     in_1->z F     unmapped_nand2         8  25.6     0    35     372    (-,-) 
  g15170/z           (u)     in_1->z F     unmapped_or2           6  19.2     0    30     402    (-,-) 
  g15647/z           (u)     in_0->z F     unmapped_complex2      1   3.2     0    17     419    (-,-) 
  g15122/z           (u)     in_1->z R     unmapped_nand2         1   3.6     0    17     435    (-,-) 
  g15655/z           (u)     in_0->z R     unmapped_complex2      1   3.6     0    17     452    (-,-) 
  g15661/z           (u)     in_1->z F     unmapped_complex2      1   3.2     0    17     469    (-,-) 
  g15075/z           (u)     in_1->z R     unmapped_nand2         1   3.6     0    17     485    (-,-) 
  g15056/z           (u)     in_0->z R     unmapped_complex2      3  10.8     0    22     507    (-,-) 
  g15677/z           (u)     in_0->z R     unmapped_complex2      4  14.4     0    24     531    (-,-) 
  g15046/z           (u)     in_0->z F     unmapped_nand2         3   9.6     0    22     553    (-,-) 
  g15016/z           (u)     in_0->z F     unmapped_or2           4  12.8     0    24     577    (-,-) 
  g15010/z           (u)     in_0->z R     unmapped_nand2         1   3.6     0    17     594    (-,-) 
  g15002/z           (u)     in_0->z R     unmapped_complex2      1   3.6     0    17     611    (-,-) 
  g14998/z           (u)     in_1->z F     unmapped_nand2         3   9.6     0    22     632    (-,-) 
  g10004/z           (u)     in_1->z F     unmapped_or2           1   3.2     0    17     649    (-,-) 
  g14994/z           (u)     in_0->z R     unmapped_nand2         3  10.8     0    22     670    (-,-) 
  g14988/z           (u)     in_0->z F     unmapped_complex2      1   3.2     0    17     687    (-,-) 
  g14987/z           (u)     in_0->z R     unmapped_nand2         2   7.2     0    19     706    (-,-) 
  g14983/z           (u)     in_0->z F     unmapped_nand2         1   3.2     0    17     723    (-,-) 
  g14974/z           (u)     in_0->z R     unmapped_nand2         2   7.2     0    19     742    (-,-) 
  g14971/z           (u)     in_0->z F     unmapped_nand2         1   3.2     0    17     758    (-,-) 
  g10164/z           (u)     in_1->z R     unmapped_nand2         3  10.8     0    22     780    (-,-) 
  g10258/z           (u)     in_1->z F     unmapped_nand2         1   3.2     0    17     797    (-,-) 
  g14949/z           (u)     in_0->z R     unmapped_nand2         2   7.2     0    19     816    (-,-) 
  g14943/z           (u)     in_1->z R     unmapped_or2          10  36.0     0    38     853    (-,-) 
  g14939/z           (u)     in_1->z F     unmapped_nand2        13  41.6     0    41     894    (-,-) 
  g14908/z           (u)     in_0->z F     unmapped_complex2      1   3.2     0    17     911    (-,-) 
  g14905/z           (u)     in_0->z R     unmapped_nand2         1   3.6     0    17     927    (-,-) 
  g14891/z           (u)     in_0->z F     unmapped_complex2      1   3.2     0    17     944    (-,-) 
  g14869/z           (u)     in_1->z R     unmapped_nand2         1   3.6     0    17     961    (-,-) 
  g15718/z           (u)     in_0->z R     unmapped_complex2     12  43.2     0    40    1000    (-,-) 
  g15723/z           (u)     in_1->z R     unmapped_complex2      1   3.6     0    17    1017    (-,-) 
  g15733/z           (u)     in_1->z F     unmapped_complex2      1   3.2     0    17    1034    (-,-) 
  g14816/z           (u)     in_1->z R     unmapped_complex2      1   3.6     0    17    1050    (-,-) 
  g14765/z           (u)     in_0->z F     unmapped_complex2      1   3.2     0    17    1067    (-,-) 
  g15760/z           (u)     in_0->z R     unmapped_complex2      1   3.6     0    17    1084    (-,-) 
  g15775/z           (u)     in_1->z F     unmapped_complex2      5  16.0     0    28    1111    (-,-) 
  g14652/z           (u)     in_1->z R     unmapped_nand2         2   7.2     0    19    1130    (-,-) 
  g14636/z           (u)     in_0->z F     unmapped_nand2         1   3.2     0    17    1147    (-,-) 
  g14612/z           (u)     in_0->z R     unmapped_nand2         2   7.2     0    19    1166    (-,-) 
  g14607/z           (u)     in_0->z R     unmapped_complex2      2   7.2     0    19    1185    (-,-) 
  g14600/z           (u)     in_0->z F     unmapped_nand2         5  16.0     0    28    1213    (-,-) 
  g14592/z           (u)     in_0->z F     unmapped_complex2      3   9.6     0    22    1234    (-,-) 
  g14579/z           (u)     in_0->z R     unmapped_complex2      2   7.2     0    19    1253    (-,-) 
  g14573/z           (u)     in_0->z F     unmapped_complex2      1   3.2     0    17    1270    (-,-) 
  g14568/z           (u)     in_0->z R     unmapped_complex2      3  10.8     0    22    1292    (-,-) 
  g15799/z           (u)     in_0->z F     unmapped_complex2      1   3.2     0    17    1308    (-,-) 
  g14556/z           (u)     in_0->z R     unmapped_nand2         2   7.2     0    19    1327    (-,-) 
  g15805/z           (u)     in_0->z F     unmapped_complex2      1   3.2     0    17    1344    (-,-) 
  g14544/z           (u)     in_1->z R     unmapped_complex2      1   3.6     0    17    1360    (-,-) 
  g15809/z           (u)     in_0->z R     unmapped_complex2      1   0.3     0    14    1374    (-,-) 
  bf_out[11]         -       -       R     (port)                 -     -     -     0    1374    (-,-) 
#------------------------------------------------------------------------------------------------------

(u) : Net has unmapped pin(s).



Path 4: MET (172 ps) Late External Delay Assertion at pin bf_out[12]
           View: view_1p2_25
          Group: clock1
     Startpoint: (R) bf2_in_reg[12]/clk
          Clock: (R) clock1
       Endpoint: (R) bf_out[12]
          Clock: (R) clock1

                     Capture       Launch     
        Clock Edge:+    1515            0     
       Src Latency:+       0            0     
       Net Latency:+       0 (I)        0 (I) 
           Arrival:=    1515            0     
                                              
      Output Delay:-       1                  
       Uncertainty:-       0                  
     Required Time:=    1514                  
      Launch Clock:-       0                  
         Data Path:-    1342                  
             Slack:=     172                  

Exceptions/Constraints:
  output_delay              1              add_bf16_1C.sdc_line_21_36_1   

Launch clock path:
#-------------------------------------------------------------------------------------------------
#   Timing Point     Flags   Arc   Edge      Cell        Fanout Load Trans Delay Arrival Instance 
#                                                               (fF)  (ps)  (ps)   (ps)  Location 
#-------------------------------------------------------------------------------------------------
  clk                (i,u)   -     R     (arrival)           33  0.0     0     0       0    (-,-) 
  bf2_in_reg[12]/clk <<<     -     R     unmapped_d_flop     33    -     1     0       0    (-,-) 
#-------------------------------------------------------------------------------------------------

#------------------------------------------------------------------------------------------------------
#   Timing Point     Flags    Arc    Edge       Cell         Fanout  Load Trans Delay Arrival Instance 
#                                                                    (fF)  (ps)  (ps)   (ps)  Location 
#------------------------------------------------------------------------------------------------------
  bf2_in_reg[12]/clk -       -       R     (arrival)             33     -     1     0       0    (-,-) 
  bf2_in_reg[12]/q   (u)     clk->q  R     unmapped_d_flop        7  25.2     0   127     127    (-,-) 
  g15541/z           (u)     in_1->z R     unmapped_or2           1   3.6     0    17     144    (-,-) 
  g15542/z           (u)     in_1->z F     unmapped_nand2         6  19.2     0    30     174    (-,-) 
  g15522/z           (u)     in_1->z R     unmapped_nand2         1   3.6     0    17     191    (-,-) 
  g15329/z           (u)     in_1->z R     unmapped_or2           1   3.6     0    17     207    (-,-) 
  g15609/z           (u)     in_0->z R     unmapped_complex2      4  14.4     0    24     232    (-,-) 
  g15616/z           (u)     in_1->z F     unmapped_complex2      1   3.2     0    17     248    (-,-) 
  g12553/z           (u)     in_1->z F     unmapped_or2           1   3.2     0    17     265    (-,-) 
  g15269/z           (u)     in_0->z R     unmapped_nand2        37 133.2     0    56     320    (-,-) 
  g15630/z           (u)     in_0->z R     unmapped_complex2      1   3.6     0    17     337    (-,-) 
  g15205/z           (u)     in_1->z F     unmapped_nand2         8  25.6     0    35     372    (-,-) 
  g15170/z           (u)     in_1->z F     unmapped_or2           6  19.2     0    30     402    (-,-) 
  g15647/z           (u)     in_0->z F     unmapped_complex2      1   3.2     0    17     419    (-,-) 
  g15122/z           (u)     in_1->z R     unmapped_nand2         1   3.6     0    17     435    (-,-) 
  g15655/z           (u)     in_0->z R     unmapped_complex2      1   3.6     0    17     452    (-,-) 
  g15661/z           (u)     in_1->z F     unmapped_complex2      1   3.2     0    17     469    (-,-) 
  g15075/z           (u)     in_1->z R     unmapped_nand2         1   3.6     0    17     485    (-,-) 
  g15056/z           (u)     in_0->z R     unmapped_complex2      3  10.8     0    22     507    (-,-) 
  g15677/z           (u)     in_0->z R     unmapped_complex2      4  14.4     0    24     531    (-,-) 
  g15046/z           (u)     in_0->z F     unmapped_nand2         3   9.6     0    22     553    (-,-) 
  g15016/z           (u)     in_0->z F     unmapped_or2           4  12.8     0    24     577    (-,-) 
  g15010/z           (u)     in_0->z R     unmapped_nand2         1   3.6     0    17     594    (-,-) 
  g15002/z           (u)     in_0->z R     unmapped_complex2      1   3.6     0    17     611    (-,-) 
  g14998/z           (u)     in_1->z F     unmapped_nand2         3   9.6     0    22     632    (-,-) 
  g10004/z           (u)     in_1->z F     unmapped_or2           1   3.2     0    17     649    (-,-) 
  g14994/z           (u)     in_0->z R     unmapped_nand2         3  10.8     0    22     670    (-,-) 
  g14988/z           (u)     in_0->z F     unmapped_complex2      1   3.2     0    17     687    (-,-) 
  g14987/z           (u)     in_0->z R     unmapped_nand2         2   7.2     0    19     706    (-,-) 
  g14983/z           (u)     in_0->z F     unmapped_nand2         1   3.2     0    17     723    (-,-) 
  g14974/z           (u)     in_0->z R     unmapped_nand2         2   7.2     0    19     742    (-,-) 
  g14971/z           (u)     in_0->z F     unmapped_nand2         1   3.2     0    17     758    (-,-) 
  g10164/z           (u)     in_1->z R     unmapped_nand2         3  10.8     0    22     780    (-,-) 
  g10258/z           (u)     in_1->z F     unmapped_nand2         1   3.2     0    17     797    (-,-) 
  g14949/z           (u)     in_0->z R     unmapped_nand2         2   7.2     0    19     816    (-,-) 
  g14943/z           (u)     in_1->z R     unmapped_or2          10  36.0     0    38     853    (-,-) 
  g14939/z           (u)     in_1->z F     unmapped_nand2        13  41.6     0    41     894    (-,-) 
  g14908/z           (u)     in_0->z F     unmapped_complex2      1   3.2     0    17     911    (-,-) 
  g14905/z           (u)     in_0->z R     unmapped_nand2         1   3.6     0    17     927    (-,-) 
  g14891/z           (u)     in_0->z F     unmapped_complex2      1   3.2     0    17     944    (-,-) 
  g14869/z           (u)     in_1->z R     unmapped_nand2         1   3.6     0    17     961    (-,-) 
  g15718/z           (u)     in_0->z R     unmapped_complex2     12  43.2     0    40    1000    (-,-) 
  g15723/z           (u)     in_1->z R     unmapped_complex2      1   3.6     0    17    1017    (-,-) 
  g15733/z           (u)     in_1->z F     unmapped_complex2      1   3.2     0    17    1034    (-,-) 
  g14816/z           (u)     in_1->z R     unmapped_complex2      1   3.6     0    17    1050    (-,-) 
  g14765/z           (u)     in_0->z F     unmapped_complex2      1   3.2     0    17    1067    (-,-) 
  g15760/z           (u)     in_0->z R     unmapped_complex2      1   3.6     0    17    1084    (-,-) 
  g15775/z           (u)     in_1->z F     unmapped_complex2      5  16.0     0    28    1111    (-,-) 
  g14652/z           (u)     in_1->z R     unmapped_nand2         2   7.2     0    19    1130    (-,-) 
  g14636/z           (u)     in_0->z F     unmapped_nand2         1   3.2     0    17    1147    (-,-) 
  g14612/z           (u)     in_0->z R     unmapped_nand2         2   7.2     0    19    1166    (-,-) 
  g14607/z           (u)     in_0->z R     unmapped_complex2      2   7.2     0    19    1185    (-,-) 
  g14600/z           (u)     in_0->z F     unmapped_nand2         5  16.0     0    28    1213    (-,-) 
  g14592/z           (u)     in_0->z F     unmapped_complex2      3   9.6     0    22    1234    (-,-) 
  g14585/z           (u)     in_1->z R     unmapped_nand2         1   3.6     0    17    1251    (-,-) 
  g15796/z           (u)     in_0->z F     unmapped_complex2      1   3.2     0    17    1267    (-,-) 
  g14567/z           (u)     in_1->z F     unmapped_complex2      5  16.0     0    28    1295    (-,-) 
  g14566/z           (u)     in_1->z F     unmapped_or2           1   3.2     0    17    1312    (-,-) 
  g15801/z           (u)     in_0->z R     unmapped_complex2      1   3.6     0    17    1328    (-,-) 
  g14548/z           (u)     in_1->z R     unmapped_complex2      1   0.3     0    14    1342    (-,-) 
  bf_out[12]         -       -       R     (port)                 -     -     -     0    1342    (-,-) 
#------------------------------------------------------------------------------------------------------

(u) : Net has unmapped pin(s).



Path 5: MET (176 ps) Late External Delay Assertion at pin bf_out[10]
           View: view_1p2_25
          Group: clock1
     Startpoint: (R) bf2_in_reg[12]/clk
          Clock: (R) clock1
       Endpoint: (R) bf_out[10]
          Clock: (R) clock1

                     Capture       Launch     
        Clock Edge:+    1515            0     
       Src Latency:+       0            0     
       Net Latency:+       0 (I)        0 (I) 
           Arrival:=    1515            0     
                                              
      Output Delay:-       1                  
       Uncertainty:-       0                  
     Required Time:=    1514                  
      Launch Clock:-       0                  
         Data Path:-    1338                  
             Slack:=     176                  

Exceptions/Constraints:
  output_delay              1              add_bf16_1C.sdc_line_21_38_1   

Launch clock path:
#-------------------------------------------------------------------------------------------------
#   Timing Point     Flags   Arc   Edge      Cell        Fanout Load Trans Delay Arrival Instance 
#                                                               (fF)  (ps)  (ps)   (ps)  Location 
#-------------------------------------------------------------------------------------------------
  clk                (i,u)   -     R     (arrival)           33  0.0     0     0       0    (-,-) 
  bf2_in_reg[12]/clk <<<     -     R     unmapped_d_flop     33    -     1     0       0    (-,-) 
#-------------------------------------------------------------------------------------------------

#------------------------------------------------------------------------------------------------------
#   Timing Point     Flags    Arc    Edge       Cell         Fanout  Load Trans Delay Arrival Instance 
#                                                                    (fF)  (ps)  (ps)   (ps)  Location 
#------------------------------------------------------------------------------------------------------
  bf2_in_reg[12]/clk -       -       R     (arrival)             33     -     1     0       0    (-,-) 
  bf2_in_reg[12]/q   (u)     clk->q  F     unmapped_d_flop        7  22.4     0   127     127    (-,-) 
  g15541/z           (u)     in_1->z F     unmapped_or2           1   3.2     0    17     144    (-,-) 
  g15542/z           (u)     in_1->z R     unmapped_nand2         6  21.6     0    30     174    (-,-) 
  g15522/z           (u)     in_1->z F     unmapped_nand2         1   3.2     0    17     191    (-,-) 
  g15329/z           (u)     in_1->z F     unmapped_or2           1   3.2     0    17     207    (-,-) 
  g15609/z           (u)     in_0->z F     unmapped_complex2      4  12.8     0    24     232    (-,-) 
  g15616/z           (u)     in_1->z R     unmapped_complex2      1   3.6     0    17     248    (-,-) 
  g12553/z           (u)     in_1->z R     unmapped_or2           1   3.6     0    17     265    (-,-) 
  g15269/z           (u)     in_0->z F     unmapped_nand2        37 118.4     0    56     320    (-,-) 
  g15630/z           (u)     in_0->z F     unmapped_complex2      1   3.2     0    17     337    (-,-) 
  g15205/z           (u)     in_1->z R     unmapped_nand2         8  28.8     0    35     372    (-,-) 
  g15170/z           (u)     in_1->z R     unmapped_or2           6  21.6     0    30     402    (-,-) 
  g15647/z           (u)     in_0->z R     unmapped_complex2      1   3.6     0    17     419    (-,-) 
  g15122/z           (u)     in_1->z F     unmapped_nand2         1   3.2     0    17     435    (-,-) 
  g15655/z           (u)     in_0->z F     unmapped_complex2      1   3.2     0    17     452    (-,-) 
  g15661/z           (u)     in_1->z R     unmapped_complex2      1   3.6     0    17     469    (-,-) 
  g15075/z           (u)     in_1->z F     unmapped_nand2         1   3.2     0    17     485    (-,-) 
  g15056/z           (u)     in_0->z F     unmapped_complex2      3   9.6     0    22     507    (-,-) 
  g15677/z           (u)     in_0->z F     unmapped_complex2      4  12.8     0    24     531    (-,-) 
  g15046/z           (u)     in_0->z R     unmapped_nand2         3  10.8     0    22     553    (-,-) 
  g15016/z           (u)     in_0->z R     unmapped_or2           4  14.4     0    24     577    (-,-) 
  g15010/z           (u)     in_0->z F     unmapped_nand2         1   3.2     0    17     594    (-,-) 
  g15002/z           (u)     in_0->z F     unmapped_complex2      1   3.2     0    17     611    (-,-) 
  g14998/z           (u)     in_1->z R     unmapped_nand2         3  10.8     0    22     632    (-,-) 
  g10004/z           (u)     in_1->z R     unmapped_or2           1   3.6     0    17     649    (-,-) 
  g14994/z           (u)     in_0->z F     unmapped_nand2         3   9.6     0    22     670    (-,-) 
  g14988/z           (u)     in_0->z R     unmapped_complex2      1   3.6     0    17     687    (-,-) 
  g14987/z           (u)     in_0->z F     unmapped_nand2         2   6.4     0    19     706    (-,-) 
  g14983/z           (u)     in_0->z R     unmapped_nand2         1   3.6     0    17     723    (-,-) 
  g14974/z           (u)     in_0->z F     unmapped_nand2         2   6.4     0    19     742    (-,-) 
  g14971/z           (u)     in_0->z R     unmapped_nand2         1   3.6     0    17     758    (-,-) 
  g10164/z           (u)     in_1->z F     unmapped_nand2         3   9.6     0    22     780    (-,-) 
  g10258/z           (u)     in_1->z R     unmapped_nand2         1   3.6     0    17     797    (-,-) 
  g14949/z           (u)     in_0->z F     unmapped_nand2         2   6.4     0    19     816    (-,-) 
  g14943/z           (u)     in_1->z F     unmapped_or2          10  32.0     0    38     853    (-,-) 
  g14939/z           (u)     in_1->z R     unmapped_nand2        13  46.8     0    41     894    (-,-) 
  g14908/z           (u)     in_0->z R     unmapped_complex2      1   3.6     0    17     911    (-,-) 
  g14905/z           (u)     in_0->z F     unmapped_nand2         1   3.2     0    17     927    (-,-) 
  g14891/z           (u)     in_0->z R     unmapped_complex2      1   3.6     0    17     944    (-,-) 
  g14869/z           (u)     in_1->z F     unmapped_nand2         1   3.2     0    17     961    (-,-) 
  g15718/z           (u)     in_0->z F     unmapped_complex2     12  38.4     0    40    1000    (-,-) 
  g15723/z           (u)     in_1->z F     unmapped_complex2      1   3.2     0    17    1017    (-,-) 
  g15733/z           (u)     in_1->z R     unmapped_complex2      1   3.6     0    17    1034    (-,-) 
  g14816/z           (u)     in_1->z F     unmapped_complex2      1   3.2     0    17    1050    (-,-) 
  g14765/z           (u)     in_0->z R     unmapped_complex2      1   3.6     0    17    1067    (-,-) 
  g15760/z           (u)     in_0->z F     unmapped_complex2      1   3.2     0    17    1084    (-,-) 
  g15775/z           (u)     in_1->z R     unmapped_complex2      5  18.0     0    28    1111    (-,-) 
  g14652/z           (u)     in_1->z F     unmapped_nand2         2   6.4     0    19    1130    (-,-) 
  g14636/z           (u)     in_0->z R     unmapped_nand2         1   3.6     0    17    1147    (-,-) 
  g14612/z           (u)     in_0->z F     unmapped_nand2         2   6.4     0    19    1166    (-,-) 
  g14607/z           (u)     in_0->z F     unmapped_complex2      2   6.4     0    19    1185    (-,-) 
  g14600/z           (u)     in_0->z R     unmapped_nand2         5  18.0     0    28    1213    (-,-) 
  g14592/z           (u)     in_0->z R     unmapped_complex2      3  10.8     0    22    1234    (-,-) 
  g14579/z           (u)     in_0->z F     unmapped_complex2      2   6.4     0    19    1253    (-,-) 
  g14573/z           (u)     in_0->z R     unmapped_complex2      1   3.6     0    17    1270    (-,-) 
  g14568/z           (u)     in_0->z F     unmapped_complex2      3   9.6     0    22    1292    (-,-) 
  g14562/z           (u)     in_1->z F     unmapped_or2           1   3.2     0    17    1308    (-,-) 
  g15802/z           (u)     in_0->z R     unmapped_complex2      1   3.6     0    17    1325    (-,-) 
  g14551/z           (u)     in_1->z R     unmapped_complex2      1   0.3     0    14    1338    (-,-) 
  bf_out[10]         -       -       R     (port)                 -     -     -     0    1338    (-,-) 
#------------------------------------------------------------------------------------------------------

(u) : Net has unmapped pin(s).



Path 6: MET (195 ps) Late External Delay Assertion at pin bf_out[9]
           View: view_1p2_25
          Group: clock1
     Startpoint: (R) bf2_in_reg[12]/clk
          Clock: (R) clock1
       Endpoint: (R) bf_out[9]
          Clock: (R) clock1

                     Capture       Launch     
        Clock Edge:+    1515            0     
       Src Latency:+       0            0     
       Net Latency:+       0 (I)        0 (I) 
           Arrival:=    1515            0     
                                              
      Output Delay:-       1                  
       Uncertainty:-       0                  
     Required Time:=    1514                  
      Launch Clock:-       0                  
         Data Path:-    1319                  
             Slack:=     195                  

Exceptions/Constraints:
  output_delay              1              add_bf16_1C.sdc_line_21_39_1   

Launch clock path:
#-------------------------------------------------------------------------------------------------
#   Timing Point     Flags   Arc   Edge      Cell        Fanout Load Trans Delay Arrival Instance 
#                                                               (fF)  (ps)  (ps)   (ps)  Location 
#-------------------------------------------------------------------------------------------------
  clk                (i,u)   -     R     (arrival)           33  0.0     0     0       0    (-,-) 
  bf2_in_reg[12]/clk <<<     -     R     unmapped_d_flop     33    -     1     0       0    (-,-) 
#-------------------------------------------------------------------------------------------------

#------------------------------------------------------------------------------------------------------
#   Timing Point     Flags    Arc    Edge       Cell         Fanout  Load Trans Delay Arrival Instance 
#                                                                    (fF)  (ps)  (ps)   (ps)  Location 
#------------------------------------------------------------------------------------------------------
  bf2_in_reg[12]/clk -       -       R     (arrival)             33     -     1     0       0    (-,-) 
  bf2_in_reg[12]/q   (u)     clk->q  R     unmapped_d_flop        7  25.2     0   127     127    (-,-) 
  g15541/z           (u)     in_1->z R     unmapped_or2           1   3.6     0    17     144    (-,-) 
  g15542/z           (u)     in_1->z F     unmapped_nand2         6  19.2     0    30     174    (-,-) 
  g15522/z           (u)     in_1->z R     unmapped_nand2         1   3.6     0    17     191    (-,-) 
  g15329/z           (u)     in_1->z R     unmapped_or2           1   3.6     0    17     207    (-,-) 
  g15609/z           (u)     in_0->z R     unmapped_complex2      4  14.4     0    24     232    (-,-) 
  g15616/z           (u)     in_1->z F     unmapped_complex2      1   3.2     0    17     248    (-,-) 
  g12553/z           (u)     in_1->z F     unmapped_or2           1   3.2     0    17     265    (-,-) 
  g15269/z           (u)     in_0->z R     unmapped_nand2        37 133.2     0    56     320    (-,-) 
  g15630/z           (u)     in_0->z R     unmapped_complex2      1   3.6     0    17     337    (-,-) 
  g15205/z           (u)     in_1->z F     unmapped_nand2         8  25.6     0    35     372    (-,-) 
  g15170/z           (u)     in_1->z F     unmapped_or2           6  19.2     0    30     402    (-,-) 
  g15647/z           (u)     in_0->z F     unmapped_complex2      1   3.2     0    17     419    (-,-) 
  g15122/z           (u)     in_1->z R     unmapped_nand2         1   3.6     0    17     435    (-,-) 
  g15655/z           (u)     in_0->z R     unmapped_complex2      1   3.6     0    17     452    (-,-) 
  g15661/z           (u)     in_1->z F     unmapped_complex2      1   3.2     0    17     469    (-,-) 
  g15075/z           (u)     in_1->z R     unmapped_nand2         1   3.6     0    17     485    (-,-) 
  g15056/z           (u)     in_0->z R     unmapped_complex2      3  10.8     0    22     507    (-,-) 
  g15677/z           (u)     in_0->z R     unmapped_complex2      4  14.4     0    24     531    (-,-) 
  g15046/z           (u)     in_0->z F     unmapped_nand2         3   9.6     0    22     553    (-,-) 
  g15016/z           (u)     in_0->z F     unmapped_or2           4  12.8     0    24     577    (-,-) 
  g15010/z           (u)     in_0->z R     unmapped_nand2         1   3.6     0    17     594    (-,-) 
  g15002/z           (u)     in_0->z R     unmapped_complex2      1   3.6     0    17     611    (-,-) 
  g14998/z           (u)     in_1->z F     unmapped_nand2         3   9.6     0    22     632    (-,-) 
  g10004/z           (u)     in_1->z F     unmapped_or2           1   3.2     0    17     649    (-,-) 
  g14994/z           (u)     in_0->z R     unmapped_nand2         3  10.8     0    22     670    (-,-) 
  g14988/z           (u)     in_0->z F     unmapped_complex2      1   3.2     0    17     687    (-,-) 
  g14987/z           (u)     in_0->z R     unmapped_nand2         2   7.2     0    19     706    (-,-) 
  g14983/z           (u)     in_0->z F     unmapped_nand2         1   3.2     0    17     723    (-,-) 
  g14974/z           (u)     in_0->z R     unmapped_nand2         2   7.2     0    19     742    (-,-) 
  g14971/z           (u)     in_0->z F     unmapped_nand2         1   3.2     0    17     758    (-,-) 
  g10164/z           (u)     in_1->z R     unmapped_nand2         3  10.8     0    22     780    (-,-) 
  g10258/z           (u)     in_1->z F     unmapped_nand2         1   3.2     0    17     797    (-,-) 
  g14949/z           (u)     in_0->z R     unmapped_nand2         2   7.2     0    19     816    (-,-) 
  g14943/z           (u)     in_1->z R     unmapped_or2          10  36.0     0    38     853    (-,-) 
  g14939/z           (u)     in_1->z F     unmapped_nand2        13  41.6     0    41     894    (-,-) 
  g14908/z           (u)     in_0->z F     unmapped_complex2      1   3.2     0    17     911    (-,-) 
  g14905/z           (u)     in_0->z R     unmapped_nand2         1   3.6     0    17     927    (-,-) 
  g14891/z           (u)     in_0->z F     unmapped_complex2      1   3.2     0    17     944    (-,-) 
  g14869/z           (u)     in_1->z R     unmapped_nand2         1   3.6     0    17     961    (-,-) 
  g15718/z           (u)     in_0->z R     unmapped_complex2     12  43.2     0    40    1000    (-,-) 
  g15723/z           (u)     in_1->z R     unmapped_complex2      1   3.6     0    17    1017    (-,-) 
  g15733/z           (u)     in_1->z F     unmapped_complex2      1   3.2     0    17    1034    (-,-) 
  g14816/z           (u)     in_1->z R     unmapped_complex2      1   3.6     0    17    1050    (-,-) 
  g14765/z           (u)     in_0->z F     unmapped_complex2      1   3.2     0    17    1067    (-,-) 
  g15760/z           (u)     in_0->z R     unmapped_complex2      1   3.6     0    17    1084    (-,-) 
  g15775/z           (u)     in_1->z F     unmapped_complex2      5  16.0     0    28    1111    (-,-) 
  g14652/z           (u)     in_1->z R     unmapped_nand2         2   7.2     0    19    1130    (-,-) 
  g14636/z           (u)     in_0->z F     unmapped_nand2         1   3.2     0    17    1147    (-,-) 
  g14612/z           (u)     in_0->z R     unmapped_nand2         2   7.2     0    19    1166    (-,-) 
  g14607/z           (u)     in_0->z R     unmapped_complex2      2   7.2     0    19    1185    (-,-) 
  g14600/z           (u)     in_0->z F     unmapped_nand2         5  16.0     0    28    1213    (-,-) 
  g14592/z           (u)     in_0->z F     unmapped_complex2      3   9.6     0    22    1234    (-,-) 
  g14579/z           (u)     in_0->z R     unmapped_complex2      2   7.2     0    19    1253    (-,-) 
  g14575/z           (u)     in_1->z F     unmapped_nand2         2   6.4     0    19    1272    (-,-) 
  g15798/z           (u)     in_0->z F     unmapped_complex2      1   3.2     0    17    1289    (-,-) 
  g14565/z           (u)     in_1->z R     unmapped_complex2      1   3.6     0    17    1306    (-,-) 
  g15803/z           (u)     in_0->z R     unmapped_complex2      1   0.3     0    14    1319    (-,-) 
  bf_out[9]          -       -       R     (port)                 -     -     -     0    1319    (-,-) 
#------------------------------------------------------------------------------------------------------

(u) : Net has unmapped pin(s).



Path 7: MET (252 ps) Late External Delay Assertion at pin underflow
           View: view_1p2_25
          Group: clock1
     Startpoint: (R) bf2_in_reg[12]/clk
          Clock: (R) clock1
       Endpoint: (R) underflow
          Clock: (R) clock1

                     Capture       Launch     
        Clock Edge:+    1515            0     
       Src Latency:+       0            0     
       Net Latency:+       0 (I)        0 (I) 
           Arrival:=    1515            0     
                                              
      Output Delay:-       1                  
       Uncertainty:-       0                  
     Required Time:=    1514                  
      Launch Clock:-       0                  
         Data Path:-    1262                  
             Slack:=     252                  

Exceptions/Constraints:
  output_delay              1              add_bf16_1C.sdc_line_21_50_1   

Launch clock path:
#-------------------------------------------------------------------------------------------------
#   Timing Point     Flags   Arc   Edge      Cell        Fanout Load Trans Delay Arrival Instance 
#                                                               (fF)  (ps)  (ps)   (ps)  Location 
#-------------------------------------------------------------------------------------------------
  clk                (i,u)   -     R     (arrival)           33  0.0     0     0       0    (-,-) 
  bf2_in_reg[12]/clk <<<     -     R     unmapped_d_flop     33    -     1     0       0    (-,-) 
#-------------------------------------------------------------------------------------------------

#------------------------------------------------------------------------------------------------------
#   Timing Point     Flags    Arc    Edge       Cell         Fanout  Load Trans Delay Arrival Instance 
#                                                                    (fF)  (ps)  (ps)   (ps)  Location 
#------------------------------------------------------------------------------------------------------
  bf2_in_reg[12]/clk -       -       R     (arrival)             33     -     1     0       0    (-,-) 
  bf2_in_reg[12]/q   (u)     clk->q  F     unmapped_d_flop        7  22.4     0   127     127    (-,-) 
  g15541/z           (u)     in_1->z F     unmapped_or2           1   3.2     0    17     144    (-,-) 
  g15542/z           (u)     in_1->z R     unmapped_nand2         6  21.6     0    30     174    (-,-) 
  g15522/z           (u)     in_1->z F     unmapped_nand2         1   3.2     0    17     191    (-,-) 
  g15329/z           (u)     in_1->z F     unmapped_or2           1   3.2     0    17     207    (-,-) 
  g15609/z           (u)     in_0->z F     unmapped_complex2      4  12.8     0    24     232    (-,-) 
  g15616/z           (u)     in_1->z R     unmapped_complex2      1   3.6     0    17     248    (-,-) 
  g12553/z           (u)     in_1->z R     unmapped_or2           1   3.6     0    17     265    (-,-) 
  g15269/z           (u)     in_0->z F     unmapped_nand2        37 118.4     0    56     320    (-,-) 
  g15630/z           (u)     in_0->z F     unmapped_complex2      1   3.2     0    17     337    (-,-) 
  g15205/z           (u)     in_1->z R     unmapped_nand2         8  28.8     0    35     372    (-,-) 
  g15170/z           (u)     in_1->z R     unmapped_or2           6  21.6     0    30     402    (-,-) 
  g15647/z           (u)     in_0->z R     unmapped_complex2      1   3.6     0    17     419    (-,-) 
  g15122/z           (u)     in_1->z F     unmapped_nand2         1   3.2     0    17     435    (-,-) 
  g15655/z           (u)     in_0->z F     unmapped_complex2      1   3.2     0    17     452    (-,-) 
  g15661/z           (u)     in_1->z R     unmapped_complex2      1   3.6     0    17     469    (-,-) 
  g15075/z           (u)     in_1->z F     unmapped_nand2         1   3.2     0    17     485    (-,-) 
  g15056/z           (u)     in_0->z F     unmapped_complex2      3   9.6     0    22     507    (-,-) 
  g15677/z           (u)     in_0->z F     unmapped_complex2      4  12.8     0    24     531    (-,-) 
  g15046/z           (u)     in_0->z R     unmapped_nand2         3  10.8     0    22     553    (-,-) 
  g15016/z           (u)     in_0->z R     unmapped_or2           4  14.4     0    24     577    (-,-) 
  g15010/z           (u)     in_0->z F     unmapped_nand2         1   3.2     0    17     594    (-,-) 
  g15002/z           (u)     in_0->z F     unmapped_complex2      1   3.2     0    17     611    (-,-) 
  g14998/z           (u)     in_1->z R     unmapped_nand2         3  10.8     0    22     632    (-,-) 
  g10004/z           (u)     in_1->z R     unmapped_or2           1   3.6     0    17     649    (-,-) 
  g14994/z           (u)     in_0->z F     unmapped_nand2         3   9.6     0    22     670    (-,-) 
  g14988/z           (u)     in_0->z R     unmapped_complex2      1   3.6     0    17     687    (-,-) 
  g14987/z           (u)     in_0->z F     unmapped_nand2         2   6.4     0    19     706    (-,-) 
  g14983/z           (u)     in_0->z R     unmapped_nand2         1   3.6     0    17     723    (-,-) 
  g14974/z           (u)     in_0->z F     unmapped_nand2         2   6.4     0    19     742    (-,-) 
  g14971/z           (u)     in_0->z R     unmapped_nand2         1   3.6     0    17     758    (-,-) 
  g10164/z           (u)     in_1->z F     unmapped_nand2         3   9.6     0    22     780    (-,-) 
  g10258/z           (u)     in_1->z R     unmapped_nand2         1   3.6     0    17     797    (-,-) 
  g14949/z           (u)     in_0->z F     unmapped_nand2         2   6.4     0    19     816    (-,-) 
  g14943/z           (u)     in_1->z F     unmapped_or2          10  32.0     0    38     853    (-,-) 
  g14939/z           (u)     in_1->z R     unmapped_nand2        13  46.8     0    41     894    (-,-) 
  g14908/z           (u)     in_0->z R     unmapped_complex2      1   3.6     0    17     911    (-,-) 
  g14905/z           (u)     in_0->z F     unmapped_nand2         1   3.2     0    17     927    (-,-) 
  g14891/z           (u)     in_0->z R     unmapped_complex2      1   3.6     0    17     944    (-,-) 
  g14869/z           (u)     in_1->z F     unmapped_nand2         1   3.2     0    17     961    (-,-) 
  g15718/z           (u)     in_0->z F     unmapped_complex2     12  38.4     0    40    1000    (-,-) 
  g15723/z           (u)     in_1->z F     unmapped_complex2      1   3.2     0    17    1017    (-,-) 
  g15733/z           (u)     in_1->z R     unmapped_complex2      1   3.6     0    17    1034    (-,-) 
  g14816/z           (u)     in_1->z F     unmapped_complex2      1   3.2     0    17    1050    (-,-) 
  g14765/z           (u)     in_0->z R     unmapped_complex2      1   3.6     0    17    1067    (-,-) 
  g15760/z           (u)     in_0->z F     unmapped_complex2      1   3.2     0    17    1084    (-,-) 
  g15775/z           (u)     in_1->z R     unmapped_complex2      5  18.0     0    28    1111    (-,-) 
  g14648/z           (u)     in_0->z R     unmapped_or2           1   3.6     0    17    1128    (-,-) 
  g14634/z           (u)     in_0->z F     unmapped_nand2         1   3.2     0    17    1144    (-,-) 
  g14611/z           (u)     in_0->z R     unmapped_complex2      1   3.6     0    17    1161    (-,-) 
  g15791/z           (u)     in_0->z F     unmapped_complex2      2   6.4     0    19    1180    (-,-) 
  g15793/z           (u)     in_1->z R     unmapped_complex2      2   7.2     0    19    1199    (-,-) 
  g14591/z           (u)     in_1->z F     unmapped_nand2         1   3.2     0    17    1216    (-,-) 
  g14578/z           (u)     in_0->z R     unmapped_nand2         1   3.6     0    17    1232    (-,-) 
  g14576/z           (u)     in_0->z F     unmapped_complex2      1   3.2     0    17    1249    (-,-) 
  g14571/z           (u)     in_0->z R     unmapped_nand2         1   0.3     0    14    1262    (-,-) 
  underflow          -       -       R     (port)                 -     -     -     0    1262    (-,-) 
#------------------------------------------------------------------------------------------------------

(u) : Net has unmapped pin(s).



Path 8: MET (255 ps) Late External Delay Assertion at pin bf_out[8]
           View: view_1p2_25
          Group: clock1
     Startpoint: (R) bf2_in_reg[12]/clk
          Clock: (R) clock1
       Endpoint: (R) bf_out[8]
          Clock: (R) clock1

                     Capture       Launch     
        Clock Edge:+    1515            0     
       Src Latency:+       0            0     
       Net Latency:+       0 (I)        0 (I) 
           Arrival:=    1515            0     
                                              
      Output Delay:-       1                  
       Uncertainty:-       0                  
     Required Time:=    1514                  
      Launch Clock:-       0                  
         Data Path:-    1259                  
             Slack:=     255                  

Exceptions/Constraints:
  output_delay              1              add_bf16_1C.sdc_line_21_40_1   

Launch clock path:
#-------------------------------------------------------------------------------------------------
#   Timing Point     Flags   Arc   Edge      Cell        Fanout Load Trans Delay Arrival Instance 
#                                                               (fF)  (ps)  (ps)   (ps)  Location 
#-------------------------------------------------------------------------------------------------
  clk                (i,u)   -     R     (arrival)           33  0.0     0     0       0    (-,-) 
  bf2_in_reg[12]/clk <<<     -     R     unmapped_d_flop     33    -     1     0       0    (-,-) 
#-------------------------------------------------------------------------------------------------

#------------------------------------------------------------------------------------------------------
#   Timing Point     Flags    Arc    Edge       Cell         Fanout  Load Trans Delay Arrival Instance 
#                                                                    (fF)  (ps)  (ps)   (ps)  Location 
#------------------------------------------------------------------------------------------------------
  bf2_in_reg[12]/clk -       -       R     (arrival)             33     -     1     0       0    (-,-) 
  bf2_in_reg[12]/q   (u)     clk->q  F     unmapped_d_flop        7  22.4     0   127     127    (-,-) 
  g15541/z           (u)     in_1->z F     unmapped_or2           1   3.2     0    17     144    (-,-) 
  g15542/z           (u)     in_1->z R     unmapped_nand2         6  21.6     0    30     174    (-,-) 
  g15522/z           (u)     in_1->z F     unmapped_nand2         1   3.2     0    17     191    (-,-) 
  g15329/z           (u)     in_1->z F     unmapped_or2           1   3.2     0    17     207    (-,-) 
  g15609/z           (u)     in_0->z F     unmapped_complex2      4  12.8     0    24     232    (-,-) 
  g15616/z           (u)     in_1->z R     unmapped_complex2      1   3.6     0    17     248    (-,-) 
  g12553/z           (u)     in_1->z R     unmapped_or2           1   3.6     0    17     265    (-,-) 
  g15269/z           (u)     in_0->z F     unmapped_nand2        37 118.4     0    56     320    (-,-) 
  g15630/z           (u)     in_0->z F     unmapped_complex2      1   3.2     0    17     337    (-,-) 
  g15205/z           (u)     in_1->z R     unmapped_nand2         8  28.8     0    35     372    (-,-) 
  g15170/z           (u)     in_1->z R     unmapped_or2           6  21.6     0    30     402    (-,-) 
  g15647/z           (u)     in_0->z R     unmapped_complex2      1   3.6     0    17     419    (-,-) 
  g15122/z           (u)     in_1->z F     unmapped_nand2         1   3.2     0    17     435    (-,-) 
  g15655/z           (u)     in_0->z F     unmapped_complex2      1   3.2     0    17     452    (-,-) 
  g15661/z           (u)     in_1->z R     unmapped_complex2      1   3.6     0    17     469    (-,-) 
  g15075/z           (u)     in_1->z F     unmapped_nand2         1   3.2     0    17     485    (-,-) 
  g15056/z           (u)     in_0->z F     unmapped_complex2      3   9.6     0    22     507    (-,-) 
  g15677/z           (u)     in_0->z F     unmapped_complex2      4  12.8     0    24     531    (-,-) 
  g15046/z           (u)     in_0->z R     unmapped_nand2         3  10.8     0    22     553    (-,-) 
  g15016/z           (u)     in_0->z R     unmapped_or2           4  14.4     0    24     577    (-,-) 
  g15010/z           (u)     in_0->z F     unmapped_nand2         1   3.2     0    17     594    (-,-) 
  g15002/z           (u)     in_0->z F     unmapped_complex2      1   3.2     0    17     611    (-,-) 
  g14998/z           (u)     in_1->z R     unmapped_nand2         3  10.8     0    22     632    (-,-) 
  g10004/z           (u)     in_1->z R     unmapped_or2           1   3.6     0    17     649    (-,-) 
  g14994/z           (u)     in_0->z F     unmapped_nand2         3   9.6     0    22     670    (-,-) 
  g14988/z           (u)     in_0->z R     unmapped_complex2      1   3.6     0    17     687    (-,-) 
  g14987/z           (u)     in_0->z F     unmapped_nand2         2   6.4     0    19     706    (-,-) 
  g14983/z           (u)     in_0->z R     unmapped_nand2         1   3.6     0    17     723    (-,-) 
  g14974/z           (u)     in_0->z F     unmapped_nand2         2   6.4     0    19     742    (-,-) 
  g14971/z           (u)     in_0->z R     unmapped_nand2         1   3.6     0    17     758    (-,-) 
  g10164/z           (u)     in_1->z F     unmapped_nand2         3   9.6     0    22     780    (-,-) 
  g10258/z           (u)     in_1->z R     unmapped_nand2         1   3.6     0    17     797    (-,-) 
  g14949/z           (u)     in_0->z F     unmapped_nand2         2   6.4     0    19     816    (-,-) 
  g14943/z           (u)     in_1->z F     unmapped_or2          10  32.0     0    38     853    (-,-) 
  g14939/z           (u)     in_1->z R     unmapped_nand2        13  46.8     0    41     894    (-,-) 
  g14908/z           (u)     in_0->z R     unmapped_complex2      1   3.6     0    17     911    (-,-) 
  g14905/z           (u)     in_0->z F     unmapped_nand2         1   3.2     0    17     927    (-,-) 
  g14891/z           (u)     in_0->z R     unmapped_complex2      1   3.6     0    17     944    (-,-) 
  g14869/z           (u)     in_1->z F     unmapped_nand2         1   3.2     0    17     961    (-,-) 
  g15718/z           (u)     in_0->z F     unmapped_complex2     12  38.4     0    40    1000    (-,-) 
  g15723/z           (u)     in_1->z F     unmapped_complex2      1   3.2     0    17    1017    (-,-) 
  g15733/z           (u)     in_1->z R     unmapped_complex2      1   3.6     0    17    1034    (-,-) 
  g14816/z           (u)     in_1->z F     unmapped_complex2      1   3.2     0    17    1050    (-,-) 
  g14765/z           (u)     in_0->z R     unmapped_complex2      1   3.6     0    17    1067    (-,-) 
  g15760/z           (u)     in_0->z F     unmapped_complex2      1   3.2     0    17    1084    (-,-) 
  g15775/z           (u)     in_1->z R     unmapped_complex2      5  18.0     0    28    1111    (-,-) 
  g14652/z           (u)     in_1->z F     unmapped_nand2         2   6.4     0    19    1130    (-,-) 
  g14636/z           (u)     in_0->z R     unmapped_nand2         1   3.6     0    17    1147    (-,-) 
  g14612/z           (u)     in_0->z F     unmapped_nand2         2   6.4     0    19    1166    (-,-) 
  g14607/z           (u)     in_0->z F     unmapped_complex2      2   6.4     0    19    1185    (-,-) 
  g14600/z           (u)     in_0->z R     unmapped_nand2         5  18.0     0    28    1213    (-,-) 
  g14588/z           (u)     in_0->z F     unmapped_nand2         1   3.2     0    17    1229    (-,-) 
  g15795/z           (u)     in_0->z R     unmapped_complex2      1   3.6     0    17    1246    (-,-) 
  g14572/z           (u)     in_1->z R     unmapped_complex2      1   0.3     0    14    1259    (-,-) 
  bf_out[8]          -       -       R     (port)                 -     -     -     0    1259    (-,-) 
#------------------------------------------------------------------------------------------------------

(u) : Net has unmapped pin(s).



Path 9: MET (299 ps) Late External Delay Assertion at pin bf_out[7]
           View: view_1p2_25
          Group: clock1
     Startpoint: (R) bf2_in_reg[12]/clk
          Clock: (R) clock1
       Endpoint: (R) bf_out[7]
          Clock: (R) clock1

                     Capture       Launch     
        Clock Edge:+    1515            0     
       Src Latency:+       0            0     
       Net Latency:+       0 (I)        0 (I) 
           Arrival:=    1515            0     
                                              
      Output Delay:-       1                  
       Uncertainty:-       0                  
     Required Time:=    1514                  
      Launch Clock:-       0                  
         Data Path:-    1215                  
             Slack:=     299                  

Exceptions/Constraints:
  output_delay              1              add_bf16_1C.sdc_line_21_41_1   

Launch clock path:
#-------------------------------------------------------------------------------------------------
#   Timing Point     Flags   Arc   Edge      Cell        Fanout Load Trans Delay Arrival Instance 
#                                                               (fF)  (ps)  (ps)   (ps)  Location 
#-------------------------------------------------------------------------------------------------
  clk                (i,u)   -     R     (arrival)           33  0.0     0     0       0    (-,-) 
  bf2_in_reg[12]/clk <<<     -     R     unmapped_d_flop     33    -     1     0       0    (-,-) 
#-------------------------------------------------------------------------------------------------

#------------------------------------------------------------------------------------------------------
#   Timing Point     Flags    Arc    Edge       Cell         Fanout  Load Trans Delay Arrival Instance 
#                                                                    (fF)  (ps)  (ps)   (ps)  Location 
#------------------------------------------------------------------------------------------------------
  bf2_in_reg[12]/clk -       -       R     (arrival)             33     -     1     0       0    (-,-) 
  bf2_in_reg[12]/q   (u)     clk->q  F     unmapped_d_flop        7  22.4     0   127     127    (-,-) 
  g15541/z           (u)     in_1->z F     unmapped_or2           1   3.2     0    17     144    (-,-) 
  g15542/z           (u)     in_1->z R     unmapped_nand2         6  21.6     0    30     174    (-,-) 
  g15522/z           (u)     in_1->z F     unmapped_nand2         1   3.2     0    17     191    (-,-) 
  g15329/z           (u)     in_1->z F     unmapped_or2           1   3.2     0    17     207    (-,-) 
  g15609/z           (u)     in_0->z F     unmapped_complex2      4  12.8     0    24     232    (-,-) 
  g15616/z           (u)     in_1->z R     unmapped_complex2      1   3.6     0    17     248    (-,-) 
  g12553/z           (u)     in_1->z R     unmapped_or2           1   3.6     0    17     265    (-,-) 
  g15269/z           (u)     in_0->z F     unmapped_nand2        37 118.4     0    56     320    (-,-) 
  g15630/z           (u)     in_0->z F     unmapped_complex2      1   3.2     0    17     337    (-,-) 
  g15205/z           (u)     in_1->z R     unmapped_nand2         8  28.8     0    35     372    (-,-) 
  g15170/z           (u)     in_1->z R     unmapped_or2           6  21.6     0    30     402    (-,-) 
  g15647/z           (u)     in_0->z R     unmapped_complex2      1   3.6     0    17     419    (-,-) 
  g15122/z           (u)     in_1->z F     unmapped_nand2         1   3.2     0    17     435    (-,-) 
  g15655/z           (u)     in_0->z F     unmapped_complex2      1   3.2     0    17     452    (-,-) 
  g15661/z           (u)     in_1->z R     unmapped_complex2      1   3.6     0    17     469    (-,-) 
  g15075/z           (u)     in_1->z F     unmapped_nand2         1   3.2     0    17     485    (-,-) 
  g15056/z           (u)     in_0->z F     unmapped_complex2      3   9.6     0    22     507    (-,-) 
  g15677/z           (u)     in_0->z F     unmapped_complex2      4  12.8     0    24     531    (-,-) 
  g15046/z           (u)     in_0->z R     unmapped_nand2         3  10.8     0    22     553    (-,-) 
  g15016/z           (u)     in_0->z R     unmapped_or2           4  14.4     0    24     577    (-,-) 
  g15010/z           (u)     in_0->z F     unmapped_nand2         1   3.2     0    17     594    (-,-) 
  g15002/z           (u)     in_0->z F     unmapped_complex2      1   3.2     0    17     611    (-,-) 
  g14998/z           (u)     in_1->z R     unmapped_nand2         3  10.8     0    22     632    (-,-) 
  g10004/z           (u)     in_1->z R     unmapped_or2           1   3.6     0    17     649    (-,-) 
  g14994/z           (u)     in_0->z F     unmapped_nand2         3   9.6     0    22     670    (-,-) 
  g14988/z           (u)     in_0->z R     unmapped_complex2      1   3.6     0    17     687    (-,-) 
  g14987/z           (u)     in_0->z F     unmapped_nand2         2   6.4     0    19     706    (-,-) 
  g14983/z           (u)     in_0->z R     unmapped_nand2         1   3.6     0    17     723    (-,-) 
  g14974/z           (u)     in_0->z F     unmapped_nand2         2   6.4     0    19     742    (-,-) 
  g14971/z           (u)     in_0->z R     unmapped_nand2         1   3.6     0    17     758    (-,-) 
  g10164/z           (u)     in_1->z F     unmapped_nand2         3   9.6     0    22     780    (-,-) 
  g10258/z           (u)     in_1->z R     unmapped_nand2         1   3.6     0    17     797    (-,-) 
  g14949/z           (u)     in_0->z F     unmapped_nand2         2   6.4     0    19     816    (-,-) 
  g14943/z           (u)     in_1->z F     unmapped_or2          10  32.0     0    38     853    (-,-) 
  g14939/z           (u)     in_1->z R     unmapped_nand2        13  46.8     0    41     894    (-,-) 
  g14908/z           (u)     in_0->z R     unmapped_complex2      1   3.6     0    17     911    (-,-) 
  g14905/z           (u)     in_0->z F     unmapped_nand2         1   3.2     0    17     927    (-,-) 
  g14891/z           (u)     in_0->z R     unmapped_complex2      1   3.6     0    17     944    (-,-) 
  g14869/z           (u)     in_1->z F     unmapped_nand2         1   3.2     0    17     961    (-,-) 
  g15718/z           (u)     in_0->z F     unmapped_complex2     12  38.4     0    40    1000    (-,-) 
  g15723/z           (u)     in_1->z F     unmapped_complex2      1   3.2     0    17    1017    (-,-) 
  g15733/z           (u)     in_1->z R     unmapped_complex2      1   3.6     0    17    1034    (-,-) 
  g14816/z           (u)     in_1->z F     unmapped_complex2      1   3.2     0    17    1050    (-,-) 
  g14765/z           (u)     in_0->z R     unmapped_complex2      1   3.6     0    17    1067    (-,-) 
  g15760/z           (u)     in_0->z F     unmapped_complex2      1   3.2     0    17    1084    (-,-) 
  g15775/z           (u)     in_1->z R     unmapped_complex2      5  18.0     0    28    1111    (-,-) 
  g14652/z           (u)     in_1->z F     unmapped_nand2         2   6.4     0    19    1130    (-,-) 
  g14636/z           (u)     in_0->z R     unmapped_nand2         1   3.6     0    17    1147    (-,-) 
  g14612/z           (u)     in_0->z F     unmapped_nand2         2   6.4     0    19    1166    (-,-) 
  g14607/z           (u)     in_0->z F     unmapped_complex2      2   6.4     0    19    1185    (-,-) 
  g15794/z           (u)     in_0->z R     unmapped_complex2      1   3.6     0    17    1202    (-,-) 
  g14590/z           (u)     in_1->z R     unmapped_complex2      1   0.3     0    14    1215    (-,-) 
  bf_out[7]          -       -       R     (port)                 -     -     -     0    1215    (-,-) 
#------------------------------------------------------------------------------------------------------

(u) : Net has unmapped pin(s).



Path 10: MET (312 ps) Late External Delay Assertion at pin bf_out[1]
           View: view_1p2_25
          Group: clock1
     Startpoint: (R) bf2_in_reg[12]/clk
          Clock: (R) clock1
       Endpoint: (R) bf_out[1]
          Clock: (R) clock1

                     Capture       Launch     
        Clock Edge:+    1515            0     
       Src Latency:+       0            0     
       Net Latency:+       0 (I)        0 (I) 
           Arrival:=    1515            0     
                                              
      Output Delay:-       1                  
       Uncertainty:-       0                  
     Required Time:=    1514                  
      Launch Clock:-       0                  
         Data Path:-    1202                  
             Slack:=     312                  

Exceptions/Constraints:
  output_delay              1              add_bf16_1C.sdc_line_21_47_1   

Launch clock path:
#-------------------------------------------------------------------------------------------------
#   Timing Point     Flags   Arc   Edge      Cell        Fanout Load Trans Delay Arrival Instance 
#                                                               (fF)  (ps)  (ps)   (ps)  Location 
#-------------------------------------------------------------------------------------------------
  clk                (i,u)   -     R     (arrival)           33  0.0     0     0       0    (-,-) 
  bf2_in_reg[12]/clk <<<     -     R     unmapped_d_flop     33    -     1     0       0    (-,-) 
#-------------------------------------------------------------------------------------------------

#------------------------------------------------------------------------------------------------------
#   Timing Point     Flags    Arc    Edge       Cell         Fanout  Load Trans Delay Arrival Instance 
#                                                                    (fF)  (ps)  (ps)   (ps)  Location 
#------------------------------------------------------------------------------------------------------
  bf2_in_reg[12]/clk -       -       R     (arrival)             33     -     1     0       0    (-,-) 
  bf2_in_reg[12]/q   (u)     clk->q  F     unmapped_d_flop        7  22.4     0   127     127    (-,-) 
  g15541/z           (u)     in_1->z F     unmapped_or2           1   3.2     0    17     144    (-,-) 
  g15542/z           (u)     in_1->z R     unmapped_nand2         6  21.6     0    30     174    (-,-) 
  g15522/z           (u)     in_1->z F     unmapped_nand2         1   3.2     0    17     191    (-,-) 
  g15329/z           (u)     in_1->z F     unmapped_or2           1   3.2     0    17     207    (-,-) 
  g15609/z           (u)     in_0->z F     unmapped_complex2      4  12.8     0    24     232    (-,-) 
  g15616/z           (u)     in_1->z R     unmapped_complex2      1   3.6     0    17     248    (-,-) 
  g12553/z           (u)     in_1->z R     unmapped_or2           1   3.6     0    17     265    (-,-) 
  g15269/z           (u)     in_0->z F     unmapped_nand2        37 118.4     0    56     320    (-,-) 
  g15630/z           (u)     in_0->z F     unmapped_complex2      1   3.2     0    17     337    (-,-) 
  g15205/z           (u)     in_1->z R     unmapped_nand2         8  28.8     0    35     372    (-,-) 
  g15170/z           (u)     in_1->z R     unmapped_or2           6  21.6     0    30     402    (-,-) 
  g15647/z           (u)     in_0->z R     unmapped_complex2      1   3.6     0    17     419    (-,-) 
  g15122/z           (u)     in_1->z F     unmapped_nand2         1   3.2     0    17     435    (-,-) 
  g15655/z           (u)     in_0->z F     unmapped_complex2      1   3.2     0    17     452    (-,-) 
  g15661/z           (u)     in_1->z R     unmapped_complex2      1   3.6     0    17     469    (-,-) 
  g15075/z           (u)     in_1->z F     unmapped_nand2         1   3.2     0    17     485    (-,-) 
  g15056/z           (u)     in_0->z F     unmapped_complex2      3   9.6     0    22     507    (-,-) 
  g15677/z           (u)     in_0->z F     unmapped_complex2      4  12.8     0    24     531    (-,-) 
  g15046/z           (u)     in_0->z R     unmapped_nand2         3  10.8     0    22     553    (-,-) 
  g15016/z           (u)     in_0->z R     unmapped_or2           4  14.4     0    24     577    (-,-) 
  g15010/z           (u)     in_0->z F     unmapped_nand2         1   3.2     0    17     594    (-,-) 
  g15002/z           (u)     in_0->z F     unmapped_complex2      1   3.2     0    17     611    (-,-) 
  g14998/z           (u)     in_1->z R     unmapped_nand2         3  10.8     0    22     632    (-,-) 
  g10004/z           (u)     in_1->z R     unmapped_or2           1   3.6     0    17     649    (-,-) 
  g14994/z           (u)     in_0->z F     unmapped_nand2         3   9.6     0    22     670    (-,-) 
  g14988/z           (u)     in_0->z R     unmapped_complex2      1   3.6     0    17     687    (-,-) 
  g14987/z           (u)     in_0->z F     unmapped_nand2         2   6.4     0    19     706    (-,-) 
  g14983/z           (u)     in_0->z R     unmapped_nand2         1   3.6     0    17     723    (-,-) 
  g14974/z           (u)     in_0->z F     unmapped_nand2         2   6.4     0    19     742    (-,-) 
  g14971/z           (u)     in_0->z R     unmapped_nand2         1   3.6     0    17     758    (-,-) 
  g10164/z           (u)     in_1->z F     unmapped_nand2         3   9.6     0    22     780    (-,-) 
  g10258/z           (u)     in_1->z R     unmapped_nand2         1   3.6     0    17     797    (-,-) 
  g14949/z           (u)     in_0->z F     unmapped_nand2         2   6.4     0    19     816    (-,-) 
  g14943/z           (u)     in_1->z F     unmapped_or2          10  32.0     0    38     853    (-,-) 
  g14939/z           (u)     in_1->z R     unmapped_nand2        13  46.8     0    41     894    (-,-) 
  g14919/z           (u)     in_0->z R     unmapped_or2           1   3.6     0    17     911    (-,-) 
  g14897/z           (u)     in_1->z F     unmapped_nand2         8  25.6     0    35     946    (-,-) 
  g15714/z           (u)     in_0->z F     unmapped_complex2      1   3.2     0    17     962    (-,-) 
  g14861/z           (u)     in_1->z F     unmapped_complex2      5  16.0     0    28     990    (-,-) 
  g15720/z           (u)     in_0->z F     unmapped_complex2      1   3.2     0    17    1007    (-,-) 
  g15724/z           (u)     in_1->z R     unmapped_complex2      2   7.2     0    19    1026    (-,-) 
  g14819/z           (u)     in_1->z R     unmapped_complex2      1   3.6     0    17    1042    (-,-) 
  g14793/z           (u)     in_1->z F     unmapped_nand2         5  16.0     0    28    1070    (-,-) 
  g14784/z           (u)     in_0->z F     unmapped_or2           7  22.4     0    33    1103    (-,-) 
  g15764/z           (u)     in_0->z F     unmapped_complex2      2   6.4     0    19    1122    (-,-) 
  g14678/z           (u)     in_1->z R     unmapped_nand2         1   3.6     0    17    1138    (-,-) 
  g14661/z           (u)     in_0->z R     unmapped_complex2      1   3.6     0    17    1155    (-,-) 
  g14627/z           (u)     in_0->z F     unmapped_nand2         1   3.2     0    17    1172    (-,-) 
  g14619/z           (u)     in_1->z R     unmapped_nand2         1   3.6     0    17    1188    (-,-) 
  g14602/z           (u)     in_1->z R     unmapped_or2           1   0.3     0    14    1202    (-,-) 
  bf_out[1]          -       -       R     (port)                 -     -     -     0    1202    (-,-) 
#------------------------------------------------------------------------------------------------------

(u) : Net has unmapped pin(s).



Path 11: MET (322 ps) Late External Delay Assertion at pin bf_out[5]
           View: view_1p2_25
          Group: clock1
     Startpoint: (R) bf2_in_reg[12]/clk
          Clock: (R) clock1
       Endpoint: (R) bf_out[5]
          Clock: (R) clock1

                     Capture       Launch     
        Clock Edge:+    1515            0     
       Src Latency:+       0            0     
       Net Latency:+       0 (I)        0 (I) 
           Arrival:=    1515            0     
                                              
      Output Delay:-       1                  
       Uncertainty:-       0                  
     Required Time:=    1514                  
      Launch Clock:-       0                  
         Data Path:-    1192                  
             Slack:=     322                  

Exceptions/Constraints:
  output_delay              1              add_bf16_1C.sdc_line_21_43_1   

Launch clock path:
#-------------------------------------------------------------------------------------------------
#   Timing Point     Flags   Arc   Edge      Cell        Fanout Load Trans Delay Arrival Instance 
#                                                               (fF)  (ps)  (ps)   (ps)  Location 
#-------------------------------------------------------------------------------------------------
  clk                (i,u)   -     R     (arrival)           33  0.0     0     0       0    (-,-) 
  bf2_in_reg[12]/clk <<<     -     R     unmapped_d_flop     33    -     1     0       0    (-,-) 
#-------------------------------------------------------------------------------------------------

#------------------------------------------------------------------------------------------------------
#   Timing Point     Flags    Arc    Edge       Cell         Fanout  Load Trans Delay Arrival Instance 
#                                                                    (fF)  (ps)  (ps)   (ps)  Location 
#------------------------------------------------------------------------------------------------------
  bf2_in_reg[12]/clk -       -       R     (arrival)             33     -     1     0       0    (-,-) 
  bf2_in_reg[12]/q   (u)     clk->q  F     unmapped_d_flop        7  22.4     0   127     127    (-,-) 
  g15541/z           (u)     in_1->z F     unmapped_or2           1   3.2     0    17     144    (-,-) 
  g15542/z           (u)     in_1->z R     unmapped_nand2         6  21.6     0    30     174    (-,-) 
  g15522/z           (u)     in_1->z F     unmapped_nand2         1   3.2     0    17     191    (-,-) 
  g15329/z           (u)     in_1->z F     unmapped_or2           1   3.2     0    17     207    (-,-) 
  g15609/z           (u)     in_0->z F     unmapped_complex2      4  12.8     0    24     232    (-,-) 
  g15616/z           (u)     in_1->z R     unmapped_complex2      1   3.6     0    17     248    (-,-) 
  g12553/z           (u)     in_1->z R     unmapped_or2           1   3.6     0    17     265    (-,-) 
  g15269/z           (u)     in_0->z F     unmapped_nand2        37 118.4     0    56     320    (-,-) 
  g15630/z           (u)     in_0->z F     unmapped_complex2      1   3.2     0    17     337    (-,-) 
  g15205/z           (u)     in_1->z R     unmapped_nand2         8  28.8     0    35     372    (-,-) 
  g15170/z           (u)     in_1->z R     unmapped_or2           6  21.6     0    30     402    (-,-) 
  g15647/z           (u)     in_0->z R     unmapped_complex2      1   3.6     0    17     419    (-,-) 
  g15122/z           (u)     in_1->z F     unmapped_nand2         1   3.2     0    17     435    (-,-) 
  g15655/z           (u)     in_0->z F     unmapped_complex2      1   3.2     0    17     452    (-,-) 
  g15661/z           (u)     in_1->z R     unmapped_complex2      1   3.6     0    17     469    (-,-) 
  g15075/z           (u)     in_1->z F     unmapped_nand2         1   3.2     0    17     485    (-,-) 
  g15056/z           (u)     in_0->z F     unmapped_complex2      3   9.6     0    22     507    (-,-) 
  g15677/z           (u)     in_0->z F     unmapped_complex2      4  12.8     0    24     531    (-,-) 
  g15046/z           (u)     in_0->z R     unmapped_nand2         3  10.8     0    22     553    (-,-) 
  g15016/z           (u)     in_0->z R     unmapped_or2           4  14.4     0    24     577    (-,-) 
  g15010/z           (u)     in_0->z F     unmapped_nand2         1   3.2     0    17     594    (-,-) 
  g15002/z           (u)     in_0->z F     unmapped_complex2      1   3.2     0    17     611    (-,-) 
  g14998/z           (u)     in_1->z R     unmapped_nand2         3  10.8     0    22     632    (-,-) 
  g10004/z           (u)     in_1->z R     unmapped_or2           1   3.6     0    17     649    (-,-) 
  g14994/z           (u)     in_0->z F     unmapped_nand2         3   9.6     0    22     670    (-,-) 
  g14988/z           (u)     in_0->z R     unmapped_complex2      1   3.6     0    17     687    (-,-) 
  g14987/z           (u)     in_0->z F     unmapped_nand2         2   6.4     0    19     706    (-,-) 
  g14983/z           (u)     in_0->z R     unmapped_nand2         1   3.6     0    17     723    (-,-) 
  g14974/z           (u)     in_0->z F     unmapped_nand2         2   6.4     0    19     742    (-,-) 
  g14971/z           (u)     in_0->z R     unmapped_nand2         1   3.6     0    17     758    (-,-) 
  g10164/z           (u)     in_1->z F     unmapped_nand2         3   9.6     0    22     780    (-,-) 
  g10258/z           (u)     in_1->z R     unmapped_nand2         1   3.6     0    17     797    (-,-) 
  g14949/z           (u)     in_0->z F     unmapped_nand2         2   6.4     0    19     816    (-,-) 
  g14943/z           (u)     in_1->z F     unmapped_or2          10  32.0     0    38     853    (-,-) 
  g14939/z           (u)     in_1->z R     unmapped_nand2        13  46.8     0    41     894    (-,-) 
  g14908/z           (u)     in_0->z R     unmapped_complex2      1   3.6     0    17     911    (-,-) 
  g14905/z           (u)     in_0->z F     unmapped_nand2         1   3.2     0    17     927    (-,-) 
  g14891/z           (u)     in_0->z R     unmapped_complex2      1   3.6     0    17     944    (-,-) 
  g14869/z           (u)     in_1->z F     unmapped_nand2         1   3.2     0    17     961    (-,-) 
  g15718/z           (u)     in_0->z F     unmapped_complex2     12  38.4     0    40    1000    (-,-) 
  g14838/z           (u)     in_0->z R     unmapped_nand2         6  21.6     0    30    1031    (-,-) 
  g14823/z           (u)     in_1->z R     unmapped_or2           5  18.0     0    28    1058    (-,-) 
  g15740/z           (u)     in_0->z R     unmapped_complex2      7  25.2     0    33    1091    (-,-) 
  g14764/z           (u)     in_1->z R     unmapped_complex2      3  10.8     0    22    1112    (-,-) 
  g14718/z           (u)     in_0->z F     unmapped_nand2         1   3.2     0    17    1129    (-,-) 
  g14682/z           (u)     in_1->z R     unmapped_nand2         1   3.6     0    17    1146    (-,-) 
  g14646/z           (u)     in_0->z F     unmapped_complex2      1   3.2     0    17    1162    (-,-) 
  g14624/z           (u)     in_0->z R     unmapped_complex2      1   3.6     0    17    1179    (-,-) 
  g14605/z           (u)     in_1->z R     unmapped_or2           1   0.3     0    14    1192    (-,-) 
  bf_out[5]          -       -       R     (port)                 -     -     -     0    1192    (-,-) 
#------------------------------------------------------------------------------------------------------

(u) : Net has unmapped pin(s).



Path 12: MET (322 ps) Late External Delay Assertion at pin bf_out[6]
           View: view_1p2_25
          Group: clock1
     Startpoint: (R) bf2_in_reg[12]/clk
          Clock: (R) clock1
       Endpoint: (R) bf_out[6]
          Clock: (R) clock1

                     Capture       Launch     
        Clock Edge:+    1515            0     
       Src Latency:+       0            0     
       Net Latency:+       0 (I)        0 (I) 
           Arrival:=    1515            0     
                                              
      Output Delay:-       1                  
       Uncertainty:-       0                  
     Required Time:=    1514                  
      Launch Clock:-       0                  
         Data Path:-    1192                  
             Slack:=     322                  

Exceptions/Constraints:
  output_delay              1              add_bf16_1C.sdc_line_21_42_1   

Launch clock path:
#-------------------------------------------------------------------------------------------------
#   Timing Point     Flags   Arc   Edge      Cell        Fanout Load Trans Delay Arrival Instance 
#                                                               (fF)  (ps)  (ps)   (ps)  Location 
#-------------------------------------------------------------------------------------------------
  clk                (i,u)   -     R     (arrival)           33  0.0     0     0       0    (-,-) 
  bf2_in_reg[12]/clk <<<     -     R     unmapped_d_flop     33    -     1     0       0    (-,-) 
#-------------------------------------------------------------------------------------------------

#------------------------------------------------------------------------------------------------------
#   Timing Point     Flags    Arc    Edge       Cell         Fanout  Load Trans Delay Arrival Instance 
#                                                                    (fF)  (ps)  (ps)   (ps)  Location 
#------------------------------------------------------------------------------------------------------
  bf2_in_reg[12]/clk -       -       R     (arrival)             33     -     1     0       0    (-,-) 
  bf2_in_reg[12]/q   (u)     clk->q  R     unmapped_d_flop        7  25.2     0   127     127    (-,-) 
  g15541/z           (u)     in_1->z R     unmapped_or2           1   3.6     0    17     144    (-,-) 
  g15542/z           (u)     in_1->z F     unmapped_nand2         6  19.2     0    30     174    (-,-) 
  g15522/z           (u)     in_1->z R     unmapped_nand2         1   3.6     0    17     191    (-,-) 
  g15329/z           (u)     in_1->z R     unmapped_or2           1   3.6     0    17     207    (-,-) 
  g15609/z           (u)     in_0->z R     unmapped_complex2      4  14.4     0    24     232    (-,-) 
  g15616/z           (u)     in_1->z F     unmapped_complex2      1   3.2     0    17     248    (-,-) 
  g12553/z           (u)     in_1->z F     unmapped_or2           1   3.2     0    17     265    (-,-) 
  g15269/z           (u)     in_0->z R     unmapped_nand2        37 133.2     0    56     320    (-,-) 
  g15630/z           (u)     in_0->z R     unmapped_complex2      1   3.6     0    17     337    (-,-) 
  g15205/z           (u)     in_1->z F     unmapped_nand2         8  25.6     0    35     372    (-,-) 
  g15170/z           (u)     in_1->z F     unmapped_or2           6  19.2     0    30     402    (-,-) 
  g15647/z           (u)     in_0->z F     unmapped_complex2      1   3.2     0    17     419    (-,-) 
  g15122/z           (u)     in_1->z R     unmapped_nand2         1   3.6     0    17     435    (-,-) 
  g15655/z           (u)     in_0->z R     unmapped_complex2      1   3.6     0    17     452    (-,-) 
  g15661/z           (u)     in_1->z F     unmapped_complex2      1   3.2     0    17     469    (-,-) 
  g15075/z           (u)     in_1->z R     unmapped_nand2         1   3.6     0    17     485    (-,-) 
  g15056/z           (u)     in_0->z R     unmapped_complex2      3  10.8     0    22     507    (-,-) 
  g15677/z           (u)     in_0->z R     unmapped_complex2      4  14.4     0    24     531    (-,-) 
  g15046/z           (u)     in_0->z F     unmapped_nand2         3   9.6     0    22     553    (-,-) 
  g15016/z           (u)     in_0->z F     unmapped_or2           4  12.8     0    24     577    (-,-) 
  g15010/z           (u)     in_0->z R     unmapped_nand2         1   3.6     0    17     594    (-,-) 
  g15002/z           (u)     in_0->z R     unmapped_complex2      1   3.6     0    17     611    (-,-) 
  g14998/z           (u)     in_1->z F     unmapped_nand2         3   9.6     0    22     632    (-,-) 
  g10004/z           (u)     in_1->z F     unmapped_or2           1   3.2     0    17     649    (-,-) 
  g14994/z           (u)     in_0->z R     unmapped_nand2         3  10.8     0    22     670    (-,-) 
  g14988/z           (u)     in_0->z F     unmapped_complex2      1   3.2     0    17     687    (-,-) 
  g14987/z           (u)     in_0->z R     unmapped_nand2         2   7.2     0    19     706    (-,-) 
  g14983/z           (u)     in_0->z F     unmapped_nand2         1   3.2     0    17     723    (-,-) 
  g14974/z           (u)     in_0->z R     unmapped_nand2         2   7.2     0    19     742    (-,-) 
  g14971/z           (u)     in_0->z F     unmapped_nand2         1   3.2     0    17     758    (-,-) 
  g10164/z           (u)     in_1->z R     unmapped_nand2         3  10.8     0    22     780    (-,-) 
  g10258/z           (u)     in_1->z F     unmapped_nand2         1   3.2     0    17     797    (-,-) 
  g14949/z           (u)     in_0->z R     unmapped_nand2         2   7.2     0    19     816    (-,-) 
  g14943/z           (u)     in_1->z R     unmapped_or2          10  36.0     0    38     853    (-,-) 
  g14939/z           (u)     in_1->z F     unmapped_nand2        13  41.6     0    41     894    (-,-) 
  g14908/z           (u)     in_0->z F     unmapped_complex2      1   3.2     0    17     911    (-,-) 
  g14905/z           (u)     in_0->z R     unmapped_nand2         1   3.6     0    17     927    (-,-) 
  g14891/z           (u)     in_0->z F     unmapped_complex2      1   3.2     0    17     944    (-,-) 
  g14869/z           (u)     in_1->z R     unmapped_nand2         1   3.6     0    17     961    (-,-) 
  g15718/z           (u)     in_0->z R     unmapped_complex2     12  43.2     0    40    1000    (-,-) 
  g14838/z           (u)     in_0->z F     unmapped_nand2         6  19.2     0    30    1031    (-,-) 
  g14823/z           (u)     in_1->z F     unmapped_or2           5  16.0     0    28    1058    (-,-) 
  g15740/z           (u)     in_0->z F     unmapped_complex2      7  22.4     0    33    1091    (-,-) 
  g14764/z           (u)     in_1->z F     unmapped_complex2      3   9.6     0    22    1112    (-,-) 
  g14743/z           (u)     in_0->z F     unmapped_or2           1   3.2     0    17    1129    (-,-) 
  g14744/z           (u)     in_1->z R     unmapped_nand2         1   3.6     0    17    1146    (-,-) 
  g14698/z           (u)     in_0->z F     unmapped_complex2      1   3.2     0    17    1162    (-,-) 
  g15787/z           (u)     in_1->z R     unmapped_complex2      1   3.6     0    17    1179    (-,-) 
  g14603/z           (u)     in_1->z R     unmapped_or2           1   0.3     0    14    1192    (-,-) 
  bf_out[6]          -       -       R     (port)                 -     -     -     0    1192    (-,-) 
#------------------------------------------------------------------------------------------------------

(u) : Net has unmapped pin(s).



Path 13: MET (327 ps) Late External Delay Assertion at pin bf_out[2]
           View: view_1p2_25
          Group: clock1
     Startpoint: (R) bf2_in_reg[12]/clk
          Clock: (R) clock1
       Endpoint: (R) bf_out[2]
          Clock: (R) clock1

                     Capture       Launch     
        Clock Edge:+    1515            0     
       Src Latency:+       0            0     
       Net Latency:+       0 (I)        0 (I) 
           Arrival:=    1515            0     
                                              
      Output Delay:-       1                  
       Uncertainty:-       0                  
     Required Time:=    1514                  
      Launch Clock:-       0                  
         Data Path:-    1188                  
             Slack:=     327                  

Exceptions/Constraints:
  output_delay              1              add_bf16_1C.sdc_line_21_46_1   

Launch clock path:
#-------------------------------------------------------------------------------------------------
#   Timing Point     Flags   Arc   Edge      Cell        Fanout Load Trans Delay Arrival Instance 
#                                                               (fF)  (ps)  (ps)   (ps)  Location 
#-------------------------------------------------------------------------------------------------
  clk                (i,u)   -     R     (arrival)           33  0.0     0     0       0    (-,-) 
  bf2_in_reg[12]/clk <<<     -     R     unmapped_d_flop     33    -     1     0       0    (-,-) 
#-------------------------------------------------------------------------------------------------

#------------------------------------------------------------------------------------------------------
#   Timing Point     Flags    Arc    Edge       Cell         Fanout  Load Trans Delay Arrival Instance 
#                                                                    (fF)  (ps)  (ps)   (ps)  Location 
#------------------------------------------------------------------------------------------------------
  bf2_in_reg[12]/clk -       -       R     (arrival)             33     -     1     0       0    (-,-) 
  bf2_in_reg[12]/q   (u)     clk->q  F     unmapped_d_flop        7  22.4     0   127     127    (-,-) 
  g15541/z           (u)     in_1->z F     unmapped_or2           1   3.2     0    17     144    (-,-) 
  g15542/z           (u)     in_1->z R     unmapped_nand2         6  21.6     0    30     174    (-,-) 
  g15522/z           (u)     in_1->z F     unmapped_nand2         1   3.2     0    17     191    (-,-) 
  g15329/z           (u)     in_1->z F     unmapped_or2           1   3.2     0    17     207    (-,-) 
  g15609/z           (u)     in_0->z F     unmapped_complex2      4  12.8     0    24     232    (-,-) 
  g15616/z           (u)     in_1->z R     unmapped_complex2      1   3.6     0    17     248    (-,-) 
  g12553/z           (u)     in_1->z R     unmapped_or2           1   3.6     0    17     265    (-,-) 
  g15269/z           (u)     in_0->z F     unmapped_nand2        37 118.4     0    56     320    (-,-) 
  g15630/z           (u)     in_0->z F     unmapped_complex2      1   3.2     0    17     337    (-,-) 
  g15205/z           (u)     in_1->z R     unmapped_nand2         8  28.8     0    35     372    (-,-) 
  g15170/z           (u)     in_1->z R     unmapped_or2           6  21.6     0    30     402    (-,-) 
  g15647/z           (u)     in_0->z R     unmapped_complex2      1   3.6     0    17     419    (-,-) 
  g15122/z           (u)     in_1->z F     unmapped_nand2         1   3.2     0    17     435    (-,-) 
  g15655/z           (u)     in_0->z F     unmapped_complex2      1   3.2     0    17     452    (-,-) 
  g15661/z           (u)     in_1->z R     unmapped_complex2      1   3.6     0    17     469    (-,-) 
  g15075/z           (u)     in_1->z F     unmapped_nand2         1   3.2     0    17     485    (-,-) 
  g15056/z           (u)     in_0->z F     unmapped_complex2      3   9.6     0    22     507    (-,-) 
  g15677/z           (u)     in_0->z F     unmapped_complex2      4  12.8     0    24     531    (-,-) 
  g15046/z           (u)     in_0->z R     unmapped_nand2         3  10.8     0    22     553    (-,-) 
  g15016/z           (u)     in_0->z R     unmapped_or2           4  14.4     0    24     577    (-,-) 
  g15010/z           (u)     in_0->z F     unmapped_nand2         1   3.2     0    17     594    (-,-) 
  g15002/z           (u)     in_0->z F     unmapped_complex2      1   3.2     0    17     611    (-,-) 
  g14998/z           (u)     in_1->z R     unmapped_nand2         3  10.8     0    22     632    (-,-) 
  g10004/z           (u)     in_1->z R     unmapped_or2           1   3.6     0    17     649    (-,-) 
  g14994/z           (u)     in_0->z F     unmapped_nand2         3   9.6     0    22     670    (-,-) 
  g14988/z           (u)     in_0->z R     unmapped_complex2      1   3.6     0    17     687    (-,-) 
  g14987/z           (u)     in_0->z F     unmapped_nand2         2   6.4     0    19     706    (-,-) 
  g14983/z           (u)     in_0->z R     unmapped_nand2         1   3.6     0    17     723    (-,-) 
  g14974/z           (u)     in_0->z F     unmapped_nand2         2   6.4     0    19     742    (-,-) 
  g14971/z           (u)     in_0->z R     unmapped_nand2         1   3.6     0    17     758    (-,-) 
  g10164/z           (u)     in_1->z F     unmapped_nand2         3   9.6     0    22     780    (-,-) 
  g10258/z           (u)     in_1->z R     unmapped_nand2         1   3.6     0    17     797    (-,-) 
  g14949/z           (u)     in_0->z F     unmapped_nand2         2   6.4     0    19     816    (-,-) 
  g14943/z           (u)     in_1->z F     unmapped_or2          10  32.0     0    38     853    (-,-) 
  g14939/z           (u)     in_1->z R     unmapped_nand2        13  46.8     0    41     894    (-,-) 
  g14919/z           (u)     in_0->z R     unmapped_or2           1   3.6     0    17     911    (-,-) 
  g14897/z           (u)     in_1->z F     unmapped_nand2         8  25.6     0    35     946    (-,-) 
  g15714/z           (u)     in_0->z F     unmapped_complex2      1   3.2     0    17     962    (-,-) 
  g14861/z           (u)     in_1->z F     unmapped_complex2      5  16.0     0    28     990    (-,-) 
  g15720/z           (u)     in_0->z F     unmapped_complex2      1   3.2     0    17    1007    (-,-) 
  g15724/z           (u)     in_1->z R     unmapped_complex2      2   7.2     0    19    1026    (-,-) 
  g14819/z           (u)     in_1->z R     unmapped_complex2      1   3.6     0    17    1042    (-,-) 
  g14793/z           (u)     in_1->z F     unmapped_nand2         5  16.0     0    28    1070    (-,-) 
  g14784/z           (u)     in_0->z F     unmapped_or2           7  22.4     0    33    1103    (-,-) 
  g15764/z           (u)     in_0->z F     unmapped_complex2      2   6.4     0    19    1122    (-,-) 
  g14687/z           (u)     in_0->z R     unmapped_nand2         2   7.2     0    19    1141    (-,-) 
  g14644/z           (u)     in_0->z F     unmapped_nand2         1   3.2     0    17    1157    (-,-) 
  g14633/z           (u)     in_1->z R     unmapped_nand2         1   3.6     0    17    1174    (-,-) 
  g14610/z           (u)     in_1->z R     unmapped_or2           1   0.3     0    14    1188    (-,-) 
  bf_out[2]          -       -       R     (port)                 -     -     -     0    1188    (-,-) 
#------------------------------------------------------------------------------------------------------

(u) : Net has unmapped pin(s).



Path 14: MET (332 ps) Late External Delay Assertion at pin bf_out[4]
           View: view_1p2_25
          Group: clock1
     Startpoint: (R) bf2_in_reg[12]/clk
          Clock: (R) clock1
       Endpoint: (R) bf_out[4]
          Clock: (R) clock1

                     Capture       Launch     
        Clock Edge:+    1515            0     
       Src Latency:+       0            0     
       Net Latency:+       0 (I)        0 (I) 
           Arrival:=    1515            0     
                                              
      Output Delay:-       1                  
       Uncertainty:-       0                  
     Required Time:=    1514                  
      Launch Clock:-       0                  
         Data Path:-    1182                  
             Slack:=     332                  

Exceptions/Constraints:
  output_delay              1              add_bf16_1C.sdc_line_21_44_1   

Launch clock path:
#-------------------------------------------------------------------------------------------------
#   Timing Point     Flags   Arc   Edge      Cell        Fanout Load Trans Delay Arrival Instance 
#                                                               (fF)  (ps)  (ps)   (ps)  Location 
#-------------------------------------------------------------------------------------------------
  clk                (i,u)   -     R     (arrival)           33  0.0     0     0       0    (-,-) 
  bf2_in_reg[12]/clk <<<     -     R     unmapped_d_flop     33    -     1     0       0    (-,-) 
#-------------------------------------------------------------------------------------------------

#------------------------------------------------------------------------------------------------------
#   Timing Point     Flags    Arc    Edge       Cell         Fanout  Load Trans Delay Arrival Instance 
#                                                                    (fF)  (ps)  (ps)   (ps)  Location 
#------------------------------------------------------------------------------------------------------
  bf2_in_reg[12]/clk -       -       R     (arrival)             33     -     1     0       0    (-,-) 
  bf2_in_reg[12]/q   (u)     clk->q  R     unmapped_d_flop        7  25.2     0   127     127    (-,-) 
  g15541/z           (u)     in_1->z R     unmapped_or2           1   3.6     0    17     144    (-,-) 
  g15542/z           (u)     in_1->z F     unmapped_nand2         6  19.2     0    30     174    (-,-) 
  g15522/z           (u)     in_1->z R     unmapped_nand2         1   3.6     0    17     191    (-,-) 
  g15329/z           (u)     in_1->z R     unmapped_or2           1   3.6     0    17     207    (-,-) 
  g15609/z           (u)     in_0->z R     unmapped_complex2      4  14.4     0    24     232    (-,-) 
  g15616/z           (u)     in_1->z F     unmapped_complex2      1   3.2     0    17     248    (-,-) 
  g12553/z           (u)     in_1->z F     unmapped_or2           1   3.2     0    17     265    (-,-) 
  g15269/z           (u)     in_0->z R     unmapped_nand2        37 133.2     0    56     320    (-,-) 
  g15630/z           (u)     in_0->z R     unmapped_complex2      1   3.6     0    17     337    (-,-) 
  g15205/z           (u)     in_1->z F     unmapped_nand2         8  25.6     0    35     372    (-,-) 
  g15170/z           (u)     in_1->z F     unmapped_or2           6  19.2     0    30     402    (-,-) 
  g15647/z           (u)     in_0->z F     unmapped_complex2      1   3.2     0    17     419    (-,-) 
  g15122/z           (u)     in_1->z R     unmapped_nand2         1   3.6     0    17     435    (-,-) 
  g15655/z           (u)     in_0->z R     unmapped_complex2      1   3.6     0    17     452    (-,-) 
  g15661/z           (u)     in_1->z F     unmapped_complex2      1   3.2     0    17     469    (-,-) 
  g15075/z           (u)     in_1->z R     unmapped_nand2         1   3.6     0    17     485    (-,-) 
  g15056/z           (u)     in_0->z R     unmapped_complex2      3  10.8     0    22     507    (-,-) 
  g15677/z           (u)     in_0->z R     unmapped_complex2      4  14.4     0    24     531    (-,-) 
  g15046/z           (u)     in_0->z F     unmapped_nand2         3   9.6     0    22     553    (-,-) 
  g15016/z           (u)     in_0->z F     unmapped_or2           4  12.8     0    24     577    (-,-) 
  g15010/z           (u)     in_0->z R     unmapped_nand2         1   3.6     0    17     594    (-,-) 
  g15002/z           (u)     in_0->z R     unmapped_complex2      1   3.6     0    17     611    (-,-) 
  g14998/z           (u)     in_1->z F     unmapped_nand2         3   9.6     0    22     632    (-,-) 
  g10004/z           (u)     in_1->z F     unmapped_or2           1   3.2     0    17     649    (-,-) 
  g14994/z           (u)     in_0->z R     unmapped_nand2         3  10.8     0    22     670    (-,-) 
  g14988/z           (u)     in_0->z F     unmapped_complex2      1   3.2     0    17     687    (-,-) 
  g14987/z           (u)     in_0->z R     unmapped_nand2         2   7.2     0    19     706    (-,-) 
  g14983/z           (u)     in_0->z F     unmapped_nand2         1   3.2     0    17     723    (-,-) 
  g14974/z           (u)     in_0->z R     unmapped_nand2         2   7.2     0    19     742    (-,-) 
  g14971/z           (u)     in_0->z F     unmapped_nand2         1   3.2     0    17     758    (-,-) 
  g10164/z           (u)     in_1->z R     unmapped_nand2         3  10.8     0    22     780    (-,-) 
  g10258/z           (u)     in_1->z F     unmapped_nand2         1   3.2     0    17     797    (-,-) 
  g14949/z           (u)     in_0->z R     unmapped_nand2         2   7.2     0    19     816    (-,-) 
  g14943/z           (u)     in_1->z R     unmapped_or2          10  36.0     0    38     853    (-,-) 
  g14939/z           (u)     in_1->z F     unmapped_nand2        13  41.6     0    41     894    (-,-) 
  g14919/z           (u)     in_0->z F     unmapped_or2           1   3.2     0    17     911    (-,-) 
  g14897/z           (u)     in_1->z R     unmapped_nand2         8  28.8     0    35     946    (-,-) 
  g15714/z           (u)     in_0->z R     unmapped_complex2      1   3.6     0    17     962    (-,-) 
  g14861/z           (u)     in_1->z R     unmapped_complex2      5  18.0     0    28     990    (-,-) 
  g15720/z           (u)     in_0->z R     unmapped_complex2      1   3.6     0    17    1007    (-,-) 
  g15724/z           (u)     in_1->z F     unmapped_complex2      2   6.4     0    19    1026    (-,-) 
  g14819/z           (u)     in_1->z F     unmapped_complex2      1   3.2     0    17    1042    (-,-) 
  g14793/z           (u)     in_1->z R     unmapped_nand2         5  18.0     0    28    1070    (-,-) 
  g15750/z           (u)     in_0->z F     unmapped_complex2      3   9.6     0    22    1092    (-,-) 
  g14736/z           (u)     in_0->z F     unmapped_or2           5  16.0     0    28    1119    (-,-) 
  g14676/z           (u)     in_0->z F     unmapped_complex2      1   3.2     0    17    1136    (-,-) 
  g14666/z           (u)     in_1->z R     unmapped_nand2         1   3.6     0    17    1152    (-,-) 
  g14625/z           (u)     in_1->z R     unmapped_or2           1   3.6     0    17    1169    (-,-) 
  g14618/z           (u)     in_1->z R     unmapped_or2           1   0.3     0    14    1182    (-,-) 
  bf_out[4]          -       -       R     (port)                 -     -     -     0    1182    (-,-) 
#------------------------------------------------------------------------------------------------------

(u) : Net has unmapped pin(s).



Path 15: MET (334 ps) Late External Delay Assertion at pin bf_out[3]
           View: view_1p2_25
          Group: clock1
     Startpoint: (R) bf2_in_reg[12]/clk
          Clock: (R) clock1
       Endpoint: (R) bf_out[3]
          Clock: (R) clock1

                     Capture       Launch     
        Clock Edge:+    1515            0     
       Src Latency:+       0            0     
       Net Latency:+       0 (I)        0 (I) 
           Arrival:=    1515            0     
                                              
      Output Delay:-       1                  
       Uncertainty:-       0                  
     Required Time:=    1514                  
      Launch Clock:-       0                  
         Data Path:-    1180                  
             Slack:=     334                  

Exceptions/Constraints:
  output_delay              1              add_bf16_1C.sdc_line_21_45_1   

Launch clock path:
#-------------------------------------------------------------------------------------------------
#   Timing Point     Flags   Arc   Edge      Cell        Fanout Load Trans Delay Arrival Instance 
#                                                               (fF)  (ps)  (ps)   (ps)  Location 
#-------------------------------------------------------------------------------------------------
  clk                (i,u)   -     R     (arrival)           33  0.0     0     0       0    (-,-) 
  bf2_in_reg[12]/clk <<<     -     R     unmapped_d_flop     33    -     1     0       0    (-,-) 
#-------------------------------------------------------------------------------------------------

#------------------------------------------------------------------------------------------------------
#   Timing Point     Flags    Arc    Edge       Cell         Fanout  Load Trans Delay Arrival Instance 
#                                                                    (fF)  (ps)  (ps)   (ps)  Location 
#------------------------------------------------------------------------------------------------------
  bf2_in_reg[12]/clk -       -       R     (arrival)             33     -     1     0       0    (-,-) 
  bf2_in_reg[12]/q   (u)     clk->q  R     unmapped_d_flop        7  25.2     0   127     127    (-,-) 
  g15541/z           (u)     in_1->z R     unmapped_or2           1   3.6     0    17     144    (-,-) 
  g15542/z           (u)     in_1->z F     unmapped_nand2         6  19.2     0    30     174    (-,-) 
  g15522/z           (u)     in_1->z R     unmapped_nand2         1   3.6     0    17     191    (-,-) 
  g15329/z           (u)     in_1->z R     unmapped_or2           1   3.6     0    17     207    (-,-) 
  g15609/z           (u)     in_0->z R     unmapped_complex2      4  14.4     0    24     232    (-,-) 
  g15616/z           (u)     in_1->z F     unmapped_complex2      1   3.2     0    17     248    (-,-) 
  g12553/z           (u)     in_1->z F     unmapped_or2           1   3.2     0    17     265    (-,-) 
  g15269/z           (u)     in_0->z R     unmapped_nand2        37 133.2     0    56     320    (-,-) 
  g15630/z           (u)     in_0->z R     unmapped_complex2      1   3.6     0    17     337    (-,-) 
  g15205/z           (u)     in_1->z F     unmapped_nand2         8  25.6     0    35     372    (-,-) 
  g15170/z           (u)     in_1->z F     unmapped_or2           6  19.2     0    30     402    (-,-) 
  g15647/z           (u)     in_0->z F     unmapped_complex2      1   3.2     0    17     419    (-,-) 
  g15122/z           (u)     in_1->z R     unmapped_nand2         1   3.6     0    17     435    (-,-) 
  g15655/z           (u)     in_0->z R     unmapped_complex2      1   3.6     0    17     452    (-,-) 
  g15661/z           (u)     in_1->z F     unmapped_complex2      1   3.2     0    17     469    (-,-) 
  g15075/z           (u)     in_1->z R     unmapped_nand2         1   3.6     0    17     485    (-,-) 
  g15056/z           (u)     in_0->z R     unmapped_complex2      3  10.8     0    22     507    (-,-) 
  g15677/z           (u)     in_0->z R     unmapped_complex2      4  14.4     0    24     531    (-,-) 
  g15046/z           (u)     in_0->z F     unmapped_nand2         3   9.6     0    22     553    (-,-) 
  g15016/z           (u)     in_0->z F     unmapped_or2           4  12.8     0    24     577    (-,-) 
  g15010/z           (u)     in_0->z R     unmapped_nand2         1   3.6     0    17     594    (-,-) 
  g15002/z           (u)     in_0->z R     unmapped_complex2      1   3.6     0    17     611    (-,-) 
  g14998/z           (u)     in_1->z F     unmapped_nand2         3   9.6     0    22     632    (-,-) 
  g10004/z           (u)     in_1->z F     unmapped_or2           1   3.2     0    17     649    (-,-) 
  g14994/z           (u)     in_0->z R     unmapped_nand2         3  10.8     0    22     670    (-,-) 
  g14988/z           (u)     in_0->z F     unmapped_complex2      1   3.2     0    17     687    (-,-) 
  g14987/z           (u)     in_0->z R     unmapped_nand2         2   7.2     0    19     706    (-,-) 
  g14983/z           (u)     in_0->z F     unmapped_nand2         1   3.2     0    17     723    (-,-) 
  g14974/z           (u)     in_0->z R     unmapped_nand2         2   7.2     0    19     742    (-,-) 
  g14971/z           (u)     in_0->z F     unmapped_nand2         1   3.2     0    17     758    (-,-) 
  g10164/z           (u)     in_1->z R     unmapped_nand2         3  10.8     0    22     780    (-,-) 
  g10258/z           (u)     in_1->z F     unmapped_nand2         1   3.2     0    17     797    (-,-) 
  g14949/z           (u)     in_0->z R     unmapped_nand2         2   7.2     0    19     816    (-,-) 
  g14943/z           (u)     in_1->z R     unmapped_or2          10  36.0     0    38     853    (-,-) 
  g14939/z           (u)     in_1->z F     unmapped_nand2        13  41.6     0    41     894    (-,-) 
  g14919/z           (u)     in_0->z F     unmapped_or2           1   3.2     0    17     911    (-,-) 
  g14897/z           (u)     in_1->z R     unmapped_nand2         8  28.8     0    35     946    (-,-) 
  g15714/z           (u)     in_0->z R     unmapped_complex2      1   3.6     0    17     962    (-,-) 
  g14861/z           (u)     in_1->z R     unmapped_complex2      5  18.0     0    28     990    (-,-) 
  g15720/z           (u)     in_0->z R     unmapped_complex2      1   3.6     0    17    1007    (-,-) 
  g15724/z           (u)     in_1->z F     unmapped_complex2      2   6.4     0    19    1026    (-,-) 
  g14819/z           (u)     in_1->z F     unmapped_complex2      1   3.2     0    17    1042    (-,-) 
  g14793/z           (u)     in_1->z R     unmapped_nand2         5  18.0     0    28    1070    (-,-) 
  g15751/z           (u)     in_0->z F     unmapped_complex2      6  19.2     0    30    1100    (-,-) 
  g15772/z           (u)     in_1->z F     unmapped_complex2      1   3.2     0    17    1117    (-,-) 
  g14681/z           (u)     in_0->z R     unmapped_complex2      1   3.6     0    17    1133    (-,-) 
  g15784/z           (u)     in_0->z R     unmapped_complex2      1   3.6     0    17    1150    (-,-) 
  g14635/z           (u)     in_1->z R     unmapped_complex2      1   3.6     0    17    1166    (-,-) 
  g14620/z           (u)     in_1->z R     unmapped_or2           1   0.3     0    14    1180    (-,-) 
  bf_out[3]          -       -       R     (port)                 -     -     -     0    1180    (-,-) 
#------------------------------------------------------------------------------------------------------

(u) : Net has unmapped pin(s).



Path 16: MET (365 ps) Late External Delay Assertion at pin bf_out[0]
           View: view_1p2_25
          Group: clock1
     Startpoint: (R) bf2_in_reg[12]/clk
          Clock: (R) clock1
       Endpoint: (R) bf_out[0]
          Clock: (R) clock1

                     Capture       Launch     
        Clock Edge:+    1515            0     
       Src Latency:+       0            0     
       Net Latency:+       0 (I)        0 (I) 
           Arrival:=    1515            0     
                                              
      Output Delay:-       1                  
       Uncertainty:-       0                  
     Required Time:=    1514                  
      Launch Clock:-       0                  
         Data Path:-    1149                  
             Slack:=     365                  

Exceptions/Constraints:
  output_delay              1              add_bf16_1C.sdc_line_21_48_1   

Launch clock path:
#-------------------------------------------------------------------------------------------------
#   Timing Point     Flags   Arc   Edge      Cell        Fanout Load Trans Delay Arrival Instance 
#                                                               (fF)  (ps)  (ps)   (ps)  Location 
#-------------------------------------------------------------------------------------------------
  clk                (i,u)   -     R     (arrival)           33  0.0     0     0       0    (-,-) 
  bf2_in_reg[12]/clk <<<     -     R     unmapped_d_flop     33    -     1     0       0    (-,-) 
#-------------------------------------------------------------------------------------------------

#------------------------------------------------------------------------------------------------------
#   Timing Point     Flags    Arc    Edge       Cell         Fanout  Load Trans Delay Arrival Instance 
#                                                                    (fF)  (ps)  (ps)   (ps)  Location 
#------------------------------------------------------------------------------------------------------
  bf2_in_reg[12]/clk -       -       R     (arrival)             33     -     1     0       0    (-,-) 
  bf2_in_reg[12]/q   (u)     clk->q  F     unmapped_d_flop        7  22.4     0   127     127    (-,-) 
  g15541/z           (u)     in_1->z F     unmapped_or2           1   3.2     0    17     144    (-,-) 
  g15542/z           (u)     in_1->z R     unmapped_nand2         6  21.6     0    30     174    (-,-) 
  g15522/z           (u)     in_1->z F     unmapped_nand2         1   3.2     0    17     191    (-,-) 
  g15329/z           (u)     in_1->z F     unmapped_or2           1   3.2     0    17     207    (-,-) 
  g15609/z           (u)     in_0->z F     unmapped_complex2      4  12.8     0    24     232    (-,-) 
  g15616/z           (u)     in_1->z R     unmapped_complex2      1   3.6     0    17     248    (-,-) 
  g12553/z           (u)     in_1->z R     unmapped_or2           1   3.6     0    17     265    (-,-) 
  g15269/z           (u)     in_0->z F     unmapped_nand2        37 118.4     0    56     320    (-,-) 
  g15630/z           (u)     in_0->z F     unmapped_complex2      1   3.2     0    17     337    (-,-) 
  g15205/z           (u)     in_1->z R     unmapped_nand2         8  28.8     0    35     372    (-,-) 
  g15170/z           (u)     in_1->z R     unmapped_or2           6  21.6     0    30     402    (-,-) 
  g15647/z           (u)     in_0->z R     unmapped_complex2      1   3.6     0    17     419    (-,-) 
  g15122/z           (u)     in_1->z F     unmapped_nand2         1   3.2     0    17     435    (-,-) 
  g15655/z           (u)     in_0->z F     unmapped_complex2      1   3.2     0    17     452    (-,-) 
  g15661/z           (u)     in_1->z R     unmapped_complex2      1   3.6     0    17     469    (-,-) 
  g15075/z           (u)     in_1->z F     unmapped_nand2         1   3.2     0    17     485    (-,-) 
  g15056/z           (u)     in_0->z F     unmapped_complex2      3   9.6     0    22     507    (-,-) 
  g15677/z           (u)     in_0->z F     unmapped_complex2      4  12.8     0    24     531    (-,-) 
  g15046/z           (u)     in_0->z R     unmapped_nand2         3  10.8     0    22     553    (-,-) 
  g15016/z           (u)     in_0->z R     unmapped_or2           4  14.4     0    24     577    (-,-) 
  g15010/z           (u)     in_0->z F     unmapped_nand2         1   3.2     0    17     594    (-,-) 
  g15002/z           (u)     in_0->z F     unmapped_complex2      1   3.2     0    17     611    (-,-) 
  g14998/z           (u)     in_1->z R     unmapped_nand2         3  10.8     0    22     632    (-,-) 
  g10004/z           (u)     in_1->z R     unmapped_or2           1   3.6     0    17     649    (-,-) 
  g14994/z           (u)     in_0->z F     unmapped_nand2         3   9.6     0    22     670    (-,-) 
  g14988/z           (u)     in_0->z R     unmapped_complex2      1   3.6     0    17     687    (-,-) 
  g14987/z           (u)     in_0->z F     unmapped_nand2         2   6.4     0    19     706    (-,-) 
  g14983/z           (u)     in_0->z R     unmapped_nand2         1   3.6     0    17     723    (-,-) 
  g14974/z           (u)     in_0->z F     unmapped_nand2         2   6.4     0    19     742    (-,-) 
  g14971/z           (u)     in_0->z R     unmapped_nand2         1   3.6     0    17     758    (-,-) 
  g10164/z           (u)     in_1->z F     unmapped_nand2         3   9.6     0    22     780    (-,-) 
  g10258/z           (u)     in_1->z R     unmapped_nand2         1   3.6     0    17     797    (-,-) 
  g14949/z           (u)     in_0->z F     unmapped_nand2         2   6.4     0    19     816    (-,-) 
  g14943/z           (u)     in_1->z F     unmapped_or2          10  32.0     0    38     853    (-,-) 
  g14939/z           (u)     in_1->z R     unmapped_nand2        13  46.8     0    41     894    (-,-) 
  g14919/z           (u)     in_0->z R     unmapped_or2           1   3.6     0    17     911    (-,-) 
  g14897/z           (u)     in_1->z F     unmapped_nand2         8  25.6     0    35     946    (-,-) 
  g15714/z           (u)     in_0->z F     unmapped_complex2      1   3.2     0    17     962    (-,-) 
  g14861/z           (u)     in_1->z F     unmapped_complex2      5  16.0     0    28     990    (-,-) 
  g15720/z           (u)     in_0->z F     unmapped_complex2      1   3.2     0    17    1007    (-,-) 
  g15724/z           (u)     in_1->z R     unmapped_complex2      2   7.2     0    19    1026    (-,-) 
  g14819/z           (u)     in_1->z R     unmapped_complex2      1   3.6     0    17    1042    (-,-) 
  g14793/z           (u)     in_1->z F     unmapped_nand2         5  16.0     0    28    1070    (-,-) 
  g14784/z           (u)     in_0->z F     unmapped_or2           7  22.4     0    33    1103    (-,-) 
  g14723/z           (u)     in_1->z F     unmapped_or2           1   3.2     0    17    1119    (-,-) 
  g14689/z           (u)     in_1->z R     unmapped_nand2         1   3.6     0    17    1136    (-,-) 
  g14645/z           (u)     in_0->z R     unmapped_complex2      1   0.3     0    14    1149    (-,-) 
  bf_out[0]          -       -       R     (port)                 -     -     -     0    1149    (-,-) 
#------------------------------------------------------------------------------------------------------

(u) : Net has unmapped pin(s).



Path 17: MET (557 ps) Late External Delay Assertion at pin bf_out[15]
           View: view_1p2_25
          Group: clock1
     Startpoint: (R) bf2_in_reg[12]/clk
          Clock: (R) clock1
       Endpoint: (R) bf_out[15]
          Clock: (R) clock1

                     Capture       Launch     
        Clock Edge:+    1515            0     
       Src Latency:+       0            0     
       Net Latency:+       0 (I)        0 (I) 
           Arrival:=    1515            0     
                                              
      Output Delay:-       1                  
       Uncertainty:-       0                  
     Required Time:=    1514                  
      Launch Clock:-       0                  
         Data Path:-     958                  
             Slack:=     557                  

Exceptions/Constraints:
  output_delay              1              add_bf16_1C.sdc_line_21   

Launch clock path:
#-------------------------------------------------------------------------------------------------
#   Timing Point     Flags   Arc   Edge      Cell        Fanout Load Trans Delay Arrival Instance 
#                                                               (fF)  (ps)  (ps)   (ps)  Location 
#-------------------------------------------------------------------------------------------------
  clk                (i,u)   -     R     (arrival)           33  0.0     0     0       0    (-,-) 
  bf2_in_reg[12]/clk <<<     -     R     unmapped_d_flop     33    -     1     0       0    (-,-) 
#-------------------------------------------------------------------------------------------------

#------------------------------------------------------------------------------------------------------
#   Timing Point     Flags    Arc    Edge       Cell         Fanout  Load Trans Delay Arrival Instance 
#                                                                    (fF)  (ps)  (ps)   (ps)  Location 
#------------------------------------------------------------------------------------------------------
  bf2_in_reg[12]/clk -       -       R     (arrival)             33     -     1     0       0    (-,-) 
  bf2_in_reg[12]/q   (u)     clk->q  R     unmapped_d_flop        7  25.2     0   127     127    (-,-) 
  g15541/z           (u)     in_1->z R     unmapped_or2           1   3.6     0    17     144    (-,-) 
  g15542/z           (u)     in_1->z F     unmapped_nand2         6  19.2     0    30     174    (-,-) 
  g15522/z           (u)     in_1->z R     unmapped_nand2         1   3.6     0    17     191    (-,-) 
  g15329/z           (u)     in_1->z R     unmapped_or2           1   3.6     0    17     207    (-,-) 
  g15609/z           (u)     in_0->z R     unmapped_complex2      4  14.4     0    24     232    (-,-) 
  g15616/z           (u)     in_1->z F     unmapped_complex2      1   3.2     0    17     248    (-,-) 
  g12553/z           (u)     in_1->z F     unmapped_or2           1   3.2     0    17     265    (-,-) 
  g15269/z           (u)     in_0->z R     unmapped_nand2        37 133.2     0    56     320    (-,-) 
  g15630/z           (u)     in_0->z R     unmapped_complex2      1   3.6     0    17     337    (-,-) 
  g15205/z           (u)     in_1->z F     unmapped_nand2         8  25.6     0    35     372    (-,-) 
  g15170/z           (u)     in_1->z F     unmapped_or2           6  19.2     0    30     402    (-,-) 
  g15647/z           (u)     in_0->z F     unmapped_complex2      1   3.2     0    17     419    (-,-) 
  g15122/z           (u)     in_1->z R     unmapped_nand2         1   3.6     0    17     435    (-,-) 
  g15655/z           (u)     in_0->z R     unmapped_complex2      1   3.6     0    17     452    (-,-) 
  g15661/z           (u)     in_1->z F     unmapped_complex2      1   3.2     0    17     469    (-,-) 
  g15075/z           (u)     in_1->z R     unmapped_nand2         1   3.6     0    17     485    (-,-) 
  g15056/z           (u)     in_0->z R     unmapped_complex2      3  10.8     0    22     507    (-,-) 
  g15677/z           (u)     in_0->z R     unmapped_complex2      4  14.4     0    24     531    (-,-) 
  g15046/z           (u)     in_0->z F     unmapped_nand2         3   9.6     0    22     553    (-,-) 
  g15016/z           (u)     in_0->z F     unmapped_or2           4  12.8     0    24     577    (-,-) 
  g15010/z           (u)     in_0->z R     unmapped_nand2         1   3.6     0    17     594    (-,-) 
  g15002/z           (u)     in_0->z R     unmapped_complex2      1   3.6     0    17     611    (-,-) 
  g14998/z           (u)     in_1->z F     unmapped_nand2         3   9.6     0    22     632    (-,-) 
  g10004/z           (u)     in_1->z F     unmapped_or2           1   3.2     0    17     649    (-,-) 
  g14994/z           (u)     in_0->z R     unmapped_nand2         3  10.8     0    22     670    (-,-) 
  g14988/z           (u)     in_0->z F     unmapped_complex2      1   3.2     0    17     687    (-,-) 
  g14987/z           (u)     in_0->z R     unmapped_nand2         2   7.2     0    19     706    (-,-) 
  g14983/z           (u)     in_0->z F     unmapped_nand2         1   3.2     0    17     723    (-,-) 
  g14974/z           (u)     in_0->z R     unmapped_nand2         2   7.2     0    19     742    (-,-) 
  g14971/z           (u)     in_0->z F     unmapped_nand2         1   3.2     0    17     758    (-,-) 
  g10164/z           (u)     in_1->z R     unmapped_nand2         3  10.8     0    22     780    (-,-) 
  g10258/z           (u)     in_1->z F     unmapped_nand2         1   3.2     0    17     797    (-,-) 
  g14949/z           (u)     in_0->z R     unmapped_nand2         2   7.2     0    19     816    (-,-) 
  g14943/z           (u)     in_1->z R     unmapped_or2          10  36.0     0    38     853    (-,-) 
  g14939/z           (u)     in_1->z F     unmapped_nand2        13  41.6     0    41     894    (-,-) 
  g14927/z           (u)     in_0->z F     unmapped_or2           1   3.2     0    17     911    (-,-) 
  g15713/z           (u)     in_0->z R     unmapped_complex2      1   3.6     0    17     927    (-,-) 
  g14885/z           (u)     in_0->z F     unmapped_nand2         1   3.2     0    17     944    (-,-) 
  g14868/z           (u)     in_0->z R     unmapped_nand2         1   0.3     0    14     958    (-,-) 
  bf_out[15]         -       -       R     (port)                 -     -     -     0     958    (-,-) 
#------------------------------------------------------------------------------------------------------

(u) : Net has unmapped pin(s).



Path 18: MET (657 ps) Late External Delay Assertion at pin overflow
           View: view_1p2_25
          Group: clock1
     Startpoint: (R) bf2_in_reg[12]/clk
          Clock: (R) clock1
       Endpoint: (R) overflow
          Clock: (R) clock1

                     Capture       Launch     
        Clock Edge:+    1515            0     
       Src Latency:+       0            0     
       Net Latency:+       0 (I)        0 (I) 
           Arrival:=    1515            0     
                                              
      Output Delay:-       1                  
       Uncertainty:-       0                  
     Required Time:=    1514                  
      Launch Clock:-       0                  
         Data Path:-     857                  
             Slack:=     657                  

Exceptions/Constraints:
  output_delay              1              add_bf16_1C.sdc_line_21_49_1   

Launch clock path:
#-------------------------------------------------------------------------------------------------
#   Timing Point     Flags   Arc   Edge      Cell        Fanout Load Trans Delay Arrival Instance 
#                                                               (fF)  (ps)  (ps)   (ps)  Location 
#-------------------------------------------------------------------------------------------------
  clk                (i,u)   -     R     (arrival)           33  0.0     0     0       0    (-,-) 
  bf2_in_reg[12]/clk <<<     -     R     unmapped_d_flop     33    -     1     0       0    (-,-) 
#-------------------------------------------------------------------------------------------------

#------------------------------------------------------------------------------------------------------
#   Timing Point     Flags    Arc    Edge       Cell         Fanout  Load Trans Delay Arrival Instance 
#                                                                    (fF)  (ps)  (ps)   (ps)  Location 
#------------------------------------------------------------------------------------------------------
  bf2_in_reg[12]/clk -       -       R     (arrival)             33     -     1     0       0    (-,-) 
  bf2_in_reg[12]/q   (u)     clk->q  F     unmapped_d_flop        7  22.4     0   127     127    (-,-) 
  g15541/z           (u)     in_1->z F     unmapped_or2           1   3.2     0    17     144    (-,-) 
  g15542/z           (u)     in_1->z R     unmapped_nand2         6  21.6     0    30     174    (-,-) 
  g15522/z           (u)     in_1->z F     unmapped_nand2         1   3.2     0    17     191    (-,-) 
  g15329/z           (u)     in_1->z F     unmapped_or2           1   3.2     0    17     207    (-,-) 
  g15609/z           (u)     in_0->z F     unmapped_complex2      4  12.8     0    24     232    (-,-) 
  g15616/z           (u)     in_1->z R     unmapped_complex2      1   3.6     0    17     248    (-,-) 
  g12553/z           (u)     in_1->z R     unmapped_or2           1   3.6     0    17     265    (-,-) 
  g15269/z           (u)     in_0->z F     unmapped_nand2        37 118.4     0    56     320    (-,-) 
  g15630/z           (u)     in_0->z F     unmapped_complex2      1   3.2     0    17     337    (-,-) 
  g15205/z           (u)     in_1->z R     unmapped_nand2         8  28.8     0    35     372    (-,-) 
  g15170/z           (u)     in_1->z R     unmapped_or2           6  21.6     0    30     402    (-,-) 
  g15652/z           (u)     in_0->z R     unmapped_complex2      1   3.6     0    17     419    (-,-) 
  g15127/z           (u)     in_1->z F     unmapped_nand2         1   3.2     0    17     435    (-,-) 
  g15119/z           (u)     in_1->z F     unmapped_complex2      1   3.2     0    17     452    (-,-) 
  g15664/z           (u)     in_1->z R     unmapped_complex2      1   3.6     0    17     469    (-,-) 
  g15080/z           (u)     in_1->z F     unmapped_nand2         4  12.8     0    24     493    (-,-) 
  g10183/z           (u)     in_1->z R     unmapped_nand2         2   7.2     0    19     512    (-,-) 
  g15063/z           (u)     in_0->z F     unmapped_nand2         7  22.4     0    33     545    (-,-) 
  g10181/z           (u)     in_1->z F     unmapped_or2           1   3.2     0    17     561    (-,-) 
  g15018/z           (u)     in_1->z R     unmapped_nand2         3  10.8     0    22     583    (-,-) 
  g15013/z           (u)     in_0->z F     unmapped_nand2         1   3.2     0    17     600    (-,-) 
  g15012/z           (u)     in_0->z R     unmapped_nand2         3  10.8     0    22     621    (-,-) 
  g15006/z           (u)     in_0->z F     unmapped_nand2         1   3.2     0    17     638    (-,-) 
  g15000/z           (u)     in_0->z R     unmapped_nand2         2   7.2     0    19     657    (-,-) 
  g15688/z           (u)     in_0->z F     unmapped_complex2      1   3.2     0    17     674    (-,-) 
  g14993/z           (u)     in_0->z R     unmapped_nand2         2   7.2     0    19     693    (-,-) 
  g14990/z           (u)     in_0->z F     unmapped_complex2      1   3.2     0    17     709    (-,-) 
  g14986/z           (u)     in_0->z R     unmapped_nand2         3  10.8     0    22     731    (-,-) 
  g15692/z           (u)     in_0->z F     unmapped_complex2      1   3.2     0    17     747    (-,-) 
  g14976/z           (u)     in_0->z R     unmapped_nand2         2   7.2     0    19     766    (-,-) 
  g15695/z           (u)     in_0->z R     unmapped_complex2      2   7.2     0    19     786    (-,-) 
  g14970/z           (u)     in_1->z F     unmapped_complex2     25  16.0     0    39     824    (-,-) 
  g14955/z           (u)     in_0->z R     unmapped_complex2      2   7.2     0    19     844    (-,-) 
  g15704/z           (u)     in_0->z R     unmapped_complex2      1   0.3     0    14     857    (-,-) 
  overflow           -       -       R     (port)                 -     -     -     0     857    (-,-) 
#------------------------------------------------------------------------------------------------------

(u) : Net has unmapped pin(s).



Path 19: MET (1280 ps) Late External Delay Assertion at pin invalid
           View: view_1p2_25
          Group: clock1
     Startpoint: (R) bf1_in_reg[8]/clk
          Clock: (R) clock1
       Endpoint: (R) invalid
          Clock: (R) clock1

                     Capture       Launch     
        Clock Edge:+    1515            0     
       Src Latency:+       0            0     
       Net Latency:+       0 (I)        0 (I) 
           Arrival:=    1515            0     
                                              
      Output Delay:-       1                  
       Uncertainty:-       0                  
     Required Time:=    1514                  
      Launch Clock:-       0                  
         Data Path:-     234                  
             Slack:=    1280                  

Exceptions/Constraints:
  output_delay              1              add_bf16_1C.sdc_line_21_51_1   

Launch clock path:
#------------------------------------------------------------------------------------------------
#   Timing Point    Flags   Arc   Edge      Cell        Fanout Load Trans Delay Arrival Instance 
#                                                              (fF)  (ps)  (ps)   (ps)  Location 
#------------------------------------------------------------------------------------------------
  clk               (i,u)   -     R     (arrival)           33  0.0     0     0       0    (-,-) 
  bf1_in_reg[8]/clk <<<     -     R     unmapped_d_flop     33    -     1     0       0    (-,-) 
#------------------------------------------------------------------------------------------------

#----------------------------------------------------------------------------------------------------
#   Timing Point    Flags    Arc    Edge       Cell         Fanout Load Trans Delay Arrival Instance 
#                                                                  (fF)  (ps)  (ps)   (ps)  Location 
#----------------------------------------------------------------------------------------------------
  bf1_in_reg[8]/clk -       -       R     (arrival)             33    -     1     0       0    (-,-) 
  bf1_in_reg[8]/q   (u)     clk->q  R     unmapped_d_flop        8 28.8     0   130     130    (-,-) 
  g15559/z          (u)     in_1->z F     unmapped_nand2         1  3.2     0    17     146    (-,-) 
  g15449/z          (u)     in_1->z F     unmapped_or2           1  3.2     0    17     163    (-,-) 
  g15415/z          (u)     in_1->z F     unmapped_or2           2  6.4     0    19     182    (-,-) 
  g15607/z          (u)     in_1->z F     unmapped_complex2      2  6.4     0    19     201    (-,-) 
  g15309/z          (u)     in_1->z F     unmapped_complex2      1  3.2     0    17     218    (-,-) 
  g15300/z          (u)     in_1->z R     unmapped_nand2         2  3.9     0    17     234    (-,-) 
  invalid           -       -       R     (port)                 -    -     -     0     234    (-,-) 
#----------------------------------------------------------------------------------------------------

(u) : Net has unmapped pin(s).



Path 20: MET (1314 ps) Setup Check with Pin bf2_in_reg[10]/clk->d
           View: view_1p2_25
          Group: clock1
     Startpoint: (R) bf2_in_reg[10]/clk
          Clock: (R) clock1
       Endpoint: (R) bf2_in_reg[10]/d
          Clock: (R) clock1

                     Capture       Launch     
        Clock Edge:+    1515            0     
       Src Latency:+       0            0     
       Net Latency:+       0 (I)        0 (I) 
           Arrival:=    1515            0     
                                              
             Setup:-      38                  
       Uncertainty:-       0                  
     Required Time:=    1477                  
      Launch Clock:-       0                  
         Data Path:-     163                  
             Slack:=    1314                  

Launch clock path:
#-------------------------------------------------------------------------------------------------
#   Timing Point     Flags   Arc   Edge      Cell        Fanout Load Trans Delay Arrival Instance 
#                                                               (fF)  (ps)  (ps)   (ps)  Location 
#-------------------------------------------------------------------------------------------------
  clk                (i,u)   -     R     (arrival)           33  0.0     0     0       0    (-,-) 
  bf2_in_reg[10]/clk <<<     -     R     unmapped_d_flop     33    -     1     0       0    (-,-) 
#-------------------------------------------------------------------------------------------------

#---------------------------------------------------------------------------------------------------
#   Timing Point     Flags    Arc    Edge      Cell        Fanout Load Trans Delay Arrival Instance 
#                                                                 (fF)  (ps)  (ps)   (ps)  Location 
#---------------------------------------------------------------------------------------------------
  bf2_in_reg[10]/clk -       -       R     (arrival)           33    -     1     0       0    (-,-) 
  bf2_in_reg[10]/q   (u)     clk->q  R     unmapped_d_flop      8 28.8     0   130     130    (-,-) 
  g15492/z           (u)     in_0->z F     unmapped_nand2       1  3.2     0    17     146    (-,-) 
  g15385/z           (u)     in_0->z R     unmapped_nand2       1  3.6     0    17     163    (-,-) 
  bf2_in_reg[10]/d   -       -       R     unmapped_d_flop      1    -     -     0     163    (-,-) 
#---------------------------------------------------------------------------------------------------

(u) : Net has unmapped pin(s).

Capture clock path:
#-------------------------------------------------------------------------------------------------
#   Timing Point     Flags   Arc   Edge      Cell        Fanout Load Trans Delay Arrival Instance 
#                                                               (fF)  (ps)  (ps)   (ps)  Location 
#-------------------------------------------------------------------------------------------------
  clk                (i,u)   -     R     (arrival)           33  0.0     0     0    1515    (-,-) 
  bf2_in_reg[10]/clk <<<     -     R     unmapped_d_flop     33    -     1     0    1515    (-,-) 
#-------------------------------------------------------------------------------------------------



Path 21: MET (1314 ps) Setup Check with Pin bf2_in_reg[8]/clk->d
           View: view_1p2_25
          Group: clock1
     Startpoint: (R) bf2_in_reg[8]/clk
          Clock: (R) clock1
       Endpoint: (R) bf2_in_reg[8]/d
          Clock: (R) clock1

                     Capture       Launch     
        Clock Edge:+    1515            0     
       Src Latency:+       0            0     
       Net Latency:+       0 (I)        0 (I) 
           Arrival:=    1515            0     
                                              
             Setup:-      38                  
       Uncertainty:-       0                  
     Required Time:=    1477                  
      Launch Clock:-       0                  
         Data Path:-     163                  
             Slack:=    1314                  

Launch clock path:
#------------------------------------------------------------------------------------------------
#   Timing Point    Flags   Arc   Edge      Cell        Fanout Load Trans Delay Arrival Instance 
#                                                              (fF)  (ps)  (ps)   (ps)  Location 
#------------------------------------------------------------------------------------------------
  clk               (i,u)   -     R     (arrival)           33  0.0     0     0       0    (-,-) 
  bf2_in_reg[8]/clk <<<     -     R     unmapped_d_flop     33    -     1     0       0    (-,-) 
#------------------------------------------------------------------------------------------------

#--------------------------------------------------------------------------------------------------
#   Timing Point    Flags    Arc    Edge      Cell        Fanout Load Trans Delay Arrival Instance 
#                                                                (fF)  (ps)  (ps)   (ps)  Location 
#--------------------------------------------------------------------------------------------------
  bf2_in_reg[8]/clk -       -       R     (arrival)           33    -     1     0       0    (-,-) 
  bf2_in_reg[8]/q   (u)     clk->q  R     unmapped_d_flop      8 28.8     0   130     130    (-,-) 
  g15481/z          (u)     in_0->z F     unmapped_nand2       1  3.2     0    17     146    (-,-) 
  g15389/z          (u)     in_0->z R     unmapped_nand2       1  3.6     0    17     163    (-,-) 
  bf2_in_reg[8]/d   -       -       R     unmapped_d_flop      1    -     -     0     163    (-,-) 
#--------------------------------------------------------------------------------------------------

(u) : Net has unmapped pin(s).

Capture clock path:
#------------------------------------------------------------------------------------------------
#   Timing Point    Flags   Arc   Edge      Cell        Fanout Load Trans Delay Arrival Instance 
#                                                              (fF)  (ps)  (ps)   (ps)  Location 
#------------------------------------------------------------------------------------------------
  clk               (i,u)   -     R     (arrival)           33  0.0     0     0    1515    (-,-) 
  bf2_in_reg[8]/clk <<<     -     R     unmapped_d_flop     33    -     1     0    1515    (-,-) 
#------------------------------------------------------------------------------------------------



Path 22: MET (1314 ps) Setup Check with Pin bf1_in_reg[10]/clk->d
           View: view_1p2_25
          Group: clock1
     Startpoint: (R) bf1_in_reg[10]/clk
          Clock: (R) clock1
       Endpoint: (R) bf1_in_reg[10]/d
          Clock: (R) clock1

                     Capture       Launch     
        Clock Edge:+    1515            0     
       Src Latency:+       0            0     
       Net Latency:+       0 (I)        0 (I) 
           Arrival:=    1515            0     
                                              
             Setup:-      38                  
       Uncertainty:-       0                  
     Required Time:=    1477                  
      Launch Clock:-       0                  
         Data Path:-     163                  
             Slack:=    1314                  

Launch clock path:
#-------------------------------------------------------------------------------------------------
#   Timing Point     Flags   Arc   Edge      Cell        Fanout Load Trans Delay Arrival Instance 
#                                                               (fF)  (ps)  (ps)   (ps)  Location 
#-------------------------------------------------------------------------------------------------
  clk                (i,u)   -     R     (arrival)           33  0.0     0     0       0    (-,-) 
  bf1_in_reg[10]/clk <<<     -     R     unmapped_d_flop     33    -     1     0       0    (-,-) 
#-------------------------------------------------------------------------------------------------

#---------------------------------------------------------------------------------------------------
#   Timing Point     Flags    Arc    Edge      Cell        Fanout Load Trans Delay Arrival Instance 
#                                                                 (fF)  (ps)  (ps)   (ps)  Location 
#---------------------------------------------------------------------------------------------------
  bf1_in_reg[10]/clk -       -       R     (arrival)           33    -     1     0       0    (-,-) 
  bf1_in_reg[10]/q   (u)     clk->q  R     unmapped_d_flop      8 28.8     0   130     130    (-,-) 
  g15426/z           (u)     in_0->z F     unmapped_nand2       1  3.2     0    17     146    (-,-) 
  g15423/z           (u)     in_0->z R     unmapped_nand2       1  3.6     0    17     163    (-,-) 
  bf1_in_reg[10]/d   -       -       R     unmapped_d_flop      1    -     -     0     163    (-,-) 
#---------------------------------------------------------------------------------------------------

(u) : Net has unmapped pin(s).

Capture clock path:
#-------------------------------------------------------------------------------------------------
#   Timing Point     Flags   Arc   Edge      Cell        Fanout Load Trans Delay Arrival Instance 
#                                                               (fF)  (ps)  (ps)   (ps)  Location 
#-------------------------------------------------------------------------------------------------
  clk                (i,u)   -     R     (arrival)           33  0.0     0     0    1515    (-,-) 
  bf1_in_reg[10]/clk <<<     -     R     unmapped_d_flop     33    -     1     0    1515    (-,-) 
#-------------------------------------------------------------------------------------------------



Path 23: MET (1314 ps) Setup Check with Pin bf1_in_reg[8]/clk->d
           View: view_1p2_25
          Group: clock1
     Startpoint: (R) bf1_in_reg[8]/clk
          Clock: (R) clock1
       Endpoint: (R) bf1_in_reg[8]/d
          Clock: (R) clock1

                     Capture       Launch     
        Clock Edge:+    1515            0     
       Src Latency:+       0            0     
       Net Latency:+       0 (I)        0 (I) 
           Arrival:=    1515            0     
                                              
             Setup:-      38                  
       Uncertainty:-       0                  
     Required Time:=    1477                  
      Launch Clock:-       0                  
         Data Path:-     163                  
             Slack:=    1314                  

Launch clock path:
#------------------------------------------------------------------------------------------------
#   Timing Point    Flags   Arc   Edge      Cell        Fanout Load Trans Delay Arrival Instance 
#                                                              (fF)  (ps)  (ps)   (ps)  Location 
#------------------------------------------------------------------------------------------------
  clk               (i,u)   -     R     (arrival)           33  0.0     0     0       0    (-,-) 
  bf1_in_reg[8]/clk <<<     -     R     unmapped_d_flop     33    -     1     0       0    (-,-) 
#------------------------------------------------------------------------------------------------

#--------------------------------------------------------------------------------------------------
#   Timing Point    Flags    Arc    Edge      Cell        Fanout Load Trans Delay Arrival Instance 
#                                                                (fF)  (ps)  (ps)   (ps)  Location 
#--------------------------------------------------------------------------------------------------
  bf1_in_reg[8]/clk -       -       R     (arrival)           33    -     1     0       0    (-,-) 
  bf1_in_reg[8]/q   (u)     clk->q  R     unmapped_d_flop      8 28.8     0   130     130    (-,-) 
  g15437/z          (u)     in_0->z F     unmapped_nand2       1  3.2     0    17     146    (-,-) 
  g15421/z          (u)     in_0->z R     unmapped_nand2       1  3.6     0    17     163    (-,-) 
  bf1_in_reg[8]/d   -       -       R     unmapped_d_flop      1    -     -     0     163    (-,-) 
#--------------------------------------------------------------------------------------------------

(u) : Net has unmapped pin(s).

Capture clock path:
#------------------------------------------------------------------------------------------------
#   Timing Point    Flags   Arc   Edge      Cell        Fanout Load Trans Delay Arrival Instance 
#                                                              (fF)  (ps)  (ps)   (ps)  Location 
#------------------------------------------------------------------------------------------------
  clk               (i,u)   -     R     (arrival)           33  0.0     0     0    1515    (-,-) 
  bf1_in_reg[8]/clk <<<     -     R     unmapped_d_flop     33    -     1     0    1515    (-,-) 
#------------------------------------------------------------------------------------------------



Path 24: MET (1317 ps) Setup Check with Pin bf2_in_reg[13]/clk->d
           View: view_1p2_25
          Group: clock1
     Startpoint: (R) bf2_in_reg[13]/clk
          Clock: (R) clock1
       Endpoint: (R) bf2_in_reg[13]/d
          Clock: (R) clock1

                     Capture       Launch     
        Clock Edge:+    1515            0     
       Src Latency:+       0            0     
       Net Latency:+       0 (I)        0 (I) 
           Arrival:=    1515            0     
                                              
             Setup:-      38                  
       Uncertainty:-       0                  
     Required Time:=    1477                  
      Launch Clock:-       0                  
         Data Path:-     160                  
             Slack:=    1317                  

Launch clock path:
#-------------------------------------------------------------------------------------------------
#   Timing Point     Flags   Arc   Edge      Cell        Fanout Load Trans Delay Arrival Instance 
#                                                               (fF)  (ps)  (ps)   (ps)  Location 
#-------------------------------------------------------------------------------------------------
  clk                (i,u)   -     R     (arrival)           33  0.0     0     0       0    (-,-) 
  bf2_in_reg[13]/clk <<<     -     R     unmapped_d_flop     33    -     1     0       0    (-,-) 
#-------------------------------------------------------------------------------------------------

#---------------------------------------------------------------------------------------------------
#   Timing Point     Flags    Arc    Edge      Cell        Fanout Load Trans Delay Arrival Instance 
#                                                                 (fF)  (ps)  (ps)   (ps)  Location 
#---------------------------------------------------------------------------------------------------
  bf2_in_reg[13]/clk -       -       R     (arrival)           33    -     1     0       0    (-,-) 
  bf2_in_reg[13]/q   (u)     clk->q  R     unmapped_d_flop      7 25.2     0   127     127    (-,-) 
  g15501/z           (u)     in_0->z F     unmapped_nand2       1  3.2     0    17     144    (-,-) 
  g15378/z           (u)     in_0->z R     unmapped_nand2       1  3.6     0    17     160    (-,-) 
  bf2_in_reg[13]/d   -       -       R     unmapped_d_flop      1    -     -     0     160    (-,-) 
#---------------------------------------------------------------------------------------------------

(u) : Net has unmapped pin(s).

Capture clock path:
#-------------------------------------------------------------------------------------------------
#   Timing Point     Flags   Arc   Edge      Cell        Fanout Load Trans Delay Arrival Instance 
#                                                               (fF)  (ps)  (ps)   (ps)  Location 
#-------------------------------------------------------------------------------------------------
  clk                (i,u)   -     R     (arrival)           33  0.0     0     0    1515    (-,-) 
  bf2_in_reg[13]/clk <<<     -     R     unmapped_d_flop     33    -     1     0    1515    (-,-) 
#-------------------------------------------------------------------------------------------------



Path 25: MET (1317 ps) Setup Check with Pin bf2_in_reg[12]/clk->d
           View: view_1p2_25
          Group: clock1
     Startpoint: (R) bf2_in_reg[12]/clk
          Clock: (R) clock1
       Endpoint: (R) bf2_in_reg[12]/d
          Clock: (R) clock1

                     Capture       Launch     
        Clock Edge:+    1515            0     
       Src Latency:+       0            0     
       Net Latency:+       0 (I)        0 (I) 
           Arrival:=    1515            0     
                                              
             Setup:-      38                  
       Uncertainty:-       0                  
     Required Time:=    1477                  
      Launch Clock:-       0                  
         Data Path:-     160                  
             Slack:=    1317                  

Launch clock path:
#-------------------------------------------------------------------------------------------------
#   Timing Point     Flags   Arc   Edge      Cell        Fanout Load Trans Delay Arrival Instance 
#                                                               (fF)  (ps)  (ps)   (ps)  Location 
#-------------------------------------------------------------------------------------------------
  clk                (i,u)   -     R     (arrival)           33  0.0     0     0       0    (-,-) 
  bf2_in_reg[12]/clk <<<     -     R     unmapped_d_flop     33    -     1     0       0    (-,-) 
#-------------------------------------------------------------------------------------------------

#---------------------------------------------------------------------------------------------------
#   Timing Point     Flags    Arc    Edge      Cell        Fanout Load Trans Delay Arrival Instance 
#                                                                 (fF)  (ps)  (ps)   (ps)  Location 
#---------------------------------------------------------------------------------------------------
  bf2_in_reg[12]/clk -       -       R     (arrival)           33    -     1     0       0    (-,-) 
  bf2_in_reg[12]/q   (u)     clk->q  R     unmapped_d_flop      7 25.2     0   127     127    (-,-) 
  g15498/z           (u)     in_0->z F     unmapped_nand2       1  3.2     0    17     144    (-,-) 
  g15382/z           (u)     in_0->z R     unmapped_nand2       1  3.6     0    17     160    (-,-) 
  bf2_in_reg[12]/d   -       -       R     unmapped_d_flop      1    -     -     0     160    (-,-) 
#---------------------------------------------------------------------------------------------------

(u) : Net has unmapped pin(s).

Capture clock path:
#-------------------------------------------------------------------------------------------------
#   Timing Point     Flags   Arc   Edge      Cell        Fanout Load Trans Delay Arrival Instance 
#                                                               (fF)  (ps)  (ps)   (ps)  Location 
#-------------------------------------------------------------------------------------------------
  clk                (i,u)   -     R     (arrival)           33  0.0     0     0    1515    (-,-) 
  bf2_in_reg[12]/clk <<<     -     R     unmapped_d_flop     33    -     1     0    1515    (-,-) 
#-------------------------------------------------------------------------------------------------



Path 26: MET (1317 ps) Setup Check with Pin bf2_in_reg[11]/clk->d
           View: view_1p2_25
          Group: clock1
     Startpoint: (R) bf2_in_reg[11]/clk
          Clock: (R) clock1
       Endpoint: (R) bf2_in_reg[11]/d
          Clock: (R) clock1

                     Capture       Launch     
        Clock Edge:+    1515            0     
       Src Latency:+       0            0     
       Net Latency:+       0 (I)        0 (I) 
           Arrival:=    1515            0     
                                              
             Setup:-      38                  
       Uncertainty:-       0                  
     Required Time:=    1477                  
      Launch Clock:-       0                  
         Data Path:-     160                  
             Slack:=    1317                  

Launch clock path:
#-------------------------------------------------------------------------------------------------
#   Timing Point     Flags   Arc   Edge      Cell        Fanout Load Trans Delay Arrival Instance 
#                                                               (fF)  (ps)  (ps)   (ps)  Location 
#-------------------------------------------------------------------------------------------------
  clk                (i,u)   -     R     (arrival)           33  0.0     0     0       0    (-,-) 
  bf2_in_reg[11]/clk <<<     -     R     unmapped_d_flop     33    -     1     0       0    (-,-) 
#-------------------------------------------------------------------------------------------------

#---------------------------------------------------------------------------------------------------
#   Timing Point     Flags    Arc    Edge      Cell        Fanout Load Trans Delay Arrival Instance 
#                                                                 (fF)  (ps)  (ps)   (ps)  Location 
#---------------------------------------------------------------------------------------------------
  bf2_in_reg[11]/clk -       -       R     (arrival)           33    -     1     0       0    (-,-) 
  bf2_in_reg[11]/q   (u)     clk->q  R     unmapped_d_flop      7 25.2     0   127     127    (-,-) 
  g15495/z           (u)     in_0->z F     unmapped_nand2       1  3.2     0    17     144    (-,-) 
  g15383/z           (u)     in_0->z R     unmapped_nand2       1  3.6     0    17     160    (-,-) 
  bf2_in_reg[11]/d   -       -       R     unmapped_d_flop      1    -     -     0     160    (-,-) 
#---------------------------------------------------------------------------------------------------

(u) : Net has unmapped pin(s).

Capture clock path:
#-------------------------------------------------------------------------------------------------
#   Timing Point     Flags   Arc   Edge      Cell        Fanout Load Trans Delay Arrival Instance 
#                                                               (fF)  (ps)  (ps)   (ps)  Location 
#-------------------------------------------------------------------------------------------------
  clk                (i,u)   -     R     (arrival)           33  0.0     0     0    1515    (-,-) 
  bf2_in_reg[11]/clk <<<     -     R     unmapped_d_flop     33    -     1     0    1515    (-,-) 
#-------------------------------------------------------------------------------------------------



Path 27: MET (1317 ps) Setup Check with Pin bf2_in_reg[9]/clk->d
           View: view_1p2_25
          Group: clock1
     Startpoint: (R) bf2_in_reg[9]/clk
          Clock: (R) clock1
       Endpoint: (R) bf2_in_reg[9]/d
          Clock: (R) clock1

                     Capture       Launch     
        Clock Edge:+    1515            0     
       Src Latency:+       0            0     
       Net Latency:+       0 (I)        0 (I) 
           Arrival:=    1515            0     
                                              
             Setup:-      38                  
       Uncertainty:-       0                  
     Required Time:=    1477                  
      Launch Clock:-       0                  
         Data Path:-     160                  
             Slack:=    1317                  

Launch clock path:
#------------------------------------------------------------------------------------------------
#   Timing Point    Flags   Arc   Edge      Cell        Fanout Load Trans Delay Arrival Instance 
#                                                              (fF)  (ps)  (ps)   (ps)  Location 
#------------------------------------------------------------------------------------------------
  clk               (i,u)   -     R     (arrival)           33  0.0     0     0       0    (-,-) 
  bf2_in_reg[9]/clk <<<     -     R     unmapped_d_flop     33    -     1     0       0    (-,-) 
#------------------------------------------------------------------------------------------------

#--------------------------------------------------------------------------------------------------
#   Timing Point    Flags    Arc    Edge      Cell        Fanout Load Trans Delay Arrival Instance 
#                                                                (fF)  (ps)  (ps)   (ps)  Location 
#--------------------------------------------------------------------------------------------------
  bf2_in_reg[9]/clk -       -       R     (arrival)           33    -     1     0       0    (-,-) 
  bf2_in_reg[9]/q   (u)     clk->q  R     unmapped_d_flop      7 25.2     0   127     127    (-,-) 
  g15484/z          (u)     in_0->z F     unmapped_nand2       1  3.2     0    17     144    (-,-) 
  g15386/z          (u)     in_0->z R     unmapped_nand2       1  3.6     0    17     160    (-,-) 
  bf2_in_reg[9]/d   -       -       R     unmapped_d_flop      1    -     -     0     160    (-,-) 
#--------------------------------------------------------------------------------------------------

(u) : Net has unmapped pin(s).

Capture clock path:
#------------------------------------------------------------------------------------------------
#   Timing Point    Flags   Arc   Edge      Cell        Fanout Load Trans Delay Arrival Instance 
#                                                              (fF)  (ps)  (ps)   (ps)  Location 
#------------------------------------------------------------------------------------------------
  clk               (i,u)   -     R     (arrival)           33  0.0     0     0    1515    (-,-) 
  bf2_in_reg[9]/clk <<<     -     R     unmapped_d_flop     33    -     1     0    1515    (-,-) 
#------------------------------------------------------------------------------------------------



Path 28: MET (1317 ps) Setup Check with Pin bf1_in_reg[13]/clk->d
           View: view_1p2_25
          Group: clock1
     Startpoint: (R) bf1_in_reg[13]/clk
          Clock: (R) clock1
       Endpoint: (R) bf1_in_reg[13]/d
          Clock: (R) clock1

                     Capture       Launch     
        Clock Edge:+    1515            0     
       Src Latency:+       0            0     
       Net Latency:+       0 (I)        0 (I) 
           Arrival:=    1515            0     
                                              
             Setup:-      38                  
       Uncertainty:-       0                  
     Required Time:=    1477                  
      Launch Clock:-       0                  
         Data Path:-     160                  
             Slack:=    1317                  

Launch clock path:
#-------------------------------------------------------------------------------------------------
#   Timing Point     Flags   Arc   Edge      Cell        Fanout Load Trans Delay Arrival Instance 
#                                                               (fF)  (ps)  (ps)   (ps)  Location 
#-------------------------------------------------------------------------------------------------
  clk                (i,u)   -     R     (arrival)           33  0.0     0     0       0    (-,-) 
  bf1_in_reg[13]/clk <<<     -     R     unmapped_d_flop     33    -     1     0       0    (-,-) 
#-------------------------------------------------------------------------------------------------

#---------------------------------------------------------------------------------------------------
#   Timing Point     Flags    Arc    Edge      Cell        Fanout Load Trans Delay Arrival Instance 
#                                                                 (fF)  (ps)  (ps)   (ps)  Location 
#---------------------------------------------------------------------------------------------------
  bf1_in_reg[13]/clk -       -       R     (arrival)           33    -     1     0       0    (-,-) 
  bf1_in_reg[13]/q   (u)     clk->q  R     unmapped_d_flop      7 25.2     0   127     127    (-,-) 
  g15435/z           (u)     in_0->z F     unmapped_nand2       1  3.2     0    17     144    (-,-) 
  g15417/z           (u)     in_0->z R     unmapped_nand2       1  3.6     0    17     160    (-,-) 
  bf1_in_reg[13]/d   -       -       R     unmapped_d_flop      1    -     -     0     160    (-,-) 
#---------------------------------------------------------------------------------------------------

(u) : Net has unmapped pin(s).

Capture clock path:
#-------------------------------------------------------------------------------------------------
#   Timing Point     Flags   Arc   Edge      Cell        Fanout Load Trans Delay Arrival Instance 
#                                                               (fF)  (ps)  (ps)   (ps)  Location 
#-------------------------------------------------------------------------------------------------
  clk                (i,u)   -     R     (arrival)           33  0.0     0     0    1515    (-,-) 
  bf1_in_reg[13]/clk <<<     -     R     unmapped_d_flop     33    -     1     0    1515    (-,-) 
#-------------------------------------------------------------------------------------------------



Path 29: MET (1317 ps) Setup Check with Pin bf1_in_reg[12]/clk->d
           View: view_1p2_25
          Group: clock1
     Startpoint: (R) bf1_in_reg[12]/clk
          Clock: (R) clock1
       Endpoint: (R) bf1_in_reg[12]/d
          Clock: (R) clock1

                     Capture       Launch     
        Clock Edge:+    1515            0     
       Src Latency:+       0            0     
       Net Latency:+       0 (I)        0 (I) 
           Arrival:=    1515            0     
                                              
             Setup:-      38                  
       Uncertainty:-       0                  
     Required Time:=    1477                  
      Launch Clock:-       0                  
         Data Path:-     160                  
             Slack:=    1317                  

Launch clock path:
#-------------------------------------------------------------------------------------------------
#   Timing Point     Flags   Arc   Edge      Cell        Fanout Load Trans Delay Arrival Instance 
#                                                               (fF)  (ps)  (ps)   (ps)  Location 
#-------------------------------------------------------------------------------------------------
  clk                (i,u)   -     R     (arrival)           33  0.0     0     0       0    (-,-) 
  bf1_in_reg[12]/clk <<<     -     R     unmapped_d_flop     33    -     1     0       0    (-,-) 
#-------------------------------------------------------------------------------------------------

#---------------------------------------------------------------------------------------------------
#   Timing Point     Flags    Arc    Edge      Cell        Fanout Load Trans Delay Arrival Instance 
#                                                                 (fF)  (ps)  (ps)   (ps)  Location 
#---------------------------------------------------------------------------------------------------
  bf1_in_reg[12]/clk -       -       R     (arrival)           33    -     1     0       0    (-,-) 
  bf1_in_reg[12]/q   (u)     clk->q  R     unmapped_d_flop      7 25.2     0   127     127    (-,-) 
  g15430/z           (u)     in_0->z F     unmapped_nand2       1  3.2     0    17     144    (-,-) 
  g15420/z           (u)     in_0->z R     unmapped_nand2       1  3.6     0    17     160    (-,-) 
  bf1_in_reg[12]/d   -       -       R     unmapped_d_flop      1    -     -     0     160    (-,-) 
#---------------------------------------------------------------------------------------------------

(u) : Net has unmapped pin(s).

Capture clock path:
#-------------------------------------------------------------------------------------------------
#   Timing Point     Flags   Arc   Edge      Cell        Fanout Load Trans Delay Arrival Instance 
#                                                               (fF)  (ps)  (ps)   (ps)  Location 
#-------------------------------------------------------------------------------------------------
  clk                (i,u)   -     R     (arrival)           33  0.0     0     0    1515    (-,-) 
  bf1_in_reg[12]/clk <<<     -     R     unmapped_d_flop     33    -     1     0    1515    (-,-) 
#-------------------------------------------------------------------------------------------------



Path 30: MET (1317 ps) Setup Check with Pin bf1_in_reg[11]/clk->d
           View: view_1p2_25
          Group: clock1
     Startpoint: (R) bf1_in_reg[11]/clk
          Clock: (R) clock1
       Endpoint: (R) bf1_in_reg[11]/d
          Clock: (R) clock1

                     Capture       Launch     
        Clock Edge:+    1515            0     
       Src Latency:+       0            0     
       Net Latency:+       0 (I)        0 (I) 
           Arrival:=    1515            0     
                                              
             Setup:-      38                  
       Uncertainty:-       0                  
     Required Time:=    1477                  
      Launch Clock:-       0                  
         Data Path:-     160                  
             Slack:=    1317                  

Launch clock path:
#-------------------------------------------------------------------------------------------------
#   Timing Point     Flags   Arc   Edge      Cell        Fanout Load Trans Delay Arrival Instance 
#                                                               (fF)  (ps)  (ps)   (ps)  Location 
#-------------------------------------------------------------------------------------------------
  clk                (i,u)   -     R     (arrival)           33  0.0     0     0       0    (-,-) 
  bf1_in_reg[11]/clk <<<     -     R     unmapped_d_flop     33    -     1     0       0    (-,-) 
#-------------------------------------------------------------------------------------------------

#---------------------------------------------------------------------------------------------------
#   Timing Point     Flags    Arc    Edge      Cell        Fanout Load Trans Delay Arrival Instance 
#                                                                 (fF)  (ps)  (ps)   (ps)  Location 
#---------------------------------------------------------------------------------------------------
  bf1_in_reg[11]/clk -       -       R     (arrival)           33    -     1     0       0    (-,-) 
  bf1_in_reg[11]/q   (u)     clk->q  R     unmapped_d_flop      7 25.2     0   127     127    (-,-) 
  g15427/z           (u)     in_0->z F     unmapped_nand2       1  3.2     0    17     144    (-,-) 
  g15422/z           (u)     in_0->z R     unmapped_nand2       1  3.6     0    17     160    (-,-) 
  bf1_in_reg[11]/d   -       -       R     unmapped_d_flop      1    -     -     0     160    (-,-) 
#---------------------------------------------------------------------------------------------------

(u) : Net has unmapped pin(s).

Capture clock path:
#-------------------------------------------------------------------------------------------------
#   Timing Point     Flags   Arc   Edge      Cell        Fanout Load Trans Delay Arrival Instance 
#                                                               (fF)  (ps)  (ps)   (ps)  Location 
#-------------------------------------------------------------------------------------------------
  clk                (i,u)   -     R     (arrival)           33  0.0     0     0    1515    (-,-) 
  bf1_in_reg[11]/clk <<<     -     R     unmapped_d_flop     33    -     1     0    1515    (-,-) 
#-------------------------------------------------------------------------------------------------



Path 31: MET (1317 ps) Setup Check with Pin bf1_in_reg[9]/clk->d
           View: view_1p2_25
          Group: clock1
     Startpoint: (R) bf1_in_reg[9]/clk
          Clock: (R) clock1
       Endpoint: (R) bf1_in_reg[9]/d
          Clock: (R) clock1

                     Capture       Launch     
        Clock Edge:+    1515            0     
       Src Latency:+       0            0     
       Net Latency:+       0 (I)        0 (I) 
           Arrival:=    1515            0     
                                              
             Setup:-      38                  
       Uncertainty:-       0                  
     Required Time:=    1477                  
      Launch Clock:-       0                  
         Data Path:-     160                  
             Slack:=    1317                  

Launch clock path:
#------------------------------------------------------------------------------------------------
#   Timing Point    Flags   Arc   Edge      Cell        Fanout Load Trans Delay Arrival Instance 
#                                                              (fF)  (ps)  (ps)   (ps)  Location 
#------------------------------------------------------------------------------------------------
  clk               (i,u)   -     R     (arrival)           33  0.0     0     0       0    (-,-) 
  bf1_in_reg[9]/clk <<<     -     R     unmapped_d_flop     33    -     1     0       0    (-,-) 
#------------------------------------------------------------------------------------------------

#--------------------------------------------------------------------------------------------------
#   Timing Point    Flags    Arc    Edge      Cell        Fanout Load Trans Delay Arrival Instance 
#                                                                (fF)  (ps)  (ps)   (ps)  Location 
#--------------------------------------------------------------------------------------------------
  bf1_in_reg[9]/clk -       -       R     (arrival)           33    -     1     0       0    (-,-) 
  bf1_in_reg[9]/q   (u)     clk->q  R     unmapped_d_flop      7 25.2     0   127     127    (-,-) 
  g15432/z          (u)     in_0->z F     unmapped_nand2       1  3.2     0    17     144    (-,-) 
  g15346/z          (u)     in_0->z R     unmapped_nand2       1  3.6     0    17     160    (-,-) 
  bf1_in_reg[9]/d   -       -       R     unmapped_d_flop      1    -     -     0     160    (-,-) 
#--------------------------------------------------------------------------------------------------

(u) : Net has unmapped pin(s).

Capture clock path:
#------------------------------------------------------------------------------------------------
#   Timing Point    Flags   Arc   Edge      Cell        Fanout Load Trans Delay Arrival Instance 
#                                                              (fF)  (ps)  (ps)   (ps)  Location 
#------------------------------------------------------------------------------------------------
  clk               (i,u)   -     R     (arrival)           33  0.0     0     0    1515    (-,-) 
  bf1_in_reg[9]/clk <<<     -     R     unmapped_d_flop     33    -     1     0    1515    (-,-) 
#------------------------------------------------------------------------------------------------



Path 32: MET (1317 ps) Setup Check with Pin bf1_in_reg[5]/clk->d
           View: view_1p2_25
          Group: clock1
     Startpoint: (R) bf1_in_reg[5]/clk
          Clock: (R) clock1
       Endpoint: (R) bf1_in_reg[5]/d
          Clock: (R) clock1

                     Capture       Launch     
        Clock Edge:+    1515            0     
       Src Latency:+       0            0     
       Net Latency:+       0 (I)        0 (I) 
           Arrival:=    1515            0     
                                              
             Setup:-      38                  
       Uncertainty:-       0                  
     Required Time:=    1477                  
      Launch Clock:-       0                  
         Data Path:-     160                  
             Slack:=    1317                  

Launch clock path:
#------------------------------------------------------------------------------------------------
#   Timing Point    Flags   Arc   Edge      Cell        Fanout Load Trans Delay Arrival Instance 
#                                                              (fF)  (ps)  (ps)   (ps)  Location 
#------------------------------------------------------------------------------------------------
  clk               (i,u)   -     R     (arrival)           33  0.0     0     0       0    (-,-) 
  bf1_in_reg[5]/clk <<<     -     R     unmapped_d_flop     33    -     1     0       0    (-,-) 
#------------------------------------------------------------------------------------------------

#--------------------------------------------------------------------------------------------------
#   Timing Point    Flags    Arc    Edge      Cell        Fanout Load Trans Delay Arrival Instance 
#                                                                (fF)  (ps)  (ps)   (ps)  Location 
#--------------------------------------------------------------------------------------------------
  bf1_in_reg[5]/clk -       -       R     (arrival)           33    -     1     0       0    (-,-) 
  bf1_in_reg[5]/q   (u)     clk->q  R     unmapped_d_flop      7 25.2     0   127     127    (-,-) 
  g15471/z          (u)     in_0->z F     unmapped_nand2       1  3.2     0    17     144    (-,-) 
  g15405/z          (u)     in_0->z R     unmapped_nand2       1  3.6     0    17     160    (-,-) 
  bf1_in_reg[5]/d   -       -       R     unmapped_d_flop      1    -     -     0     160    (-,-) 
#--------------------------------------------------------------------------------------------------

(u) : Net has unmapped pin(s).

Capture clock path:
#------------------------------------------------------------------------------------------------
#   Timing Point    Flags   Arc   Edge      Cell        Fanout Load Trans Delay Arrival Instance 
#                                                              (fF)  (ps)  (ps)   (ps)  Location 
#------------------------------------------------------------------------------------------------
  clk               (i,u)   -     R     (arrival)           33  0.0     0     0    1515    (-,-) 
  bf1_in_reg[5]/clk <<<     -     R     unmapped_d_flop     33    -     1     0    1515    (-,-) 
#------------------------------------------------------------------------------------------------



Path 33: MET (1317 ps) Setup Check with Pin bf1_in_reg[4]/clk->d
           View: view_1p2_25
          Group: clock1
     Startpoint: (R) bf1_in_reg[4]/clk
          Clock: (R) clock1
       Endpoint: (R) bf1_in_reg[4]/d
          Clock: (R) clock1

                     Capture       Launch     
        Clock Edge:+    1515            0     
       Src Latency:+       0            0     
       Net Latency:+       0 (I)        0 (I) 
           Arrival:=    1515            0     
                                              
             Setup:-      38                  
       Uncertainty:-       0                  
     Required Time:=    1477                  
      Launch Clock:-       0                  
         Data Path:-     160                  
             Slack:=    1317                  

Launch clock path:
#------------------------------------------------------------------------------------------------
#   Timing Point    Flags   Arc   Edge      Cell        Fanout Load Trans Delay Arrival Instance 
#                                                              (fF)  (ps)  (ps)   (ps)  Location 
#------------------------------------------------------------------------------------------------
  clk               (i,u)   -     R     (arrival)           33  0.0     0     0       0    (-,-) 
  bf1_in_reg[4]/clk <<<     -     R     unmapped_d_flop     33    -     1     0       0    (-,-) 
#------------------------------------------------------------------------------------------------

#--------------------------------------------------------------------------------------------------
#   Timing Point    Flags    Arc    Edge      Cell        Fanout Load Trans Delay Arrival Instance 
#                                                                (fF)  (ps)  (ps)   (ps)  Location 
#--------------------------------------------------------------------------------------------------
  bf1_in_reg[4]/clk -       -       R     (arrival)           33    -     1     0       0    (-,-) 
  bf1_in_reg[4]/q   (u)     clk->q  R     unmapped_d_flop      7 25.2     0   127     127    (-,-) 
  g15476/z          (u)     in_0->z F     unmapped_nand2       1  3.2     0    17     144    (-,-) 
  g15402/z          (u)     in_0->z R     unmapped_nand2       1  3.6     0    17     160    (-,-) 
  bf1_in_reg[4]/d   -       -       R     unmapped_d_flop      1    -     -     0     160    (-,-) 
#--------------------------------------------------------------------------------------------------

(u) : Net has unmapped pin(s).

Capture clock path:
#------------------------------------------------------------------------------------------------
#   Timing Point    Flags   Arc   Edge      Cell        Fanout Load Trans Delay Arrival Instance 
#                                                              (fF)  (ps)  (ps)   (ps)  Location 
#------------------------------------------------------------------------------------------------
  clk               (i,u)   -     R     (arrival)           33  0.0     0     0    1515    (-,-) 
  bf1_in_reg[4]/clk <<<     -     R     unmapped_d_flop     33    -     1     0    1515    (-,-) 
#------------------------------------------------------------------------------------------------



Path 34: MET (1319 ps) Setup Check with Pin bf2_in_reg[14]/clk->d
           View: view_1p2_25
          Group: clock1
     Startpoint: (R) bf2_in_reg[14]/clk
          Clock: (R) clock1
       Endpoint: (R) bf2_in_reg[14]/d
          Clock: (R) clock1

                     Capture       Launch     
        Clock Edge:+    1515            0     
       Src Latency:+       0            0     
       Net Latency:+       0 (I)        0 (I) 
           Arrival:=    1515            0     
                                              
             Setup:-      38                  
       Uncertainty:-       0                  
     Required Time:=    1477                  
      Launch Clock:-       0                  
         Data Path:-     158                  
             Slack:=    1319                  

Launch clock path:
#-------------------------------------------------------------------------------------------------
#   Timing Point     Flags   Arc   Edge      Cell        Fanout Load Trans Delay Arrival Instance 
#                                                               (fF)  (ps)  (ps)   (ps)  Location 
#-------------------------------------------------------------------------------------------------
  clk                (i,u)   -     R     (arrival)           33  0.0     0     0       0    (-,-) 
  bf2_in_reg[14]/clk <<<     -     R     unmapped_d_flop     33    -     1     0       0    (-,-) 
#-------------------------------------------------------------------------------------------------

#---------------------------------------------------------------------------------------------------
#   Timing Point     Flags    Arc    Edge      Cell        Fanout Load Trans Delay Arrival Instance 
#                                                                 (fF)  (ps)  (ps)   (ps)  Location 
#---------------------------------------------------------------------------------------------------
  bf2_in_reg[14]/clk -       -       R     (arrival)           33    -     1     0       0    (-,-) 
  bf2_in_reg[14]/q   (u)     clk->q  R     unmapped_d_flop      6 21.6     0   125     125    (-,-) 
  g15504/z           (u)     in_0->z F     unmapped_nand2       1  3.2     0    17     141    (-,-) 
  g15371/z           (u)     in_0->z R     unmapped_nand2       1  3.6     0    17     158    (-,-) 
  bf2_in_reg[14]/d   -       -       R     unmapped_d_flop      1    -     -     0     158    (-,-) 
#---------------------------------------------------------------------------------------------------

(u) : Net has unmapped pin(s).

Capture clock path:
#-------------------------------------------------------------------------------------------------
#   Timing Point     Flags   Arc   Edge      Cell        Fanout Load Trans Delay Arrival Instance 
#                                                               (fF)  (ps)  (ps)   (ps)  Location 
#-------------------------------------------------------------------------------------------------
  clk                (i,u)   -     R     (arrival)           33  0.0     0     0    1515    (-,-) 
  bf2_in_reg[14]/clk <<<     -     R     unmapped_d_flop     33    -     1     0    1515    (-,-) 
#-------------------------------------------------------------------------------------------------



Path 35: MET (1319 ps) Setup Check with Pin bf2_in_reg[7]/clk->d
           View: view_1p2_25
          Group: clock1
     Startpoint: (R) bf2_in_reg[7]/clk
          Clock: (R) clock1
       Endpoint: (R) bf2_in_reg[7]/d
          Clock: (R) clock1

                     Capture       Launch     
        Clock Edge:+    1515            0     
       Src Latency:+       0            0     
       Net Latency:+       0 (I)        0 (I) 
           Arrival:=    1515            0     
                                              
             Setup:-      38                  
       Uncertainty:-       0                  
     Required Time:=    1477                  
      Launch Clock:-       0                  
         Data Path:-     158                  
             Slack:=    1319                  

Launch clock path:
#------------------------------------------------------------------------------------------------
#   Timing Point    Flags   Arc   Edge      Cell        Fanout Load Trans Delay Arrival Instance 
#                                                              (fF)  (ps)  (ps)   (ps)  Location 
#------------------------------------------------------------------------------------------------
  clk               (i,u)   -     R     (arrival)           33  0.0     0     0       0    (-,-) 
  bf2_in_reg[7]/clk <<<     -     R     unmapped_d_flop     33    -     1     0       0    (-,-) 
#------------------------------------------------------------------------------------------------

#--------------------------------------------------------------------------------------------------
#   Timing Point    Flags    Arc    Edge      Cell        Fanout Load Trans Delay Arrival Instance 
#                                                                (fF)  (ps)  (ps)   (ps)  Location 
#--------------------------------------------------------------------------------------------------
  bf2_in_reg[7]/clk -       -       R     (arrival)           33    -     1     0       0    (-,-) 
  bf2_in_reg[7]/q   (u)     clk->q  R     unmapped_d_flop      6 21.6     0   125     125    (-,-) 
  g15477/z          (u)     in_0->z F     unmapped_nand2       1  3.2     0    17     141    (-,-) 
  g15393/z          (u)     in_0->z R     unmapped_nand2       1  3.6     0    17     158    (-,-) 
  bf2_in_reg[7]/d   -       -       R     unmapped_d_flop      1    -     -     0     158    (-,-) 
#--------------------------------------------------------------------------------------------------

(u) : Net has unmapped pin(s).

Capture clock path:
#------------------------------------------------------------------------------------------------
#   Timing Point    Flags   Arc   Edge      Cell        Fanout Load Trans Delay Arrival Instance 
#                                                              (fF)  (ps)  (ps)   (ps)  Location 
#------------------------------------------------------------------------------------------------
  clk               (i,u)   -     R     (arrival)           33  0.0     0     0    1515    (-,-) 
  bf2_in_reg[7]/clk <<<     -     R     unmapped_d_flop     33    -     1     0    1515    (-,-) 
#------------------------------------------------------------------------------------------------



Path 36: MET (1319 ps) Setup Check with Pin bf2_in_reg[6]/clk->d
           View: view_1p2_25
          Group: clock1
     Startpoint: (R) bf2_in_reg[6]/clk
          Clock: (R) clock1
       Endpoint: (R) bf2_in_reg[6]/d
          Clock: (R) clock1

                     Capture       Launch     
        Clock Edge:+    1515            0     
       Src Latency:+       0            0     
       Net Latency:+       0 (I)        0 (I) 
           Arrival:=    1515            0     
                                              
             Setup:-      38                  
       Uncertainty:-       0                  
     Required Time:=    1477                  
      Launch Clock:-       0                  
         Data Path:-     158                  
             Slack:=    1319                  

Launch clock path:
#------------------------------------------------------------------------------------------------
#   Timing Point    Flags   Arc   Edge      Cell        Fanout Load Trans Delay Arrival Instance 
#                                                              (fF)  (ps)  (ps)   (ps)  Location 
#------------------------------------------------------------------------------------------------
  clk               (i,u)   -     R     (arrival)           33  0.0     0     0       0    (-,-) 
  bf2_in_reg[6]/clk <<<     -     R     unmapped_d_flop     33    -     1     0       0    (-,-) 
#------------------------------------------------------------------------------------------------

#--------------------------------------------------------------------------------------------------
#   Timing Point    Flags    Arc    Edge      Cell        Fanout Load Trans Delay Arrival Instance 
#                                                                (fF)  (ps)  (ps)   (ps)  Location 
#--------------------------------------------------------------------------------------------------
  bf2_in_reg[6]/clk -       -       R     (arrival)           33    -     1     0       0    (-,-) 
  bf2_in_reg[6]/q   (u)     clk->q  R     unmapped_d_flop      6 21.6     0   125     125    (-,-) 
  g15474/z          (u)     in_0->z F     unmapped_nand2       1  3.2     0    17     141    (-,-) 
  g15394/z          (u)     in_0->z R     unmapped_nand2       1  3.6     0    17     158    (-,-) 
  bf2_in_reg[6]/d   -       -       R     unmapped_d_flop      1    -     -     0     158    (-,-) 
#--------------------------------------------------------------------------------------------------

(u) : Net has unmapped pin(s).

Capture clock path:
#------------------------------------------------------------------------------------------------
#   Timing Point    Flags   Arc   Edge      Cell        Fanout Load Trans Delay Arrival Instance 
#                                                              (fF)  (ps)  (ps)   (ps)  Location 
#------------------------------------------------------------------------------------------------
  clk               (i,u)   -     R     (arrival)           33  0.0     0     0    1515    (-,-) 
  bf2_in_reg[6]/clk <<<     -     R     unmapped_d_flop     33    -     1     0    1515    (-,-) 
#------------------------------------------------------------------------------------------------



Path 37: MET (1319 ps) Setup Check with Pin bf2_in_reg[5]/clk->d
           View: view_1p2_25
          Group: clock1
     Startpoint: (R) bf2_in_reg[5]/clk
          Clock: (R) clock1
       Endpoint: (R) bf2_in_reg[5]/d
          Clock: (R) clock1

                     Capture       Launch     
        Clock Edge:+    1515            0     
       Src Latency:+       0            0     
       Net Latency:+       0 (I)        0 (I) 
           Arrival:=    1515            0     
                                              
             Setup:-      38                  
       Uncertainty:-       0                  
     Required Time:=    1477                  
      Launch Clock:-       0                  
         Data Path:-     158                  
             Slack:=    1319                  

Launch clock path:
#------------------------------------------------------------------------------------------------
#   Timing Point    Flags   Arc   Edge      Cell        Fanout Load Trans Delay Arrival Instance 
#                                                              (fF)  (ps)  (ps)   (ps)  Location 
#------------------------------------------------------------------------------------------------
  clk               (i,u)   -     R     (arrival)           33  0.0     0     0       0    (-,-) 
  bf2_in_reg[5]/clk <<<     -     R     unmapped_d_flop     33    -     1     0       0    (-,-) 
#------------------------------------------------------------------------------------------------

#--------------------------------------------------------------------------------------------------
#   Timing Point    Flags    Arc    Edge      Cell        Fanout Load Trans Delay Arrival Instance 
#                                                                (fF)  (ps)  (ps)   (ps)  Location 
#--------------------------------------------------------------------------------------------------
  bf2_in_reg[5]/clk -       -       R     (arrival)           33    -     1     0       0    (-,-) 
  bf2_in_reg[5]/q   (u)     clk->q  R     unmapped_d_flop      6 21.6     0   125     125    (-,-) 
  g15470/z          (u)     in_0->z F     unmapped_nand2       1  3.2     0    17     141    (-,-) 
  g15396/z          (u)     in_0->z R     unmapped_nand2       1  3.6     0    17     158    (-,-) 
  bf2_in_reg[5]/d   -       -       R     unmapped_d_flop      1    -     -     0     158    (-,-) 
#--------------------------------------------------------------------------------------------------

(u) : Net has unmapped pin(s).

Capture clock path:
#------------------------------------------------------------------------------------------------
#   Timing Point    Flags   Arc   Edge      Cell        Fanout Load Trans Delay Arrival Instance 
#                                                              (fF)  (ps)  (ps)   (ps)  Location 
#------------------------------------------------------------------------------------------------
  clk               (i,u)   -     R     (arrival)           33  0.0     0     0    1515    (-,-) 
  bf2_in_reg[5]/clk <<<     -     R     unmapped_d_flop     33    -     1     0    1515    (-,-) 
#------------------------------------------------------------------------------------------------



Path 38: MET (1319 ps) Setup Check with Pin bf2_in_reg[4]/clk->d
           View: view_1p2_25
          Group: clock1
     Startpoint: (R) bf2_in_reg[4]/clk
          Clock: (R) clock1
       Endpoint: (R) bf2_in_reg[4]/d
          Clock: (R) clock1

                     Capture       Launch     
        Clock Edge:+    1515            0     
       Src Latency:+       0            0     
       Net Latency:+       0 (I)        0 (I) 
           Arrival:=    1515            0     
                                              
             Setup:-      38                  
       Uncertainty:-       0                  
     Required Time:=    1477                  
      Launch Clock:-       0                  
         Data Path:-     158                  
             Slack:=    1319                  

Launch clock path:
#------------------------------------------------------------------------------------------------
#   Timing Point    Flags   Arc   Edge      Cell        Fanout Load Trans Delay Arrival Instance 
#                                                              (fF)  (ps)  (ps)   (ps)  Location 
#------------------------------------------------------------------------------------------------
  clk               (i,u)   -     R     (arrival)           33  0.0     0     0       0    (-,-) 
  bf2_in_reg[4]/clk <<<     -     R     unmapped_d_flop     33    -     1     0       0    (-,-) 
#------------------------------------------------------------------------------------------------

#--------------------------------------------------------------------------------------------------
#   Timing Point    Flags    Arc    Edge      Cell        Fanout Load Trans Delay Arrival Instance 
#                                                                (fF)  (ps)  (ps)   (ps)  Location 
#--------------------------------------------------------------------------------------------------
  bf2_in_reg[4]/clk -       -       R     (arrival)           33    -     1     0       0    (-,-) 
  bf2_in_reg[4]/q   (u)     clk->q  R     unmapped_d_flop      6 21.6     0   125     125    (-,-) 
  g15467/z          (u)     in_0->z F     unmapped_nand2       1  3.2     0    17     141    (-,-) 
  g15403/z          (u)     in_0->z R     unmapped_nand2       1  3.6     0    17     158    (-,-) 
  bf2_in_reg[4]/d   -       -       R     unmapped_d_flop      1    -     -     0     158    (-,-) 
#--------------------------------------------------------------------------------------------------

(u) : Net has unmapped pin(s).

Capture clock path:
#------------------------------------------------------------------------------------------------
#   Timing Point    Flags   Arc   Edge      Cell        Fanout Load Trans Delay Arrival Instance 
#                                                              (fF)  (ps)  (ps)   (ps)  Location 
#------------------------------------------------------------------------------------------------
  clk               (i,u)   -     R     (arrival)           33  0.0     0     0    1515    (-,-) 
  bf2_in_reg[4]/clk <<<     -     R     unmapped_d_flop     33    -     1     0    1515    (-,-) 
#------------------------------------------------------------------------------------------------



Path 39: MET (1319 ps) Setup Check with Pin bf2_in_reg[3]/clk->d
           View: view_1p2_25
          Group: clock1
     Startpoint: (R) bf2_in_reg[3]/clk
          Clock: (R) clock1
       Endpoint: (R) bf2_in_reg[3]/d
          Clock: (R) clock1

                     Capture       Launch     
        Clock Edge:+    1515            0     
       Src Latency:+       0            0     
       Net Latency:+       0 (I)        0 (I) 
           Arrival:=    1515            0     
                                              
             Setup:-      38                  
       Uncertainty:-       0                  
     Required Time:=    1477                  
      Launch Clock:-       0                  
         Data Path:-     158                  
             Slack:=    1319                  

Launch clock path:
#------------------------------------------------------------------------------------------------
#   Timing Point    Flags   Arc   Edge      Cell        Fanout Load Trans Delay Arrival Instance 
#                                                              (fF)  (ps)  (ps)   (ps)  Location 
#------------------------------------------------------------------------------------------------
  clk               (i,u)   -     R     (arrival)           33  0.0     0     0       0    (-,-) 
  bf2_in_reg[3]/clk <<<     -     R     unmapped_d_flop     33    -     1     0       0    (-,-) 
#------------------------------------------------------------------------------------------------

#--------------------------------------------------------------------------------------------------
#   Timing Point    Flags    Arc    Edge      Cell        Fanout Load Trans Delay Arrival Instance 
#                                                                (fF)  (ps)  (ps)   (ps)  Location 
#--------------------------------------------------------------------------------------------------
  bf2_in_reg[3]/clk -       -       R     (arrival)           33    -     1     0       0    (-,-) 
  bf2_in_reg[3]/q   (u)     clk->q  R     unmapped_d_flop      6 21.6     0   125     125    (-,-) 
  g15464/z          (u)     in_0->z F     unmapped_nand2       1  3.2     0    17     141    (-,-) 
  g15404/z          (u)     in_0->z R     unmapped_nand2       1  3.6     0    17     158    (-,-) 
  bf2_in_reg[3]/d   -       -       R     unmapped_d_flop      1    -     -     0     158    (-,-) 
#--------------------------------------------------------------------------------------------------

(u) : Net has unmapped pin(s).

Capture clock path:
#------------------------------------------------------------------------------------------------
#   Timing Point    Flags   Arc   Edge      Cell        Fanout Load Trans Delay Arrival Instance 
#                                                              (fF)  (ps)  (ps)   (ps)  Location 
#------------------------------------------------------------------------------------------------
  clk               (i,u)   -     R     (arrival)           33  0.0     0     0    1515    (-,-) 
  bf2_in_reg[3]/clk <<<     -     R     unmapped_d_flop     33    -     1     0    1515    (-,-) 
#------------------------------------------------------------------------------------------------



Path 40: MET (1319 ps) Setup Check with Pin bf2_in_reg[2]/clk->d
           View: view_1p2_25
          Group: clock1
     Startpoint: (R) bf2_in_reg[2]/clk
          Clock: (R) clock1
       Endpoint: (R) bf2_in_reg[2]/d
          Clock: (R) clock1

                     Capture       Launch     
        Clock Edge:+    1515            0     
       Src Latency:+       0            0     
       Net Latency:+       0 (I)        0 (I) 
           Arrival:=    1515            0     
                                              
             Setup:-      38                  
       Uncertainty:-       0                  
     Required Time:=    1477                  
      Launch Clock:-       0                  
         Data Path:-     158                  
             Slack:=    1319                  

Launch clock path:
#------------------------------------------------------------------------------------------------
#   Timing Point    Flags   Arc   Edge      Cell        Fanout Load Trans Delay Arrival Instance 
#                                                              (fF)  (ps)  (ps)   (ps)  Location 
#------------------------------------------------------------------------------------------------
  clk               (i,u)   -     R     (arrival)           33  0.0     0     0       0    (-,-) 
  bf2_in_reg[2]/clk <<<     -     R     unmapped_d_flop     33    -     1     0       0    (-,-) 
#------------------------------------------------------------------------------------------------

#--------------------------------------------------------------------------------------------------
#   Timing Point    Flags    Arc    Edge      Cell        Fanout Load Trans Delay Arrival Instance 
#                                                                (fF)  (ps)  (ps)   (ps)  Location 
#--------------------------------------------------------------------------------------------------
  bf2_in_reg[2]/clk -       -       R     (arrival)           33    -     1     0       0    (-,-) 
  bf2_in_reg[2]/q   (u)     clk->q  R     unmapped_d_flop      6 21.6     0   125     125    (-,-) 
  g15458/z          (u)     in_0->z F     unmapped_nand2       1  3.2     0    17     141    (-,-) 
  g15406/z          (u)     in_0->z R     unmapped_nand2       1  3.6     0    17     158    (-,-) 
  bf2_in_reg[2]/d   -       -       R     unmapped_d_flop      1    -     -     0     158    (-,-) 
#--------------------------------------------------------------------------------------------------

(u) : Net has unmapped pin(s).

Capture clock path:
#------------------------------------------------------------------------------------------------
#   Timing Point    Flags   Arc   Edge      Cell        Fanout Load Trans Delay Arrival Instance 
#                                                              (fF)  (ps)  (ps)   (ps)  Location 
#------------------------------------------------------------------------------------------------
  clk               (i,u)   -     R     (arrival)           33  0.0     0     0    1515    (-,-) 
  bf2_in_reg[2]/clk <<<     -     R     unmapped_d_flop     33    -     1     0    1515    (-,-) 
#------------------------------------------------------------------------------------------------



Path 41: MET (1319 ps) Setup Check with Pin bf2_in_reg[1]/clk->d
           View: view_1p2_25
          Group: clock1
     Startpoint: (R) bf2_in_reg[1]/clk
          Clock: (R) clock1
       Endpoint: (R) bf2_in_reg[1]/d
          Clock: (R) clock1

                     Capture       Launch     
        Clock Edge:+    1515            0     
       Src Latency:+       0            0     
       Net Latency:+       0 (I)        0 (I) 
           Arrival:=    1515            0     
                                              
             Setup:-      38                  
       Uncertainty:-       0                  
     Required Time:=    1477                  
      Launch Clock:-       0                  
         Data Path:-     158                  
             Slack:=    1319                  

Launch clock path:
#------------------------------------------------------------------------------------------------
#   Timing Point    Flags   Arc   Edge      Cell        Fanout Load Trans Delay Arrival Instance 
#                                                              (fF)  (ps)  (ps)   (ps)  Location 
#------------------------------------------------------------------------------------------------
  clk               (i,u)   -     R     (arrival)           33  0.0     0     0       0    (-,-) 
  bf2_in_reg[1]/clk <<<     -     R     unmapped_d_flop     33    -     1     0       0    (-,-) 
#------------------------------------------------------------------------------------------------

#--------------------------------------------------------------------------------------------------
#   Timing Point    Flags    Arc    Edge      Cell        Fanout Load Trans Delay Arrival Instance 
#                                                                (fF)  (ps)  (ps)   (ps)  Location 
#--------------------------------------------------------------------------------------------------
  bf2_in_reg[1]/clk -       -       R     (arrival)           33    -     1     0       0    (-,-) 
  bf2_in_reg[1]/q   (u)     clk->q  R     unmapped_d_flop      6 21.6     0   125     125    (-,-) 
  g15455/z          (u)     in_0->z F     unmapped_nand2       1  3.2     0    17     141    (-,-) 
  g15407/z          (u)     in_0->z R     unmapped_nand2       1  3.6     0    17     158    (-,-) 
  bf2_in_reg[1]/d   -       -       R     unmapped_d_flop      1    -     -     0     158    (-,-) 
#--------------------------------------------------------------------------------------------------

(u) : Net has unmapped pin(s).

Capture clock path:
#------------------------------------------------------------------------------------------------
#   Timing Point    Flags   Arc   Edge      Cell        Fanout Load Trans Delay Arrival Instance 
#                                                              (fF)  (ps)  (ps)   (ps)  Location 
#------------------------------------------------------------------------------------------------
  clk               (i,u)   -     R     (arrival)           33  0.0     0     0    1515    (-,-) 
  bf2_in_reg[1]/clk <<<     -     R     unmapped_d_flop     33    -     1     0    1515    (-,-) 
#------------------------------------------------------------------------------------------------



Path 42: MET (1319 ps) Setup Check with Pin bf2_in_reg[0]/clk->d
           View: view_1p2_25
          Group: clock1
     Startpoint: (R) bf2_in_reg[0]/clk
          Clock: (R) clock1
       Endpoint: (R) bf2_in_reg[0]/d
          Clock: (R) clock1

                     Capture       Launch     
        Clock Edge:+    1515            0     
       Src Latency:+       0            0     
       Net Latency:+       0 (I)        0 (I) 
           Arrival:=    1515            0     
                                              
             Setup:-      38                  
       Uncertainty:-       0                  
     Required Time:=    1477                  
      Launch Clock:-       0                  
         Data Path:-     158                  
             Slack:=    1319                  

Launch clock path:
#------------------------------------------------------------------------------------------------
#   Timing Point    Flags   Arc   Edge      Cell        Fanout Load Trans Delay Arrival Instance 
#                                                              (fF)  (ps)  (ps)   (ps)  Location 
#------------------------------------------------------------------------------------------------
  clk               (i,u)   -     R     (arrival)           33  0.0     0     0       0    (-,-) 
  bf2_in_reg[0]/clk <<<     -     R     unmapped_d_flop     33    -     1     0       0    (-,-) 
#------------------------------------------------------------------------------------------------

#--------------------------------------------------------------------------------------------------
#   Timing Point    Flags    Arc    Edge      Cell        Fanout Load Trans Delay Arrival Instance 
#                                                                (fF)  (ps)  (ps)   (ps)  Location 
#--------------------------------------------------------------------------------------------------
  bf2_in_reg[0]/clk -       -       R     (arrival)           33    -     1     0       0    (-,-) 
  bf2_in_reg[0]/q   (u)     clk->q  R     unmapped_d_flop      6 21.6     0   125     125    (-,-) 
  g15450/z          (u)     in_0->z F     unmapped_nand2       1  3.2     0    17     141    (-,-) 
  g15411/z          (u)     in_0->z R     unmapped_nand2       1  3.6     0    17     158    (-,-) 
  bf2_in_reg[0]/d   -       -       R     unmapped_d_flop      1    -     -     0     158    (-,-) 
#--------------------------------------------------------------------------------------------------

(u) : Net has unmapped pin(s).

Capture clock path:
#------------------------------------------------------------------------------------------------
#   Timing Point    Flags   Arc   Edge      Cell        Fanout Load Trans Delay Arrival Instance 
#                                                              (fF)  (ps)  (ps)   (ps)  Location 
#------------------------------------------------------------------------------------------------
  clk               (i,u)   -     R     (arrival)           33  0.0     0     0    1515    (-,-) 
  bf2_in_reg[0]/clk <<<     -     R     unmapped_d_flop     33    -     1     0    1515    (-,-) 
#------------------------------------------------------------------------------------------------



Path 43: MET (1319 ps) Setup Check with Pin bf1_in_reg[14]/clk->d
           View: view_1p2_25
          Group: clock1
     Startpoint: (R) bf1_in_reg[14]/clk
          Clock: (R) clock1
       Endpoint: (R) bf1_in_reg[14]/d
          Clock: (R) clock1

                     Capture       Launch     
        Clock Edge:+    1515            0     
       Src Latency:+       0            0     
       Net Latency:+       0 (I)        0 (I) 
           Arrival:=    1515            0     
                                              
             Setup:-      38                  
       Uncertainty:-       0                  
     Required Time:=    1477                  
      Launch Clock:-       0                  
         Data Path:-     158                  
             Slack:=    1319                  

Launch clock path:
#-------------------------------------------------------------------------------------------------
#   Timing Point     Flags   Arc   Edge      Cell        Fanout Load Trans Delay Arrival Instance 
#                                                               (fF)  (ps)  (ps)   (ps)  Location 
#-------------------------------------------------------------------------------------------------
  clk                (i,u)   -     R     (arrival)           33  0.0     0     0       0    (-,-) 
  bf1_in_reg[14]/clk <<<     -     R     unmapped_d_flop     33    -     1     0       0    (-,-) 
#-------------------------------------------------------------------------------------------------

#---------------------------------------------------------------------------------------------------
#   Timing Point     Flags    Arc    Edge      Cell        Fanout Load Trans Delay Arrival Instance 
#                                                                 (fF)  (ps)  (ps)   (ps)  Location 
#---------------------------------------------------------------------------------------------------
  bf1_in_reg[14]/clk -       -       R     (arrival)           33    -     1     0       0    (-,-) 
  bf1_in_reg[14]/q   (u)     clk->q  R     unmapped_d_flop      6 21.6     0   125     125    (-,-) 
  g15442/z           (u)     in_0->z F     unmapped_nand2       1  3.2     0    17     141    (-,-) 
  g15414/z           (u)     in_0->z R     unmapped_nand2       1  3.6     0    17     158    (-,-) 
  bf1_in_reg[14]/d   -       -       R     unmapped_d_flop      1    -     -     0     158    (-,-) 
#---------------------------------------------------------------------------------------------------

(u) : Net has unmapped pin(s).

Capture clock path:
#-------------------------------------------------------------------------------------------------
#   Timing Point     Flags   Arc   Edge      Cell        Fanout Load Trans Delay Arrival Instance 
#                                                               (fF)  (ps)  (ps)   (ps)  Location 
#-------------------------------------------------------------------------------------------------
  clk                (i,u)   -     R     (arrival)           33  0.0     0     0    1515    (-,-) 
  bf1_in_reg[14]/clk <<<     -     R     unmapped_d_flop     33    -     1     0    1515    (-,-) 
#-------------------------------------------------------------------------------------------------



Path 44: MET (1319 ps) Setup Check with Pin bf1_in_reg[7]/clk->d
           View: view_1p2_25
          Group: clock1
     Startpoint: (R) bf1_in_reg[7]/clk
          Clock: (R) clock1
       Endpoint: (R) bf1_in_reg[7]/d
          Clock: (R) clock1

                     Capture       Launch     
        Clock Edge:+    1515            0     
       Src Latency:+       0            0     
       Net Latency:+       0 (I)        0 (I) 
           Arrival:=    1515            0     
                                              
             Setup:-      38                  
       Uncertainty:-       0                  
     Required Time:=    1477                  
      Launch Clock:-       0                  
         Data Path:-     158                  
             Slack:=    1319                  

Launch clock path:
#------------------------------------------------------------------------------------------------
#   Timing Point    Flags   Arc   Edge      Cell        Fanout Load Trans Delay Arrival Instance 
#                                                              (fF)  (ps)  (ps)   (ps)  Location 
#------------------------------------------------------------------------------------------------
  clk               (i,u)   -     R     (arrival)           33  0.0     0     0       0    (-,-) 
  bf1_in_reg[7]/clk <<<     -     R     unmapped_d_flop     33    -     1     0       0    (-,-) 
#------------------------------------------------------------------------------------------------

#--------------------------------------------------------------------------------------------------
#   Timing Point    Flags    Arc    Edge      Cell        Fanout Load Trans Delay Arrival Instance 
#                                                                (fF)  (ps)  (ps)   (ps)  Location 
#--------------------------------------------------------------------------------------------------
  bf1_in_reg[7]/clk -       -       R     (arrival)           33    -     1     0       0    (-,-) 
  bf1_in_reg[7]/q   (u)     clk->q  R     unmapped_d_flop      6 21.6     0   125     125    (-,-) 
  g15444/z          (u)     in_0->z F     unmapped_nand2       1  3.2     0    17     141    (-,-) 
  g15418/z          (u)     in_0->z R     unmapped_nand2       1  3.6     0    17     158    (-,-) 
  bf1_in_reg[7]/d   -       -       R     unmapped_d_flop      1    -     -     0     158    (-,-) 
#--------------------------------------------------------------------------------------------------

(u) : Net has unmapped pin(s).

Capture clock path:
#------------------------------------------------------------------------------------------------
#   Timing Point    Flags   Arc   Edge      Cell        Fanout Load Trans Delay Arrival Instance 
#                                                              (fF)  (ps)  (ps)   (ps)  Location 
#------------------------------------------------------------------------------------------------
  clk               (i,u)   -     R     (arrival)           33  0.0     0     0    1515    (-,-) 
  bf1_in_reg[7]/clk <<<     -     R     unmapped_d_flop     33    -     1     0    1515    (-,-) 
#------------------------------------------------------------------------------------------------



Path 45: MET (1319 ps) Setup Check with Pin bf1_in_reg[6]/clk->d
           View: view_1p2_25
          Group: clock1
     Startpoint: (R) bf1_in_reg[6]/clk
          Clock: (R) clock1
       Endpoint: (R) bf1_in_reg[6]/d
          Clock: (R) clock1

                     Capture       Launch     
        Clock Edge:+    1515            0     
       Src Latency:+       0            0     
       Net Latency:+       0 (I)        0 (I) 
           Arrival:=    1515            0     
                                              
             Setup:-      38                  
       Uncertainty:-       0                  
     Required Time:=    1477                  
      Launch Clock:-       0                  
         Data Path:-     158                  
             Slack:=    1319                  

Launch clock path:
#------------------------------------------------------------------------------------------------
#   Timing Point    Flags   Arc   Edge      Cell        Fanout Load Trans Delay Arrival Instance 
#                                                              (fF)  (ps)  (ps)   (ps)  Location 
#------------------------------------------------------------------------------------------------
  clk               (i,u)   -     R     (arrival)           33  0.0     0     0       0    (-,-) 
  bf1_in_reg[6]/clk <<<     -     R     unmapped_d_flop     33    -     1     0       0    (-,-) 
#------------------------------------------------------------------------------------------------

#--------------------------------------------------------------------------------------------------
#   Timing Point    Flags    Arc    Edge      Cell        Fanout Load Trans Delay Arrival Instance 
#                                                                (fF)  (ps)  (ps)   (ps)  Location 
#--------------------------------------------------------------------------------------------------
  bf1_in_reg[6]/clk -       -       R     (arrival)           33    -     1     0       0    (-,-) 
  bf1_in_reg[6]/q   (u)     clk->q  R     unmapped_d_flop      6 21.6     0   125     125    (-,-) 
  g15466/z          (u)     in_0->z F     unmapped_nand2       1  3.2     0    17     141    (-,-) 
  g15408/z          (u)     in_0->z R     unmapped_nand2       1  3.6     0    17     158    (-,-) 
  bf1_in_reg[6]/d   -       -       R     unmapped_d_flop      1    -     -     0     158    (-,-) 
#--------------------------------------------------------------------------------------------------

(u) : Net has unmapped pin(s).

Capture clock path:
#------------------------------------------------------------------------------------------------
#   Timing Point    Flags   Arc   Edge      Cell        Fanout Load Trans Delay Arrival Instance 
#                                                              (fF)  (ps)  (ps)   (ps)  Location 
#------------------------------------------------------------------------------------------------
  clk               (i,u)   -     R     (arrival)           33  0.0     0     0    1515    (-,-) 
  bf1_in_reg[6]/clk <<<     -     R     unmapped_d_flop     33    -     1     0    1515    (-,-) 
#------------------------------------------------------------------------------------------------



Path 46: MET (1319 ps) Setup Check with Pin bf1_in_reg[3]/clk->d
           View: view_1p2_25
          Group: clock1
     Startpoint: (R) bf1_in_reg[3]/clk
          Clock: (R) clock1
       Endpoint: (R) bf1_in_reg[3]/d
          Clock: (R) clock1

                     Capture       Launch     
        Clock Edge:+    1515            0     
       Src Latency:+       0            0     
       Net Latency:+       0 (I)        0 (I) 
           Arrival:=    1515            0     
                                              
             Setup:-      38                  
       Uncertainty:-       0                  
     Required Time:=    1477                  
      Launch Clock:-       0                  
         Data Path:-     158                  
             Slack:=    1319                  

Launch clock path:
#------------------------------------------------------------------------------------------------
#   Timing Point    Flags   Arc   Edge      Cell        Fanout Load Trans Delay Arrival Instance 
#                                                              (fF)  (ps)  (ps)   (ps)  Location 
#------------------------------------------------------------------------------------------------
  clk               (i,u)   -     R     (arrival)           33  0.0     0     0       0    (-,-) 
  bf1_in_reg[3]/clk <<<     -     R     unmapped_d_flop     33    -     1     0       0    (-,-) 
#------------------------------------------------------------------------------------------------

#--------------------------------------------------------------------------------------------------
#   Timing Point    Flags    Arc    Edge      Cell        Fanout Load Trans Delay Arrival Instance 
#                                                                (fF)  (ps)  (ps)   (ps)  Location 
#--------------------------------------------------------------------------------------------------
  bf1_in_reg[3]/clk -       -       R     (arrival)           33    -     1     0       0    (-,-) 
  bf1_in_reg[3]/q   (u)     clk->q  R     unmapped_d_flop      6 21.6     0   125     125    (-,-) 
  g15483/z          (u)     in_0->z F     unmapped_nand2       1  3.2     0    17     141    (-,-) 
  g15395/z          (u)     in_0->z R     unmapped_nand2       1  3.6     0    17     158    (-,-) 
  bf1_in_reg[3]/d   -       -       R     unmapped_d_flop      1    -     -     0     158    (-,-) 
#--------------------------------------------------------------------------------------------------

(u) : Net has unmapped pin(s).

Capture clock path:
#------------------------------------------------------------------------------------------------
#   Timing Point    Flags   Arc   Edge      Cell        Fanout Load Trans Delay Arrival Instance 
#                                                              (fF)  (ps)  (ps)   (ps)  Location 
#------------------------------------------------------------------------------------------------
  clk               (i,u)   -     R     (arrival)           33  0.0     0     0    1515    (-,-) 
  bf1_in_reg[3]/clk <<<     -     R     unmapped_d_flop     33    -     1     0    1515    (-,-) 
#------------------------------------------------------------------------------------------------



Path 47: MET (1319 ps) Setup Check with Pin bf1_in_reg[2]/clk->d
           View: view_1p2_25
          Group: clock1
     Startpoint: (R) bf1_in_reg[2]/clk
          Clock: (R) clock1
       Endpoint: (R) bf1_in_reg[2]/d
          Clock: (R) clock1

                     Capture       Launch     
        Clock Edge:+    1515            0     
       Src Latency:+       0            0     
       Net Latency:+       0 (I)        0 (I) 
           Arrival:=    1515            0     
                                              
             Setup:-      38                  
       Uncertainty:-       0                  
     Required Time:=    1477                  
      Launch Clock:-       0                  
         Data Path:-     158                  
             Slack:=    1319                  

Launch clock path:
#------------------------------------------------------------------------------------------------
#   Timing Point    Flags   Arc   Edge      Cell        Fanout Load Trans Delay Arrival Instance 
#                                                              (fF)  (ps)  (ps)   (ps)  Location 
#------------------------------------------------------------------------------------------------
  clk               (i,u)   -     R     (arrival)           33  0.0     0     0       0    (-,-) 
  bf1_in_reg[2]/clk <<<     -     R     unmapped_d_flop     33    -     1     0       0    (-,-) 
#------------------------------------------------------------------------------------------------

#--------------------------------------------------------------------------------------------------
#   Timing Point    Flags    Arc    Edge      Cell        Fanout Load Trans Delay Arrival Instance 
#                                                                (fF)  (ps)  (ps)   (ps)  Location 
#--------------------------------------------------------------------------------------------------
  bf1_in_reg[2]/clk -       -       R     (arrival)           33    -     1     0       0    (-,-) 
  bf1_in_reg[2]/q   (u)     clk->q  R     unmapped_d_flop      6 21.6     0   125     125    (-,-) 
  g15488/z          (u)     in_0->z F     unmapped_nand2       1  3.2     0    17     141    (-,-) 
  g15390/z          (u)     in_0->z R     unmapped_nand2       1  3.6     0    17     158    (-,-) 
  bf1_in_reg[2]/d   -       -       R     unmapped_d_flop      1    -     -     0     158    (-,-) 
#--------------------------------------------------------------------------------------------------

(u) : Net has unmapped pin(s).

Capture clock path:
#------------------------------------------------------------------------------------------------
#   Timing Point    Flags   Arc   Edge      Cell        Fanout Load Trans Delay Arrival Instance 
#                                                              (fF)  (ps)  (ps)   (ps)  Location 
#------------------------------------------------------------------------------------------------
  clk               (i,u)   -     R     (arrival)           33  0.0     0     0    1515    (-,-) 
  bf1_in_reg[2]/clk <<<     -     R     unmapped_d_flop     33    -     1     0    1515    (-,-) 
#------------------------------------------------------------------------------------------------



Path 48: MET (1319 ps) Setup Check with Pin bf1_in_reg[1]/clk->d
           View: view_1p2_25
          Group: clock1
     Startpoint: (R) bf1_in_reg[1]/clk
          Clock: (R) clock1
       Endpoint: (R) bf1_in_reg[1]/d
          Clock: (R) clock1

                     Capture       Launch     
        Clock Edge:+    1515            0     
       Src Latency:+       0            0     
       Net Latency:+       0 (I)        0 (I) 
           Arrival:=    1515            0     
                                              
             Setup:-      38                  
       Uncertainty:-       0                  
     Required Time:=    1477                  
      Launch Clock:-       0                  
         Data Path:-     158                  
             Slack:=    1319                  

Launch clock path:
#------------------------------------------------------------------------------------------------
#   Timing Point    Flags   Arc   Edge      Cell        Fanout Load Trans Delay Arrival Instance 
#                                                              (fF)  (ps)  (ps)   (ps)  Location 
#------------------------------------------------------------------------------------------------
  clk               (i,u)   -     R     (arrival)           33  0.0     0     0       0    (-,-) 
  bf1_in_reg[1]/clk <<<     -     R     unmapped_d_flop     33    -     1     0       0    (-,-) 
#------------------------------------------------------------------------------------------------

#--------------------------------------------------------------------------------------------------
#   Timing Point    Flags    Arc    Edge      Cell        Fanout Load Trans Delay Arrival Instance 
#                                                                (fF)  (ps)  (ps)   (ps)  Location 
#--------------------------------------------------------------------------------------------------
  bf1_in_reg[1]/clk -       -       R     (arrival)           33    -     1     0       0    (-,-) 
  bf1_in_reg[1]/q   (u)     clk->q  R     unmapped_d_flop      6 21.6     0   125     125    (-,-) 
  g15497/z          (u)     in_0->z F     unmapped_nand2       1  3.2     0    17     141    (-,-) 
  g15387/z          (u)     in_0->z R     unmapped_nand2       1  3.6     0    17     158    (-,-) 
  bf1_in_reg[1]/d   -       -       R     unmapped_d_flop      1    -     -     0     158    (-,-) 
#--------------------------------------------------------------------------------------------------

(u) : Net has unmapped pin(s).

Capture clock path:
#------------------------------------------------------------------------------------------------
#   Timing Point    Flags   Arc   Edge      Cell        Fanout Load Trans Delay Arrival Instance 
#                                                              (fF)  (ps)  (ps)   (ps)  Location 
#------------------------------------------------------------------------------------------------
  clk               (i,u)   -     R     (arrival)           33  0.0     0     0    1515    (-,-) 
  bf1_in_reg[1]/clk <<<     -     R     unmapped_d_flop     33    -     1     0    1515    (-,-) 
#------------------------------------------------------------------------------------------------



Path 49: MET (1319 ps) Setup Check with Pin bf1_in_reg[0]/clk->d
           View: view_1p2_25
          Group: clock1
     Startpoint: (R) bf1_in_reg[0]/clk
          Clock: (R) clock1
       Endpoint: (R) bf1_in_reg[0]/d
          Clock: (R) clock1

                     Capture       Launch     
        Clock Edge:+    1515            0     
       Src Latency:+       0            0     
       Net Latency:+       0 (I)        0 (I) 
           Arrival:=    1515            0     
                                              
             Setup:-      38                  
       Uncertainty:-       0                  
     Required Time:=    1477                  
      Launch Clock:-       0                  
         Data Path:-     158                  
             Slack:=    1319                  

Launch clock path:
#------------------------------------------------------------------------------------------------
#   Timing Point    Flags   Arc   Edge      Cell        Fanout Load Trans Delay Arrival Instance 
#                                                              (fF)  (ps)  (ps)   (ps)  Location 
#------------------------------------------------------------------------------------------------
  clk               (i,u)   -     R     (arrival)           33  0.0     0     0       0    (-,-) 
  bf1_in_reg[0]/clk <<<     -     R     unmapped_d_flop     33    -     1     0       0    (-,-) 
#------------------------------------------------------------------------------------------------

#--------------------------------------------------------------------------------------------------
#   Timing Point    Flags    Arc    Edge      Cell        Fanout Load Trans Delay Arrival Instance 
#                                                                (fF)  (ps)  (ps)   (ps)  Location 
#--------------------------------------------------------------------------------------------------
  bf1_in_reg[0]/clk -       -       R     (arrival)           33    -     1     0       0    (-,-) 
  bf1_in_reg[0]/q   (u)     clk->q  R     unmapped_d_flop      6 21.6     0   125     125    (-,-) 
  g15503/z          (u)     in_0->z F     unmapped_nand2       1  3.2     0    17     141    (-,-) 
  g15384/z          (u)     in_0->z R     unmapped_nand2       1  3.6     0    17     158    (-,-) 
  bf1_in_reg[0]/d   -       -       R     unmapped_d_flop      1    -     -     0     158    (-,-) 
#--------------------------------------------------------------------------------------------------

(u) : Net has unmapped pin(s).

Capture clock path:
#------------------------------------------------------------------------------------------------
#   Timing Point    Flags   Arc   Edge      Cell        Fanout Load Trans Delay Arrival Instance 
#                                                              (fF)  (ps)  (ps)   (ps)  Location 
#------------------------------------------------------------------------------------------------
  clk               (i,u)   -     R     (arrival)           33  0.0     0     0    1515    (-,-) 
  bf1_in_reg[0]/clk <<<     -     R     unmapped_d_flop     33    -     1     0    1515    (-,-) 
#------------------------------------------------------------------------------------------------



Path 50: MET (1322 ps) Setup Check with Pin bf2_in_reg[15]/clk->d
           View: view_1p2_25
          Group: clock1
     Startpoint: (R) bf2_in_reg[15]/clk
          Clock: (R) clock1
       Endpoint: (R) bf2_in_reg[15]/d
          Clock: (R) clock1

                     Capture       Launch     
        Clock Edge:+    1515            0     
       Src Latency:+       0            0     
       Net Latency:+       0 (I)        0 (I) 
           Arrival:=    1515            0     
                                              
             Setup:-      38                  
       Uncertainty:-       0                  
     Required Time:=    1477                  
      Launch Clock:-       0                  
         Data Path:-     156                  
             Slack:=    1322                  

Launch clock path:
#-------------------------------------------------------------------------------------------------
#   Timing Point     Flags   Arc   Edge      Cell        Fanout Load Trans Delay Arrival Instance 
#                                                               (fF)  (ps)  (ps)   (ps)  Location 
#-------------------------------------------------------------------------------------------------
  clk                (i,u)   -     R     (arrival)           33  0.0     0     0       0    (-,-) 
  bf2_in_reg[15]/clk <<<     -     R     unmapped_d_flop     33    -     1     0       0    (-,-) 
#-------------------------------------------------------------------------------------------------

#---------------------------------------------------------------------------------------------------
#   Timing Point     Flags    Arc    Edge      Cell        Fanout Load Trans Delay Arrival Instance 
#                                                                 (fF)  (ps)  (ps)   (ps)  Location 
#---------------------------------------------------------------------------------------------------
  bf2_in_reg[15]/clk -       -       R     (arrival)           33    -     1     0       0    (-,-) 
  bf2_in_reg[15]/q   (u)     clk->q  R     unmapped_d_flop      5 18.0     0   122     122    (-,-) 
  g15511/z           (u)     in_0->z F     unmapped_nand2       1  3.2     0    17     139    (-,-) 
  g15367/z           (u)     in_0->z R     unmapped_nand2       1  3.6     0    17     156    (-,-) 
  bf2_in_reg[15]/d   -       -       R     unmapped_d_flop      1    -     -     0     156    (-,-) 
#---------------------------------------------------------------------------------------------------

(u) : Net has unmapped pin(s).

Capture clock path:
#-------------------------------------------------------------------------------------------------
#   Timing Point     Flags   Arc   Edge      Cell        Fanout Load Trans Delay Arrival Instance 
#                                                               (fF)  (ps)  (ps)   (ps)  Location 
#-------------------------------------------------------------------------------------------------
  clk                (i,u)   -     R     (arrival)           33  0.0     0     0    1515    (-,-) 
  bf2_in_reg[15]/clk <<<     -     R     unmapped_d_flop     33    -     1     0    1515    (-,-) 
#-------------------------------------------------------------------------------------------------



Path 51: MET (1325 ps) Setup Check with Pin bf1_in_reg[15]/clk->d
           View: view_1p2_25
          Group: clock1
     Startpoint: (R) bf1_in_reg[15]/clk
          Clock: (R) clock1
       Endpoint: (R) bf1_in_reg[15]/d
          Clock: (R) clock1

                     Capture       Launch     
        Clock Edge:+    1515            0     
       Src Latency:+       0            0     
       Net Latency:+       0 (I)        0 (I) 
           Arrival:=    1515            0     
                                              
             Setup:-      38                  
       Uncertainty:-       0                  
     Required Time:=    1477                  
      Launch Clock:-       0                  
         Data Path:-     152                  
             Slack:=    1325                  

Launch clock path:
#-------------------------------------------------------------------------------------------------
#   Timing Point     Flags   Arc   Edge      Cell        Fanout Load Trans Delay Arrival Instance 
#                                                               (fF)  (ps)  (ps)   (ps)  Location 
#-------------------------------------------------------------------------------------------------
  clk                (i,u)   -     R     (arrival)           33  0.0     0     0       0    (-,-) 
  bf1_in_reg[15]/clk <<<     -     R     unmapped_d_flop     33    -     1     0       0    (-,-) 
#-------------------------------------------------------------------------------------------------

#---------------------------------------------------------------------------------------------------
#   Timing Point     Flags    Arc    Edge      Cell        Fanout Load Trans Delay Arrival Instance 
#                                                                 (fF)  (ps)  (ps)   (ps)  Location 
#---------------------------------------------------------------------------------------------------
  bf1_in_reg[15]/clk -       -       R     (arrival)           33    -     1     0       0    (-,-) 
  bf1_in_reg[15]/q   (u)     clk->q  R     unmapped_d_flop      4 14.4     0   119     119    (-,-) 
  g15445/z           (u)     in_0->z F     unmapped_nand2       1  3.2     0    17     136    (-,-) 
  g15412/z           (u)     in_0->z R     unmapped_nand2       1  3.6     0    17     152    (-,-) 
  bf1_in_reg[15]/d   -       -       R     unmapped_d_flop      1    -     -     0     152    (-,-) 
#---------------------------------------------------------------------------------------------------

(u) : Net has unmapped pin(s).

Capture clock path:
#-------------------------------------------------------------------------------------------------
#   Timing Point     Flags   Arc   Edge      Cell        Fanout Load Trans Delay Arrival Instance 
#                                                               (fF)  (ps)  (ps)   (ps)  Location 
#-------------------------------------------------------------------------------------------------
  clk                (i,u)   -     R     (arrival)           33  0.0     0     0    1515    (-,-) 
  bf1_in_reg[15]/clk <<<     -     R     unmapped_d_flop     33    -     1     0    1515    (-,-) 
#-------------------------------------------------------------------------------------------------



Path 52: MET (1406 ps) Late External Delay Assertion at pin done
           View: view_1p2_25
          Group: clock1
     Startpoint: (R) done_reg/clk
          Clock: (R) clock1
       Endpoint: (R) done
          Clock: (R) clock1

                     Capture       Launch     
        Clock Edge:+    1515            0     
       Src Latency:+       0            0     
       Net Latency:+       0 (I)        0 (I) 
           Arrival:=    1515            0     
                                              
      Output Delay:-       1                  
       Uncertainty:-       0                  
     Required Time:=    1514                  
      Launch Clock:-       0                  
         Data Path:-     108                  
             Slack:=    1406                  

Exceptions/Constraints:
  output_delay              1              add_bf16_1C.sdc_line_21_52_1   

Launch clock path:
#---------------------------------------------------------------------------------------------
# Timing Point   Flags   Arc   Edge      Cell        Fanout Load Trans Delay Arrival Instance 
#                                                           (fF)  (ps)  (ps)   (ps)  Location 
#---------------------------------------------------------------------------------------------
  clk            (i,u)   -     R     (arrival)           33  0.0     0     0       0    (-,-) 
  done_reg/clk   <<<     -     R     unmapped_d_flop     33    -     1     0       0    (-,-) 
#---------------------------------------------------------------------------------------------

#----------------------------------------------------------------------------------------------
# Timing Point   Flags    Arc   Edge      Cell        Fanout Load Trans Delay Arrival Instance 
#                                                            (fF)  (ps)  (ps)   (ps)  Location 
#----------------------------------------------------------------------------------------------
  done_reg/clk   -       -      R     (arrival)           33    -     1     0       0    (-,-) 
  done_reg/q     (u)     clk->q R     unmapped_d_flop      1  0.3     0   108     108    (-,-) 
  done           -       -      R     (port)               -    -     -     0     108    (-,-) 
#----------------------------------------------------------------------------------------------

(u) : Net has unmapped pin(s).



Path 53: MET (1428 ps) Setup Check with Pin done_reg/clk->d
           View: view_1p2_25
          Group: clock1
     Startpoint: (F) stall
          Clock: (R) clock1
       Endpoint: (R) done_reg/d
          Clock: (R) clock1

                     Capture       Launch     
        Clock Edge:+    1515            0     
        Drv Adjust:+       0            0     
       Src Latency:+       0            0     
       Net Latency:+       0 (I)        0 (I) 
           Arrival:=    1515            0     
                                              
             Setup:-      75                  
       Uncertainty:-       0                  
     Required Time:=    1440                  
      Launch Clock:-       0                  
       Input Delay:-       1                  
         Data Path:-      12                  
             Slack:=    1428                  

Exceptions/Constraints:
  input_delay              1              add_bf16_1C.sdc_line_20_2_1   

#-----------------------------------------------------------------------------------------------
# Timing Point   Flags    Arc    Edge      Cell        Fanout Load Trans Delay Arrival Instance 
#                                                             (fF)  (ps)  (ps)   (ps)  Location 
#-----------------------------------------------------------------------------------------------
  stall          (u)     -       F     (arrival)            2  6.4     0     0       1    (-,-) 
  g5266/z        (u)     in_0->z R     unmapped_not         1  3.6     0    12      12    (-,-) 
  done_reg/d     -       -       R     unmapped_d_flop      1    -     -     0      12    (-,-) 
#-----------------------------------------------------------------------------------------------

(u) : Net has unmapped pin(s).

Capture clock path:
#---------------------------------------------------------------------------------------------
# Timing Point   Flags   Arc   Edge      Cell        Fanout Load Trans Delay Arrival Instance 
#                                                           (fF)  (ps)  (ps)   (ps)  Location 
#---------------------------------------------------------------------------------------------
  clk            (i,u)   -     R     (arrival)           33  0.0     0     0    1515    (-,-) 
  done_reg/clk   <<<     -     R     unmapped_d_flop     33    -     1     0    1515    (-,-) 
#---------------------------------------------------------------------------------------------



Path 54: MET (1439 ps) Setup Check with Pin done_reg/clk->sena
           View: view_1p2_25
          Group: clock1
     Startpoint: (R) start
          Clock: (R) clock1
       Endpoint: (R) done_reg/sena
          Clock: (R) clock1

                     Capture       Launch     
        Clock Edge:+    1515            0     
        Drv Adjust:+       0            0     
       Src Latency:+       0            0     
       Net Latency:+       0 (I)        0 (I) 
           Arrival:=    1515            0     
                                              
             Setup:-      75                  
       Uncertainty:-       0                  
     Required Time:=    1440                  
      Launch Clock:-       0                  
       Input Delay:-       1                  
         Data Path:-       0                  
             Slack:=    1439                  

Exceptions/Constraints:
  input_delay              1              add_bf16_1C.sdc_line_20_1_1   

#---------------------------------------------------------------------------------------------
# Timing Point   Flags   Arc   Edge      Cell        Fanout Load Trans Delay Arrival Instance 
#                                                           (fF)  (ps)  (ps)   (ps)  Location 
#---------------------------------------------------------------------------------------------
  start          (u)     -     R     (arrival)            2 10.8     0     0       1    (-,-) 
  done_reg/sena  -       -     R     unmapped_d_flop      2    -     -     0       1    (-,-) 
#---------------------------------------------------------------------------------------------

(u) : Net has unmapped pin(s).

Capture clock path:
#---------------------------------------------------------------------------------------------
# Timing Point   Flags   Arc   Edge      Cell        Fanout Load Trans Delay Arrival Instance 
#                                                           (fF)  (ps)  (ps)   (ps)  Location 
#---------------------------------------------------------------------------------------------
  clk            (i,u)   -     R     (arrival)           33  0.0     0     0    1515    (-,-) 
  done_reg/clk   <<<     -     R     unmapped_d_flop     33    -     1     0    1515    (-,-) 
#---------------------------------------------------------------------------------------------


