============================================================
  Generated by:           Genus(TM) Synthesis Solution 25.11-s095_1
  Generated on:           Mar 10 2026  09:17:17 pm
  Module:                 add_bf16_1C
  Operating conditions:   typical 
  Interconnect mode:      global
  Area mode:              physical library
============================================================


Path 1: MET (0 ps) Late External Delay Assertion at pin bf_out[13]
           View: view_1p2_25
          Group: clock1
     Startpoint: (R) bf2_in_reg[12]/CK
          Clock: (R) clock1
       Endpoint: (R) bf_out[13]
          Clock: (R) clock1

                     Capture       Launch     
        Clock Edge:+    1587            0     
       Src Latency:+       0            0     
       Net Latency:+       0 (I)        0 (I) 
           Arrival:=    1587            0     
                                              
      Output Delay:-       1                  
       Uncertainty:-       0                  
     Required Time:=    1586                  
      Launch Clock:-       0                  
         Data Path:-    1586                  
             Slack:=       0                  

Exceptions/Constraints:
  output_delay              1              add_bf16_1C.sdc_line_21_35_1   

Launch clock path:
#------------------------------------------------------------------------------------------
#   Timing Point    Flags   Arc   Edge   Cell     Fanout Load Trans Delay Arrival Instance 
#                                                        (fF)  (ps)  (ps)   (ps)  Location 
#------------------------------------------------------------------------------------------
  clk               (i)     -     R     (arrival)     33  0.0     0     0       0    (-,-) 
  bf2_in_reg[12]/CK <<<     -     R     SDFFR_X1      33    -     1     0       0    (-,-) 
#------------------------------------------------------------------------------------------

#-------------------------------------------------------------------------------------------
#   Timing Point    Flags    Arc   Edge   Cell     Fanout Load Trans Delay Arrival Instance 
#                                                         (fF)  (ps)  (ps)   (ps)  Location 
#-------------------------------------------------------------------------------------------
  bf2_in_reg[12]/CK -       -      R     (arrival)     33    -     1     0       0    (-,-) 
  bf2_in_reg[12]/QN -       CK->QN R     SDFFR_X1       1  2.0    10    99      99    (-,-) 
  g21159__5477/ZN   -       A2->ZN F     NAND2_X1       4  6.2    16    24     122    (-,-) 
  g21125__5526/ZN   -       A1->ZN R     NAND2_X1       3  5.7    18    28     150    (-,-) 
  g21028__5122/ZN   -       B1->ZN F     OAI21_X1       1  1.8    10    17     167    (-,-) 
  g21024/ZN         -       A->ZN  R     INV_X1         2  3.9    12    19     185    (-,-) 
  g21016__7098/ZN   -       A1->ZN R     AND2_X2        1  6.5    12    35     220    (-,-) 
  g20998__4733/ZN   -       A->ZN  F     OAI21_X4       1  5.9    10    19     239    (-,-) 
  g20995__8246/ZN   -       B1->ZN R     AOI21_X4       5 15.4    32    38     277    (-,-) 
  g20994/ZN         -       A->ZN  F     INV_X2         5 13.2    13    21     298    (-,-) 
  g20993/ZN         -       A->ZN  R     INV_X4        14 26.8    18    28     325    (-,-) 
  g21259/Z          -       S->Z   F     MUX2_X1        1  3.4    12    64     390    (-,-) 
  g20929__6131/ZN   -       A2->ZN R     NAND2_X2       2  9.0    16    25     415    (-,-) 
  g20919__1666/ZN   -       A1->ZN F     NOR2_X4        4  8.2     8    11     426    (-,-) 
  g20891__1617/ZN   -       A1->ZN F     AND2_X4        5 11.2     7    29     454    (-,-) 
  g20873__5477/ZN   -       A1->ZN R     NAND2_X2       6 10.8    18    23     477    (-,-) 
  g20855__3680/ZN   -       A1->ZN R     OR2_X1         1  1.9     8    27     504    (-,-) 
  g20844__9315/ZN   -       A->ZN  F     OAI221_X1      4  6.9    34    46     550    (-,-) 
  g20822__5526/ZN   -       B1->ZN R     AOI22_X1       1  1.9    26    52     602    (-,-) 
  g20815__7410/ZN   -       A1->ZN F     NAND2_X1       1  1.7    10    16     618    (-,-) 
  g20811__9315/ZN   -       B1->ZN R     AOI21_X1       1  3.4    30    35     653    (-,-) 
  g20809__7482/ZN   -       B1->ZN F     OAI21_X2       1  6.0    17    22     676    (-,-) 
  g20806__5115/ZN   -       A1->ZN R     NAND2_X4      18 34.7    25    36     711    (-,-) 
  g20793__5526/Z    -       S->Z   F     MUX2_X1        1  2.4    11    63     774    (-,-) 
  g20768__7482/ZN   -       A->ZN  R     XNOR2_X1       2  4.4    32    42     816    (-,-) 
  g20752__3680/ZN   -       A->ZN  R     XNOR2_X1       2  4.1    30    50     866    (-,-) 
  g20738__5115/ZN   -       A2->ZN R     AND2_X1        1  1.9     9    37     903    (-,-) 
  g20731__8246/ZN   -       A2->ZN F     NAND4_X1       1  3.2    21    33     936    (-,-) 
  g20730__2802/ZN   -       A1->ZN R     NAND2_X2       2  5.3    12    22     959    (-,-) 
  g20724__6783/ZN   -       A1->ZN F     NAND2_X2       1  3.2    12    13     972    (-,-) 
  g20723__4319/ZN   -       A1->ZN R     NAND2_X2       2  5.3    12    19     991    (-,-) 
  g20719/ZN         -       A->ZN  F     INV_X1         1  4.1     7    12    1003    (-,-) 
  g20710__5115/ZN   -       A->ZN  F     XNOR2_X2       8 12.9    18    45    1048    (-,-) 
  g20704/ZN         -       A->ZN  R     INV_X1         8 15.1    37    50    1097    (-,-) 
  g20688__7410/ZN   -       A2->ZN F     NAND2_X1       4  6.8    23    32    1129    (-,-) 
  g20638__6260/ZN   -       B2->ZN R     OAI221_X1      1  2.0    37    58    1187    (-,-) 
  g20623__7482/ZN   -       A1->ZN F     AOI22_X1       2  3.6    18    26    1213    (-,-) 
  g20621/ZN         -       A->ZN  R     INV_X1         2  3.8    12    23    1236    (-,-) 
  g20616__4319/ZN   -       A2->ZN F     NAND2_X1       3  4.0    14    19    1255    (-,-) 
  g20615/ZN         -       A->ZN  R     INV_X1         1  1.9     8    15    1270    (-,-) 
  g20611__6417/ZN   -       A1->ZN F     NAND2_X1       2  4.7    18    19    1289    (-,-) 
  g20604__4733/ZN   -       A1->ZN R     NOR2_X2        4  8.8    29    41    1330    (-,-) 
  g20588__2802/ZN   -       A1->ZN R     AND4_X4        4  7.4    13    54    1383    (-,-) 
  g20581/ZN         -       A->ZN  F     INV_X1         2  3.9     7    12    1395    (-,-) 
  g20576__8428/ZN   -       A1->ZN R     NOR3_X2        2  3.8    29    35    1431    (-,-) 
  g20571/ZN         -       A->ZN  F     INV_X1         2  5.4    12    18    1449    (-,-) 
  g20568__9945/ZN   -       A1->ZN R     NOR2_X2        1  3.5    16    25    1473    (-,-) 
  g21262/CO         -       A->CO  R     HA_X1          2  4.3    14    40    1513    (-,-) 
  g20558__2802/ZN   -       A1->ZN F     NAND2_X1       2  4.0    14    20    1533    (-,-) 
  g20547__6260/ZN   -       A->ZN  F     XNOR2_X1       1  1.8    15    40    1573    (-,-) 
  g20544__2398/ZN   -       A1->ZN R     NAND2_X1       1  0.3     9    13    1586    (-,-) 
  bf_out[13]        -       -      R     (port)         -    -     -     0    1586    (-,-) 
#-------------------------------------------------------------------------------------------



Path 2: MET (5 ps) Late External Delay Assertion at pin bf_out[12]
           View: view_1p2_25
          Group: clock1
     Startpoint: (R) bf2_in_reg[12]/CK
          Clock: (R) clock1
       Endpoint: (R) bf_out[12]
          Clock: (R) clock1

                     Capture       Launch     
        Clock Edge:+    1587            0     
       Src Latency:+       0            0     
       Net Latency:+       0 (I)        0 (I) 
           Arrival:=    1587            0     
                                              
      Output Delay:-       1                  
       Uncertainty:-       0                  
     Required Time:=    1586                  
      Launch Clock:-       0                  
         Data Path:-    1581                  
             Slack:=       5                  

Exceptions/Constraints:
  output_delay              1              add_bf16_1C.sdc_line_21_36_1   

Launch clock path:
#------------------------------------------------------------------------------------------
#   Timing Point    Flags   Arc   Edge   Cell     Fanout Load Trans Delay Arrival Instance 
#                                                        (fF)  (ps)  (ps)   (ps)  Location 
#------------------------------------------------------------------------------------------
  clk               (i)     -     R     (arrival)     33  0.0     0     0       0    (-,-) 
  bf2_in_reg[12]/CK <<<     -     R     SDFFR_X1      33    -     1     0       0    (-,-) 
#------------------------------------------------------------------------------------------

#-------------------------------------------------------------------------------------------
#   Timing Point    Flags    Arc   Edge   Cell     Fanout Load Trans Delay Arrival Instance 
#                                                         (fF)  (ps)  (ps)   (ps)  Location 
#-------------------------------------------------------------------------------------------
  bf2_in_reg[12]/CK -       -      R     (arrival)     33    -     1     0       0    (-,-) 
  bf2_in_reg[12]/QN -       CK->QN R     SDFFR_X1       1  2.0    10    99      99    (-,-) 
  g21159__5477/ZN   -       A2->ZN F     NAND2_X1       4  6.2    16    24     122    (-,-) 
  g21125__5526/ZN   -       A1->ZN R     NAND2_X1       3  5.7    18    28     150    (-,-) 
  g21028__5122/ZN   -       B1->ZN F     OAI21_X1       1  1.8    10    17     167    (-,-) 
  g21024/ZN         -       A->ZN  R     INV_X1         2  3.9    12    19     185    (-,-) 
  g21016__7098/ZN   -       A1->ZN R     AND2_X2        1  6.5    12    35     220    (-,-) 
  g20998__4733/ZN   -       A->ZN  F     OAI21_X4       1  5.9    10    19     239    (-,-) 
  g20995__8246/ZN   -       B1->ZN R     AOI21_X4       5 15.4    32    38     277    (-,-) 
  g20994/ZN         -       A->ZN  F     INV_X2         5 13.2    13    21     298    (-,-) 
  g20993/ZN         -       A->ZN  R     INV_X4        14 26.8    18    28     325    (-,-) 
  g21259/Z          -       S->Z   F     MUX2_X1        1  3.4    12    64     390    (-,-) 
  g20929__6131/ZN   -       A2->ZN R     NAND2_X2       2  9.0    16    25     415    (-,-) 
  g20919__1666/ZN   -       A1->ZN F     NOR2_X4        4  8.2     8    11     426    (-,-) 
  g20891__1617/ZN   -       A1->ZN F     AND2_X4        5 11.2     7    29     454    (-,-) 
  g20873__5477/ZN   -       A1->ZN R     NAND2_X2       6 10.8    18    23     477    (-,-) 
  g20855__3680/ZN   -       A1->ZN R     OR2_X1         1  1.9     8    27     504    (-,-) 
  g20844__9315/ZN   -       A->ZN  F     OAI221_X1      4  6.9    34    46     550    (-,-) 
  g20822__5526/ZN   -       B1->ZN R     AOI22_X1       1  1.9    26    52     602    (-,-) 
  g20815__7410/ZN   -       A1->ZN F     NAND2_X1       1  1.7    10    16     618    (-,-) 
  g20811__9315/ZN   -       B1->ZN R     AOI21_X1       1  3.4    30    35     653    (-,-) 
  g20809__7482/ZN   -       B1->ZN F     OAI21_X2       1  6.0    17    22     676    (-,-) 
  g20806__5115/ZN   -       A1->ZN R     NAND2_X4      18 34.7    25    36     711    (-,-) 
  g20793__5526/Z    -       S->Z   F     MUX2_X1        1  2.4    11    63     774    (-,-) 
  g20768__7482/ZN   -       A->ZN  R     XNOR2_X1       2  4.4    32    42     816    (-,-) 
  g20752__3680/ZN   -       A->ZN  R     XNOR2_X1       2  4.1    30    50     866    (-,-) 
  g20738__5115/ZN   -       A2->ZN R     AND2_X1        1  1.9     9    37     903    (-,-) 
  g20731__8246/ZN   -       A2->ZN F     NAND4_X1       1  3.2    21    33     936    (-,-) 
  g20730__2802/ZN   -       A1->ZN R     NAND2_X2       2  5.3    12    22     959    (-,-) 
  g20724__6783/ZN   -       A1->ZN F     NAND2_X2       1  3.2    12    13     972    (-,-) 
  g20723__4319/ZN   -       A1->ZN R     NAND2_X2       2  5.3    12    19     991    (-,-) 
  g20719/ZN         -       A->ZN  F     INV_X1         1  4.1     7    12    1003    (-,-) 
  g20710__5115/ZN   -       A->ZN  F     XNOR2_X2       8 12.9    18    45    1048    (-,-) 
  g20704/ZN         -       A->ZN  R     INV_X1         8 15.1    37    50    1097    (-,-) 
  g20688__7410/ZN   -       A2->ZN F     NAND2_X1       4  6.8    23    32    1129    (-,-) 
  g20638__6260/ZN   -       B2->ZN R     OAI221_X1      1  2.0    37    58    1187    (-,-) 
  g20623__7482/ZN   -       A1->ZN F     AOI22_X1       2  3.6    18    26    1213    (-,-) 
  g20621/ZN         -       A->ZN  R     INV_X1         2  3.8    12    23    1236    (-,-) 
  g20616__4319/ZN   -       A2->ZN F     NAND2_X1       3  4.0    14    19    1255    (-,-) 
  g20615/ZN         -       A->ZN  R     INV_X1         1  1.9     8    15    1270    (-,-) 
  g20611__6417/ZN   -       A1->ZN F     NAND2_X1       2  4.7    18    19    1289    (-,-) 
  g20604__4733/ZN   -       A1->ZN R     NOR2_X2        4  8.8    29    41    1330    (-,-) 
  g20588__2802/ZN   -       A1->ZN R     AND4_X4        4  7.4    13    54    1383    (-,-) 
  g20581/ZN         -       A->ZN  F     INV_X1         2  3.9     7    12    1395    (-,-) 
  g20576__8428/ZN   -       A1->ZN R     NOR3_X2        2  3.8    29    35    1431    (-,-) 
  g20571/ZN         -       A->ZN  F     INV_X1         2  5.4    12    18    1449    (-,-) 
  g20568__9945/ZN   -       A1->ZN R     NOR2_X2        1  3.5    16    25    1473    (-,-) 
  g21262/CO         -       A->CO  R     HA_X1          2  4.3    14    40    1513    (-,-) 
  g3/Z              -       A->Z   R     XOR2_X1        1  1.2    19    45    1559    (-,-) 
  g2/ZN             -       A1->ZN R     OR2_X1         1  0.3     7    23    1581    (-,-) 
  bf_out[12]        -       -      R     (port)         -    -     -     0    1581    (-,-) 
#-------------------------------------------------------------------------------------------



Path 3: MET (25 ps) Late External Delay Assertion at pin bf_out[14]
           View: view_1p2_25
          Group: clock1
     Startpoint: (R) bf2_in_reg[9]/CK
          Clock: (R) clock1
       Endpoint: (F) bf_out[14]
          Clock: (R) clock1

                     Capture       Launch     
        Clock Edge:+    1587            0     
       Src Latency:+       0            0     
       Net Latency:+       0 (I)        0 (I) 
           Arrival:=    1587            0     
                                              
      Output Delay:-       1                  
       Uncertainty:-       0                  
     Required Time:=    1586                  
      Launch Clock:-       0                  
         Data Path:-    1561                  
             Slack:=      25                  

Exceptions/Constraints:
  output_delay              1              add_bf16_1C.sdc_line_21_34_1   

Launch clock path:
#-----------------------------------------------------------------------------------------
#  Timing Point    Flags   Arc   Edge   Cell     Fanout Load Trans Delay Arrival Instance 
#                                                       (fF)  (ps)  (ps)   (ps)  Location 
#-----------------------------------------------------------------------------------------
  clk              (i)     -     R     (arrival)     33  0.0     0     0       0    (-,-) 
  bf2_in_reg[9]/CK <<<     -     R     SDFFR_X1      33    -     1     0       0    (-,-) 
#-----------------------------------------------------------------------------------------

#------------------------------------------------------------------------------------------
#  Timing Point    Flags    Arc   Edge   Cell     Fanout Load Trans Delay Arrival Instance 
#                                                        (fF)  (ps)  (ps)   (ps)  Location 
#------------------------------------------------------------------------------------------
  bf2_in_reg[9]/CK -       -      R     (arrival)     33    -     1     0       0    (-,-) 
  bf2_in_reg[9]/Q  -       CK->Q  R     SDFFR_X1       2  3.1    13    74      74    (-,-) 
  g21204/ZN        -       A->ZN  F     INV_X1         3  4.5     8    13      87    (-,-) 
  g21248/Z         -       A->Z   F     MUX2_X1        2  5.1    14    65     152    (-,-) 
  g21048__1617/ZN  -       A2->ZN R     NAND2_X2       2  5.3    12    22     174    (-,-) 
  g21012__7482/ZN  -       A1->ZN F     NAND2_X2       2  5.0     9    15     190    (-,-) 
  g21007__6260/ZN  -       A1->ZN R     NAND2_X2       1  6.3    14    18     208    (-,-) 
  g21003__2346/ZN  -       A1->ZN F     NAND2_X4       3  9.9     9    16     224    (-,-) 
  g20998__4733/ZN  -       B1->ZN R     OAI21_X4       1  6.7    18    27     250    (-,-) 
  g20995__8246/ZN  -       B1->ZN F     AOI21_X4       5 14.1    12    21     272    (-,-) 
  g20977/ZN        -       A->ZN  R     INV_X4         5  8.6     9    15     287    (-,-) 
  g21246/Z         -       S->Z   F     MUX2_X1        6 11.8    20    78     365    (-,-) 
  g20933__4733/ZN  -       A2->ZN R     NOR2_X1        5  9.3    51    72     436    (-,-) 
  g20917__5477/ZN  -       A1->ZN F     NAND2_X1       1  1.8    15    19     456    (-,-) 
  g20887__4319/ZN  -       A->ZN  R     OAI21_X1       1  1.9    20    24     479    (-,-) 
  g20863__5115/ZN  -       A->ZN  F     AOI21_X1       1  1.7    10    16     495    (-,-) 
  g20840__6161/ZN  -       B1->ZN R     OAI221_X1      4  7.5    63    76     571    (-,-) 
  g20819__2398/ZN  -       C1->ZN F     OAI211_X1      1  1.8    22    30     601    (-,-) 
  g20815__7410/ZN  -       A2->ZN R     NAND2_X1       1  1.9    12    23     624    (-,-) 
  g20811__9315/ZN  -       B1->ZN F     AOI21_X1       1  3.0    10    18     642    (-,-) 
  g20809__7482/ZN  -       B1->ZN R     OAI21_X2       1  6.3    25    35     676    (-,-) 
  g20806__5115/ZN  -       A1->ZN F     NAND2_X4      18 32.3    20    32     709    (-,-) 
  g20802__8246/ZN  -       A1->ZN R     NAND2_X1       1  2.0    11    20     729    (-,-) 
  g20790__6417/ZN  -       A->ZN  F     OAI21_X1       1  2.4    16    20     749    (-,-) 
  g20773__5115/ZN  -       A->ZN  F     XNOR2_X1       2  4.1    29    46     796    (-,-) 
  g20754__8428/ZN  -       A->ZN  F     XNOR2_X1       2  3.5    15    51     846    (-,-) 
  g20743__2346/ZN  -       A1->ZN R     NAND2_X1       2  3.8    14    23     869    (-,-) 
  g20734__6161/ZN  -       A1->ZN F     NAND2_X1       2  4.3    12    20     889    (-,-) 
  g20727__6131/ZN  -       B1->ZN R     AOI21_X1       2  4.3    34    40     930    (-,-) 
  g20722__5122/ZN  -       A1->ZN F     NAND2_X1       1  1.8    12    18     947    (-,-) 
  g20715__1617/ZN  -       A1->ZN R     NAND2_X1       2  3.8    14    21     969    (-,-) 
  g20692__6260/ZN  -       B1->ZN F     AOI21_X1       1  2.4    11    17     986    (-,-) 
  g20678__7410/ZN  -       A->ZN  R     XNOR2_X1       5  9.2    53    66    1052    (-,-) 
  g20674__6131/ZN  -       A1->ZN R     AND2_X2        5  9.1    15    49    1101    (-,-) 
  g20663__6783/ZN  -       A->ZN  F     OAI21_X1       1  1.8    12    20    1121    (-,-) 
  g20661/ZN        -       A->ZN  R     INV_X1         1  2.0     8    15    1136    (-,-) 
  g20653__7098/ZN  -       A2->ZN F     NOR2_X1        2  4.2    10    13    1149    (-,-) 
  g20637__5477/Z   -       A->Z   F     XOR2_X1        2  3.4    14    53    1202    (-,-) 
  g20624__4733/ZN  -       A1->ZN R     NAND2_X1       3  5.7    18    27    1229    (-,-) 
  g20614__6131/ZN  -       A->ZN  F     OAI21_X1       2  4.0    15    26    1255    (-,-) 
  g20610__2802/ZN  -       A1->ZN R     NOR2_X1        1  2.0    17    27    1282    (-,-) 
  g20608__5107/ZN  -       A1->ZN F     NOR2_X1        2  4.1     8    15    1297    (-,-) 
  g20583__2883/ZN  -       B1->ZN R     AOI21_X1       1  3.5    30    35    1332    (-,-) 
  g20573__1617/CO  -       A->CO  R     HA_X1          1  3.5    12    42    1374    (-,-) 
  g20564__7410/CO  -       A->CO  R     HA_X1          1  3.5    12    36    1410    (-,-) 
  g20556__6131/S   -       A->S   R     HA_X1          2  3.8    32    58    1469    (-,-) 
  g20555/ZN        -       A->ZN  F     INV_X1         1  1.8     9    10    1479    (-,-) 
  g20551__1617/ZN  -       A1->ZN R     AOI22_X1       2  4.7    39    46    1525    (-,-) 
  g21253/ZN        -       A2->ZN F     OAI222_X1      1  0.3    18    36    1561    (-,-) 
  bf_out[14]       -       -      F     (port)         -    -     -     0    1561    (-,-) 
#------------------------------------------------------------------------------------------



Path 4: MET (43 ps) Late External Delay Assertion at pin bf_out[11]
           View: view_1p2_25
          Group: clock1
     Startpoint: (R) bf2_in_reg[12]/CK
          Clock: (R) clock1
       Endpoint: (R) bf_out[11]
          Clock: (R) clock1

                     Capture       Launch     
        Clock Edge:+    1587            0     
       Src Latency:+       0            0     
       Net Latency:+       0 (I)        0 (I) 
           Arrival:=    1587            0     
                                              
      Output Delay:-       1                  
       Uncertainty:-       0                  
     Required Time:=    1586                  
      Launch Clock:-       0                  
         Data Path:-    1544                  
             Slack:=      43                  

Exceptions/Constraints:
  output_delay              1              add_bf16_1C.sdc_line_21_37_1   

Launch clock path:
#------------------------------------------------------------------------------------------
#   Timing Point    Flags   Arc   Edge   Cell     Fanout Load Trans Delay Arrival Instance 
#                                                        (fF)  (ps)  (ps)   (ps)  Location 
#------------------------------------------------------------------------------------------
  clk               (i)     -     R     (arrival)     33  0.0     0     0       0    (-,-) 
  bf2_in_reg[12]/CK <<<     -     R     SDFFR_X1      33    -     1     0       0    (-,-) 
#------------------------------------------------------------------------------------------

#-------------------------------------------------------------------------------------------
#   Timing Point    Flags    Arc   Edge   Cell     Fanout Load Trans Delay Arrival Instance 
#                                                         (fF)  (ps)  (ps)   (ps)  Location 
#-------------------------------------------------------------------------------------------
  bf2_in_reg[12]/CK -       -      R     (arrival)     33    -     1     0       0    (-,-) 
  bf2_in_reg[12]/QN -       CK->QN R     SDFFR_X1       1  2.0    10    99      99    (-,-) 
  g21159__5477/ZN   -       A2->ZN F     NAND2_X1       4  6.2    16    24     122    (-,-) 
  g21125__5526/ZN   -       A1->ZN R     NAND2_X1       3  5.7    18    28     150    (-,-) 
  g21028__5122/ZN   -       B1->ZN F     OAI21_X1       1  1.8    10    17     167    (-,-) 
  g21024/ZN         -       A->ZN  R     INV_X1         2  3.9    12    19     185    (-,-) 
  g21016__7098/ZN   -       A1->ZN R     AND2_X2        1  6.5    12    35     220    (-,-) 
  g20998__4733/ZN   -       A->ZN  F     OAI21_X4       1  5.9    10    19     239    (-,-) 
  g20995__8246/ZN   -       B1->ZN R     AOI21_X4       5 15.4    32    38     277    (-,-) 
  g20994/ZN         -       A->ZN  F     INV_X2         5 13.2    13    21     298    (-,-) 
  g20993/ZN         -       A->ZN  R     INV_X4        14 26.8    18    28     325    (-,-) 
  g21259/Z          -       S->Z   F     MUX2_X1        1  3.4    12    64     390    (-,-) 
  g20929__6131/ZN   -       A2->ZN R     NAND2_X2       2  9.0    16    25     415    (-,-) 
  g20919__1666/ZN   -       A1->ZN F     NOR2_X4        4  8.2     8    11     426    (-,-) 
  g20891__1617/ZN   -       A1->ZN F     AND2_X4        5 11.2     7    29     454    (-,-) 
  g20873__5477/ZN   -       A1->ZN R     NAND2_X2       6 10.8    18    23     477    (-,-) 
  g20855__3680/ZN   -       A1->ZN R     OR2_X1         1  1.9     8    27     504    (-,-) 
  g20844__9315/ZN   -       A->ZN  F     OAI221_X1      4  6.9    34    46     550    (-,-) 
  g20822__5526/ZN   -       B1->ZN R     AOI22_X1       1  1.9    26    52     602    (-,-) 
  g20815__7410/ZN   -       A1->ZN F     NAND2_X1       1  1.7    10    16     618    (-,-) 
  g20811__9315/ZN   -       B1->ZN R     AOI21_X1       1  3.4    30    35     653    (-,-) 
  g20809__7482/ZN   -       B1->ZN F     OAI21_X2       1  6.0    17    22     676    (-,-) 
  g20806__5115/ZN   -       A1->ZN R     NAND2_X4      18 34.7    25    36     711    (-,-) 
  g20793__5526/Z    -       S->Z   F     MUX2_X1        1  2.4    11    63     774    (-,-) 
  g20768__7482/ZN   -       A->ZN  R     XNOR2_X1       2  4.4    32    42     816    (-,-) 
  g20752__3680/ZN   -       A->ZN  R     XNOR2_X1       2  4.1    30    50     866    (-,-) 
  g20738__5115/ZN   -       A2->ZN R     AND2_X1        1  1.9     9    37     903    (-,-) 
  g20731__8246/ZN   -       A2->ZN F     NAND4_X1       1  3.2    21    33     936    (-,-) 
  g20730__2802/ZN   -       A1->ZN R     NAND2_X2       2  5.3    12    22     959    (-,-) 
  g20724__6783/ZN   -       A1->ZN F     NAND2_X2       1  3.2    12    13     972    (-,-) 
  g20723__4319/ZN   -       A1->ZN R     NAND2_X2       2  5.3    12    19     991    (-,-) 
  g20719/ZN         -       A->ZN  F     INV_X1         1  4.1     7    12    1003    (-,-) 
  g20710__5115/ZN   -       A->ZN  F     XNOR2_X2       8 12.9    18    45    1048    (-,-) 
  g20704/ZN         -       A->ZN  R     INV_X1         8 15.1    37    50    1097    (-,-) 
  g20688__7410/ZN   -       A2->ZN F     NAND2_X1       4  6.8    23    32    1129    (-,-) 
  g20638__6260/ZN   -       B2->ZN R     OAI221_X1      1  2.0    37    58    1187    (-,-) 
  g20623__7482/ZN   -       A1->ZN F     AOI22_X1       2  3.6    18    26    1213    (-,-) 
  g20621/ZN         -       A->ZN  R     INV_X1         2  3.8    12    23    1236    (-,-) 
  g20616__4319/ZN   -       A2->ZN F     NAND2_X1       3  4.0    14    19    1255    (-,-) 
  g20615/ZN         -       A->ZN  R     INV_X1         1  1.9     8    15    1270    (-,-) 
  g20611__6417/ZN   -       A1->ZN F     NAND2_X1       2  4.7    18    19    1289    (-,-) 
  g20604__4733/ZN   -       A1->ZN R     NOR2_X2        4  8.8    29    41    1330    (-,-) 
  g20588__2802/ZN   -       A1->ZN R     AND4_X4        4  7.4    13    54    1383    (-,-) 
  g20581/ZN         -       A->ZN  F     INV_X1         2  3.9     7    12    1395    (-,-) 
  g20576__8428/ZN   -       A1->ZN R     NOR3_X2        2  3.8    29    35    1431    (-,-) 
  g20571/ZN         -       A->ZN  F     INV_X1         2  5.4    12    18    1449    (-,-) 
  g20568__9945/ZN   -       A1->ZN R     NOR2_X2        1  3.5    16    25    1473    (-,-) 
  g21262/S          -       A->S   R     HA_X1          1  2.0    23    51    1524    (-,-) 
  g21261/ZN         -       A->ZN  F     INV_X1         1  1.8     7    10    1534    (-,-) 
  g20557__3680/ZN   -       A1->ZN R     NAND2_X1       1  0.3     9    10    1544    (-,-) 
  bf_out[11]        -       -      R     (port)         -    -     -     0    1544    (-,-) 
#-------------------------------------------------------------------------------------------



Path 5: MET (46 ps) Late External Delay Assertion at pin bf_out[10]
           View: view_1p2_25
          Group: clock1
     Startpoint: (R) bf2_in_reg[12]/CK
          Clock: (R) clock1
       Endpoint: (F) bf_out[10]
          Clock: (R) clock1

                     Capture       Launch     
        Clock Edge:+    1587            0     
       Src Latency:+       0            0     
       Net Latency:+       0 (I)        0 (I) 
           Arrival:=    1587            0     
                                              
      Output Delay:-       1                  
       Uncertainty:-       0                  
     Required Time:=    1586                  
      Launch Clock:-       0                  
         Data Path:-    1540                  
             Slack:=      46                  

Exceptions/Constraints:
  output_delay              1              add_bf16_1C.sdc_line_21_38_1   

Launch clock path:
#------------------------------------------------------------------------------------------
#   Timing Point    Flags   Arc   Edge   Cell     Fanout Load Trans Delay Arrival Instance 
#                                                        (fF)  (ps)  (ps)   (ps)  Location 
#------------------------------------------------------------------------------------------
  clk               (i)     -     R     (arrival)     33  0.0     0     0       0    (-,-) 
  bf2_in_reg[12]/CK <<<     -     R     SDFFR_X1      33    -     1     0       0    (-,-) 
#------------------------------------------------------------------------------------------

#-------------------------------------------------------------------------------------------
#   Timing Point    Flags    Arc   Edge   Cell     Fanout Load Trans Delay Arrival Instance 
#                                                         (fF)  (ps)  (ps)   (ps)  Location 
#-------------------------------------------------------------------------------------------
  bf2_in_reg[12]/CK -       -      R     (arrival)     33    -     1     0       0    (-,-) 
  bf2_in_reg[12]/QN -       CK->QN R     SDFFR_X1       1  2.0    10    99      99    (-,-) 
  g21159__5477/ZN   -       A2->ZN F     NAND2_X1       4  6.2    16    24     122    (-,-) 
  g21125__5526/ZN   -       A1->ZN R     NAND2_X1       3  5.7    18    28     150    (-,-) 
  g21028__5122/ZN   -       B1->ZN F     OAI21_X1       1  1.8    10    17     167    (-,-) 
  g21024/ZN         -       A->ZN  R     INV_X1         2  3.9    12    19     185    (-,-) 
  g21016__7098/ZN   -       A1->ZN R     AND2_X2        1  6.5    12    35     220    (-,-) 
  g20998__4733/ZN   -       A->ZN  F     OAI21_X4       1  5.9    10    19     239    (-,-) 
  g20995__8246/ZN   -       B1->ZN R     AOI21_X4       5 15.4    32    38     277    (-,-) 
  g20994/ZN         -       A->ZN  F     INV_X2         5 13.2    13    21     298    (-,-) 
  g20993/ZN         -       A->ZN  R     INV_X4        14 26.8    18    28     325    (-,-) 
  g21259/Z          -       S->Z   F     MUX2_X1        1  3.4    12    64     390    (-,-) 
  g20929__6131/ZN   -       A2->ZN R     NAND2_X2       2  9.0    16    25     415    (-,-) 
  g20919__1666/ZN   -       A1->ZN F     NOR2_X4        4  8.2     8    11     426    (-,-) 
  g20891__1617/ZN   -       A1->ZN F     AND2_X4        5 11.2     7    29     454    (-,-) 
  g20873__5477/ZN   -       A1->ZN R     NAND2_X2       6 10.8    18    23     477    (-,-) 
  g20855__3680/ZN   -       A1->ZN R     OR2_X1         1  1.9     8    27     504    (-,-) 
  g20844__9315/ZN   -       A->ZN  F     OAI221_X1      4  6.9    34    46     550    (-,-) 
  g20822__5526/ZN   -       B1->ZN R     AOI22_X1       1  1.9    26    52     602    (-,-) 
  g20815__7410/ZN   -       A1->ZN F     NAND2_X1       1  1.7    10    16     618    (-,-) 
  g20811__9315/ZN   -       B1->ZN R     AOI21_X1       1  3.4    30    35     653    (-,-) 
  g20809__7482/ZN   -       B1->ZN F     OAI21_X2       1  6.0    17    22     676    (-,-) 
  g20806__5115/ZN   -       A1->ZN R     NAND2_X4      18 34.7    25    36     711    (-,-) 
  g20793__5526/Z    -       S->Z   F     MUX2_X1        1  2.4    11    63     774    (-,-) 
  g20768__7482/ZN   -       A->ZN  R     XNOR2_X1       2  4.4    32    42     816    (-,-) 
  g20752__3680/ZN   -       A->ZN  R     XNOR2_X1       2  4.1    30    50     866    (-,-) 
  g20738__5115/ZN   -       A2->ZN R     AND2_X1        1  1.9     9    37     903    (-,-) 
  g20731__8246/ZN   -       A2->ZN F     NAND4_X1       1  3.2    21    33     936    (-,-) 
  g20730__2802/ZN   -       A1->ZN R     NAND2_X2       2  5.3    12    22     959    (-,-) 
  g20724__6783/ZN   -       A1->ZN F     NAND2_X2       1  3.2    12    13     972    (-,-) 
  g20723__4319/ZN   -       A1->ZN R     NAND2_X2       2  5.3    12    19     991    (-,-) 
  g20719/ZN         -       A->ZN  F     INV_X1         1  4.1     7    12    1003    (-,-) 
  g20710__5115/ZN   -       A->ZN  F     XNOR2_X2       8 12.9    18    45    1048    (-,-) 
  g20704/ZN         -       A->ZN  R     INV_X1         8 15.1    37    50    1097    (-,-) 
  g20688__7410/ZN   -       A2->ZN F     NAND2_X1       4  6.8    23    32    1129    (-,-) 
  g20638__6260/ZN   -       B2->ZN R     OAI221_X1      1  2.0    37    58    1187    (-,-) 
  g20623__7482/ZN   -       A1->ZN F     AOI22_X1       2  3.6    18    26    1213    (-,-) 
  g20621/ZN         -       A->ZN  R     INV_X1         2  3.8    12    23    1236    (-,-) 
  g20616__4319/ZN   -       A2->ZN F     NAND2_X1       3  4.0    14    19    1255    (-,-) 
  g20615/ZN         -       A->ZN  R     INV_X1         1  1.9     8    15    1270    (-,-) 
  g20611__6417/ZN   -       A1->ZN F     NAND2_X1       2  4.7    18    19    1289    (-,-) 
  g20604__4733/ZN   -       A1->ZN R     NOR2_X2        4  8.8    29    41    1330    (-,-) 
  g20588__2802/ZN   -       A1->ZN R     AND4_X4        4  7.4    13    54    1383    (-,-) 
  g20581/ZN         -       A->ZN  F     INV_X1         2  3.9     7    12    1395    (-,-) 
  g20576__8428/ZN   -       A1->ZN R     NOR3_X2        2  3.8    29    35    1431    (-,-) 
  g20571/ZN         -       A->ZN  F     INV_X1         2  5.4    12    18    1449    (-,-) 
  g21245/Z          -       A->Z   F     XOR2_X1        1  1.1    11    50    1498    (-,-) 
  g21244/ZN         -       A1->ZN F     OR2_X1         1  0.3     8    41    1540    (-,-) 
  bf_out[10]        -       -      F     (port)         -    -     -     0    1540    (-,-) 
#-------------------------------------------------------------------------------------------



Path 6: MET (65 ps) Late External Delay Assertion at pin underflow
           View: view_1p2_25
          Group: clock1
     Startpoint: (R) bf2_in_reg[12]/CK
          Clock: (R) clock1
       Endpoint: (R) underflow
          Clock: (R) clock1

                     Capture       Launch     
        Clock Edge:+    1587            0     
       Src Latency:+       0            0     
       Net Latency:+       0 (I)        0 (I) 
           Arrival:=    1587            0     
                                              
      Output Delay:-       1                  
       Uncertainty:-       0                  
     Required Time:=    1586                  
      Launch Clock:-       0                  
         Data Path:-    1522                  
             Slack:=      65                  

Exceptions/Constraints:
  output_delay              1              add_bf16_1C.sdc_line_21_50_1   

Launch clock path:
#------------------------------------------------------------------------------------------
#   Timing Point    Flags   Arc   Edge   Cell     Fanout Load Trans Delay Arrival Instance 
#                                                        (fF)  (ps)  (ps)   (ps)  Location 
#------------------------------------------------------------------------------------------
  clk               (i)     -     R     (arrival)     33  0.0     0     0       0    (-,-) 
  bf2_in_reg[12]/CK <<<     -     R     SDFFR_X1      33    -     1     0       0    (-,-) 
#------------------------------------------------------------------------------------------

#-------------------------------------------------------------------------------------------
#   Timing Point    Flags    Arc   Edge   Cell     Fanout Load Trans Delay Arrival Instance 
#                                                         (fF)  (ps)  (ps)   (ps)  Location 
#-------------------------------------------------------------------------------------------
  bf2_in_reg[12]/CK -       -      R     (arrival)     33    -     1     0       0    (-,-) 
  bf2_in_reg[12]/QN -       CK->QN R     SDFFR_X1       1  2.0    10    99      99    (-,-) 
  g21159__5477/ZN   -       A2->ZN F     NAND2_X1       4  6.2    16    24     122    (-,-) 
  g21125__5526/ZN   -       A1->ZN R     NAND2_X1       3  5.7    18    28     150    (-,-) 
  g21028__5122/ZN   -       B1->ZN F     OAI21_X1       1  1.8    10    17     167    (-,-) 
  g21024/ZN         -       A->ZN  R     INV_X1         2  3.9    12    19     185    (-,-) 
  g21016__7098/ZN   -       A1->ZN R     AND2_X2        1  6.5    12    35     220    (-,-) 
  g20998__4733/ZN   -       A->ZN  F     OAI21_X4       1  5.9    10    19     239    (-,-) 
  g20995__8246/ZN   -       B1->ZN R     AOI21_X4       5 15.4    32    38     277    (-,-) 
  g20994/ZN         -       A->ZN  F     INV_X2         5 13.2    13    21     298    (-,-) 
  g20993/ZN         -       A->ZN  R     INV_X4        14 26.8    18    28     325    (-,-) 
  g21259/Z          -       S->Z   F     MUX2_X1        1  3.4    12    64     390    (-,-) 
  g20929__6131/ZN   -       A2->ZN R     NAND2_X2       2  9.0    16    25     415    (-,-) 
  g20919__1666/ZN   -       A1->ZN F     NOR2_X4        4  8.2     8    11     426    (-,-) 
  g20891__1617/ZN   -       A1->ZN F     AND2_X4        5 11.2     7    29     454    (-,-) 
  g20873__5477/ZN   -       A1->ZN R     NAND2_X2       6 10.8    18    23     477    (-,-) 
  g20855__3680/ZN   -       A1->ZN R     OR2_X1         1  1.9     8    27     504    (-,-) 
  g20844__9315/ZN   -       A->ZN  F     OAI221_X1      4  6.9    34    46     550    (-,-) 
  g20822__5526/ZN   -       B1->ZN R     AOI22_X1       1  1.9    26    52     602    (-,-) 
  g20815__7410/ZN   -       A1->ZN F     NAND2_X1       1  1.7    10    16     618    (-,-) 
  g20811__9315/ZN   -       B1->ZN R     AOI21_X1       1  3.4    30    35     653    (-,-) 
  g20809__7482/ZN   -       B1->ZN F     OAI21_X2       1  6.0    17    22     676    (-,-) 
  g20806__5115/ZN   -       A1->ZN R     NAND2_X4      18 34.7    25    36     711    (-,-) 
  g20793__5526/Z    -       S->Z   F     MUX2_X1        1  2.4    11    63     774    (-,-) 
  g20768__7482/ZN   -       A->ZN  R     XNOR2_X1       2  4.4    32    42     816    (-,-) 
  g20752__3680/ZN   -       A->ZN  R     XNOR2_X1       2  4.1    30    50     866    (-,-) 
  g20738__5115/ZN   -       A2->ZN R     AND2_X1        1  1.9     9    37     903    (-,-) 
  g20731__8246/ZN   -       A2->ZN F     NAND4_X1       1  3.2    21    33     936    (-,-) 
  g20730__2802/ZN   -       A1->ZN R     NAND2_X2       2  5.3    12    22     959    (-,-) 
  g20724__6783/ZN   -       A1->ZN F     NAND2_X2       1  3.2    12    13     972    (-,-) 
  g20723__4319/ZN   -       A1->ZN R     NAND2_X2       2  5.3    12    19     991    (-,-) 
  g20719/ZN         -       A->ZN  F     INV_X1         1  4.1     7    12    1003    (-,-) 
  g20710__5115/ZN   -       A->ZN  F     XNOR2_X2       8 12.9    18    45    1048    (-,-) 
  g20704/ZN         -       A->ZN  R     INV_X1         8 15.1    37    50    1097    (-,-) 
  g20688__7410/ZN   -       A2->ZN F     NAND2_X1       4  6.8    23    32    1129    (-,-) 
  g20653__7098/ZN   -       A1->ZN R     NOR2_X1        2  4.4    28    43    1172    (-,-) 
  g20637__5477/Z    -       A->Z   R     XOR2_X1        2  3.8    31    61    1234    (-,-) 
  g20624__4733/ZN   -       A1->ZN F     NAND2_X1       3  5.2    16    27    1261    (-,-) 
  g20614__6131/ZN   -       A->ZN  R     OAI21_X1       2  4.4    31    30    1292    (-,-) 
  g20610__2802/ZN   -       A1->ZN F     NOR2_X1        1  1.7     9    11    1302    (-,-) 
  g20608__5107/ZN   -       A1->ZN R     NOR2_X1        2  4.3    28    37    1339    (-,-) 
  g20583__2883/ZN   -       B1->ZN F     AOI21_X1       1  3.4    14    23    1362    (-,-) 
  g20573__1617/CO   -       A->CO  F     HA_X1          1  3.4     8    34    1396    (-,-) 
  g20564__7410/CO   -       A->CO  F     HA_X1          1  3.4     8    31    1426    (-,-) 
  g20556__6131/S    -       A->S   F     HA_X1          2  3.5    13    53    1479    (-,-) 
  g20554__7098/ZN   -       A1->ZN R     NAND2_X1       1  1.3    10    15    1495    (-,-) 
  g20549__5526/ZN   -       A2->ZN R     AND2_X1        1  0.3     6    27    1522    (-,-) 
  underflow         -       -      R     (port)         -    -     -     0    1522    (-,-) 
#-------------------------------------------------------------------------------------------



Path 7: MET (98 ps) Late External Delay Assertion at pin bf_out[9]
           View: view_1p2_25
          Group: clock1
     Startpoint: (R) bf2_in_reg[12]/CK
          Clock: (R) clock1
       Endpoint: (F) bf_out[9]
          Clock: (R) clock1

                     Capture       Launch     
        Clock Edge:+    1587            0     
       Src Latency:+       0            0     
       Net Latency:+       0 (I)        0 (I) 
           Arrival:=    1587            0     
                                              
      Output Delay:-       1                  
       Uncertainty:-       0                  
     Required Time:=    1586                  
      Launch Clock:-       0                  
         Data Path:-    1488                  
             Slack:=      98                  

Exceptions/Constraints:
  output_delay              1              add_bf16_1C.sdc_line_21_39_1   

Launch clock path:
#------------------------------------------------------------------------------------------
#   Timing Point    Flags   Arc   Edge   Cell     Fanout Load Trans Delay Arrival Instance 
#                                                        (fF)  (ps)  (ps)   (ps)  Location 
#------------------------------------------------------------------------------------------
  clk               (i)     -     R     (arrival)     33  0.0     0     0       0    (-,-) 
  bf2_in_reg[12]/CK <<<     -     R     SDFFR_X1      33    -     1     0       0    (-,-) 
#------------------------------------------------------------------------------------------

#-------------------------------------------------------------------------------------------
#   Timing Point    Flags    Arc   Edge   Cell     Fanout Load Trans Delay Arrival Instance 
#                                                         (fF)  (ps)  (ps)   (ps)  Location 
#-------------------------------------------------------------------------------------------
  bf2_in_reg[12]/CK -       -      R     (arrival)     33    -     1     0       0    (-,-) 
  bf2_in_reg[12]/QN -       CK->QN R     SDFFR_X1       1  2.0    10    99      99    (-,-) 
  g21159__5477/ZN   -       A2->ZN F     NAND2_X1       4  6.2    16    24     122    (-,-) 
  g21125__5526/ZN   -       A1->ZN R     NAND2_X1       3  5.7    18    28     150    (-,-) 
  g21028__5122/ZN   -       B1->ZN F     OAI21_X1       1  1.8    10    17     167    (-,-) 
  g21024/ZN         -       A->ZN  R     INV_X1         2  3.9    12    19     185    (-,-) 
  g21016__7098/ZN   -       A1->ZN R     AND2_X2        1  6.5    12    35     220    (-,-) 
  g20998__4733/ZN   -       A->ZN  F     OAI21_X4       1  5.9    10    19     239    (-,-) 
  g20995__8246/ZN   -       B1->ZN R     AOI21_X4       5 15.4    32    38     277    (-,-) 
  g20994/ZN         -       A->ZN  F     INV_X2         5 13.2    13    21     298    (-,-) 
  g20993/ZN         -       A->ZN  R     INV_X4        14 26.8    18    28     325    (-,-) 
  g21259/Z          -       S->Z   F     MUX2_X1        1  3.4    12    64     390    (-,-) 
  g20929__6131/ZN   -       A2->ZN R     NAND2_X2       2  9.0    16    25     415    (-,-) 
  g20919__1666/ZN   -       A1->ZN F     NOR2_X4        4  8.2     8    11     426    (-,-) 
  g20891__1617/ZN   -       A1->ZN F     AND2_X4        5 11.2     7    29     454    (-,-) 
  g20873__5477/ZN   -       A1->ZN R     NAND2_X2       6 10.8    18    23     477    (-,-) 
  g20855__3680/ZN   -       A1->ZN R     OR2_X1         1  1.9     8    27     504    (-,-) 
  g20844__9315/ZN   -       A->ZN  F     OAI221_X1      4  6.9    34    46     550    (-,-) 
  g20822__5526/ZN   -       B1->ZN R     AOI22_X1       1  1.9    26    52     602    (-,-) 
  g20815__7410/ZN   -       A1->ZN F     NAND2_X1       1  1.7    10    16     618    (-,-) 
  g20811__9315/ZN   -       B1->ZN R     AOI21_X1       1  3.4    30    35     653    (-,-) 
  g20809__7482/ZN   -       B1->ZN F     OAI21_X2       1  6.0    17    22     676    (-,-) 
  g20806__5115/ZN   -       A1->ZN R     NAND2_X4      18 34.7    25    36     711    (-,-) 
  g20793__5526/Z    -       S->Z   F     MUX2_X1        1  2.4    11    63     774    (-,-) 
  g20768__7482/ZN   -       A->ZN  R     XNOR2_X1       2  4.4    32    42     816    (-,-) 
  g20752__3680/ZN   -       A->ZN  R     XNOR2_X1       2  4.1    30    50     866    (-,-) 
  g20738__5115/ZN   -       A2->ZN R     AND2_X1        1  1.9     9    37     903    (-,-) 
  g20731__8246/ZN   -       A2->ZN F     NAND4_X1       1  3.2    21    33     936    (-,-) 
  g20730__2802/ZN   -       A1->ZN R     NAND2_X2       2  5.3    12    22     959    (-,-) 
  g20724__6783/ZN   -       A1->ZN F     NAND2_X2       1  3.2    12    13     972    (-,-) 
  g20723__4319/ZN   -       A1->ZN R     NAND2_X2       2  5.3    12    19     991    (-,-) 
  g20719/ZN         -       A->ZN  F     INV_X1         1  4.1     7    12    1003    (-,-) 
  g20710__5115/ZN   -       A->ZN  F     XNOR2_X2       8 12.9    18    45    1048    (-,-) 
  g20704/ZN         -       A->ZN  R     INV_X1         8 15.1    37    50    1097    (-,-) 
  g20688__7410/ZN   -       A2->ZN F     NAND2_X1       4  6.8    23    32    1129    (-,-) 
  g20638__6260/ZN   -       B2->ZN R     OAI221_X1      1  2.0    37    58    1187    (-,-) 
  g20623__7482/ZN   -       A1->ZN F     AOI22_X1       2  3.6    18    26    1213    (-,-) 
  g20621/ZN         -       A->ZN  R     INV_X1         2  3.8    12    23    1236    (-,-) 
  g20616__4319/ZN   -       A2->ZN F     NAND2_X1       3  4.0    14    19    1255    (-,-) 
  g20615/ZN         -       A->ZN  R     INV_X1         1  1.9     8    15    1270    (-,-) 
  g20611__6417/ZN   -       A1->ZN F     NAND2_X1       2  4.7    18    19    1289    (-,-) 
  g20604__4733/ZN   -       A1->ZN R     NOR2_X2        4  8.8    29    41    1330    (-,-) 
  g20588__2802/ZN   -       A1->ZN R     AND4_X4        4  7.4    13    54    1383    (-,-) 
  g20581/ZN         -       A->ZN  F     INV_X1         2  3.9     7    12    1395    (-,-) 
  g20576__8428/ZN   -       A1->ZN R     NOR3_X2        2  3.8    29    35    1431    (-,-) 
  g20574__2883/ZN   -       A->ZN  F     AOI21_X1       1  1.1    11    16    1447    (-,-) 
  g20567__1881/ZN   -       A1->ZN F     OR2_X1         1  0.3     8    42    1488    (-,-) 
  bf_out[9]         -       -      F     (port)         -    -     -     0    1488    (-,-) 
#-------------------------------------------------------------------------------------------



Path 8: MET (124 ps) Late External Delay Assertion at pin bf_out[6]
           View: view_1p2_25
          Group: clock1
     Startpoint: (R) bf2_in_reg[12]/CK
          Clock: (R) clock1
       Endpoint: (R) bf_out[6]
          Clock: (R) clock1

                     Capture       Launch     
        Clock Edge:+    1587            0     
       Src Latency:+       0            0     
       Net Latency:+       0 (I)        0 (I) 
           Arrival:=    1587            0     
                                              
      Output Delay:-       1                  
       Uncertainty:-       0                  
     Required Time:=    1586                  
      Launch Clock:-       0                  
         Data Path:-    1462                  
             Slack:=     124                  

Exceptions/Constraints:
  output_delay              1              add_bf16_1C.sdc_line_21_42_1   

Launch clock path:
#------------------------------------------------------------------------------------------
#   Timing Point    Flags   Arc   Edge   Cell     Fanout Load Trans Delay Arrival Instance 
#                                                        (fF)  (ps)  (ps)   (ps)  Location 
#------------------------------------------------------------------------------------------
  clk               (i)     -     R     (arrival)     33  0.0     0     0       0    (-,-) 
  bf2_in_reg[12]/CK <<<     -     R     SDFFR_X1      33    -     1     0       0    (-,-) 
#------------------------------------------------------------------------------------------

#-------------------------------------------------------------------------------------------
#   Timing Point    Flags    Arc   Edge   Cell     Fanout Load Trans Delay Arrival Instance 
#                                                         (fF)  (ps)  (ps)   (ps)  Location 
#-------------------------------------------------------------------------------------------
  bf2_in_reg[12]/CK -       -      R     (arrival)     33    -     1     0       0    (-,-) 
  bf2_in_reg[12]/QN -       CK->QN R     SDFFR_X1       1  2.0    10    99      99    (-,-) 
  g21159__5477/ZN   -       A2->ZN F     NAND2_X1       4  6.2    16    24     122    (-,-) 
  g21125__5526/ZN   -       A1->ZN R     NAND2_X1       3  5.7    18    28     150    (-,-) 
  g21028__5122/ZN   -       B1->ZN F     OAI21_X1       1  1.8    10    17     167    (-,-) 
  g21024/ZN         -       A->ZN  R     INV_X1         2  3.9    12    19     185    (-,-) 
  g21016__7098/ZN   -       A1->ZN R     AND2_X2        1  6.5    12    35     220    (-,-) 
  g20998__4733/ZN   -       A->ZN  F     OAI21_X4       1  5.9    10    19     239    (-,-) 
  g20995__8246/ZN   -       B1->ZN R     AOI21_X4       5 15.4    32    38     277    (-,-) 
  g20994/ZN         -       A->ZN  F     INV_X2         5 13.2    13    21     298    (-,-) 
  g20993/ZN         -       A->ZN  R     INV_X4        14 26.8    18    28     325    (-,-) 
  g21259/Z          -       S->Z   F     MUX2_X1        1  3.4    12    64     390    (-,-) 
  g20929__6131/ZN   -       A2->ZN R     NAND2_X2       2  9.0    16    25     415    (-,-) 
  g20919__1666/ZN   -       A1->ZN F     NOR2_X4        4  8.2     8    11     426    (-,-) 
  g20891__1617/ZN   -       A1->ZN F     AND2_X4        5 11.2     7    29     454    (-,-) 
  g20873__5477/ZN   -       A1->ZN R     NAND2_X2       6 10.8    18    23     477    (-,-) 
  g20855__3680/ZN   -       A1->ZN R     OR2_X1         1  1.9     8    27     504    (-,-) 
  g20844__9315/ZN   -       A->ZN  F     OAI221_X1      4  6.9    34    46     550    (-,-) 
  g20822__5526/ZN   -       B1->ZN R     AOI22_X1       1  1.9    26    52     602    (-,-) 
  g20815__7410/ZN   -       A1->ZN F     NAND2_X1       1  1.7    10    16     618    (-,-) 
  g20811__9315/ZN   -       B1->ZN R     AOI21_X1       1  3.4    30    35     653    (-,-) 
  g20809__7482/ZN   -       B1->ZN F     OAI21_X2       1  6.0    17    22     676    (-,-) 
  g20806__5115/ZN   -       A1->ZN R     NAND2_X4      18 34.7    25    36     711    (-,-) 
  g20793__5526/Z    -       S->Z   F     MUX2_X1        1  2.4    11    63     774    (-,-) 
  g20768__7482/ZN   -       A->ZN  R     XNOR2_X1       2  4.4    32    42     816    (-,-) 
  g20752__3680/ZN   -       A->ZN  R     XNOR2_X1       2  4.1    30    50     866    (-,-) 
  g20738__5115/ZN   -       A2->ZN R     AND2_X1        1  1.9     9    37     903    (-,-) 
  g20731__8246/ZN   -       A2->ZN F     NAND4_X1       1  3.2    21    33     936    (-,-) 
  g20730__2802/ZN   -       A1->ZN R     NAND2_X2       2  5.3    12    22     959    (-,-) 
  g20724__6783/ZN   -       A1->ZN F     NAND2_X2       1  3.2    12    13     972    (-,-) 
  g20723__4319/ZN   -       A1->ZN R     NAND2_X2       2  5.3    12    19     991    (-,-) 
  g20719/ZN         -       A->ZN  F     INV_X1         1  4.1     7    12    1003    (-,-) 
  g20710__5115/ZN   -       A->ZN  F     XNOR2_X2       8 12.9    18    45    1048    (-,-) 
  g20704/ZN         -       A->ZN  R     INV_X1         8 15.1    37    50    1097    (-,-) 
  g20696__5477/Z    -       S->Z   F     MUX2_X1        1  1.7    10    62    1160    (-,-) 
  g20668__7410/ZN   -       A2->ZN R     AOI222_X1      3  6.2    80    96    1255    (-,-) 
  g20659__5122/ZN   -       A1->ZN F     NOR2_X1        2  3.5    20    16    1272    (-,-) 
  g20616__4319/ZN   -       A1->ZN R     NAND2_X1       3  4.3    15    26    1298    (-,-) 
  g20615/ZN         -       A->ZN  F     INV_X1         1  1.8     6     9    1307    (-,-) 
  g20611__6417/ZN   -       A1->ZN R     NAND2_X1       2  5.4    20    22    1329    (-,-) 
  g20604__4733/ZN   -       A1->ZN F     NOR2_X2        4  8.1    22    15    1344    (-,-) 
  g20598__6131/ZN   -       A1->ZN R     NAND2_X1       3  5.6    22    31    1375    (-,-) 
  g20594__3680/ZN   -       A1->ZN F     NAND2_X1       2  2.9    14    19    1394    (-,-) 
  g20587__6260/ZN   -       A1->ZN F     AND2_X1        1  1.7     6    31    1425    (-,-) 
  g20582__6161/ZN   -       B1->ZN R     OAI221_X1      1  0.3    28    37    1462    (-,-) 
  bf_out[6]         -       -      R     (port)         -    -     -     0    1462    (-,-) 
#-------------------------------------------------------------------------------------------



Path 9: MET (135 ps) Late External Delay Assertion at pin bf_out[7]
           View: view_1p2_25
          Group: clock1
     Startpoint: (R) bf2_in_reg[12]/CK
          Clock: (R) clock1
       Endpoint: (F) bf_out[7]
          Clock: (R) clock1

                     Capture       Launch     
        Clock Edge:+    1587            0     
       Src Latency:+       0            0     
       Net Latency:+       0 (I)        0 (I) 
           Arrival:=    1587            0     
                                              
      Output Delay:-       1                  
       Uncertainty:-       0                  
     Required Time:=    1586                  
      Launch Clock:-       0                  
         Data Path:-    1451                  
             Slack:=     135                  

Exceptions/Constraints:
  output_delay              1              add_bf16_1C.sdc_line_21_41_1   

Launch clock path:
#------------------------------------------------------------------------------------------
#   Timing Point    Flags   Arc   Edge   Cell     Fanout Load Trans Delay Arrival Instance 
#                                                        (fF)  (ps)  (ps)   (ps)  Location 
#------------------------------------------------------------------------------------------
  clk               (i)     -     R     (arrival)     33  0.0     0     0       0    (-,-) 
  bf2_in_reg[12]/CK <<<     -     R     SDFFR_X1      33    -     1     0       0    (-,-) 
#------------------------------------------------------------------------------------------

#-------------------------------------------------------------------------------------------
#   Timing Point    Flags    Arc   Edge   Cell     Fanout Load Trans Delay Arrival Instance 
#                                                         (fF)  (ps)  (ps)   (ps)  Location 
#-------------------------------------------------------------------------------------------
  bf2_in_reg[12]/CK -       -      R     (arrival)     33    -     1     0       0    (-,-) 
  bf2_in_reg[12]/QN -       CK->QN R     SDFFR_X1       1  2.0    10    99      99    (-,-) 
  g21159__5477/ZN   -       A2->ZN F     NAND2_X1       4  6.2    16    24     122    (-,-) 
  g21125__5526/ZN   -       A1->ZN R     NAND2_X1       3  5.7    18    28     150    (-,-) 
  g21028__5122/ZN   -       B1->ZN F     OAI21_X1       1  1.8    10    17     167    (-,-) 
  g21024/ZN         -       A->ZN  R     INV_X1         2  3.9    12    19     185    (-,-) 
  g21016__7098/ZN   -       A1->ZN R     AND2_X2        1  6.5    12    35     220    (-,-) 
  g20998__4733/ZN   -       A->ZN  F     OAI21_X4       1  5.9    10    19     239    (-,-) 
  g20995__8246/ZN   -       B1->ZN R     AOI21_X4       5 15.4    32    38     277    (-,-) 
  g20994/ZN         -       A->ZN  F     INV_X2         5 13.2    13    21     298    (-,-) 
  g20993/ZN         -       A->ZN  R     INV_X4        14 26.8    18    28     325    (-,-) 
  g21259/Z          -       S->Z   F     MUX2_X1        1  3.4    12    64     390    (-,-) 
  g20929__6131/ZN   -       A2->ZN R     NAND2_X2       2  9.0    16    25     415    (-,-) 
  g20919__1666/ZN   -       A1->ZN F     NOR2_X4        4  8.2     8    11     426    (-,-) 
  g20891__1617/ZN   -       A1->ZN F     AND2_X4        5 11.2     7    29     454    (-,-) 
  g20873__5477/ZN   -       A1->ZN R     NAND2_X2       6 10.8    18    23     477    (-,-) 
  g20855__3680/ZN   -       A1->ZN R     OR2_X1         1  1.9     8    27     504    (-,-) 
  g20844__9315/ZN   -       A->ZN  F     OAI221_X1      4  6.9    34    46     550    (-,-) 
  g20822__5526/ZN   -       B1->ZN R     AOI22_X1       1  1.9    26    52     602    (-,-) 
  g20815__7410/ZN   -       A1->ZN F     NAND2_X1       1  1.7    10    16     618    (-,-) 
  g20811__9315/ZN   -       B1->ZN R     AOI21_X1       1  3.4    30    35     653    (-,-) 
  g20809__7482/ZN   -       B1->ZN F     OAI21_X2       1  6.0    17    22     676    (-,-) 
  g20806__5115/ZN   -       A1->ZN R     NAND2_X4      18 34.7    25    36     711    (-,-) 
  g20793__5526/Z    -       S->Z   F     MUX2_X1        1  2.4    11    63     774    (-,-) 
  g20768__7482/ZN   -       A->ZN  R     XNOR2_X1       2  4.4    32    42     816    (-,-) 
  g20752__3680/ZN   -       A->ZN  R     XNOR2_X1       2  4.1    30    50     866    (-,-) 
  g20738__5115/ZN   -       A2->ZN R     AND2_X1        1  1.9     9    37     903    (-,-) 
  g20731__8246/ZN   -       A2->ZN F     NAND4_X1       1  3.2    21    33     936    (-,-) 
  g20730__2802/ZN   -       A1->ZN R     NAND2_X2       2  5.3    12    22     959    (-,-) 
  g20724__6783/ZN   -       A1->ZN F     NAND2_X2       1  3.2    12    13     972    (-,-) 
  g20723__4319/ZN   -       A1->ZN R     NAND2_X2       2  5.3    12    19     991    (-,-) 
  g20719/ZN         -       A->ZN  F     INV_X1         1  4.1     7    12    1003    (-,-) 
  g20710__5115/ZN   -       A->ZN  F     XNOR2_X2       8 12.9    18    45    1048    (-,-) 
  g20704/ZN         -       A->ZN  R     INV_X1         8 15.1    37    50    1097    (-,-) 
  g20696__5477/Z    -       S->Z   F     MUX2_X1        1  1.7    10    62    1160    (-,-) 
  g20668__7410/ZN   -       A2->ZN R     AOI222_X1      3  6.2    80    96    1255    (-,-) 
  g20659__5122/ZN   -       A1->ZN F     NOR2_X1        2  3.5    20    16    1272    (-,-) 
  g20616__4319/ZN   -       A1->ZN R     NAND2_X1       3  4.3    15    26    1298    (-,-) 
  g20615/ZN         -       A->ZN  F     INV_X1         1  1.8     6     9    1307    (-,-) 
  g20611__6417/ZN   -       A1->ZN R     NAND2_X1       2  5.4    20    22    1329    (-,-) 
  g20604__4733/ZN   -       A1->ZN F     NOR2_X2        4  8.1    22    15    1344    (-,-) 
  g20598__6131/ZN   -       A1->ZN R     NAND2_X1       3  5.6    22    31    1375    (-,-) 
  g20596/ZN         -       A->ZN  F     INV_X1         1  1.8     7    10    1384    (-,-) 
  g20592__5526/ZN   -       A1->ZN R     NAND2_X1       1  1.9    11    14    1398    (-,-) 
  g20585__1666/ZN   -       B1->ZN F     AOI21_X1       1  1.1     7    13    1411    (-,-) 
  g20578__9315/ZN   -       A1->ZN F     OR2_X1         1  0.3     8    40    1451    (-,-) 
  bf_out[7]         -       -      F     (port)         -    -     -     0    1451    (-,-) 
#-------------------------------------------------------------------------------------------



Path 10: MET (161 ps) Late External Delay Assertion at pin bf_out[8]
           View: view_1p2_25
          Group: clock1
     Startpoint: (R) bf2_in_reg[12]/CK
          Clock: (R) clock1
       Endpoint: (F) bf_out[8]
          Clock: (R) clock1

                     Capture       Launch     
        Clock Edge:+    1587            0     
       Src Latency:+       0            0     
       Net Latency:+       0 (I)        0 (I) 
           Arrival:=    1587            0     
                                              
      Output Delay:-       1                  
       Uncertainty:-       0                  
     Required Time:=    1586                  
      Launch Clock:-       0                  
         Data Path:-    1426                  
             Slack:=     161                  

Exceptions/Constraints:
  output_delay              1              add_bf16_1C.sdc_line_21_40_1   

Launch clock path:
#------------------------------------------------------------------------------------------
#   Timing Point    Flags   Arc   Edge   Cell     Fanout Load Trans Delay Arrival Instance 
#                                                        (fF)  (ps)  (ps)   (ps)  Location 
#------------------------------------------------------------------------------------------
  clk               (i)     -     R     (arrival)     33  0.0     0     0       0    (-,-) 
  bf2_in_reg[12]/CK <<<     -     R     SDFFR_X1      33    -     1     0       0    (-,-) 
#------------------------------------------------------------------------------------------

#-------------------------------------------------------------------------------------------
#   Timing Point    Flags    Arc   Edge   Cell     Fanout Load Trans Delay Arrival Instance 
#                                                         (fF)  (ps)  (ps)   (ps)  Location 
#-------------------------------------------------------------------------------------------
  bf2_in_reg[12]/CK -       -      R     (arrival)     33    -     1     0       0    (-,-) 
  bf2_in_reg[12]/QN -       CK->QN R     SDFFR_X1       1  2.0    10    99      99    (-,-) 
  g21159__5477/ZN   -       A2->ZN F     NAND2_X1       4  6.2    16    24     122    (-,-) 
  g21125__5526/ZN   -       A1->ZN R     NAND2_X1       3  5.7    18    28     150    (-,-) 
  g21028__5122/ZN   -       B1->ZN F     OAI21_X1       1  1.8    10    17     167    (-,-) 
  g21024/ZN         -       A->ZN  R     INV_X1         2  3.9    12    19     185    (-,-) 
  g21016__7098/ZN   -       A1->ZN R     AND2_X2        1  6.5    12    35     220    (-,-) 
  g20998__4733/ZN   -       A->ZN  F     OAI21_X4       1  5.9    10    19     239    (-,-) 
  g20995__8246/ZN   -       B1->ZN R     AOI21_X4       5 15.4    32    38     277    (-,-) 
  g20994/ZN         -       A->ZN  F     INV_X2         5 13.2    13    21     298    (-,-) 
  g20993/ZN         -       A->ZN  R     INV_X4        14 26.8    18    28     325    (-,-) 
  g21259/Z          -       S->Z   F     MUX2_X1        1  3.4    12    64     390    (-,-) 
  g20929__6131/ZN   -       A2->ZN R     NAND2_X2       2  9.0    16    25     415    (-,-) 
  g20919__1666/ZN   -       A1->ZN F     NOR2_X4        4  8.2     8    11     426    (-,-) 
  g20891__1617/ZN   -       A1->ZN F     AND2_X4        5 11.2     7    29     454    (-,-) 
  g20873__5477/ZN   -       A1->ZN R     NAND2_X2       6 10.8    18    23     477    (-,-) 
  g20855__3680/ZN   -       A1->ZN R     OR2_X1         1  1.9     8    27     504    (-,-) 
  g20844__9315/ZN   -       A->ZN  F     OAI221_X1      4  6.9    34    46     550    (-,-) 
  g20822__5526/ZN   -       B1->ZN R     AOI22_X1       1  1.9    26    52     602    (-,-) 
  g20815__7410/ZN   -       A1->ZN F     NAND2_X1       1  1.7    10    16     618    (-,-) 
  g20811__9315/ZN   -       B1->ZN R     AOI21_X1       1  3.4    30    35     653    (-,-) 
  g20809__7482/ZN   -       B1->ZN F     OAI21_X2       1  6.0    17    22     676    (-,-) 
  g20806__5115/ZN   -       A1->ZN R     NAND2_X4      18 34.7    25    36     711    (-,-) 
  g20793__5526/Z    -       S->Z   F     MUX2_X1        1  2.4    11    63     774    (-,-) 
  g20768__7482/ZN   -       A->ZN  R     XNOR2_X1       2  4.4    32    42     816    (-,-) 
  g20752__3680/ZN   -       A->ZN  R     XNOR2_X1       2  4.1    30    50     866    (-,-) 
  g20738__5115/ZN   -       A2->ZN R     AND2_X1        1  1.9     9    37     903    (-,-) 
  g20731__8246/ZN   -       A2->ZN F     NAND4_X1       1  3.2    21    33     936    (-,-) 
  g20730__2802/ZN   -       A1->ZN R     NAND2_X2       2  5.3    12    22     959    (-,-) 
  g20724__6783/ZN   -       A1->ZN F     NAND2_X2       1  3.2    12    13     972    (-,-) 
  g20723__4319/ZN   -       A1->ZN R     NAND2_X2       2  5.3    12    19     991    (-,-) 
  g20719/ZN         -       A->ZN  F     INV_X1         1  4.1     7    12    1003    (-,-) 
  g20710__5115/ZN   -       A->ZN  F     XNOR2_X2       8 12.9    18    45    1048    (-,-) 
  g20704/ZN         -       A->ZN  R     INV_X1         8 15.1    37    50    1097    (-,-) 
  g20696__5477/Z    -       S->Z   F     MUX2_X1        1  1.7    10    62    1160    (-,-) 
  g20668__7410/ZN   -       A2->ZN R     AOI222_X1      3  6.2    80    96    1255    (-,-) 
  g20659__5122/ZN   -       A1->ZN F     NOR2_X1        2  3.5    20    16    1272    (-,-) 
  g20616__4319/ZN   -       A1->ZN R     NAND2_X1       3  4.3    15    26    1298    (-,-) 
  g20615/ZN         -       A->ZN  F     INV_X1         1  1.8     6     9    1307    (-,-) 
  g20611__6417/ZN   -       A1->ZN R     NAND2_X1       2  5.4    20    22    1329    (-,-) 
  g20604__4733/ZN   -       A1->ZN F     NOR2_X2        4  8.1    22    15    1344    (-,-) 
  g20588__2802/ZN   -       A1->ZN F     AND4_X4        4  6.7     7    37    1381    (-,-) 
  g20577__4319/ZN   -       B1->ZN R     AOI21_X1       1  2.0    24    27    1407    (-,-) 
  g20575__2346/ZN   -       A->ZN  F     OAI21_X1       1  0.3    15    18    1426    (-,-) 
  bf_out[8]         -       -      F     (port)         -    -     -     0    1426    (-,-) 
#-------------------------------------------------------------------------------------------



Path 11: MET (170 ps) Late External Delay Assertion at pin bf_out[5]
           View: view_1p2_25
          Group: clock1
     Startpoint: (R) bf2_in_reg[12]/CK
          Clock: (R) clock1
       Endpoint: (R) bf_out[5]
          Clock: (R) clock1

                     Capture       Launch     
        Clock Edge:+    1587            0     
       Src Latency:+       0            0     
       Net Latency:+       0 (I)        0 (I) 
           Arrival:=    1587            0     
                                              
      Output Delay:-       1                  
       Uncertainty:-       0                  
     Required Time:=    1586                  
      Launch Clock:-       0                  
         Data Path:-    1416                  
             Slack:=     170                  

Exceptions/Constraints:
  output_delay              1              add_bf16_1C.sdc_line_21_43_1   

Launch clock path:
#------------------------------------------------------------------------------------------
#   Timing Point    Flags   Arc   Edge   Cell     Fanout Load Trans Delay Arrival Instance 
#                                                        (fF)  (ps)  (ps)   (ps)  Location 
#------------------------------------------------------------------------------------------
  clk               (i)     -     R     (arrival)     33  0.0     0     0       0    (-,-) 
  bf2_in_reg[12]/CK <<<     -     R     SDFFR_X1      33    -     1     0       0    (-,-) 
#------------------------------------------------------------------------------------------

#-------------------------------------------------------------------------------------------
#   Timing Point    Flags    Arc   Edge   Cell     Fanout Load Trans Delay Arrival Instance 
#                                                         (fF)  (ps)  (ps)   (ps)  Location 
#-------------------------------------------------------------------------------------------
  bf2_in_reg[12]/CK -       -      R     (arrival)     33    -     1     0       0    (-,-) 
  bf2_in_reg[12]/QN -       CK->QN R     SDFFR_X1       1  2.0    10    99      99    (-,-) 
  g21159__5477/ZN   -       A2->ZN F     NAND2_X1       4  6.2    16    24     122    (-,-) 
  g21125__5526/ZN   -       A1->ZN R     NAND2_X1       3  5.7    18    28     150    (-,-) 
  g21028__5122/ZN   -       B1->ZN F     OAI21_X1       1  1.8    10    17     167    (-,-) 
  g21024/ZN         -       A->ZN  R     INV_X1         2  3.9    12    19     185    (-,-) 
  g21016__7098/ZN   -       A1->ZN R     AND2_X2        1  6.5    12    35     220    (-,-) 
  g20998__4733/ZN   -       A->ZN  F     OAI21_X4       1  5.9    10    19     239    (-,-) 
  g20995__8246/ZN   -       B1->ZN R     AOI21_X4       5 15.4    32    38     277    (-,-) 
  g20994/ZN         -       A->ZN  F     INV_X2         5 13.2    13    21     298    (-,-) 
  g20993/ZN         -       A->ZN  R     INV_X4        14 26.8    18    28     325    (-,-) 
  g21259/Z          -       S->Z   F     MUX2_X1        1  3.4    12    64     390    (-,-) 
  g20929__6131/ZN   -       A2->ZN R     NAND2_X2       2  9.0    16    25     415    (-,-) 
  g20919__1666/ZN   -       A1->ZN F     NOR2_X4        4  8.2     8    11     426    (-,-) 
  g20891__1617/ZN   -       A1->ZN F     AND2_X4        5 11.2     7    29     454    (-,-) 
  g20873__5477/ZN   -       A1->ZN R     NAND2_X2       6 10.8    18    23     477    (-,-) 
  g20855__3680/ZN   -       A1->ZN R     OR2_X1         1  1.9     8    27     504    (-,-) 
  g20844__9315/ZN   -       A->ZN  F     OAI221_X1      4  6.9    34    46     550    (-,-) 
  g20822__5526/ZN   -       B1->ZN R     AOI22_X1       1  1.9    26    52     602    (-,-) 
  g20815__7410/ZN   -       A1->ZN F     NAND2_X1       1  1.7    10    16     618    (-,-) 
  g20811__9315/ZN   -       B1->ZN R     AOI21_X1       1  3.4    30    35     653    (-,-) 
  g20809__7482/ZN   -       B1->ZN F     OAI21_X2       1  6.0    17    22     676    (-,-) 
  g20806__5115/ZN   -       A1->ZN R     NAND2_X4      18 34.7    25    36     711    (-,-) 
  g20793__5526/Z    -       S->Z   F     MUX2_X1        1  2.4    11    63     774    (-,-) 
  g20768__7482/ZN   -       A->ZN  R     XNOR2_X1       2  4.4    32    42     816    (-,-) 
  g20752__3680/ZN   -       A->ZN  R     XNOR2_X1       2  4.1    30    50     866    (-,-) 
  g20738__5115/ZN   -       A2->ZN R     AND2_X1        1  1.9     9    37     903    (-,-) 
  g20731__8246/ZN   -       A2->ZN F     NAND4_X1       1  3.2    21    33     936    (-,-) 
  g20730__2802/ZN   -       A1->ZN R     NAND2_X2       2  5.3    12    22     959    (-,-) 
  g20724__6783/ZN   -       A1->ZN F     NAND2_X2       1  3.2    12    13     972    (-,-) 
  g20723__4319/ZN   -       A1->ZN R     NAND2_X2       2  5.3    12    19     991    (-,-) 
  g20719/ZN         -       A->ZN  F     INV_X1         1  4.1     7    12    1003    (-,-) 
  g20710__5115/ZN   -       A->ZN  F     XNOR2_X2       8 12.9    18    45    1048    (-,-) 
  g20704/ZN         -       A->ZN  R     INV_X1         8 15.1    37    50    1097    (-,-) 
  g20696__5477/Z    -       S->Z   F     MUX2_X1        1  1.7    10    62    1160    (-,-) 
  g20668__7410/ZN   -       A2->ZN R     AOI222_X1      3  6.2    80    96    1255    (-,-) 
  g20659__5122/ZN   -       A1->ZN F     NOR2_X1        2  3.5    20    16    1272    (-,-) 
  g20616__4319/ZN   -       A1->ZN R     NAND2_X1       3  4.3    15    26    1298    (-,-) 
  g20615/ZN         -       A->ZN  F     INV_X1         1  1.8     6     9    1307    (-,-) 
  g20611__6417/ZN   -       A1->ZN R     NAND2_X1       2  5.4    20    22    1329    (-,-) 
  g20604__4733/ZN   -       A1->ZN F     NOR2_X2        4  8.1    22    15    1344    (-,-) 
  g20598__6131/ZN   -       A1->ZN R     NAND2_X1       3  5.6    22    31    1375    (-,-) 
  g20594__3680/ZN   -       A1->ZN F     NAND2_X1       2  2.9    14    19    1394    (-,-) 
  g20586__6417/ZN   -       A1->ZN R     OAI22_X1       1  0.3    23    22    1416    (-,-) 
  bf_out[5]         -       -      R     (port)         -    -     -     0    1416    (-,-) 
#-------------------------------------------------------------------------------------------



Path 12: MET (198 ps) Late External Delay Assertion at pin bf_out[3]
           View: view_1p2_25
          Group: clock1
     Startpoint: (R) bf2_in_reg[9]/CK
          Clock: (R) clock1
       Endpoint: (R) bf_out[3]
          Clock: (R) clock1

                     Capture       Launch     
        Clock Edge:+    1587            0     
       Src Latency:+       0            0     
       Net Latency:+       0 (I)        0 (I) 
           Arrival:=    1587            0     
                                              
      Output Delay:-       1                  
       Uncertainty:-       0                  
     Required Time:=    1586                  
      Launch Clock:-       0                  
         Data Path:-    1388                  
             Slack:=     198                  

Exceptions/Constraints:
  output_delay              1              add_bf16_1C.sdc_line_21_45_1   

Launch clock path:
#-----------------------------------------------------------------------------------------
#  Timing Point    Flags   Arc   Edge   Cell     Fanout Load Trans Delay Arrival Instance 
#                                                       (fF)  (ps)  (ps)   (ps)  Location 
#-----------------------------------------------------------------------------------------
  clk              (i)     -     R     (arrival)     33  0.0     0     0       0    (-,-) 
  bf2_in_reg[9]/CK <<<     -     R     SDFFR_X1      33    -     1     0       0    (-,-) 
#-----------------------------------------------------------------------------------------

#------------------------------------------------------------------------------------------
#  Timing Point    Flags    Arc   Edge   Cell     Fanout Load Trans Delay Arrival Instance 
#                                                        (fF)  (ps)  (ps)   (ps)  Location 
#------------------------------------------------------------------------------------------
  bf2_in_reg[9]/CK -       -      R     (arrival)     33    -     1     0       0    (-,-) 
  bf2_in_reg[9]/Q  -       CK->Q  R     SDFFR_X1       2  3.1    13    74      74    (-,-) 
  g21204/ZN        -       A->ZN  F     INV_X1         3  4.5     8    13      87    (-,-) 
  g21248/Z         -       A->Z   F     MUX2_X1        2  5.1    14    65     152    (-,-) 
  g21048__1617/ZN  -       A2->ZN R     NAND2_X2       2  5.3    12    22     174    (-,-) 
  g21012__7482/ZN  -       A1->ZN F     NAND2_X2       2  5.0     9    15     190    (-,-) 
  g21007__6260/ZN  -       A1->ZN R     NAND2_X2       1  6.3    14    18     208    (-,-) 
  g21003__2346/ZN  -       A1->ZN F     NAND2_X4       3  9.9     9    16     224    (-,-) 
  g20998__4733/ZN  -       B1->ZN R     OAI21_X4       1  6.7    18    27     250    (-,-) 
  g20995__8246/ZN  -       B1->ZN F     AOI21_X4       5 14.1    12    21     272    (-,-) 
  g20977/ZN        -       A->ZN  R     INV_X4         5  8.6     9    15     287    (-,-) 
  g21246/Z         -       S->Z   F     MUX2_X1        6 11.8    20    78     365    (-,-) 
  g20933__4733/ZN  -       A2->ZN R     NOR2_X1        5  9.3    51    72     436    (-,-) 
  g20917__5477/ZN  -       A1->ZN F     NAND2_X1       1  1.8    15    19     456    (-,-) 
  g20887__4319/ZN  -       A->ZN  R     OAI21_X1       1  1.9    20    24     479    (-,-) 
  g20863__5115/ZN  -       A->ZN  F     AOI21_X1       1  1.7    10    16     495    (-,-) 
  g20840__6161/ZN  -       B1->ZN R     OAI221_X1      4  7.5    63    76     571    (-,-) 
  g20819__2398/ZN  -       C1->ZN F     OAI211_X1      1  1.8    22    30     601    (-,-) 
  g20815__7410/ZN  -       A2->ZN R     NAND2_X1       1  1.9    12    23     624    (-,-) 
  g20811__9315/ZN  -       B1->ZN F     AOI21_X1       1  3.0    10    18     642    (-,-) 
  g20809__7482/ZN  -       B1->ZN R     OAI21_X2       1  6.3    25    35     676    (-,-) 
  g20806__5115/ZN  -       A1->ZN F     NAND2_X4      18 32.3    20    32     709    (-,-) 
  g20801__1705/ZN  -       A1->ZN R     NAND2_X1       1  2.0    14    20     729    (-,-) 
  g20792__1666/ZN  -       A->ZN  F     OAI21_X1       1  2.4    18    21     750    (-,-) 
  g20772__8246/ZN  -       A->ZN  F     XNOR2_X1       2  4.1    29    47     797    (-,-) 
  g20756__5107/ZN  -       A->ZN  R     XNOR2_X1       4  7.9    48    67     864    (-,-) 
  g20739__9315/ZN  -       A1->ZN F     NAND4_X1       1  1.8    22    35     900    (-,-) 
  g20731__8246/ZN  -       A4->ZN R     NAND4_X1       1  3.4    19    34     934    (-,-) 
  g20730__2802/ZN  -       A1->ZN F     NAND2_X2       2  4.9    10    18     951    (-,-) 
  g20724__6783/ZN  -       A1->ZN R     NAND2_X2       1  3.4    11    15     966    (-,-) 
  g20723__4319/ZN  -       A1->ZN F     NAND2_X2       2  4.7     8    15     981    (-,-) 
  g20709__2883/ZN  -       B1->ZN R     OAI21_X2       1  3.6    19    27    1008    (-,-) 
  g20705/ZN        -       A->ZN  F     INV_X2         2  7.2     8    14    1022    (-,-) 
  g20698__2802/ZN  -       A->ZN  R     XNOR2_X2       8 16.3    49    60    1082    (-,-) 
  g20689__2346/ZN  -       A1->ZN R     AND2_X2        5  9.3    15    49    1130    (-,-) 
  g20685/ZN        -       A->ZN  F     INV_X1         3  5.3     9    15    1145    (-,-) 
  g20667__1666/ZN  -       B1->ZN R     OAI221_X1      1  2.0    37    47    1192    (-,-) 
  g20651__8246/ZN  -       A->ZN  F     OAI21_X1       3  5.0    18    33    1225    (-,-) 
  g20644__3680/ZN  -       A1->ZN R     NOR2_X1        6  9.7    53    68    1293    (-,-) 
  g20640/ZN        -       A->ZN  F     INV_X1         2  2.8    14    13    1306    (-,-) 
  g20606__7410/ZN  -       A1->ZN F     OR3_X1         1  1.8    13    67    1373    (-,-) 
  g20593__1705/ZN  -       A2->ZN R     NAND2_X1       1  0.3     8    15    1388    (-,-) 
  bf_out[3]        -       -      R     (port)         -    -     -     0    1388    (-,-) 
#------------------------------------------------------------------------------------------



Path 13: MET (204 ps) Late External Delay Assertion at pin bf_out[4]
           View: view_1p2_25
          Group: clock1
     Startpoint: (R) bf2_in_reg[12]/CK
          Clock: (R) clock1
       Endpoint: (F) bf_out[4]
          Clock: (R) clock1

                     Capture       Launch     
        Clock Edge:+    1587            0     
       Src Latency:+       0            0     
       Net Latency:+       0 (I)        0 (I) 
           Arrival:=    1587            0     
                                              
      Output Delay:-       1                  
       Uncertainty:-       0                  
     Required Time:=    1586                  
      Launch Clock:-       0                  
         Data Path:-    1382                  
             Slack:=     204                  

Exceptions/Constraints:
  output_delay              1              add_bf16_1C.sdc_line_21_44_1   

Launch clock path:
#------------------------------------------------------------------------------------------
#   Timing Point    Flags   Arc   Edge   Cell     Fanout Load Trans Delay Arrival Instance 
#                                                        (fF)  (ps)  (ps)   (ps)  Location 
#------------------------------------------------------------------------------------------
  clk               (i)     -     R     (arrival)     33  0.0     0     0       0    (-,-) 
  bf2_in_reg[12]/CK <<<     -     R     SDFFR_X1      33    -     1     0       0    (-,-) 
#------------------------------------------------------------------------------------------

#-------------------------------------------------------------------------------------------
#   Timing Point    Flags    Arc   Edge   Cell     Fanout Load Trans Delay Arrival Instance 
#                                                         (fF)  (ps)  (ps)   (ps)  Location 
#-------------------------------------------------------------------------------------------
  bf2_in_reg[12]/CK -       -      R     (arrival)     33    -     1     0       0    (-,-) 
  bf2_in_reg[12]/QN -       CK->QN R     SDFFR_X1       1  2.0    10    99      99    (-,-) 
  g21159__5477/ZN   -       A2->ZN F     NAND2_X1       4  6.2    16    24     122    (-,-) 
  g21125__5526/ZN   -       A1->ZN R     NAND2_X1       3  5.7    18    28     150    (-,-) 
  g21028__5122/ZN   -       B1->ZN F     OAI21_X1       1  1.8    10    17     167    (-,-) 
  g21024/ZN         -       A->ZN  R     INV_X1         2  3.9    12    19     185    (-,-) 
  g21016__7098/ZN   -       A1->ZN R     AND2_X2        1  6.5    12    35     220    (-,-) 
  g20998__4733/ZN   -       A->ZN  F     OAI21_X4       1  5.9    10    19     239    (-,-) 
  g20995__8246/ZN   -       B1->ZN R     AOI21_X4       5 15.4    32    38     277    (-,-) 
  g20994/ZN         -       A->ZN  F     INV_X2         5 13.2    13    21     298    (-,-) 
  g20993/ZN         -       A->ZN  R     INV_X4        14 26.8    18    28     325    (-,-) 
  g21259/Z          -       S->Z   F     MUX2_X1        1  3.4    12    64     390    (-,-) 
  g20929__6131/ZN   -       A2->ZN R     NAND2_X2       2  9.0    16    25     415    (-,-) 
  g20919__1666/ZN   -       A1->ZN F     NOR2_X4        4  8.2     8    11     426    (-,-) 
  g20891__1617/ZN   -       A1->ZN F     AND2_X4        5 11.2     7    29     454    (-,-) 
  g20873__5477/ZN   -       A1->ZN R     NAND2_X2       6 10.8    18    23     477    (-,-) 
  g20855__3680/ZN   -       A1->ZN R     OR2_X1         1  1.9     8    27     504    (-,-) 
  g20844__9315/ZN   -       A->ZN  F     OAI221_X1      4  6.9    34    46     550    (-,-) 
  g20822__5526/ZN   -       B1->ZN R     AOI22_X1       1  1.9    26    52     602    (-,-) 
  g20815__7410/ZN   -       A1->ZN F     NAND2_X1       1  1.7    10    16     618    (-,-) 
  g20811__9315/ZN   -       B1->ZN R     AOI21_X1       1  3.4    30    35     653    (-,-) 
  g20809__7482/ZN   -       B1->ZN F     OAI21_X2       1  6.0    17    22     676    (-,-) 
  g20806__5115/ZN   -       A1->ZN R     NAND2_X4      18 34.7    25    36     711    (-,-) 
  g20793__5526/Z    -       S->Z   F     MUX2_X1        1  2.4    11    63     774    (-,-) 
  g20768__7482/ZN   -       A->ZN  R     XNOR2_X1       2  4.4    32    42     816    (-,-) 
  g20752__3680/ZN   -       A->ZN  R     XNOR2_X1       2  4.1    30    50     866    (-,-) 
  g20738__5115/ZN   -       A2->ZN R     AND2_X1        1  1.9     9    37     903    (-,-) 
  g20731__8246/ZN   -       A2->ZN F     NAND4_X1       1  3.2    21    33     936    (-,-) 
  g20730__2802/ZN   -       A1->ZN R     NAND2_X2       2  5.3    12    22     959    (-,-) 
  g20724__6783/ZN   -       A1->ZN F     NAND2_X2       1  3.2    12    13     972    (-,-) 
  g20723__4319/ZN   -       A1->ZN R     NAND2_X2       2  5.3    12    19     991    (-,-) 
  g20719/ZN         -       A->ZN  F     INV_X1         1  4.1     7    12    1003    (-,-) 
  g20710__5115/ZN   -       A->ZN  F     XNOR2_X2       8 12.9    18    45    1048    (-,-) 
  g20704/ZN         -       A->ZN  R     INV_X1         8 15.1    37    50    1097    (-,-) 
  g20696__5477/Z    -       S->Z   F     MUX2_X1        1  1.7    10    62    1160    (-,-) 
  g20668__7410/ZN   -       A2->ZN R     AOI222_X1      3  6.2    80    96    1255    (-,-) 
  g20659__5122/ZN   -       A1->ZN F     NOR2_X1        2  3.5    20    16    1272    (-,-) 
  g20616__4319/ZN   -       A1->ZN R     NAND2_X1       3  4.3    15    26    1298    (-,-) 
  g20615/ZN         -       A->ZN  F     INV_X1         1  1.8     6     9    1307    (-,-) 
  g20611__6417/ZN   -       A1->ZN R     NAND2_X1       2  5.4    20    22    1329    (-,-) 
  g20605__7482/ZN   -       A1->ZN F     NAND2_X1       1  1.8    16    16    1345    (-,-) 
  g20601__7098/ZN   -       A1->ZN R     NAND2_X1       1  1.9    13    19    1363    (-,-) 
  g20589__6783/ZN   -       B2->ZN F     OAI22_X1       1  0.3    21    19    1382    (-,-) 
  bf_out[4]         -       -      F     (port)         -    -     -     0    1382    (-,-) 
#-------------------------------------------------------------------------------------------



Path 14: MET (207 ps) Late External Delay Assertion at pin bf_out[2]
           View: view_1p2_25
          Group: clock1
     Startpoint: (R) bf2_in_reg[9]/CK
          Clock: (R) clock1
       Endpoint: (R) bf_out[2]
          Clock: (R) clock1

                     Capture       Launch     
        Clock Edge:+    1587            0     
       Src Latency:+       0            0     
       Net Latency:+       0 (I)        0 (I) 
           Arrival:=    1587            0     
                                              
      Output Delay:-       1                  
       Uncertainty:-       0                  
     Required Time:=    1586                  
      Launch Clock:-       0                  
         Data Path:-    1379                  
             Slack:=     207                  

Exceptions/Constraints:
  output_delay              1              add_bf16_1C.sdc_line_21_46_1   

Launch clock path:
#-----------------------------------------------------------------------------------------
#  Timing Point    Flags   Arc   Edge   Cell     Fanout Load Trans Delay Arrival Instance 
#                                                       (fF)  (ps)  (ps)   (ps)  Location 
#-----------------------------------------------------------------------------------------
  clk              (i)     -     R     (arrival)     33  0.0     0     0       0    (-,-) 
  bf2_in_reg[9]/CK <<<     -     R     SDFFR_X1      33    -     1     0       0    (-,-) 
#-----------------------------------------------------------------------------------------

#------------------------------------------------------------------------------------------
#  Timing Point    Flags    Arc   Edge   Cell     Fanout Load Trans Delay Arrival Instance 
#                                                        (fF)  (ps)  (ps)   (ps)  Location 
#------------------------------------------------------------------------------------------
  bf2_in_reg[9]/CK -       -      R     (arrival)     33    -     1     0       0    (-,-) 
  bf2_in_reg[9]/Q  -       CK->Q  R     SDFFR_X1       2  3.1    13    74      74    (-,-) 
  g21204/ZN        -       A->ZN  F     INV_X1         3  4.5     8    13      87    (-,-) 
  g21248/Z         -       A->Z   F     MUX2_X1        2  5.1    14    65     152    (-,-) 
  g21048__1617/ZN  -       A2->ZN R     NAND2_X2       2  5.3    12    22     174    (-,-) 
  g21012__7482/ZN  -       A1->ZN F     NAND2_X2       2  5.0     9    15     190    (-,-) 
  g21007__6260/ZN  -       A1->ZN R     NAND2_X2       1  6.3    14    18     208    (-,-) 
  g21003__2346/ZN  -       A1->ZN F     NAND2_X4       3  9.9     9    16     224    (-,-) 
  g20998__4733/ZN  -       B1->ZN R     OAI21_X4       1  6.7    18    27     250    (-,-) 
  g20995__8246/ZN  -       B1->ZN F     AOI21_X4       5 14.1    12    21     272    (-,-) 
  g20977/ZN        -       A->ZN  R     INV_X4         5  8.6     9    15     287    (-,-) 
  g21246/Z         -       S->Z   F     MUX2_X1        6 11.8    20    78     365    (-,-) 
  g20933__4733/ZN  -       A2->ZN R     NOR2_X1        5  9.3    51    72     436    (-,-) 
  g20917__5477/ZN  -       A1->ZN F     NAND2_X1       1  1.8    15    19     456    (-,-) 
  g20887__4319/ZN  -       A->ZN  R     OAI21_X1       1  1.9    20    24     479    (-,-) 
  g20863__5115/ZN  -       A->ZN  F     AOI21_X1       1  1.7    10    16     495    (-,-) 
  g20840__6161/ZN  -       B1->ZN R     OAI221_X1      4  7.5    63    76     571    (-,-) 
  g20819__2398/ZN  -       C1->ZN F     OAI211_X1      1  1.8    22    30     601    (-,-) 
  g20815__7410/ZN  -       A2->ZN R     NAND2_X1       1  1.9    12    23     624    (-,-) 
  g20811__9315/ZN  -       B1->ZN F     AOI21_X1       1  3.0    10    18     642    (-,-) 
  g20809__7482/ZN  -       B1->ZN R     OAI21_X2       1  6.3    25    35     676    (-,-) 
  g20806__5115/ZN  -       A1->ZN F     NAND2_X4      18 32.3    20    32     709    (-,-) 
  g20801__1705/ZN  -       A1->ZN R     NAND2_X1       1  2.0    14    20     729    (-,-) 
  g20792__1666/ZN  -       A->ZN  F     OAI21_X1       1  2.4    18    21     750    (-,-) 
  g20772__8246/ZN  -       A->ZN  F     XNOR2_X1       2  4.1    29    47     797    (-,-) 
  g20756__5107/ZN  -       A->ZN  R     XNOR2_X1       4  7.9    48    67     864    (-,-) 
  g20739__9315/ZN  -       A1->ZN F     NAND4_X1       1  1.8    22    35     900    (-,-) 
  g20731__8246/ZN  -       A4->ZN R     NAND4_X1       1  3.4    19    34     934    (-,-) 
  g20730__2802/ZN  -       A1->ZN F     NAND2_X2       2  4.9    10    18     951    (-,-) 
  g20724__6783/ZN  -       A1->ZN R     NAND2_X2       1  3.4    11    15     966    (-,-) 
  g20723__4319/ZN  -       A1->ZN F     NAND2_X2       2  4.7     8    15     981    (-,-) 
  g20709__2883/ZN  -       B1->ZN R     OAI21_X2       1  3.6    19    27    1008    (-,-) 
  g20705/ZN        -       A->ZN  F     INV_X2         2  7.2     8    14    1022    (-,-) 
  g20698__2802/ZN  -       A->ZN  R     XNOR2_X2       8 16.3    49    60    1082    (-,-) 
  g20689__2346/ZN  -       A1->ZN R     AND2_X2        5  9.3    15    49    1130    (-,-) 
  g20685/ZN        -       A->ZN  F     INV_X1         3  5.3     9    15    1145    (-,-) 
  g20667__1666/ZN  -       B1->ZN R     OAI221_X1      1  2.0    37    47    1192    (-,-) 
  g20651__8246/ZN  -       A->ZN  F     OAI21_X1       3  5.0    18    33    1225    (-,-) 
  g20644__3680/ZN  -       A1->ZN R     NOR2_X1        6  9.7    53    68    1293    (-,-) 
  g20609__5477/ZN  -       A1->ZN R     AND2_X1        2  3.9    14    49    1342    (-,-) 
  g20602__6161/ZN  -       A->ZN  F     OAI21_X1       1  1.8    11    20    1362    (-,-) 
  g20599__1881/ZN  -       A->ZN  R     OAI21_X1       1  0.3    14    18    1379    (-,-) 
  bf_out[2]        -       -      R     (port)         -    -     -     0    1379    (-,-) 
#------------------------------------------------------------------------------------------



Path 15: MET (252 ps) Late External Delay Assertion at pin bf_out[0]
           View: view_1p2_25
          Group: clock1
     Startpoint: (R) bf2_in_reg[9]/CK
          Clock: (R) clock1
       Endpoint: (R) bf_out[0]
          Clock: (R) clock1

                     Capture       Launch     
        Clock Edge:+    1587            0     
       Src Latency:+       0            0     
       Net Latency:+       0 (I)        0 (I) 
           Arrival:=    1587            0     
                                              
      Output Delay:-       1                  
       Uncertainty:-       0                  
     Required Time:=    1586                  
      Launch Clock:-       0                  
         Data Path:-    1334                  
             Slack:=     252                  

Exceptions/Constraints:
  output_delay              1              add_bf16_1C.sdc_line_21_48_1   

Launch clock path:
#-----------------------------------------------------------------------------------------
#  Timing Point    Flags   Arc   Edge   Cell     Fanout Load Trans Delay Arrival Instance 
#                                                       (fF)  (ps)  (ps)   (ps)  Location 
#-----------------------------------------------------------------------------------------
  clk              (i)     -     R     (arrival)     33  0.0     0     0       0    (-,-) 
  bf2_in_reg[9]/CK <<<     -     R     SDFFR_X1      33    -     1     0       0    (-,-) 
#-----------------------------------------------------------------------------------------

#------------------------------------------------------------------------------------------
#  Timing Point    Flags    Arc   Edge   Cell     Fanout Load Trans Delay Arrival Instance 
#                                                        (fF)  (ps)  (ps)   (ps)  Location 
#------------------------------------------------------------------------------------------
  bf2_in_reg[9]/CK -       -      R     (arrival)     33    -     1     0       0    (-,-) 
  bf2_in_reg[9]/Q  -       CK->Q  R     SDFFR_X1       2  3.1    13    74      74    (-,-) 
  g21204/ZN        -       A->ZN  F     INV_X1         3  4.5     8    13      87    (-,-) 
  g21248/Z         -       A->Z   F     MUX2_X1        2  5.1    14    65     152    (-,-) 
  g21048__1617/ZN  -       A2->ZN R     NAND2_X2       2  5.3    12    22     174    (-,-) 
  g21012__7482/ZN  -       A1->ZN F     NAND2_X2       2  5.0     9    15     190    (-,-) 
  g21007__6260/ZN  -       A1->ZN R     NAND2_X2       1  6.3    14    18     208    (-,-) 
  g21003__2346/ZN  -       A1->ZN F     NAND2_X4       3  9.9     9    16     224    (-,-) 
  g20998__4733/ZN  -       B1->ZN R     OAI21_X4       1  6.7    18    27     250    (-,-) 
  g20995__8246/ZN  -       B1->ZN F     AOI21_X4       5 14.1    12    21     272    (-,-) 
  g20977/ZN        -       A->ZN  R     INV_X4         5  8.6     9    15     287    (-,-) 
  g21246/Z         -       S->Z   F     MUX2_X1        6 11.8    20    78     365    (-,-) 
  g20933__4733/ZN  -       A2->ZN R     NOR2_X1        5  9.3    51    72     436    (-,-) 
  g20917__5477/ZN  -       A1->ZN F     NAND2_X1       1  1.8    15    19     456    (-,-) 
  g20887__4319/ZN  -       A->ZN  R     OAI21_X1       1  1.9    20    24     479    (-,-) 
  g20863__5115/ZN  -       A->ZN  F     AOI21_X1       1  1.7    10    16     495    (-,-) 
  g20840__6161/ZN  -       B1->ZN R     OAI221_X1      4  7.5    63    76     571    (-,-) 
  g20819__2398/ZN  -       C1->ZN F     OAI211_X1      1  1.8    22    30     601    (-,-) 
  g20815__7410/ZN  -       A2->ZN R     NAND2_X1       1  1.9    12    23     624    (-,-) 
  g20811__9315/ZN  -       B1->ZN F     AOI21_X1       1  3.0    10    18     642    (-,-) 
  g20809__7482/ZN  -       B1->ZN R     OAI21_X2       1  6.3    25    35     676    (-,-) 
  g20806__5115/ZN  -       A1->ZN F     NAND2_X4      18 32.3    20    32     709    (-,-) 
  g20801__1705/ZN  -       A1->ZN R     NAND2_X1       1  2.0    14    20     729    (-,-) 
  g20792__1666/ZN  -       A->ZN  F     OAI21_X1       1  2.4    18    21     750    (-,-) 
  g20772__8246/ZN  -       A->ZN  F     XNOR2_X1       2  4.1    29    47     797    (-,-) 
  g20756__5107/ZN  -       A->ZN  R     XNOR2_X1       4  7.9    48    67     864    (-,-) 
  g20739__9315/ZN  -       A1->ZN F     NAND4_X1       1  1.8    22    35     900    (-,-) 
  g20731__8246/ZN  -       A4->ZN R     NAND4_X1       1  3.4    19    34     934    (-,-) 
  g20730__2802/ZN  -       A1->ZN F     NAND2_X2       2  4.9    10    18     951    (-,-) 
  g20724__6783/ZN  -       A1->ZN R     NAND2_X2       1  3.4    11    15     966    (-,-) 
  g20723__4319/ZN  -       A1->ZN F     NAND2_X2       2  4.7     8    15     981    (-,-) 
  g20709__2883/ZN  -       B1->ZN R     OAI21_X2       1  3.6    19    27    1008    (-,-) 
  g20705/ZN        -       A->ZN  F     INV_X2         2  7.2     8    14    1022    (-,-) 
  g20698__2802/ZN  -       A->ZN  R     XNOR2_X2       8 16.3    49    60    1082    (-,-) 
  g20689__2346/ZN  -       A1->ZN R     AND2_X2        5  9.3    15    49    1130    (-,-) 
  g20685/ZN        -       A->ZN  F     INV_X1         3  5.3     9    15    1145    (-,-) 
  g20667__1666/ZN  -       B1->ZN R     OAI221_X1      1  2.0    37    47    1192    (-,-) 
  g20651__8246/ZN  -       A->ZN  F     OAI21_X1       3  5.0    18    33    1225    (-,-) 
  g20644__3680/ZN  -       A1->ZN R     NOR2_X1        6  9.7    53    68    1293    (-,-) 
  g20629__2346/Z   -       B->Z   R     MUX2_X1        1  0.3     7    42    1334    (-,-) 
  bf_out[0]        -       -      R     (port)         -    -     -     0    1334    (-,-) 
#------------------------------------------------------------------------------------------



Path 16: MET (258 ps) Late External Delay Assertion at pin bf_out[1]
           View: view_1p2_25
          Group: clock1
     Startpoint: (R) bf2_in_reg[12]/CK
          Clock: (R) clock1
       Endpoint: (F) bf_out[1]
          Clock: (R) clock1

                     Capture       Launch     
        Clock Edge:+    1587            0     
       Src Latency:+       0            0     
       Net Latency:+       0 (I)        0 (I) 
           Arrival:=    1587            0     
                                              
      Output Delay:-       1                  
       Uncertainty:-       0                  
     Required Time:=    1586                  
      Launch Clock:-       0                  
         Data Path:-    1328                  
             Slack:=     258                  

Exceptions/Constraints:
  output_delay              1              add_bf16_1C.sdc_line_21_47_1   

Launch clock path:
#------------------------------------------------------------------------------------------
#   Timing Point    Flags   Arc   Edge   Cell     Fanout Load Trans Delay Arrival Instance 
#                                                        (fF)  (ps)  (ps)   (ps)  Location 
#------------------------------------------------------------------------------------------
  clk               (i)     -     R     (arrival)     33  0.0     0     0       0    (-,-) 
  bf2_in_reg[12]/CK <<<     -     R     SDFFR_X1      33    -     1     0       0    (-,-) 
#------------------------------------------------------------------------------------------

#-------------------------------------------------------------------------------------------
#   Timing Point    Flags    Arc   Edge   Cell     Fanout Load Trans Delay Arrival Instance 
#                                                         (fF)  (ps)  (ps)   (ps)  Location 
#-------------------------------------------------------------------------------------------
  bf2_in_reg[12]/CK -       -      R     (arrival)     33    -     1     0       0    (-,-) 
  bf2_in_reg[12]/QN -       CK->QN R     SDFFR_X1       1  2.0    10    99      99    (-,-) 
  g21159__5477/ZN   -       A2->ZN F     NAND2_X1       4  6.2    16    24     122    (-,-) 
  g21125__5526/ZN   -       A1->ZN R     NAND2_X1       3  5.7    18    28     150    (-,-) 
  g21028__5122/ZN   -       B1->ZN F     OAI21_X1       1  1.8    10    17     167    (-,-) 
  g21024/ZN         -       A->ZN  R     INV_X1         2  3.9    12    19     185    (-,-) 
  g21016__7098/ZN   -       A1->ZN R     AND2_X2        1  6.5    12    35     220    (-,-) 
  g20998__4733/ZN   -       A->ZN  F     OAI21_X4       1  5.9    10    19     239    (-,-) 
  g20995__8246/ZN   -       B1->ZN R     AOI21_X4       5 15.4    32    38     277    (-,-) 
  g20994/ZN         -       A->ZN  F     INV_X2         5 13.2    13    21     298    (-,-) 
  g20993/ZN         -       A->ZN  R     INV_X4        14 26.8    18    28     325    (-,-) 
  g21259/Z          -       S->Z   F     MUX2_X1        1  3.4    12    64     390    (-,-) 
  g20929__6131/ZN   -       A2->ZN R     NAND2_X2       2  9.0    16    25     415    (-,-) 
  g20919__1666/ZN   -       A1->ZN F     NOR2_X4        4  8.2     8    11     426    (-,-) 
  g20891__1617/ZN   -       A1->ZN F     AND2_X4        5 11.2     7    29     454    (-,-) 
  g20873__5477/ZN   -       A1->ZN R     NAND2_X2       6 10.8    18    23     477    (-,-) 
  g20855__3680/ZN   -       A1->ZN R     OR2_X1         1  1.9     8    27     504    (-,-) 
  g20844__9315/ZN   -       A->ZN  F     OAI221_X1      4  6.9    34    46     550    (-,-) 
  g20822__5526/ZN   -       B1->ZN R     AOI22_X1       1  1.9    26    52     602    (-,-) 
  g20815__7410/ZN   -       A1->ZN F     NAND2_X1       1  1.7    10    16     618    (-,-) 
  g20811__9315/ZN   -       B1->ZN R     AOI21_X1       1  3.4    30    35     653    (-,-) 
  g20809__7482/ZN   -       B1->ZN F     OAI21_X2       1  6.0    17    22     676    (-,-) 
  g20806__5115/ZN   -       A1->ZN R     NAND2_X4      18 34.7    25    36     711    (-,-) 
  g20793__5526/Z    -       S->Z   F     MUX2_X1        1  2.4    11    63     774    (-,-) 
  g20768__7482/ZN   -       A->ZN  R     XNOR2_X1       2  4.4    32    42     816    (-,-) 
  g20752__3680/ZN   -       A->ZN  R     XNOR2_X1       2  4.1    30    50     866    (-,-) 
  g20738__5115/ZN   -       A2->ZN R     AND2_X1        1  1.9     9    37     903    (-,-) 
  g20731__8246/ZN   -       A2->ZN F     NAND4_X1       1  3.2    21    33     936    (-,-) 
  g20730__2802/ZN   -       A1->ZN R     NAND2_X2       2  5.3    12    22     959    (-,-) 
  g20724__6783/ZN   -       A1->ZN F     NAND2_X2       1  3.2    12    13     972    (-,-) 
  g20723__4319/ZN   -       A1->ZN R     NAND2_X2       2  5.3    12    19     991    (-,-) 
  g20719/ZN         -       A->ZN  F     INV_X1         1  4.1     7    12    1003    (-,-) 
  g20710__5115/ZN   -       A->ZN  F     XNOR2_X2       8 12.9    18    45    1048    (-,-) 
  g20704/ZN         -       A->ZN  R     INV_X1         8 15.1    37    50    1097    (-,-) 
  g20696__5477/Z    -       S->Z   F     MUX2_X1        1  1.7    10    62    1160    (-,-) 
  g20668__7410/ZN   -       A2->ZN R     AOI222_X1      3  6.2    80    96    1255    (-,-) 
  g20650__1617/ZN   -       A->ZN  R     XNOR2_X1       1  1.9    22    54    1309    (-,-) 
  g20628__1666/ZN   -       A2->ZN F     OAI22_X1       1  0.3    15    19    1328    (-,-) 
  bf_out[1]         -       -      F     (port)         -    -     -     0    1328    (-,-) 
#-------------------------------------------------------------------------------------------



Path 17: MET (486 ps) Late External Delay Assertion at pin overflow
           View: view_1p2_25
          Group: clock1
     Startpoint: (R) bf2_in_reg[9]/CK
          Clock: (R) clock1
       Endpoint: (R) overflow
          Clock: (R) clock1

                     Capture       Launch     
        Clock Edge:+    1587            0     
       Src Latency:+       0            0     
       Net Latency:+       0 (I)        0 (I) 
           Arrival:=    1587            0     
                                              
      Output Delay:-       1                  
       Uncertainty:-       0                  
     Required Time:=    1586                  
      Launch Clock:-       0                  
         Data Path:-    1100                  
             Slack:=     486                  

Exceptions/Constraints:
  output_delay              1              add_bf16_1C.sdc_line_21_49_1   

Launch clock path:
#-----------------------------------------------------------------------------------------
#  Timing Point    Flags   Arc   Edge   Cell     Fanout Load Trans Delay Arrival Instance 
#                                                       (fF)  (ps)  (ps)   (ps)  Location 
#-----------------------------------------------------------------------------------------
  clk              (i)     -     R     (arrival)     33  0.0     0     0       0    (-,-) 
  bf2_in_reg[9]/CK <<<     -     R     SDFFR_X1      33    -     1     0       0    (-,-) 
#-----------------------------------------------------------------------------------------

#------------------------------------------------------------------------------------------
#  Timing Point    Flags    Arc   Edge   Cell     Fanout Load Trans Delay Arrival Instance 
#                                                        (fF)  (ps)  (ps)   (ps)  Location 
#------------------------------------------------------------------------------------------
  bf2_in_reg[9]/CK -       -      R     (arrival)     33    -     1     0       0    (-,-) 
  bf2_in_reg[9]/Q  -       CK->Q  R     SDFFR_X1       2  3.1    13    74      74    (-,-) 
  g21204/ZN        -       A->ZN  F     INV_X1         3  4.5     8    13      87    (-,-) 
  g21248/Z         -       A->Z   F     MUX2_X1        2  5.1    14    65     152    (-,-) 
  g21048__1617/ZN  -       A2->ZN R     NAND2_X2       2  5.3    12    22     174    (-,-) 
  g21012__7482/ZN  -       A1->ZN F     NAND2_X2       2  5.0     9    15     190    (-,-) 
  g21007__6260/ZN  -       A1->ZN R     NAND2_X2       1  6.3    14    18     208    (-,-) 
  g21003__2346/ZN  -       A1->ZN F     NAND2_X4       3  9.9     9    16     224    (-,-) 
  g20998__4733/ZN  -       B1->ZN R     OAI21_X4       1  6.7    18    27     250    (-,-) 
  g20995__8246/ZN  -       B1->ZN F     AOI21_X4       5 14.1    12    21     272    (-,-) 
  g20977/ZN        -       A->ZN  R     INV_X4         5  8.6     9    15     287    (-,-) 
  g21246/Z         -       S->Z   F     MUX2_X1        6 11.8    20    78     365    (-,-) 
  g20933__4733/ZN  -       A2->ZN R     NOR2_X1        5  9.3    51    72     436    (-,-) 
  g20917__5477/ZN  -       A1->ZN F     NAND2_X1       1  1.8    15    19     456    (-,-) 
  g20887__4319/ZN  -       A->ZN  R     OAI21_X1       1  1.9    20    24     479    (-,-) 
  g20863__5115/ZN  -       A->ZN  F     AOI21_X1       1  1.7    10    16     495    (-,-) 
  g20840__6161/ZN  -       B1->ZN R     OAI221_X1      4  7.5    63    76     571    (-,-) 
  g20819__2398/ZN  -       C1->ZN F     OAI211_X1      1  1.8    22    30     601    (-,-) 
  g20815__7410/ZN  -       A2->ZN R     NAND2_X1       1  1.9    12    23     624    (-,-) 
  g20811__9315/ZN  -       B1->ZN F     AOI21_X1       1  3.0    10    18     642    (-,-) 
  g20809__7482/ZN  -       B1->ZN R     OAI21_X2       1  6.3    25    35     676    (-,-) 
  g20806__5115/ZN  -       A1->ZN F     NAND2_X4      18 32.3    20    32     709    (-,-) 
  g20801__1705/ZN  -       A1->ZN R     NAND2_X1       1  2.0    14    20     729    (-,-) 
  g20792__1666/ZN  -       A->ZN  F     OAI21_X1       1  2.4    18    21     750    (-,-) 
  g20772__8246/ZN  -       A->ZN  F     XNOR2_X1       2  4.1    29    47     797    (-,-) 
  g20756__5107/ZN  -       A->ZN  R     XNOR2_X1       4  7.9    48    67     864    (-,-) 
  g20739__9315/ZN  -       A1->ZN F     NAND4_X1       1  1.8    22    35     900    (-,-) 
  g20731__8246/ZN  -       A4->ZN R     NAND4_X1       1  3.4    19    34     934    (-,-) 
  g20730__2802/ZN  -       A1->ZN F     NAND2_X2       2  4.9    10    18     951    (-,-) 
  g20724__6783/ZN  -       A1->ZN R     NAND2_X2       1  3.4    11    15     966    (-,-) 
  g20723__4319/ZN  -       A1->ZN F     NAND2_X2       2  4.7     8    15     981    (-,-) 
  g20709__2883/ZN  -       B1->ZN R     OAI21_X2       1  3.6    19    27    1008    (-,-) 
  g20705/ZN        -       A->ZN  F     INV_X2         2  7.2     8    14    1022    (-,-) 
  g20701__8246/ZN  -       A1->ZN R     NAND2_X2       1  6.3    13    18    1040    (-,-) 
  g33/ZN           -       A1->ZN F     NAND2_X4      18 30.3    26    27    1066    (-,-) 
  g20681__7482/ZN  -       C1->ZN R     AOI211_X1      1  0.3    27    34    1100    (-,-) 
  overflow         -       -      R     (port)         -    -     -     0    1100    (-,-) 
#------------------------------------------------------------------------------------------



Path 18: MET (776 ps) Late External Delay Assertion at pin bf_out[15]
           View: view_1p2_25
          Group: clock1
     Startpoint: (R) bf2_in_reg[9]/CK
          Clock: (R) clock1
       Endpoint: (F) bf_out[15]
          Clock: (R) clock1

                     Capture       Launch     
        Clock Edge:+    1587            0     
       Src Latency:+       0            0     
       Net Latency:+       0 (I)        0 (I) 
           Arrival:=    1587            0     
                                              
      Output Delay:-       1                  
       Uncertainty:-       0                  
     Required Time:=    1586                  
      Launch Clock:-       0                  
         Data Path:-     810                  
             Slack:=     776                  

Exceptions/Constraints:
  output_delay              1              add_bf16_1C.sdc_line_21   

Launch clock path:
#-----------------------------------------------------------------------------------------
#  Timing Point    Flags   Arc   Edge   Cell     Fanout Load Trans Delay Arrival Instance 
#                                                       (fF)  (ps)  (ps)   (ps)  Location 
#-----------------------------------------------------------------------------------------
  clk              (i)     -     R     (arrival)     33  0.0     0     0       0    (-,-) 
  bf2_in_reg[9]/CK <<<     -     R     SDFFR_X1      33    -     1     0       0    (-,-) 
#-----------------------------------------------------------------------------------------

#------------------------------------------------------------------------------------------
#  Timing Point    Flags    Arc   Edge   Cell     Fanout Load Trans Delay Arrival Instance 
#                                                        (fF)  (ps)  (ps)   (ps)  Location 
#------------------------------------------------------------------------------------------
  bf2_in_reg[9]/CK -       -      R     (arrival)     33    -     1     0       0    (-,-) 
  bf2_in_reg[9]/Q  -       CK->Q  R     SDFFR_X1       2  3.1    13    74      74    (-,-) 
  g21204/ZN        -       A->ZN  F     INV_X1         3  4.5     8    13      87    (-,-) 
  g21248/Z         -       A->Z   F     MUX2_X1        2  5.1    14    65     152    (-,-) 
  g21048__1617/ZN  -       A2->ZN R     NAND2_X2       2  5.3    12    22     174    (-,-) 
  g21012__7482/ZN  -       A1->ZN F     NAND2_X2       2  5.0     9    15     190    (-,-) 
  g21007__6260/ZN  -       A1->ZN R     NAND2_X2       1  6.3    14    18     208    (-,-) 
  g21003__2346/ZN  -       A1->ZN F     NAND2_X4       3  9.9     9    16     224    (-,-) 
  g20998__4733/ZN  -       B1->ZN R     OAI21_X4       1  6.7    18    27     250    (-,-) 
  g20995__8246/ZN  -       B1->ZN F     AOI21_X4       5 14.1    12    21     272    (-,-) 
  g20977/ZN        -       A->ZN  R     INV_X4         5  8.6     9    15     287    (-,-) 
  g21246/Z         -       S->Z   F     MUX2_X1        6 11.8    20    78     365    (-,-) 
  g20933__4733/ZN  -       A2->ZN R     NOR2_X1        5  9.3    51    72     436    (-,-) 
  g20917__5477/ZN  -       A1->ZN F     NAND2_X1       1  1.8    15    19     456    (-,-) 
  g20887__4319/ZN  -       A->ZN  R     OAI21_X1       1  1.9    20    24     479    (-,-) 
  g20863__5115/ZN  -       A->ZN  F     AOI21_X1       1  1.7    10    16     495    (-,-) 
  g20840__6161/ZN  -       B1->ZN R     OAI221_X1      4  7.5    63    76     571    (-,-) 
  g20819__2398/ZN  -       C1->ZN F     OAI211_X1      1  1.8    22    30     601    (-,-) 
  g20815__7410/ZN  -       A2->ZN R     NAND2_X1       1  1.9    12    23     624    (-,-) 
  g20811__9315/ZN  -       B1->ZN F     AOI21_X1       1  3.0    10    18     642    (-,-) 
  g20809__7482/ZN  -       B1->ZN R     OAI21_X2       1  6.3    25    35     676    (-,-) 
  g20806__5115/ZN  -       A1->ZN F     NAND2_X4      18 32.3    20    32     709    (-,-) 
  g20800__5122/ZN  -       A1->ZN R     NAND2_X1       2  3.8    14    25     734    (-,-) 
  g20797/ZN        -       A->ZN  F     INV_X1         1  1.7     5     8     742    (-,-) 
  g20776__7098/ZN  -       A1->ZN R     AOI222_X1      1  2.0    49    54     796    (-,-) 
  g20761__6260/ZN  -       B1->ZN F     OAI21_X1       1  0.3    13    14     810    (-,-) 
  bf_out[15]       -       -      F     (port)         -    -     -     0     810    (-,-) 
#------------------------------------------------------------------------------------------



Path 19: MET (1276 ps) Late External Delay Assertion at pin invalid
           View: view_1p2_25
          Group: clock1
     Startpoint: (R) bf1_in_reg[9]/CK
          Clock: (R) clock1
       Endpoint: (R) invalid
          Clock: (R) clock1

                     Capture       Launch     
        Clock Edge:+    1587            0     
       Src Latency:+       0            0     
       Net Latency:+       0 (I)        0 (I) 
           Arrival:=    1587            0     
                                              
      Output Delay:-       1                  
       Uncertainty:-       0                  
     Required Time:=    1586                  
      Launch Clock:-       0                  
         Data Path:-     311                  
             Slack:=    1276                  

Exceptions/Constraints:
  output_delay              1              add_bf16_1C.sdc_line_21_51_1   

Launch clock path:
#-----------------------------------------------------------------------------------------
#  Timing Point    Flags   Arc   Edge   Cell     Fanout Load Trans Delay Arrival Instance 
#                                                       (fF)  (ps)  (ps)   (ps)  Location 
#-----------------------------------------------------------------------------------------
  clk              (i)     -     R     (arrival)     33  0.0     0     0       0    (-,-) 
  bf1_in_reg[9]/CK <<<     -     R     SDFFR_X1      33    -     1     0       0    (-,-) 
#-----------------------------------------------------------------------------------------

#------------------------------------------------------------------------------------------
#  Timing Point    Flags    Arc   Edge   Cell     Fanout Load Trans Delay Arrival Instance 
#                                                        (fF)  (ps)  (ps)   (ps)  Location 
#------------------------------------------------------------------------------------------
  bf1_in_reg[9]/CK -       -      R     (arrival)     33    -     1     0       0    (-,-) 
  bf1_in_reg[9]/QN -       CK->QN F     SDFFR_X1       2  3.5     9    97      97    (-,-) 
  g21205/ZN        -       A->ZN  R     INV_X1         5  6.9    18    26     123    (-,-) 
  g21121__1881/ZN  -       A3->ZN R     AND4_X1        1  1.8    12    59     182    (-,-) 
  g21106__2398/ZN  -       A1->ZN F     NAND4_X1       2  2.9    20    29     211    (-,-) 
  g21043__5526/ZN  -       A1->ZN F     OR2_X1         2  3.6    11    54     265    (-,-) 
  g21015__9945/ZN  -       B2->ZN R     OAI22_X1       2  2.1    32    46     311    (-,-) 
  invalid          -       -      R     (port)         -    -     -     0     311    (-,-) 
#------------------------------------------------------------------------------------------



Path 20: MET (1380 ps) Setup Check with Pin bf2_in_reg[10]/CK->D
           View: view_1p2_25
          Group: clock1
     Startpoint: (F) stall
          Clock: (R) clock1
       Endpoint: (F) bf2_in_reg[10]/D
          Clock: (R) clock1

                     Capture       Launch     
        Clock Edge:+    1587            0     
        Drv Adjust:+       0            0     
       Src Latency:+       0            0     
       Net Latency:+       0 (I)        0 (I) 
           Arrival:=    1587            0     
                                              
             Setup:-      41                  
       Uncertainty:-       0                  
     Required Time:=    1546                  
      Launch Clock:-       0                  
       Input Delay:-       1                  
         Data Path:-     165                  
             Slack:=    1380                  

Exceptions/Constraints:
  input_delay              1              add_bf16_1C.sdc_line_20_2_1   

#------------------------------------------------------------------------------------------
#  Timing Point    Flags    Arc   Edge   Cell     Fanout Load Trans Delay Arrival Instance 
#                                                        (fF)  (ps)  (ps)   (ps)  Location 
#------------------------------------------------------------------------------------------
  stall            -       -      F     (arrival)      1  1.8     0     0       1    (-,-) 
  g21210/ZN        -       A->ZN  R     INV_X1         2  4.5    13    15      16    (-,-) 
  g21161__6260/ZN  -       A1->ZN F     NAND2_X2      32 65.9    63    79      96    (-,-) 
  g21099__6417/Z   -       S->Z   F     MUX2_X1        1  1.4    11    70     166    (-,-) 
  bf2_in_reg[10]/D -       -      F     DFFR_X1        1    -     -     0     166    (-,-) 
#------------------------------------------------------------------------------------------

Capture clock path:
#------------------------------------------------------------------------------------------
#   Timing Point    Flags   Arc   Edge   Cell     Fanout Load Trans Delay Arrival Instance 
#                                                        (fF)  (ps)  (ps)   (ps)  Location 
#------------------------------------------------------------------------------------------
  clk               (i)     -     R     (arrival)     33  0.0     0     0    1587    (-,-) 
  bf2_in_reg[10]/CK <<<     -     R     DFFR_X1       33    -     1     0    1587    (-,-) 
#------------------------------------------------------------------------------------------



Path 21: MET (1380 ps) Setup Check with Pin bf1_in_reg[7]/CK->D
           View: view_1p2_25
          Group: clock1
     Startpoint: (F) stall
          Clock: (R) clock1
       Endpoint: (F) bf1_in_reg[7]/D
          Clock: (R) clock1

                     Capture       Launch     
        Clock Edge:+    1587            0     
        Drv Adjust:+       0            0     
       Src Latency:+       0            0     
       Net Latency:+       0 (I)        0 (I) 
           Arrival:=    1587            0     
                                              
             Setup:-      41                  
       Uncertainty:-       0                  
     Required Time:=    1546                  
      Launch Clock:-       0                  
       Input Delay:-       1                  
         Data Path:-     165                  
             Slack:=    1380                  

Exceptions/Constraints:
  input_delay              1              add_bf16_1C.sdc_line_20_2_1   

#-----------------------------------------------------------------------------------------
#  Timing Point   Flags    Arc   Edge   Cell     Fanout Load Trans Delay Arrival Instance 
#                                                       (fF)  (ps)  (ps)   (ps)  Location 
#-----------------------------------------------------------------------------------------
  stall           -       -      F     (arrival)      1  1.8     0     0       1    (-,-) 
  g21210/ZN       -       A->ZN  R     INV_X1         2  4.5    13    15      16    (-,-) 
  g21161__6260/ZN -       A1->ZN F     NAND2_X2      32 65.9    63    79      96    (-,-) 
  g21101__5477/Z  -       S->Z   F     MUX2_X1        1  1.4    11    70     166    (-,-) 
  bf1_in_reg[7]/D -       -      F     DFFR_X1        1    -     -     0     166    (-,-) 
#-----------------------------------------------------------------------------------------

Capture clock path:
#-----------------------------------------------------------------------------------------
#  Timing Point    Flags   Arc   Edge   Cell     Fanout Load Trans Delay Arrival Instance 
#                                                       (fF)  (ps)  (ps)   (ps)  Location 
#-----------------------------------------------------------------------------------------
  clk              (i)     -     R     (arrival)     33  0.0     0     0    1587    (-,-) 
  bf1_in_reg[7]/CK <<<     -     R     DFFR_X1       33    -     1     0    1587    (-,-) 
#-----------------------------------------------------------------------------------------



Path 22: MET (1380 ps) Setup Check with Pin bf1_in_reg[15]/CK->D
           View: view_1p2_25
          Group: clock1
     Startpoint: (F) stall
          Clock: (R) clock1
       Endpoint: (F) bf1_in_reg[15]/D
          Clock: (R) clock1

                     Capture       Launch     
        Clock Edge:+    1587            0     
        Drv Adjust:+       0            0     
       Src Latency:+       0            0     
       Net Latency:+       0 (I)        0 (I) 
           Arrival:=    1587            0     
                                              
             Setup:-      41                  
       Uncertainty:-       0                  
     Required Time:=    1546                  
      Launch Clock:-       0                  
       Input Delay:-       1                  
         Data Path:-     165                  
             Slack:=    1380                  

Exceptions/Constraints:
  input_delay              1              add_bf16_1C.sdc_line_20_2_1   

#------------------------------------------------------------------------------------------
#  Timing Point    Flags    Arc   Edge   Cell     Fanout Load Trans Delay Arrival Instance 
#                                                        (fF)  (ps)  (ps)   (ps)  Location 
#------------------------------------------------------------------------------------------
  stall            -       -      F     (arrival)      1  1.8     0     0       1    (-,-) 
  g21210/ZN        -       A->ZN  R     INV_X1         2  4.5    13    15      16    (-,-) 
  g21161__6260/ZN  -       A1->ZN F     NAND2_X2      32 65.9    63    79      96    (-,-) 
  g21092__1666/Z   -       S->Z   F     MUX2_X1        1  1.4    11    70     166    (-,-) 
  bf1_in_reg[15]/D -       -      F     DFFR_X1        1    -     -     0     166    (-,-) 
#------------------------------------------------------------------------------------------

Capture clock path:
#------------------------------------------------------------------------------------------
#   Timing Point    Flags   Arc   Edge   Cell     Fanout Load Trans Delay Arrival Instance 
#                                                        (fF)  (ps)  (ps)   (ps)  Location 
#------------------------------------------------------------------------------------------
  clk               (i)     -     R     (arrival)     33  0.0     0     0    1587    (-,-) 
  bf1_in_reg[15]/CK <<<     -     R     DFFR_X1       33    -     1     0    1587    (-,-) 
#------------------------------------------------------------------------------------------



Path 23: MET (1380 ps) Setup Check with Pin bf2_in_reg[7]/CK->D
           View: view_1p2_25
          Group: clock1
     Startpoint: (F) stall
          Clock: (R) clock1
       Endpoint: (F) bf2_in_reg[7]/D
          Clock: (R) clock1

                     Capture       Launch     
        Clock Edge:+    1587            0     
        Drv Adjust:+       0            0     
       Src Latency:+       0            0     
       Net Latency:+       0 (I)        0 (I) 
           Arrival:=    1587            0     
                                              
             Setup:-      41                  
       Uncertainty:-       0                  
     Required Time:=    1546                  
      Launch Clock:-       0                  
       Input Delay:-       1                  
         Data Path:-     165                  
             Slack:=    1380                  

Exceptions/Constraints:
  input_delay              1              add_bf16_1C.sdc_line_20_2_1   

#-----------------------------------------------------------------------------------------
#  Timing Point   Flags    Arc   Edge   Cell     Fanout Load Trans Delay Arrival Instance 
#                                                       (fF)  (ps)  (ps)   (ps)  Location 
#-----------------------------------------------------------------------------------------
  stall           -       -      F     (arrival)      1  1.8     0     0       1    (-,-) 
  g21210/ZN       -       A->ZN  R     INV_X1         2  4.5    13    15      16    (-,-) 
  g21161__6260/ZN -       A1->ZN F     NAND2_X2      32 65.9    63    79      96    (-,-) 
  g21100__2802/Z  -       S->Z   F     MUX2_X1        1  1.4    11    70     166    (-,-) 
  bf2_in_reg[7]/D -       -      F     DFFR_X1        1    -     -     0     166    (-,-) 
#-----------------------------------------------------------------------------------------

Capture clock path:
#-----------------------------------------------------------------------------------------
#  Timing Point    Flags   Arc   Edge   Cell     Fanout Load Trans Delay Arrival Instance 
#                                                       (fF)  (ps)  (ps)   (ps)  Location 
#-----------------------------------------------------------------------------------------
  clk              (i)     -     R     (arrival)     33  0.0     0     0    1587    (-,-) 
  bf2_in_reg[7]/CK <<<     -     R     DFFR_X1       33    -     1     0    1587    (-,-) 
#-----------------------------------------------------------------------------------------



Path 24: MET (1384 ps) Setup Check with Pin bf1_in_reg[9]/CK->SI
           View: view_1p2_25
          Group: clock1
     Startpoint: (R) bf1_in_reg[9]/CK
          Clock: (R) clock1
       Endpoint: (F) bf1_in_reg[9]/SI
          Clock: (R) clock1

                     Capture       Launch     
        Clock Edge:+    1587            0     
       Src Latency:+       0            0     
       Net Latency:+       0 (I)        0 (I) 
           Arrival:=    1587            0     
                                              
             Setup:-      85                  
       Uncertainty:-       0                  
     Required Time:=    1502                  
      Launch Clock:-       0                  
         Data Path:-     119                  
             Slack:=    1384                  

Launch clock path:
#-----------------------------------------------------------------------------------------
#  Timing Point    Flags   Arc   Edge   Cell     Fanout Load Trans Delay Arrival Instance 
#                                                       (fF)  (ps)  (ps)   (ps)  Location 
#-----------------------------------------------------------------------------------------
  clk              (i)     -     R     (arrival)     33  0.0     0     0       0    (-,-) 
  bf1_in_reg[9]/CK <<<     -     R     SDFFR_X1      33    -     1     0       0    (-,-) 
#-----------------------------------------------------------------------------------------

#------------------------------------------------------------------------------------------
#  Timing Point    Flags    Arc   Edge   Cell     Fanout Load Trans Delay Arrival Instance 
#                                                        (fF)  (ps)  (ps)   (ps)  Location 
#------------------------------------------------------------------------------------------
  bf1_in_reg[9]/CK -       -      R     (arrival)     33    -     1     0       0    (-,-) 
  bf1_in_reg[9]/QN -       CK->QN R     SDFFR_X1       2  3.9    14   103     103    (-,-) 
  g21205/ZN        -       A->ZN  F     INV_X1         5  6.5     9    16     119    (-,-) 
  bf1_in_reg[9]/SI -       -      F     SDFFR_X1       5    -     -     0     119    (-,-) 
#------------------------------------------------------------------------------------------

Capture clock path:
#-----------------------------------------------------------------------------------------
#  Timing Point    Flags   Arc   Edge   Cell     Fanout Load Trans Delay Arrival Instance 
#                                                       (fF)  (ps)  (ps)   (ps)  Location 
#-----------------------------------------------------------------------------------------
  clk              (i)     -     R     (arrival)     33  0.0     0     0    1587    (-,-) 
  bf1_in_reg[9]/CK <<<     -     R     SDFFR_X1      33    -     1     0    1587    (-,-) 
#-----------------------------------------------------------------------------------------



Path 25: MET (1390 ps) Setup Check with Pin bf2_in_reg[9]/CK->SI
           View: view_1p2_25
          Group: clock1
     Startpoint: (R) bf2_in_reg[9]/CK
          Clock: (R) clock1
       Endpoint: (F) bf2_in_reg[9]/SI
          Clock: (R) clock1

                     Capture       Launch     
        Clock Edge:+    1587            0     
       Src Latency:+       0            0     
       Net Latency:+       0 (I)        0 (I) 
           Arrival:=    1587            0     
                                              
             Setup:-      85                  
       Uncertainty:-       0                  
     Required Time:=    1502                  
      Launch Clock:-       0                  
         Data Path:-     112                  
             Slack:=    1390                  

Launch clock path:
#-----------------------------------------------------------------------------------------
#  Timing Point    Flags   Arc   Edge   Cell     Fanout Load Trans Delay Arrival Instance 
#                                                       (fF)  (ps)  (ps)   (ps)  Location 
#-----------------------------------------------------------------------------------------
  clk              (i)     -     R     (arrival)     33  0.0     0     0       0    (-,-) 
  bf2_in_reg[9]/CK <<<     -     R     SDFFR_X1      33    -     1     0       0    (-,-) 
#-----------------------------------------------------------------------------------------

#-----------------------------------------------------------------------------------------
#  Timing Point    Flags   Arc   Edge   Cell     Fanout Load Trans Delay Arrival Instance 
#                                                       (fF)  (ps)  (ps)   (ps)  Location 
#-----------------------------------------------------------------------------------------
  bf2_in_reg[9]/CK -       -     R     (arrival)     33    -     1     0       0    (-,-) 
  bf2_in_reg[9]/Q  -       CK->Q F     SDFFR_X1       2  2.9    14    72      72    (-,-) 
  g21204/ZN        -       A->ZN R     INV_X1         3  5.0    14    23      95    (-,-) 
  g21203/ZN        -       A->ZN F     INV_X1         5  7.2    10    17     112    (-,-) 
  bf2_in_reg[9]/SI -       -     F     SDFFR_X1       5    -     -     0     112    (-,-) 
#-----------------------------------------------------------------------------------------

Capture clock path:
#-----------------------------------------------------------------------------------------
#  Timing Point    Flags   Arc   Edge   Cell     Fanout Load Trans Delay Arrival Instance 
#                                                       (fF)  (ps)  (ps)   (ps)  Location 
#-----------------------------------------------------------------------------------------
  clk              (i)     -     R     (arrival)     33  0.0     0     0    1587    (-,-) 
  bf2_in_reg[9]/CK <<<     -     R     SDFFR_X1      33    -     1     0    1587    (-,-) 
#-----------------------------------------------------------------------------------------



Path 26: MET (1392 ps) Setup Check with Pin bf2_in_reg[3]/CK->SE
           View: view_1p2_25
          Group: clock1
     Startpoint: (F) stall
          Clock: (R) clock1
       Endpoint: (F) bf2_in_reg[3]/SE
          Clock: (R) clock1

                     Capture       Launch     
        Clock Edge:+    1587            0     
        Drv Adjust:+       0            0     
       Src Latency:+       0            0     
       Net Latency:+       0 (I)        0 (I) 
           Arrival:=    1587            0     
                                              
             Setup:-      99                  
       Uncertainty:-       0                  
     Required Time:=    1488                  
      Launch Clock:-       0                  
       Input Delay:-       1                  
         Data Path:-      95                  
             Slack:=    1392                  

Exceptions/Constraints:
  input_delay              1              add_bf16_1C.sdc_line_20_2_1   

#------------------------------------------------------------------------------------------
#  Timing Point    Flags    Arc   Edge   Cell     Fanout Load Trans Delay Arrival Instance 
#                                                        (fF)  (ps)  (ps)   (ps)  Location 
#------------------------------------------------------------------------------------------
  stall            -       -      F     (arrival)      1  1.8     0     0       1    (-,-) 
  g21210/ZN        -       A->ZN  R     INV_X1         2  4.5    13    15      16    (-,-) 
  g21161__6260/ZN  -       A1->ZN F     NAND2_X2      32 65.9    63    79      96    (-,-) 
  bf2_in_reg[3]/SE -       -      F     SDFFR_X1      32    -     -     0      96    (-,-) 
#------------------------------------------------------------------------------------------

Capture clock path:
#-----------------------------------------------------------------------------------------
#  Timing Point    Flags   Arc   Edge   Cell     Fanout Load Trans Delay Arrival Instance 
#                                                       (fF)  (ps)  (ps)   (ps)  Location 
#-----------------------------------------------------------------------------------------
  clk              (i)     -     R     (arrival)     33  0.0     0     0    1587    (-,-) 
  bf2_in_reg[3]/CK <<<     -     R     SDFFR_X1      33    -     1     0    1587    (-,-) 
#-----------------------------------------------------------------------------------------



Path 27: MET (1392 ps) Setup Check with Pin bf1_in_reg[10]/CK->SE
           View: view_1p2_25
          Group: clock1
     Startpoint: (F) stall
          Clock: (R) clock1
       Endpoint: (F) bf1_in_reg[10]/SE
          Clock: (R) clock1

                     Capture       Launch     
        Clock Edge:+    1587            0     
        Drv Adjust:+       0            0     
       Src Latency:+       0            0     
       Net Latency:+       0 (I)        0 (I) 
           Arrival:=    1587            0     
                                              
             Setup:-      99                  
       Uncertainty:-       0                  
     Required Time:=    1488                  
      Launch Clock:-       0                  
       Input Delay:-       1                  
         Data Path:-      95                  
             Slack:=    1392                  

Exceptions/Constraints:
  input_delay              1              add_bf16_1C.sdc_line_20_2_1   

#-------------------------------------------------------------------------------------------
#   Timing Point    Flags    Arc   Edge   Cell     Fanout Load Trans Delay Arrival Instance 
#                                                         (fF)  (ps)  (ps)   (ps)  Location 
#-------------------------------------------------------------------------------------------
  stall             -       -      F     (arrival)      1  1.8     0     0       1    (-,-) 
  g21210/ZN         -       A->ZN  R     INV_X1         2  4.5    13    15      16    (-,-) 
  g21161__6260/ZN   -       A1->ZN F     NAND2_X2      32 65.9    63    79      96    (-,-) 
  bf1_in_reg[10]/SE -       -      F     SDFFR_X1      32    -     -     0      96    (-,-) 
#-------------------------------------------------------------------------------------------

Capture clock path:
#------------------------------------------------------------------------------------------
#   Timing Point    Flags   Arc   Edge   Cell     Fanout Load Trans Delay Arrival Instance 
#                                                        (fF)  (ps)  (ps)   (ps)  Location 
#------------------------------------------------------------------------------------------
  clk               (i)     -     R     (arrival)     33  0.0     0     0    1587    (-,-) 
  bf1_in_reg[10]/CK <<<     -     R     SDFFR_X1      33    -     1     0    1587    (-,-) 
#------------------------------------------------------------------------------------------



Path 28: MET (1392 ps) Setup Check with Pin bf2_in_reg[5]/CK->SE
           View: view_1p2_25
          Group: clock1
     Startpoint: (F) stall
          Clock: (R) clock1
       Endpoint: (F) bf2_in_reg[5]/SE
          Clock: (R) clock1

                     Capture       Launch     
        Clock Edge:+    1587            0     
        Drv Adjust:+       0            0     
       Src Latency:+       0            0     
       Net Latency:+       0 (I)        0 (I) 
           Arrival:=    1587            0     
                                              
             Setup:-      99                  
       Uncertainty:-       0                  
     Required Time:=    1488                  
      Launch Clock:-       0                  
       Input Delay:-       1                  
         Data Path:-      95                  
             Slack:=    1392                  

Exceptions/Constraints:
  input_delay              1              add_bf16_1C.sdc_line_20_2_1   

#------------------------------------------------------------------------------------------
#  Timing Point    Flags    Arc   Edge   Cell     Fanout Load Trans Delay Arrival Instance 
#                                                        (fF)  (ps)  (ps)   (ps)  Location 
#------------------------------------------------------------------------------------------
  stall            -       -      F     (arrival)      1  1.8     0     0       1    (-,-) 
  g21210/ZN        -       A->ZN  R     INV_X1         2  4.5    13    15      16    (-,-) 
  g21161__6260/ZN  -       A1->ZN F     NAND2_X2      32 65.9    63    79      96    (-,-) 
  bf2_in_reg[5]/SE -       -      F     SDFFR_X1      32    -     -     0      96    (-,-) 
#------------------------------------------------------------------------------------------

Capture clock path:
#-----------------------------------------------------------------------------------------
#  Timing Point    Flags   Arc   Edge   Cell     Fanout Load Trans Delay Arrival Instance 
#                                                       (fF)  (ps)  (ps)   (ps)  Location 
#-----------------------------------------------------------------------------------------
  clk              (i)     -     R     (arrival)     33  0.0     0     0    1587    (-,-) 
  bf2_in_reg[5]/CK <<<     -     R     SDFFR_X1      33    -     1     0    1587    (-,-) 
#-----------------------------------------------------------------------------------------



Path 29: MET (1392 ps) Setup Check with Pin bf2_in_reg[4]/CK->SE
           View: view_1p2_25
          Group: clock1
     Startpoint: (F) stall
          Clock: (R) clock1
       Endpoint: (F) bf2_in_reg[4]/SE
          Clock: (R) clock1

                     Capture       Launch     
        Clock Edge:+    1587            0     
        Drv Adjust:+       0            0     
       Src Latency:+       0            0     
       Net Latency:+       0 (I)        0 (I) 
           Arrival:=    1587            0     
                                              
             Setup:-      99                  
       Uncertainty:-       0                  
     Required Time:=    1488                  
      Launch Clock:-       0                  
       Input Delay:-       1                  
         Data Path:-      95                  
             Slack:=    1392                  

Exceptions/Constraints:
  input_delay              1              add_bf16_1C.sdc_line_20_2_1   

#------------------------------------------------------------------------------------------
#  Timing Point    Flags    Arc   Edge   Cell     Fanout Load Trans Delay Arrival Instance 
#                                                        (fF)  (ps)  (ps)   (ps)  Location 
#------------------------------------------------------------------------------------------
  stall            -       -      F     (arrival)      1  1.8     0     0       1    (-,-) 
  g21210/ZN        -       A->ZN  R     INV_X1         2  4.5    13    15      16    (-,-) 
  g21161__6260/ZN  -       A1->ZN F     NAND2_X2      32 65.9    63    79      96    (-,-) 
  bf2_in_reg[4]/SE -       -      F     SDFFR_X1      32    -     -     0      96    (-,-) 
#------------------------------------------------------------------------------------------

Capture clock path:
#-----------------------------------------------------------------------------------------
#  Timing Point    Flags   Arc   Edge   Cell     Fanout Load Trans Delay Arrival Instance 
#                                                       (fF)  (ps)  (ps)   (ps)  Location 
#-----------------------------------------------------------------------------------------
  clk              (i)     -     R     (arrival)     33  0.0     0     0    1587    (-,-) 
  bf2_in_reg[4]/CK <<<     -     R     SDFFR_X1      33    -     1     0    1587    (-,-) 
#-----------------------------------------------------------------------------------------



Path 30: MET (1392 ps) Setup Check with Pin bf1_in_reg[4]/CK->SE
           View: view_1p2_25
          Group: clock1
     Startpoint: (F) stall
          Clock: (R) clock1
       Endpoint: (F) bf1_in_reg[4]/SE
          Clock: (R) clock1

                     Capture       Launch     
        Clock Edge:+    1587            0     
        Drv Adjust:+       0            0     
       Src Latency:+       0            0     
       Net Latency:+       0 (I)        0 (I) 
           Arrival:=    1587            0     
                                              
             Setup:-      99                  
       Uncertainty:-       0                  
     Required Time:=    1488                  
      Launch Clock:-       0                  
       Input Delay:-       1                  
         Data Path:-      95                  
             Slack:=    1392                  

Exceptions/Constraints:
  input_delay              1              add_bf16_1C.sdc_line_20_2_1   

#------------------------------------------------------------------------------------------
#  Timing Point    Flags    Arc   Edge   Cell     Fanout Load Trans Delay Arrival Instance 
#                                                        (fF)  (ps)  (ps)   (ps)  Location 
#------------------------------------------------------------------------------------------
  stall            -       -      F     (arrival)      1  1.8     0     0       1    (-,-) 
  g21210/ZN        -       A->ZN  R     INV_X1         2  4.5    13    15      16    (-,-) 
  g21161__6260/ZN  -       A1->ZN F     NAND2_X2      32 65.9    63    79      96    (-,-) 
  bf1_in_reg[4]/SE -       -      F     SDFFR_X1      32    -     -     0      96    (-,-) 
#------------------------------------------------------------------------------------------

Capture clock path:
#-----------------------------------------------------------------------------------------
#  Timing Point    Flags   Arc   Edge   Cell     Fanout Load Trans Delay Arrival Instance 
#                                                       (fF)  (ps)  (ps)   (ps)  Location 
#-----------------------------------------------------------------------------------------
  clk              (i)     -     R     (arrival)     33  0.0     0     0    1587    (-,-) 
  bf1_in_reg[4]/CK <<<     -     R     SDFFR_X1      33    -     1     0    1587    (-,-) 
#-----------------------------------------------------------------------------------------



Path 31: MET (1392 ps) Setup Check with Pin bf1_in_reg[2]/CK->SE
           View: view_1p2_25
          Group: clock1
     Startpoint: (F) stall
          Clock: (R) clock1
       Endpoint: (F) bf1_in_reg[2]/SE
          Clock: (R) clock1

                     Capture       Launch     
        Clock Edge:+    1587            0     
        Drv Adjust:+       0            0     
       Src Latency:+       0            0     
       Net Latency:+       0 (I)        0 (I) 
           Arrival:=    1587            0     
                                              
             Setup:-      99                  
       Uncertainty:-       0                  
     Required Time:=    1488                  
      Launch Clock:-       0                  
       Input Delay:-       1                  
         Data Path:-      95                  
             Slack:=    1392                  

Exceptions/Constraints:
  input_delay              1              add_bf16_1C.sdc_line_20_2_1   

#------------------------------------------------------------------------------------------
#  Timing Point    Flags    Arc   Edge   Cell     Fanout Load Trans Delay Arrival Instance 
#                                                        (fF)  (ps)  (ps)   (ps)  Location 
#------------------------------------------------------------------------------------------
  stall            -       -      F     (arrival)      1  1.8     0     0       1    (-,-) 
  g21210/ZN        -       A->ZN  R     INV_X1         2  4.5    13    15      16    (-,-) 
  g21161__6260/ZN  -       A1->ZN F     NAND2_X2      32 65.9    63    79      96    (-,-) 
  bf1_in_reg[2]/SE -       -      F     SDFFR_X1      32    -     -     0      96    (-,-) 
#------------------------------------------------------------------------------------------

Capture clock path:
#-----------------------------------------------------------------------------------------
#  Timing Point    Flags   Arc   Edge   Cell     Fanout Load Trans Delay Arrival Instance 
#                                                       (fF)  (ps)  (ps)   (ps)  Location 
#-----------------------------------------------------------------------------------------
  clk              (i)     -     R     (arrival)     33  0.0     0     0    1587    (-,-) 
  bf1_in_reg[2]/CK <<<     -     R     SDFFR_X1      33    -     1     0    1587    (-,-) 
#-----------------------------------------------------------------------------------------



Path 32: MET (1392 ps) Setup Check with Pin bf1_in_reg[14]/CK->SE
           View: view_1p2_25
          Group: clock1
     Startpoint: (F) stall
          Clock: (R) clock1
       Endpoint: (F) bf1_in_reg[14]/SE
          Clock: (R) clock1

                     Capture       Launch     
        Clock Edge:+    1587            0     
        Drv Adjust:+       0            0     
       Src Latency:+       0            0     
       Net Latency:+       0 (I)        0 (I) 
           Arrival:=    1587            0     
                                              
             Setup:-      99                  
       Uncertainty:-       0                  
     Required Time:=    1488                  
      Launch Clock:-       0                  
       Input Delay:-       1                  
         Data Path:-      95                  
             Slack:=    1392                  

Exceptions/Constraints:
  input_delay              1              add_bf16_1C.sdc_line_20_2_1   

#-------------------------------------------------------------------------------------------
#   Timing Point    Flags    Arc   Edge   Cell     Fanout Load Trans Delay Arrival Instance 
#                                                         (fF)  (ps)  (ps)   (ps)  Location 
#-------------------------------------------------------------------------------------------
  stall             -       -      F     (arrival)      1  1.8     0     0       1    (-,-) 
  g21210/ZN         -       A->ZN  R     INV_X1         2  4.5    13    15      16    (-,-) 
  g21161__6260/ZN   -       A1->ZN F     NAND2_X2      32 65.9    63    79      96    (-,-) 
  bf1_in_reg[14]/SE -       -      F     SDFFR_X1      32    -     -     0      96    (-,-) 
#-------------------------------------------------------------------------------------------

Capture clock path:
#------------------------------------------------------------------------------------------
#   Timing Point    Flags   Arc   Edge   Cell     Fanout Load Trans Delay Arrival Instance 
#                                                        (fF)  (ps)  (ps)   (ps)  Location 
#------------------------------------------------------------------------------------------
  clk               (i)     -     R     (arrival)     33  0.0     0     0    1587    (-,-) 
  bf1_in_reg[14]/CK <<<     -     R     SDFFR_X1      33    -     1     0    1587    (-,-) 
#------------------------------------------------------------------------------------------



Path 33: MET (1392 ps) Setup Check with Pin bf1_in_reg[1]/CK->SE
           View: view_1p2_25
          Group: clock1
     Startpoint: (F) stall
          Clock: (R) clock1
       Endpoint: (F) bf1_in_reg[1]/SE
          Clock: (R) clock1

                     Capture       Launch     
        Clock Edge:+    1587            0     
        Drv Adjust:+       0            0     
       Src Latency:+       0            0     
       Net Latency:+       0 (I)        0 (I) 
           Arrival:=    1587            0     
                                              
             Setup:-      99                  
       Uncertainty:-       0                  
     Required Time:=    1488                  
      Launch Clock:-       0                  
       Input Delay:-       1                  
         Data Path:-      95                  
             Slack:=    1392                  

Exceptions/Constraints:
  input_delay              1              add_bf16_1C.sdc_line_20_2_1   

#------------------------------------------------------------------------------------------
#  Timing Point    Flags    Arc   Edge   Cell     Fanout Load Trans Delay Arrival Instance 
#                                                        (fF)  (ps)  (ps)   (ps)  Location 
#------------------------------------------------------------------------------------------
  stall            -       -      F     (arrival)      1  1.8     0     0       1    (-,-) 
  g21210/ZN        -       A->ZN  R     INV_X1         2  4.5    13    15      16    (-,-) 
  g21161__6260/ZN  -       A1->ZN F     NAND2_X2      32 65.9    63    79      96    (-,-) 
  bf1_in_reg[1]/SE -       -      F     SDFFR_X1      32    -     -     0      96    (-,-) 
#------------------------------------------------------------------------------------------

Capture clock path:
#-----------------------------------------------------------------------------------------
#  Timing Point    Flags   Arc   Edge   Cell     Fanout Load Trans Delay Arrival Instance 
#                                                       (fF)  (ps)  (ps)   (ps)  Location 
#-----------------------------------------------------------------------------------------
  clk              (i)     -     R     (arrival)     33  0.0     0     0    1587    (-,-) 
  bf1_in_reg[1]/CK <<<     -     R     SDFFR_X1      33    -     1     0    1587    (-,-) 
#-----------------------------------------------------------------------------------------



Path 34: MET (1392 ps) Setup Check with Pin bf2_in_reg[1]/CK->SE
           View: view_1p2_25
          Group: clock1
     Startpoint: (F) stall
          Clock: (R) clock1
       Endpoint: (F) bf2_in_reg[1]/SE
          Clock: (R) clock1

                     Capture       Launch     
        Clock Edge:+    1587            0     
        Drv Adjust:+       0            0     
       Src Latency:+       0            0     
       Net Latency:+       0 (I)        0 (I) 
           Arrival:=    1587            0     
                                              
             Setup:-      99                  
       Uncertainty:-       0                  
     Required Time:=    1488                  
      Launch Clock:-       0                  
       Input Delay:-       1                  
         Data Path:-      95                  
             Slack:=    1392                  

Exceptions/Constraints:
  input_delay              1              add_bf16_1C.sdc_line_20_2_1   

#------------------------------------------------------------------------------------------
#  Timing Point    Flags    Arc   Edge   Cell     Fanout Load Trans Delay Arrival Instance 
#                                                        (fF)  (ps)  (ps)   (ps)  Location 
#------------------------------------------------------------------------------------------
  stall            -       -      F     (arrival)      1  1.8     0     0       1    (-,-) 
  g21210/ZN        -       A->ZN  R     INV_X1         2  4.5    13    15      16    (-,-) 
  g21161__6260/ZN  -       A1->ZN F     NAND2_X2      32 65.9    63    79      96    (-,-) 
  bf2_in_reg[1]/SE -       -      F     SDFFR_X1      32    -     -     0      96    (-,-) 
#------------------------------------------------------------------------------------------

Capture clock path:
#-----------------------------------------------------------------------------------------
#  Timing Point    Flags   Arc   Edge   Cell     Fanout Load Trans Delay Arrival Instance 
#                                                       (fF)  (ps)  (ps)   (ps)  Location 
#-----------------------------------------------------------------------------------------
  clk              (i)     -     R     (arrival)     33  0.0     0     0    1587    (-,-) 
  bf2_in_reg[1]/CK <<<     -     R     SDFFR_X1      33    -     1     0    1587    (-,-) 
#-----------------------------------------------------------------------------------------



Path 35: MET (1392 ps) Setup Check with Pin bf2_in_reg[13]/CK->SE
           View: view_1p2_25
          Group: clock1
     Startpoint: (F) stall
          Clock: (R) clock1
       Endpoint: (F) bf2_in_reg[13]/SE
          Clock: (R) clock1

                     Capture       Launch     
        Clock Edge:+    1587            0     
        Drv Adjust:+       0            0     
       Src Latency:+       0            0     
       Net Latency:+       0 (I)        0 (I) 
           Arrival:=    1587            0     
                                              
             Setup:-      99                  
       Uncertainty:-       0                  
     Required Time:=    1488                  
      Launch Clock:-       0                  
       Input Delay:-       1                  
         Data Path:-      95                  
             Slack:=    1392                  

Exceptions/Constraints:
  input_delay              1              add_bf16_1C.sdc_line_20_2_1   

#-------------------------------------------------------------------------------------------
#   Timing Point    Flags    Arc   Edge   Cell     Fanout Load Trans Delay Arrival Instance 
#                                                         (fF)  (ps)  (ps)   (ps)  Location 
#-------------------------------------------------------------------------------------------
  stall             -       -      F     (arrival)      1  1.8     0     0       1    (-,-) 
  g21210/ZN         -       A->ZN  R     INV_X1         2  4.5    13    15      16    (-,-) 
  g21161__6260/ZN   -       A1->ZN F     NAND2_X2      32 65.9    63    79      96    (-,-) 
  bf2_in_reg[13]/SE -       -      F     SDFFR_X1      32    -     -     0      96    (-,-) 
#-------------------------------------------------------------------------------------------

Capture clock path:
#------------------------------------------------------------------------------------------
#   Timing Point    Flags   Arc   Edge   Cell     Fanout Load Trans Delay Arrival Instance 
#                                                        (fF)  (ps)  (ps)   (ps)  Location 
#------------------------------------------------------------------------------------------
  clk               (i)     -     R     (arrival)     33  0.0     0     0    1587    (-,-) 
  bf2_in_reg[13]/CK <<<     -     R     SDFFR_X1      33    -     1     0    1587    (-,-) 
#------------------------------------------------------------------------------------------



Path 36: MET (1392 ps) Setup Check with Pin bf2_in_reg[11]/CK->SE
           View: view_1p2_25
          Group: clock1
     Startpoint: (F) stall
          Clock: (R) clock1
       Endpoint: (F) bf2_in_reg[11]/SE
          Clock: (R) clock1

                     Capture       Launch     
        Clock Edge:+    1587            0     
        Drv Adjust:+       0            0     
       Src Latency:+       0            0     
       Net Latency:+       0 (I)        0 (I) 
           Arrival:=    1587            0     
                                              
             Setup:-      99                  
       Uncertainty:-       0                  
     Required Time:=    1488                  
      Launch Clock:-       0                  
       Input Delay:-       1                  
         Data Path:-      95                  
             Slack:=    1392                  

Exceptions/Constraints:
  input_delay              1              add_bf16_1C.sdc_line_20_2_1   

#-------------------------------------------------------------------------------------------
#   Timing Point    Flags    Arc   Edge   Cell     Fanout Load Trans Delay Arrival Instance 
#                                                         (fF)  (ps)  (ps)   (ps)  Location 
#-------------------------------------------------------------------------------------------
  stall             -       -      F     (arrival)      1  1.8     0     0       1    (-,-) 
  g21210/ZN         -       A->ZN  R     INV_X1         2  4.5    13    15      16    (-,-) 
  g21161__6260/ZN   -       A1->ZN F     NAND2_X2      32 65.9    63    79      96    (-,-) 
  bf2_in_reg[11]/SE -       -      F     SDFFR_X1      32    -     -     0      96    (-,-) 
#-------------------------------------------------------------------------------------------

Capture clock path:
#------------------------------------------------------------------------------------------
#   Timing Point    Flags   Arc   Edge   Cell     Fanout Load Trans Delay Arrival Instance 
#                                                        (fF)  (ps)  (ps)   (ps)  Location 
#------------------------------------------------------------------------------------------
  clk               (i)     -     R     (arrival)     33  0.0     0     0    1587    (-,-) 
  bf2_in_reg[11]/CK <<<     -     R     SDFFR_X1      33    -     1     0    1587    (-,-) 
#------------------------------------------------------------------------------------------



Path 37: MET (1392 ps) Setup Check with Pin bf1_in_reg[0]/CK->SE
           View: view_1p2_25
          Group: clock1
     Startpoint: (F) stall
          Clock: (R) clock1
       Endpoint: (F) bf1_in_reg[0]/SE
          Clock: (R) clock1

                     Capture       Launch     
        Clock Edge:+    1587            0     
        Drv Adjust:+       0            0     
       Src Latency:+       0            0     
       Net Latency:+       0 (I)        0 (I) 
           Arrival:=    1587            0     
                                              
             Setup:-      99                  
       Uncertainty:-       0                  
     Required Time:=    1488                  
      Launch Clock:-       0                  
       Input Delay:-       1                  
         Data Path:-      95                  
             Slack:=    1392                  

Exceptions/Constraints:
  input_delay              1              add_bf16_1C.sdc_line_20_2_1   

#------------------------------------------------------------------------------------------
#  Timing Point    Flags    Arc   Edge   Cell     Fanout Load Trans Delay Arrival Instance 
#                                                        (fF)  (ps)  (ps)   (ps)  Location 
#------------------------------------------------------------------------------------------
  stall            -       -      F     (arrival)      1  1.8     0     0       1    (-,-) 
  g21210/ZN        -       A->ZN  R     INV_X1         2  4.5    13    15      16    (-,-) 
  g21161__6260/ZN  -       A1->ZN F     NAND2_X2      32 65.9    63    79      96    (-,-) 
  bf1_in_reg[0]/SE -       -      F     SDFFR_X1      32    -     -     0      96    (-,-) 
#------------------------------------------------------------------------------------------

Capture clock path:
#-----------------------------------------------------------------------------------------
#  Timing Point    Flags   Arc   Edge   Cell     Fanout Load Trans Delay Arrival Instance 
#                                                       (fF)  (ps)  (ps)   (ps)  Location 
#-----------------------------------------------------------------------------------------
  clk              (i)     -     R     (arrival)     33  0.0     0     0    1587    (-,-) 
  bf1_in_reg[0]/CK <<<     -     R     SDFFR_X1      33    -     1     0    1587    (-,-) 
#-----------------------------------------------------------------------------------------



Path 38: MET (1392 ps) Setup Check with Pin bf2_in_reg[12]/CK->SE
           View: view_1p2_25
          Group: clock1
     Startpoint: (F) stall
          Clock: (R) clock1
       Endpoint: (F) bf2_in_reg[12]/SE
          Clock: (R) clock1

                     Capture       Launch     
        Clock Edge:+    1587            0     
        Drv Adjust:+       0            0     
       Src Latency:+       0            0     
       Net Latency:+       0 (I)        0 (I) 
           Arrival:=    1587            0     
                                              
             Setup:-      99                  
       Uncertainty:-       0                  
     Required Time:=    1488                  
      Launch Clock:-       0                  
       Input Delay:-       1                  
         Data Path:-      95                  
             Slack:=    1392                  

Exceptions/Constraints:
  input_delay              1              add_bf16_1C.sdc_line_20_2_1   

#-------------------------------------------------------------------------------------------
#   Timing Point    Flags    Arc   Edge   Cell     Fanout Load Trans Delay Arrival Instance 
#                                                         (fF)  (ps)  (ps)   (ps)  Location 
#-------------------------------------------------------------------------------------------
  stall             -       -      F     (arrival)      1  1.8     0     0       1    (-,-) 
  g21210/ZN         -       A->ZN  R     INV_X1         2  4.5    13    15      16    (-,-) 
  g21161__6260/ZN   -       A1->ZN F     NAND2_X2      32 65.9    63    79      96    (-,-) 
  bf2_in_reg[12]/SE -       -      F     SDFFR_X1      32    -     -     0      96    (-,-) 
#-------------------------------------------------------------------------------------------

Capture clock path:
#------------------------------------------------------------------------------------------
#   Timing Point    Flags   Arc   Edge   Cell     Fanout Load Trans Delay Arrival Instance 
#                                                        (fF)  (ps)  (ps)   (ps)  Location 
#------------------------------------------------------------------------------------------
  clk               (i)     -     R     (arrival)     33  0.0     0     0    1587    (-,-) 
  bf2_in_reg[12]/CK <<<     -     R     SDFFR_X1      33    -     1     0    1587    (-,-) 
#------------------------------------------------------------------------------------------



Path 39: MET (1392 ps) Setup Check with Pin bf1_in_reg[13]/CK->SE
           View: view_1p2_25
          Group: clock1
     Startpoint: (F) stall
          Clock: (R) clock1
       Endpoint: (F) bf1_in_reg[13]/SE
          Clock: (R) clock1

                     Capture       Launch     
        Clock Edge:+    1587            0     
        Drv Adjust:+       0            0     
       Src Latency:+       0            0     
       Net Latency:+       0 (I)        0 (I) 
           Arrival:=    1587            0     
                                              
             Setup:-      99                  
       Uncertainty:-       0                  
     Required Time:=    1488                  
      Launch Clock:-       0                  
       Input Delay:-       1                  
         Data Path:-      95                  
             Slack:=    1392                  

Exceptions/Constraints:
  input_delay              1              add_bf16_1C.sdc_line_20_2_1   

#-------------------------------------------------------------------------------------------
#   Timing Point    Flags    Arc   Edge   Cell     Fanout Load Trans Delay Arrival Instance 
#                                                         (fF)  (ps)  (ps)   (ps)  Location 
#-------------------------------------------------------------------------------------------
  stall             -       -      F     (arrival)      1  1.8     0     0       1    (-,-) 
  g21210/ZN         -       A->ZN  R     INV_X1         2  4.5    13    15      16    (-,-) 
  g21161__6260/ZN   -       A1->ZN F     NAND2_X2      32 65.9    63    79      96    (-,-) 
  bf1_in_reg[13]/SE -       -      F     SDFFR_X1      32    -     -     0      96    (-,-) 
#-------------------------------------------------------------------------------------------

Capture clock path:
#------------------------------------------------------------------------------------------
#   Timing Point    Flags   Arc   Edge   Cell     Fanout Load Trans Delay Arrival Instance 
#                                                        (fF)  (ps)  (ps)   (ps)  Location 
#------------------------------------------------------------------------------------------
  clk               (i)     -     R     (arrival)     33  0.0     0     0    1587    (-,-) 
  bf1_in_reg[13]/CK <<<     -     R     SDFFR_X1      33    -     1     0    1587    (-,-) 
#------------------------------------------------------------------------------------------



Path 40: MET (1392 ps) Setup Check with Pin bf1_in_reg[11]/CK->SE
           View: view_1p2_25
          Group: clock1
     Startpoint: (F) stall
          Clock: (R) clock1
       Endpoint: (F) bf1_in_reg[11]/SE
          Clock: (R) clock1

                     Capture       Launch     
        Clock Edge:+    1587            0     
        Drv Adjust:+       0            0     
       Src Latency:+       0            0     
       Net Latency:+       0 (I)        0 (I) 
           Arrival:=    1587            0     
                                              
             Setup:-      99                  
       Uncertainty:-       0                  
     Required Time:=    1488                  
      Launch Clock:-       0                  
       Input Delay:-       1                  
         Data Path:-      95                  
             Slack:=    1392                  

Exceptions/Constraints:
  input_delay              1              add_bf16_1C.sdc_line_20_2_1   

#-------------------------------------------------------------------------------------------
#   Timing Point    Flags    Arc   Edge   Cell     Fanout Load Trans Delay Arrival Instance 
#                                                         (fF)  (ps)  (ps)   (ps)  Location 
#-------------------------------------------------------------------------------------------
  stall             -       -      F     (arrival)      1  1.8     0     0       1    (-,-) 
  g21210/ZN         -       A->ZN  R     INV_X1         2  4.5    13    15      16    (-,-) 
  g21161__6260/ZN   -       A1->ZN F     NAND2_X2      32 65.9    63    79      96    (-,-) 
  bf1_in_reg[11]/SE -       -      F     SDFFR_X1      32    -     -     0      96    (-,-) 
#-------------------------------------------------------------------------------------------

Capture clock path:
#------------------------------------------------------------------------------------------
#   Timing Point    Flags   Arc   Edge   Cell     Fanout Load Trans Delay Arrival Instance 
#                                                        (fF)  (ps)  (ps)   (ps)  Location 
#------------------------------------------------------------------------------------------
  clk               (i)     -     R     (arrival)     33  0.0     0     0    1587    (-,-) 
  bf1_in_reg[11]/CK <<<     -     R     SDFFR_X1      33    -     1     0    1587    (-,-) 
#------------------------------------------------------------------------------------------



Path 41: MET (1392 ps) Setup Check with Pin bf2_in_reg[6]/CK->SE
           View: view_1p2_25
          Group: clock1
     Startpoint: (F) stall
          Clock: (R) clock1
       Endpoint: (F) bf2_in_reg[6]/SE
          Clock: (R) clock1

                     Capture       Launch     
        Clock Edge:+    1587            0     
        Drv Adjust:+       0            0     
       Src Latency:+       0            0     
       Net Latency:+       0 (I)        0 (I) 
           Arrival:=    1587            0     
                                              
             Setup:-      99                  
       Uncertainty:-       0                  
     Required Time:=    1488                  
      Launch Clock:-       0                  
       Input Delay:-       1                  
         Data Path:-      95                  
             Slack:=    1392                  

Exceptions/Constraints:
  input_delay              1              add_bf16_1C.sdc_line_20_2_1   

#------------------------------------------------------------------------------------------
#  Timing Point    Flags    Arc   Edge   Cell     Fanout Load Trans Delay Arrival Instance 
#                                                        (fF)  (ps)  (ps)   (ps)  Location 
#------------------------------------------------------------------------------------------
  stall            -       -      F     (arrival)      1  1.8     0     0       1    (-,-) 
  g21210/ZN        -       A->ZN  R     INV_X1         2  4.5    13    15      16    (-,-) 
  g21161__6260/ZN  -       A1->ZN F     NAND2_X2      32 65.9    63    79      96    (-,-) 
  bf2_in_reg[6]/SE -       -      F     SDFFR_X1      32    -     -     0      96    (-,-) 
#------------------------------------------------------------------------------------------

Capture clock path:
#-----------------------------------------------------------------------------------------
#  Timing Point    Flags   Arc   Edge   Cell     Fanout Load Trans Delay Arrival Instance 
#                                                       (fF)  (ps)  (ps)   (ps)  Location 
#-----------------------------------------------------------------------------------------
  clk              (i)     -     R     (arrival)     33  0.0     0     0    1587    (-,-) 
  bf2_in_reg[6]/CK <<<     -     R     SDFFR_X1      33    -     1     0    1587    (-,-) 
#-----------------------------------------------------------------------------------------



Path 42: MET (1392 ps) Setup Check with Pin bf2_in_reg[14]/CK->SE
           View: view_1p2_25
          Group: clock1
     Startpoint: (F) stall
          Clock: (R) clock1
       Endpoint: (F) bf2_in_reg[14]/SE
          Clock: (R) clock1

                     Capture       Launch     
        Clock Edge:+    1587            0     
        Drv Adjust:+       0            0     
       Src Latency:+       0            0     
       Net Latency:+       0 (I)        0 (I) 
           Arrival:=    1587            0     
                                              
             Setup:-      99                  
       Uncertainty:-       0                  
     Required Time:=    1488                  
      Launch Clock:-       0                  
       Input Delay:-       1                  
         Data Path:-      95                  
             Slack:=    1392                  

Exceptions/Constraints:
  input_delay              1              add_bf16_1C.sdc_line_20_2_1   

#-------------------------------------------------------------------------------------------
#   Timing Point    Flags    Arc   Edge   Cell     Fanout Load Trans Delay Arrival Instance 
#                                                         (fF)  (ps)  (ps)   (ps)  Location 
#-------------------------------------------------------------------------------------------
  stall             -       -      F     (arrival)      1  1.8     0     0       1    (-,-) 
  g21210/ZN         -       A->ZN  R     INV_X1         2  4.5    13    15      16    (-,-) 
  g21161__6260/ZN   -       A1->ZN F     NAND2_X2      32 65.9    63    79      96    (-,-) 
  bf2_in_reg[14]/SE -       -      F     SDFFR_X1      32    -     -     0      96    (-,-) 
#-------------------------------------------------------------------------------------------

Capture clock path:
#------------------------------------------------------------------------------------------
#   Timing Point    Flags   Arc   Edge   Cell     Fanout Load Trans Delay Arrival Instance 
#                                                        (fF)  (ps)  (ps)   (ps)  Location 
#------------------------------------------------------------------------------------------
  clk               (i)     -     R     (arrival)     33  0.0     0     0    1587    (-,-) 
  bf2_in_reg[14]/CK <<<     -     R     SDFFR_X1      33    -     1     0    1587    (-,-) 
#------------------------------------------------------------------------------------------



Path 43: MET (1392 ps) Setup Check with Pin bf2_in_reg[15]/CK->SE
           View: view_1p2_25
          Group: clock1
     Startpoint: (F) stall
          Clock: (R) clock1
       Endpoint: (F) bf2_in_reg[15]/SE
          Clock: (R) clock1

                     Capture       Launch     
        Clock Edge:+    1587            0     
        Drv Adjust:+       0            0     
       Src Latency:+       0            0     
       Net Latency:+       0 (I)        0 (I) 
           Arrival:=    1587            0     
                                              
             Setup:-      99                  
       Uncertainty:-       0                  
     Required Time:=    1488                  
      Launch Clock:-       0                  
       Input Delay:-       1                  
         Data Path:-      95                  
             Slack:=    1392                  

Exceptions/Constraints:
  input_delay              1              add_bf16_1C.sdc_line_20_2_1   

#-------------------------------------------------------------------------------------------
#   Timing Point    Flags    Arc   Edge   Cell     Fanout Load Trans Delay Arrival Instance 
#                                                         (fF)  (ps)  (ps)   (ps)  Location 
#-------------------------------------------------------------------------------------------
  stall             -       -      F     (arrival)      1  1.8     0     0       1    (-,-) 
  g21210/ZN         -       A->ZN  R     INV_X1         2  4.5    13    15      16    (-,-) 
  g21161__6260/ZN   -       A1->ZN F     NAND2_X2      32 65.9    63    79      96    (-,-) 
  bf2_in_reg[15]/SE -       -      F     SDFFR_X1      32    -     -     0      96    (-,-) 
#-------------------------------------------------------------------------------------------

Capture clock path:
#------------------------------------------------------------------------------------------
#   Timing Point    Flags   Arc   Edge   Cell     Fanout Load Trans Delay Arrival Instance 
#                                                        (fF)  (ps)  (ps)   (ps)  Location 
#------------------------------------------------------------------------------------------
  clk               (i)     -     R     (arrival)     33  0.0     0     0    1587    (-,-) 
  bf2_in_reg[15]/CK <<<     -     R     SDFFR_X1      33    -     1     0    1587    (-,-) 
#------------------------------------------------------------------------------------------



Path 44: MET (1392 ps) Setup Check with Pin bf1_in_reg[12]/CK->SE
           View: view_1p2_25
          Group: clock1
     Startpoint: (F) stall
          Clock: (R) clock1
       Endpoint: (F) bf1_in_reg[12]/SE
          Clock: (R) clock1

                     Capture       Launch     
        Clock Edge:+    1587            0     
        Drv Adjust:+       0            0     
       Src Latency:+       0            0     
       Net Latency:+       0 (I)        0 (I) 
           Arrival:=    1587            0     
                                              
             Setup:-      99                  
       Uncertainty:-       0                  
     Required Time:=    1488                  
      Launch Clock:-       0                  
       Input Delay:-       1                  
         Data Path:-      95                  
             Slack:=    1392                  

Exceptions/Constraints:
  input_delay              1              add_bf16_1C.sdc_line_20_2_1   

#-------------------------------------------------------------------------------------------
#   Timing Point    Flags    Arc   Edge   Cell     Fanout Load Trans Delay Arrival Instance 
#                                                         (fF)  (ps)  (ps)   (ps)  Location 
#-------------------------------------------------------------------------------------------
  stall             -       -      F     (arrival)      1  1.8     0     0       1    (-,-) 
  g21210/ZN         -       A->ZN  R     INV_X1         2  4.5    13    15      16    (-,-) 
  g21161__6260/ZN   -       A1->ZN F     NAND2_X2      32 65.9    63    79      96    (-,-) 
  bf1_in_reg[12]/SE -       -      F     SDFFR_X1      32    -     -     0      96    (-,-) 
#-------------------------------------------------------------------------------------------

Capture clock path:
#------------------------------------------------------------------------------------------
#   Timing Point    Flags   Arc   Edge   Cell     Fanout Load Trans Delay Arrival Instance 
#                                                        (fF)  (ps)  (ps)   (ps)  Location 
#------------------------------------------------------------------------------------------
  clk               (i)     -     R     (arrival)     33  0.0     0     0    1587    (-,-) 
  bf1_in_reg[12]/CK <<<     -     R     SDFFR_X1      33    -     1     0    1587    (-,-) 
#------------------------------------------------------------------------------------------



Path 45: MET (1392 ps) Setup Check with Pin bf2_in_reg[2]/CK->SE
           View: view_1p2_25
          Group: clock1
     Startpoint: (F) stall
          Clock: (R) clock1
       Endpoint: (F) bf2_in_reg[2]/SE
          Clock: (R) clock1

                     Capture       Launch     
        Clock Edge:+    1587            0     
        Drv Adjust:+       0            0     
       Src Latency:+       0            0     
       Net Latency:+       0 (I)        0 (I) 
           Arrival:=    1587            0     
                                              
             Setup:-      99                  
       Uncertainty:-       0                  
     Required Time:=    1488                  
      Launch Clock:-       0                  
       Input Delay:-       1                  
         Data Path:-      95                  
             Slack:=    1392                  

Exceptions/Constraints:
  input_delay              1              add_bf16_1C.sdc_line_20_2_1   

#------------------------------------------------------------------------------------------
#  Timing Point    Flags    Arc   Edge   Cell     Fanout Load Trans Delay Arrival Instance 
#                                                        (fF)  (ps)  (ps)   (ps)  Location 
#------------------------------------------------------------------------------------------
  stall            -       -      F     (arrival)      1  1.8     0     0       1    (-,-) 
  g21210/ZN        -       A->ZN  R     INV_X1         2  4.5    13    15      16    (-,-) 
  g21161__6260/ZN  -       A1->ZN F     NAND2_X2      32 65.9    63    79      96    (-,-) 
  bf2_in_reg[2]/SE -       -      F     SDFFR_X1      32    -     -     0      96    (-,-) 
#------------------------------------------------------------------------------------------

Capture clock path:
#-----------------------------------------------------------------------------------------
#  Timing Point    Flags   Arc   Edge   Cell     Fanout Load Trans Delay Arrival Instance 
#                                                       (fF)  (ps)  (ps)   (ps)  Location 
#-----------------------------------------------------------------------------------------
  clk              (i)     -     R     (arrival)     33  0.0     0     0    1587    (-,-) 
  bf2_in_reg[2]/CK <<<     -     R     SDFFR_X1      33    -     1     0    1587    (-,-) 
#-----------------------------------------------------------------------------------------



Path 46: MET (1392 ps) Setup Check with Pin bf1_in_reg[6]/CK->SE
           View: view_1p2_25
          Group: clock1
     Startpoint: (F) stall
          Clock: (R) clock1
       Endpoint: (F) bf1_in_reg[6]/SE
          Clock: (R) clock1

                     Capture       Launch     
        Clock Edge:+    1587            0     
        Drv Adjust:+       0            0     
       Src Latency:+       0            0     
       Net Latency:+       0 (I)        0 (I) 
           Arrival:=    1587            0     
                                              
             Setup:-      99                  
       Uncertainty:-       0                  
     Required Time:=    1488                  
      Launch Clock:-       0                  
       Input Delay:-       1                  
         Data Path:-      95                  
             Slack:=    1392                  

Exceptions/Constraints:
  input_delay              1              add_bf16_1C.sdc_line_20_2_1   

#------------------------------------------------------------------------------------------
#  Timing Point    Flags    Arc   Edge   Cell     Fanout Load Trans Delay Arrival Instance 
#                                                        (fF)  (ps)  (ps)   (ps)  Location 
#------------------------------------------------------------------------------------------
  stall            -       -      F     (arrival)      1  1.8     0     0       1    (-,-) 
  g21210/ZN        -       A->ZN  R     INV_X1         2  4.5    13    15      16    (-,-) 
  g21161__6260/ZN  -       A1->ZN F     NAND2_X2      32 65.9    63    79      96    (-,-) 
  bf1_in_reg[6]/SE -       -      F     SDFFR_X1      32    -     -     0      96    (-,-) 
#------------------------------------------------------------------------------------------

Capture clock path:
#-----------------------------------------------------------------------------------------
#  Timing Point    Flags   Arc   Edge   Cell     Fanout Load Trans Delay Arrival Instance 
#                                                       (fF)  (ps)  (ps)   (ps)  Location 
#-----------------------------------------------------------------------------------------
  clk              (i)     -     R     (arrival)     33  0.0     0     0    1587    (-,-) 
  bf1_in_reg[6]/CK <<<     -     R     SDFFR_X1      33    -     1     0    1587    (-,-) 
#-----------------------------------------------------------------------------------------



Path 47: MET (1392 ps) Setup Check with Pin bf1_in_reg[5]/CK->SE
           View: view_1p2_25
          Group: clock1
     Startpoint: (F) stall
          Clock: (R) clock1
       Endpoint: (F) bf1_in_reg[5]/SE
          Clock: (R) clock1

                     Capture       Launch     
        Clock Edge:+    1587            0     
        Drv Adjust:+       0            0     
       Src Latency:+       0            0     
       Net Latency:+       0 (I)        0 (I) 
           Arrival:=    1587            0     
                                              
             Setup:-      99                  
       Uncertainty:-       0                  
     Required Time:=    1488                  
      Launch Clock:-       0                  
       Input Delay:-       1                  
         Data Path:-      95                  
             Slack:=    1392                  

Exceptions/Constraints:
  input_delay              1              add_bf16_1C.sdc_line_20_2_1   

#------------------------------------------------------------------------------------------
#  Timing Point    Flags    Arc   Edge   Cell     Fanout Load Trans Delay Arrival Instance 
#                                                        (fF)  (ps)  (ps)   (ps)  Location 
#------------------------------------------------------------------------------------------
  stall            -       -      F     (arrival)      1  1.8     0     0       1    (-,-) 
  g21210/ZN        -       A->ZN  R     INV_X1         2  4.5    13    15      16    (-,-) 
  g21161__6260/ZN  -       A1->ZN F     NAND2_X2      32 65.9    63    79      96    (-,-) 
  bf1_in_reg[5]/SE -       -      F     SDFFR_X1      32    -     -     0      96    (-,-) 
#------------------------------------------------------------------------------------------

Capture clock path:
#-----------------------------------------------------------------------------------------
#  Timing Point    Flags   Arc   Edge   Cell     Fanout Load Trans Delay Arrival Instance 
#                                                       (fF)  (ps)  (ps)   (ps)  Location 
#-----------------------------------------------------------------------------------------
  clk              (i)     -     R     (arrival)     33  0.0     0     0    1587    (-,-) 
  bf1_in_reg[5]/CK <<<     -     R     SDFFR_X1      33    -     1     0    1587    (-,-) 
#-----------------------------------------------------------------------------------------



Path 48: MET (1392 ps) Setup Check with Pin bf2_in_reg[0]/CK->SE
           View: view_1p2_25
          Group: clock1
     Startpoint: (F) stall
          Clock: (R) clock1
       Endpoint: (F) bf2_in_reg[0]/SE
          Clock: (R) clock1

                     Capture       Launch     
        Clock Edge:+    1587            0     
        Drv Adjust:+       0            0     
       Src Latency:+       0            0     
       Net Latency:+       0 (I)        0 (I) 
           Arrival:=    1587            0     
                                              
             Setup:-      99                  
       Uncertainty:-       0                  
     Required Time:=    1488                  
      Launch Clock:-       0                  
       Input Delay:-       1                  
         Data Path:-      95                  
             Slack:=    1392                  

Exceptions/Constraints:
  input_delay              1              add_bf16_1C.sdc_line_20_2_1   

#------------------------------------------------------------------------------------------
#  Timing Point    Flags    Arc   Edge   Cell     Fanout Load Trans Delay Arrival Instance 
#                                                        (fF)  (ps)  (ps)   (ps)  Location 
#------------------------------------------------------------------------------------------
  stall            -       -      F     (arrival)      1  1.8     0     0       1    (-,-) 
  g21210/ZN        -       A->ZN  R     INV_X1         2  4.5    13    15      16    (-,-) 
  g21161__6260/ZN  -       A1->ZN F     NAND2_X2      32 65.9    63    79      96    (-,-) 
  bf2_in_reg[0]/SE -       -      F     SDFFR_X1      32    -     -     0      96    (-,-) 
#------------------------------------------------------------------------------------------

Capture clock path:
#-----------------------------------------------------------------------------------------
#  Timing Point    Flags   Arc   Edge   Cell     Fanout Load Trans Delay Arrival Instance 
#                                                       (fF)  (ps)  (ps)   (ps)  Location 
#-----------------------------------------------------------------------------------------
  clk              (i)     -     R     (arrival)     33  0.0     0     0    1587    (-,-) 
  bf2_in_reg[0]/CK <<<     -     R     SDFFR_X1      33    -     1     0    1587    (-,-) 
#-----------------------------------------------------------------------------------------



Path 49: MET (1392 ps) Setup Check with Pin bf1_in_reg[3]/CK->SE
           View: view_1p2_25
          Group: clock1
     Startpoint: (F) stall
          Clock: (R) clock1
       Endpoint: (F) bf1_in_reg[3]/SE
          Clock: (R) clock1

                     Capture       Launch     
        Clock Edge:+    1587            0     
        Drv Adjust:+       0            0     
       Src Latency:+       0            0     
       Net Latency:+       0 (I)        0 (I) 
           Arrival:=    1587            0     
                                              
             Setup:-      99                  
       Uncertainty:-       0                  
     Required Time:=    1488                  
      Launch Clock:-       0                  
       Input Delay:-       1                  
         Data Path:-      95                  
             Slack:=    1392                  

Exceptions/Constraints:
  input_delay              1              add_bf16_1C.sdc_line_20_2_1   

#------------------------------------------------------------------------------------------
#  Timing Point    Flags    Arc   Edge   Cell     Fanout Load Trans Delay Arrival Instance 
#                                                        (fF)  (ps)  (ps)   (ps)  Location 
#------------------------------------------------------------------------------------------
  stall            -       -      F     (arrival)      1  1.8     0     0       1    (-,-) 
  g21210/ZN        -       A->ZN  R     INV_X1         2  4.5    13    15      16    (-,-) 
  g21161__6260/ZN  -       A1->ZN F     NAND2_X2      32 65.9    63    79      96    (-,-) 
  bf1_in_reg[3]/SE -       -      F     SDFFR_X1      32    -     -     0      96    (-,-) 
#------------------------------------------------------------------------------------------

Capture clock path:
#-----------------------------------------------------------------------------------------
#  Timing Point    Flags   Arc   Edge   Cell     Fanout Load Trans Delay Arrival Instance 
#                                                       (fF)  (ps)  (ps)   (ps)  Location 
#-----------------------------------------------------------------------------------------
  clk              (i)     -     R     (arrival)     33  0.0     0     0    1587    (-,-) 
  bf1_in_reg[3]/CK <<<     -     R     SDFFR_X1      33    -     1     0    1587    (-,-) 
#-----------------------------------------------------------------------------------------



Path 50: MET (1392 ps) Setup Check with Pin bf1_in_reg[9]/CK->SE
           View: view_1p2_25
          Group: clock1
     Startpoint: (F) stall
          Clock: (R) clock1
       Endpoint: (F) bf1_in_reg[9]/SE
          Clock: (R) clock1

                     Capture       Launch     
        Clock Edge:+    1587            0     
        Drv Adjust:+       0            0     
       Src Latency:+       0            0     
       Net Latency:+       0 (I)        0 (I) 
           Arrival:=    1587            0     
                                              
             Setup:-      99                  
       Uncertainty:-       0                  
     Required Time:=    1488                  
      Launch Clock:-       0                  
       Input Delay:-       1                  
         Data Path:-      95                  
             Slack:=    1392                  

Exceptions/Constraints:
  input_delay              1              add_bf16_1C.sdc_line_20_2_1   

#------------------------------------------------------------------------------------------
#  Timing Point    Flags    Arc   Edge   Cell     Fanout Load Trans Delay Arrival Instance 
#                                                        (fF)  (ps)  (ps)   (ps)  Location 
#------------------------------------------------------------------------------------------
  stall            -       -      F     (arrival)      1  1.8     0     0       1    (-,-) 
  g21210/ZN        -       A->ZN  R     INV_X1         2  4.5    13    15      16    (-,-) 
  g21161__6260/ZN  -       A1->ZN F     NAND2_X2      32 65.9    63    79      96    (-,-) 
  bf1_in_reg[9]/SE -       -      F     SDFFR_X1      32    -     -     0      96    (-,-) 
#------------------------------------------------------------------------------------------

Capture clock path:
#-----------------------------------------------------------------------------------------
#  Timing Point    Flags   Arc   Edge   Cell     Fanout Load Trans Delay Arrival Instance 
#                                                       (fF)  (ps)  (ps)   (ps)  Location 
#-----------------------------------------------------------------------------------------
  clk              (i)     -     R     (arrival)     33  0.0     0     0    1587    (-,-) 
  bf1_in_reg[9]/CK <<<     -     R     SDFFR_X1      33    -     1     0    1587    (-,-) 
#-----------------------------------------------------------------------------------------



Path 51: MET (1392 ps) Setup Check with Pin bf2_in_reg[8]/CK->SE
           View: view_1p2_25
          Group: clock1
     Startpoint: (F) stall
          Clock: (R) clock1
       Endpoint: (F) bf2_in_reg[8]/SE
          Clock: (R) clock1

                     Capture       Launch     
        Clock Edge:+    1587            0     
        Drv Adjust:+       0            0     
       Src Latency:+       0            0     
       Net Latency:+       0 (I)        0 (I) 
           Arrival:=    1587            0     
                                              
             Setup:-      99                  
       Uncertainty:-       0                  
     Required Time:=    1488                  
      Launch Clock:-       0                  
       Input Delay:-       1                  
         Data Path:-      95                  
             Slack:=    1392                  

Exceptions/Constraints:
  input_delay              1              add_bf16_1C.sdc_line_20_2_1   

#------------------------------------------------------------------------------------------
#  Timing Point    Flags    Arc   Edge   Cell     Fanout Load Trans Delay Arrival Instance 
#                                                        (fF)  (ps)  (ps)   (ps)  Location 
#------------------------------------------------------------------------------------------
  stall            -       -      F     (arrival)      1  1.8     0     0       1    (-,-) 
  g21210/ZN        -       A->ZN  R     INV_X1         2  4.5    13    15      16    (-,-) 
  g21161__6260/ZN  -       A1->ZN F     NAND2_X2      32 65.9    63    79      96    (-,-) 
  bf2_in_reg[8]/SE -       -      F     SDFFR_X1      32    -     -     0      96    (-,-) 
#------------------------------------------------------------------------------------------

Capture clock path:
#-----------------------------------------------------------------------------------------
#  Timing Point    Flags   Arc   Edge   Cell     Fanout Load Trans Delay Arrival Instance 
#                                                       (fF)  (ps)  (ps)   (ps)  Location 
#-----------------------------------------------------------------------------------------
  clk              (i)     -     R     (arrival)     33  0.0     0     0    1587    (-,-) 
  bf2_in_reg[8]/CK <<<     -     R     SDFFR_X1      33    -     1     0    1587    (-,-) 
#-----------------------------------------------------------------------------------------



Path 52: MET (1392 ps) Setup Check with Pin bf1_in_reg[8]/CK->SE
           View: view_1p2_25
          Group: clock1
     Startpoint: (F) stall
          Clock: (R) clock1
       Endpoint: (F) bf1_in_reg[8]/SE
          Clock: (R) clock1

                     Capture       Launch     
        Clock Edge:+    1587            0     
        Drv Adjust:+       0            0     
       Src Latency:+       0            0     
       Net Latency:+       0 (I)        0 (I) 
           Arrival:=    1587            0     
                                              
             Setup:-      99                  
       Uncertainty:-       0                  
     Required Time:=    1488                  
      Launch Clock:-       0                  
       Input Delay:-       1                  
         Data Path:-      95                  
             Slack:=    1392                  

Exceptions/Constraints:
  input_delay              1              add_bf16_1C.sdc_line_20_2_1   

#------------------------------------------------------------------------------------------
#  Timing Point    Flags    Arc   Edge   Cell     Fanout Load Trans Delay Arrival Instance 
#                                                        (fF)  (ps)  (ps)   (ps)  Location 
#------------------------------------------------------------------------------------------
  stall            -       -      F     (arrival)      1  1.8     0     0       1    (-,-) 
  g21210/ZN        -       A->ZN  R     INV_X1         2  4.5    13    15      16    (-,-) 
  g21161__6260/ZN  -       A1->ZN F     NAND2_X2      32 65.9    63    79      96    (-,-) 
  bf1_in_reg[8]/SE -       -      F     SDFFR_X1      32    -     -     0      96    (-,-) 
#------------------------------------------------------------------------------------------

Capture clock path:
#-----------------------------------------------------------------------------------------
#  Timing Point    Flags   Arc   Edge   Cell     Fanout Load Trans Delay Arrival Instance 
#                                                       (fF)  (ps)  (ps)   (ps)  Location 
#-----------------------------------------------------------------------------------------
  clk              (i)     -     R     (arrival)     33  0.0     0     0    1587    (-,-) 
  bf1_in_reg[8]/CK <<<     -     R     SDFFR_X1      33    -     1     0    1587    (-,-) 
#-----------------------------------------------------------------------------------------



Path 53: MET (1392 ps) Setup Check with Pin bf2_in_reg[9]/CK->SE
           View: view_1p2_25
          Group: clock1
     Startpoint: (F) stall
          Clock: (R) clock1
       Endpoint: (F) bf2_in_reg[9]/SE
          Clock: (R) clock1

                     Capture       Launch     
        Clock Edge:+    1587            0     
        Drv Adjust:+       0            0     
       Src Latency:+       0            0     
       Net Latency:+       0 (I)        0 (I) 
           Arrival:=    1587            0     
                                              
             Setup:-      99                  
       Uncertainty:-       0                  
     Required Time:=    1488                  
      Launch Clock:-       0                  
       Input Delay:-       1                  
         Data Path:-      95                  
             Slack:=    1392                  

Exceptions/Constraints:
  input_delay              1              add_bf16_1C.sdc_line_20_2_1   

#------------------------------------------------------------------------------------------
#  Timing Point    Flags    Arc   Edge   Cell     Fanout Load Trans Delay Arrival Instance 
#                                                        (fF)  (ps)  (ps)   (ps)  Location 
#------------------------------------------------------------------------------------------
  stall            -       -      F     (arrival)      1  1.8     0     0       1    (-,-) 
  g21210/ZN        -       A->ZN  R     INV_X1         2  4.5    13    15      16    (-,-) 
  g21161__6260/ZN  -       A1->ZN F     NAND2_X2      32 65.9    63    79      96    (-,-) 
  bf2_in_reg[9]/SE -       -      F     SDFFR_X1      32    -     -     0      96    (-,-) 
#------------------------------------------------------------------------------------------

Capture clock path:
#-----------------------------------------------------------------------------------------
#  Timing Point    Flags   Arc   Edge   Cell     Fanout Load Trans Delay Arrival Instance 
#                                                       (fF)  (ps)  (ps)   (ps)  Location 
#-----------------------------------------------------------------------------------------
  clk              (i)     -     R     (arrival)     33  0.0     0     0    1587    (-,-) 
  bf2_in_reg[9]/CK <<<     -     R     SDFFR_X1      33    -     1     0    1587    (-,-) 
#-----------------------------------------------------------------------------------------



Path 54: MET (1398 ps) Setup Check with Pin bf2_in_reg[8]/CK->SI
           View: view_1p2_25
          Group: clock1
     Startpoint: (R) bf2_in_reg[8]/CK
          Clock: (R) clock1
       Endpoint: (F) bf2_in_reg[8]/SI
          Clock: (R) clock1

                     Capture       Launch     
        Clock Edge:+    1587            0     
       Src Latency:+       0            0     
       Net Latency:+       0 (I)        0 (I) 
           Arrival:=    1587            0     
                                              
             Setup:-      85                  
       Uncertainty:-       0                  
     Required Time:=    1502                  
      Launch Clock:-       0                  
         Data Path:-     104                  
             Slack:=    1398                  

Launch clock path:
#-----------------------------------------------------------------------------------------
#  Timing Point    Flags   Arc   Edge   Cell     Fanout Load Trans Delay Arrival Instance 
#                                                       (fF)  (ps)  (ps)   (ps)  Location 
#-----------------------------------------------------------------------------------------
  clk              (i)     -     R     (arrival)     33  0.0     0     0       0    (-,-) 
  bf2_in_reg[8]/CK <<<     -     R     SDFFR_X1      33    -     1     0       0    (-,-) 
#-----------------------------------------------------------------------------------------

#-----------------------------------------------------------------------------------------
#  Timing Point    Flags   Arc   Edge   Cell     Fanout Load Trans Delay Arrival Instance 
#                                                       (fF)  (ps)  (ps)   (ps)  Location 
#-----------------------------------------------------------------------------------------
  bf2_in_reg[8]/CK -       -     R     (arrival)     33    -     1     0       0    (-,-) 
  bf2_in_reg[8]/Q  -       CK->Q F     SDFFR_X1       1  1.8    12    68      68    (-,-) 
  g21180/ZN        -       A->ZN R     INV_X1         2  3.9    12    20      88    (-,-) 
  g21178/ZN        -       A->ZN F     INV_X1         5  6.7     9    16     104    (-,-) 
  bf2_in_reg[8]/SI -       -     F     SDFFR_X1       5    -     -     0     104    (-,-) 
#-----------------------------------------------------------------------------------------

Capture clock path:
#-----------------------------------------------------------------------------------------
#  Timing Point    Flags   Arc   Edge   Cell     Fanout Load Trans Delay Arrival Instance 
#                                                       (fF)  (ps)  (ps)   (ps)  Location 
#-----------------------------------------------------------------------------------------
  clk              (i)     -     R     (arrival)     33  0.0     0     0    1587    (-,-) 
  bf2_in_reg[8]/CK <<<     -     R     SDFFR_X1      33    -     1     0    1587    (-,-) 
#-----------------------------------------------------------------------------------------



Path 55: MET (1409 ps) Setup Check with Pin bf2_in_reg[4]/CK->SI
           View: view_1p2_25
          Group: clock1
     Startpoint: (R) bf2_in_reg[4]/CK
          Clock: (R) clock1
       Endpoint: (F) bf2_in_reg[4]/SI
          Clock: (R) clock1

                     Capture       Launch     
        Clock Edge:+    1587            0     
       Src Latency:+       0            0     
       Net Latency:+       0 (I)        0 (I) 
           Arrival:=    1587            0     
                                              
             Setup:-      90                  
       Uncertainty:-       0                  
     Required Time:=    1497                  
      Launch Clock:-       0                  
         Data Path:-      89                  
             Slack:=    1409                  

Launch clock path:
#-----------------------------------------------------------------------------------------
#  Timing Point    Flags   Arc   Edge   Cell     Fanout Load Trans Delay Arrival Instance 
#                                                       (fF)  (ps)  (ps)   (ps)  Location 
#-----------------------------------------------------------------------------------------
  clk              (i)     -     R     (arrival)     33  0.0     0     0       0    (-,-) 
  bf2_in_reg[4]/CK <<<     -     R     SDFFR_X1      33    -     1     0       0    (-,-) 
#-----------------------------------------------------------------------------------------

#-----------------------------------------------------------------------------------------
#  Timing Point    Flags   Arc   Edge   Cell     Fanout Load Trans Delay Arrival Instance 
#                                                       (fF)  (ps)  (ps)   (ps)  Location 
#-----------------------------------------------------------------------------------------
  bf2_in_reg[4]/CK -       -     R     (arrival)     33    -     1     0       0    (-,-) 
  bf2_in_reg[4]/Q  -       CK->Q F     SDFFR_X1       7 10.5    22    89      89    (-,-) 
  bf2_in_reg[4]/SI -       -     F     SDFFR_X1       7    -     -     0      89    (-,-) 
#-----------------------------------------------------------------------------------------

Capture clock path:
#-----------------------------------------------------------------------------------------
#  Timing Point    Flags   Arc   Edge   Cell     Fanout Load Trans Delay Arrival Instance 
#                                                       (fF)  (ps)  (ps)   (ps)  Location 
#-----------------------------------------------------------------------------------------
  clk              (i)     -     R     (arrival)     33  0.0     0     0    1587    (-,-) 
  bf2_in_reg[4]/CK <<<     -     R     SDFFR_X1      33    -     1     0    1587    (-,-) 
#-----------------------------------------------------------------------------------------



Path 56: MET (1410 ps) Setup Check with Pin bf1_in_reg[4]/CK->SI
           View: view_1p2_25
          Group: clock1
     Startpoint: (R) bf1_in_reg[4]/CK
          Clock: (R) clock1
       Endpoint: (F) bf1_in_reg[4]/SI
          Clock: (R) clock1

                     Capture       Launch     
        Clock Edge:+    1587            0     
       Src Latency:+       0            0     
       Net Latency:+       0 (I)        0 (I) 
           Arrival:=    1587            0     
                                              
             Setup:-      90                  
       Uncertainty:-       0                  
     Required Time:=    1497                  
      Launch Clock:-       0                  
         Data Path:-      87                  
             Slack:=    1410                  

Launch clock path:
#-----------------------------------------------------------------------------------------
#  Timing Point    Flags   Arc   Edge   Cell     Fanout Load Trans Delay Arrival Instance 
#                                                       (fF)  (ps)  (ps)   (ps)  Location 
#-----------------------------------------------------------------------------------------
  clk              (i)     -     R     (arrival)     33  0.0     0     0       0    (-,-) 
  bf1_in_reg[4]/CK <<<     -     R     SDFFR_X1      33    -     1     0       0    (-,-) 
#-----------------------------------------------------------------------------------------

#-----------------------------------------------------------------------------------------
#  Timing Point    Flags   Arc   Edge   Cell     Fanout Load Trans Delay Arrival Instance 
#                                                       (fF)  (ps)  (ps)   (ps)  Location 
#-----------------------------------------------------------------------------------------
  bf1_in_reg[4]/CK -       -     R     (arrival)     33    -     1     0       0    (-,-) 
  bf1_in_reg[4]/Q  -       CK->Q F     SDFFR_X1       7  9.8    21    87      87    (-,-) 
  bf1_in_reg[4]/SI -       -     F     SDFFR_X1       7    -     -     0      87    (-,-) 
#-----------------------------------------------------------------------------------------

Capture clock path:
#-----------------------------------------------------------------------------------------
#  Timing Point    Flags   Arc   Edge   Cell     Fanout Load Trans Delay Arrival Instance 
#                                                       (fF)  (ps)  (ps)   (ps)  Location 
#-----------------------------------------------------------------------------------------
  clk              (i)     -     R     (arrival)     33  0.0     0     0    1587    (-,-) 
  bf1_in_reg[4]/CK <<<     -     R     SDFFR_X1      33    -     1     0    1587    (-,-) 
#-----------------------------------------------------------------------------------------



Path 57: MET (1411 ps) Setup Check with Pin bf2_in_reg[5]/CK->SI
           View: view_1p2_25
          Group: clock1
     Startpoint: (R) bf2_in_reg[5]/CK
          Clock: (R) clock1
       Endpoint: (F) bf2_in_reg[5]/SI
          Clock: (R) clock1

                     Capture       Launch     
        Clock Edge:+    1587            0     
       Src Latency:+       0            0     
       Net Latency:+       0 (I)        0 (I) 
           Arrival:=    1587            0     
                                              
             Setup:-      90                  
       Uncertainty:-       0                  
     Required Time:=    1498                  
      Launch Clock:-       0                  
         Data Path:-      87                  
             Slack:=    1411                  

Launch clock path:
#-----------------------------------------------------------------------------------------
#  Timing Point    Flags   Arc   Edge   Cell     Fanout Load Trans Delay Arrival Instance 
#                                                       (fF)  (ps)  (ps)   (ps)  Location 
#-----------------------------------------------------------------------------------------
  clk              (i)     -     R     (arrival)     33  0.0     0     0       0    (-,-) 
  bf2_in_reg[5]/CK <<<     -     R     SDFFR_X1      33    -     1     0       0    (-,-) 
#-----------------------------------------------------------------------------------------

#-----------------------------------------------------------------------------------------
#  Timing Point    Flags   Arc   Edge   Cell     Fanout Load Trans Delay Arrival Instance 
#                                                       (fF)  (ps)  (ps)   (ps)  Location 
#-----------------------------------------------------------------------------------------
  bf2_in_reg[5]/CK -       -     R     (arrival)     33    -     1     0       0    (-,-) 
  bf2_in_reg[5]/Q  -       CK->Q F     SDFFR_X1       6  9.5    21    87      87    (-,-) 
  bf2_in_reg[5]/SI -       -     F     SDFFR_X1       6    -     -     0      87    (-,-) 
#-----------------------------------------------------------------------------------------

Capture clock path:
#-----------------------------------------------------------------------------------------
#  Timing Point    Flags   Arc   Edge   Cell     Fanout Load Trans Delay Arrival Instance 
#                                                       (fF)  (ps)  (ps)   (ps)  Location 
#-----------------------------------------------------------------------------------------
  clk              (i)     -     R     (arrival)     33  0.0     0     0    1587    (-,-) 
  bf2_in_reg[5]/CK <<<     -     R     SDFFR_X1      33    -     1     0    1587    (-,-) 
#-----------------------------------------------------------------------------------------



Path 58: MET (1411 ps) Setup Check with Pin bf2_in_reg[0]/CK->SI
           View: view_1p2_25
          Group: clock1
     Startpoint: (R) bf2_in_reg[0]/CK
          Clock: (R) clock1
       Endpoint: (F) bf2_in_reg[0]/SI
          Clock: (R) clock1

                     Capture       Launch     
        Clock Edge:+    1587            0     
       Src Latency:+       0            0     
       Net Latency:+       0 (I)        0 (I) 
           Arrival:=    1587            0     
                                              
             Setup:-      90                  
       Uncertainty:-       0                  
     Required Time:=    1498                  
      Launch Clock:-       0                  
         Data Path:-      86                  
             Slack:=    1411                  

Launch clock path:
#-----------------------------------------------------------------------------------------
#  Timing Point    Flags   Arc   Edge   Cell     Fanout Load Trans Delay Arrival Instance 
#                                                       (fF)  (ps)  (ps)   (ps)  Location 
#-----------------------------------------------------------------------------------------
  clk              (i)     -     R     (arrival)     33  0.0     0     0       0    (-,-) 
  bf2_in_reg[0]/CK <<<     -     R     SDFFR_X1      33    -     1     0       0    (-,-) 
#-----------------------------------------------------------------------------------------

#-----------------------------------------------------------------------------------------
#  Timing Point    Flags   Arc   Edge   Cell     Fanout Load Trans Delay Arrival Instance 
#                                                       (fF)  (ps)  (ps)   (ps)  Location 
#-----------------------------------------------------------------------------------------
  bf2_in_reg[0]/CK -       -     R     (arrival)     33    -     1     0       0    (-,-) 
  bf2_in_reg[0]/Q  -       CK->Q F     SDFFR_X1       6  9.4    21    86      86    (-,-) 
  bf2_in_reg[0]/SI -       -     F     SDFFR_X1       6    -     -     0      86    (-,-) 
#-----------------------------------------------------------------------------------------

Capture clock path:
#-----------------------------------------------------------------------------------------
#  Timing Point    Flags   Arc   Edge   Cell     Fanout Load Trans Delay Arrival Instance 
#                                                       (fF)  (ps)  (ps)   (ps)  Location 
#-----------------------------------------------------------------------------------------
  clk              (i)     -     R     (arrival)     33  0.0     0     0    1587    (-,-) 
  bf2_in_reg[0]/CK <<<     -     R     SDFFR_X1      33    -     1     0    1587    (-,-) 
#-----------------------------------------------------------------------------------------



Path 59: MET (1412 ps) Setup Check with Pin bf2_in_reg[1]/CK->SI
           View: view_1p2_25
          Group: clock1
     Startpoint: (R) bf2_in_reg[1]/CK
          Clock: (R) clock1
       Endpoint: (F) bf2_in_reg[1]/SI
          Clock: (R) clock1

                     Capture       Launch     
        Clock Edge:+    1587            0     
       Src Latency:+       0            0     
       Net Latency:+       0 (I)        0 (I) 
           Arrival:=    1587            0     
                                              
             Setup:-      90                  
       Uncertainty:-       0                  
     Required Time:=    1498                  
      Launch Clock:-       0                  
         Data Path:-      86                  
             Slack:=    1412                  

Launch clock path:
#-----------------------------------------------------------------------------------------
#  Timing Point    Flags   Arc   Edge   Cell     Fanout Load Trans Delay Arrival Instance 
#                                                       (fF)  (ps)  (ps)   (ps)  Location 
#-----------------------------------------------------------------------------------------
  clk              (i)     -     R     (arrival)     33  0.0     0     0       0    (-,-) 
  bf2_in_reg[1]/CK <<<     -     R     SDFFR_X1      33    -     1     0       0    (-,-) 
#-----------------------------------------------------------------------------------------

#-----------------------------------------------------------------------------------------
#  Timing Point    Flags   Arc   Edge   Cell     Fanout Load Trans Delay Arrival Instance 
#                                                       (fF)  (ps)  (ps)   (ps)  Location 
#-----------------------------------------------------------------------------------------
  bf2_in_reg[1]/CK -       -     R     (arrival)     33    -     1     0       0    (-,-) 
  bf2_in_reg[1]/Q  -       CK->Q F     SDFFR_X1       6  9.1    21    86      86    (-,-) 
  bf2_in_reg[1]/SI -       -     F     SDFFR_X1       6    -     -     0      86    (-,-) 
#-----------------------------------------------------------------------------------------

Capture clock path:
#-----------------------------------------------------------------------------------------
#  Timing Point    Flags   Arc   Edge   Cell     Fanout Load Trans Delay Arrival Instance 
#                                                       (fF)  (ps)  (ps)   (ps)  Location 
#-----------------------------------------------------------------------------------------
  clk              (i)     -     R     (arrival)     33  0.0     0     0    1587    (-,-) 
  bf2_in_reg[1]/CK <<<     -     R     SDFFR_X1      33    -     1     0    1587    (-,-) 
#-----------------------------------------------------------------------------------------



Path 60: MET (1412 ps) Setup Check with Pin bf2_in_reg[3]/CK->SI
           View: view_1p2_25
          Group: clock1
     Startpoint: (R) bf2_in_reg[3]/CK
          Clock: (R) clock1
       Endpoint: (F) bf2_in_reg[3]/SI
          Clock: (R) clock1

                     Capture       Launch     
        Clock Edge:+    1587            0     
       Src Latency:+       0            0     
       Net Latency:+       0 (I)        0 (I) 
           Arrival:=    1587            0     
                                              
             Setup:-      89                  
       Uncertainty:-       0                  
     Required Time:=    1498                  
      Launch Clock:-       0                  
         Data Path:-      86                  
             Slack:=    1412                  

Launch clock path:
#-----------------------------------------------------------------------------------------
#  Timing Point    Flags   Arc   Edge   Cell     Fanout Load Trans Delay Arrival Instance 
#                                                       (fF)  (ps)  (ps)   (ps)  Location 
#-----------------------------------------------------------------------------------------
  clk              (i)     -     R     (arrival)     33  0.0     0     0       0    (-,-) 
  bf2_in_reg[3]/CK <<<     -     R     SDFFR_X1      33    -     1     0       0    (-,-) 
#-----------------------------------------------------------------------------------------

#-----------------------------------------------------------------------------------------
#  Timing Point    Flags   Arc   Edge   Cell     Fanout Load Trans Delay Arrival Instance 
#                                                       (fF)  (ps)  (ps)   (ps)  Location 
#-----------------------------------------------------------------------------------------
  bf2_in_reg[3]/CK -       -     R     (arrival)     33    -     1     0       0    (-,-) 
  bf2_in_reg[3]/Q  -       CK->Q F     SDFFR_X1       6  9.0    21    86      86    (-,-) 
  bf2_in_reg[3]/SI -       -     F     SDFFR_X1       6    -     -     0      86    (-,-) 
#-----------------------------------------------------------------------------------------

Capture clock path:
#-----------------------------------------------------------------------------------------
#  Timing Point    Flags   Arc   Edge   Cell     Fanout Load Trans Delay Arrival Instance 
#                                                       (fF)  (ps)  (ps)   (ps)  Location 
#-----------------------------------------------------------------------------------------
  clk              (i)     -     R     (arrival)     33  0.0     0     0    1587    (-,-) 
  bf2_in_reg[3]/CK <<<     -     R     SDFFR_X1      33    -     1     0    1587    (-,-) 
#-----------------------------------------------------------------------------------------



Path 61: MET (1412 ps) Setup Check with Pin bf1_in_reg[10]/CK->SI
           View: view_1p2_25
          Group: clock1
     Startpoint: (R) bf1_in_reg[10]/CK
          Clock: (R) clock1
       Endpoint: (F) bf1_in_reg[10]/SI
          Clock: (R) clock1

                     Capture       Launch     
        Clock Edge:+    1587            0     
       Src Latency:+       0            0     
       Net Latency:+       0 (I)        0 (I) 
           Arrival:=    1587            0     
                                              
             Setup:-      89                  
       Uncertainty:-       0                  
     Required Time:=    1498                  
      Launch Clock:-       0                  
         Data Path:-      86                  
             Slack:=    1412                  

Launch clock path:
#------------------------------------------------------------------------------------------
#   Timing Point    Flags   Arc   Edge   Cell     Fanout Load Trans Delay Arrival Instance 
#                                                        (fF)  (ps)  (ps)   (ps)  Location 
#------------------------------------------------------------------------------------------
  clk               (i)     -     R     (arrival)     33  0.0     0     0       0    (-,-) 
  bf1_in_reg[10]/CK <<<     -     R     SDFFR_X1      33    -     1     0       0    (-,-) 
#------------------------------------------------------------------------------------------

#------------------------------------------------------------------------------------------
#   Timing Point    Flags   Arc   Edge   Cell     Fanout Load Trans Delay Arrival Instance 
#                                                        (fF)  (ps)  (ps)   (ps)  Location 
#------------------------------------------------------------------------------------------
  bf1_in_reg[10]/CK -       -     R     (arrival)     33    -     1     0       0    (-,-) 
  bf1_in_reg[10]/Q  -       CK->Q F     SDFFR_X1       6  8.9    20    86      86    (-,-) 
  bf1_in_reg[10]/SI -       -     F     SDFFR_X1       6    -     -     0      86    (-,-) 
#------------------------------------------------------------------------------------------

Capture clock path:
#------------------------------------------------------------------------------------------
#   Timing Point    Flags   Arc   Edge   Cell     Fanout Load Trans Delay Arrival Instance 
#                                                        (fF)  (ps)  (ps)   (ps)  Location 
#------------------------------------------------------------------------------------------
  clk               (i)     -     R     (arrival)     33  0.0     0     0    1587    (-,-) 
  bf1_in_reg[10]/CK <<<     -     R     SDFFR_X1      33    -     1     0    1587    (-,-) 
#------------------------------------------------------------------------------------------



Path 62: MET (1412 ps) Setup Check with Pin bf2_in_reg[15]/CK->SI
           View: view_1p2_25
          Group: clock1
     Startpoint: (R) bf2_in_reg[15]/CK
          Clock: (R) clock1
       Endpoint: (F) bf2_in_reg[15]/SI
          Clock: (R) clock1

                     Capture       Launch     
        Clock Edge:+    1587            0     
       Src Latency:+       0            0     
       Net Latency:+       0 (I)        0 (I) 
           Arrival:=    1587            0     
                                              
             Setup:-      89                  
       Uncertainty:-       0                  
     Required Time:=    1498                  
      Launch Clock:-       0                  
         Data Path:-      85                  
             Slack:=    1412                  

Launch clock path:
#------------------------------------------------------------------------------------------
#   Timing Point    Flags   Arc   Edge   Cell     Fanout Load Trans Delay Arrival Instance 
#                                                        (fF)  (ps)  (ps)   (ps)  Location 
#------------------------------------------------------------------------------------------
  clk               (i)     -     R     (arrival)     33  0.0     0     0       0    (-,-) 
  bf2_in_reg[15]/CK <<<     -     R     SDFFR_X1      33    -     1     0       0    (-,-) 
#------------------------------------------------------------------------------------------

#------------------------------------------------------------------------------------------
#   Timing Point    Flags   Arc   Edge   Cell     Fanout Load Trans Delay Arrival Instance 
#                                                        (fF)  (ps)  (ps)   (ps)  Location 
#------------------------------------------------------------------------------------------
  bf2_in_reg[15]/CK -       -     R     (arrival)     33    -     1     0       0    (-,-) 
  bf2_in_reg[15]/Q  -       CK->Q F     SDFFR_X1       4  8.8    20    85      85    (-,-) 
  bf2_in_reg[15]/SI -       -     F     SDFFR_X1       4    -     -     0      85    (-,-) 
#------------------------------------------------------------------------------------------

Capture clock path:
#------------------------------------------------------------------------------------------
#   Timing Point    Flags   Arc   Edge   Cell     Fanout Load Trans Delay Arrival Instance 
#                                                        (fF)  (ps)  (ps)   (ps)  Location 
#------------------------------------------------------------------------------------------
  clk               (i)     -     R     (arrival)     33  0.0     0     0    1587    (-,-) 
  bf2_in_reg[15]/CK <<<     -     R     SDFFR_X1      33    -     1     0    1587    (-,-) 
#------------------------------------------------------------------------------------------



Path 63: MET (1412 ps) Setup Check with Pin bf2_in_reg[2]/CK->SI
           View: view_1p2_25
          Group: clock1
     Startpoint: (R) bf2_in_reg[2]/CK
          Clock: (R) clock1
       Endpoint: (F) bf2_in_reg[2]/SI
          Clock: (R) clock1

                     Capture       Launch     
        Clock Edge:+    1587            0     
       Src Latency:+       0            0     
       Net Latency:+       0 (I)        0 (I) 
           Arrival:=    1587            0     
                                              
             Setup:-      89                  
       Uncertainty:-       0                  
     Required Time:=    1498                  
      Launch Clock:-       0                  
         Data Path:-      85                  
             Slack:=    1412                  

Launch clock path:
#-----------------------------------------------------------------------------------------
#  Timing Point    Flags   Arc   Edge   Cell     Fanout Load Trans Delay Arrival Instance 
#                                                       (fF)  (ps)  (ps)   (ps)  Location 
#-----------------------------------------------------------------------------------------
  clk              (i)     -     R     (arrival)     33  0.0     0     0       0    (-,-) 
  bf2_in_reg[2]/CK <<<     -     R     SDFFR_X1      33    -     1     0       0    (-,-) 
#-----------------------------------------------------------------------------------------

#-----------------------------------------------------------------------------------------
#  Timing Point    Flags   Arc   Edge   Cell     Fanout Load Trans Delay Arrival Instance 
#                                                       (fF)  (ps)  (ps)   (ps)  Location 
#-----------------------------------------------------------------------------------------
  bf2_in_reg[2]/CK -       -     R     (arrival)     33    -     1     0       0    (-,-) 
  bf2_in_reg[2]/Q  -       CK->Q F     SDFFR_X1       6  8.8    20    85      85    (-,-) 
  bf2_in_reg[2]/SI -       -     F     SDFFR_X1       6    -     -     0      85    (-,-) 
#-----------------------------------------------------------------------------------------

Capture clock path:
#-----------------------------------------------------------------------------------------
#  Timing Point    Flags   Arc   Edge   Cell     Fanout Load Trans Delay Arrival Instance 
#                                                       (fF)  (ps)  (ps)   (ps)  Location 
#-----------------------------------------------------------------------------------------
  clk              (i)     -     R     (arrival)     33  0.0     0     0    1587    (-,-) 
  bf2_in_reg[2]/CK <<<     -     R     SDFFR_X1      33    -     1     0    1587    (-,-) 
#-----------------------------------------------------------------------------------------



Path 64: MET (1414 ps) Setup Check with Pin bf1_in_reg[3]/CK->SI
           View: view_1p2_25
          Group: clock1
     Startpoint: (R) bf1_in_reg[3]/CK
          Clock: (R) clock1
       Endpoint: (F) bf1_in_reg[3]/SI
          Clock: (R) clock1

                     Capture       Launch     
        Clock Edge:+    1587            0     
       Src Latency:+       0            0     
       Net Latency:+       0 (I)        0 (I) 
           Arrival:=    1587            0     
                                              
             Setup:-      89                  
       Uncertainty:-       0                  
     Required Time:=    1498                  
      Launch Clock:-       0                  
         Data Path:-      84                  
             Slack:=    1414                  

Launch clock path:
#-----------------------------------------------------------------------------------------
#  Timing Point    Flags   Arc   Edge   Cell     Fanout Load Trans Delay Arrival Instance 
#                                                       (fF)  (ps)  (ps)   (ps)  Location 
#-----------------------------------------------------------------------------------------
  clk              (i)     -     R     (arrival)     33  0.0     0     0       0    (-,-) 
  bf1_in_reg[3]/CK <<<     -     R     SDFFR_X1      33    -     1     0       0    (-,-) 
#-----------------------------------------------------------------------------------------

#-----------------------------------------------------------------------------------------
#  Timing Point    Flags   Arc   Edge   Cell     Fanout Load Trans Delay Arrival Instance 
#                                                       (fF)  (ps)  (ps)   (ps)  Location 
#-----------------------------------------------------------------------------------------
  bf1_in_reg[3]/CK -       -     R     (arrival)     33    -     1     0       0    (-,-) 
  bf1_in_reg[3]/Q  -       CK->Q F     SDFFR_X1       6  8.2    20    84      84    (-,-) 
  bf1_in_reg[3]/SI -       -     F     SDFFR_X1       6    -     -     0      84    (-,-) 
#-----------------------------------------------------------------------------------------

Capture clock path:
#-----------------------------------------------------------------------------------------
#  Timing Point    Flags   Arc   Edge   Cell     Fanout Load Trans Delay Arrival Instance 
#                                                       (fF)  (ps)  (ps)   (ps)  Location 
#-----------------------------------------------------------------------------------------
  clk              (i)     -     R     (arrival)     33  0.0     0     0    1587    (-,-) 
  bf1_in_reg[3]/CK <<<     -     R     SDFFR_X1      33    -     1     0    1587    (-,-) 
#-----------------------------------------------------------------------------------------



Path 65: MET (1414 ps) Setup Check with Pin bf1_in_reg[0]/CK->SI
           View: view_1p2_25
          Group: clock1
     Startpoint: (R) bf1_in_reg[0]/CK
          Clock: (R) clock1
       Endpoint: (F) bf1_in_reg[0]/SI
          Clock: (R) clock1

                     Capture       Launch     
        Clock Edge:+    1587            0     
       Src Latency:+       0            0     
       Net Latency:+       0 (I)        0 (I) 
           Arrival:=    1587            0     
                                              
             Setup:-      89                  
       Uncertainty:-       0                  
     Required Time:=    1498                  
      Launch Clock:-       0                  
         Data Path:-      84                  
             Slack:=    1414                  

Launch clock path:
#-----------------------------------------------------------------------------------------
#  Timing Point    Flags   Arc   Edge   Cell     Fanout Load Trans Delay Arrival Instance 
#                                                       (fF)  (ps)  (ps)   (ps)  Location 
#-----------------------------------------------------------------------------------------
  clk              (i)     -     R     (arrival)     33  0.0     0     0       0    (-,-) 
  bf1_in_reg[0]/CK <<<     -     R     SDFFR_X1      33    -     1     0       0    (-,-) 
#-----------------------------------------------------------------------------------------

#-----------------------------------------------------------------------------------------
#  Timing Point    Flags   Arc   Edge   Cell     Fanout Load Trans Delay Arrival Instance 
#                                                       (fF)  (ps)  (ps)   (ps)  Location 
#-----------------------------------------------------------------------------------------
  bf1_in_reg[0]/CK -       -     R     (arrival)     33    -     1     0       0    (-,-) 
  bf1_in_reg[0]/Q  -       CK->Q F     SDFFR_X1       6  8.1    20    84      84    (-,-) 
  bf1_in_reg[0]/SI -       -     F     SDFFR_X1       6    -     -     0      84    (-,-) 
#-----------------------------------------------------------------------------------------

Capture clock path:
#-----------------------------------------------------------------------------------------
#  Timing Point    Flags   Arc   Edge   Cell     Fanout Load Trans Delay Arrival Instance 
#                                                       (fF)  (ps)  (ps)   (ps)  Location 
#-----------------------------------------------------------------------------------------
  clk              (i)     -     R     (arrival)     33  0.0     0     0    1587    (-,-) 
  bf1_in_reg[0]/CK <<<     -     R     SDFFR_X1      33    -     1     0    1587    (-,-) 
#-----------------------------------------------------------------------------------------



Path 66: MET (1414 ps) Setup Check with Pin bf2_in_reg[6]/CK->SI
           View: view_1p2_25
          Group: clock1
     Startpoint: (R) bf2_in_reg[6]/CK
          Clock: (R) clock1
       Endpoint: (F) bf2_in_reg[6]/SI
          Clock: (R) clock1

                     Capture       Launch     
        Clock Edge:+    1587            0     
       Src Latency:+       0            0     
       Net Latency:+       0 (I)        0 (I) 
           Arrival:=    1587            0     
                                              
             Setup:-      89                  
       Uncertainty:-       0                  
     Required Time:=    1498                  
      Launch Clock:-       0                  
         Data Path:-      84                  
             Slack:=    1414                  

Launch clock path:
#-----------------------------------------------------------------------------------------
#  Timing Point    Flags   Arc   Edge   Cell     Fanout Load Trans Delay Arrival Instance 
#                                                       (fF)  (ps)  (ps)   (ps)  Location 
#-----------------------------------------------------------------------------------------
  clk              (i)     -     R     (arrival)     33  0.0     0     0       0    (-,-) 
  bf2_in_reg[6]/CK <<<     -     R     SDFFR_X1      33    -     1     0       0    (-,-) 
#-----------------------------------------------------------------------------------------

#-----------------------------------------------------------------------------------------
#  Timing Point    Flags   Arc   Edge   Cell     Fanout Load Trans Delay Arrival Instance 
#                                                       (fF)  (ps)  (ps)   (ps)  Location 
#-----------------------------------------------------------------------------------------
  bf2_in_reg[6]/CK -       -     R     (arrival)     33    -     1     0       0    (-,-) 
  bf2_in_reg[6]/Q  -       CK->Q F     SDFFR_X1       5  8.0    20    84      84    (-,-) 
  bf2_in_reg[6]/SI -       -     F     SDFFR_X1       5    -     -     0      84    (-,-) 
#-----------------------------------------------------------------------------------------

Capture clock path:
#-----------------------------------------------------------------------------------------
#  Timing Point    Flags   Arc   Edge   Cell     Fanout Load Trans Delay Arrival Instance 
#                                                       (fF)  (ps)  (ps)   (ps)  Location 
#-----------------------------------------------------------------------------------------
  clk              (i)     -     R     (arrival)     33  0.0     0     0    1587    (-,-) 
  bf2_in_reg[6]/CK <<<     -     R     SDFFR_X1      33    -     1     0    1587    (-,-) 
#-----------------------------------------------------------------------------------------



Path 67: MET (1414 ps) Setup Check with Pin bf1_in_reg[6]/CK->SI
           View: view_1p2_25
          Group: clock1
     Startpoint: (R) bf1_in_reg[6]/CK
          Clock: (R) clock1
       Endpoint: (F) bf1_in_reg[6]/SI
          Clock: (R) clock1

                     Capture       Launch     
        Clock Edge:+    1587            0     
       Src Latency:+       0            0     
       Net Latency:+       0 (I)        0 (I) 
           Arrival:=    1587            0     
                                              
             Setup:-      89                  
       Uncertainty:-       0                  
     Required Time:=    1498                  
      Launch Clock:-       0                  
         Data Path:-      84                  
             Slack:=    1414                  

Launch clock path:
#-----------------------------------------------------------------------------------------
#  Timing Point    Flags   Arc   Edge   Cell     Fanout Load Trans Delay Arrival Instance 
#                                                       (fF)  (ps)  (ps)   (ps)  Location 
#-----------------------------------------------------------------------------------------
  clk              (i)     -     R     (arrival)     33  0.0     0     0       0    (-,-) 
  bf1_in_reg[6]/CK <<<     -     R     SDFFR_X1      33    -     1     0       0    (-,-) 
#-----------------------------------------------------------------------------------------

#-----------------------------------------------------------------------------------------
#  Timing Point    Flags   Arc   Edge   Cell     Fanout Load Trans Delay Arrival Instance 
#                                                       (fF)  (ps)  (ps)   (ps)  Location 
#-----------------------------------------------------------------------------------------
  bf1_in_reg[6]/CK -       -     R     (arrival)     33    -     1     0       0    (-,-) 
  bf1_in_reg[6]/Q  -       CK->Q F     SDFFR_X1       6  7.9    20    84      84    (-,-) 
  bf1_in_reg[6]/SI -       -     F     SDFFR_X1       6    -     -     0      84    (-,-) 
#-----------------------------------------------------------------------------------------

Capture clock path:
#-----------------------------------------------------------------------------------------
#  Timing Point    Flags   Arc   Edge   Cell     Fanout Load Trans Delay Arrival Instance 
#                                                       (fF)  (ps)  (ps)   (ps)  Location 
#-----------------------------------------------------------------------------------------
  clk              (i)     -     R     (arrival)     33  0.0     0     0    1587    (-,-) 
  bf1_in_reg[6]/CK <<<     -     R     SDFFR_X1      33    -     1     0    1587    (-,-) 
#-----------------------------------------------------------------------------------------



Path 68: MET (1415 ps) Setup Check with Pin bf1_in_reg[1]/CK->SI
           View: view_1p2_25
          Group: clock1
     Startpoint: (R) bf1_in_reg[1]/CK
          Clock: (R) clock1
       Endpoint: (F) bf1_in_reg[1]/SI
          Clock: (R) clock1

                     Capture       Launch     
        Clock Edge:+    1587            0     
       Src Latency:+       0            0     
       Net Latency:+       0 (I)        0 (I) 
           Arrival:=    1587            0     
                                              
             Setup:-      89                  
       Uncertainty:-       0                  
     Required Time:=    1498                  
      Launch Clock:-       0                  
         Data Path:-      83                  
             Slack:=    1415                  

Launch clock path:
#-----------------------------------------------------------------------------------------
#  Timing Point    Flags   Arc   Edge   Cell     Fanout Load Trans Delay Arrival Instance 
#                                                       (fF)  (ps)  (ps)   (ps)  Location 
#-----------------------------------------------------------------------------------------
  clk              (i)     -     R     (arrival)     33  0.0     0     0       0    (-,-) 
  bf1_in_reg[1]/CK <<<     -     R     SDFFR_X1      33    -     1     0       0    (-,-) 
#-----------------------------------------------------------------------------------------

#-----------------------------------------------------------------------------------------
#  Timing Point    Flags   Arc   Edge   Cell     Fanout Load Trans Delay Arrival Instance 
#                                                       (fF)  (ps)  (ps)   (ps)  Location 
#-----------------------------------------------------------------------------------------
  bf1_in_reg[1]/CK -       -     R     (arrival)     33    -     1     0       0    (-,-) 
  bf1_in_reg[1]/Q  -       CK->Q F     SDFFR_X1       6  7.7    19    83      83    (-,-) 
  bf1_in_reg[1]/SI -       -     F     SDFFR_X1       6    -     -     0      83    (-,-) 
#-----------------------------------------------------------------------------------------

Capture clock path:
#-----------------------------------------------------------------------------------------
#  Timing Point    Flags   Arc   Edge   Cell     Fanout Load Trans Delay Arrival Instance 
#                                                       (fF)  (ps)  (ps)   (ps)  Location 
#-----------------------------------------------------------------------------------------
  clk              (i)     -     R     (arrival)     33  0.0     0     0    1587    (-,-) 
  bf1_in_reg[1]/CK <<<     -     R     SDFFR_X1      33    -     1     0    1587    (-,-) 
#-----------------------------------------------------------------------------------------



Path 69: MET (1416 ps) Setup Check with Pin bf1_in_reg[2]/CK->SI
           View: view_1p2_25
          Group: clock1
     Startpoint: (R) bf1_in_reg[2]/CK
          Clock: (R) clock1
       Endpoint: (F) bf1_in_reg[2]/SI
          Clock: (R) clock1

                     Capture       Launch     
        Clock Edge:+    1587            0     
       Src Latency:+       0            0     
       Net Latency:+       0 (I)        0 (I) 
           Arrival:=    1587            0     
                                              
             Setup:-      89                  
       Uncertainty:-       0                  
     Required Time:=    1498                  
      Launch Clock:-       0                  
         Data Path:-      83                  
             Slack:=    1416                  

Launch clock path:
#-----------------------------------------------------------------------------------------
#  Timing Point    Flags   Arc   Edge   Cell     Fanout Load Trans Delay Arrival Instance 
#                                                       (fF)  (ps)  (ps)   (ps)  Location 
#-----------------------------------------------------------------------------------------
  clk              (i)     -     R     (arrival)     33  0.0     0     0       0    (-,-) 
  bf1_in_reg[2]/CK <<<     -     R     SDFFR_X1      33    -     1     0       0    (-,-) 
#-----------------------------------------------------------------------------------------

#-----------------------------------------------------------------------------------------
#  Timing Point    Flags   Arc   Edge   Cell     Fanout Load Trans Delay Arrival Instance 
#                                                       (fF)  (ps)  (ps)   (ps)  Location 
#-----------------------------------------------------------------------------------------
  bf1_in_reg[2]/CK -       -     R     (arrival)     33    -     1     0       0    (-,-) 
  bf1_in_reg[2]/Q  -       CK->Q F     SDFFR_X1       6  7.5    19    83      83    (-,-) 
  bf1_in_reg[2]/SI -       -     F     SDFFR_X1       6    -     -     0      83    (-,-) 
#-----------------------------------------------------------------------------------------

Capture clock path:
#-----------------------------------------------------------------------------------------
#  Timing Point    Flags   Arc   Edge   Cell     Fanout Load Trans Delay Arrival Instance 
#                                                       (fF)  (ps)  (ps)   (ps)  Location 
#-----------------------------------------------------------------------------------------
  clk              (i)     -     R     (arrival)     33  0.0     0     0    1587    (-,-) 
  bf1_in_reg[2]/CK <<<     -     R     SDFFR_X1      33    -     1     0    1587    (-,-) 
#-----------------------------------------------------------------------------------------



Path 70: MET (1416 ps) Setup Check with Pin bf1_in_reg[5]/CK->SI
           View: view_1p2_25
          Group: clock1
     Startpoint: (R) bf1_in_reg[5]/CK
          Clock: (R) clock1
       Endpoint: (F) bf1_in_reg[5]/SI
          Clock: (R) clock1

                     Capture       Launch     
        Clock Edge:+    1587            0     
       Src Latency:+       0            0     
       Net Latency:+       0 (I)        0 (I) 
           Arrival:=    1587            0     
                                              
             Setup:-      89                  
       Uncertainty:-       0                  
     Required Time:=    1498                  
      Launch Clock:-       0                  
         Data Path:-      83                  
             Slack:=    1416                  

Launch clock path:
#-----------------------------------------------------------------------------------------
#  Timing Point    Flags   Arc   Edge   Cell     Fanout Load Trans Delay Arrival Instance 
#                                                       (fF)  (ps)  (ps)   (ps)  Location 
#-----------------------------------------------------------------------------------------
  clk              (i)     -     R     (arrival)     33  0.0     0     0       0    (-,-) 
  bf1_in_reg[5]/CK <<<     -     R     SDFFR_X1      33    -     1     0       0    (-,-) 
#-----------------------------------------------------------------------------------------

#-----------------------------------------------------------------------------------------
#  Timing Point    Flags   Arc   Edge   Cell     Fanout Load Trans Delay Arrival Instance 
#                                                       (fF)  (ps)  (ps)   (ps)  Location 
#-----------------------------------------------------------------------------------------
  bf1_in_reg[5]/CK -       -     R     (arrival)     33    -     1     0       0    (-,-) 
  bf1_in_reg[5]/Q  -       CK->Q F     SDFFR_X1       5  7.5    19    83      83    (-,-) 
  bf1_in_reg[5]/SI -       -     F     SDFFR_X1       5    -     -     0      83    (-,-) 
#-----------------------------------------------------------------------------------------

Capture clock path:
#-----------------------------------------------------------------------------------------
#  Timing Point    Flags   Arc   Edge   Cell     Fanout Load Trans Delay Arrival Instance 
#                                                       (fF)  (ps)  (ps)   (ps)  Location 
#-----------------------------------------------------------------------------------------
  clk              (i)     -     R     (arrival)     33  0.0     0     0    1587    (-,-) 
  bf1_in_reg[5]/CK <<<     -     R     SDFFR_X1      33    -     1     0    1587    (-,-) 
#-----------------------------------------------------------------------------------------



Path 71: MET (1416 ps) Setup Check with Pin bf2_in_reg[12]/CK->SI
           View: view_1p2_25
          Group: clock1
     Startpoint: (R) bf2_in_reg[12]/CK
          Clock: (R) clock1
       Endpoint: (F) bf2_in_reg[12]/SI
          Clock: (R) clock1

                     Capture       Launch     
        Clock Edge:+    1587            0     
       Src Latency:+       0            0     
       Net Latency:+       0 (I)        0 (I) 
           Arrival:=    1587            0     
                                              
             Setup:-      89                  
       Uncertainty:-       0                  
     Required Time:=    1498                  
      Launch Clock:-       0                  
         Data Path:-      82                  
             Slack:=    1416                  

Launch clock path:
#------------------------------------------------------------------------------------------
#   Timing Point    Flags   Arc   Edge   Cell     Fanout Load Trans Delay Arrival Instance 
#                                                        (fF)  (ps)  (ps)   (ps)  Location 
#------------------------------------------------------------------------------------------
  clk               (i)     -     R     (arrival)     33  0.0     0     0       0    (-,-) 
  bf2_in_reg[12]/CK <<<     -     R     SDFFR_X1      33    -     1     0       0    (-,-) 
#------------------------------------------------------------------------------------------

#------------------------------------------------------------------------------------------
#   Timing Point    Flags   Arc   Edge   Cell     Fanout Load Trans Delay Arrival Instance 
#                                                        (fF)  (ps)  (ps)   (ps)  Location 
#------------------------------------------------------------------------------------------
  bf2_in_reg[12]/CK -       -     R     (arrival)     33    -     1     0       0    (-,-) 
  bf2_in_reg[12]/Q  -       CK->Q F     SDFFR_X1       5  7.2    19    82      82    (-,-) 
  bf2_in_reg[12]/SI -       -     F     SDFFR_X1       5    -     -     0      82    (-,-) 
#------------------------------------------------------------------------------------------

Capture clock path:
#------------------------------------------------------------------------------------------
#   Timing Point    Flags   Arc   Edge   Cell     Fanout Load Trans Delay Arrival Instance 
#                                                        (fF)  (ps)  (ps)   (ps)  Location 
#------------------------------------------------------------------------------------------
  clk               (i)     -     R     (arrival)     33  0.0     0     0    1587    (-,-) 
  bf2_in_reg[12]/CK <<<     -     R     SDFFR_X1      33    -     1     0    1587    (-,-) 
#------------------------------------------------------------------------------------------



Path 72: MET (1417 ps) Setup Check with Pin bf1_in_reg[12]/CK->SI
           View: view_1p2_25
          Group: clock1
     Startpoint: (R) bf1_in_reg[12]/CK
          Clock: (R) clock1
       Endpoint: (F) bf1_in_reg[12]/SI
          Clock: (R) clock1

                     Capture       Launch     
        Clock Edge:+    1587            0     
       Src Latency:+       0            0     
       Net Latency:+       0 (I)        0 (I) 
           Arrival:=    1587            0     
                                              
             Setup:-      89                  
       Uncertainty:-       0                  
     Required Time:=    1499                  
      Launch Clock:-       0                  
         Data Path:-      82                  
             Slack:=    1417                  

Launch clock path:
#------------------------------------------------------------------------------------------
#   Timing Point    Flags   Arc   Edge   Cell     Fanout Load Trans Delay Arrival Instance 
#                                                        (fF)  (ps)  (ps)   (ps)  Location 
#------------------------------------------------------------------------------------------
  clk               (i)     -     R     (arrival)     33  0.0     0     0       0    (-,-) 
  bf1_in_reg[12]/CK <<<     -     R     SDFFR_X1      33    -     1     0       0    (-,-) 
#------------------------------------------------------------------------------------------

#------------------------------------------------------------------------------------------
#   Timing Point    Flags   Arc   Edge   Cell     Fanout Load Trans Delay Arrival Instance 
#                                                        (fF)  (ps)  (ps)   (ps)  Location 
#------------------------------------------------------------------------------------------
  bf1_in_reg[12]/CK -       -     R     (arrival)     33    -     1     0       0    (-,-) 
  bf1_in_reg[12]/Q  -       CK->Q F     SDFFR_X1       5  7.1    19    82      82    (-,-) 
  bf1_in_reg[12]/SI -       -     F     SDFFR_X1       5    -     -     0      82    (-,-) 
#------------------------------------------------------------------------------------------

Capture clock path:
#------------------------------------------------------------------------------------------
#   Timing Point    Flags   Arc   Edge   Cell     Fanout Load Trans Delay Arrival Instance 
#                                                        (fF)  (ps)  (ps)   (ps)  Location 
#------------------------------------------------------------------------------------------
  clk               (i)     -     R     (arrival)     33  0.0     0     0    1587    (-,-) 
  bf1_in_reg[12]/CK <<<     -     R     SDFFR_X1      33    -     1     0    1587    (-,-) 
#------------------------------------------------------------------------------------------



Path 73: MET (1417 ps) Setup Check with Pin bf2_in_reg[13]/CK->SI
           View: view_1p2_25
          Group: clock1
     Startpoint: (R) bf2_in_reg[13]/CK
          Clock: (R) clock1
       Endpoint: (F) bf2_in_reg[13]/SI
          Clock: (R) clock1

                     Capture       Launch     
        Clock Edge:+    1587            0     
       Src Latency:+       0            0     
       Net Latency:+       0 (I)        0 (I) 
           Arrival:=    1587            0     
                                              
             Setup:-      89                  
       Uncertainty:-       0                  
     Required Time:=    1499                  
      Launch Clock:-       0                  
         Data Path:-      82                  
             Slack:=    1417                  

Launch clock path:
#------------------------------------------------------------------------------------------
#   Timing Point    Flags   Arc   Edge   Cell     Fanout Load Trans Delay Arrival Instance 
#                                                        (fF)  (ps)  (ps)   (ps)  Location 
#------------------------------------------------------------------------------------------
  clk               (i)     -     R     (arrival)     33  0.0     0     0       0    (-,-) 
  bf2_in_reg[13]/CK <<<     -     R     SDFFR_X1      33    -     1     0       0    (-,-) 
#------------------------------------------------------------------------------------------

#------------------------------------------------------------------------------------------
#   Timing Point    Flags   Arc   Edge   Cell     Fanout Load Trans Delay Arrival Instance 
#                                                        (fF)  (ps)  (ps)   (ps)  Location 
#------------------------------------------------------------------------------------------
  bf2_in_reg[13]/CK -       -     R     (arrival)     33    -     1     0       0    (-,-) 
  bf2_in_reg[13]/Q  -       CK->Q F     SDFFR_X1       5  7.0    18    82      82    (-,-) 
  bf2_in_reg[13]/SI -       -     F     SDFFR_X1       5    -     -     0      82    (-,-) 
#------------------------------------------------------------------------------------------

Capture clock path:
#------------------------------------------------------------------------------------------
#   Timing Point    Flags   Arc   Edge   Cell     Fanout Load Trans Delay Arrival Instance 
#                                                        (fF)  (ps)  (ps)   (ps)  Location 
#------------------------------------------------------------------------------------------
  clk               (i)     -     R     (arrival)     33  0.0     0     0    1587    (-,-) 
  bf2_in_reg[13]/CK <<<     -     R     SDFFR_X1      33    -     1     0    1587    (-,-) 
#------------------------------------------------------------------------------------------



Path 74: MET (1417 ps) Setup Check with Pin bf1_in_reg[13]/CK->SI
           View: view_1p2_25
          Group: clock1
     Startpoint: (R) bf1_in_reg[13]/CK
          Clock: (R) clock1
       Endpoint: (F) bf1_in_reg[13]/SI
          Clock: (R) clock1

                     Capture       Launch     
        Clock Edge:+    1587            0     
       Src Latency:+       0            0     
       Net Latency:+       0 (I)        0 (I) 
           Arrival:=    1587            0     
                                              
             Setup:-      89                  
       Uncertainty:-       0                  
     Required Time:=    1499                  
      Launch Clock:-       0                  
         Data Path:-      82                  
             Slack:=    1417                  

Launch clock path:
#------------------------------------------------------------------------------------------
#   Timing Point    Flags   Arc   Edge   Cell     Fanout Load Trans Delay Arrival Instance 
#                                                        (fF)  (ps)  (ps)   (ps)  Location 
#------------------------------------------------------------------------------------------
  clk               (i)     -     R     (arrival)     33  0.0     0     0       0    (-,-) 
  bf1_in_reg[13]/CK <<<     -     R     SDFFR_X1      33    -     1     0       0    (-,-) 
#------------------------------------------------------------------------------------------

#------------------------------------------------------------------------------------------
#   Timing Point    Flags   Arc   Edge   Cell     Fanout Load Trans Delay Arrival Instance 
#                                                        (fF)  (ps)  (ps)   (ps)  Location 
#------------------------------------------------------------------------------------------
  bf1_in_reg[13]/CK -       -     R     (arrival)     33    -     1     0       0    (-,-) 
  bf1_in_reg[13]/Q  -       CK->Q F     SDFFR_X1       5  7.0    18    82      82    (-,-) 
  bf1_in_reg[13]/SI -       -     F     SDFFR_X1       5    -     -     0      82    (-,-) 
#------------------------------------------------------------------------------------------

Capture clock path:
#------------------------------------------------------------------------------------------
#   Timing Point    Flags   Arc   Edge   Cell     Fanout Load Trans Delay Arrival Instance 
#                                                        (fF)  (ps)  (ps)   (ps)  Location 
#------------------------------------------------------------------------------------------
  clk               (i)     -     R     (arrival)     33  0.0     0     0    1587    (-,-) 
  bf1_in_reg[13]/CK <<<     -     R     SDFFR_X1      33    -     1     0    1587    (-,-) 
#------------------------------------------------------------------------------------------



Path 75: MET (1418 ps) Setup Check with Pin bf1_in_reg[8]/CK->SI
           View: view_1p2_25
          Group: clock1
     Startpoint: (R) bf1_in_reg[8]/CK
          Clock: (R) clock1
       Endpoint: (F) bf1_in_reg[8]/SI
          Clock: (R) clock1

                     Capture       Launch     
        Clock Edge:+    1587            0     
       Src Latency:+       0            0     
       Net Latency:+       0 (I)        0 (I) 
           Arrival:=    1587            0     
                                              
             Setup:-      88                  
       Uncertainty:-       0                  
     Required Time:=    1499                  
      Launch Clock:-       0                  
         Data Path:-      81                  
             Slack:=    1418                  

Launch clock path:
#-----------------------------------------------------------------------------------------
#  Timing Point    Flags   Arc   Edge   Cell     Fanout Load Trans Delay Arrival Instance 
#                                                       (fF)  (ps)  (ps)   (ps)  Location 
#-----------------------------------------------------------------------------------------
  clk              (i)     -     R     (arrival)     33  0.0     0     0       0    (-,-) 
  bf1_in_reg[8]/CK <<<     -     R     SDFFR_X1      33    -     1     0       0    (-,-) 
#-----------------------------------------------------------------------------------------

#-----------------------------------------------------------------------------------------
#  Timing Point    Flags   Arc   Edge   Cell     Fanout Load Trans Delay Arrival Instance 
#                                                       (fF)  (ps)  (ps)   (ps)  Location 
#-----------------------------------------------------------------------------------------
  bf1_in_reg[8]/CK -       -     R     (arrival)     33    -     1     0       0    (-,-) 
  bf1_in_reg[8]/Q  -       CK->Q F     SDFFR_X1       5  6.7    18    81      81    (-,-) 
  bf1_in_reg[8]/SI -       -     F     SDFFR_X1       5    -     -     0      81    (-,-) 
#-----------------------------------------------------------------------------------------

Capture clock path:
#-----------------------------------------------------------------------------------------
#  Timing Point    Flags   Arc   Edge   Cell     Fanout Load Trans Delay Arrival Instance 
#                                                       (fF)  (ps)  (ps)   (ps)  Location 
#-----------------------------------------------------------------------------------------
  clk              (i)     -     R     (arrival)     33  0.0     0     0    1587    (-,-) 
  bf1_in_reg[8]/CK <<<     -     R     SDFFR_X1      33    -     1     0    1587    (-,-) 
#-----------------------------------------------------------------------------------------



Path 76: MET (1418 ps) Setup Check with Pin bf1_in_reg[11]/CK->SI
           View: view_1p2_25
          Group: clock1
     Startpoint: (R) bf1_in_reg[11]/CK
          Clock: (R) clock1
       Endpoint: (F) bf1_in_reg[11]/SI
          Clock: (R) clock1

                     Capture       Launch     
        Clock Edge:+    1587            0     
       Src Latency:+       0            0     
       Net Latency:+       0 (I)        0 (I) 
           Arrival:=    1587            0     
                                              
             Setup:-      88                  
       Uncertainty:-       0                  
     Required Time:=    1499                  
      Launch Clock:-       0                  
         Data Path:-      81                  
             Slack:=    1418                  

Launch clock path:
#------------------------------------------------------------------------------------------
#   Timing Point    Flags   Arc   Edge   Cell     Fanout Load Trans Delay Arrival Instance 
#                                                        (fF)  (ps)  (ps)   (ps)  Location 
#------------------------------------------------------------------------------------------
  clk               (i)     -     R     (arrival)     33  0.0     0     0       0    (-,-) 
  bf1_in_reg[11]/CK <<<     -     R     SDFFR_X1      33    -     1     0       0    (-,-) 
#------------------------------------------------------------------------------------------

#------------------------------------------------------------------------------------------
#   Timing Point    Flags   Arc   Edge   Cell     Fanout Load Trans Delay Arrival Instance 
#                                                        (fF)  (ps)  (ps)   (ps)  Location 
#------------------------------------------------------------------------------------------
  bf1_in_reg[11]/CK -       -     R     (arrival)     33    -     1     0       0    (-,-) 
  bf1_in_reg[11]/Q  -       CK->Q F     SDFFR_X1       5  6.6    18    81      81    (-,-) 
  bf1_in_reg[11]/SI -       -     F     SDFFR_X1       5    -     -     0      81    (-,-) 
#------------------------------------------------------------------------------------------

Capture clock path:
#------------------------------------------------------------------------------------------
#   Timing Point    Flags   Arc   Edge   Cell     Fanout Load Trans Delay Arrival Instance 
#                                                        (fF)  (ps)  (ps)   (ps)  Location 
#------------------------------------------------------------------------------------------
  clk               (i)     -     R     (arrival)     33  0.0     0     0    1587    (-,-) 
  bf1_in_reg[11]/CK <<<     -     R     SDFFR_X1      33    -     1     0    1587    (-,-) 
#------------------------------------------------------------------------------------------



Path 77: MET (1418 ps) Setup Check with Pin bf2_in_reg[11]/CK->SI
           View: view_1p2_25
          Group: clock1
     Startpoint: (R) bf2_in_reg[11]/CK
          Clock: (R) clock1
       Endpoint: (F) bf2_in_reg[11]/SI
          Clock: (R) clock1

                     Capture       Launch     
        Clock Edge:+    1587            0     
       Src Latency:+       0            0     
       Net Latency:+       0 (I)        0 (I) 
           Arrival:=    1587            0     
                                              
             Setup:-      88                  
       Uncertainty:-       0                  
     Required Time:=    1499                  
      Launch Clock:-       0                  
         Data Path:-      80                  
             Slack:=    1418                  

Launch clock path:
#------------------------------------------------------------------------------------------
#   Timing Point    Flags   Arc   Edge   Cell     Fanout Load Trans Delay Arrival Instance 
#                                                        (fF)  (ps)  (ps)   (ps)  Location 
#------------------------------------------------------------------------------------------
  clk               (i)     -     R     (arrival)     33  0.0     0     0       0    (-,-) 
  bf2_in_reg[11]/CK <<<     -     R     SDFFR_X1      33    -     1     0       0    (-,-) 
#------------------------------------------------------------------------------------------

#------------------------------------------------------------------------------------------
#   Timing Point    Flags   Arc   Edge   Cell     Fanout Load Trans Delay Arrival Instance 
#                                                        (fF)  (ps)  (ps)   (ps)  Location 
#------------------------------------------------------------------------------------------
  bf2_in_reg[11]/CK -       -     R     (arrival)     33    -     1     0       0    (-,-) 
  bf2_in_reg[11]/Q  -       CK->Q F     SDFFR_X1       5  6.5    18    80      80    (-,-) 
  bf2_in_reg[11]/SI -       -     F     SDFFR_X1       5    -     -     0      80    (-,-) 
#------------------------------------------------------------------------------------------

Capture clock path:
#------------------------------------------------------------------------------------------
#   Timing Point    Flags   Arc   Edge   Cell     Fanout Load Trans Delay Arrival Instance 
#                                                        (fF)  (ps)  (ps)   (ps)  Location 
#------------------------------------------------------------------------------------------
  clk               (i)     -     R     (arrival)     33  0.0     0     0    1587    (-,-) 
  bf2_in_reg[11]/CK <<<     -     R     SDFFR_X1      33    -     1     0    1587    (-,-) 
#------------------------------------------------------------------------------------------



Path 78: MET (1419 ps) Setup Check with Pin bf1_in_reg[14]/CK->SI
           View: view_1p2_25
          Group: clock1
     Startpoint: (R) bf1_in_reg[14]/CK
          Clock: (R) clock1
       Endpoint: (F) bf1_in_reg[14]/SI
          Clock: (R) clock1

                     Capture       Launch     
        Clock Edge:+    1587            0     
       Src Latency:+       0            0     
       Net Latency:+       0 (I)        0 (I) 
           Arrival:=    1587            0     
                                              
             Setup:-      88                  
       Uncertainty:-       0                  
     Required Time:=    1499                  
      Launch Clock:-       0                  
         Data Path:-      80                  
             Slack:=    1419                  

Launch clock path:
#------------------------------------------------------------------------------------------
#   Timing Point    Flags   Arc   Edge   Cell     Fanout Load Trans Delay Arrival Instance 
#                                                        (fF)  (ps)  (ps)   (ps)  Location 
#------------------------------------------------------------------------------------------
  clk               (i)     -     R     (arrival)     33  0.0     0     0       0    (-,-) 
  bf1_in_reg[14]/CK <<<     -     R     SDFFR_X1      33    -     1     0       0    (-,-) 
#------------------------------------------------------------------------------------------

#------------------------------------------------------------------------------------------
#   Timing Point    Flags   Arc   Edge   Cell     Fanout Load Trans Delay Arrival Instance 
#                                                        (fF)  (ps)  (ps)   (ps)  Location 
#------------------------------------------------------------------------------------------
  bf1_in_reg[14]/CK -       -     R     (arrival)     33    -     1     0       0    (-,-) 
  bf1_in_reg[14]/Q  -       CK->Q F     SDFFR_X1       5  6.4    18    80      80    (-,-) 
  bf1_in_reg[14]/SI -       -     F     SDFFR_X1       5    -     -     0      80    (-,-) 
#------------------------------------------------------------------------------------------

Capture clock path:
#------------------------------------------------------------------------------------------
#   Timing Point    Flags   Arc   Edge   Cell     Fanout Load Trans Delay Arrival Instance 
#                                                        (fF)  (ps)  (ps)   (ps)  Location 
#------------------------------------------------------------------------------------------
  clk               (i)     -     R     (arrival)     33  0.0     0     0    1587    (-,-) 
  bf1_in_reg[14]/CK <<<     -     R     SDFFR_X1      33    -     1     0    1587    (-,-) 
#------------------------------------------------------------------------------------------



Path 79: MET (1421 ps) Setup Check with Pin bf2_in_reg[14]/CK->SI
           View: view_1p2_25
          Group: clock1
     Startpoint: (R) bf2_in_reg[14]/CK
          Clock: (R) clock1
       Endpoint: (F) bf2_in_reg[14]/SI
          Clock: (R) clock1

                     Capture       Launch     
        Clock Edge:+    1587            0     
       Src Latency:+       0            0     
       Net Latency:+       0 (I)        0 (I) 
           Arrival:=    1587            0     
                                              
             Setup:-      88                  
       Uncertainty:-       0                  
     Required Time:=    1499                  
      Launch Clock:-       0                  
         Data Path:-      78                  
             Slack:=    1421                  

Launch clock path:
#------------------------------------------------------------------------------------------
#   Timing Point    Flags   Arc   Edge   Cell     Fanout Load Trans Delay Arrival Instance 
#                                                        (fF)  (ps)  (ps)   (ps)  Location 
#------------------------------------------------------------------------------------------
  clk               (i)     -     R     (arrival)     33  0.0     0     0       0    (-,-) 
  bf2_in_reg[14]/CK <<<     -     R     SDFFR_X1      33    -     1     0       0    (-,-) 
#------------------------------------------------------------------------------------------

#------------------------------------------------------------------------------------------
#   Timing Point    Flags   Arc   Edge   Cell     Fanout Load Trans Delay Arrival Instance 
#                                                        (fF)  (ps)  (ps)   (ps)  Location 
#------------------------------------------------------------------------------------------
  bf2_in_reg[14]/CK -       -     R     (arrival)     33    -     1     0       0    (-,-) 
  bf2_in_reg[14]/Q  -       CK->Q F     SDFFR_X1       4  5.4    17    78      78    (-,-) 
  bf2_in_reg[14]/SI -       -     F     SDFFR_X1       4    -     -     0      78    (-,-) 
#------------------------------------------------------------------------------------------

Capture clock path:
#------------------------------------------------------------------------------------------
#   Timing Point    Flags   Arc   Edge   Cell     Fanout Load Trans Delay Arrival Instance 
#                                                        (fF)  (ps)  (ps)   (ps)  Location 
#------------------------------------------------------------------------------------------
  clk               (i)     -     R     (arrival)     33  0.0     0     0    1587    (-,-) 
  bf2_in_reg[14]/CK <<<     -     R     SDFFR_X1      33    -     1     0    1587    (-,-) 
#------------------------------------------------------------------------------------------



Path 80: MET (1442 ps) Setup Check with Pin done_reg/CK->D
           View: view_1p2_25
          Group: clock1
     Startpoint: (R) done_reg/CK
          Clock: (R) clock1
       Endpoint: (F) done_reg/D
          Clock: (R) clock1

                     Capture       Launch     
        Clock Edge:+    1587            0     
       Src Latency:+       0            0     
       Net Latency:+       0 (I)        0 (I) 
           Arrival:=    1587            0     
                                              
             Setup:-      78                  
       Uncertainty:-       0                  
     Required Time:=    1510                  
      Launch Clock:-       0                  
         Data Path:-      68                  
             Slack:=    1442                  

Launch clock path:
#---------------------------------------------------------------------------------------
# Timing Point   Flags   Arc   Edge   Cell     Fanout Load Trans Delay Arrival Instance 
#                                                     (fF)  (ps)  (ps)   (ps)  Location 
#---------------------------------------------------------------------------------------
  clk            (i)     -     R     (arrival)     33  0.0     0     0       0    (-,-) 
  done_reg/CK    <<<     -     R     SDFFR_X1      33    -     1     0       0    (-,-) 
#---------------------------------------------------------------------------------------

#---------------------------------------------------------------------------------------
# Timing Point   Flags   Arc   Edge   Cell     Fanout Load Trans Delay Arrival Instance 
#                                                     (fF)  (ps)  (ps)   (ps)  Location 
#---------------------------------------------------------------------------------------
  done_reg/CK    -       -     R     (arrival)     33    -     1     0       0    (-,-) 
  done_reg/Q     -       CK->Q F     SDFFR_X1       2  1.6    12    68      68    (-,-) 
  done_reg/D     -       -     F     SDFFR_X1       2    -     -     0      68    (-,-) 
#---------------------------------------------------------------------------------------

Capture clock path:
#---------------------------------------------------------------------------------------
# Timing Point   Flags   Arc   Edge   Cell     Fanout Load Trans Delay Arrival Instance 
#                                                     (fF)  (ps)  (ps)   (ps)  Location 
#---------------------------------------------------------------------------------------
  clk            (i)     -     R     (arrival)     33  0.0     0     0    1587    (-,-) 
  done_reg/CK    <<<     -     R     SDFFR_X1      33    -     1     0    1587    (-,-) 
#---------------------------------------------------------------------------------------



Path 81: MET (1495 ps) Setup Check with Pin done_reg/CK->SI
           View: view_1p2_25
          Group: clock1
     Startpoint: (R) stall
          Clock: (R) clock1
       Endpoint: (F) done_reg/SI
          Clock: (R) clock1

                     Capture       Launch     
        Clock Edge:+    1587            0     
        Drv Adjust:+       0            0     
       Src Latency:+       0            0     
       Net Latency:+       0 (I)        0 (I) 
           Arrival:=    1587            0     
                                              
             Setup:-      83                  
       Uncertainty:-       0                  
     Required Time:=    1504                  
      Launch Clock:-       0                  
       Input Delay:-       1                  
         Data Path:-       8                  
             Slack:=    1495                  

Exceptions/Constraints:
  input_delay              1              add_bf16_1C.sdc_line_20_2_1   

#---------------------------------------------------------------------------------------
# Timing Point   Flags   Arc   Edge   Cell     Fanout Load Trans Delay Arrival Instance 
#                                                     (fF)  (ps)  (ps)   (ps)  Location 
#---------------------------------------------------------------------------------------
  stall          -       -     R     (arrival)      1  2.0     0     0       1    (-,-) 
  g21210/ZN      -       A->ZN F     INV_X1         2  4.2     6     8       9    (-,-) 
  done_reg/SI    -       -     F     SDFFR_X1       2    -     -     0       9    (-,-) 
#---------------------------------------------------------------------------------------

Capture clock path:
#---------------------------------------------------------------------------------------
# Timing Point   Flags   Arc   Edge   Cell     Fanout Load Trans Delay Arrival Instance 
#                                                     (fF)  (ps)  (ps)   (ps)  Location 
#---------------------------------------------------------------------------------------
  clk            (i)     -     R     (arrival)     33  0.0     0     0    1587    (-,-) 
  done_reg/CK    <<<     -     R     SDFFR_X1      33    -     1     0    1587    (-,-) 
#---------------------------------------------------------------------------------------



Path 82: MET (1503 ps) Setup Check with Pin done_reg/CK->SE
           View: view_1p2_25
          Group: clock1
     Startpoint: (R) start
          Clock: (R) clock1
       Endpoint: (R) done_reg/SE
          Clock: (R) clock1

                     Capture       Launch     
        Clock Edge:+    1587            0     
        Drv Adjust:+       0            0     
       Src Latency:+       0            0     
       Net Latency:+       0 (I)        0 (I) 
           Arrival:=    1587            0     
                                              
             Setup:-      83                  
       Uncertainty:-       0                  
     Required Time:=    1504                  
      Launch Clock:-       0                  
       Input Delay:-       1                  
         Data Path:-       0                  
             Slack:=    1503                  

Exceptions/Constraints:
  input_delay              1              add_bf16_1C.sdc_line_20_1_1   

#---------------------------------------------------------------------------------------
# Timing Point   Flags   Arc   Edge   Cell     Fanout Load Trans Delay Arrival Instance 
#                                                     (fF)  (ps)  (ps)   (ps)  Location 
#---------------------------------------------------------------------------------------
  start          -       -     R     (arrival)      2  6.0     0     0       1    (-,-) 
  done_reg/SE    -       -     R     SDFFR_X1       2    -     -     0       1    (-,-) 
#---------------------------------------------------------------------------------------

Capture clock path:
#---------------------------------------------------------------------------------------
# Timing Point   Flags   Arc   Edge   Cell     Fanout Load Trans Delay Arrival Instance 
#                                                     (fF)  (ps)  (ps)   (ps)  Location 
#---------------------------------------------------------------------------------------
  clk            (i)     -     R     (arrival)     33  0.0     0     0    1587    (-,-) 
  done_reg/CK    <<<     -     R     SDFFR_X1      33    -     1     0    1587    (-,-) 
#---------------------------------------------------------------------------------------



Path 83: MET (1513 ps) Setup Check with Pin bf2_in_reg[3]/CK->D
           View: view_1p2_25
          Group: clock1
     Startpoint: (F) bf2[3]
          Clock: (R) clock1
       Endpoint: (F) bf2_in_reg[3]/D
          Clock: (R) clock1

                     Capture       Launch     
        Clock Edge:+    1587            0     
        Drv Adjust:+       0            0     
       Src Latency:+       0            0     
       Net Latency:+       0 (I)        0 (I) 
           Arrival:=    1587            0     
                                              
             Setup:-      73                  
       Uncertainty:-       0                  
     Required Time:=    1514                  
      Launch Clock:-       0                  
       Input Delay:-       1                  
         Data Path:-       0                  
             Slack:=    1513                  

Exceptions/Constraints:
  input_delay              1              add_bf16_1C.sdc_line_20_31_1   

#----------------------------------------------------------------------------------------
#  Timing Point   Flags   Arc   Edge   Cell     Fanout Load Trans Delay Arrival Instance 
#                                                      (fF)  (ps)  (ps)   (ps)  Location 
#----------------------------------------------------------------------------------------
  bf2[3]          -       -     F     (arrival)      1  1.4     0     0       1    (-,-) 
  bf2_in_reg[3]/D -       -     F     SDFFR_X1       1    -     -     0       1    (-,-) 
#----------------------------------------------------------------------------------------

Capture clock path:
#-----------------------------------------------------------------------------------------
#  Timing Point    Flags   Arc   Edge   Cell     Fanout Load Trans Delay Arrival Instance 
#                                                       (fF)  (ps)  (ps)   (ps)  Location 
#-----------------------------------------------------------------------------------------
  clk              (i)     -     R     (arrival)     33  0.0     0     0    1587    (-,-) 
  bf2_in_reg[3]/CK <<<     -     R     SDFFR_X1      33    -     1     0    1587    (-,-) 
#-----------------------------------------------------------------------------------------



Path 84: MET (1513 ps) Setup Check with Pin bf1_in_reg[10]/CK->D
           View: view_1p2_25
          Group: clock1
     Startpoint: (F) bf1[10]
          Clock: (R) clock1
       Endpoint: (F) bf1_in_reg[10]/D
          Clock: (R) clock1

                     Capture       Launch     
        Clock Edge:+    1587            0     
        Drv Adjust:+       0            0     
       Src Latency:+       0            0     
       Net Latency:+       0 (I)        0 (I) 
           Arrival:=    1587            0     
                                              
             Setup:-      73                  
       Uncertainty:-       0                  
     Required Time:=    1514                  
      Launch Clock:-       0                  
       Input Delay:-       1                  
         Data Path:-       0                  
             Slack:=    1513                  

Exceptions/Constraints:
  input_delay              1              add_bf16_1C.sdc_line_20_8_1   

#-----------------------------------------------------------------------------------------
#  Timing Point    Flags   Arc   Edge   Cell     Fanout Load Trans Delay Arrival Instance 
#                                                       (fF)  (ps)  (ps)   (ps)  Location 
#-----------------------------------------------------------------------------------------
  bf1[10]          -       -     F     (arrival)      1  1.4     0     0       1    (-,-) 
  bf1_in_reg[10]/D -       -     F     SDFFR_X1       1    -     -     0       1    (-,-) 
#-----------------------------------------------------------------------------------------

Capture clock path:
#------------------------------------------------------------------------------------------
#   Timing Point    Flags   Arc   Edge   Cell     Fanout Load Trans Delay Arrival Instance 
#                                                        (fF)  (ps)  (ps)   (ps)  Location 
#------------------------------------------------------------------------------------------
  clk               (i)     -     R     (arrival)     33  0.0     0     0    1587    (-,-) 
  bf1_in_reg[10]/CK <<<     -     R     SDFFR_X1      33    -     1     0    1587    (-,-) 
#------------------------------------------------------------------------------------------



Path 85: MET (1513 ps) Setup Check with Pin bf2_in_reg[5]/CK->D
           View: view_1p2_25
          Group: clock1
     Startpoint: (F) bf2[5]
          Clock: (R) clock1
       Endpoint: (F) bf2_in_reg[5]/D
          Clock: (R) clock1

                     Capture       Launch     
        Clock Edge:+    1587            0     
        Drv Adjust:+       0            0     
       Src Latency:+       0            0     
       Net Latency:+       0 (I)        0 (I) 
           Arrival:=    1587            0     
                                              
             Setup:-      73                  
       Uncertainty:-       0                  
     Required Time:=    1514                  
      Launch Clock:-       0                  
       Input Delay:-       1                  
         Data Path:-       0                  
             Slack:=    1513                  

Exceptions/Constraints:
  input_delay              1              add_bf16_1C.sdc_line_20_29_1   

#----------------------------------------------------------------------------------------
#  Timing Point   Flags   Arc   Edge   Cell     Fanout Load Trans Delay Arrival Instance 
#                                                      (fF)  (ps)  (ps)   (ps)  Location 
#----------------------------------------------------------------------------------------
  bf2[5]          -       -     F     (arrival)      1  1.4     0     0       1    (-,-) 
  bf2_in_reg[5]/D -       -     F     SDFFR_X1       1    -     -     0       1    (-,-) 
#----------------------------------------------------------------------------------------

Capture clock path:
#-----------------------------------------------------------------------------------------
#  Timing Point    Flags   Arc   Edge   Cell     Fanout Load Trans Delay Arrival Instance 
#                                                       (fF)  (ps)  (ps)   (ps)  Location 
#-----------------------------------------------------------------------------------------
  clk              (i)     -     R     (arrival)     33  0.0     0     0    1587    (-,-) 
  bf2_in_reg[5]/CK <<<     -     R     SDFFR_X1      33    -     1     0    1587    (-,-) 
#-----------------------------------------------------------------------------------------



Path 86: MET (1513 ps) Setup Check with Pin bf2_in_reg[4]/CK->D
           View: view_1p2_25
          Group: clock1
     Startpoint: (F) bf2[4]
          Clock: (R) clock1
       Endpoint: (F) bf2_in_reg[4]/D
          Clock: (R) clock1

                     Capture       Launch     
        Clock Edge:+    1587            0     
        Drv Adjust:+       0            0     
       Src Latency:+       0            0     
       Net Latency:+       0 (I)        0 (I) 
           Arrival:=    1587            0     
                                              
             Setup:-      73                  
       Uncertainty:-       0                  
     Required Time:=    1514                  
      Launch Clock:-       0                  
       Input Delay:-       1                  
         Data Path:-       0                  
             Slack:=    1513                  

Exceptions/Constraints:
  input_delay              1              add_bf16_1C.sdc_line_20_30_1   

#----------------------------------------------------------------------------------------
#  Timing Point   Flags   Arc   Edge   Cell     Fanout Load Trans Delay Arrival Instance 
#                                                      (fF)  (ps)  (ps)   (ps)  Location 
#----------------------------------------------------------------------------------------
  bf2[4]          -       -     F     (arrival)      1  1.4     0     0       1    (-,-) 
  bf2_in_reg[4]/D -       -     F     SDFFR_X1       1    -     -     0       1    (-,-) 
#----------------------------------------------------------------------------------------

Capture clock path:
#-----------------------------------------------------------------------------------------
#  Timing Point    Flags   Arc   Edge   Cell     Fanout Load Trans Delay Arrival Instance 
#                                                       (fF)  (ps)  (ps)   (ps)  Location 
#-----------------------------------------------------------------------------------------
  clk              (i)     -     R     (arrival)     33  0.0     0     0    1587    (-,-) 
  bf2_in_reg[4]/CK <<<     -     R     SDFFR_X1      33    -     1     0    1587    (-,-) 
#-----------------------------------------------------------------------------------------



Path 87: MET (1513 ps) Setup Check with Pin bf1_in_reg[4]/CK->D
           View: view_1p2_25
          Group: clock1
     Startpoint: (F) bf1[4]
          Clock: (R) clock1
       Endpoint: (F) bf1_in_reg[4]/D
          Clock: (R) clock1

                     Capture       Launch     
        Clock Edge:+    1587            0     
        Drv Adjust:+       0            0     
       Src Latency:+       0            0     
       Net Latency:+       0 (I)        0 (I) 
           Arrival:=    1587            0     
                                              
             Setup:-      73                  
       Uncertainty:-       0                  
     Required Time:=    1514                  
      Launch Clock:-       0                  
       Input Delay:-       1                  
         Data Path:-       0                  
             Slack:=    1513                  

Exceptions/Constraints:
  input_delay              1              add_bf16_1C.sdc_line_20_14_1   

#----------------------------------------------------------------------------------------
#  Timing Point   Flags   Arc   Edge   Cell     Fanout Load Trans Delay Arrival Instance 
#                                                      (fF)  (ps)  (ps)   (ps)  Location 
#----------------------------------------------------------------------------------------
  bf1[4]          -       -     F     (arrival)      1  1.4     0     0       1    (-,-) 
  bf1_in_reg[4]/D -       -     F     SDFFR_X1       1    -     -     0       1    (-,-) 
#----------------------------------------------------------------------------------------

Capture clock path:
#-----------------------------------------------------------------------------------------
#  Timing Point    Flags   Arc   Edge   Cell     Fanout Load Trans Delay Arrival Instance 
#                                                       (fF)  (ps)  (ps)   (ps)  Location 
#-----------------------------------------------------------------------------------------
  clk              (i)     -     R     (arrival)     33  0.0     0     0    1587    (-,-) 
  bf1_in_reg[4]/CK <<<     -     R     SDFFR_X1      33    -     1     0    1587    (-,-) 
#-----------------------------------------------------------------------------------------



Path 88: MET (1513 ps) Setup Check with Pin bf1_in_reg[2]/CK->D
           View: view_1p2_25
          Group: clock1
     Startpoint: (F) bf1[2]
          Clock: (R) clock1
       Endpoint: (F) bf1_in_reg[2]/D
          Clock: (R) clock1

                     Capture       Launch     
        Clock Edge:+    1587            0     
        Drv Adjust:+       0            0     
       Src Latency:+       0            0     
       Net Latency:+       0 (I)        0 (I) 
           Arrival:=    1587            0     
                                              
             Setup:-      73                  
       Uncertainty:-       0                  
     Required Time:=    1514                  
      Launch Clock:-       0                  
       Input Delay:-       1                  
         Data Path:-       0                  
             Slack:=    1513                  

Exceptions/Constraints:
  input_delay              1              add_bf16_1C.sdc_line_20_16_1   

#----------------------------------------------------------------------------------------
#  Timing Point   Flags   Arc   Edge   Cell     Fanout Load Trans Delay Arrival Instance 
#                                                      (fF)  (ps)  (ps)   (ps)  Location 
#----------------------------------------------------------------------------------------
  bf1[2]          -       -     F     (arrival)      1  1.4     0     0       1    (-,-) 
  bf1_in_reg[2]/D -       -     F     SDFFR_X1       1    -     -     0       1    (-,-) 
#----------------------------------------------------------------------------------------

Capture clock path:
#-----------------------------------------------------------------------------------------
#  Timing Point    Flags   Arc   Edge   Cell     Fanout Load Trans Delay Arrival Instance 
#                                                       (fF)  (ps)  (ps)   (ps)  Location 
#-----------------------------------------------------------------------------------------
  clk              (i)     -     R     (arrival)     33  0.0     0     0    1587    (-,-) 
  bf1_in_reg[2]/CK <<<     -     R     SDFFR_X1      33    -     1     0    1587    (-,-) 
#-----------------------------------------------------------------------------------------



Path 89: MET (1513 ps) Setup Check with Pin bf1_in_reg[14]/CK->D
           View: view_1p2_25
          Group: clock1
     Startpoint: (F) bf1[14]
          Clock: (R) clock1
       Endpoint: (F) bf1_in_reg[14]/D
          Clock: (R) clock1

                     Capture       Launch     
        Clock Edge:+    1587            0     
        Drv Adjust:+       0            0     
       Src Latency:+       0            0     
       Net Latency:+       0 (I)        0 (I) 
           Arrival:=    1587            0     
                                              
             Setup:-      73                  
       Uncertainty:-       0                  
     Required Time:=    1514                  
      Launch Clock:-       0                  
       Input Delay:-       1                  
         Data Path:-       0                  
             Slack:=    1513                  

Exceptions/Constraints:
  input_delay              1              add_bf16_1C.sdc_line_20_4_1   

#-----------------------------------------------------------------------------------------
#  Timing Point    Flags   Arc   Edge   Cell     Fanout Load Trans Delay Arrival Instance 
#                                                       (fF)  (ps)  (ps)   (ps)  Location 
#-----------------------------------------------------------------------------------------
  bf1[14]          -       -     F     (arrival)      1  1.4     0     0       1    (-,-) 
  bf1_in_reg[14]/D -       -     F     SDFFR_X1       1    -     -     0       1    (-,-) 
#-----------------------------------------------------------------------------------------

Capture clock path:
#------------------------------------------------------------------------------------------
#   Timing Point    Flags   Arc   Edge   Cell     Fanout Load Trans Delay Arrival Instance 
#                                                        (fF)  (ps)  (ps)   (ps)  Location 
#------------------------------------------------------------------------------------------
  clk               (i)     -     R     (arrival)     33  0.0     0     0    1587    (-,-) 
  bf1_in_reg[14]/CK <<<     -     R     SDFFR_X1      33    -     1     0    1587    (-,-) 
#------------------------------------------------------------------------------------------



Path 90: MET (1513 ps) Setup Check with Pin bf1_in_reg[1]/CK->D
           View: view_1p2_25
          Group: clock1
     Startpoint: (F) bf1[1]
          Clock: (R) clock1
       Endpoint: (F) bf1_in_reg[1]/D
          Clock: (R) clock1

                     Capture       Launch     
        Clock Edge:+    1587            0     
        Drv Adjust:+       0            0     
       Src Latency:+       0            0     
       Net Latency:+       0 (I)        0 (I) 
           Arrival:=    1587            0     
                                              
             Setup:-      73                  
       Uncertainty:-       0                  
     Required Time:=    1514                  
      Launch Clock:-       0                  
       Input Delay:-       1                  
         Data Path:-       0                  
             Slack:=    1513                  

Exceptions/Constraints:
  input_delay              1              add_bf16_1C.sdc_line_20_17_1   

#----------------------------------------------------------------------------------------
#  Timing Point   Flags   Arc   Edge   Cell     Fanout Load Trans Delay Arrival Instance 
#                                                      (fF)  (ps)  (ps)   (ps)  Location 
#----------------------------------------------------------------------------------------
  bf1[1]          -       -     F     (arrival)      1  1.4     0     0       1    (-,-) 
  bf1_in_reg[1]/D -       -     F     SDFFR_X1       1    -     -     0       1    (-,-) 
#----------------------------------------------------------------------------------------

Capture clock path:
#-----------------------------------------------------------------------------------------
#  Timing Point    Flags   Arc   Edge   Cell     Fanout Load Trans Delay Arrival Instance 
#                                                       (fF)  (ps)  (ps)   (ps)  Location 
#-----------------------------------------------------------------------------------------
  clk              (i)     -     R     (arrival)     33  0.0     0     0    1587    (-,-) 
  bf1_in_reg[1]/CK <<<     -     R     SDFFR_X1      33    -     1     0    1587    (-,-) 
#-----------------------------------------------------------------------------------------



Path 91: MET (1513 ps) Setup Check with Pin bf2_in_reg[1]/CK->D
           View: view_1p2_25
          Group: clock1
     Startpoint: (F) bf2[1]
          Clock: (R) clock1
       Endpoint: (F) bf2_in_reg[1]/D
          Clock: (R) clock1

                     Capture       Launch     
        Clock Edge:+    1587            0     
        Drv Adjust:+       0            0     
       Src Latency:+       0            0     
       Net Latency:+       0 (I)        0 (I) 
           Arrival:=    1587            0     
                                              
             Setup:-      73                  
       Uncertainty:-       0                  
     Required Time:=    1514                  
      Launch Clock:-       0                  
       Input Delay:-       1                  
         Data Path:-       0                  
             Slack:=    1513                  

Exceptions/Constraints:
  input_delay              1              add_bf16_1C.sdc_line_20_33_1   

#----------------------------------------------------------------------------------------
#  Timing Point   Flags   Arc   Edge   Cell     Fanout Load Trans Delay Arrival Instance 
#                                                      (fF)  (ps)  (ps)   (ps)  Location 
#----------------------------------------------------------------------------------------
  bf2[1]          -       -     F     (arrival)      1  1.4     0     0       1    (-,-) 
  bf2_in_reg[1]/D -       -     F     SDFFR_X1       1    -     -     0       1    (-,-) 
#----------------------------------------------------------------------------------------

Capture clock path:
#-----------------------------------------------------------------------------------------
#  Timing Point    Flags   Arc   Edge   Cell     Fanout Load Trans Delay Arrival Instance 
#                                                       (fF)  (ps)  (ps)   (ps)  Location 
#-----------------------------------------------------------------------------------------
  clk              (i)     -     R     (arrival)     33  0.0     0     0    1587    (-,-) 
  bf2_in_reg[1]/CK <<<     -     R     SDFFR_X1      33    -     1     0    1587    (-,-) 
#-----------------------------------------------------------------------------------------



Path 92: MET (1513 ps) Setup Check with Pin bf2_in_reg[13]/CK->D
           View: view_1p2_25
          Group: clock1
     Startpoint: (F) bf2[13]
          Clock: (R) clock1
       Endpoint: (F) bf2_in_reg[13]/D
          Clock: (R) clock1

                     Capture       Launch     
        Clock Edge:+    1587            0     
        Drv Adjust:+       0            0     
       Src Latency:+       0            0     
       Net Latency:+       0 (I)        0 (I) 
           Arrival:=    1587            0     
                                              
             Setup:-      73                  
       Uncertainty:-       0                  
     Required Time:=    1514                  
      Launch Clock:-       0                  
       Input Delay:-       1                  
         Data Path:-       0                  
             Slack:=    1513                  

Exceptions/Constraints:
  input_delay              1              add_bf16_1C.sdc_line_20_21_1   

#-----------------------------------------------------------------------------------------
#  Timing Point    Flags   Arc   Edge   Cell     Fanout Load Trans Delay Arrival Instance 
#                                                       (fF)  (ps)  (ps)   (ps)  Location 
#-----------------------------------------------------------------------------------------
  bf2[13]          -       -     F     (arrival)      1  1.4     0     0       1    (-,-) 
  bf2_in_reg[13]/D -       -     F     SDFFR_X1       1    -     -     0       1    (-,-) 
#-----------------------------------------------------------------------------------------

Capture clock path:
#------------------------------------------------------------------------------------------
#   Timing Point    Flags   Arc   Edge   Cell     Fanout Load Trans Delay Arrival Instance 
#                                                        (fF)  (ps)  (ps)   (ps)  Location 
#------------------------------------------------------------------------------------------
  clk               (i)     -     R     (arrival)     33  0.0     0     0    1587    (-,-) 
  bf2_in_reg[13]/CK <<<     -     R     SDFFR_X1      33    -     1     0    1587    (-,-) 
#------------------------------------------------------------------------------------------



Path 93: MET (1513 ps) Setup Check with Pin bf2_in_reg[11]/CK->D
           View: view_1p2_25
          Group: clock1
     Startpoint: (F) bf2[11]
          Clock: (R) clock1
       Endpoint: (F) bf2_in_reg[11]/D
          Clock: (R) clock1

                     Capture       Launch     
        Clock Edge:+    1587            0     
        Drv Adjust:+       0            0     
       Src Latency:+       0            0     
       Net Latency:+       0 (I)        0 (I) 
           Arrival:=    1587            0     
                                              
             Setup:-      73                  
       Uncertainty:-       0                  
     Required Time:=    1514                  
      Launch Clock:-       0                  
       Input Delay:-       1                  
         Data Path:-       0                  
             Slack:=    1513                  

Exceptions/Constraints:
  input_delay              1              add_bf16_1C.sdc_line_20_23_1   

#-----------------------------------------------------------------------------------------
#  Timing Point    Flags   Arc   Edge   Cell     Fanout Load Trans Delay Arrival Instance 
#                                                       (fF)  (ps)  (ps)   (ps)  Location 
#-----------------------------------------------------------------------------------------
  bf2[11]          -       -     F     (arrival)      1  1.4     0     0       1    (-,-) 
  bf2_in_reg[11]/D -       -     F     SDFFR_X1       1    -     -     0       1    (-,-) 
#-----------------------------------------------------------------------------------------

Capture clock path:
#------------------------------------------------------------------------------------------
#   Timing Point    Flags   Arc   Edge   Cell     Fanout Load Trans Delay Arrival Instance 
#                                                        (fF)  (ps)  (ps)   (ps)  Location 
#------------------------------------------------------------------------------------------
  clk               (i)     -     R     (arrival)     33  0.0     0     0    1587    (-,-) 
  bf2_in_reg[11]/CK <<<     -     R     SDFFR_X1      33    -     1     0    1587    (-,-) 
#------------------------------------------------------------------------------------------



Path 94: MET (1513 ps) Setup Check with Pin bf1_in_reg[0]/CK->D
           View: view_1p2_25
          Group: clock1
     Startpoint: (F) bf1[0]
          Clock: (R) clock1
       Endpoint: (F) bf1_in_reg[0]/D
          Clock: (R) clock1

                     Capture       Launch     
        Clock Edge:+    1587            0     
        Drv Adjust:+       0            0     
       Src Latency:+       0            0     
       Net Latency:+       0 (I)        0 (I) 
           Arrival:=    1587            0     
                                              
             Setup:-      73                  
       Uncertainty:-       0                  
     Required Time:=    1514                  
      Launch Clock:-       0                  
       Input Delay:-       1                  
         Data Path:-       0                  
             Slack:=    1513                  

Exceptions/Constraints:
  input_delay              1              add_bf16_1C.sdc_line_20_18_1   

#----------------------------------------------------------------------------------------
#  Timing Point   Flags   Arc   Edge   Cell     Fanout Load Trans Delay Arrival Instance 
#                                                      (fF)  (ps)  (ps)   (ps)  Location 
#----------------------------------------------------------------------------------------
  bf1[0]          -       -     F     (arrival)      1  1.4     0     0       1    (-,-) 
  bf1_in_reg[0]/D -       -     F     SDFFR_X1       1    -     -     0       1    (-,-) 
#----------------------------------------------------------------------------------------

Capture clock path:
#-----------------------------------------------------------------------------------------
#  Timing Point    Flags   Arc   Edge   Cell     Fanout Load Trans Delay Arrival Instance 
#                                                       (fF)  (ps)  (ps)   (ps)  Location 
#-----------------------------------------------------------------------------------------
  clk              (i)     -     R     (arrival)     33  0.0     0     0    1587    (-,-) 
  bf1_in_reg[0]/CK <<<     -     R     SDFFR_X1      33    -     1     0    1587    (-,-) 
#-----------------------------------------------------------------------------------------



Path 95: MET (1513 ps) Setup Check with Pin bf2_in_reg[12]/CK->D
           View: view_1p2_25
          Group: clock1
     Startpoint: (F) bf2[12]
          Clock: (R) clock1
       Endpoint: (F) bf2_in_reg[12]/D
          Clock: (R) clock1

                     Capture       Launch     
        Clock Edge:+    1587            0     
        Drv Adjust:+       0            0     
       Src Latency:+       0            0     
       Net Latency:+       0 (I)        0 (I) 
           Arrival:=    1587            0     
                                              
             Setup:-      73                  
       Uncertainty:-       0                  
     Required Time:=    1514                  
      Launch Clock:-       0                  
       Input Delay:-       1                  
         Data Path:-       0                  
             Slack:=    1513                  

Exceptions/Constraints:
  input_delay              1              add_bf16_1C.sdc_line_20_22_1   

#-----------------------------------------------------------------------------------------
#  Timing Point    Flags   Arc   Edge   Cell     Fanout Load Trans Delay Arrival Instance 
#                                                       (fF)  (ps)  (ps)   (ps)  Location 
#-----------------------------------------------------------------------------------------
  bf2[12]          -       -     F     (arrival)      1  1.4     0     0       1    (-,-) 
  bf2_in_reg[12]/D -       -     F     SDFFR_X1       1    -     -     0       1    (-,-) 
#-----------------------------------------------------------------------------------------

Capture clock path:
#------------------------------------------------------------------------------------------
#   Timing Point    Flags   Arc   Edge   Cell     Fanout Load Trans Delay Arrival Instance 
#                                                        (fF)  (ps)  (ps)   (ps)  Location 
#------------------------------------------------------------------------------------------
  clk               (i)     -     R     (arrival)     33  0.0     0     0    1587    (-,-) 
  bf2_in_reg[12]/CK <<<     -     R     SDFFR_X1      33    -     1     0    1587    (-,-) 
#------------------------------------------------------------------------------------------



Path 96: MET (1513 ps) Setup Check with Pin bf1_in_reg[13]/CK->D
           View: view_1p2_25
          Group: clock1
     Startpoint: (F) bf1[13]
          Clock: (R) clock1
       Endpoint: (F) bf1_in_reg[13]/D
          Clock: (R) clock1

                     Capture       Launch     
        Clock Edge:+    1587            0     
        Drv Adjust:+       0            0     
       Src Latency:+       0            0     
       Net Latency:+       0 (I)        0 (I) 
           Arrival:=    1587            0     
                                              
             Setup:-      73                  
       Uncertainty:-       0                  
     Required Time:=    1514                  
      Launch Clock:-       0                  
       Input Delay:-       1                  
         Data Path:-       0                  
             Slack:=    1513                  

Exceptions/Constraints:
  input_delay              1              add_bf16_1C.sdc_line_20_5_1   

#-----------------------------------------------------------------------------------------
#  Timing Point    Flags   Arc   Edge   Cell     Fanout Load Trans Delay Arrival Instance 
#                                                       (fF)  (ps)  (ps)   (ps)  Location 
#-----------------------------------------------------------------------------------------
  bf1[13]          -       -     F     (arrival)      1  1.4     0     0       1    (-,-) 
  bf1_in_reg[13]/D -       -     F     SDFFR_X1       1    -     -     0       1    (-,-) 
#-----------------------------------------------------------------------------------------

Capture clock path:
#------------------------------------------------------------------------------------------
#   Timing Point    Flags   Arc   Edge   Cell     Fanout Load Trans Delay Arrival Instance 
#                                                        (fF)  (ps)  (ps)   (ps)  Location 
#------------------------------------------------------------------------------------------
  clk               (i)     -     R     (arrival)     33  0.0     0     0    1587    (-,-) 
  bf1_in_reg[13]/CK <<<     -     R     SDFFR_X1      33    -     1     0    1587    (-,-) 
#------------------------------------------------------------------------------------------



Path 97: MET (1513 ps) Setup Check with Pin bf1_in_reg[11]/CK->D
           View: view_1p2_25
          Group: clock1
     Startpoint: (F) bf1[11]
          Clock: (R) clock1
       Endpoint: (F) bf1_in_reg[11]/D
          Clock: (R) clock1

                     Capture       Launch     
        Clock Edge:+    1587            0     
        Drv Adjust:+       0            0     
       Src Latency:+       0            0     
       Net Latency:+       0 (I)        0 (I) 
           Arrival:=    1587            0     
                                              
             Setup:-      73                  
       Uncertainty:-       0                  
     Required Time:=    1514                  
      Launch Clock:-       0                  
       Input Delay:-       1                  
         Data Path:-       0                  
             Slack:=    1513                  

Exceptions/Constraints:
  input_delay              1              add_bf16_1C.sdc_line_20_7_1   

#-----------------------------------------------------------------------------------------
#  Timing Point    Flags   Arc   Edge   Cell     Fanout Load Trans Delay Arrival Instance 
#                                                       (fF)  (ps)  (ps)   (ps)  Location 
#-----------------------------------------------------------------------------------------
  bf1[11]          -       -     F     (arrival)      1  1.4     0     0       1    (-,-) 
  bf1_in_reg[11]/D -       -     F     SDFFR_X1       1    -     -     0       1    (-,-) 
#-----------------------------------------------------------------------------------------

Capture clock path:
#------------------------------------------------------------------------------------------
#   Timing Point    Flags   Arc   Edge   Cell     Fanout Load Trans Delay Arrival Instance 
#                                                        (fF)  (ps)  (ps)   (ps)  Location 
#------------------------------------------------------------------------------------------
  clk               (i)     -     R     (arrival)     33  0.0     0     0    1587    (-,-) 
  bf1_in_reg[11]/CK <<<     -     R     SDFFR_X1      33    -     1     0    1587    (-,-) 
#------------------------------------------------------------------------------------------



Path 98: MET (1513 ps) Setup Check with Pin bf2_in_reg[6]/CK->D
           View: view_1p2_25
          Group: clock1
     Startpoint: (F) bf2[6]
          Clock: (R) clock1
       Endpoint: (F) bf2_in_reg[6]/D
          Clock: (R) clock1

                     Capture       Launch     
        Clock Edge:+    1587            0     
        Drv Adjust:+       0            0     
       Src Latency:+       0            0     
       Net Latency:+       0 (I)        0 (I) 
           Arrival:=    1587            0     
                                              
             Setup:-      73                  
       Uncertainty:-       0                  
     Required Time:=    1514                  
      Launch Clock:-       0                  
       Input Delay:-       1                  
         Data Path:-       0                  
             Slack:=    1513                  

Exceptions/Constraints:
  input_delay              1              add_bf16_1C.sdc_line_20_28_1   

#----------------------------------------------------------------------------------------
#  Timing Point   Flags   Arc   Edge   Cell     Fanout Load Trans Delay Arrival Instance 
#                                                      (fF)  (ps)  (ps)   (ps)  Location 
#----------------------------------------------------------------------------------------
  bf2[6]          -       -     F     (arrival)      1  1.4     0     0       1    (-,-) 
  bf2_in_reg[6]/D -       -     F     SDFFR_X1       1    -     -     0       1    (-,-) 
#----------------------------------------------------------------------------------------

Capture clock path:
#-----------------------------------------------------------------------------------------
#  Timing Point    Flags   Arc   Edge   Cell     Fanout Load Trans Delay Arrival Instance 
#                                                       (fF)  (ps)  (ps)   (ps)  Location 
#-----------------------------------------------------------------------------------------
  clk              (i)     -     R     (arrival)     33  0.0     0     0    1587    (-,-) 
  bf2_in_reg[6]/CK <<<     -     R     SDFFR_X1      33    -     1     0    1587    (-,-) 
#-----------------------------------------------------------------------------------------



Path 99: MET (1513 ps) Setup Check with Pin bf2_in_reg[14]/CK->D
           View: view_1p2_25
          Group: clock1
     Startpoint: (F) bf2[14]
          Clock: (R) clock1
       Endpoint: (F) bf2_in_reg[14]/D
          Clock: (R) clock1

                     Capture       Launch     
        Clock Edge:+    1587            0     
        Drv Adjust:+       0            0     
       Src Latency:+       0            0     
       Net Latency:+       0 (I)        0 (I) 
           Arrival:=    1587            0     
                                              
             Setup:-      73                  
       Uncertainty:-       0                  
     Required Time:=    1514                  
      Launch Clock:-       0                  
       Input Delay:-       1                  
         Data Path:-       0                  
             Slack:=    1513                  

Exceptions/Constraints:
  input_delay              1              add_bf16_1C.sdc_line_20_20_1   

#-----------------------------------------------------------------------------------------
#  Timing Point    Flags   Arc   Edge   Cell     Fanout Load Trans Delay Arrival Instance 
#                                                       (fF)  (ps)  (ps)   (ps)  Location 
#-----------------------------------------------------------------------------------------
  bf2[14]          -       -     F     (arrival)      1  1.4     0     0       1    (-,-) 
  bf2_in_reg[14]/D -       -     F     SDFFR_X1       1    -     -     0       1    (-,-) 
#-----------------------------------------------------------------------------------------

Capture clock path:
#------------------------------------------------------------------------------------------
#   Timing Point    Flags   Arc   Edge   Cell     Fanout Load Trans Delay Arrival Instance 
#                                                        (fF)  (ps)  (ps)   (ps)  Location 
#------------------------------------------------------------------------------------------
  clk               (i)     -     R     (arrival)     33  0.0     0     0    1587    (-,-) 
  bf2_in_reg[14]/CK <<<     -     R     SDFFR_X1      33    -     1     0    1587    (-,-) 
#------------------------------------------------------------------------------------------



Path 100: MET (1513 ps) Setup Check with Pin bf2_in_reg[15]/CK->D
           View: view_1p2_25
          Group: clock1
     Startpoint: (F) bf2[15]
          Clock: (R) clock1
       Endpoint: (F) bf2_in_reg[15]/D
          Clock: (R) clock1

                     Capture       Launch     
        Clock Edge:+    1587            0     
        Drv Adjust:+       0            0     
       Src Latency:+       0            0     
       Net Latency:+       0 (I)        0 (I) 
           Arrival:=    1587            0     
                                              
             Setup:-      73                  
       Uncertainty:-       0                  
     Required Time:=    1514                  
      Launch Clock:-       0                  
       Input Delay:-       1                  
         Data Path:-       0                  
             Slack:=    1513                  

Exceptions/Constraints:
  input_delay              1              add_bf16_1C.sdc_line_20_19_1   

#-----------------------------------------------------------------------------------------
#  Timing Point    Flags   Arc   Edge   Cell     Fanout Load Trans Delay Arrival Instance 
#                                                       (fF)  (ps)  (ps)   (ps)  Location 
#-----------------------------------------------------------------------------------------
  bf2[15]          -       -     F     (arrival)      1  1.4     0     0       1    (-,-) 
  bf2_in_reg[15]/D -       -     F     SDFFR_X1       1    -     -     0       1    (-,-) 
#-----------------------------------------------------------------------------------------

Capture clock path:
#------------------------------------------------------------------------------------------
#   Timing Point    Flags   Arc   Edge   Cell     Fanout Load Trans Delay Arrival Instance 
#                                                        (fF)  (ps)  (ps)   (ps)  Location 
#------------------------------------------------------------------------------------------
  clk               (i)     -     R     (arrival)     33  0.0     0     0    1587    (-,-) 
  bf2_in_reg[15]/CK <<<     -     R     SDFFR_X1      33    -     1     0    1587    (-,-) 
#------------------------------------------------------------------------------------------



Path 101: MET (1513 ps) Setup Check with Pin bf1_in_reg[12]/CK->D
           View: view_1p2_25
          Group: clock1
     Startpoint: (F) bf1[12]
          Clock: (R) clock1
       Endpoint: (F) bf1_in_reg[12]/D
          Clock: (R) clock1

                     Capture       Launch     
        Clock Edge:+    1587            0     
        Drv Adjust:+       0            0     
       Src Latency:+       0            0     
       Net Latency:+       0 (I)        0 (I) 
           Arrival:=    1587            0     
                                              
             Setup:-      73                  
       Uncertainty:-       0                  
     Required Time:=    1514                  
      Launch Clock:-       0                  
       Input Delay:-       1                  
         Data Path:-       0                  
             Slack:=    1513                  

Exceptions/Constraints:
  input_delay              1              add_bf16_1C.sdc_line_20_6_1   

#-----------------------------------------------------------------------------------------
#  Timing Point    Flags   Arc   Edge   Cell     Fanout Load Trans Delay Arrival Instance 
#                                                       (fF)  (ps)  (ps)   (ps)  Location 
#-----------------------------------------------------------------------------------------
  bf1[12]          -       -     F     (arrival)      1  1.4     0     0       1    (-,-) 
  bf1_in_reg[12]/D -       -     F     SDFFR_X1       1    -     -     0       1    (-,-) 
#-----------------------------------------------------------------------------------------

Capture clock path:
#------------------------------------------------------------------------------------------
#   Timing Point    Flags   Arc   Edge   Cell     Fanout Load Trans Delay Arrival Instance 
#                                                        (fF)  (ps)  (ps)   (ps)  Location 
#------------------------------------------------------------------------------------------
  clk               (i)     -     R     (arrival)     33  0.0     0     0    1587    (-,-) 
  bf1_in_reg[12]/CK <<<     -     R     SDFFR_X1      33    -     1     0    1587    (-,-) 
#------------------------------------------------------------------------------------------



Path 102: MET (1513 ps) Setup Check with Pin bf2_in_reg[2]/CK->D
           View: view_1p2_25
          Group: clock1
     Startpoint: (F) bf2[2]
          Clock: (R) clock1
       Endpoint: (F) bf2_in_reg[2]/D
          Clock: (R) clock1

                     Capture       Launch     
        Clock Edge:+    1587            0     
        Drv Adjust:+       0            0     
       Src Latency:+       0            0     
       Net Latency:+       0 (I)        0 (I) 
           Arrival:=    1587            0     
                                              
             Setup:-      73                  
       Uncertainty:-       0                  
     Required Time:=    1514                  
      Launch Clock:-       0                  
       Input Delay:-       1                  
         Data Path:-       0                  
             Slack:=    1513                  

Exceptions/Constraints:
  input_delay              1              add_bf16_1C.sdc_line_20_32_1   

#----------------------------------------------------------------------------------------
#  Timing Point   Flags   Arc   Edge   Cell     Fanout Load Trans Delay Arrival Instance 
#                                                      (fF)  (ps)  (ps)   (ps)  Location 
#----------------------------------------------------------------------------------------
  bf2[2]          -       -     F     (arrival)      1  1.4     0     0       1    (-,-) 
  bf2_in_reg[2]/D -       -     F     SDFFR_X1       1    -     -     0       1    (-,-) 
#----------------------------------------------------------------------------------------

Capture clock path:
#-----------------------------------------------------------------------------------------
#  Timing Point    Flags   Arc   Edge   Cell     Fanout Load Trans Delay Arrival Instance 
#                                                       (fF)  (ps)  (ps)   (ps)  Location 
#-----------------------------------------------------------------------------------------
  clk              (i)     -     R     (arrival)     33  0.0     0     0    1587    (-,-) 
  bf2_in_reg[2]/CK <<<     -     R     SDFFR_X1      33    -     1     0    1587    (-,-) 
#-----------------------------------------------------------------------------------------



Path 103: MET (1513 ps) Setup Check with Pin bf1_in_reg[6]/CK->D
           View: view_1p2_25
          Group: clock1
     Startpoint: (F) bf1[6]
          Clock: (R) clock1
       Endpoint: (F) bf1_in_reg[6]/D
          Clock: (R) clock1

                     Capture       Launch     
        Clock Edge:+    1587            0     
        Drv Adjust:+       0            0     
       Src Latency:+       0            0     
       Net Latency:+       0 (I)        0 (I) 
           Arrival:=    1587            0     
                                              
             Setup:-      73                  
       Uncertainty:-       0                  
     Required Time:=    1514                  
      Launch Clock:-       0                  
       Input Delay:-       1                  
         Data Path:-       0                  
             Slack:=    1513                  

Exceptions/Constraints:
  input_delay              1              add_bf16_1C.sdc_line_20_12_1   

#----------------------------------------------------------------------------------------
#  Timing Point   Flags   Arc   Edge   Cell     Fanout Load Trans Delay Arrival Instance 
#                                                      (fF)  (ps)  (ps)   (ps)  Location 
#----------------------------------------------------------------------------------------
  bf1[6]          -       -     F     (arrival)      1  1.4     0     0       1    (-,-) 
  bf1_in_reg[6]/D -       -     F     SDFFR_X1       1    -     -     0       1    (-,-) 
#----------------------------------------------------------------------------------------

Capture clock path:
#-----------------------------------------------------------------------------------------
#  Timing Point    Flags   Arc   Edge   Cell     Fanout Load Trans Delay Arrival Instance 
#                                                       (fF)  (ps)  (ps)   (ps)  Location 
#-----------------------------------------------------------------------------------------
  clk              (i)     -     R     (arrival)     33  0.0     0     0    1587    (-,-) 
  bf1_in_reg[6]/CK <<<     -     R     SDFFR_X1      33    -     1     0    1587    (-,-) 
#-----------------------------------------------------------------------------------------



Path 104: MET (1513 ps) Setup Check with Pin bf1_in_reg[5]/CK->D
           View: view_1p2_25
          Group: clock1
     Startpoint: (F) bf1[5]
          Clock: (R) clock1
       Endpoint: (F) bf1_in_reg[5]/D
          Clock: (R) clock1

                     Capture       Launch     
        Clock Edge:+    1587            0     
        Drv Adjust:+       0            0     
       Src Latency:+       0            0     
       Net Latency:+       0 (I)        0 (I) 
           Arrival:=    1587            0     
                                              
             Setup:-      73                  
       Uncertainty:-       0                  
     Required Time:=    1514                  
      Launch Clock:-       0                  
       Input Delay:-       1                  
         Data Path:-       0                  
             Slack:=    1513                  

Exceptions/Constraints:
  input_delay              1              add_bf16_1C.sdc_line_20_13_1   

#----------------------------------------------------------------------------------------
#  Timing Point   Flags   Arc   Edge   Cell     Fanout Load Trans Delay Arrival Instance 
#                                                      (fF)  (ps)  (ps)   (ps)  Location 
#----------------------------------------------------------------------------------------
  bf1[5]          -       -     F     (arrival)      1  1.4     0     0       1    (-,-) 
  bf1_in_reg[5]/D -       -     F     SDFFR_X1       1    -     -     0       1    (-,-) 
#----------------------------------------------------------------------------------------

Capture clock path:
#-----------------------------------------------------------------------------------------
#  Timing Point    Flags   Arc   Edge   Cell     Fanout Load Trans Delay Arrival Instance 
#                                                       (fF)  (ps)  (ps)   (ps)  Location 
#-----------------------------------------------------------------------------------------
  clk              (i)     -     R     (arrival)     33  0.0     0     0    1587    (-,-) 
  bf1_in_reg[5]/CK <<<     -     R     SDFFR_X1      33    -     1     0    1587    (-,-) 
#-----------------------------------------------------------------------------------------



Path 105: MET (1513 ps) Setup Check with Pin bf2_in_reg[0]/CK->D
           View: view_1p2_25
          Group: clock1
     Startpoint: (F) bf2[0]
          Clock: (R) clock1
       Endpoint: (F) bf2_in_reg[0]/D
          Clock: (R) clock1

                     Capture       Launch     
        Clock Edge:+    1587            0     
        Drv Adjust:+       0            0     
       Src Latency:+       0            0     
       Net Latency:+       0 (I)        0 (I) 
           Arrival:=    1587            0     
                                              
             Setup:-      73                  
       Uncertainty:-       0                  
     Required Time:=    1514                  
      Launch Clock:-       0                  
       Input Delay:-       1                  
         Data Path:-       0                  
             Slack:=    1513                  

Exceptions/Constraints:
  input_delay              1              add_bf16_1C.sdc_line_20_34_1   

#----------------------------------------------------------------------------------------
#  Timing Point   Flags   Arc   Edge   Cell     Fanout Load Trans Delay Arrival Instance 
#                                                      (fF)  (ps)  (ps)   (ps)  Location 
#----------------------------------------------------------------------------------------
  bf2[0]          -       -     F     (arrival)      1  1.4     0     0       1    (-,-) 
  bf2_in_reg[0]/D -       -     F     SDFFR_X1       1    -     -     0       1    (-,-) 
#----------------------------------------------------------------------------------------

Capture clock path:
#-----------------------------------------------------------------------------------------
#  Timing Point    Flags   Arc   Edge   Cell     Fanout Load Trans Delay Arrival Instance 
#                                                       (fF)  (ps)  (ps)   (ps)  Location 
#-----------------------------------------------------------------------------------------
  clk              (i)     -     R     (arrival)     33  0.0     0     0    1587    (-,-) 
  bf2_in_reg[0]/CK <<<     -     R     SDFFR_X1      33    -     1     0    1587    (-,-) 
#-----------------------------------------------------------------------------------------



Path 106: MET (1513 ps) Setup Check with Pin bf1_in_reg[3]/CK->D
           View: view_1p2_25
          Group: clock1
     Startpoint: (F) bf1[3]
          Clock: (R) clock1
       Endpoint: (F) bf1_in_reg[3]/D
          Clock: (R) clock1

                     Capture       Launch     
        Clock Edge:+    1587            0     
        Drv Adjust:+       0            0     
       Src Latency:+       0            0     
       Net Latency:+       0 (I)        0 (I) 
           Arrival:=    1587            0     
                                              
             Setup:-      73                  
       Uncertainty:-       0                  
     Required Time:=    1514                  
      Launch Clock:-       0                  
       Input Delay:-       1                  
         Data Path:-       0                  
             Slack:=    1513                  

Exceptions/Constraints:
  input_delay              1              add_bf16_1C.sdc_line_20_15_1   

#----------------------------------------------------------------------------------------
#  Timing Point   Flags   Arc   Edge   Cell     Fanout Load Trans Delay Arrival Instance 
#                                                      (fF)  (ps)  (ps)   (ps)  Location 
#----------------------------------------------------------------------------------------
  bf1[3]          -       -     F     (arrival)      1  1.4     0     0       1    (-,-) 
  bf1_in_reg[3]/D -       -     F     SDFFR_X1       1    -     -     0       1    (-,-) 
#----------------------------------------------------------------------------------------

Capture clock path:
#-----------------------------------------------------------------------------------------
#  Timing Point    Flags   Arc   Edge   Cell     Fanout Load Trans Delay Arrival Instance 
#                                                       (fF)  (ps)  (ps)   (ps)  Location 
#-----------------------------------------------------------------------------------------
  clk              (i)     -     R     (arrival)     33  0.0     0     0    1587    (-,-) 
  bf1_in_reg[3]/CK <<<     -     R     SDFFR_X1      33    -     1     0    1587    (-,-) 
#-----------------------------------------------------------------------------------------



Path 107: MET (1513 ps) Setup Check with Pin bf1_in_reg[9]/CK->D
           View: view_1p2_25
          Group: clock1
     Startpoint: (F) bf1[9]
          Clock: (R) clock1
       Endpoint: (F) bf1_in_reg[9]/D
          Clock: (R) clock1

                     Capture       Launch     
        Clock Edge:+    1587            0     
        Drv Adjust:+       0            0     
       Src Latency:+       0            0     
       Net Latency:+       0 (I)        0 (I) 
           Arrival:=    1587            0     
                                              
             Setup:-      73                  
       Uncertainty:-       0                  
     Required Time:=    1514                  
      Launch Clock:-       0                  
       Input Delay:-       1                  
         Data Path:-       0                  
             Slack:=    1513                  

Exceptions/Constraints:
  input_delay              1              add_bf16_1C.sdc_line_20_9_1   

#----------------------------------------------------------------------------------------
#  Timing Point   Flags   Arc   Edge   Cell     Fanout Load Trans Delay Arrival Instance 
#                                                      (fF)  (ps)  (ps)   (ps)  Location 
#----------------------------------------------------------------------------------------
  bf1[9]          -       -     F     (arrival)      1  1.4     0     0       1    (-,-) 
  bf1_in_reg[9]/D -       -     F     SDFFR_X1       1    -     -     0       1    (-,-) 
#----------------------------------------------------------------------------------------

Capture clock path:
#-----------------------------------------------------------------------------------------
#  Timing Point    Flags   Arc   Edge   Cell     Fanout Load Trans Delay Arrival Instance 
#                                                       (fF)  (ps)  (ps)   (ps)  Location 
#-----------------------------------------------------------------------------------------
  clk              (i)     -     R     (arrival)     33  0.0     0     0    1587    (-,-) 
  bf1_in_reg[9]/CK <<<     -     R     SDFFR_X1      33    -     1     0    1587    (-,-) 
#-----------------------------------------------------------------------------------------



Path 108: MET (1513 ps) Setup Check with Pin bf2_in_reg[8]/CK->D
           View: view_1p2_25
          Group: clock1
     Startpoint: (F) bf2[8]
          Clock: (R) clock1
       Endpoint: (F) bf2_in_reg[8]/D
          Clock: (R) clock1

                     Capture       Launch     
        Clock Edge:+    1587            0     
        Drv Adjust:+       0            0     
       Src Latency:+       0            0     
       Net Latency:+       0 (I)        0 (I) 
           Arrival:=    1587            0     
                                              
             Setup:-      73                  
       Uncertainty:-       0                  
     Required Time:=    1514                  
      Launch Clock:-       0                  
       Input Delay:-       1                  
         Data Path:-       0                  
             Slack:=    1513                  

Exceptions/Constraints:
  input_delay              1              add_bf16_1C.sdc_line_20_26_1   

#----------------------------------------------------------------------------------------
#  Timing Point   Flags   Arc   Edge   Cell     Fanout Load Trans Delay Arrival Instance 
#                                                      (fF)  (ps)  (ps)   (ps)  Location 
#----------------------------------------------------------------------------------------
  bf2[8]          -       -     F     (arrival)      1  1.4     0     0       1    (-,-) 
  bf2_in_reg[8]/D -       -     F     SDFFR_X1       1    -     -     0       1    (-,-) 
#----------------------------------------------------------------------------------------

Capture clock path:
#-----------------------------------------------------------------------------------------
#  Timing Point    Flags   Arc   Edge   Cell     Fanout Load Trans Delay Arrival Instance 
#                                                       (fF)  (ps)  (ps)   (ps)  Location 
#-----------------------------------------------------------------------------------------
  clk              (i)     -     R     (arrival)     33  0.0     0     0    1587    (-,-) 
  bf2_in_reg[8]/CK <<<     -     R     SDFFR_X1      33    -     1     0    1587    (-,-) 
#-----------------------------------------------------------------------------------------



Path 109: MET (1513 ps) Setup Check with Pin bf1_in_reg[8]/CK->D
           View: view_1p2_25
          Group: clock1
     Startpoint: (F) bf1[8]
          Clock: (R) clock1
       Endpoint: (F) bf1_in_reg[8]/D
          Clock: (R) clock1

                     Capture       Launch     
        Clock Edge:+    1587            0     
        Drv Adjust:+       0            0     
       Src Latency:+       0            0     
       Net Latency:+       0 (I)        0 (I) 
           Arrival:=    1587            0     
                                              
             Setup:-      73                  
       Uncertainty:-       0                  
     Required Time:=    1514                  
      Launch Clock:-       0                  
       Input Delay:-       1                  
         Data Path:-       0                  
             Slack:=    1513                  

Exceptions/Constraints:
  input_delay              1              add_bf16_1C.sdc_line_20_10_1   

#----------------------------------------------------------------------------------------
#  Timing Point   Flags   Arc   Edge   Cell     Fanout Load Trans Delay Arrival Instance 
#                                                      (fF)  (ps)  (ps)   (ps)  Location 
#----------------------------------------------------------------------------------------
  bf1[8]          -       -     F     (arrival)      1  1.4     0     0       1    (-,-) 
  bf1_in_reg[8]/D -       -     F     SDFFR_X1       1    -     -     0       1    (-,-) 
#----------------------------------------------------------------------------------------

Capture clock path:
#-----------------------------------------------------------------------------------------
#  Timing Point    Flags   Arc   Edge   Cell     Fanout Load Trans Delay Arrival Instance 
#                                                       (fF)  (ps)  (ps)   (ps)  Location 
#-----------------------------------------------------------------------------------------
  clk              (i)     -     R     (arrival)     33  0.0     0     0    1587    (-,-) 
  bf1_in_reg[8]/CK <<<     -     R     SDFFR_X1      33    -     1     0    1587    (-,-) 
#-----------------------------------------------------------------------------------------



Path 110: MET (1513 ps) Setup Check with Pin bf2_in_reg[9]/CK->D
           View: view_1p2_25
          Group: clock1
     Startpoint: (F) bf2[9]
          Clock: (R) clock1
       Endpoint: (F) bf2_in_reg[9]/D
          Clock: (R) clock1

                     Capture       Launch     
        Clock Edge:+    1587            0     
        Drv Adjust:+       0            0     
       Src Latency:+       0            0     
       Net Latency:+       0 (I)        0 (I) 
           Arrival:=    1587            0     
                                              
             Setup:-      73                  
       Uncertainty:-       0                  
     Required Time:=    1514                  
      Launch Clock:-       0                  
       Input Delay:-       1                  
         Data Path:-       0                  
             Slack:=    1513                  

Exceptions/Constraints:
  input_delay              1              add_bf16_1C.sdc_line_20_25_1   

#----------------------------------------------------------------------------------------
#  Timing Point   Flags   Arc   Edge   Cell     Fanout Load Trans Delay Arrival Instance 
#                                                      (fF)  (ps)  (ps)   (ps)  Location 
#----------------------------------------------------------------------------------------
  bf2[9]          -       -     F     (arrival)      1  1.4     0     0       1    (-,-) 
  bf2_in_reg[9]/D -       -     F     SDFFR_X1       1    -     -     0       1    (-,-) 
#----------------------------------------------------------------------------------------

Capture clock path:
#-----------------------------------------------------------------------------------------
#  Timing Point    Flags   Arc   Edge   Cell     Fanout Load Trans Delay Arrival Instance 
#                                                       (fF)  (ps)  (ps)   (ps)  Location 
#-----------------------------------------------------------------------------------------
  clk              (i)     -     R     (arrival)     33  0.0     0     0    1587    (-,-) 
  bf2_in_reg[9]/CK <<<     -     R     SDFFR_X1      33    -     1     0    1587    (-,-) 
#-----------------------------------------------------------------------------------------



Path 111: MET (1516 ps) Late External Delay Assertion at pin done
           View: view_1p2_25
          Group: clock1
     Startpoint: (R) done_reg/CK
          Clock: (R) clock1
       Endpoint: (R) done
          Clock: (R) clock1

                     Capture       Launch     
        Clock Edge:+    1587            0     
       Src Latency:+       0            0     
       Net Latency:+       0 (I)        0 (I) 
           Arrival:=    1587            0     
                                              
      Output Delay:-       1                  
       Uncertainty:-       0                  
     Required Time:=    1586                  
      Launch Clock:-       0                  
         Data Path:-      70                  
             Slack:=    1516                  

Exceptions/Constraints:
  output_delay              1              add_bf16_1C.sdc_line_21_52_1   

Launch clock path:
#---------------------------------------------------------------------------------------
# Timing Point   Flags   Arc   Edge   Cell     Fanout Load Trans Delay Arrival Instance 
#                                                     (fF)  (ps)  (ps)   (ps)  Location 
#---------------------------------------------------------------------------------------
  clk            (i)     -     R     (arrival)     33  0.0     0     0       0    (-,-) 
  done_reg/CK    <<<     -     R     SDFFR_X1      33    -     1     0       0    (-,-) 
#---------------------------------------------------------------------------------------

#---------------------------------------------------------------------------------------
# Timing Point   Flags   Arc   Edge   Cell     Fanout Load Trans Delay Arrival Instance 
#                                                     (fF)  (ps)  (ps)   (ps)  Location 
#---------------------------------------------------------------------------------------
  done_reg/CK    -       -     R     (arrival)     33    -     1     0       0    (-,-) 
  done_reg/Q     -       CK->Q R     SDFFR_X1       2  1.7    10    70      70    (-,-) 
  done           -       -     R     (port)         -    -     -     0      70    (-,-) 
#---------------------------------------------------------------------------------------


