============================================================
  Generated by:           Genus(TM) Synthesis Solution 25.11-s095_1
  Generated on:           Mar 10 2026  09:50:51 pm
  Module:                 add_fp16
  Operating conditions:   typical 
  Interconnect mode:      global
  Area mode:              physical library
============================================================


Path 1: MET (237 ps) Setup Check with Pin fp_out_reg[22]/clk->d
           View: view_1p2_25
          Group: clock1
     Startpoint: (R) signs_differ_l_reg/clk
          Clock: (R) clock1
       Endpoint: (R) fp_out_reg[22]/d
          Clock: (R) clock1

                     Capture       Launch     
        Clock Edge:+    1562            0     
       Src Latency:+       0            0     
       Net Latency:+       0 (I)        0 (I) 
           Arrival:=    1562            0     
                                              
             Setup:-      38                  
       Uncertainty:-       0                  
     Required Time:=    1525                  
      Launch Clock:-       0                  
         Data Path:-    1287                  
             Slack:=     237                  

Launch clock path:
#-----------------------------------------------------------------------------------------------------
#     Timing Point       Flags   Arc   Edge      Cell        Fanout Load Trans Delay Arrival Instance 
#                                                                   (fF)  (ps)  (ps)   (ps)  Location 
#-----------------------------------------------------------------------------------------------------
  clk                    (i,u)   -     R     (arrival)          100  0.0     0     0       0    (-,-) 
  signs_differ_l_reg/clk <<<     -     R     unmapped_d_flop    100    -     1     0       0    (-,-) 
#-----------------------------------------------------------------------------------------------------

#-----------------------------------------------------------------------------------------------------------------
#         Timing Point          Flags    Arc    Edge       Cell         Fanout  Load Trans Delay Arrival Instance 
#                                                                               (fF)  (ps)  (ps)   (ps)  Location 
#-----------------------------------------------------------------------------------------------------------------
  signs_differ_l_reg/clk        -       -       R     (arrival)            100     -     1     0       0    (-,-) 
  signs_differ_l_reg/q          (u)     clk->q  F     unmapped_d_flop       97 310.4     0   164     164    (-,-) 
  g10193/z                      (u)     in_0->z R     unmapped_complex2      3  10.8     0    22     186    (-,-) 
  g10454/z                      (u)     in_0->z R     unmapped_or2           1   3.6     0    17     203    (-,-) 
  g10455/z                      (u)     in_1->z F     unmapped_nand2        23  73.6     0    49     252    (-,-) 
  mux_mantissa_sum_238_9_g700/z (u)     in_1->z F     unmapped_or2           3   9.6     0    22     273    (-,-) 
  mux_mantissa_sum_238_9_g676/z (u)     in_1->z R     unmapped_nand2         1   3.6     0    17     290    (-,-) 
  g20860/z                      (u)     in_1->z R     unmapped_or2           1   3.6     0    17     306    (-,-) 
  mux_mantissa_sum_238_9_g575/z (u)     in_1->z F     unmapped_complex2      5  16.0     0    28     334    (-,-) 
  mux_mantissa_sum_238_9_g555/z (u)     in_0->z R     unmapped_complex2      2   7.2     0    19     353    (-,-) 
  mux_mantissa_sum_238_9_g540/z (u)     in_1->z R     unmapped_or2           1   3.6     0    17     370    (-,-) 
  mux_mantissa_sum_238_9_g527/z (u)     in_0->z F     unmapped_complex2     10  32.0     0    38     407    (-,-) 
  mux_mantissa_sum_238_9_g519/z (u)     in_0->z R     unmapped_complex2      1   3.6     0    17     424    (-,-) 
  mux_mantissa_sum_238_9_g511/z (u)     in_0->z F     unmapped_complex2     12  38.4     0    40     464    (-,-) 
  mux_mantissa_sum_238_9_g435/z (u)     in_0->z R     unmapped_complex2      1   3.6     0    17     480    (-,-) 
  mux_mantissa_sum_238_9_g473/z (u)     in_0->z F     unmapped_complex2      2   6.4     0    19     500    (-,-) 
  mux_mantissa_sum_238_9_g468/z (u)     in_0->z F     unmapped_or2           1   3.2     0    17     516    (-,-) 
  mux_mantissa_sum_238_9_g469/z (u)     in_1->z R     unmapped_nand2         5  18.0     0    28     544    (-,-) 
  g11782/z                      (u)     in_0->z R     unmapped_or2           4  14.4     0    24     568    (-,-) 
  g11738/z                      (u)     in_0->z R     unmapped_or2           3  10.8     0    22     590    (-,-) 
  g11718/z                      (u)     in_1->z R     unmapped_or2           3  10.8     0    22     611    (-,-) 
  g11664/z                      (u)     in_1->z R     unmapped_or2           3  10.8     0    22     633    (-,-) 
  g11636/z                      (u)     in_1->z R     unmapped_or2           3  10.8     0    22     655    (-,-) 
  g11524/z                      (u)     in_1->z R     unmapped_or2           3  10.8     0    22     676    (-,-) 
  g11487/z                      (u)     in_1->z R     unmapped_or2           3  10.8     0    22     698    (-,-) 
  g11390/z                      (u)     in_1->z R     unmapped_or2           3  10.8     0    22     719    (-,-) 
  g11297/z                      (u)     in_1->z R     unmapped_or2           3  10.8     0    22     741    (-,-) 
  g11225/z                      (u)     in_1->z R     unmapped_or2           3  10.8     0    22     763    (-,-) 
  g11219/z                      (u)     in_1->z R     unmapped_or2           4  14.4     0    24     787    (-,-) 
  g11163/z                      (u)     in_1->z R     unmapped_or2           2   7.2     0    19     806    (-,-) 
  g11111/z                      (u)     in_1->z R     unmapped_or2           1   3.6     0    17     823    (-,-) 
  g11080/z                      (u)     in_0->z F     unmapped_complex2      2   6.4     0    19     842    (-,-) 
  g11067/z                      (u)     in_0->z R     unmapped_complex2     25  18.0     0    39     881    (-,-) 
  g11034/z                      (u)     in_0->z R     unmapped_complex2      1   3.6     0    17     897    (-,-) 
  g11017/z                      (u)     in_0->z F     unmapped_complex2      5  16.0     0    28     925    (-,-) 
  g11005/z                      (u)     in_1->z R     unmapped_nand2         1   3.6     0    17     942    (-,-) 
  g11003/z                      (u)     in_0->z F     unmapped_complex2      1   3.2     0    17     958    (-,-) 
  g11793/z                      (u)     in_0->z F     unmapped_and2          4  12.8     0    24     983    (-,-) 
  inc_ADD_TC_OP51/g1/z          (u)     in_1->z R     unmapped_nand2         3  10.8     0    22    1004    (-,-) 
  inc_ADD_TC_OP51/g247/z        (u)     in_0->z R     unmapped_complex2      3  10.8     0    22    1026    (-,-) 
  inc_ADD_TC_OP51/g233/z        (u)     in_0->z R     unmapped_complex2      3  10.8     0    22    1047    (-,-) 
  inc_ADD_TC_OP51/g144/z        (u)     in_0->z R     unmapped_complex2      6  21.6     0    30    1078    (-,-) 
  inc_ADD_TC_OP51/g225/z        (u)     in_1->z R     unmapped_or2           9  32.4     0    36    1114    (-,-) 
  inc_ADD_TC_OP51/g207/z        (u)     in_1->z R     unmapped_or2           3  10.8     0    22    1136    (-,-) 
  inc_ADD_TC_OP51/g136/z        (u)     in_1->z R     unmapped_or2           9  32.4     0    36    1172    (-,-) 
  inc_ADD_TC_OP51/g253/z        (u)     in_1->z F     unmapped_nor2          1   3.2     0    17    1188    (-,-) 
  g19191/z                      (u)     in_1->z F     unmapped_or2           1   3.2     0    17    1205    (-,-) 
  g19185/z                      (u)     in_1->z F     unmapped_or2          23  73.6     0    49    1254    (-,-) 
  g19159/z                      (u)     in_1->z F     unmapped_complex2      1   3.2     0    17    1271    (-,-) 
  g19131/z                      (u)     in_0->z R     unmapped_complex2      1   3.6     0    17    1287    (-,-) 
  fp_out_reg[22]/d              -       -       R     unmapped_d_flop        1     -     -     0    1287    (-,-) 
#-----------------------------------------------------------------------------------------------------------------

(u) : Net has unmapped pin(s).

Capture clock path:
#-------------------------------------------------------------------------------------------------
#   Timing Point     Flags   Arc   Edge      Cell        Fanout Load Trans Delay Arrival Instance 
#                                                               (fF)  (ps)  (ps)   (ps)  Location 
#-------------------------------------------------------------------------------------------------
  clk                (i,u)   -     R     (arrival)          100  0.0     0     0    1562    (-,-) 
  fp_out_reg[22]/clk <<<     -     R     unmapped_d_flop    100    -     1     0    1562    (-,-) 
#-------------------------------------------------------------------------------------------------



Path 2: MET (237 ps) Setup Check with Pin fp_out_reg[21]/clk->d
           View: view_1p2_25
          Group: clock1
     Startpoint: (R) signs_differ_l_reg/clk
          Clock: (R) clock1
       Endpoint: (R) fp_out_reg[21]/d
          Clock: (R) clock1

                     Capture       Launch     
        Clock Edge:+    1562            0     
       Src Latency:+       0            0     
       Net Latency:+       0 (I)        0 (I) 
           Arrival:=    1562            0     
                                              
             Setup:-      38                  
       Uncertainty:-       0                  
     Required Time:=    1525                  
      Launch Clock:-       0                  
         Data Path:-    1287                  
             Slack:=     237                  

Launch clock path:
#-----------------------------------------------------------------------------------------------------
#     Timing Point       Flags   Arc   Edge      Cell        Fanout Load Trans Delay Arrival Instance 
#                                                                   (fF)  (ps)  (ps)   (ps)  Location 
#-----------------------------------------------------------------------------------------------------
  clk                    (i,u)   -     R     (arrival)          100  0.0     0     0       0    (-,-) 
  signs_differ_l_reg/clk <<<     -     R     unmapped_d_flop    100    -     1     0       0    (-,-) 
#-----------------------------------------------------------------------------------------------------

#-----------------------------------------------------------------------------------------------------------------
#         Timing Point          Flags    Arc    Edge       Cell         Fanout  Load Trans Delay Arrival Instance 
#                                                                               (fF)  (ps)  (ps)   (ps)  Location 
#-----------------------------------------------------------------------------------------------------------------
  signs_differ_l_reg/clk        -       -       R     (arrival)            100     -     1     0       0    (-,-) 
  signs_differ_l_reg/q          (u)     clk->q  F     unmapped_d_flop       97 310.4     0   164     164    (-,-) 
  g10193/z                      (u)     in_0->z R     unmapped_complex2      3  10.8     0    22     186    (-,-) 
  g10454/z                      (u)     in_0->z R     unmapped_or2           1   3.6     0    17     203    (-,-) 
  g10455/z                      (u)     in_1->z F     unmapped_nand2        23  73.6     0    49     252    (-,-) 
  mux_mantissa_sum_238_9_g700/z (u)     in_1->z F     unmapped_or2           3   9.6     0    22     273    (-,-) 
  mux_mantissa_sum_238_9_g676/z (u)     in_1->z R     unmapped_nand2         1   3.6     0    17     290    (-,-) 
  g20860/z                      (u)     in_1->z R     unmapped_or2           1   3.6     0    17     306    (-,-) 
  mux_mantissa_sum_238_9_g575/z (u)     in_1->z F     unmapped_complex2      5  16.0     0    28     334    (-,-) 
  mux_mantissa_sum_238_9_g555/z (u)     in_0->z R     unmapped_complex2      2   7.2     0    19     353    (-,-) 
  mux_mantissa_sum_238_9_g540/z (u)     in_1->z R     unmapped_or2           1   3.6     0    17     370    (-,-) 
  mux_mantissa_sum_238_9_g527/z (u)     in_0->z F     unmapped_complex2     10  32.0     0    38     407    (-,-) 
  mux_mantissa_sum_238_9_g519/z (u)     in_0->z R     unmapped_complex2      1   3.6     0    17     424    (-,-) 
  mux_mantissa_sum_238_9_g511/z (u)     in_0->z F     unmapped_complex2     12  38.4     0    40     464    (-,-) 
  mux_mantissa_sum_238_9_g435/z (u)     in_0->z R     unmapped_complex2      1   3.6     0    17     480    (-,-) 
  mux_mantissa_sum_238_9_g473/z (u)     in_0->z F     unmapped_complex2      2   6.4     0    19     500    (-,-) 
  mux_mantissa_sum_238_9_g468/z (u)     in_0->z F     unmapped_or2           1   3.2     0    17     516    (-,-) 
  mux_mantissa_sum_238_9_g469/z (u)     in_1->z R     unmapped_nand2         5  18.0     0    28     544    (-,-) 
  g11782/z                      (u)     in_0->z R     unmapped_or2           4  14.4     0    24     568    (-,-) 
  g11738/z                      (u)     in_0->z R     unmapped_or2           3  10.8     0    22     590    (-,-) 
  g11718/z                      (u)     in_1->z R     unmapped_or2           3  10.8     0    22     611    (-,-) 
  g11664/z                      (u)     in_1->z R     unmapped_or2           3  10.8     0    22     633    (-,-) 
  g11636/z                      (u)     in_1->z R     unmapped_or2           3  10.8     0    22     655    (-,-) 
  g11524/z                      (u)     in_1->z R     unmapped_or2           3  10.8     0    22     676    (-,-) 
  g11487/z                      (u)     in_1->z R     unmapped_or2           3  10.8     0    22     698    (-,-) 
  g11390/z                      (u)     in_1->z R     unmapped_or2           3  10.8     0    22     719    (-,-) 
  g11297/z                      (u)     in_1->z R     unmapped_or2           3  10.8     0    22     741    (-,-) 
  g11225/z                      (u)     in_1->z R     unmapped_or2           3  10.8     0    22     763    (-,-) 
  g11219/z                      (u)     in_1->z R     unmapped_or2           4  14.4     0    24     787    (-,-) 
  g11163/z                      (u)     in_1->z R     unmapped_or2           2   7.2     0    19     806    (-,-) 
  g11111/z                      (u)     in_1->z R     unmapped_or2           1   3.6     0    17     823    (-,-) 
  g11080/z                      (u)     in_0->z F     unmapped_complex2      2   6.4     0    19     842    (-,-) 
  g11067/z                      (u)     in_0->z R     unmapped_complex2     25  18.0     0    39     881    (-,-) 
  g11034/z                      (u)     in_0->z R     unmapped_complex2      1   3.6     0    17     897    (-,-) 
  g11017/z                      (u)     in_0->z F     unmapped_complex2      5  16.0     0    28     925    (-,-) 
  g11005/z                      (u)     in_1->z R     unmapped_nand2         1   3.6     0    17     942    (-,-) 
  g11003/z                      (u)     in_0->z F     unmapped_complex2      1   3.2     0    17     958    (-,-) 
  g11793/z                      (u)     in_0->z F     unmapped_and2          4  12.8     0    24     983    (-,-) 
  inc_ADD_TC_OP51/g1/z          (u)     in_1->z R     unmapped_nand2         3  10.8     0    22    1004    (-,-) 
  inc_ADD_TC_OP51/g247/z        (u)     in_0->z R     unmapped_complex2      3  10.8     0    22    1026    (-,-) 
  inc_ADD_TC_OP51/g233/z        (u)     in_0->z R     unmapped_complex2      3  10.8     0    22    1047    (-,-) 
  inc_ADD_TC_OP51/g144/z        (u)     in_0->z R     unmapped_complex2      6  21.6     0    30    1078    (-,-) 
  inc_ADD_TC_OP51/g225/z        (u)     in_1->z R     unmapped_or2           9  32.4     0    36    1114    (-,-) 
  inc_ADD_TC_OP51/g207/z        (u)     in_1->z R     unmapped_or2           3  10.8     0    22    1136    (-,-) 
  inc_ADD_TC_OP51/g136/z        (u)     in_1->z R     unmapped_or2           9  32.4     0    36    1172    (-,-) 
  inc_ADD_TC_OP51/g253/z        (u)     in_1->z F     unmapped_nor2          1   3.2     0    17    1188    (-,-) 
  g19191/z                      (u)     in_1->z F     unmapped_or2           1   3.2     0    17    1205    (-,-) 
  g19185/z                      (u)     in_1->z F     unmapped_or2          23  73.6     0    49    1254    (-,-) 
  g19155/z                      (u)     in_1->z F     unmapped_complex2      1   3.2     0    17    1271    (-,-) 
  g19138/z                      (u)     in_0->z R     unmapped_nand2         1   3.6     0    17    1287    (-,-) 
  fp_out_reg[21]/d              -       -       R     unmapped_d_flop        1     -     -     0    1287    (-,-) 
#-----------------------------------------------------------------------------------------------------------------

(u) : Net has unmapped pin(s).

Capture clock path:
#-------------------------------------------------------------------------------------------------
#   Timing Point     Flags   Arc   Edge      Cell        Fanout Load Trans Delay Arrival Instance 
#                                                               (fF)  (ps)  (ps)   (ps)  Location 
#-------------------------------------------------------------------------------------------------
  clk                (i,u)   -     R     (arrival)          100  0.0     0     0    1562    (-,-) 
  fp_out_reg[21]/clk <<<     -     R     unmapped_d_flop    100    -     1     0    1562    (-,-) 
#-------------------------------------------------------------------------------------------------



Path 3: MET (237 ps) Setup Check with Pin fp_out_reg[20]/clk->d
           View: view_1p2_25
          Group: clock1
     Startpoint: (R) signs_differ_l_reg/clk
          Clock: (R) clock1
       Endpoint: (R) fp_out_reg[20]/d
          Clock: (R) clock1

                     Capture       Launch     
        Clock Edge:+    1562            0     
       Src Latency:+       0            0     
       Net Latency:+       0 (I)        0 (I) 
           Arrival:=    1562            0     
                                              
             Setup:-      38                  
       Uncertainty:-       0                  
     Required Time:=    1525                  
      Launch Clock:-       0                  
         Data Path:-    1287                  
             Slack:=     237                  

Launch clock path:
#-----------------------------------------------------------------------------------------------------
#     Timing Point       Flags   Arc   Edge      Cell        Fanout Load Trans Delay Arrival Instance 
#                                                                   (fF)  (ps)  (ps)   (ps)  Location 
#-----------------------------------------------------------------------------------------------------
  clk                    (i,u)   -     R     (arrival)          100  0.0     0     0       0    (-,-) 
  signs_differ_l_reg/clk <<<     -     R     unmapped_d_flop    100    -     1     0       0    (-,-) 
#-----------------------------------------------------------------------------------------------------

#-----------------------------------------------------------------------------------------------------------------
#         Timing Point          Flags    Arc    Edge       Cell         Fanout  Load Trans Delay Arrival Instance 
#                                                                               (fF)  (ps)  (ps)   (ps)  Location 
#-----------------------------------------------------------------------------------------------------------------
  signs_differ_l_reg/clk        -       -       R     (arrival)            100     -     1     0       0    (-,-) 
  signs_differ_l_reg/q          (u)     clk->q  F     unmapped_d_flop       97 310.4     0   164     164    (-,-) 
  g10193/z                      (u)     in_0->z R     unmapped_complex2      3  10.8     0    22     186    (-,-) 
  g10454/z                      (u)     in_0->z R     unmapped_or2           1   3.6     0    17     203    (-,-) 
  g10455/z                      (u)     in_1->z F     unmapped_nand2        23  73.6     0    49     252    (-,-) 
  mux_mantissa_sum_238_9_g700/z (u)     in_1->z F     unmapped_or2           3   9.6     0    22     273    (-,-) 
  mux_mantissa_sum_238_9_g676/z (u)     in_1->z R     unmapped_nand2         1   3.6     0    17     290    (-,-) 
  g20860/z                      (u)     in_1->z R     unmapped_or2           1   3.6     0    17     306    (-,-) 
  mux_mantissa_sum_238_9_g575/z (u)     in_1->z F     unmapped_complex2      5  16.0     0    28     334    (-,-) 
  mux_mantissa_sum_238_9_g555/z (u)     in_0->z R     unmapped_complex2      2   7.2     0    19     353    (-,-) 
  mux_mantissa_sum_238_9_g540/z (u)     in_1->z R     unmapped_or2           1   3.6     0    17     370    (-,-) 
  mux_mantissa_sum_238_9_g527/z (u)     in_0->z F     unmapped_complex2     10  32.0     0    38     407    (-,-) 
  mux_mantissa_sum_238_9_g519/z (u)     in_0->z R     unmapped_complex2      1   3.6     0    17     424    (-,-) 
  mux_mantissa_sum_238_9_g511/z (u)     in_0->z F     unmapped_complex2     12  38.4     0    40     464    (-,-) 
  mux_mantissa_sum_238_9_g435/z (u)     in_0->z R     unmapped_complex2      1   3.6     0    17     480    (-,-) 
  mux_mantissa_sum_238_9_g473/z (u)     in_0->z F     unmapped_complex2      2   6.4     0    19     500    (-,-) 
  mux_mantissa_sum_238_9_g468/z (u)     in_0->z F     unmapped_or2           1   3.2     0    17     516    (-,-) 
  mux_mantissa_sum_238_9_g469/z (u)     in_1->z R     unmapped_nand2         5  18.0     0    28     544    (-,-) 
  g11782/z                      (u)     in_0->z R     unmapped_or2           4  14.4     0    24     568    (-,-) 
  g11738/z                      (u)     in_0->z R     unmapped_or2           3  10.8     0    22     590    (-,-) 
  g11718/z                      (u)     in_1->z R     unmapped_or2           3  10.8     0    22     611    (-,-) 
  g11664/z                      (u)     in_1->z R     unmapped_or2           3  10.8     0    22     633    (-,-) 
  g11636/z                      (u)     in_1->z R     unmapped_or2           3  10.8     0    22     655    (-,-) 
  g11524/z                      (u)     in_1->z R     unmapped_or2           3  10.8     0    22     676    (-,-) 
  g11487/z                      (u)     in_1->z R     unmapped_or2           3  10.8     0    22     698    (-,-) 
  g11390/z                      (u)     in_1->z R     unmapped_or2           3  10.8     0    22     719    (-,-) 
  g11297/z                      (u)     in_1->z R     unmapped_or2           3  10.8     0    22     741    (-,-) 
  g11225/z                      (u)     in_1->z R     unmapped_or2           3  10.8     0    22     763    (-,-) 
  g11219/z                      (u)     in_1->z R     unmapped_or2           4  14.4     0    24     787    (-,-) 
  g11163/z                      (u)     in_1->z R     unmapped_or2           2   7.2     0    19     806    (-,-) 
  g11111/z                      (u)     in_1->z R     unmapped_or2           1   3.6     0    17     823    (-,-) 
  g11080/z                      (u)     in_0->z F     unmapped_complex2      2   6.4     0    19     842    (-,-) 
  g11067/z                      (u)     in_0->z R     unmapped_complex2     25  18.0     0    39     881    (-,-) 
  g11034/z                      (u)     in_0->z R     unmapped_complex2      1   3.6     0    17     897    (-,-) 
  g11017/z                      (u)     in_0->z F     unmapped_complex2      5  16.0     0    28     925    (-,-) 
  g11005/z                      (u)     in_1->z R     unmapped_nand2         1   3.6     0    17     942    (-,-) 
  g11003/z                      (u)     in_0->z F     unmapped_complex2      1   3.2     0    17     958    (-,-) 
  g11793/z                      (u)     in_0->z F     unmapped_and2          4  12.8     0    24     983    (-,-) 
  inc_ADD_TC_OP51/g1/z          (u)     in_1->z R     unmapped_nand2         3  10.8     0    22    1004    (-,-) 
  inc_ADD_TC_OP51/g247/z        (u)     in_0->z R     unmapped_complex2      3  10.8     0    22    1026    (-,-) 
  inc_ADD_TC_OP51/g233/z        (u)     in_0->z R     unmapped_complex2      3  10.8     0    22    1047    (-,-) 
  inc_ADD_TC_OP51/g144/z        (u)     in_0->z R     unmapped_complex2      6  21.6     0    30    1078    (-,-) 
  inc_ADD_TC_OP51/g225/z        (u)     in_1->z R     unmapped_or2           9  32.4     0    36    1114    (-,-) 
  inc_ADD_TC_OP51/g207/z        (u)     in_1->z R     unmapped_or2           3  10.8     0    22    1136    (-,-) 
  inc_ADD_TC_OP51/g136/z        (u)     in_1->z R     unmapped_or2           9  32.4     0    36    1172    (-,-) 
  inc_ADD_TC_OP51/g253/z        (u)     in_1->z F     unmapped_nor2          1   3.2     0    17    1188    (-,-) 
  g19191/z                      (u)     in_1->z F     unmapped_or2           1   3.2     0    17    1205    (-,-) 
  g19185/z                      (u)     in_1->z F     unmapped_or2          23  73.6     0    49    1254    (-,-) 
  g19154/z                      (u)     in_1->z F     unmapped_complex2      1   3.2     0    17    1271    (-,-) 
  g19144/z                      (u)     in_0->z R     unmapped_nand2         1   3.6     0    17    1287    (-,-) 
  fp_out_reg[20]/d              -       -       R     unmapped_d_flop        1     -     -     0    1287    (-,-) 
#-----------------------------------------------------------------------------------------------------------------

(u) : Net has unmapped pin(s).

Capture clock path:
#-------------------------------------------------------------------------------------------------
#   Timing Point     Flags   Arc   Edge      Cell        Fanout Load Trans Delay Arrival Instance 
#                                                               (fF)  (ps)  (ps)   (ps)  Location 
#-------------------------------------------------------------------------------------------------
  clk                (i,u)   -     R     (arrival)          100  0.0     0     0    1562    (-,-) 
  fp_out_reg[20]/clk <<<     -     R     unmapped_d_flop    100    -     1     0    1562    (-,-) 
#-------------------------------------------------------------------------------------------------



Path 4: MET (237 ps) Setup Check with Pin fp_out_reg[19]/clk->d
           View: view_1p2_25
          Group: clock1
     Startpoint: (R) signs_differ_l_reg/clk
          Clock: (R) clock1
       Endpoint: (R) fp_out_reg[19]/d
          Clock: (R) clock1

                     Capture       Launch     
        Clock Edge:+    1562            0     
       Src Latency:+       0            0     
       Net Latency:+       0 (I)        0 (I) 
           Arrival:=    1562            0     
                                              
             Setup:-      38                  
       Uncertainty:-       0                  
     Required Time:=    1525                  
      Launch Clock:-       0                  
         Data Path:-    1287                  
             Slack:=     237                  

Launch clock path:
#-----------------------------------------------------------------------------------------------------
#     Timing Point       Flags   Arc   Edge      Cell        Fanout Load Trans Delay Arrival Instance 
#                                                                   (fF)  (ps)  (ps)   (ps)  Location 
#-----------------------------------------------------------------------------------------------------
  clk                    (i,u)   -     R     (arrival)          100  0.0     0     0       0    (-,-) 
  signs_differ_l_reg/clk <<<     -     R     unmapped_d_flop    100    -     1     0       0    (-,-) 
#-----------------------------------------------------------------------------------------------------

#-----------------------------------------------------------------------------------------------------------------
#         Timing Point          Flags    Arc    Edge       Cell         Fanout  Load Trans Delay Arrival Instance 
#                                                                               (fF)  (ps)  (ps)   (ps)  Location 
#-----------------------------------------------------------------------------------------------------------------
  signs_differ_l_reg/clk        -       -       R     (arrival)            100     -     1     0       0    (-,-) 
  signs_differ_l_reg/q          (u)     clk->q  F     unmapped_d_flop       97 310.4     0   164     164    (-,-) 
  g10193/z                      (u)     in_0->z R     unmapped_complex2      3  10.8     0    22     186    (-,-) 
  g10454/z                      (u)     in_0->z R     unmapped_or2           1   3.6     0    17     203    (-,-) 
  g10455/z                      (u)     in_1->z F     unmapped_nand2        23  73.6     0    49     252    (-,-) 
  mux_mantissa_sum_238_9_g700/z (u)     in_1->z F     unmapped_or2           3   9.6     0    22     273    (-,-) 
  mux_mantissa_sum_238_9_g676/z (u)     in_1->z R     unmapped_nand2         1   3.6     0    17     290    (-,-) 
  g20860/z                      (u)     in_1->z R     unmapped_or2           1   3.6     0    17     306    (-,-) 
  mux_mantissa_sum_238_9_g575/z (u)     in_1->z F     unmapped_complex2      5  16.0     0    28     334    (-,-) 
  mux_mantissa_sum_238_9_g555/z (u)     in_0->z R     unmapped_complex2      2   7.2     0    19     353    (-,-) 
  mux_mantissa_sum_238_9_g540/z (u)     in_1->z R     unmapped_or2           1   3.6     0    17     370    (-,-) 
  mux_mantissa_sum_238_9_g527/z (u)     in_0->z F     unmapped_complex2     10  32.0     0    38     407    (-,-) 
  mux_mantissa_sum_238_9_g519/z (u)     in_0->z R     unmapped_complex2      1   3.6     0    17     424    (-,-) 
  mux_mantissa_sum_238_9_g511/z (u)     in_0->z F     unmapped_complex2     12  38.4     0    40     464    (-,-) 
  mux_mantissa_sum_238_9_g435/z (u)     in_0->z R     unmapped_complex2      1   3.6     0    17     480    (-,-) 
  mux_mantissa_sum_238_9_g473/z (u)     in_0->z F     unmapped_complex2      2   6.4     0    19     500    (-,-) 
  mux_mantissa_sum_238_9_g468/z (u)     in_0->z F     unmapped_or2           1   3.2     0    17     516    (-,-) 
  mux_mantissa_sum_238_9_g469/z (u)     in_1->z R     unmapped_nand2         5  18.0     0    28     544    (-,-) 
  g11782/z                      (u)     in_0->z R     unmapped_or2           4  14.4     0    24     568    (-,-) 
  g11738/z                      (u)     in_0->z R     unmapped_or2           3  10.8     0    22     590    (-,-) 
  g11718/z                      (u)     in_1->z R     unmapped_or2           3  10.8     0    22     611    (-,-) 
  g11664/z                      (u)     in_1->z R     unmapped_or2           3  10.8     0    22     633    (-,-) 
  g11636/z                      (u)     in_1->z R     unmapped_or2           3  10.8     0    22     655    (-,-) 
  g11524/z                      (u)     in_1->z R     unmapped_or2           3  10.8     0    22     676    (-,-) 
  g11487/z                      (u)     in_1->z R     unmapped_or2           3  10.8     0    22     698    (-,-) 
  g11390/z                      (u)     in_1->z R     unmapped_or2           3  10.8     0    22     719    (-,-) 
  g11297/z                      (u)     in_1->z R     unmapped_or2           3  10.8     0    22     741    (-,-) 
  g11225/z                      (u)     in_1->z R     unmapped_or2           3  10.8     0    22     763    (-,-) 
  g11219/z                      (u)     in_1->z R     unmapped_or2           4  14.4     0    24     787    (-,-) 
  g11163/z                      (u)     in_1->z R     unmapped_or2           2   7.2     0    19     806    (-,-) 
  g11111/z                      (u)     in_1->z R     unmapped_or2           1   3.6     0    17     823    (-,-) 
  g11080/z                      (u)     in_0->z F     unmapped_complex2      2   6.4     0    19     842    (-,-) 
  g11067/z                      (u)     in_0->z R     unmapped_complex2     25  18.0     0    39     881    (-,-) 
  g11034/z                      (u)     in_0->z R     unmapped_complex2      1   3.6     0    17     897    (-,-) 
  g11017/z                      (u)     in_0->z F     unmapped_complex2      5  16.0     0    28     925    (-,-) 
  g11005/z                      (u)     in_1->z R     unmapped_nand2         1   3.6     0    17     942    (-,-) 
  g11003/z                      (u)     in_0->z F     unmapped_complex2      1   3.2     0    17     958    (-,-) 
  g11793/z                      (u)     in_0->z F     unmapped_and2          4  12.8     0    24     983    (-,-) 
  inc_ADD_TC_OP51/g1/z          (u)     in_1->z R     unmapped_nand2         3  10.8     0    22    1004    (-,-) 
  inc_ADD_TC_OP51/g247/z        (u)     in_0->z R     unmapped_complex2      3  10.8     0    22    1026    (-,-) 
  inc_ADD_TC_OP51/g233/z        (u)     in_0->z R     unmapped_complex2      3  10.8     0    22    1047    (-,-) 
  inc_ADD_TC_OP51/g144/z        (u)     in_0->z R     unmapped_complex2      6  21.6     0    30    1078    (-,-) 
  inc_ADD_TC_OP51/g225/z        (u)     in_1->z R     unmapped_or2           9  32.4     0    36    1114    (-,-) 
  inc_ADD_TC_OP51/g207/z        (u)     in_1->z R     unmapped_or2           3  10.8     0    22    1136    (-,-) 
  inc_ADD_TC_OP51/g136/z        (u)     in_1->z R     unmapped_or2           9  32.4     0    36    1172    (-,-) 
  inc_ADD_TC_OP51/g253/z        (u)     in_1->z F     unmapped_nor2          1   3.2     0    17    1188    (-,-) 
  g19191/z                      (u)     in_1->z F     unmapped_or2           1   3.2     0    17    1205    (-,-) 
  g19185/z                      (u)     in_1->z F     unmapped_or2          23  73.6     0    49    1254    (-,-) 
  g19168/z                      (u)     in_1->z F     unmapped_complex2      1   3.2     0    17    1271    (-,-) 
  g19130/z                      (u)     in_0->z R     unmapped_nand2         1   3.6     0    17    1287    (-,-) 
  fp_out_reg[19]/d              -       -       R     unmapped_d_flop        1     -     -     0    1287    (-,-) 
#-----------------------------------------------------------------------------------------------------------------

(u) : Net has unmapped pin(s).

Capture clock path:
#-------------------------------------------------------------------------------------------------
#   Timing Point     Flags   Arc   Edge      Cell        Fanout Load Trans Delay Arrival Instance 
#                                                               (fF)  (ps)  (ps)   (ps)  Location 
#-------------------------------------------------------------------------------------------------
  clk                (i,u)   -     R     (arrival)          100  0.0     0     0    1562    (-,-) 
  fp_out_reg[19]/clk <<<     -     R     unmapped_d_flop    100    -     1     0    1562    (-,-) 
#-------------------------------------------------------------------------------------------------



Path 5: MET (237 ps) Setup Check with Pin fp_out_reg[18]/clk->d
           View: view_1p2_25
          Group: clock1
     Startpoint: (R) signs_differ_l_reg/clk
          Clock: (R) clock1
       Endpoint: (R) fp_out_reg[18]/d
          Clock: (R) clock1

                     Capture       Launch     
        Clock Edge:+    1562            0     
       Src Latency:+       0            0     
       Net Latency:+       0 (I)        0 (I) 
           Arrival:=    1562            0     
                                              
             Setup:-      38                  
       Uncertainty:-       0                  
     Required Time:=    1525                  
      Launch Clock:-       0                  
         Data Path:-    1287                  
             Slack:=     237                  

Launch clock path:
#-----------------------------------------------------------------------------------------------------
#     Timing Point       Flags   Arc   Edge      Cell        Fanout Load Trans Delay Arrival Instance 
#                                                                   (fF)  (ps)  (ps)   (ps)  Location 
#-----------------------------------------------------------------------------------------------------
  clk                    (i,u)   -     R     (arrival)          100  0.0     0     0       0    (-,-) 
  signs_differ_l_reg/clk <<<     -     R     unmapped_d_flop    100    -     1     0       0    (-,-) 
#-----------------------------------------------------------------------------------------------------

#-----------------------------------------------------------------------------------------------------------------
#         Timing Point          Flags    Arc    Edge       Cell         Fanout  Load Trans Delay Arrival Instance 
#                                                                               (fF)  (ps)  (ps)   (ps)  Location 
#-----------------------------------------------------------------------------------------------------------------
  signs_differ_l_reg/clk        -       -       R     (arrival)            100     -     1     0       0    (-,-) 
  signs_differ_l_reg/q          (u)     clk->q  F     unmapped_d_flop       97 310.4     0   164     164    (-,-) 
  g10193/z                      (u)     in_0->z R     unmapped_complex2      3  10.8     0    22     186    (-,-) 
  g10454/z                      (u)     in_0->z R     unmapped_or2           1   3.6     0    17     203    (-,-) 
  g10455/z                      (u)     in_1->z F     unmapped_nand2        23  73.6     0    49     252    (-,-) 
  mux_mantissa_sum_238_9_g700/z (u)     in_1->z F     unmapped_or2           3   9.6     0    22     273    (-,-) 
  mux_mantissa_sum_238_9_g676/z (u)     in_1->z R     unmapped_nand2         1   3.6     0    17     290    (-,-) 
  g20860/z                      (u)     in_1->z R     unmapped_or2           1   3.6     0    17     306    (-,-) 
  mux_mantissa_sum_238_9_g575/z (u)     in_1->z F     unmapped_complex2      5  16.0     0    28     334    (-,-) 
  mux_mantissa_sum_238_9_g555/z (u)     in_0->z R     unmapped_complex2      2   7.2     0    19     353    (-,-) 
  mux_mantissa_sum_238_9_g540/z (u)     in_1->z R     unmapped_or2           1   3.6     0    17     370    (-,-) 
  mux_mantissa_sum_238_9_g527/z (u)     in_0->z F     unmapped_complex2     10  32.0     0    38     407    (-,-) 
  mux_mantissa_sum_238_9_g519/z (u)     in_0->z R     unmapped_complex2      1   3.6     0    17     424    (-,-) 
  mux_mantissa_sum_238_9_g511/z (u)     in_0->z F     unmapped_complex2     12  38.4     0    40     464    (-,-) 
  mux_mantissa_sum_238_9_g435/z (u)     in_0->z R     unmapped_complex2      1   3.6     0    17     480    (-,-) 
  mux_mantissa_sum_238_9_g473/z (u)     in_0->z F     unmapped_complex2      2   6.4     0    19     500    (-,-) 
  mux_mantissa_sum_238_9_g468/z (u)     in_0->z F     unmapped_or2           1   3.2     0    17     516    (-,-) 
  mux_mantissa_sum_238_9_g469/z (u)     in_1->z R     unmapped_nand2         5  18.0     0    28     544    (-,-) 
  g11782/z                      (u)     in_0->z R     unmapped_or2           4  14.4     0    24     568    (-,-) 
  g11738/z                      (u)     in_0->z R     unmapped_or2           3  10.8     0    22     590    (-,-) 
  g11718/z                      (u)     in_1->z R     unmapped_or2           3  10.8     0    22     611    (-,-) 
  g11664/z                      (u)     in_1->z R     unmapped_or2           3  10.8     0    22     633    (-,-) 
  g11636/z                      (u)     in_1->z R     unmapped_or2           3  10.8     0    22     655    (-,-) 
  g11524/z                      (u)     in_1->z R     unmapped_or2           3  10.8     0    22     676    (-,-) 
  g11487/z                      (u)     in_1->z R     unmapped_or2           3  10.8     0    22     698    (-,-) 
  g11390/z                      (u)     in_1->z R     unmapped_or2           3  10.8     0    22     719    (-,-) 
  g11297/z                      (u)     in_1->z R     unmapped_or2           3  10.8     0    22     741    (-,-) 
  g11225/z                      (u)     in_1->z R     unmapped_or2           3  10.8     0    22     763    (-,-) 
  g11219/z                      (u)     in_1->z R     unmapped_or2           4  14.4     0    24     787    (-,-) 
  g11163/z                      (u)     in_1->z R     unmapped_or2           2   7.2     0    19     806    (-,-) 
  g11111/z                      (u)     in_1->z R     unmapped_or2           1   3.6     0    17     823    (-,-) 
  g11080/z                      (u)     in_0->z F     unmapped_complex2      2   6.4     0    19     842    (-,-) 
  g11067/z                      (u)     in_0->z R     unmapped_complex2     25  18.0     0    39     881    (-,-) 
  g11034/z                      (u)     in_0->z R     unmapped_complex2      1   3.6     0    17     897    (-,-) 
  g11017/z                      (u)     in_0->z F     unmapped_complex2      5  16.0     0    28     925    (-,-) 
  g11005/z                      (u)     in_1->z R     unmapped_nand2         1   3.6     0    17     942    (-,-) 
  g11003/z                      (u)     in_0->z F     unmapped_complex2      1   3.2     0    17     958    (-,-) 
  g11793/z                      (u)     in_0->z F     unmapped_and2          4  12.8     0    24     983    (-,-) 
  inc_ADD_TC_OP51/g1/z          (u)     in_1->z R     unmapped_nand2         3  10.8     0    22    1004    (-,-) 
  inc_ADD_TC_OP51/g247/z        (u)     in_0->z R     unmapped_complex2      3  10.8     0    22    1026    (-,-) 
  inc_ADD_TC_OP51/g233/z        (u)     in_0->z R     unmapped_complex2      3  10.8     0    22    1047    (-,-) 
  inc_ADD_TC_OP51/g144/z        (u)     in_0->z R     unmapped_complex2      6  21.6     0    30    1078    (-,-) 
  inc_ADD_TC_OP51/g225/z        (u)     in_1->z R     unmapped_or2           9  32.4     0    36    1114    (-,-) 
  inc_ADD_TC_OP51/g207/z        (u)     in_1->z R     unmapped_or2           3  10.8     0    22    1136    (-,-) 
  inc_ADD_TC_OP51/g136/z        (u)     in_1->z R     unmapped_or2           9  32.4     0    36    1172    (-,-) 
  inc_ADD_TC_OP51/g253/z        (u)     in_1->z F     unmapped_nor2          1   3.2     0    17    1188    (-,-) 
  g19191/z                      (u)     in_1->z F     unmapped_or2           1   3.2     0    17    1205    (-,-) 
  g19185/z                      (u)     in_1->z F     unmapped_or2          23  73.6     0    49    1254    (-,-) 
  g19174/z                      (u)     in_1->z F     unmapped_complex2      1   3.2     0    17    1271    (-,-) 
  g19139/z                      (u)     in_0->z R     unmapped_nand2         1   3.6     0    17    1287    (-,-) 
  fp_out_reg[18]/d              -       -       R     unmapped_d_flop        1     -     -     0    1287    (-,-) 
#-----------------------------------------------------------------------------------------------------------------

(u) : Net has unmapped pin(s).

Capture clock path:
#-------------------------------------------------------------------------------------------------
#   Timing Point     Flags   Arc   Edge      Cell        Fanout Load Trans Delay Arrival Instance 
#                                                               (fF)  (ps)  (ps)   (ps)  Location 
#-------------------------------------------------------------------------------------------------
  clk                (i,u)   -     R     (arrival)          100  0.0     0     0    1562    (-,-) 
  fp_out_reg[18]/clk <<<     -     R     unmapped_d_flop    100    -     1     0    1562    (-,-) 
#-------------------------------------------------------------------------------------------------



Path 6: MET (237 ps) Setup Check with Pin fp_out_reg[17]/clk->d
           View: view_1p2_25
          Group: clock1
     Startpoint: (R) signs_differ_l_reg/clk
          Clock: (R) clock1
       Endpoint: (R) fp_out_reg[17]/d
          Clock: (R) clock1

                     Capture       Launch     
        Clock Edge:+    1562            0     
       Src Latency:+       0            0     
       Net Latency:+       0 (I)        0 (I) 
           Arrival:=    1562            0     
                                              
             Setup:-      38                  
       Uncertainty:-       0                  
     Required Time:=    1525                  
      Launch Clock:-       0                  
         Data Path:-    1287                  
             Slack:=     237                  

Launch clock path:
#-----------------------------------------------------------------------------------------------------
#     Timing Point       Flags   Arc   Edge      Cell        Fanout Load Trans Delay Arrival Instance 
#                                                                   (fF)  (ps)  (ps)   (ps)  Location 
#-----------------------------------------------------------------------------------------------------
  clk                    (i,u)   -     R     (arrival)          100  0.0     0     0       0    (-,-) 
  signs_differ_l_reg/clk <<<     -     R     unmapped_d_flop    100    -     1     0       0    (-,-) 
#-----------------------------------------------------------------------------------------------------

#-----------------------------------------------------------------------------------------------------------------
#         Timing Point          Flags    Arc    Edge       Cell         Fanout  Load Trans Delay Arrival Instance 
#                                                                               (fF)  (ps)  (ps)   (ps)  Location 
#-----------------------------------------------------------------------------------------------------------------
  signs_differ_l_reg/clk        -       -       R     (arrival)            100     -     1     0       0    (-,-) 
  signs_differ_l_reg/q          (u)     clk->q  F     unmapped_d_flop       97 310.4     0   164     164    (-,-) 
  g10193/z                      (u)     in_0->z R     unmapped_complex2      3  10.8     0    22     186    (-,-) 
  g10454/z                      (u)     in_0->z R     unmapped_or2           1   3.6     0    17     203    (-,-) 
  g10455/z                      (u)     in_1->z F     unmapped_nand2        23  73.6     0    49     252    (-,-) 
  mux_mantissa_sum_238_9_g700/z (u)     in_1->z F     unmapped_or2           3   9.6     0    22     273    (-,-) 
  mux_mantissa_sum_238_9_g676/z (u)     in_1->z R     unmapped_nand2         1   3.6     0    17     290    (-,-) 
  g20860/z                      (u)     in_1->z R     unmapped_or2           1   3.6     0    17     306    (-,-) 
  mux_mantissa_sum_238_9_g575/z (u)     in_1->z F     unmapped_complex2      5  16.0     0    28     334    (-,-) 
  mux_mantissa_sum_238_9_g555/z (u)     in_0->z R     unmapped_complex2      2   7.2     0    19     353    (-,-) 
  mux_mantissa_sum_238_9_g540/z (u)     in_1->z R     unmapped_or2           1   3.6     0    17     370    (-,-) 
  mux_mantissa_sum_238_9_g527/z (u)     in_0->z F     unmapped_complex2     10  32.0     0    38     407    (-,-) 
  mux_mantissa_sum_238_9_g519/z (u)     in_0->z R     unmapped_complex2      1   3.6     0    17     424    (-,-) 
  mux_mantissa_sum_238_9_g511/z (u)     in_0->z F     unmapped_complex2     12  38.4     0    40     464    (-,-) 
  mux_mantissa_sum_238_9_g435/z (u)     in_0->z R     unmapped_complex2      1   3.6     0    17     480    (-,-) 
  mux_mantissa_sum_238_9_g473/z (u)     in_0->z F     unmapped_complex2      2   6.4     0    19     500    (-,-) 
  mux_mantissa_sum_238_9_g468/z (u)     in_0->z F     unmapped_or2           1   3.2     0    17     516    (-,-) 
  mux_mantissa_sum_238_9_g469/z (u)     in_1->z R     unmapped_nand2         5  18.0     0    28     544    (-,-) 
  g11782/z                      (u)     in_0->z R     unmapped_or2           4  14.4     0    24     568    (-,-) 
  g11738/z                      (u)     in_0->z R     unmapped_or2           3  10.8     0    22     590    (-,-) 
  g11718/z                      (u)     in_1->z R     unmapped_or2           3  10.8     0    22     611    (-,-) 
  g11664/z                      (u)     in_1->z R     unmapped_or2           3  10.8     0    22     633    (-,-) 
  g11636/z                      (u)     in_1->z R     unmapped_or2           3  10.8     0    22     655    (-,-) 
  g11524/z                      (u)     in_1->z R     unmapped_or2           3  10.8     0    22     676    (-,-) 
  g11487/z                      (u)     in_1->z R     unmapped_or2           3  10.8     0    22     698    (-,-) 
  g11390/z                      (u)     in_1->z R     unmapped_or2           3  10.8     0    22     719    (-,-) 
  g11297/z                      (u)     in_1->z R     unmapped_or2           3  10.8     0    22     741    (-,-) 
  g11225/z                      (u)     in_1->z R     unmapped_or2           3  10.8     0    22     763    (-,-) 
  g11219/z                      (u)     in_1->z R     unmapped_or2           4  14.4     0    24     787    (-,-) 
  g11163/z                      (u)     in_1->z R     unmapped_or2           2   7.2     0    19     806    (-,-) 
  g11111/z                      (u)     in_1->z R     unmapped_or2           1   3.6     0    17     823    (-,-) 
  g11080/z                      (u)     in_0->z F     unmapped_complex2      2   6.4     0    19     842    (-,-) 
  g11067/z                      (u)     in_0->z R     unmapped_complex2     25  18.0     0    39     881    (-,-) 
  g11034/z                      (u)     in_0->z R     unmapped_complex2      1   3.6     0    17     897    (-,-) 
  g11017/z                      (u)     in_0->z F     unmapped_complex2      5  16.0     0    28     925    (-,-) 
  g11005/z                      (u)     in_1->z R     unmapped_nand2         1   3.6     0    17     942    (-,-) 
  g11003/z                      (u)     in_0->z F     unmapped_complex2      1   3.2     0    17     958    (-,-) 
  g11793/z                      (u)     in_0->z F     unmapped_and2          4  12.8     0    24     983    (-,-) 
  inc_ADD_TC_OP51/g1/z          (u)     in_1->z R     unmapped_nand2         3  10.8     0    22    1004    (-,-) 
  inc_ADD_TC_OP51/g247/z        (u)     in_0->z R     unmapped_complex2      3  10.8     0    22    1026    (-,-) 
  inc_ADD_TC_OP51/g233/z        (u)     in_0->z R     unmapped_complex2      3  10.8     0    22    1047    (-,-) 
  inc_ADD_TC_OP51/g144/z        (u)     in_0->z R     unmapped_complex2      6  21.6     0    30    1078    (-,-) 
  inc_ADD_TC_OP51/g225/z        (u)     in_1->z R     unmapped_or2           9  32.4     0    36    1114    (-,-) 
  inc_ADD_TC_OP51/g207/z        (u)     in_1->z R     unmapped_or2           3  10.8     0    22    1136    (-,-) 
  inc_ADD_TC_OP51/g136/z        (u)     in_1->z R     unmapped_or2           9  32.4     0    36    1172    (-,-) 
  inc_ADD_TC_OP51/g253/z        (u)     in_1->z F     unmapped_nor2          1   3.2     0    17    1188    (-,-) 
  g19191/z                      (u)     in_1->z F     unmapped_or2           1   3.2     0    17    1205    (-,-) 
  g19185/z                      (u)     in_1->z F     unmapped_or2          23  73.6     0    49    1254    (-,-) 
  g19163/z                      (u)     in_1->z F     unmapped_complex2      1   3.2     0    17    1271    (-,-) 
  g19149/z                      (u)     in_0->z R     unmapped_nand2         1   3.6     0    17    1287    (-,-) 
  fp_out_reg[17]/d              -       -       R     unmapped_d_flop        1     -     -     0    1287    (-,-) 
#-----------------------------------------------------------------------------------------------------------------

(u) : Net has unmapped pin(s).

Capture clock path:
#-------------------------------------------------------------------------------------------------
#   Timing Point     Flags   Arc   Edge      Cell        Fanout Load Trans Delay Arrival Instance 
#                                                               (fF)  (ps)  (ps)   (ps)  Location 
#-------------------------------------------------------------------------------------------------
  clk                (i,u)   -     R     (arrival)          100  0.0     0     0    1562    (-,-) 
  fp_out_reg[17]/clk <<<     -     R     unmapped_d_flop    100    -     1     0    1562    (-,-) 
#-------------------------------------------------------------------------------------------------



Path 7: MET (237 ps) Setup Check with Pin fp_out_reg[16]/clk->d
           View: view_1p2_25
          Group: clock1
     Startpoint: (R) signs_differ_l_reg/clk
          Clock: (R) clock1
       Endpoint: (R) fp_out_reg[16]/d
          Clock: (R) clock1

                     Capture       Launch     
        Clock Edge:+    1562            0     
       Src Latency:+       0            0     
       Net Latency:+       0 (I)        0 (I) 
           Arrival:=    1562            0     
                                              
             Setup:-      38                  
       Uncertainty:-       0                  
     Required Time:=    1525                  
      Launch Clock:-       0                  
         Data Path:-    1287                  
             Slack:=     237                  

Launch clock path:
#-----------------------------------------------------------------------------------------------------
#     Timing Point       Flags   Arc   Edge      Cell        Fanout Load Trans Delay Arrival Instance 
#                                                                   (fF)  (ps)  (ps)   (ps)  Location 
#-----------------------------------------------------------------------------------------------------
  clk                    (i,u)   -     R     (arrival)          100  0.0     0     0       0    (-,-) 
  signs_differ_l_reg/clk <<<     -     R     unmapped_d_flop    100    -     1     0       0    (-,-) 
#-----------------------------------------------------------------------------------------------------

#-----------------------------------------------------------------------------------------------------------------
#         Timing Point          Flags    Arc    Edge       Cell         Fanout  Load Trans Delay Arrival Instance 
#                                                                               (fF)  (ps)  (ps)   (ps)  Location 
#-----------------------------------------------------------------------------------------------------------------
  signs_differ_l_reg/clk        -       -       R     (arrival)            100     -     1     0       0    (-,-) 
  signs_differ_l_reg/q          (u)     clk->q  F     unmapped_d_flop       97 310.4     0   164     164    (-,-) 
  g10193/z                      (u)     in_0->z R     unmapped_complex2      3  10.8     0    22     186    (-,-) 
  g10454/z                      (u)     in_0->z R     unmapped_or2           1   3.6     0    17     203    (-,-) 
  g10455/z                      (u)     in_1->z F     unmapped_nand2        23  73.6     0    49     252    (-,-) 
  mux_mantissa_sum_238_9_g700/z (u)     in_1->z F     unmapped_or2           3   9.6     0    22     273    (-,-) 
  mux_mantissa_sum_238_9_g676/z (u)     in_1->z R     unmapped_nand2         1   3.6     0    17     290    (-,-) 
  g20860/z                      (u)     in_1->z R     unmapped_or2           1   3.6     0    17     306    (-,-) 
  mux_mantissa_sum_238_9_g575/z (u)     in_1->z F     unmapped_complex2      5  16.0     0    28     334    (-,-) 
  mux_mantissa_sum_238_9_g555/z (u)     in_0->z R     unmapped_complex2      2   7.2     0    19     353    (-,-) 
  mux_mantissa_sum_238_9_g540/z (u)     in_1->z R     unmapped_or2           1   3.6     0    17     370    (-,-) 
  mux_mantissa_sum_238_9_g527/z (u)     in_0->z F     unmapped_complex2     10  32.0     0    38     407    (-,-) 
  mux_mantissa_sum_238_9_g519/z (u)     in_0->z R     unmapped_complex2      1   3.6     0    17     424    (-,-) 
  mux_mantissa_sum_238_9_g511/z (u)     in_0->z F     unmapped_complex2     12  38.4     0    40     464    (-,-) 
  mux_mantissa_sum_238_9_g435/z (u)     in_0->z R     unmapped_complex2      1   3.6     0    17     480    (-,-) 
  mux_mantissa_sum_238_9_g473/z (u)     in_0->z F     unmapped_complex2      2   6.4     0    19     500    (-,-) 
  mux_mantissa_sum_238_9_g468/z (u)     in_0->z F     unmapped_or2           1   3.2     0    17     516    (-,-) 
  mux_mantissa_sum_238_9_g469/z (u)     in_1->z R     unmapped_nand2         5  18.0     0    28     544    (-,-) 
  g11782/z                      (u)     in_0->z R     unmapped_or2           4  14.4     0    24     568    (-,-) 
  g11738/z                      (u)     in_0->z R     unmapped_or2           3  10.8     0    22     590    (-,-) 
  g11718/z                      (u)     in_1->z R     unmapped_or2           3  10.8     0    22     611    (-,-) 
  g11664/z                      (u)     in_1->z R     unmapped_or2           3  10.8     0    22     633    (-,-) 
  g11636/z                      (u)     in_1->z R     unmapped_or2           3  10.8     0    22     655    (-,-) 
  g11524/z                      (u)     in_1->z R     unmapped_or2           3  10.8     0    22     676    (-,-) 
  g11487/z                      (u)     in_1->z R     unmapped_or2           3  10.8     0    22     698    (-,-) 
  g11390/z                      (u)     in_1->z R     unmapped_or2           3  10.8     0    22     719    (-,-) 
  g11297/z                      (u)     in_1->z R     unmapped_or2           3  10.8     0    22     741    (-,-) 
  g11225/z                      (u)     in_1->z R     unmapped_or2           3  10.8     0    22     763    (-,-) 
  g11219/z                      (u)     in_1->z R     unmapped_or2           4  14.4     0    24     787    (-,-) 
  g11163/z                      (u)     in_1->z R     unmapped_or2           2   7.2     0    19     806    (-,-) 
  g11111/z                      (u)     in_1->z R     unmapped_or2           1   3.6     0    17     823    (-,-) 
  g11080/z                      (u)     in_0->z F     unmapped_complex2      2   6.4     0    19     842    (-,-) 
  g11067/z                      (u)     in_0->z R     unmapped_complex2     25  18.0     0    39     881    (-,-) 
  g11034/z                      (u)     in_0->z R     unmapped_complex2      1   3.6     0    17     897    (-,-) 
  g11017/z                      (u)     in_0->z F     unmapped_complex2      5  16.0     0    28     925    (-,-) 
  g11005/z                      (u)     in_1->z R     unmapped_nand2         1   3.6     0    17     942    (-,-) 
  g11003/z                      (u)     in_0->z F     unmapped_complex2      1   3.2     0    17     958    (-,-) 
  g11793/z                      (u)     in_0->z F     unmapped_and2          4  12.8     0    24     983    (-,-) 
  inc_ADD_TC_OP51/g1/z          (u)     in_1->z R     unmapped_nand2         3  10.8     0    22    1004    (-,-) 
  inc_ADD_TC_OP51/g247/z        (u)     in_0->z R     unmapped_complex2      3  10.8     0    22    1026    (-,-) 
  inc_ADD_TC_OP51/g233/z        (u)     in_0->z R     unmapped_complex2      3  10.8     0    22    1047    (-,-) 
  inc_ADD_TC_OP51/g144/z        (u)     in_0->z R     unmapped_complex2      6  21.6     0    30    1078    (-,-) 
  inc_ADD_TC_OP51/g225/z        (u)     in_1->z R     unmapped_or2           9  32.4     0    36    1114    (-,-) 
  inc_ADD_TC_OP51/g207/z        (u)     in_1->z R     unmapped_or2           3  10.8     0    22    1136    (-,-) 
  inc_ADD_TC_OP51/g136/z        (u)     in_1->z R     unmapped_or2           9  32.4     0    36    1172    (-,-) 
  inc_ADD_TC_OP51/g253/z        (u)     in_1->z F     unmapped_nor2          1   3.2     0    17    1188    (-,-) 
  g19191/z                      (u)     in_1->z F     unmapped_or2           1   3.2     0    17    1205    (-,-) 
  g19185/z                      (u)     in_1->z F     unmapped_or2          23  73.6     0    49    1254    (-,-) 
  g19162/z                      (u)     in_1->z F     unmapped_complex2      1   3.2     0    17    1271    (-,-) 
  g19133/z                      (u)     in_0->z R     unmapped_nand2         1   3.6     0    17    1287    (-,-) 
  fp_out_reg[16]/d              -       -       R     unmapped_d_flop        1     -     -     0    1287    (-,-) 
#-----------------------------------------------------------------------------------------------------------------

(u) : Net has unmapped pin(s).

Capture clock path:
#-------------------------------------------------------------------------------------------------
#   Timing Point     Flags   Arc   Edge      Cell        Fanout Load Trans Delay Arrival Instance 
#                                                               (fF)  (ps)  (ps)   (ps)  Location 
#-------------------------------------------------------------------------------------------------
  clk                (i,u)   -     R     (arrival)          100  0.0     0     0    1562    (-,-) 
  fp_out_reg[16]/clk <<<     -     R     unmapped_d_flop    100    -     1     0    1562    (-,-) 
#-------------------------------------------------------------------------------------------------



Path 8: MET (237 ps) Setup Check with Pin fp_out_reg[15]/clk->d
           View: view_1p2_25
          Group: clock1
     Startpoint: (R) signs_differ_l_reg/clk
          Clock: (R) clock1
       Endpoint: (R) fp_out_reg[15]/d
          Clock: (R) clock1

                     Capture       Launch     
        Clock Edge:+    1562            0     
       Src Latency:+       0            0     
       Net Latency:+       0 (I)        0 (I) 
           Arrival:=    1562            0     
                                              
             Setup:-      38                  
       Uncertainty:-       0                  
     Required Time:=    1525                  
      Launch Clock:-       0                  
         Data Path:-    1287                  
             Slack:=     237                  

Launch clock path:
#-----------------------------------------------------------------------------------------------------
#     Timing Point       Flags   Arc   Edge      Cell        Fanout Load Trans Delay Arrival Instance 
#                                                                   (fF)  (ps)  (ps)   (ps)  Location 
#-----------------------------------------------------------------------------------------------------
  clk                    (i,u)   -     R     (arrival)          100  0.0     0     0       0    (-,-) 
  signs_differ_l_reg/clk <<<     -     R     unmapped_d_flop    100    -     1     0       0    (-,-) 
#-----------------------------------------------------------------------------------------------------

#-----------------------------------------------------------------------------------------------------------------
#         Timing Point          Flags    Arc    Edge       Cell         Fanout  Load Trans Delay Arrival Instance 
#                                                                               (fF)  (ps)  (ps)   (ps)  Location 
#-----------------------------------------------------------------------------------------------------------------
  signs_differ_l_reg/clk        -       -       R     (arrival)            100     -     1     0       0    (-,-) 
  signs_differ_l_reg/q          (u)     clk->q  F     unmapped_d_flop       97 310.4     0   164     164    (-,-) 
  g10193/z                      (u)     in_0->z R     unmapped_complex2      3  10.8     0    22     186    (-,-) 
  g10454/z                      (u)     in_0->z R     unmapped_or2           1   3.6     0    17     203    (-,-) 
  g10455/z                      (u)     in_1->z F     unmapped_nand2        23  73.6     0    49     252    (-,-) 
  mux_mantissa_sum_238_9_g700/z (u)     in_1->z F     unmapped_or2           3   9.6     0    22     273    (-,-) 
  mux_mantissa_sum_238_9_g676/z (u)     in_1->z R     unmapped_nand2         1   3.6     0    17     290    (-,-) 
  g20860/z                      (u)     in_1->z R     unmapped_or2           1   3.6     0    17     306    (-,-) 
  mux_mantissa_sum_238_9_g575/z (u)     in_1->z F     unmapped_complex2      5  16.0     0    28     334    (-,-) 
  mux_mantissa_sum_238_9_g555/z (u)     in_0->z R     unmapped_complex2      2   7.2     0    19     353    (-,-) 
  mux_mantissa_sum_238_9_g540/z (u)     in_1->z R     unmapped_or2           1   3.6     0    17     370    (-,-) 
  mux_mantissa_sum_238_9_g527/z (u)     in_0->z F     unmapped_complex2     10  32.0     0    38     407    (-,-) 
  mux_mantissa_sum_238_9_g519/z (u)     in_0->z R     unmapped_complex2      1   3.6     0    17     424    (-,-) 
  mux_mantissa_sum_238_9_g511/z (u)     in_0->z F     unmapped_complex2     12  38.4     0    40     464    (-,-) 
  mux_mantissa_sum_238_9_g435/z (u)     in_0->z R     unmapped_complex2      1   3.6     0    17     480    (-,-) 
  mux_mantissa_sum_238_9_g473/z (u)     in_0->z F     unmapped_complex2      2   6.4     0    19     500    (-,-) 
  mux_mantissa_sum_238_9_g468/z (u)     in_0->z F     unmapped_or2           1   3.2     0    17     516    (-,-) 
  mux_mantissa_sum_238_9_g469/z (u)     in_1->z R     unmapped_nand2         5  18.0     0    28     544    (-,-) 
  g11782/z                      (u)     in_0->z R     unmapped_or2           4  14.4     0    24     568    (-,-) 
  g11738/z                      (u)     in_0->z R     unmapped_or2           3  10.8     0    22     590    (-,-) 
  g11718/z                      (u)     in_1->z R     unmapped_or2           3  10.8     0    22     611    (-,-) 
  g11664/z                      (u)     in_1->z R     unmapped_or2           3  10.8     0    22     633    (-,-) 
  g11636/z                      (u)     in_1->z R     unmapped_or2           3  10.8     0    22     655    (-,-) 
  g11524/z                      (u)     in_1->z R     unmapped_or2           3  10.8     0    22     676    (-,-) 
  g11487/z                      (u)     in_1->z R     unmapped_or2           3  10.8     0    22     698    (-,-) 
  g11390/z                      (u)     in_1->z R     unmapped_or2           3  10.8     0    22     719    (-,-) 
  g11297/z                      (u)     in_1->z R     unmapped_or2           3  10.8     0    22     741    (-,-) 
  g11225/z                      (u)     in_1->z R     unmapped_or2           3  10.8     0    22     763    (-,-) 
  g11219/z                      (u)     in_1->z R     unmapped_or2           4  14.4     0    24     787    (-,-) 
  g11163/z                      (u)     in_1->z R     unmapped_or2           2   7.2     0    19     806    (-,-) 
  g11111/z                      (u)     in_1->z R     unmapped_or2           1   3.6     0    17     823    (-,-) 
  g11080/z                      (u)     in_0->z F     unmapped_complex2      2   6.4     0    19     842    (-,-) 
  g11067/z                      (u)     in_0->z R     unmapped_complex2     25  18.0     0    39     881    (-,-) 
  g11034/z                      (u)     in_0->z R     unmapped_complex2      1   3.6     0    17     897    (-,-) 
  g11017/z                      (u)     in_0->z F     unmapped_complex2      5  16.0     0    28     925    (-,-) 
  g11005/z                      (u)     in_1->z R     unmapped_nand2         1   3.6     0    17     942    (-,-) 
  g11003/z                      (u)     in_0->z F     unmapped_complex2      1   3.2     0    17     958    (-,-) 
  g11793/z                      (u)     in_0->z F     unmapped_and2          4  12.8     0    24     983    (-,-) 
  inc_ADD_TC_OP51/g1/z          (u)     in_1->z R     unmapped_nand2         3  10.8     0    22    1004    (-,-) 
  inc_ADD_TC_OP51/g247/z        (u)     in_0->z R     unmapped_complex2      3  10.8     0    22    1026    (-,-) 
  inc_ADD_TC_OP51/g233/z        (u)     in_0->z R     unmapped_complex2      3  10.8     0    22    1047    (-,-) 
  inc_ADD_TC_OP51/g144/z        (u)     in_0->z R     unmapped_complex2      6  21.6     0    30    1078    (-,-) 
  inc_ADD_TC_OP51/g225/z        (u)     in_1->z R     unmapped_or2           9  32.4     0    36    1114    (-,-) 
  inc_ADD_TC_OP51/g207/z        (u)     in_1->z R     unmapped_or2           3  10.8     0    22    1136    (-,-) 
  inc_ADD_TC_OP51/g136/z        (u)     in_1->z R     unmapped_or2           9  32.4     0    36    1172    (-,-) 
  inc_ADD_TC_OP51/g253/z        (u)     in_1->z F     unmapped_nor2          1   3.2     0    17    1188    (-,-) 
  g19191/z                      (u)     in_1->z F     unmapped_or2           1   3.2     0    17    1205    (-,-) 
  g19185/z                      (u)     in_1->z F     unmapped_or2          23  73.6     0    49    1254    (-,-) 
  g19172/z                      (u)     in_1->z F     unmapped_complex2      1   3.2     0    17    1271    (-,-) 
  g19146/z                      (u)     in_0->z R     unmapped_nand2         1   3.6     0    17    1287    (-,-) 
  fp_out_reg[15]/d              -       -       R     unmapped_d_flop        1     -     -     0    1287    (-,-) 
#-----------------------------------------------------------------------------------------------------------------

(u) : Net has unmapped pin(s).

Capture clock path:
#-------------------------------------------------------------------------------------------------
#   Timing Point     Flags   Arc   Edge      Cell        Fanout Load Trans Delay Arrival Instance 
#                                                               (fF)  (ps)  (ps)   (ps)  Location 
#-------------------------------------------------------------------------------------------------
  clk                (i,u)   -     R     (arrival)          100  0.0     0     0    1562    (-,-) 
  fp_out_reg[15]/clk <<<     -     R     unmapped_d_flop    100    -     1     0    1562    (-,-) 
#-------------------------------------------------------------------------------------------------



Path 9: MET (237 ps) Setup Check with Pin fp_out_reg[14]/clk->d
           View: view_1p2_25
          Group: clock1
     Startpoint: (R) signs_differ_l_reg/clk
          Clock: (R) clock1
       Endpoint: (R) fp_out_reg[14]/d
          Clock: (R) clock1

                     Capture       Launch     
        Clock Edge:+    1562            0     
       Src Latency:+       0            0     
       Net Latency:+       0 (I)        0 (I) 
           Arrival:=    1562            0     
                                              
             Setup:-      38                  
       Uncertainty:-       0                  
     Required Time:=    1525                  
      Launch Clock:-       0                  
         Data Path:-    1287                  
             Slack:=     237                  

Launch clock path:
#-----------------------------------------------------------------------------------------------------
#     Timing Point       Flags   Arc   Edge      Cell        Fanout Load Trans Delay Arrival Instance 
#                                                                   (fF)  (ps)  (ps)   (ps)  Location 
#-----------------------------------------------------------------------------------------------------
  clk                    (i,u)   -     R     (arrival)          100  0.0     0     0       0    (-,-) 
  signs_differ_l_reg/clk <<<     -     R     unmapped_d_flop    100    -     1     0       0    (-,-) 
#-----------------------------------------------------------------------------------------------------

#-----------------------------------------------------------------------------------------------------------------
#         Timing Point          Flags    Arc    Edge       Cell         Fanout  Load Trans Delay Arrival Instance 
#                                                                               (fF)  (ps)  (ps)   (ps)  Location 
#-----------------------------------------------------------------------------------------------------------------
  signs_differ_l_reg/clk        -       -       R     (arrival)            100     -     1     0       0    (-,-) 
  signs_differ_l_reg/q          (u)     clk->q  F     unmapped_d_flop       97 310.4     0   164     164    (-,-) 
  g10193/z                      (u)     in_0->z R     unmapped_complex2      3  10.8     0    22     186    (-,-) 
  g10454/z                      (u)     in_0->z R     unmapped_or2           1   3.6     0    17     203    (-,-) 
  g10455/z                      (u)     in_1->z F     unmapped_nand2        23  73.6     0    49     252    (-,-) 
  mux_mantissa_sum_238_9_g700/z (u)     in_1->z F     unmapped_or2           3   9.6     0    22     273    (-,-) 
  mux_mantissa_sum_238_9_g676/z (u)     in_1->z R     unmapped_nand2         1   3.6     0    17     290    (-,-) 
  g20860/z                      (u)     in_1->z R     unmapped_or2           1   3.6     0    17     306    (-,-) 
  mux_mantissa_sum_238_9_g575/z (u)     in_1->z F     unmapped_complex2      5  16.0     0    28     334    (-,-) 
  mux_mantissa_sum_238_9_g555/z (u)     in_0->z R     unmapped_complex2      2   7.2     0    19     353    (-,-) 
  mux_mantissa_sum_238_9_g540/z (u)     in_1->z R     unmapped_or2           1   3.6     0    17     370    (-,-) 
  mux_mantissa_sum_238_9_g527/z (u)     in_0->z F     unmapped_complex2     10  32.0     0    38     407    (-,-) 
  mux_mantissa_sum_238_9_g519/z (u)     in_0->z R     unmapped_complex2      1   3.6     0    17     424    (-,-) 
  mux_mantissa_sum_238_9_g511/z (u)     in_0->z F     unmapped_complex2     12  38.4     0    40     464    (-,-) 
  mux_mantissa_sum_238_9_g435/z (u)     in_0->z R     unmapped_complex2      1   3.6     0    17     480    (-,-) 
  mux_mantissa_sum_238_9_g473/z (u)     in_0->z F     unmapped_complex2      2   6.4     0    19     500    (-,-) 
  mux_mantissa_sum_238_9_g468/z (u)     in_0->z F     unmapped_or2           1   3.2     0    17     516    (-,-) 
  mux_mantissa_sum_238_9_g469/z (u)     in_1->z R     unmapped_nand2         5  18.0     0    28     544    (-,-) 
  g11782/z                      (u)     in_0->z R     unmapped_or2           4  14.4     0    24     568    (-,-) 
  g11738/z                      (u)     in_0->z R     unmapped_or2           3  10.8     0    22     590    (-,-) 
  g11718/z                      (u)     in_1->z R     unmapped_or2           3  10.8     0    22     611    (-,-) 
  g11664/z                      (u)     in_1->z R     unmapped_or2           3  10.8     0    22     633    (-,-) 
  g11636/z                      (u)     in_1->z R     unmapped_or2           3  10.8     0    22     655    (-,-) 
  g11524/z                      (u)     in_1->z R     unmapped_or2           3  10.8     0    22     676    (-,-) 
  g11487/z                      (u)     in_1->z R     unmapped_or2           3  10.8     0    22     698    (-,-) 
  g11390/z                      (u)     in_1->z R     unmapped_or2           3  10.8     0    22     719    (-,-) 
  g11297/z                      (u)     in_1->z R     unmapped_or2           3  10.8     0    22     741    (-,-) 
  g11225/z                      (u)     in_1->z R     unmapped_or2           3  10.8     0    22     763    (-,-) 
  g11219/z                      (u)     in_1->z R     unmapped_or2           4  14.4     0    24     787    (-,-) 
  g11163/z                      (u)     in_1->z R     unmapped_or2           2   7.2     0    19     806    (-,-) 
  g11111/z                      (u)     in_1->z R     unmapped_or2           1   3.6     0    17     823    (-,-) 
  g11080/z                      (u)     in_0->z F     unmapped_complex2      2   6.4     0    19     842    (-,-) 
  g11067/z                      (u)     in_0->z R     unmapped_complex2     25  18.0     0    39     881    (-,-) 
  g11034/z                      (u)     in_0->z R     unmapped_complex2      1   3.6     0    17     897    (-,-) 
  g11017/z                      (u)     in_0->z F     unmapped_complex2      5  16.0     0    28     925    (-,-) 
  g11005/z                      (u)     in_1->z R     unmapped_nand2         1   3.6     0    17     942    (-,-) 
  g11003/z                      (u)     in_0->z F     unmapped_complex2      1   3.2     0    17     958    (-,-) 
  g11793/z                      (u)     in_0->z F     unmapped_and2          4  12.8     0    24     983    (-,-) 
  inc_ADD_TC_OP51/g1/z          (u)     in_1->z R     unmapped_nand2         3  10.8     0    22    1004    (-,-) 
  inc_ADD_TC_OP51/g247/z        (u)     in_0->z R     unmapped_complex2      3  10.8     0    22    1026    (-,-) 
  inc_ADD_TC_OP51/g233/z        (u)     in_0->z R     unmapped_complex2      3  10.8     0    22    1047    (-,-) 
  inc_ADD_TC_OP51/g144/z        (u)     in_0->z R     unmapped_complex2      6  21.6     0    30    1078    (-,-) 
  inc_ADD_TC_OP51/g225/z        (u)     in_1->z R     unmapped_or2           9  32.4     0    36    1114    (-,-) 
  inc_ADD_TC_OP51/g207/z        (u)     in_1->z R     unmapped_or2           3  10.8     0    22    1136    (-,-) 
  inc_ADD_TC_OP51/g136/z        (u)     in_1->z R     unmapped_or2           9  32.4     0    36    1172    (-,-) 
  inc_ADD_TC_OP51/g253/z        (u)     in_1->z F     unmapped_nor2          1   3.2     0    17    1188    (-,-) 
  g19191/z                      (u)     in_1->z F     unmapped_or2           1   3.2     0    17    1205    (-,-) 
  g19185/z                      (u)     in_1->z F     unmapped_or2          23  73.6     0    49    1254    (-,-) 
  g19176/z                      (u)     in_1->z F     unmapped_complex2      1   3.2     0    17    1271    (-,-) 
  g19137/z                      (u)     in_0->z R     unmapped_nand2         1   3.6     0    17    1287    (-,-) 
  fp_out_reg[14]/d              -       -       R     unmapped_d_flop        1     -     -     0    1287    (-,-) 
#-----------------------------------------------------------------------------------------------------------------

(u) : Net has unmapped pin(s).

Capture clock path:
#-------------------------------------------------------------------------------------------------
#   Timing Point     Flags   Arc   Edge      Cell        Fanout Load Trans Delay Arrival Instance 
#                                                               (fF)  (ps)  (ps)   (ps)  Location 
#-------------------------------------------------------------------------------------------------
  clk                (i,u)   -     R     (arrival)          100  0.0     0     0    1562    (-,-) 
  fp_out_reg[14]/clk <<<     -     R     unmapped_d_flop    100    -     1     0    1562    (-,-) 
#-------------------------------------------------------------------------------------------------



Path 10: MET (237 ps) Setup Check with Pin fp_out_reg[13]/clk->d
           View: view_1p2_25
          Group: clock1
     Startpoint: (R) signs_differ_l_reg/clk
          Clock: (R) clock1
       Endpoint: (R) fp_out_reg[13]/d
          Clock: (R) clock1

                     Capture       Launch     
        Clock Edge:+    1562            0     
       Src Latency:+       0            0     
       Net Latency:+       0 (I)        0 (I) 
           Arrival:=    1562            0     
                                              
             Setup:-      38                  
       Uncertainty:-       0                  
     Required Time:=    1525                  
      Launch Clock:-       0                  
         Data Path:-    1287                  
             Slack:=     237                  

Launch clock path:
#-----------------------------------------------------------------------------------------------------
#     Timing Point       Flags   Arc   Edge      Cell        Fanout Load Trans Delay Arrival Instance 
#                                                                   (fF)  (ps)  (ps)   (ps)  Location 
#-----------------------------------------------------------------------------------------------------
  clk                    (i,u)   -     R     (arrival)          100  0.0     0     0       0    (-,-) 
  signs_differ_l_reg/clk <<<     -     R     unmapped_d_flop    100    -     1     0       0    (-,-) 
#-----------------------------------------------------------------------------------------------------

#-----------------------------------------------------------------------------------------------------------------
#         Timing Point          Flags    Arc    Edge       Cell         Fanout  Load Trans Delay Arrival Instance 
#                                                                               (fF)  (ps)  (ps)   (ps)  Location 
#-----------------------------------------------------------------------------------------------------------------
  signs_differ_l_reg/clk        -       -       R     (arrival)            100     -     1     0       0    (-,-) 
  signs_differ_l_reg/q          (u)     clk->q  F     unmapped_d_flop       97 310.4     0   164     164    (-,-) 
  g10193/z                      (u)     in_0->z R     unmapped_complex2      3  10.8     0    22     186    (-,-) 
  g10454/z                      (u)     in_0->z R     unmapped_or2           1   3.6     0    17     203    (-,-) 
  g10455/z                      (u)     in_1->z F     unmapped_nand2        23  73.6     0    49     252    (-,-) 
  mux_mantissa_sum_238_9_g700/z (u)     in_1->z F     unmapped_or2           3   9.6     0    22     273    (-,-) 
  mux_mantissa_sum_238_9_g676/z (u)     in_1->z R     unmapped_nand2         1   3.6     0    17     290    (-,-) 
  g20860/z                      (u)     in_1->z R     unmapped_or2           1   3.6     0    17     306    (-,-) 
  mux_mantissa_sum_238_9_g575/z (u)     in_1->z F     unmapped_complex2      5  16.0     0    28     334    (-,-) 
  mux_mantissa_sum_238_9_g555/z (u)     in_0->z R     unmapped_complex2      2   7.2     0    19     353    (-,-) 
  mux_mantissa_sum_238_9_g540/z (u)     in_1->z R     unmapped_or2           1   3.6     0    17     370    (-,-) 
  mux_mantissa_sum_238_9_g527/z (u)     in_0->z F     unmapped_complex2     10  32.0     0    38     407    (-,-) 
  mux_mantissa_sum_238_9_g519/z (u)     in_0->z R     unmapped_complex2      1   3.6     0    17     424    (-,-) 
  mux_mantissa_sum_238_9_g511/z (u)     in_0->z F     unmapped_complex2     12  38.4     0    40     464    (-,-) 
  mux_mantissa_sum_238_9_g435/z (u)     in_0->z R     unmapped_complex2      1   3.6     0    17     480    (-,-) 
  mux_mantissa_sum_238_9_g473/z (u)     in_0->z F     unmapped_complex2      2   6.4     0    19     500    (-,-) 
  mux_mantissa_sum_238_9_g468/z (u)     in_0->z F     unmapped_or2           1   3.2     0    17     516    (-,-) 
  mux_mantissa_sum_238_9_g469/z (u)     in_1->z R     unmapped_nand2         5  18.0     0    28     544    (-,-) 
  g11782/z                      (u)     in_0->z R     unmapped_or2           4  14.4     0    24     568    (-,-) 
  g11738/z                      (u)     in_0->z R     unmapped_or2           3  10.8     0    22     590    (-,-) 
  g11718/z                      (u)     in_1->z R     unmapped_or2           3  10.8     0    22     611    (-,-) 
  g11664/z                      (u)     in_1->z R     unmapped_or2           3  10.8     0    22     633    (-,-) 
  g11636/z                      (u)     in_1->z R     unmapped_or2           3  10.8     0    22     655    (-,-) 
  g11524/z                      (u)     in_1->z R     unmapped_or2           3  10.8     0    22     676    (-,-) 
  g11487/z                      (u)     in_1->z R     unmapped_or2           3  10.8     0    22     698    (-,-) 
  g11390/z                      (u)     in_1->z R     unmapped_or2           3  10.8     0    22     719    (-,-) 
  g11297/z                      (u)     in_1->z R     unmapped_or2           3  10.8     0    22     741    (-,-) 
  g11225/z                      (u)     in_1->z R     unmapped_or2           3  10.8     0    22     763    (-,-) 
  g11219/z                      (u)     in_1->z R     unmapped_or2           4  14.4     0    24     787    (-,-) 
  g11163/z                      (u)     in_1->z R     unmapped_or2           2   7.2     0    19     806    (-,-) 
  g11111/z                      (u)     in_1->z R     unmapped_or2           1   3.6     0    17     823    (-,-) 
  g11080/z                      (u)     in_0->z F     unmapped_complex2      2   6.4     0    19     842    (-,-) 
  g11067/z                      (u)     in_0->z R     unmapped_complex2     25  18.0     0    39     881    (-,-) 
  g11034/z                      (u)     in_0->z R     unmapped_complex2      1   3.6     0    17     897    (-,-) 
  g11017/z                      (u)     in_0->z F     unmapped_complex2      5  16.0     0    28     925    (-,-) 
  g11005/z                      (u)     in_1->z R     unmapped_nand2         1   3.6     0    17     942    (-,-) 
  g11003/z                      (u)     in_0->z F     unmapped_complex2      1   3.2     0    17     958    (-,-) 
  g11793/z                      (u)     in_0->z F     unmapped_and2          4  12.8     0    24     983    (-,-) 
  inc_ADD_TC_OP51/g1/z          (u)     in_1->z R     unmapped_nand2         3  10.8     0    22    1004    (-,-) 
  inc_ADD_TC_OP51/g247/z        (u)     in_0->z R     unmapped_complex2      3  10.8     0    22    1026    (-,-) 
  inc_ADD_TC_OP51/g233/z        (u)     in_0->z R     unmapped_complex2      3  10.8     0    22    1047    (-,-) 
  inc_ADD_TC_OP51/g144/z        (u)     in_0->z R     unmapped_complex2      6  21.6     0    30    1078    (-,-) 
  inc_ADD_TC_OP51/g225/z        (u)     in_1->z R     unmapped_or2           9  32.4     0    36    1114    (-,-) 
  inc_ADD_TC_OP51/g207/z        (u)     in_1->z R     unmapped_or2           3  10.8     0    22    1136    (-,-) 
  inc_ADD_TC_OP51/g136/z        (u)     in_1->z R     unmapped_or2           9  32.4     0    36    1172    (-,-) 
  inc_ADD_TC_OP51/g253/z        (u)     in_1->z F     unmapped_nor2          1   3.2     0    17    1188    (-,-) 
  g19191/z                      (u)     in_1->z F     unmapped_or2           1   3.2     0    17    1205    (-,-) 
  g19185/z                      (u)     in_1->z F     unmapped_or2          23  73.6     0    49    1254    (-,-) 
  g19161/z                      (u)     in_1->z F     unmapped_complex2      1   3.2     0    17    1271    (-,-) 
  g19142/z                      (u)     in_0->z R     unmapped_nand2         1   3.6     0    17    1287    (-,-) 
  fp_out_reg[13]/d              -       -       R     unmapped_d_flop        1     -     -     0    1287    (-,-) 
#-----------------------------------------------------------------------------------------------------------------

(u) : Net has unmapped pin(s).

Capture clock path:
#-------------------------------------------------------------------------------------------------
#   Timing Point     Flags   Arc   Edge      Cell        Fanout Load Trans Delay Arrival Instance 
#                                                               (fF)  (ps)  (ps)   (ps)  Location 
#-------------------------------------------------------------------------------------------------
  clk                (i,u)   -     R     (arrival)          100  0.0     0     0    1562    (-,-) 
  fp_out_reg[13]/clk <<<     -     R     unmapped_d_flop    100    -     1     0    1562    (-,-) 
#-------------------------------------------------------------------------------------------------



Path 11: MET (237 ps) Setup Check with Pin fp_out_reg[12]/clk->d
           View: view_1p2_25
          Group: clock1
     Startpoint: (R) signs_differ_l_reg/clk
          Clock: (R) clock1
       Endpoint: (R) fp_out_reg[12]/d
          Clock: (R) clock1

                     Capture       Launch     
        Clock Edge:+    1562            0     
       Src Latency:+       0            0     
       Net Latency:+       0 (I)        0 (I) 
           Arrival:=    1562            0     
                                              
             Setup:-      38                  
       Uncertainty:-       0                  
     Required Time:=    1525                  
      Launch Clock:-       0                  
         Data Path:-    1287                  
             Slack:=     237                  

Launch clock path:
#-----------------------------------------------------------------------------------------------------
#     Timing Point       Flags   Arc   Edge      Cell        Fanout Load Trans Delay Arrival Instance 
#                                                                   (fF)  (ps)  (ps)   (ps)  Location 
#-----------------------------------------------------------------------------------------------------
  clk                    (i,u)   -     R     (arrival)          100  0.0     0     0       0    (-,-) 
  signs_differ_l_reg/clk <<<     -     R     unmapped_d_flop    100    -     1     0       0    (-,-) 
#-----------------------------------------------------------------------------------------------------

#-----------------------------------------------------------------------------------------------------------------
#         Timing Point          Flags    Arc    Edge       Cell         Fanout  Load Trans Delay Arrival Instance 
#                                                                               (fF)  (ps)  (ps)   (ps)  Location 
#-----------------------------------------------------------------------------------------------------------------
  signs_differ_l_reg/clk        -       -       R     (arrival)            100     -     1     0       0    (-,-) 
  signs_differ_l_reg/q          (u)     clk->q  F     unmapped_d_flop       97 310.4     0   164     164    (-,-) 
  g10193/z                      (u)     in_0->z R     unmapped_complex2      3  10.8     0    22     186    (-,-) 
  g10454/z                      (u)     in_0->z R     unmapped_or2           1   3.6     0    17     203    (-,-) 
  g10455/z                      (u)     in_1->z F     unmapped_nand2        23  73.6     0    49     252    (-,-) 
  mux_mantissa_sum_238_9_g700/z (u)     in_1->z F     unmapped_or2           3   9.6     0    22     273    (-,-) 
  mux_mantissa_sum_238_9_g676/z (u)     in_1->z R     unmapped_nand2         1   3.6     0    17     290    (-,-) 
  g20860/z                      (u)     in_1->z R     unmapped_or2           1   3.6     0    17     306    (-,-) 
  mux_mantissa_sum_238_9_g575/z (u)     in_1->z F     unmapped_complex2      5  16.0     0    28     334    (-,-) 
  mux_mantissa_sum_238_9_g555/z (u)     in_0->z R     unmapped_complex2      2   7.2     0    19     353    (-,-) 
  mux_mantissa_sum_238_9_g540/z (u)     in_1->z R     unmapped_or2           1   3.6     0    17     370    (-,-) 
  mux_mantissa_sum_238_9_g527/z (u)     in_0->z F     unmapped_complex2     10  32.0     0    38     407    (-,-) 
  mux_mantissa_sum_238_9_g519/z (u)     in_0->z R     unmapped_complex2      1   3.6     0    17     424    (-,-) 
  mux_mantissa_sum_238_9_g511/z (u)     in_0->z F     unmapped_complex2     12  38.4     0    40     464    (-,-) 
  mux_mantissa_sum_238_9_g435/z (u)     in_0->z R     unmapped_complex2      1   3.6     0    17     480    (-,-) 
  mux_mantissa_sum_238_9_g473/z (u)     in_0->z F     unmapped_complex2      2   6.4     0    19     500    (-,-) 
  mux_mantissa_sum_238_9_g468/z (u)     in_0->z F     unmapped_or2           1   3.2     0    17     516    (-,-) 
  mux_mantissa_sum_238_9_g469/z (u)     in_1->z R     unmapped_nand2         5  18.0     0    28     544    (-,-) 
  g11782/z                      (u)     in_0->z R     unmapped_or2           4  14.4     0    24     568    (-,-) 
  g11738/z                      (u)     in_0->z R     unmapped_or2           3  10.8     0    22     590    (-,-) 
  g11718/z                      (u)     in_1->z R     unmapped_or2           3  10.8     0    22     611    (-,-) 
  g11664/z                      (u)     in_1->z R     unmapped_or2           3  10.8     0    22     633    (-,-) 
  g11636/z                      (u)     in_1->z R     unmapped_or2           3  10.8     0    22     655    (-,-) 
  g11524/z                      (u)     in_1->z R     unmapped_or2           3  10.8     0    22     676    (-,-) 
  g11487/z                      (u)     in_1->z R     unmapped_or2           3  10.8     0    22     698    (-,-) 
  g11390/z                      (u)     in_1->z R     unmapped_or2           3  10.8     0    22     719    (-,-) 
  g11297/z                      (u)     in_1->z R     unmapped_or2           3  10.8     0    22     741    (-,-) 
  g11225/z                      (u)     in_1->z R     unmapped_or2           3  10.8     0    22     763    (-,-) 
  g11219/z                      (u)     in_1->z R     unmapped_or2           4  14.4     0    24     787    (-,-) 
  g11163/z                      (u)     in_1->z R     unmapped_or2           2   7.2     0    19     806    (-,-) 
  g11111/z                      (u)     in_1->z R     unmapped_or2           1   3.6     0    17     823    (-,-) 
  g11080/z                      (u)     in_0->z F     unmapped_complex2      2   6.4     0    19     842    (-,-) 
  g11067/z                      (u)     in_0->z R     unmapped_complex2     25  18.0     0    39     881    (-,-) 
  g11034/z                      (u)     in_0->z R     unmapped_complex2      1   3.6     0    17     897    (-,-) 
  g11017/z                      (u)     in_0->z F     unmapped_complex2      5  16.0     0    28     925    (-,-) 
  g11005/z                      (u)     in_1->z R     unmapped_nand2         1   3.6     0    17     942    (-,-) 
  g11003/z                      (u)     in_0->z F     unmapped_complex2      1   3.2     0    17     958    (-,-) 
  g11793/z                      (u)     in_0->z F     unmapped_and2          4  12.8     0    24     983    (-,-) 
  inc_ADD_TC_OP51/g1/z          (u)     in_1->z R     unmapped_nand2         3  10.8     0    22    1004    (-,-) 
  inc_ADD_TC_OP51/g247/z        (u)     in_0->z R     unmapped_complex2      3  10.8     0    22    1026    (-,-) 
  inc_ADD_TC_OP51/g233/z        (u)     in_0->z R     unmapped_complex2      3  10.8     0    22    1047    (-,-) 
  inc_ADD_TC_OP51/g144/z        (u)     in_0->z R     unmapped_complex2      6  21.6     0    30    1078    (-,-) 
  inc_ADD_TC_OP51/g225/z        (u)     in_1->z R     unmapped_or2           9  32.4     0    36    1114    (-,-) 
  inc_ADD_TC_OP51/g207/z        (u)     in_1->z R     unmapped_or2           3  10.8     0    22    1136    (-,-) 
  inc_ADD_TC_OP51/g136/z        (u)     in_1->z R     unmapped_or2           9  32.4     0    36    1172    (-,-) 
  inc_ADD_TC_OP51/g253/z        (u)     in_1->z F     unmapped_nor2          1   3.2     0    17    1188    (-,-) 
  g19191/z                      (u)     in_1->z F     unmapped_or2           1   3.2     0    17    1205    (-,-) 
  g19185/z                      (u)     in_1->z F     unmapped_or2          23  73.6     0    49    1254    (-,-) 
  g19153/z                      (u)     in_1->z F     unmapped_complex2      1   3.2     0    17    1271    (-,-) 
  g19150/z                      (u)     in_0->z R     unmapped_nand2         1   3.6     0    17    1287    (-,-) 
  fp_out_reg[12]/d              -       -       R     unmapped_d_flop        1     -     -     0    1287    (-,-) 
#-----------------------------------------------------------------------------------------------------------------

(u) : Net has unmapped pin(s).

Capture clock path:
#-------------------------------------------------------------------------------------------------
#   Timing Point     Flags   Arc   Edge      Cell        Fanout Load Trans Delay Arrival Instance 
#                                                               (fF)  (ps)  (ps)   (ps)  Location 
#-------------------------------------------------------------------------------------------------
  clk                (i,u)   -     R     (arrival)          100  0.0     0     0    1562    (-,-) 
  fp_out_reg[12]/clk <<<     -     R     unmapped_d_flop    100    -     1     0    1562    (-,-) 
#-------------------------------------------------------------------------------------------------



Path 12: MET (237 ps) Setup Check with Pin fp_out_reg[11]/clk->d
           View: view_1p2_25
          Group: clock1
     Startpoint: (R) signs_differ_l_reg/clk
          Clock: (R) clock1
       Endpoint: (R) fp_out_reg[11]/d
          Clock: (R) clock1

                     Capture       Launch     
        Clock Edge:+    1562            0     
       Src Latency:+       0            0     
       Net Latency:+       0 (I)        0 (I) 
           Arrival:=    1562            0     
                                              
             Setup:-      38                  
       Uncertainty:-       0                  
     Required Time:=    1525                  
      Launch Clock:-       0                  
         Data Path:-    1287                  
             Slack:=     237                  

Launch clock path:
#-----------------------------------------------------------------------------------------------------
#     Timing Point       Flags   Arc   Edge      Cell        Fanout Load Trans Delay Arrival Instance 
#                                                                   (fF)  (ps)  (ps)   (ps)  Location 
#-----------------------------------------------------------------------------------------------------
  clk                    (i,u)   -     R     (arrival)          100  0.0     0     0       0    (-,-) 
  signs_differ_l_reg/clk <<<     -     R     unmapped_d_flop    100    -     1     0       0    (-,-) 
#-----------------------------------------------------------------------------------------------------

#-----------------------------------------------------------------------------------------------------------------
#         Timing Point          Flags    Arc    Edge       Cell         Fanout  Load Trans Delay Arrival Instance 
#                                                                               (fF)  (ps)  (ps)   (ps)  Location 
#-----------------------------------------------------------------------------------------------------------------
  signs_differ_l_reg/clk        -       -       R     (arrival)            100     -     1     0       0    (-,-) 
  signs_differ_l_reg/q          (u)     clk->q  F     unmapped_d_flop       97 310.4     0   164     164    (-,-) 
  g10193/z                      (u)     in_0->z R     unmapped_complex2      3  10.8     0    22     186    (-,-) 
  g10454/z                      (u)     in_0->z R     unmapped_or2           1   3.6     0    17     203    (-,-) 
  g10455/z                      (u)     in_1->z F     unmapped_nand2        23  73.6     0    49     252    (-,-) 
  mux_mantissa_sum_238_9_g700/z (u)     in_1->z F     unmapped_or2           3   9.6     0    22     273    (-,-) 
  mux_mantissa_sum_238_9_g676/z (u)     in_1->z R     unmapped_nand2         1   3.6     0    17     290    (-,-) 
  g20860/z                      (u)     in_1->z R     unmapped_or2           1   3.6     0    17     306    (-,-) 
  mux_mantissa_sum_238_9_g575/z (u)     in_1->z F     unmapped_complex2      5  16.0     0    28     334    (-,-) 
  mux_mantissa_sum_238_9_g555/z (u)     in_0->z R     unmapped_complex2      2   7.2     0    19     353    (-,-) 
  mux_mantissa_sum_238_9_g540/z (u)     in_1->z R     unmapped_or2           1   3.6     0    17     370    (-,-) 
  mux_mantissa_sum_238_9_g527/z (u)     in_0->z F     unmapped_complex2     10  32.0     0    38     407    (-,-) 
  mux_mantissa_sum_238_9_g519/z (u)     in_0->z R     unmapped_complex2      1   3.6     0    17     424    (-,-) 
  mux_mantissa_sum_238_9_g511/z (u)     in_0->z F     unmapped_complex2     12  38.4     0    40     464    (-,-) 
  mux_mantissa_sum_238_9_g435/z (u)     in_0->z R     unmapped_complex2      1   3.6     0    17     480    (-,-) 
  mux_mantissa_sum_238_9_g473/z (u)     in_0->z F     unmapped_complex2      2   6.4     0    19     500    (-,-) 
  mux_mantissa_sum_238_9_g468/z (u)     in_0->z F     unmapped_or2           1   3.2     0    17     516    (-,-) 
  mux_mantissa_sum_238_9_g469/z (u)     in_1->z R     unmapped_nand2         5  18.0     0    28     544    (-,-) 
  g11782/z                      (u)     in_0->z R     unmapped_or2           4  14.4     0    24     568    (-,-) 
  g11738/z                      (u)     in_0->z R     unmapped_or2           3  10.8     0    22     590    (-,-) 
  g11718/z                      (u)     in_1->z R     unmapped_or2           3  10.8     0    22     611    (-,-) 
  g11664/z                      (u)     in_1->z R     unmapped_or2           3  10.8     0    22     633    (-,-) 
  g11636/z                      (u)     in_1->z R     unmapped_or2           3  10.8     0    22     655    (-,-) 
  g11524/z                      (u)     in_1->z R     unmapped_or2           3  10.8     0    22     676    (-,-) 
  g11487/z                      (u)     in_1->z R     unmapped_or2           3  10.8     0    22     698    (-,-) 
  g11390/z                      (u)     in_1->z R     unmapped_or2           3  10.8     0    22     719    (-,-) 
  g11297/z                      (u)     in_1->z R     unmapped_or2           3  10.8     0    22     741    (-,-) 
  g11225/z                      (u)     in_1->z R     unmapped_or2           3  10.8     0    22     763    (-,-) 
  g11219/z                      (u)     in_1->z R     unmapped_or2           4  14.4     0    24     787    (-,-) 
  g11163/z                      (u)     in_1->z R     unmapped_or2           2   7.2     0    19     806    (-,-) 
  g11111/z                      (u)     in_1->z R     unmapped_or2           1   3.6     0    17     823    (-,-) 
  g11080/z                      (u)     in_0->z F     unmapped_complex2      2   6.4     0    19     842    (-,-) 
  g11067/z                      (u)     in_0->z R     unmapped_complex2     25  18.0     0    39     881    (-,-) 
  g11034/z                      (u)     in_0->z R     unmapped_complex2      1   3.6     0    17     897    (-,-) 
  g11017/z                      (u)     in_0->z F     unmapped_complex2      5  16.0     0    28     925    (-,-) 
  g11005/z                      (u)     in_1->z R     unmapped_nand2         1   3.6     0    17     942    (-,-) 
  g11003/z                      (u)     in_0->z F     unmapped_complex2      1   3.2     0    17     958    (-,-) 
  g11793/z                      (u)     in_0->z F     unmapped_and2          4  12.8     0    24     983    (-,-) 
  inc_ADD_TC_OP51/g1/z          (u)     in_1->z R     unmapped_nand2         3  10.8     0    22    1004    (-,-) 
  inc_ADD_TC_OP51/g247/z        (u)     in_0->z R     unmapped_complex2      3  10.8     0    22    1026    (-,-) 
  inc_ADD_TC_OP51/g233/z        (u)     in_0->z R     unmapped_complex2      3  10.8     0    22    1047    (-,-) 
  inc_ADD_TC_OP51/g144/z        (u)     in_0->z R     unmapped_complex2      6  21.6     0    30    1078    (-,-) 
  inc_ADD_TC_OP51/g225/z        (u)     in_1->z R     unmapped_or2           9  32.4     0    36    1114    (-,-) 
  inc_ADD_TC_OP51/g207/z        (u)     in_1->z R     unmapped_or2           3  10.8     0    22    1136    (-,-) 
  inc_ADD_TC_OP51/g136/z        (u)     in_1->z R     unmapped_or2           9  32.4     0    36    1172    (-,-) 
  inc_ADD_TC_OP51/g253/z        (u)     in_1->z F     unmapped_nor2          1   3.2     0    17    1188    (-,-) 
  g19191/z                      (u)     in_1->z F     unmapped_or2           1   3.2     0    17    1205    (-,-) 
  g19185/z                      (u)     in_1->z F     unmapped_or2          23  73.6     0    49    1254    (-,-) 
  g19170/z                      (u)     in_1->z F     unmapped_complex2      1   3.2     0    17    1271    (-,-) 
  g19140/z                      (u)     in_0->z R     unmapped_nand2         1   3.6     0    17    1287    (-,-) 
  fp_out_reg[11]/d              -       -       R     unmapped_d_flop        1     -     -     0    1287    (-,-) 
#-----------------------------------------------------------------------------------------------------------------

(u) : Net has unmapped pin(s).

Capture clock path:
#-------------------------------------------------------------------------------------------------
#   Timing Point     Flags   Arc   Edge      Cell        Fanout Load Trans Delay Arrival Instance 
#                                                               (fF)  (ps)  (ps)   (ps)  Location 
#-------------------------------------------------------------------------------------------------
  clk                (i,u)   -     R     (arrival)          100  0.0     0     0    1562    (-,-) 
  fp_out_reg[11]/clk <<<     -     R     unmapped_d_flop    100    -     1     0    1562    (-,-) 
#-------------------------------------------------------------------------------------------------



Path 13: MET (237 ps) Setup Check with Pin fp_out_reg[10]/clk->d
           View: view_1p2_25
          Group: clock1
     Startpoint: (R) signs_differ_l_reg/clk
          Clock: (R) clock1
       Endpoint: (R) fp_out_reg[10]/d
          Clock: (R) clock1

                     Capture       Launch     
        Clock Edge:+    1562            0     
       Src Latency:+       0            0     
       Net Latency:+       0 (I)        0 (I) 
           Arrival:=    1562            0     
                                              
             Setup:-      38                  
       Uncertainty:-       0                  
     Required Time:=    1525                  
      Launch Clock:-       0                  
         Data Path:-    1287                  
             Slack:=     237                  

Launch clock path:
#-----------------------------------------------------------------------------------------------------
#     Timing Point       Flags   Arc   Edge      Cell        Fanout Load Trans Delay Arrival Instance 
#                                                                   (fF)  (ps)  (ps)   (ps)  Location 
#-----------------------------------------------------------------------------------------------------
  clk                    (i,u)   -     R     (arrival)          100  0.0     0     0       0    (-,-) 
  signs_differ_l_reg/clk <<<     -     R     unmapped_d_flop    100    -     1     0       0    (-,-) 
#-----------------------------------------------------------------------------------------------------

#-----------------------------------------------------------------------------------------------------------------
#         Timing Point          Flags    Arc    Edge       Cell         Fanout  Load Trans Delay Arrival Instance 
#                                                                               (fF)  (ps)  (ps)   (ps)  Location 
#-----------------------------------------------------------------------------------------------------------------
  signs_differ_l_reg/clk        -       -       R     (arrival)            100     -     1     0       0    (-,-) 
  signs_differ_l_reg/q          (u)     clk->q  F     unmapped_d_flop       97 310.4     0   164     164    (-,-) 
  g10193/z                      (u)     in_0->z R     unmapped_complex2      3  10.8     0    22     186    (-,-) 
  g10454/z                      (u)     in_0->z R     unmapped_or2           1   3.6     0    17     203    (-,-) 
  g10455/z                      (u)     in_1->z F     unmapped_nand2        23  73.6     0    49     252    (-,-) 
  mux_mantissa_sum_238_9_g700/z (u)     in_1->z F     unmapped_or2           3   9.6     0    22     273    (-,-) 
  mux_mantissa_sum_238_9_g676/z (u)     in_1->z R     unmapped_nand2         1   3.6     0    17     290    (-,-) 
  g20860/z                      (u)     in_1->z R     unmapped_or2           1   3.6     0    17     306    (-,-) 
  mux_mantissa_sum_238_9_g575/z (u)     in_1->z F     unmapped_complex2      5  16.0     0    28     334    (-,-) 
  mux_mantissa_sum_238_9_g555/z (u)     in_0->z R     unmapped_complex2      2   7.2     0    19     353    (-,-) 
  mux_mantissa_sum_238_9_g540/z (u)     in_1->z R     unmapped_or2           1   3.6     0    17     370    (-,-) 
  mux_mantissa_sum_238_9_g527/z (u)     in_0->z F     unmapped_complex2     10  32.0     0    38     407    (-,-) 
  mux_mantissa_sum_238_9_g519/z (u)     in_0->z R     unmapped_complex2      1   3.6     0    17     424    (-,-) 
  mux_mantissa_sum_238_9_g511/z (u)     in_0->z F     unmapped_complex2     12  38.4     0    40     464    (-,-) 
  mux_mantissa_sum_238_9_g435/z (u)     in_0->z R     unmapped_complex2      1   3.6     0    17     480    (-,-) 
  mux_mantissa_sum_238_9_g473/z (u)     in_0->z F     unmapped_complex2      2   6.4     0    19     500    (-,-) 
  mux_mantissa_sum_238_9_g468/z (u)     in_0->z F     unmapped_or2           1   3.2     0    17     516    (-,-) 
  mux_mantissa_sum_238_9_g469/z (u)     in_1->z R     unmapped_nand2         5  18.0     0    28     544    (-,-) 
  g11782/z                      (u)     in_0->z R     unmapped_or2           4  14.4     0    24     568    (-,-) 
  g11738/z                      (u)     in_0->z R     unmapped_or2           3  10.8     0    22     590    (-,-) 
  g11718/z                      (u)     in_1->z R     unmapped_or2           3  10.8     0    22     611    (-,-) 
  g11664/z                      (u)     in_1->z R     unmapped_or2           3  10.8     0    22     633    (-,-) 
  g11636/z                      (u)     in_1->z R     unmapped_or2           3  10.8     0    22     655    (-,-) 
  g11524/z                      (u)     in_1->z R     unmapped_or2           3  10.8     0    22     676    (-,-) 
  g11487/z                      (u)     in_1->z R     unmapped_or2           3  10.8     0    22     698    (-,-) 
  g11390/z                      (u)     in_1->z R     unmapped_or2           3  10.8     0    22     719    (-,-) 
  g11297/z                      (u)     in_1->z R     unmapped_or2           3  10.8     0    22     741    (-,-) 
  g11225/z                      (u)     in_1->z R     unmapped_or2           3  10.8     0    22     763    (-,-) 
  g11219/z                      (u)     in_1->z R     unmapped_or2           4  14.4     0    24     787    (-,-) 
  g11163/z                      (u)     in_1->z R     unmapped_or2           2   7.2     0    19     806    (-,-) 
  g11111/z                      (u)     in_1->z R     unmapped_or2           1   3.6     0    17     823    (-,-) 
  g11080/z                      (u)     in_0->z F     unmapped_complex2      2   6.4     0    19     842    (-,-) 
  g11067/z                      (u)     in_0->z R     unmapped_complex2     25  18.0     0    39     881    (-,-) 
  g11034/z                      (u)     in_0->z R     unmapped_complex2      1   3.6     0    17     897    (-,-) 
  g11017/z                      (u)     in_0->z F     unmapped_complex2      5  16.0     0    28     925    (-,-) 
  g11005/z                      (u)     in_1->z R     unmapped_nand2         1   3.6     0    17     942    (-,-) 
  g11003/z                      (u)     in_0->z F     unmapped_complex2      1   3.2     0    17     958    (-,-) 
  g11793/z                      (u)     in_0->z F     unmapped_and2          4  12.8     0    24     983    (-,-) 
  inc_ADD_TC_OP51/g1/z          (u)     in_1->z R     unmapped_nand2         3  10.8     0    22    1004    (-,-) 
  inc_ADD_TC_OP51/g247/z        (u)     in_0->z R     unmapped_complex2      3  10.8     0    22    1026    (-,-) 
  inc_ADD_TC_OP51/g233/z        (u)     in_0->z R     unmapped_complex2      3  10.8     0    22    1047    (-,-) 
  inc_ADD_TC_OP51/g144/z        (u)     in_0->z R     unmapped_complex2      6  21.6     0    30    1078    (-,-) 
  inc_ADD_TC_OP51/g225/z        (u)     in_1->z R     unmapped_or2           9  32.4     0    36    1114    (-,-) 
  inc_ADD_TC_OP51/g207/z        (u)     in_1->z R     unmapped_or2           3  10.8     0    22    1136    (-,-) 
  inc_ADD_TC_OP51/g136/z        (u)     in_1->z R     unmapped_or2           9  32.4     0    36    1172    (-,-) 
  inc_ADD_TC_OP51/g253/z        (u)     in_1->z F     unmapped_nor2          1   3.2     0    17    1188    (-,-) 
  g19191/z                      (u)     in_1->z F     unmapped_or2           1   3.2     0    17    1205    (-,-) 
  g19185/z                      (u)     in_1->z F     unmapped_or2          23  73.6     0    49    1254    (-,-) 
  g19175/z                      (u)     in_1->z F     unmapped_complex2      1   3.2     0    17    1271    (-,-) 
  g19145/z                      (u)     in_0->z R     unmapped_nand2         1   3.6     0    17    1287    (-,-) 
  fp_out_reg[10]/d              -       -       R     unmapped_d_flop        1     -     -     0    1287    (-,-) 
#-----------------------------------------------------------------------------------------------------------------

(u) : Net has unmapped pin(s).

Capture clock path:
#-------------------------------------------------------------------------------------------------
#   Timing Point     Flags   Arc   Edge      Cell        Fanout Load Trans Delay Arrival Instance 
#                                                               (fF)  (ps)  (ps)   (ps)  Location 
#-------------------------------------------------------------------------------------------------
  clk                (i,u)   -     R     (arrival)          100  0.0     0     0    1562    (-,-) 
  fp_out_reg[10]/clk <<<     -     R     unmapped_d_flop    100    -     1     0    1562    (-,-) 
#-------------------------------------------------------------------------------------------------



Path 14: MET (237 ps) Setup Check with Pin fp_out_reg[9]/clk->d
           View: view_1p2_25
          Group: clock1
     Startpoint: (R) signs_differ_l_reg/clk
          Clock: (R) clock1
       Endpoint: (R) fp_out_reg[9]/d
          Clock: (R) clock1

                     Capture       Launch     
        Clock Edge:+    1562            0     
       Src Latency:+       0            0     
       Net Latency:+       0 (I)        0 (I) 
           Arrival:=    1562            0     
                                              
             Setup:-      38                  
       Uncertainty:-       0                  
     Required Time:=    1525                  
      Launch Clock:-       0                  
         Data Path:-    1287                  
             Slack:=     237                  

Launch clock path:
#-----------------------------------------------------------------------------------------------------
#     Timing Point       Flags   Arc   Edge      Cell        Fanout Load Trans Delay Arrival Instance 
#                                                                   (fF)  (ps)  (ps)   (ps)  Location 
#-----------------------------------------------------------------------------------------------------
  clk                    (i,u)   -     R     (arrival)          100  0.0     0     0       0    (-,-) 
  signs_differ_l_reg/clk <<<     -     R     unmapped_d_flop    100    -     1     0       0    (-,-) 
#-----------------------------------------------------------------------------------------------------

#-----------------------------------------------------------------------------------------------------------------
#         Timing Point          Flags    Arc    Edge       Cell         Fanout  Load Trans Delay Arrival Instance 
#                                                                               (fF)  (ps)  (ps)   (ps)  Location 
#-----------------------------------------------------------------------------------------------------------------
  signs_differ_l_reg/clk        -       -       R     (arrival)            100     -     1     0       0    (-,-) 
  signs_differ_l_reg/q          (u)     clk->q  F     unmapped_d_flop       97 310.4     0   164     164    (-,-) 
  g10193/z                      (u)     in_0->z R     unmapped_complex2      3  10.8     0    22     186    (-,-) 
  g10454/z                      (u)     in_0->z R     unmapped_or2           1   3.6     0    17     203    (-,-) 
  g10455/z                      (u)     in_1->z F     unmapped_nand2        23  73.6     0    49     252    (-,-) 
  mux_mantissa_sum_238_9_g700/z (u)     in_1->z F     unmapped_or2           3   9.6     0    22     273    (-,-) 
  mux_mantissa_sum_238_9_g676/z (u)     in_1->z R     unmapped_nand2         1   3.6     0    17     290    (-,-) 
  g20860/z                      (u)     in_1->z R     unmapped_or2           1   3.6     0    17     306    (-,-) 
  mux_mantissa_sum_238_9_g575/z (u)     in_1->z F     unmapped_complex2      5  16.0     0    28     334    (-,-) 
  mux_mantissa_sum_238_9_g555/z (u)     in_0->z R     unmapped_complex2      2   7.2     0    19     353    (-,-) 
  mux_mantissa_sum_238_9_g540/z (u)     in_1->z R     unmapped_or2           1   3.6     0    17     370    (-,-) 
  mux_mantissa_sum_238_9_g527/z (u)     in_0->z F     unmapped_complex2     10  32.0     0    38     407    (-,-) 
  mux_mantissa_sum_238_9_g519/z (u)     in_0->z R     unmapped_complex2      1   3.6     0    17     424    (-,-) 
  mux_mantissa_sum_238_9_g511/z (u)     in_0->z F     unmapped_complex2     12  38.4     0    40     464    (-,-) 
  mux_mantissa_sum_238_9_g435/z (u)     in_0->z R     unmapped_complex2      1   3.6     0    17     480    (-,-) 
  mux_mantissa_sum_238_9_g473/z (u)     in_0->z F     unmapped_complex2      2   6.4     0    19     500    (-,-) 
  mux_mantissa_sum_238_9_g468/z (u)     in_0->z F     unmapped_or2           1   3.2     0    17     516    (-,-) 
  mux_mantissa_sum_238_9_g469/z (u)     in_1->z R     unmapped_nand2         5  18.0     0    28     544    (-,-) 
  g11782/z                      (u)     in_0->z R     unmapped_or2           4  14.4     0    24     568    (-,-) 
  g11738/z                      (u)     in_0->z R     unmapped_or2           3  10.8     0    22     590    (-,-) 
  g11718/z                      (u)     in_1->z R     unmapped_or2           3  10.8     0    22     611    (-,-) 
  g11664/z                      (u)     in_1->z R     unmapped_or2           3  10.8     0    22     633    (-,-) 
  g11636/z                      (u)     in_1->z R     unmapped_or2           3  10.8     0    22     655    (-,-) 
  g11524/z                      (u)     in_1->z R     unmapped_or2           3  10.8     0    22     676    (-,-) 
  g11487/z                      (u)     in_1->z R     unmapped_or2           3  10.8     0    22     698    (-,-) 
  g11390/z                      (u)     in_1->z R     unmapped_or2           3  10.8     0    22     719    (-,-) 
  g11297/z                      (u)     in_1->z R     unmapped_or2           3  10.8     0    22     741    (-,-) 
  g11225/z                      (u)     in_1->z R     unmapped_or2           3  10.8     0    22     763    (-,-) 
  g11219/z                      (u)     in_1->z R     unmapped_or2           4  14.4     0    24     787    (-,-) 
  g11163/z                      (u)     in_1->z R     unmapped_or2           2   7.2     0    19     806    (-,-) 
  g11111/z                      (u)     in_1->z R     unmapped_or2           1   3.6     0    17     823    (-,-) 
  g11080/z                      (u)     in_0->z F     unmapped_complex2      2   6.4     0    19     842    (-,-) 
  g11067/z                      (u)     in_0->z R     unmapped_complex2     25  18.0     0    39     881    (-,-) 
  g11034/z                      (u)     in_0->z R     unmapped_complex2      1   3.6     0    17     897    (-,-) 
  g11017/z                      (u)     in_0->z F     unmapped_complex2      5  16.0     0    28     925    (-,-) 
  g11005/z                      (u)     in_1->z R     unmapped_nand2         1   3.6     0    17     942    (-,-) 
  g11003/z                      (u)     in_0->z F     unmapped_complex2      1   3.2     0    17     958    (-,-) 
  g11793/z                      (u)     in_0->z F     unmapped_and2          4  12.8     0    24     983    (-,-) 
  inc_ADD_TC_OP51/g1/z          (u)     in_1->z R     unmapped_nand2         3  10.8     0    22    1004    (-,-) 
  inc_ADD_TC_OP51/g247/z        (u)     in_0->z R     unmapped_complex2      3  10.8     0    22    1026    (-,-) 
  inc_ADD_TC_OP51/g233/z        (u)     in_0->z R     unmapped_complex2      3  10.8     0    22    1047    (-,-) 
  inc_ADD_TC_OP51/g144/z        (u)     in_0->z R     unmapped_complex2      6  21.6     0    30    1078    (-,-) 
  inc_ADD_TC_OP51/g225/z        (u)     in_1->z R     unmapped_or2           9  32.4     0    36    1114    (-,-) 
  inc_ADD_TC_OP51/g207/z        (u)     in_1->z R     unmapped_or2           3  10.8     0    22    1136    (-,-) 
  inc_ADD_TC_OP51/g136/z        (u)     in_1->z R     unmapped_or2           9  32.4     0    36    1172    (-,-) 
  inc_ADD_TC_OP51/g253/z        (u)     in_1->z F     unmapped_nor2          1   3.2     0    17    1188    (-,-) 
  g19191/z                      (u)     in_1->z F     unmapped_or2           1   3.2     0    17    1205    (-,-) 
  g19185/z                      (u)     in_1->z F     unmapped_or2          23  73.6     0    49    1254    (-,-) 
  g19166/z                      (u)     in_1->z F     unmapped_complex2      1   3.2     0    17    1271    (-,-) 
  g19148/z                      (u)     in_0->z R     unmapped_nand2         1   3.6     0    17    1287    (-,-) 
  fp_out_reg[9]/d               -       -       R     unmapped_d_flop        1     -     -     0    1287    (-,-) 
#-----------------------------------------------------------------------------------------------------------------

(u) : Net has unmapped pin(s).

Capture clock path:
#------------------------------------------------------------------------------------------------
#   Timing Point    Flags   Arc   Edge      Cell        Fanout Load Trans Delay Arrival Instance 
#                                                              (fF)  (ps)  (ps)   (ps)  Location 
#------------------------------------------------------------------------------------------------
  clk               (i,u)   -     R     (arrival)          100  0.0     0     0    1562    (-,-) 
  fp_out_reg[9]/clk <<<     -     R     unmapped_d_flop    100    -     1     0    1562    (-,-) 
#------------------------------------------------------------------------------------------------



Path 15: MET (237 ps) Setup Check with Pin fp_out_reg[8]/clk->d
           View: view_1p2_25
          Group: clock1
     Startpoint: (R) signs_differ_l_reg/clk
          Clock: (R) clock1
       Endpoint: (R) fp_out_reg[8]/d
          Clock: (R) clock1

                     Capture       Launch     
        Clock Edge:+    1562            0     
       Src Latency:+       0            0     
       Net Latency:+       0 (I)        0 (I) 
           Arrival:=    1562            0     
                                              
             Setup:-      38                  
       Uncertainty:-       0                  
     Required Time:=    1525                  
      Launch Clock:-       0                  
         Data Path:-    1287                  
             Slack:=     237                  

Launch clock path:
#-----------------------------------------------------------------------------------------------------
#     Timing Point       Flags   Arc   Edge      Cell        Fanout Load Trans Delay Arrival Instance 
#                                                                   (fF)  (ps)  (ps)   (ps)  Location 
#-----------------------------------------------------------------------------------------------------
  clk                    (i,u)   -     R     (arrival)          100  0.0     0     0       0    (-,-) 
  signs_differ_l_reg/clk <<<     -     R     unmapped_d_flop    100    -     1     0       0    (-,-) 
#-----------------------------------------------------------------------------------------------------

#-----------------------------------------------------------------------------------------------------------------
#         Timing Point          Flags    Arc    Edge       Cell         Fanout  Load Trans Delay Arrival Instance 
#                                                                               (fF)  (ps)  (ps)   (ps)  Location 
#-----------------------------------------------------------------------------------------------------------------
  signs_differ_l_reg/clk        -       -       R     (arrival)            100     -     1     0       0    (-,-) 
  signs_differ_l_reg/q          (u)     clk->q  F     unmapped_d_flop       97 310.4     0   164     164    (-,-) 
  g10193/z                      (u)     in_0->z R     unmapped_complex2      3  10.8     0    22     186    (-,-) 
  g10454/z                      (u)     in_0->z R     unmapped_or2           1   3.6     0    17     203    (-,-) 
  g10455/z                      (u)     in_1->z F     unmapped_nand2        23  73.6     0    49     252    (-,-) 
  mux_mantissa_sum_238_9_g700/z (u)     in_1->z F     unmapped_or2           3   9.6     0    22     273    (-,-) 
  mux_mantissa_sum_238_9_g676/z (u)     in_1->z R     unmapped_nand2         1   3.6     0    17     290    (-,-) 
  g20860/z                      (u)     in_1->z R     unmapped_or2           1   3.6     0    17     306    (-,-) 
  mux_mantissa_sum_238_9_g575/z (u)     in_1->z F     unmapped_complex2      5  16.0     0    28     334    (-,-) 
  mux_mantissa_sum_238_9_g555/z (u)     in_0->z R     unmapped_complex2      2   7.2     0    19     353    (-,-) 
  mux_mantissa_sum_238_9_g540/z (u)     in_1->z R     unmapped_or2           1   3.6     0    17     370    (-,-) 
  mux_mantissa_sum_238_9_g527/z (u)     in_0->z F     unmapped_complex2     10  32.0     0    38     407    (-,-) 
  mux_mantissa_sum_238_9_g519/z (u)     in_0->z R     unmapped_complex2      1   3.6     0    17     424    (-,-) 
  mux_mantissa_sum_238_9_g511/z (u)     in_0->z F     unmapped_complex2     12  38.4     0    40     464    (-,-) 
  mux_mantissa_sum_238_9_g435/z (u)     in_0->z R     unmapped_complex2      1   3.6     0    17     480    (-,-) 
  mux_mantissa_sum_238_9_g473/z (u)     in_0->z F     unmapped_complex2      2   6.4     0    19     500    (-,-) 
  mux_mantissa_sum_238_9_g468/z (u)     in_0->z F     unmapped_or2           1   3.2     0    17     516    (-,-) 
  mux_mantissa_sum_238_9_g469/z (u)     in_1->z R     unmapped_nand2         5  18.0     0    28     544    (-,-) 
  g11782/z                      (u)     in_0->z R     unmapped_or2           4  14.4     0    24     568    (-,-) 
  g11738/z                      (u)     in_0->z R     unmapped_or2           3  10.8     0    22     590    (-,-) 
  g11718/z                      (u)     in_1->z R     unmapped_or2           3  10.8     0    22     611    (-,-) 
  g11664/z                      (u)     in_1->z R     unmapped_or2           3  10.8     0    22     633    (-,-) 
  g11636/z                      (u)     in_1->z R     unmapped_or2           3  10.8     0    22     655    (-,-) 
  g11524/z                      (u)     in_1->z R     unmapped_or2           3  10.8     0    22     676    (-,-) 
  g11487/z                      (u)     in_1->z R     unmapped_or2           3  10.8     0    22     698    (-,-) 
  g11390/z                      (u)     in_1->z R     unmapped_or2           3  10.8     0    22     719    (-,-) 
  g11297/z                      (u)     in_1->z R     unmapped_or2           3  10.8     0    22     741    (-,-) 
  g11225/z                      (u)     in_1->z R     unmapped_or2           3  10.8     0    22     763    (-,-) 
  g11219/z                      (u)     in_1->z R     unmapped_or2           4  14.4     0    24     787    (-,-) 
  g11163/z                      (u)     in_1->z R     unmapped_or2           2   7.2     0    19     806    (-,-) 
  g11111/z                      (u)     in_1->z R     unmapped_or2           1   3.6     0    17     823    (-,-) 
  g11080/z                      (u)     in_0->z F     unmapped_complex2      2   6.4     0    19     842    (-,-) 
  g11067/z                      (u)     in_0->z R     unmapped_complex2     25  18.0     0    39     881    (-,-) 
  g11034/z                      (u)     in_0->z R     unmapped_complex2      1   3.6     0    17     897    (-,-) 
  g11017/z                      (u)     in_0->z F     unmapped_complex2      5  16.0     0    28     925    (-,-) 
  g11005/z                      (u)     in_1->z R     unmapped_nand2         1   3.6     0    17     942    (-,-) 
  g11003/z                      (u)     in_0->z F     unmapped_complex2      1   3.2     0    17     958    (-,-) 
  g11793/z                      (u)     in_0->z F     unmapped_and2          4  12.8     0    24     983    (-,-) 
  inc_ADD_TC_OP51/g1/z          (u)     in_1->z R     unmapped_nand2         3  10.8     0    22    1004    (-,-) 
  inc_ADD_TC_OP51/g247/z        (u)     in_0->z R     unmapped_complex2      3  10.8     0    22    1026    (-,-) 
  inc_ADD_TC_OP51/g233/z        (u)     in_0->z R     unmapped_complex2      3  10.8     0    22    1047    (-,-) 
  inc_ADD_TC_OP51/g144/z        (u)     in_0->z R     unmapped_complex2      6  21.6     0    30    1078    (-,-) 
  inc_ADD_TC_OP51/g225/z        (u)     in_1->z R     unmapped_or2           9  32.4     0    36    1114    (-,-) 
  inc_ADD_TC_OP51/g207/z        (u)     in_1->z R     unmapped_or2           3  10.8     0    22    1136    (-,-) 
  inc_ADD_TC_OP51/g136/z        (u)     in_1->z R     unmapped_or2           9  32.4     0    36    1172    (-,-) 
  inc_ADD_TC_OP51/g253/z        (u)     in_1->z F     unmapped_nor2          1   3.2     0    17    1188    (-,-) 
  g19191/z                      (u)     in_1->z F     unmapped_or2           1   3.2     0    17    1205    (-,-) 
  g19185/z                      (u)     in_1->z F     unmapped_or2          23  73.6     0    49    1254    (-,-) 
  g19173/z                      (u)     in_1->z F     unmapped_complex2      1   3.2     0    17    1271    (-,-) 
  g19135/z                      (u)     in_0->z R     unmapped_nand2         1   3.6     0    17    1287    (-,-) 
  fp_out_reg[8]/d               -       -       R     unmapped_d_flop        1     -     -     0    1287    (-,-) 
#-----------------------------------------------------------------------------------------------------------------

(u) : Net has unmapped pin(s).

Capture clock path:
#------------------------------------------------------------------------------------------------
#   Timing Point    Flags   Arc   Edge      Cell        Fanout Load Trans Delay Arrival Instance 
#                                                              (fF)  (ps)  (ps)   (ps)  Location 
#------------------------------------------------------------------------------------------------
  clk               (i,u)   -     R     (arrival)          100  0.0     0     0    1562    (-,-) 
  fp_out_reg[8]/clk <<<     -     R     unmapped_d_flop    100    -     1     0    1562    (-,-) 
#------------------------------------------------------------------------------------------------



Path 16: MET (237 ps) Setup Check with Pin fp_out_reg[7]/clk->d
           View: view_1p2_25
          Group: clock1
     Startpoint: (R) signs_differ_l_reg/clk
          Clock: (R) clock1
       Endpoint: (R) fp_out_reg[7]/d
          Clock: (R) clock1

                     Capture       Launch     
        Clock Edge:+    1562            0     
       Src Latency:+       0            0     
       Net Latency:+       0 (I)        0 (I) 
           Arrival:=    1562            0     
                                              
             Setup:-      38                  
       Uncertainty:-       0                  
     Required Time:=    1525                  
      Launch Clock:-       0                  
         Data Path:-    1287                  
             Slack:=     237                  

Launch clock path:
#-----------------------------------------------------------------------------------------------------
#     Timing Point       Flags   Arc   Edge      Cell        Fanout Load Trans Delay Arrival Instance 
#                                                                   (fF)  (ps)  (ps)   (ps)  Location 
#-----------------------------------------------------------------------------------------------------
  clk                    (i,u)   -     R     (arrival)          100  0.0     0     0       0    (-,-) 
  signs_differ_l_reg/clk <<<     -     R     unmapped_d_flop    100    -     1     0       0    (-,-) 
#-----------------------------------------------------------------------------------------------------

#-----------------------------------------------------------------------------------------------------------------
#         Timing Point          Flags    Arc    Edge       Cell         Fanout  Load Trans Delay Arrival Instance 
#                                                                               (fF)  (ps)  (ps)   (ps)  Location 
#-----------------------------------------------------------------------------------------------------------------
  signs_differ_l_reg/clk        -       -       R     (arrival)            100     -     1     0       0    (-,-) 
  signs_differ_l_reg/q          (u)     clk->q  F     unmapped_d_flop       97 310.4     0   164     164    (-,-) 
  g10193/z                      (u)     in_0->z R     unmapped_complex2      3  10.8     0    22     186    (-,-) 
  g10454/z                      (u)     in_0->z R     unmapped_or2           1   3.6     0    17     203    (-,-) 
  g10455/z                      (u)     in_1->z F     unmapped_nand2        23  73.6     0    49     252    (-,-) 
  mux_mantissa_sum_238_9_g700/z (u)     in_1->z F     unmapped_or2           3   9.6     0    22     273    (-,-) 
  mux_mantissa_sum_238_9_g676/z (u)     in_1->z R     unmapped_nand2         1   3.6     0    17     290    (-,-) 
  g20860/z                      (u)     in_1->z R     unmapped_or2           1   3.6     0    17     306    (-,-) 
  mux_mantissa_sum_238_9_g575/z (u)     in_1->z F     unmapped_complex2      5  16.0     0    28     334    (-,-) 
  mux_mantissa_sum_238_9_g555/z (u)     in_0->z R     unmapped_complex2      2   7.2     0    19     353    (-,-) 
  mux_mantissa_sum_238_9_g540/z (u)     in_1->z R     unmapped_or2           1   3.6     0    17     370    (-,-) 
  mux_mantissa_sum_238_9_g527/z (u)     in_0->z F     unmapped_complex2     10  32.0     0    38     407    (-,-) 
  mux_mantissa_sum_238_9_g519/z (u)     in_0->z R     unmapped_complex2      1   3.6     0    17     424    (-,-) 
  mux_mantissa_sum_238_9_g511/z (u)     in_0->z F     unmapped_complex2     12  38.4     0    40     464    (-,-) 
  mux_mantissa_sum_238_9_g435/z (u)     in_0->z R     unmapped_complex2      1   3.6     0    17     480    (-,-) 
  mux_mantissa_sum_238_9_g473/z (u)     in_0->z F     unmapped_complex2      2   6.4     0    19     500    (-,-) 
  mux_mantissa_sum_238_9_g468/z (u)     in_0->z F     unmapped_or2           1   3.2     0    17     516    (-,-) 
  mux_mantissa_sum_238_9_g469/z (u)     in_1->z R     unmapped_nand2         5  18.0     0    28     544    (-,-) 
  g11782/z                      (u)     in_0->z R     unmapped_or2           4  14.4     0    24     568    (-,-) 
  g11738/z                      (u)     in_0->z R     unmapped_or2           3  10.8     0    22     590    (-,-) 
  g11718/z                      (u)     in_1->z R     unmapped_or2           3  10.8     0    22     611    (-,-) 
  g11664/z                      (u)     in_1->z R     unmapped_or2           3  10.8     0    22     633    (-,-) 
  g11636/z                      (u)     in_1->z R     unmapped_or2           3  10.8     0    22     655    (-,-) 
  g11524/z                      (u)     in_1->z R     unmapped_or2           3  10.8     0    22     676    (-,-) 
  g11487/z                      (u)     in_1->z R     unmapped_or2           3  10.8     0    22     698    (-,-) 
  g11390/z                      (u)     in_1->z R     unmapped_or2           3  10.8     0    22     719    (-,-) 
  g11297/z                      (u)     in_1->z R     unmapped_or2           3  10.8     0    22     741    (-,-) 
  g11225/z                      (u)     in_1->z R     unmapped_or2           3  10.8     0    22     763    (-,-) 
  g11219/z                      (u)     in_1->z R     unmapped_or2           4  14.4     0    24     787    (-,-) 
  g11163/z                      (u)     in_1->z R     unmapped_or2           2   7.2     0    19     806    (-,-) 
  g11111/z                      (u)     in_1->z R     unmapped_or2           1   3.6     0    17     823    (-,-) 
  g11080/z                      (u)     in_0->z F     unmapped_complex2      2   6.4     0    19     842    (-,-) 
  g11067/z                      (u)     in_0->z R     unmapped_complex2     25  18.0     0    39     881    (-,-) 
  g11034/z                      (u)     in_0->z R     unmapped_complex2      1   3.6     0    17     897    (-,-) 
  g11017/z                      (u)     in_0->z F     unmapped_complex2      5  16.0     0    28     925    (-,-) 
  g11005/z                      (u)     in_1->z R     unmapped_nand2         1   3.6     0    17     942    (-,-) 
  g11003/z                      (u)     in_0->z F     unmapped_complex2      1   3.2     0    17     958    (-,-) 
  g11793/z                      (u)     in_0->z F     unmapped_and2          4  12.8     0    24     983    (-,-) 
  inc_ADD_TC_OP51/g1/z          (u)     in_1->z R     unmapped_nand2         3  10.8     0    22    1004    (-,-) 
  inc_ADD_TC_OP51/g247/z        (u)     in_0->z R     unmapped_complex2      3  10.8     0    22    1026    (-,-) 
  inc_ADD_TC_OP51/g233/z        (u)     in_0->z R     unmapped_complex2      3  10.8     0    22    1047    (-,-) 
  inc_ADD_TC_OP51/g144/z        (u)     in_0->z R     unmapped_complex2      6  21.6     0    30    1078    (-,-) 
  inc_ADD_TC_OP51/g225/z        (u)     in_1->z R     unmapped_or2           9  32.4     0    36    1114    (-,-) 
  inc_ADD_TC_OP51/g207/z        (u)     in_1->z R     unmapped_or2           3  10.8     0    22    1136    (-,-) 
  inc_ADD_TC_OP51/g136/z        (u)     in_1->z R     unmapped_or2           9  32.4     0    36    1172    (-,-) 
  inc_ADD_TC_OP51/g253/z        (u)     in_1->z F     unmapped_nor2          1   3.2     0    17    1188    (-,-) 
  g19191/z                      (u)     in_1->z F     unmapped_or2           1   3.2     0    17    1205    (-,-) 
  g19185/z                      (u)     in_1->z F     unmapped_or2          23  73.6     0    49    1254    (-,-) 
  g19158/z                      (u)     in_1->z F     unmapped_complex2      1   3.2     0    17    1271    (-,-) 
  g19152/z                      (u)     in_0->z R     unmapped_nand2         1   3.6     0    17    1287    (-,-) 
  fp_out_reg[7]/d               -       -       R     unmapped_d_flop        1     -     -     0    1287    (-,-) 
#-----------------------------------------------------------------------------------------------------------------

(u) : Net has unmapped pin(s).

Capture clock path:
#------------------------------------------------------------------------------------------------
#   Timing Point    Flags   Arc   Edge      Cell        Fanout Load Trans Delay Arrival Instance 
#                                                              (fF)  (ps)  (ps)   (ps)  Location 
#------------------------------------------------------------------------------------------------
  clk               (i,u)   -     R     (arrival)          100  0.0     0     0    1562    (-,-) 
  fp_out_reg[7]/clk <<<     -     R     unmapped_d_flop    100    -     1     0    1562    (-,-) 
#------------------------------------------------------------------------------------------------



Path 17: MET (237 ps) Setup Check with Pin fp_out_reg[6]/clk->d
           View: view_1p2_25
          Group: clock1
     Startpoint: (R) signs_differ_l_reg/clk
          Clock: (R) clock1
       Endpoint: (R) fp_out_reg[6]/d
          Clock: (R) clock1

                     Capture       Launch     
        Clock Edge:+    1562            0     
       Src Latency:+       0            0     
       Net Latency:+       0 (I)        0 (I) 
           Arrival:=    1562            0     
                                              
             Setup:-      38                  
       Uncertainty:-       0                  
     Required Time:=    1525                  
      Launch Clock:-       0                  
         Data Path:-    1287                  
             Slack:=     237                  

Launch clock path:
#-----------------------------------------------------------------------------------------------------
#     Timing Point       Flags   Arc   Edge      Cell        Fanout Load Trans Delay Arrival Instance 
#                                                                   (fF)  (ps)  (ps)   (ps)  Location 
#-----------------------------------------------------------------------------------------------------
  clk                    (i,u)   -     R     (arrival)          100  0.0     0     0       0    (-,-) 
  signs_differ_l_reg/clk <<<     -     R     unmapped_d_flop    100    -     1     0       0    (-,-) 
#-----------------------------------------------------------------------------------------------------

#-----------------------------------------------------------------------------------------------------------------
#         Timing Point          Flags    Arc    Edge       Cell         Fanout  Load Trans Delay Arrival Instance 
#                                                                               (fF)  (ps)  (ps)   (ps)  Location 
#-----------------------------------------------------------------------------------------------------------------
  signs_differ_l_reg/clk        -       -       R     (arrival)            100     -     1     0       0    (-,-) 
  signs_differ_l_reg/q          (u)     clk->q  F     unmapped_d_flop       97 310.4     0   164     164    (-,-) 
  g10193/z                      (u)     in_0->z R     unmapped_complex2      3  10.8     0    22     186    (-,-) 
  g10454/z                      (u)     in_0->z R     unmapped_or2           1   3.6     0    17     203    (-,-) 
  g10455/z                      (u)     in_1->z F     unmapped_nand2        23  73.6     0    49     252    (-,-) 
  mux_mantissa_sum_238_9_g700/z (u)     in_1->z F     unmapped_or2           3   9.6     0    22     273    (-,-) 
  mux_mantissa_sum_238_9_g676/z (u)     in_1->z R     unmapped_nand2         1   3.6     0    17     290    (-,-) 
  g20860/z                      (u)     in_1->z R     unmapped_or2           1   3.6     0    17     306    (-,-) 
  mux_mantissa_sum_238_9_g575/z (u)     in_1->z F     unmapped_complex2      5  16.0     0    28     334    (-,-) 
  mux_mantissa_sum_238_9_g555/z (u)     in_0->z R     unmapped_complex2      2   7.2     0    19     353    (-,-) 
  mux_mantissa_sum_238_9_g540/z (u)     in_1->z R     unmapped_or2           1   3.6     0    17     370    (-,-) 
  mux_mantissa_sum_238_9_g527/z (u)     in_0->z F     unmapped_complex2     10  32.0     0    38     407    (-,-) 
  mux_mantissa_sum_238_9_g519/z (u)     in_0->z R     unmapped_complex2      1   3.6     0    17     424    (-,-) 
  mux_mantissa_sum_238_9_g511/z (u)     in_0->z F     unmapped_complex2     12  38.4     0    40     464    (-,-) 
  mux_mantissa_sum_238_9_g435/z (u)     in_0->z R     unmapped_complex2      1   3.6     0    17     480    (-,-) 
  mux_mantissa_sum_238_9_g473/z (u)     in_0->z F     unmapped_complex2      2   6.4     0    19     500    (-,-) 
  mux_mantissa_sum_238_9_g468/z (u)     in_0->z F     unmapped_or2           1   3.2     0    17     516    (-,-) 
  mux_mantissa_sum_238_9_g469/z (u)     in_1->z R     unmapped_nand2         5  18.0     0    28     544    (-,-) 
  g11782/z                      (u)     in_0->z R     unmapped_or2           4  14.4     0    24     568    (-,-) 
  g11738/z                      (u)     in_0->z R     unmapped_or2           3  10.8     0    22     590    (-,-) 
  g11718/z                      (u)     in_1->z R     unmapped_or2           3  10.8     0    22     611    (-,-) 
  g11664/z                      (u)     in_1->z R     unmapped_or2           3  10.8     0    22     633    (-,-) 
  g11636/z                      (u)     in_1->z R     unmapped_or2           3  10.8     0    22     655    (-,-) 
  g11524/z                      (u)     in_1->z R     unmapped_or2           3  10.8     0    22     676    (-,-) 
  g11487/z                      (u)     in_1->z R     unmapped_or2           3  10.8     0    22     698    (-,-) 
  g11390/z                      (u)     in_1->z R     unmapped_or2           3  10.8     0    22     719    (-,-) 
  g11297/z                      (u)     in_1->z R     unmapped_or2           3  10.8     0    22     741    (-,-) 
  g11225/z                      (u)     in_1->z R     unmapped_or2           3  10.8     0    22     763    (-,-) 
  g11219/z                      (u)     in_1->z R     unmapped_or2           4  14.4     0    24     787    (-,-) 
  g11163/z                      (u)     in_1->z R     unmapped_or2           2   7.2     0    19     806    (-,-) 
  g11111/z                      (u)     in_1->z R     unmapped_or2           1   3.6     0    17     823    (-,-) 
  g11080/z                      (u)     in_0->z F     unmapped_complex2      2   6.4     0    19     842    (-,-) 
  g11067/z                      (u)     in_0->z R     unmapped_complex2     25  18.0     0    39     881    (-,-) 
  g11034/z                      (u)     in_0->z R     unmapped_complex2      1   3.6     0    17     897    (-,-) 
  g11017/z                      (u)     in_0->z F     unmapped_complex2      5  16.0     0    28     925    (-,-) 
  g11005/z                      (u)     in_1->z R     unmapped_nand2         1   3.6     0    17     942    (-,-) 
  g11003/z                      (u)     in_0->z F     unmapped_complex2      1   3.2     0    17     958    (-,-) 
  g11793/z                      (u)     in_0->z F     unmapped_and2          4  12.8     0    24     983    (-,-) 
  inc_ADD_TC_OP51/g1/z          (u)     in_1->z R     unmapped_nand2         3  10.8     0    22    1004    (-,-) 
  inc_ADD_TC_OP51/g247/z        (u)     in_0->z R     unmapped_complex2      3  10.8     0    22    1026    (-,-) 
  inc_ADD_TC_OP51/g233/z        (u)     in_0->z R     unmapped_complex2      3  10.8     0    22    1047    (-,-) 
  inc_ADD_TC_OP51/g144/z        (u)     in_0->z R     unmapped_complex2      6  21.6     0    30    1078    (-,-) 
  inc_ADD_TC_OP51/g225/z        (u)     in_1->z R     unmapped_or2           9  32.4     0    36    1114    (-,-) 
  inc_ADD_TC_OP51/g207/z        (u)     in_1->z R     unmapped_or2           3  10.8     0    22    1136    (-,-) 
  inc_ADD_TC_OP51/g136/z        (u)     in_1->z R     unmapped_or2           9  32.4     0    36    1172    (-,-) 
  inc_ADD_TC_OP51/g253/z        (u)     in_1->z F     unmapped_nor2          1   3.2     0    17    1188    (-,-) 
  g19191/z                      (u)     in_1->z F     unmapped_or2           1   3.2     0    17    1205    (-,-) 
  g19185/z                      (u)     in_1->z F     unmapped_or2          23  73.6     0    49    1254    (-,-) 
  g19171/z                      (u)     in_1->z F     unmapped_complex2      1   3.2     0    17    1271    (-,-) 
  g19132/z                      (u)     in_0->z R     unmapped_nand2         1   3.6     0    17    1287    (-,-) 
  fp_out_reg[6]/d               -       -       R     unmapped_d_flop        1     -     -     0    1287    (-,-) 
#-----------------------------------------------------------------------------------------------------------------

(u) : Net has unmapped pin(s).

Capture clock path:
#------------------------------------------------------------------------------------------------
#   Timing Point    Flags   Arc   Edge      Cell        Fanout Load Trans Delay Arrival Instance 
#                                                              (fF)  (ps)  (ps)   (ps)  Location 
#------------------------------------------------------------------------------------------------
  clk               (i,u)   -     R     (arrival)          100  0.0     0     0    1562    (-,-) 
  fp_out_reg[6]/clk <<<     -     R     unmapped_d_flop    100    -     1     0    1562    (-,-) 
#------------------------------------------------------------------------------------------------



Path 18: MET (237 ps) Setup Check with Pin fp_out_reg[5]/clk->d
           View: view_1p2_25
          Group: clock1
     Startpoint: (R) signs_differ_l_reg/clk
          Clock: (R) clock1
       Endpoint: (R) fp_out_reg[5]/d
          Clock: (R) clock1

                     Capture       Launch     
        Clock Edge:+    1562            0     
       Src Latency:+       0            0     
       Net Latency:+       0 (I)        0 (I) 
           Arrival:=    1562            0     
                                              
             Setup:-      38                  
       Uncertainty:-       0                  
     Required Time:=    1525                  
      Launch Clock:-       0                  
         Data Path:-    1287                  
             Slack:=     237                  

Launch clock path:
#-----------------------------------------------------------------------------------------------------
#     Timing Point       Flags   Arc   Edge      Cell        Fanout Load Trans Delay Arrival Instance 
#                                                                   (fF)  (ps)  (ps)   (ps)  Location 
#-----------------------------------------------------------------------------------------------------
  clk                    (i,u)   -     R     (arrival)          100  0.0     0     0       0    (-,-) 
  signs_differ_l_reg/clk <<<     -     R     unmapped_d_flop    100    -     1     0       0    (-,-) 
#-----------------------------------------------------------------------------------------------------

#-----------------------------------------------------------------------------------------------------------------
#         Timing Point          Flags    Arc    Edge       Cell         Fanout  Load Trans Delay Arrival Instance 
#                                                                               (fF)  (ps)  (ps)   (ps)  Location 
#-----------------------------------------------------------------------------------------------------------------
  signs_differ_l_reg/clk        -       -       R     (arrival)            100     -     1     0       0    (-,-) 
  signs_differ_l_reg/q          (u)     clk->q  F     unmapped_d_flop       97 310.4     0   164     164    (-,-) 
  g10193/z                      (u)     in_0->z R     unmapped_complex2      3  10.8     0    22     186    (-,-) 
  g10454/z                      (u)     in_0->z R     unmapped_or2           1   3.6     0    17     203    (-,-) 
  g10455/z                      (u)     in_1->z F     unmapped_nand2        23  73.6     0    49     252    (-,-) 
  mux_mantissa_sum_238_9_g700/z (u)     in_1->z F     unmapped_or2           3   9.6     0    22     273    (-,-) 
  mux_mantissa_sum_238_9_g676/z (u)     in_1->z R     unmapped_nand2         1   3.6     0    17     290    (-,-) 
  g20860/z                      (u)     in_1->z R     unmapped_or2           1   3.6     0    17     306    (-,-) 
  mux_mantissa_sum_238_9_g575/z (u)     in_1->z F     unmapped_complex2      5  16.0     0    28     334    (-,-) 
  mux_mantissa_sum_238_9_g555/z (u)     in_0->z R     unmapped_complex2      2   7.2     0    19     353    (-,-) 
  mux_mantissa_sum_238_9_g540/z (u)     in_1->z R     unmapped_or2           1   3.6     0    17     370    (-,-) 
  mux_mantissa_sum_238_9_g527/z (u)     in_0->z F     unmapped_complex2     10  32.0     0    38     407    (-,-) 
  mux_mantissa_sum_238_9_g519/z (u)     in_0->z R     unmapped_complex2      1   3.6     0    17     424    (-,-) 
  mux_mantissa_sum_238_9_g511/z (u)     in_0->z F     unmapped_complex2     12  38.4     0    40     464    (-,-) 
  mux_mantissa_sum_238_9_g435/z (u)     in_0->z R     unmapped_complex2      1   3.6     0    17     480    (-,-) 
  mux_mantissa_sum_238_9_g473/z (u)     in_0->z F     unmapped_complex2      2   6.4     0    19     500    (-,-) 
  mux_mantissa_sum_238_9_g468/z (u)     in_0->z F     unmapped_or2           1   3.2     0    17     516    (-,-) 
  mux_mantissa_sum_238_9_g469/z (u)     in_1->z R     unmapped_nand2         5  18.0     0    28     544    (-,-) 
  g11782/z                      (u)     in_0->z R     unmapped_or2           4  14.4     0    24     568    (-,-) 
  g11738/z                      (u)     in_0->z R     unmapped_or2           3  10.8     0    22     590    (-,-) 
  g11718/z                      (u)     in_1->z R     unmapped_or2           3  10.8     0    22     611    (-,-) 
  g11664/z                      (u)     in_1->z R     unmapped_or2           3  10.8     0    22     633    (-,-) 
  g11636/z                      (u)     in_1->z R     unmapped_or2           3  10.8     0    22     655    (-,-) 
  g11524/z                      (u)     in_1->z R     unmapped_or2           3  10.8     0    22     676    (-,-) 
  g11487/z                      (u)     in_1->z R     unmapped_or2           3  10.8     0    22     698    (-,-) 
  g11390/z                      (u)     in_1->z R     unmapped_or2           3  10.8     0    22     719    (-,-) 
  g11297/z                      (u)     in_1->z R     unmapped_or2           3  10.8     0    22     741    (-,-) 
  g11225/z                      (u)     in_1->z R     unmapped_or2           3  10.8     0    22     763    (-,-) 
  g11219/z                      (u)     in_1->z R     unmapped_or2           4  14.4     0    24     787    (-,-) 
  g11163/z                      (u)     in_1->z R     unmapped_or2           2   7.2     0    19     806    (-,-) 
  g11111/z                      (u)     in_1->z R     unmapped_or2           1   3.6     0    17     823    (-,-) 
  g11080/z                      (u)     in_0->z F     unmapped_complex2      2   6.4     0    19     842    (-,-) 
  g11067/z                      (u)     in_0->z R     unmapped_complex2     25  18.0     0    39     881    (-,-) 
  g11034/z                      (u)     in_0->z R     unmapped_complex2      1   3.6     0    17     897    (-,-) 
  g11017/z                      (u)     in_0->z F     unmapped_complex2      5  16.0     0    28     925    (-,-) 
  g11005/z                      (u)     in_1->z R     unmapped_nand2         1   3.6     0    17     942    (-,-) 
  g11003/z                      (u)     in_0->z F     unmapped_complex2      1   3.2     0    17     958    (-,-) 
  g11793/z                      (u)     in_0->z F     unmapped_and2          4  12.8     0    24     983    (-,-) 
  inc_ADD_TC_OP51/g1/z          (u)     in_1->z R     unmapped_nand2         3  10.8     0    22    1004    (-,-) 
  inc_ADD_TC_OP51/g247/z        (u)     in_0->z R     unmapped_complex2      3  10.8     0    22    1026    (-,-) 
  inc_ADD_TC_OP51/g233/z        (u)     in_0->z R     unmapped_complex2      3  10.8     0    22    1047    (-,-) 
  inc_ADD_TC_OP51/g144/z        (u)     in_0->z R     unmapped_complex2      6  21.6     0    30    1078    (-,-) 
  inc_ADD_TC_OP51/g225/z        (u)     in_1->z R     unmapped_or2           9  32.4     0    36    1114    (-,-) 
  inc_ADD_TC_OP51/g207/z        (u)     in_1->z R     unmapped_or2           3  10.8     0    22    1136    (-,-) 
  inc_ADD_TC_OP51/g136/z        (u)     in_1->z R     unmapped_or2           9  32.4     0    36    1172    (-,-) 
  inc_ADD_TC_OP51/g253/z        (u)     in_1->z F     unmapped_nor2          1   3.2     0    17    1188    (-,-) 
  g19191/z                      (u)     in_1->z F     unmapped_or2           1   3.2     0    17    1205    (-,-) 
  g19185/z                      (u)     in_1->z F     unmapped_or2          23  73.6     0    49    1254    (-,-) 
  g19167/z                      (u)     in_1->z F     unmapped_complex2      1   3.2     0    17    1271    (-,-) 
  g19136/z                      (u)     in_0->z R     unmapped_nand2         1   3.6     0    17    1287    (-,-) 
  fp_out_reg[5]/d               -       -       R     unmapped_d_flop        1     -     -     0    1287    (-,-) 
#-----------------------------------------------------------------------------------------------------------------

(u) : Net has unmapped pin(s).

Capture clock path:
#------------------------------------------------------------------------------------------------
#   Timing Point    Flags   Arc   Edge      Cell        Fanout Load Trans Delay Arrival Instance 
#                                                              (fF)  (ps)  (ps)   (ps)  Location 
#------------------------------------------------------------------------------------------------
  clk               (i,u)   -     R     (arrival)          100  0.0     0     0    1562    (-,-) 
  fp_out_reg[5]/clk <<<     -     R     unmapped_d_flop    100    -     1     0    1562    (-,-) 
#------------------------------------------------------------------------------------------------



Path 19: MET (237 ps) Setup Check with Pin fp_out_reg[4]/clk->d
           View: view_1p2_25
          Group: clock1
     Startpoint: (R) signs_differ_l_reg/clk
          Clock: (R) clock1
       Endpoint: (R) fp_out_reg[4]/d
          Clock: (R) clock1

                     Capture       Launch     
        Clock Edge:+    1562            0     
       Src Latency:+       0            0     
       Net Latency:+       0 (I)        0 (I) 
           Arrival:=    1562            0     
                                              
             Setup:-      38                  
       Uncertainty:-       0                  
     Required Time:=    1525                  
      Launch Clock:-       0                  
         Data Path:-    1287                  
             Slack:=     237                  

Launch clock path:
#-----------------------------------------------------------------------------------------------------
#     Timing Point       Flags   Arc   Edge      Cell        Fanout Load Trans Delay Arrival Instance 
#                                                                   (fF)  (ps)  (ps)   (ps)  Location 
#-----------------------------------------------------------------------------------------------------
  clk                    (i,u)   -     R     (arrival)          100  0.0     0     0       0    (-,-) 
  signs_differ_l_reg/clk <<<     -     R     unmapped_d_flop    100    -     1     0       0    (-,-) 
#-----------------------------------------------------------------------------------------------------

#-----------------------------------------------------------------------------------------------------------------
#         Timing Point          Flags    Arc    Edge       Cell         Fanout  Load Trans Delay Arrival Instance 
#                                                                               (fF)  (ps)  (ps)   (ps)  Location 
#-----------------------------------------------------------------------------------------------------------------
  signs_differ_l_reg/clk        -       -       R     (arrival)            100     -     1     0       0    (-,-) 
  signs_differ_l_reg/q          (u)     clk->q  F     unmapped_d_flop       97 310.4     0   164     164    (-,-) 
  g10193/z                      (u)     in_0->z R     unmapped_complex2      3  10.8     0    22     186    (-,-) 
  g10454/z                      (u)     in_0->z R     unmapped_or2           1   3.6     0    17     203    (-,-) 
  g10455/z                      (u)     in_1->z F     unmapped_nand2        23  73.6     0    49     252    (-,-) 
  mux_mantissa_sum_238_9_g700/z (u)     in_1->z F     unmapped_or2           3   9.6     0    22     273    (-,-) 
  mux_mantissa_sum_238_9_g676/z (u)     in_1->z R     unmapped_nand2         1   3.6     0    17     290    (-,-) 
  g20860/z                      (u)     in_1->z R     unmapped_or2           1   3.6     0    17     306    (-,-) 
  mux_mantissa_sum_238_9_g575/z (u)     in_1->z F     unmapped_complex2      5  16.0     0    28     334    (-,-) 
  mux_mantissa_sum_238_9_g555/z (u)     in_0->z R     unmapped_complex2      2   7.2     0    19     353    (-,-) 
  mux_mantissa_sum_238_9_g540/z (u)     in_1->z R     unmapped_or2           1   3.6     0    17     370    (-,-) 
  mux_mantissa_sum_238_9_g527/z (u)     in_0->z F     unmapped_complex2     10  32.0     0    38     407    (-,-) 
  mux_mantissa_sum_238_9_g519/z (u)     in_0->z R     unmapped_complex2      1   3.6     0    17     424    (-,-) 
  mux_mantissa_sum_238_9_g511/z (u)     in_0->z F     unmapped_complex2     12  38.4     0    40     464    (-,-) 
  mux_mantissa_sum_238_9_g435/z (u)     in_0->z R     unmapped_complex2      1   3.6     0    17     480    (-,-) 
  mux_mantissa_sum_238_9_g473/z (u)     in_0->z F     unmapped_complex2      2   6.4     0    19     500    (-,-) 
  mux_mantissa_sum_238_9_g468/z (u)     in_0->z F     unmapped_or2           1   3.2     0    17     516    (-,-) 
  mux_mantissa_sum_238_9_g469/z (u)     in_1->z R     unmapped_nand2         5  18.0     0    28     544    (-,-) 
  g11782/z                      (u)     in_0->z R     unmapped_or2           4  14.4     0    24     568    (-,-) 
  g11738/z                      (u)     in_0->z R     unmapped_or2           3  10.8     0    22     590    (-,-) 
  g11718/z                      (u)     in_1->z R     unmapped_or2           3  10.8     0    22     611    (-,-) 
  g11664/z                      (u)     in_1->z R     unmapped_or2           3  10.8     0    22     633    (-,-) 
  g11636/z                      (u)     in_1->z R     unmapped_or2           3  10.8     0    22     655    (-,-) 
  g11524/z                      (u)     in_1->z R     unmapped_or2           3  10.8     0    22     676    (-,-) 
  g11487/z                      (u)     in_1->z R     unmapped_or2           3  10.8     0    22     698    (-,-) 
  g11390/z                      (u)     in_1->z R     unmapped_or2           3  10.8     0    22     719    (-,-) 
  g11297/z                      (u)     in_1->z R     unmapped_or2           3  10.8     0    22     741    (-,-) 
  g11225/z                      (u)     in_1->z R     unmapped_or2           3  10.8     0    22     763    (-,-) 
  g11219/z                      (u)     in_1->z R     unmapped_or2           4  14.4     0    24     787    (-,-) 
  g11163/z                      (u)     in_1->z R     unmapped_or2           2   7.2     0    19     806    (-,-) 
  g11111/z                      (u)     in_1->z R     unmapped_or2           1   3.6     0    17     823    (-,-) 
  g11080/z                      (u)     in_0->z F     unmapped_complex2      2   6.4     0    19     842    (-,-) 
  g11067/z                      (u)     in_0->z R     unmapped_complex2     25  18.0     0    39     881    (-,-) 
  g11034/z                      (u)     in_0->z R     unmapped_complex2      1   3.6     0    17     897    (-,-) 
  g11017/z                      (u)     in_0->z F     unmapped_complex2      5  16.0     0    28     925    (-,-) 
  g11005/z                      (u)     in_1->z R     unmapped_nand2         1   3.6     0    17     942    (-,-) 
  g11003/z                      (u)     in_0->z F     unmapped_complex2      1   3.2     0    17     958    (-,-) 
  g11793/z                      (u)     in_0->z F     unmapped_and2          4  12.8     0    24     983    (-,-) 
  inc_ADD_TC_OP51/g1/z          (u)     in_1->z R     unmapped_nand2         3  10.8     0    22    1004    (-,-) 
  inc_ADD_TC_OP51/g247/z        (u)     in_0->z R     unmapped_complex2      3  10.8     0    22    1026    (-,-) 
  inc_ADD_TC_OP51/g233/z        (u)     in_0->z R     unmapped_complex2      3  10.8     0    22    1047    (-,-) 
  inc_ADD_TC_OP51/g144/z        (u)     in_0->z R     unmapped_complex2      6  21.6     0    30    1078    (-,-) 
  inc_ADD_TC_OP51/g225/z        (u)     in_1->z R     unmapped_or2           9  32.4     0    36    1114    (-,-) 
  inc_ADD_TC_OP51/g207/z        (u)     in_1->z R     unmapped_or2           3  10.8     0    22    1136    (-,-) 
  inc_ADD_TC_OP51/g136/z        (u)     in_1->z R     unmapped_or2           9  32.4     0    36    1172    (-,-) 
  inc_ADD_TC_OP51/g253/z        (u)     in_1->z F     unmapped_nor2          1   3.2     0    17    1188    (-,-) 
  g19191/z                      (u)     in_1->z F     unmapped_or2           1   3.2     0    17    1205    (-,-) 
  g19185/z                      (u)     in_1->z F     unmapped_or2          23  73.6     0    49    1254    (-,-) 
  g19160/z                      (u)     in_1->z F     unmapped_complex2      1   3.2     0    17    1271    (-,-) 
  g19129/z                      (u)     in_0->z R     unmapped_nand2         1   3.6     0    17    1287    (-,-) 
  fp_out_reg[4]/d               -       -       R     unmapped_d_flop        1     -     -     0    1287    (-,-) 
#-----------------------------------------------------------------------------------------------------------------

(u) : Net has unmapped pin(s).

Capture clock path:
#------------------------------------------------------------------------------------------------
#   Timing Point    Flags   Arc   Edge      Cell        Fanout Load Trans Delay Arrival Instance 
#                                                              (fF)  (ps)  (ps)   (ps)  Location 
#------------------------------------------------------------------------------------------------
  clk               (i,u)   -     R     (arrival)          100  0.0     0     0    1562    (-,-) 
  fp_out_reg[4]/clk <<<     -     R     unmapped_d_flop    100    -     1     0    1562    (-,-) 
#------------------------------------------------------------------------------------------------



Path 20: MET (237 ps) Setup Check with Pin fp_out_reg[3]/clk->d
           View: view_1p2_25
          Group: clock1
     Startpoint: (R) signs_differ_l_reg/clk
          Clock: (R) clock1
       Endpoint: (R) fp_out_reg[3]/d
          Clock: (R) clock1

                     Capture       Launch     
        Clock Edge:+    1562            0     
       Src Latency:+       0            0     
       Net Latency:+       0 (I)        0 (I) 
           Arrival:=    1562            0     
                                              
             Setup:-      38                  
       Uncertainty:-       0                  
     Required Time:=    1525                  
      Launch Clock:-       0                  
         Data Path:-    1287                  
             Slack:=     237                  

Launch clock path:
#-----------------------------------------------------------------------------------------------------
#     Timing Point       Flags   Arc   Edge      Cell        Fanout Load Trans Delay Arrival Instance 
#                                                                   (fF)  (ps)  (ps)   (ps)  Location 
#-----------------------------------------------------------------------------------------------------
  clk                    (i,u)   -     R     (arrival)          100  0.0     0     0       0    (-,-) 
  signs_differ_l_reg/clk <<<     -     R     unmapped_d_flop    100    -     1     0       0    (-,-) 
#-----------------------------------------------------------------------------------------------------

#-----------------------------------------------------------------------------------------------------------------
#         Timing Point          Flags    Arc    Edge       Cell         Fanout  Load Trans Delay Arrival Instance 
#                                                                               (fF)  (ps)  (ps)   (ps)  Location 
#-----------------------------------------------------------------------------------------------------------------
  signs_differ_l_reg/clk        -       -       R     (arrival)            100     -     1     0       0    (-,-) 
  signs_differ_l_reg/q          (u)     clk->q  F     unmapped_d_flop       97 310.4     0   164     164    (-,-) 
  g10193/z                      (u)     in_0->z R     unmapped_complex2      3  10.8     0    22     186    (-,-) 
  g10454/z                      (u)     in_0->z R     unmapped_or2           1   3.6     0    17     203    (-,-) 
  g10455/z                      (u)     in_1->z F     unmapped_nand2        23  73.6     0    49     252    (-,-) 
  mux_mantissa_sum_238_9_g700/z (u)     in_1->z F     unmapped_or2           3   9.6     0    22     273    (-,-) 
  mux_mantissa_sum_238_9_g676/z (u)     in_1->z R     unmapped_nand2         1   3.6     0    17     290    (-,-) 
  g20860/z                      (u)     in_1->z R     unmapped_or2           1   3.6     0    17     306    (-,-) 
  mux_mantissa_sum_238_9_g575/z (u)     in_1->z F     unmapped_complex2      5  16.0     0    28     334    (-,-) 
  mux_mantissa_sum_238_9_g555/z (u)     in_0->z R     unmapped_complex2      2   7.2     0    19     353    (-,-) 
  mux_mantissa_sum_238_9_g540/z (u)     in_1->z R     unmapped_or2           1   3.6     0    17     370    (-,-) 
  mux_mantissa_sum_238_9_g527/z (u)     in_0->z F     unmapped_complex2     10  32.0     0    38     407    (-,-) 
  mux_mantissa_sum_238_9_g519/z (u)     in_0->z R     unmapped_complex2      1   3.6     0    17     424    (-,-) 
  mux_mantissa_sum_238_9_g511/z (u)     in_0->z F     unmapped_complex2     12  38.4     0    40     464    (-,-) 
  mux_mantissa_sum_238_9_g435/z (u)     in_0->z R     unmapped_complex2      1   3.6     0    17     480    (-,-) 
  mux_mantissa_sum_238_9_g473/z (u)     in_0->z F     unmapped_complex2      2   6.4     0    19     500    (-,-) 
  mux_mantissa_sum_238_9_g468/z (u)     in_0->z F     unmapped_or2           1   3.2     0    17     516    (-,-) 
  mux_mantissa_sum_238_9_g469/z (u)     in_1->z R     unmapped_nand2         5  18.0     0    28     544    (-,-) 
  g11782/z                      (u)     in_0->z R     unmapped_or2           4  14.4     0    24     568    (-,-) 
  g11738/z                      (u)     in_0->z R     unmapped_or2           3  10.8     0    22     590    (-,-) 
  g11718/z                      (u)     in_1->z R     unmapped_or2           3  10.8     0    22     611    (-,-) 
  g11664/z                      (u)     in_1->z R     unmapped_or2           3  10.8     0    22     633    (-,-) 
  g11636/z                      (u)     in_1->z R     unmapped_or2           3  10.8     0    22     655    (-,-) 
  g11524/z                      (u)     in_1->z R     unmapped_or2           3  10.8     0    22     676    (-,-) 
  g11487/z                      (u)     in_1->z R     unmapped_or2           3  10.8     0    22     698    (-,-) 
  g11390/z                      (u)     in_1->z R     unmapped_or2           3  10.8     0    22     719    (-,-) 
  g11297/z                      (u)     in_1->z R     unmapped_or2           3  10.8     0    22     741    (-,-) 
  g11225/z                      (u)     in_1->z R     unmapped_or2           3  10.8     0    22     763    (-,-) 
  g11219/z                      (u)     in_1->z R     unmapped_or2           4  14.4     0    24     787    (-,-) 
  g11163/z                      (u)     in_1->z R     unmapped_or2           2   7.2     0    19     806    (-,-) 
  g11111/z                      (u)     in_1->z R     unmapped_or2           1   3.6     0    17     823    (-,-) 
  g11080/z                      (u)     in_0->z F     unmapped_complex2      2   6.4     0    19     842    (-,-) 
  g11067/z                      (u)     in_0->z R     unmapped_complex2     25  18.0     0    39     881    (-,-) 
  g11034/z                      (u)     in_0->z R     unmapped_complex2      1   3.6     0    17     897    (-,-) 
  g11017/z                      (u)     in_0->z F     unmapped_complex2      5  16.0     0    28     925    (-,-) 
  g11005/z                      (u)     in_1->z R     unmapped_nand2         1   3.6     0    17     942    (-,-) 
  g11003/z                      (u)     in_0->z F     unmapped_complex2      1   3.2     0    17     958    (-,-) 
  g11793/z                      (u)     in_0->z F     unmapped_and2          4  12.8     0    24     983    (-,-) 
  inc_ADD_TC_OP51/g1/z          (u)     in_1->z R     unmapped_nand2         3  10.8     0    22    1004    (-,-) 
  inc_ADD_TC_OP51/g247/z        (u)     in_0->z R     unmapped_complex2      3  10.8     0    22    1026    (-,-) 
  inc_ADD_TC_OP51/g233/z        (u)     in_0->z R     unmapped_complex2      3  10.8     0    22    1047    (-,-) 
  inc_ADD_TC_OP51/g144/z        (u)     in_0->z R     unmapped_complex2      6  21.6     0    30    1078    (-,-) 
  inc_ADD_TC_OP51/g225/z        (u)     in_1->z R     unmapped_or2           9  32.4     0    36    1114    (-,-) 
  inc_ADD_TC_OP51/g207/z        (u)     in_1->z R     unmapped_or2           3  10.8     0    22    1136    (-,-) 
  inc_ADD_TC_OP51/g136/z        (u)     in_1->z R     unmapped_or2           9  32.4     0    36    1172    (-,-) 
  inc_ADD_TC_OP51/g253/z        (u)     in_1->z F     unmapped_nor2          1   3.2     0    17    1188    (-,-) 
  g19191/z                      (u)     in_1->z F     unmapped_or2           1   3.2     0    17    1205    (-,-) 
  g19185/z                      (u)     in_1->z F     unmapped_or2          23  73.6     0    49    1254    (-,-) 
  g19157/z                      (u)     in_1->z F     unmapped_complex2      1   3.2     0    17    1271    (-,-) 
  g19143/z                      (u)     in_0->z R     unmapped_nand2         1   3.6     0    17    1287    (-,-) 
  fp_out_reg[3]/d               -       -       R     unmapped_d_flop        1     -     -     0    1287    (-,-) 
#-----------------------------------------------------------------------------------------------------------------

(u) : Net has unmapped pin(s).

Capture clock path:
#------------------------------------------------------------------------------------------------
#   Timing Point    Flags   Arc   Edge      Cell        Fanout Load Trans Delay Arrival Instance 
#                                                              (fF)  (ps)  (ps)   (ps)  Location 
#------------------------------------------------------------------------------------------------
  clk               (i,u)   -     R     (arrival)          100  0.0     0     0    1562    (-,-) 
  fp_out_reg[3]/clk <<<     -     R     unmapped_d_flop    100    -     1     0    1562    (-,-) 
#------------------------------------------------------------------------------------------------



Path 21: MET (237 ps) Setup Check with Pin fp_out_reg[2]/clk->d
           View: view_1p2_25
          Group: clock1
     Startpoint: (R) signs_differ_l_reg/clk
          Clock: (R) clock1
       Endpoint: (R) fp_out_reg[2]/d
          Clock: (R) clock1

                     Capture       Launch     
        Clock Edge:+    1562            0     
       Src Latency:+       0            0     
       Net Latency:+       0 (I)        0 (I) 
           Arrival:=    1562            0     
                                              
             Setup:-      38                  
       Uncertainty:-       0                  
     Required Time:=    1525                  
      Launch Clock:-       0                  
         Data Path:-    1287                  
             Slack:=     237                  

Launch clock path:
#-----------------------------------------------------------------------------------------------------
#     Timing Point       Flags   Arc   Edge      Cell        Fanout Load Trans Delay Arrival Instance 
#                                                                   (fF)  (ps)  (ps)   (ps)  Location 
#-----------------------------------------------------------------------------------------------------
  clk                    (i,u)   -     R     (arrival)          100  0.0     0     0       0    (-,-) 
  signs_differ_l_reg/clk <<<     -     R     unmapped_d_flop    100    -     1     0       0    (-,-) 
#-----------------------------------------------------------------------------------------------------

#-----------------------------------------------------------------------------------------------------------------
#         Timing Point          Flags    Arc    Edge       Cell         Fanout  Load Trans Delay Arrival Instance 
#                                                                               (fF)  (ps)  (ps)   (ps)  Location 
#-----------------------------------------------------------------------------------------------------------------
  signs_differ_l_reg/clk        -       -       R     (arrival)            100     -     1     0       0    (-,-) 
  signs_differ_l_reg/q          (u)     clk->q  F     unmapped_d_flop       97 310.4     0   164     164    (-,-) 
  g10193/z                      (u)     in_0->z R     unmapped_complex2      3  10.8     0    22     186    (-,-) 
  g10454/z                      (u)     in_0->z R     unmapped_or2           1   3.6     0    17     203    (-,-) 
  g10455/z                      (u)     in_1->z F     unmapped_nand2        23  73.6     0    49     252    (-,-) 
  mux_mantissa_sum_238_9_g700/z (u)     in_1->z F     unmapped_or2           3   9.6     0    22     273    (-,-) 
  mux_mantissa_sum_238_9_g676/z (u)     in_1->z R     unmapped_nand2         1   3.6     0    17     290    (-,-) 
  g20860/z                      (u)     in_1->z R     unmapped_or2           1   3.6     0    17     306    (-,-) 
  mux_mantissa_sum_238_9_g575/z (u)     in_1->z F     unmapped_complex2      5  16.0     0    28     334    (-,-) 
  mux_mantissa_sum_238_9_g555/z (u)     in_0->z R     unmapped_complex2      2   7.2     0    19     353    (-,-) 
  mux_mantissa_sum_238_9_g540/z (u)     in_1->z R     unmapped_or2           1   3.6     0    17     370    (-,-) 
  mux_mantissa_sum_238_9_g527/z (u)     in_0->z F     unmapped_complex2     10  32.0     0    38     407    (-,-) 
  mux_mantissa_sum_238_9_g519/z (u)     in_0->z R     unmapped_complex2      1   3.6     0    17     424    (-,-) 
  mux_mantissa_sum_238_9_g511/z (u)     in_0->z F     unmapped_complex2     12  38.4     0    40     464    (-,-) 
  mux_mantissa_sum_238_9_g435/z (u)     in_0->z R     unmapped_complex2      1   3.6     0    17     480    (-,-) 
  mux_mantissa_sum_238_9_g473/z (u)     in_0->z F     unmapped_complex2      2   6.4     0    19     500    (-,-) 
  mux_mantissa_sum_238_9_g468/z (u)     in_0->z F     unmapped_or2           1   3.2     0    17     516    (-,-) 
  mux_mantissa_sum_238_9_g469/z (u)     in_1->z R     unmapped_nand2         5  18.0     0    28     544    (-,-) 
  g11782/z                      (u)     in_0->z R     unmapped_or2           4  14.4     0    24     568    (-,-) 
  g11738/z                      (u)     in_0->z R     unmapped_or2           3  10.8     0    22     590    (-,-) 
  g11718/z                      (u)     in_1->z R     unmapped_or2           3  10.8     0    22     611    (-,-) 
  g11664/z                      (u)     in_1->z R     unmapped_or2           3  10.8     0    22     633    (-,-) 
  g11636/z                      (u)     in_1->z R     unmapped_or2           3  10.8     0    22     655    (-,-) 
  g11524/z                      (u)     in_1->z R     unmapped_or2           3  10.8     0    22     676    (-,-) 
  g11487/z                      (u)     in_1->z R     unmapped_or2           3  10.8     0    22     698    (-,-) 
  g11390/z                      (u)     in_1->z R     unmapped_or2           3  10.8     0    22     719    (-,-) 
  g11297/z                      (u)     in_1->z R     unmapped_or2           3  10.8     0    22     741    (-,-) 
  g11225/z                      (u)     in_1->z R     unmapped_or2           3  10.8     0    22     763    (-,-) 
  g11219/z                      (u)     in_1->z R     unmapped_or2           4  14.4     0    24     787    (-,-) 
  g11163/z                      (u)     in_1->z R     unmapped_or2           2   7.2     0    19     806    (-,-) 
  g11111/z                      (u)     in_1->z R     unmapped_or2           1   3.6     0    17     823    (-,-) 
  g11080/z                      (u)     in_0->z F     unmapped_complex2      2   6.4     0    19     842    (-,-) 
  g11067/z                      (u)     in_0->z R     unmapped_complex2     25  18.0     0    39     881    (-,-) 
  g11034/z                      (u)     in_0->z R     unmapped_complex2      1   3.6     0    17     897    (-,-) 
  g11017/z                      (u)     in_0->z F     unmapped_complex2      5  16.0     0    28     925    (-,-) 
  g11005/z                      (u)     in_1->z R     unmapped_nand2         1   3.6     0    17     942    (-,-) 
  g11003/z                      (u)     in_0->z F     unmapped_complex2      1   3.2     0    17     958    (-,-) 
  g11793/z                      (u)     in_0->z F     unmapped_and2          4  12.8     0    24     983    (-,-) 
  inc_ADD_TC_OP51/g1/z          (u)     in_1->z R     unmapped_nand2         3  10.8     0    22    1004    (-,-) 
  inc_ADD_TC_OP51/g247/z        (u)     in_0->z R     unmapped_complex2      3  10.8     0    22    1026    (-,-) 
  inc_ADD_TC_OP51/g233/z        (u)     in_0->z R     unmapped_complex2      3  10.8     0    22    1047    (-,-) 
  inc_ADD_TC_OP51/g144/z        (u)     in_0->z R     unmapped_complex2      6  21.6     0    30    1078    (-,-) 
  inc_ADD_TC_OP51/g225/z        (u)     in_1->z R     unmapped_or2           9  32.4     0    36    1114    (-,-) 
  inc_ADD_TC_OP51/g207/z        (u)     in_1->z R     unmapped_or2           3  10.8     0    22    1136    (-,-) 
  inc_ADD_TC_OP51/g136/z        (u)     in_1->z R     unmapped_or2           9  32.4     0    36    1172    (-,-) 
  inc_ADD_TC_OP51/g253/z        (u)     in_1->z F     unmapped_nor2          1   3.2     0    17    1188    (-,-) 
  g19191/z                      (u)     in_1->z F     unmapped_or2           1   3.2     0    17    1205    (-,-) 
  g19185/z                      (u)     in_1->z F     unmapped_or2          23  73.6     0    49    1254    (-,-) 
  g19156/z                      (u)     in_1->z F     unmapped_complex2      1   3.2     0    17    1271    (-,-) 
  g19134/z                      (u)     in_0->z R     unmapped_nand2         1   3.6     0    17    1287    (-,-) 
  fp_out_reg[2]/d               -       -       R     unmapped_d_flop        1     -     -     0    1287    (-,-) 
#-----------------------------------------------------------------------------------------------------------------

(u) : Net has unmapped pin(s).

Capture clock path:
#------------------------------------------------------------------------------------------------
#   Timing Point    Flags   Arc   Edge      Cell        Fanout Load Trans Delay Arrival Instance 
#                                                              (fF)  (ps)  (ps)   (ps)  Location 
#------------------------------------------------------------------------------------------------
  clk               (i,u)   -     R     (arrival)          100  0.0     0     0    1562    (-,-) 
  fp_out_reg[2]/clk <<<     -     R     unmapped_d_flop    100    -     1     0    1562    (-,-) 
#------------------------------------------------------------------------------------------------



Path 22: MET (237 ps) Setup Check with Pin fp_out_reg[1]/clk->d
           View: view_1p2_25
          Group: clock1
     Startpoint: (R) signs_differ_l_reg/clk
          Clock: (R) clock1
       Endpoint: (R) fp_out_reg[1]/d
          Clock: (R) clock1

                     Capture       Launch     
        Clock Edge:+    1562            0     
       Src Latency:+       0            0     
       Net Latency:+       0 (I)        0 (I) 
           Arrival:=    1562            0     
                                              
             Setup:-      38                  
       Uncertainty:-       0                  
     Required Time:=    1525                  
      Launch Clock:-       0                  
         Data Path:-    1287                  
             Slack:=     237                  

Launch clock path:
#-----------------------------------------------------------------------------------------------------
#     Timing Point       Flags   Arc   Edge      Cell        Fanout Load Trans Delay Arrival Instance 
#                                                                   (fF)  (ps)  (ps)   (ps)  Location 
#-----------------------------------------------------------------------------------------------------
  clk                    (i,u)   -     R     (arrival)          100  0.0     0     0       0    (-,-) 
  signs_differ_l_reg/clk <<<     -     R     unmapped_d_flop    100    -     1     0       0    (-,-) 
#-----------------------------------------------------------------------------------------------------

#-----------------------------------------------------------------------------------------------------------------
#         Timing Point          Flags    Arc    Edge       Cell         Fanout  Load Trans Delay Arrival Instance 
#                                                                               (fF)  (ps)  (ps)   (ps)  Location 
#-----------------------------------------------------------------------------------------------------------------
  signs_differ_l_reg/clk        -       -       R     (arrival)            100     -     1     0       0    (-,-) 
  signs_differ_l_reg/q          (u)     clk->q  F     unmapped_d_flop       97 310.4     0   164     164    (-,-) 
  g10193/z                      (u)     in_0->z R     unmapped_complex2      3  10.8     0    22     186    (-,-) 
  g10454/z                      (u)     in_0->z R     unmapped_or2           1   3.6     0    17     203    (-,-) 
  g10455/z                      (u)     in_1->z F     unmapped_nand2        23  73.6     0    49     252    (-,-) 
  mux_mantissa_sum_238_9_g700/z (u)     in_1->z F     unmapped_or2           3   9.6     0    22     273    (-,-) 
  mux_mantissa_sum_238_9_g676/z (u)     in_1->z R     unmapped_nand2         1   3.6     0    17     290    (-,-) 
  g20860/z                      (u)     in_1->z R     unmapped_or2           1   3.6     0    17     306    (-,-) 
  mux_mantissa_sum_238_9_g575/z (u)     in_1->z F     unmapped_complex2      5  16.0     0    28     334    (-,-) 
  mux_mantissa_sum_238_9_g555/z (u)     in_0->z R     unmapped_complex2      2   7.2     0    19     353    (-,-) 
  mux_mantissa_sum_238_9_g540/z (u)     in_1->z R     unmapped_or2           1   3.6     0    17     370    (-,-) 
  mux_mantissa_sum_238_9_g527/z (u)     in_0->z F     unmapped_complex2     10  32.0     0    38     407    (-,-) 
  mux_mantissa_sum_238_9_g519/z (u)     in_0->z R     unmapped_complex2      1   3.6     0    17     424    (-,-) 
  mux_mantissa_sum_238_9_g511/z (u)     in_0->z F     unmapped_complex2     12  38.4     0    40     464    (-,-) 
  mux_mantissa_sum_238_9_g435/z (u)     in_0->z R     unmapped_complex2      1   3.6     0    17     480    (-,-) 
  mux_mantissa_sum_238_9_g473/z (u)     in_0->z F     unmapped_complex2      2   6.4     0    19     500    (-,-) 
  mux_mantissa_sum_238_9_g468/z (u)     in_0->z F     unmapped_or2           1   3.2     0    17     516    (-,-) 
  mux_mantissa_sum_238_9_g469/z (u)     in_1->z R     unmapped_nand2         5  18.0     0    28     544    (-,-) 
  g11782/z                      (u)     in_0->z R     unmapped_or2           4  14.4     0    24     568    (-,-) 
  g11738/z                      (u)     in_0->z R     unmapped_or2           3  10.8     0    22     590    (-,-) 
  g11718/z                      (u)     in_1->z R     unmapped_or2           3  10.8     0    22     611    (-,-) 
  g11664/z                      (u)     in_1->z R     unmapped_or2           3  10.8     0    22     633    (-,-) 
  g11636/z                      (u)     in_1->z R     unmapped_or2           3  10.8     0    22     655    (-,-) 
  g11524/z                      (u)     in_1->z R     unmapped_or2           3  10.8     0    22     676    (-,-) 
  g11487/z                      (u)     in_1->z R     unmapped_or2           3  10.8     0    22     698    (-,-) 
  g11390/z                      (u)     in_1->z R     unmapped_or2           3  10.8     0    22     719    (-,-) 
  g11297/z                      (u)     in_1->z R     unmapped_or2           3  10.8     0    22     741    (-,-) 
  g11225/z                      (u)     in_1->z R     unmapped_or2           3  10.8     0    22     763    (-,-) 
  g11219/z                      (u)     in_1->z R     unmapped_or2           4  14.4     0    24     787    (-,-) 
  g11163/z                      (u)     in_1->z R     unmapped_or2           2   7.2     0    19     806    (-,-) 
  g11111/z                      (u)     in_1->z R     unmapped_or2           1   3.6     0    17     823    (-,-) 
  g11080/z                      (u)     in_0->z F     unmapped_complex2      2   6.4     0    19     842    (-,-) 
  g11067/z                      (u)     in_0->z R     unmapped_complex2     25  18.0     0    39     881    (-,-) 
  g11034/z                      (u)     in_0->z R     unmapped_complex2      1   3.6     0    17     897    (-,-) 
  g11017/z                      (u)     in_0->z F     unmapped_complex2      5  16.0     0    28     925    (-,-) 
  g11005/z                      (u)     in_1->z R     unmapped_nand2         1   3.6     0    17     942    (-,-) 
  g11003/z                      (u)     in_0->z F     unmapped_complex2      1   3.2     0    17     958    (-,-) 
  g11793/z                      (u)     in_0->z F     unmapped_and2          4  12.8     0    24     983    (-,-) 
  inc_ADD_TC_OP51/g1/z          (u)     in_1->z R     unmapped_nand2         3  10.8     0    22    1004    (-,-) 
  inc_ADD_TC_OP51/g247/z        (u)     in_0->z R     unmapped_complex2      3  10.8     0    22    1026    (-,-) 
  inc_ADD_TC_OP51/g233/z        (u)     in_0->z R     unmapped_complex2      3  10.8     0    22    1047    (-,-) 
  inc_ADD_TC_OP51/g144/z        (u)     in_0->z R     unmapped_complex2      6  21.6     0    30    1078    (-,-) 
  inc_ADD_TC_OP51/g225/z        (u)     in_1->z R     unmapped_or2           9  32.4     0    36    1114    (-,-) 
  inc_ADD_TC_OP51/g207/z        (u)     in_1->z R     unmapped_or2           3  10.8     0    22    1136    (-,-) 
  inc_ADD_TC_OP51/g136/z        (u)     in_1->z R     unmapped_or2           9  32.4     0    36    1172    (-,-) 
  inc_ADD_TC_OP51/g253/z        (u)     in_1->z F     unmapped_nor2          1   3.2     0    17    1188    (-,-) 
  g19191/z                      (u)     in_1->z F     unmapped_or2           1   3.2     0    17    1205    (-,-) 
  g19185/z                      (u)     in_1->z F     unmapped_or2          23  73.6     0    49    1254    (-,-) 
  g19169/z                      (u)     in_1->z F     unmapped_complex2      1   3.2     0    17    1271    (-,-) 
  g19147/z                      (u)     in_0->z R     unmapped_nand2         1   3.6     0    17    1287    (-,-) 
  fp_out_reg[1]/d               -       -       R     unmapped_d_flop        1     -     -     0    1287    (-,-) 
#-----------------------------------------------------------------------------------------------------------------

(u) : Net has unmapped pin(s).

Capture clock path:
#------------------------------------------------------------------------------------------------
#   Timing Point    Flags   Arc   Edge      Cell        Fanout Load Trans Delay Arrival Instance 
#                                                              (fF)  (ps)  (ps)   (ps)  Location 
#------------------------------------------------------------------------------------------------
  clk               (i,u)   -     R     (arrival)          100  0.0     0     0    1562    (-,-) 
  fp_out_reg[1]/clk <<<     -     R     unmapped_d_flop    100    -     1     0    1562    (-,-) 
#------------------------------------------------------------------------------------------------



Path 23: MET (237 ps) Setup Check with Pin fp_out_reg[0]/clk->d
           View: view_1p2_25
          Group: clock1
     Startpoint: (R) signs_differ_l_reg/clk
          Clock: (R) clock1
       Endpoint: (R) fp_out_reg[0]/d
          Clock: (R) clock1

                     Capture       Launch     
        Clock Edge:+    1562            0     
       Src Latency:+       0            0     
       Net Latency:+       0 (I)        0 (I) 
           Arrival:=    1562            0     
                                              
             Setup:-      38                  
       Uncertainty:-       0                  
     Required Time:=    1525                  
      Launch Clock:-       0                  
         Data Path:-    1287                  
             Slack:=     237                  

Launch clock path:
#-----------------------------------------------------------------------------------------------------
#     Timing Point       Flags   Arc   Edge      Cell        Fanout Load Trans Delay Arrival Instance 
#                                                                   (fF)  (ps)  (ps)   (ps)  Location 
#-----------------------------------------------------------------------------------------------------
  clk                    (i,u)   -     R     (arrival)          100  0.0     0     0       0    (-,-) 
  signs_differ_l_reg/clk <<<     -     R     unmapped_d_flop    100    -     1     0       0    (-,-) 
#-----------------------------------------------------------------------------------------------------

#-----------------------------------------------------------------------------------------------------------------
#         Timing Point          Flags    Arc    Edge       Cell         Fanout  Load Trans Delay Arrival Instance 
#                                                                               (fF)  (ps)  (ps)   (ps)  Location 
#-----------------------------------------------------------------------------------------------------------------
  signs_differ_l_reg/clk        -       -       R     (arrival)            100     -     1     0       0    (-,-) 
  signs_differ_l_reg/q          (u)     clk->q  F     unmapped_d_flop       97 310.4     0   164     164    (-,-) 
  g10193/z                      (u)     in_0->z R     unmapped_complex2      3  10.8     0    22     186    (-,-) 
  g10454/z                      (u)     in_0->z R     unmapped_or2           1   3.6     0    17     203    (-,-) 
  g10455/z                      (u)     in_1->z F     unmapped_nand2        23  73.6     0    49     252    (-,-) 
  mux_mantissa_sum_238_9_g700/z (u)     in_1->z F     unmapped_or2           3   9.6     0    22     273    (-,-) 
  mux_mantissa_sum_238_9_g676/z (u)     in_1->z R     unmapped_nand2         1   3.6     0    17     290    (-,-) 
  g20860/z                      (u)     in_1->z R     unmapped_or2           1   3.6     0    17     306    (-,-) 
  mux_mantissa_sum_238_9_g575/z (u)     in_1->z F     unmapped_complex2      5  16.0     0    28     334    (-,-) 
  mux_mantissa_sum_238_9_g555/z (u)     in_0->z R     unmapped_complex2      2   7.2     0    19     353    (-,-) 
  mux_mantissa_sum_238_9_g540/z (u)     in_1->z R     unmapped_or2           1   3.6     0    17     370    (-,-) 
  mux_mantissa_sum_238_9_g527/z (u)     in_0->z F     unmapped_complex2     10  32.0     0    38     407    (-,-) 
  mux_mantissa_sum_238_9_g519/z (u)     in_0->z R     unmapped_complex2      1   3.6     0    17     424    (-,-) 
  mux_mantissa_sum_238_9_g511/z (u)     in_0->z F     unmapped_complex2     12  38.4     0    40     464    (-,-) 
  mux_mantissa_sum_238_9_g435/z (u)     in_0->z R     unmapped_complex2      1   3.6     0    17     480    (-,-) 
  mux_mantissa_sum_238_9_g473/z (u)     in_0->z F     unmapped_complex2      2   6.4     0    19     500    (-,-) 
  mux_mantissa_sum_238_9_g468/z (u)     in_0->z F     unmapped_or2           1   3.2     0    17     516    (-,-) 
  mux_mantissa_sum_238_9_g469/z (u)     in_1->z R     unmapped_nand2         5  18.0     0    28     544    (-,-) 
  g11782/z                      (u)     in_0->z R     unmapped_or2           4  14.4     0    24     568    (-,-) 
  g11738/z                      (u)     in_0->z R     unmapped_or2           3  10.8     0    22     590    (-,-) 
  g11718/z                      (u)     in_1->z R     unmapped_or2           3  10.8     0    22     611    (-,-) 
  g11664/z                      (u)     in_1->z R     unmapped_or2           3  10.8     0    22     633    (-,-) 
  g11636/z                      (u)     in_1->z R     unmapped_or2           3  10.8     0    22     655    (-,-) 
  g11524/z                      (u)     in_1->z R     unmapped_or2           3  10.8     0    22     676    (-,-) 
  g11487/z                      (u)     in_1->z R     unmapped_or2           3  10.8     0    22     698    (-,-) 
  g11390/z                      (u)     in_1->z R     unmapped_or2           3  10.8     0    22     719    (-,-) 
  g11297/z                      (u)     in_1->z R     unmapped_or2           3  10.8     0    22     741    (-,-) 
  g11225/z                      (u)     in_1->z R     unmapped_or2           3  10.8     0    22     763    (-,-) 
  g11219/z                      (u)     in_1->z R     unmapped_or2           4  14.4     0    24     787    (-,-) 
  g11163/z                      (u)     in_1->z R     unmapped_or2           2   7.2     0    19     806    (-,-) 
  g11111/z                      (u)     in_1->z R     unmapped_or2           1   3.6     0    17     823    (-,-) 
  g11080/z                      (u)     in_0->z F     unmapped_complex2      2   6.4     0    19     842    (-,-) 
  g11067/z                      (u)     in_0->z R     unmapped_complex2     25  18.0     0    39     881    (-,-) 
  g11034/z                      (u)     in_0->z R     unmapped_complex2      1   3.6     0    17     897    (-,-) 
  g11017/z                      (u)     in_0->z F     unmapped_complex2      5  16.0     0    28     925    (-,-) 
  g11005/z                      (u)     in_1->z R     unmapped_nand2         1   3.6     0    17     942    (-,-) 
  g11003/z                      (u)     in_0->z F     unmapped_complex2      1   3.2     0    17     958    (-,-) 
  g11793/z                      (u)     in_0->z F     unmapped_and2          4  12.8     0    24     983    (-,-) 
  inc_ADD_TC_OP51/g1/z          (u)     in_1->z R     unmapped_nand2         3  10.8     0    22    1004    (-,-) 
  inc_ADD_TC_OP51/g247/z        (u)     in_0->z R     unmapped_complex2      3  10.8     0    22    1026    (-,-) 
  inc_ADD_TC_OP51/g233/z        (u)     in_0->z R     unmapped_complex2      3  10.8     0    22    1047    (-,-) 
  inc_ADD_TC_OP51/g144/z        (u)     in_0->z R     unmapped_complex2      6  21.6     0    30    1078    (-,-) 
  inc_ADD_TC_OP51/g225/z        (u)     in_1->z R     unmapped_or2           9  32.4     0    36    1114    (-,-) 
  inc_ADD_TC_OP51/g207/z        (u)     in_1->z R     unmapped_or2           3  10.8     0    22    1136    (-,-) 
  inc_ADD_TC_OP51/g136/z        (u)     in_1->z R     unmapped_or2           9  32.4     0    36    1172    (-,-) 
  inc_ADD_TC_OP51/g253/z        (u)     in_1->z F     unmapped_nor2          1   3.2     0    17    1188    (-,-) 
  g19191/z                      (u)     in_1->z F     unmapped_or2           1   3.2     0    17    1205    (-,-) 
  g19185/z                      (u)     in_1->z F     unmapped_or2          23  73.6     0    49    1254    (-,-) 
  g19165/z                      (u)     in_1->z F     unmapped_complex2      1   3.2     0    17    1271    (-,-) 
  g19141/z                      (u)     in_0->z R     unmapped_nand2         1   3.6     0    17    1287    (-,-) 
  fp_out_reg[0]/d               -       -       R     unmapped_d_flop        1     -     -     0    1287    (-,-) 
#-----------------------------------------------------------------------------------------------------------------

(u) : Net has unmapped pin(s).

Capture clock path:
#------------------------------------------------------------------------------------------------
#   Timing Point    Flags   Arc   Edge      Cell        Fanout Load Trans Delay Arrival Instance 
#                                                              (fF)  (ps)  (ps)   (ps)  Location 
#------------------------------------------------------------------------------------------------
  clk               (i,u)   -     R     (arrival)          100  0.0     0     0    1562    (-,-) 
  fp_out_reg[0]/clk <<<     -     R     unmapped_d_flop    100    -     1     0    1562    (-,-) 
#------------------------------------------------------------------------------------------------



Path 24: MET (256 ps) Setup Check with Pin smaller_mantissa_l_reg[24]/clk->d
           View: view_1p2_25
          Group: clock1
     Startpoint: (R) fp1_in[23]
          Clock: (R) clock1
       Endpoint: (R) smaller_mantissa_l_reg[24]/d
          Clock: (R) clock1

                     Capture       Launch     
        Clock Edge:+    1562            0     
        Drv Adjust:+       0            0     
       Src Latency:+       0            0     
       Net Latency:+       0 (I)        0 (I) 
           Arrival:=    1562            0     
                                              
             Setup:-      38                  
       Uncertainty:-       0                  
     Required Time:=    1525                  
      Launch Clock:-       0                  
       Input Delay:-       1                  
         Data Path:-    1267                  
             Slack:=     256                  

Exceptions/Constraints:
  input_delay              1              add_fp16.sdc_line_20_12_1   

#----------------------------------------------------------------------------------------------------------------
#        Timing Point          Flags    Arc    Edge       Cell         Fanout  Load Trans Delay Arrival Instance 
#                                                                              (fF)  (ps)  (ps)   (ps)  Location 
#----------------------------------------------------------------------------------------------------------------
  fp1_in[23]                   (u)     -       R     (arrival)              5  18.0     0     0       1    (-,-) 
  g20582/z                     (u)     in_1->z R     unmapped_or2           2   7.2     0    19      20    (-,-) 
  g20589/z                     (u)     in_0->z R     unmapped_complex2      1   3.6     0    17      37    (-,-) 
  g20245/z                     (u)     in_0->z F     unmapped_complex2      1   3.2     0    17      53    (-,-) 
  g20210/z                     (u)     in_1->z R     unmapped_nand2         1   3.6     0    17      70    (-,-) 
  g20197/z                     (u)     in_1->z F     unmapped_nand2         1   3.2     0    17      86    (-,-) 
  g20180/z                     (u)     in_0->z R     unmapped_nand2         1   3.6     0    17     103    (-,-) 
  g20161/z                     (u)     in_0->z F     unmapped_nand2         1   3.2     0    17     120    (-,-) 
  g20146/z                     (u)     in_0->z R     unmapped_nand2         2   7.2     0    19     139    (-,-) 
  g20140/z                     (u)     in_0->z F     unmapped_complex2      2   6.4     0    19     158    (-,-) 
  g20617/z                     (u)     in_0->z R     unmapped_complex2      1   3.6     0    17     174    (-,-) 
  g20119/z                     (u)     in_1->z R     unmapped_complex2      1   3.6     0    17     191    (-,-) 
  g20112/z                     (u)     in_0->z F     unmapped_complex2      1   3.2     0    17     208    (-,-) 
  g20107/z                     (u)     in_1->z R     unmapped_nand2         1   3.6     0    17     224    (-,-) 
  g20098/z                     (u)     in_1->z R     unmapped_complex2      1   3.6     0    17     241    (-,-) 
  g20090/z                     (u)     in_0->z F     unmapped_nand2         1   3.2     0    17     258    (-,-) 
  g20088/z                     (u)     in_0->z R     unmapped_nand2         1   3.6     0    17     274    (-,-) 
  g20080/z                     (u)     in_0->z F     unmapped_nand2        60 192.0     0    62     336    (-,-) 
  g20022/z                     (u)     in_0->z R     unmapped_nand2         1   3.6     0    17     353    (-,-) 
  g19981/z                     (u)     in_1->z F     unmapped_nand2         5  16.0     0    28     380    (-,-) 
  g19855/z                     (u)     in_0->z F     unmapped_or2           1   3.2     0    17     397    (-,-) 
  g19856/z                     (u)     in_1->z R     unmapped_nand2         4  14.4     0    24     422    (-,-) 
  g20641/z                     (u)     in_1->z F     unmapped_complex2      1   3.2     0    17     438    (-,-) 
  g19761/z                     (u)     in_0->z R     unmapped_nand2         3  10.8     0    22     460    (-,-) 
  g19751/z                     (u)     in_1->z F     unmapped_nand2         1   3.2     0    17     476    (-,-) 
  g19658/z                     (u)     in_0->z R     unmapped_nand2         3  10.8     0    22     498    (-,-) 
  g19589/z                     (u)     in_1->z F     unmapped_nand2         1   3.2     0    17     514    (-,-) 
  g19565/z                     (u)     in_0->z R     unmapped_nand2         3  10.8     0    22     536    (-,-) 
  g20681/z                     (u)     in_0->z R     unmapped_complex2      1   3.6     0    17     553    (-,-) 
  g19489/z                     (u)     in_0->z F     unmapped_nand2         1   3.2     0    17     569    (-,-) 
  g20699/z                     (u)     in_0->z F     unmapped_complex2      1   3.2     0    17     586    (-,-) 
  g19440/z                     (u)     in_0->z R     unmapped_nand2         1   3.6     0    17     602    (-,-) 
  g19434/z                     (u)     in_1->z F     unmapped_nand2         3   9.6     0    22     624    (-,-) 
  g19421/z                     (u)     in_1->z F     unmapped_or2           6  19.2     0    30     654    (-,-) 
  g19398/z                     (u)     in_0->z F     unmapped_or2          14  44.8     0    42     696    (-,-) 
  g19339/z                     (u)     in_0->z F     unmapped_or2           1   3.2     0    17     713    (-,-) 
  g19306/z                     (u)     in_1->z R     unmapped_nand2         1   3.6     0    17     729    (-,-) 
  g20730/z                     (u)     in_0->z R     unmapped_complex2      3  10.8     0    22     751    (-,-) 
  g19248/z                     (u)     in_1->z F     unmapped_complex2      2   6.4     0    19     770    (-,-) 
  g18721/z                     (u)     in_1->z F     unmapped_or2           1   3.2     0    17     787    (-,-) 
  g19222/z                     (u)     in_0->z R     unmapped_complex2      1   3.6     0    17     803    (-,-) 
  g19215/z                     (u)     in_1->z F     unmapped_nand2         1   3.2     0    17     820    (-,-) 
  g19207/z                     (u)     in_1->z R     unmapped_nand2         1   3.6     0    17     836    (-,-) 
  g19196/z                     (u)     in_0->z F     unmapped_nand2         1   3.2     0    17     853    (-,-) 
  g19178/z                     (u)     in_1->z R     unmapped_nand2         1   3.6     0    17     870    (-,-) 
  g19164/z                     (u)     in_0->z F     unmapped_nand2         1   3.2     0    17     886    (-,-) 
  g19151/z                     (u)     in_0->z R     unmapped_nand2         1   3.6     0    17     903    (-,-) 
  g19128/z                     (u)     in_0->z F     unmapped_complex2      1   3.2     0    17     919    (-,-) 
  g20772/z                     (u)     in_0->z R     unmapped_complex2      1   3.6     0    17     936    (-,-) 
  g20773/z                     (u)     in_1->z F     unmapped_complex2      1   3.2     0    17     953    (-,-) 
  g20774/z                     (u)     in_1->z R     unmapped_complex2      1   3.6     0    17     969    (-,-) 
  g19124/z                     (u)     in_1->z F     unmapped_complex2      1   3.2     0    17     986    (-,-) 
  g19123/z                     (u)     in_0->z R     unmapped_complex2      1   3.6     0    17    1002    (-,-) 
  g19122/z                     (u)     in_0->z F     unmapped_complex2      1   3.2     0    17    1019    (-,-) 
  g20775/z                     (u)     in_0->z R     unmapped_complex2      1   3.6     0    17    1036    (-,-) 
  g20776/z                     (u)     in_1->z F     unmapped_complex2      1   3.2     0    17    1052    (-,-) 
  g20777/z                     (u)     in_1->z R     unmapped_complex2      1   3.6     0    17    1069    (-,-) 
  g19118/z                     (u)     in_1->z F     unmapped_complex2      1   3.2     0    17    1085    (-,-) 
  g19117/z                     (u)     in_1->z R     unmapped_nand2         1   3.6     0    17    1102    (-,-) 
  g19116/z                     (u)     in_1->z F     unmapped_nand2         1   3.2     0    17    1119    (-,-) 
  g19115/z                     (u)     in_0->z R     unmapped_nand2         1   3.6     0    17    1135    (-,-) 
  g20778/z                     (u)     in_0->z F     unmapped_complex2      4  12.8     0    24    1160    (-,-) 
  g19111/z                     (u)     in_0->z F     unmapped_or2          48 153.6     0    59    1218    (-,-) 
  g19034/z                     (u)     in_0->z F     unmapped_complex2      1   3.2     0    17    1235    (-,-) 
  g18983/z                     (u)     in_1->z R     unmapped_nand2         1   3.6     0    17    1252    (-,-) 
  g20821/z                     (u)     in_0->z R     unmapped_complex2      1   3.6     0    17    1268    (-,-) 
  smaller_mantissa_l_reg[24]/d -       -       R     unmapped_d_flop        1     -     -     0    1268    (-,-) 
#----------------------------------------------------------------------------------------------------------------

(u) : Net has unmapped pin(s).

Capture clock path:
#-------------------------------------------------------------------------------------------------------------
#         Timing Point           Flags   Arc   Edge      Cell        Fanout Load Trans Delay Arrival Instance 
#                                                                           (fF)  (ps)  (ps)   (ps)  Location 
#-------------------------------------------------------------------------------------------------------------
  clk                            (i,u)   -     R     (arrival)          100  0.0     0     0    1562    (-,-) 
  smaller_mantissa_l_reg[24]/clk <<<     -     R     unmapped_d_flop    100    -     1     0    1562    (-,-) 
#-------------------------------------------------------------------------------------------------------------



Path 25: MET (256 ps) Setup Check with Pin smaller_mantissa_l_reg[23]/clk->d
           View: view_1p2_25
          Group: clock1
     Startpoint: (R) fp1_in[23]
          Clock: (R) clock1
       Endpoint: (R) smaller_mantissa_l_reg[23]/d
          Clock: (R) clock1

                     Capture       Launch     
        Clock Edge:+    1562            0     
        Drv Adjust:+       0            0     
       Src Latency:+       0            0     
       Net Latency:+       0 (I)        0 (I) 
           Arrival:=    1562            0     
                                              
             Setup:-      38                  
       Uncertainty:-       0                  
     Required Time:=    1525                  
      Launch Clock:-       0                  
       Input Delay:-       1                  
         Data Path:-    1267                  
             Slack:=     256                  

Exceptions/Constraints:
  input_delay              1              add_fp16.sdc_line_20_12_1   

#----------------------------------------------------------------------------------------------------------------
#        Timing Point          Flags    Arc    Edge       Cell         Fanout  Load Trans Delay Arrival Instance 
#                                                                              (fF)  (ps)  (ps)   (ps)  Location 
#----------------------------------------------------------------------------------------------------------------
  fp1_in[23]                   (u)     -       R     (arrival)              5  18.0     0     0       1    (-,-) 
  g20582/z                     (u)     in_1->z R     unmapped_or2           2   7.2     0    19      20    (-,-) 
  g20589/z                     (u)     in_0->z R     unmapped_complex2      1   3.6     0    17      37    (-,-) 
  g20245/z                     (u)     in_0->z F     unmapped_complex2      1   3.2     0    17      53    (-,-) 
  g20210/z                     (u)     in_1->z R     unmapped_nand2         1   3.6     0    17      70    (-,-) 
  g20197/z                     (u)     in_1->z F     unmapped_nand2         1   3.2     0    17      86    (-,-) 
  g20180/z                     (u)     in_0->z R     unmapped_nand2         1   3.6     0    17     103    (-,-) 
  g20161/z                     (u)     in_0->z F     unmapped_nand2         1   3.2     0    17     120    (-,-) 
  g20146/z                     (u)     in_0->z R     unmapped_nand2         2   7.2     0    19     139    (-,-) 
  g20140/z                     (u)     in_0->z F     unmapped_complex2      2   6.4     0    19     158    (-,-) 
  g20617/z                     (u)     in_0->z R     unmapped_complex2      1   3.6     0    17     174    (-,-) 
  g20119/z                     (u)     in_1->z R     unmapped_complex2      1   3.6     0    17     191    (-,-) 
  g20112/z                     (u)     in_0->z F     unmapped_complex2      1   3.2     0    17     208    (-,-) 
  g20107/z                     (u)     in_1->z R     unmapped_nand2         1   3.6     0    17     224    (-,-) 
  g20098/z                     (u)     in_1->z R     unmapped_complex2      1   3.6     0    17     241    (-,-) 
  g20090/z                     (u)     in_0->z F     unmapped_nand2         1   3.2     0    17     258    (-,-) 
  g20088/z                     (u)     in_0->z R     unmapped_nand2         1   3.6     0    17     274    (-,-) 
  g20080/z                     (u)     in_0->z F     unmapped_nand2        60 192.0     0    62     336    (-,-) 
  g20022/z                     (u)     in_0->z R     unmapped_nand2         1   3.6     0    17     353    (-,-) 
  g19981/z                     (u)     in_1->z F     unmapped_nand2         5  16.0     0    28     380    (-,-) 
  g19855/z                     (u)     in_0->z F     unmapped_or2           1   3.2     0    17     397    (-,-) 
  g19856/z                     (u)     in_1->z R     unmapped_nand2         4  14.4     0    24     422    (-,-) 
  g20641/z                     (u)     in_1->z F     unmapped_complex2      1   3.2     0    17     438    (-,-) 
  g19761/z                     (u)     in_0->z R     unmapped_nand2         3  10.8     0    22     460    (-,-) 
  g19751/z                     (u)     in_1->z F     unmapped_nand2         1   3.2     0    17     476    (-,-) 
  g19658/z                     (u)     in_0->z R     unmapped_nand2         3  10.8     0    22     498    (-,-) 
  g19589/z                     (u)     in_1->z F     unmapped_nand2         1   3.2     0    17     514    (-,-) 
  g19565/z                     (u)     in_0->z R     unmapped_nand2         3  10.8     0    22     536    (-,-) 
  g20681/z                     (u)     in_0->z R     unmapped_complex2      1   3.6     0    17     553    (-,-) 
  g19489/z                     (u)     in_0->z F     unmapped_nand2         1   3.2     0    17     569    (-,-) 
  g20699/z                     (u)     in_0->z F     unmapped_complex2      1   3.2     0    17     586    (-,-) 
  g19440/z                     (u)     in_0->z R     unmapped_nand2         1   3.6     0    17     602    (-,-) 
  g19434/z                     (u)     in_1->z F     unmapped_nand2         3   9.6     0    22     624    (-,-) 
  g19421/z                     (u)     in_1->z F     unmapped_or2           6  19.2     0    30     654    (-,-) 
  g19398/z                     (u)     in_0->z F     unmapped_or2          14  44.8     0    42     696    (-,-) 
  g19339/z                     (u)     in_0->z F     unmapped_or2           1   3.2     0    17     713    (-,-) 
  g19306/z                     (u)     in_1->z R     unmapped_nand2         1   3.6     0    17     729    (-,-) 
  g20730/z                     (u)     in_0->z R     unmapped_complex2      3  10.8     0    22     751    (-,-) 
  g19248/z                     (u)     in_1->z F     unmapped_complex2      2   6.4     0    19     770    (-,-) 
  g18721/z                     (u)     in_1->z F     unmapped_or2           1   3.2     0    17     787    (-,-) 
  g19222/z                     (u)     in_0->z R     unmapped_complex2      1   3.6     0    17     803    (-,-) 
  g19215/z                     (u)     in_1->z F     unmapped_nand2         1   3.2     0    17     820    (-,-) 
  g19207/z                     (u)     in_1->z R     unmapped_nand2         1   3.6     0    17     836    (-,-) 
  g19196/z                     (u)     in_0->z F     unmapped_nand2         1   3.2     0    17     853    (-,-) 
  g19178/z                     (u)     in_1->z R     unmapped_nand2         1   3.6     0    17     870    (-,-) 
  g19164/z                     (u)     in_0->z F     unmapped_nand2         1   3.2     0    17     886    (-,-) 
  g19151/z                     (u)     in_0->z R     unmapped_nand2         1   3.6     0    17     903    (-,-) 
  g19128/z                     (u)     in_0->z F     unmapped_complex2      1   3.2     0    17     919    (-,-) 
  g20772/z                     (u)     in_0->z R     unmapped_complex2      1   3.6     0    17     936    (-,-) 
  g20773/z                     (u)     in_1->z F     unmapped_complex2      1   3.2     0    17     953    (-,-) 
  g20774/z                     (u)     in_1->z R     unmapped_complex2      1   3.6     0    17     969    (-,-) 
  g19124/z                     (u)     in_1->z F     unmapped_complex2      1   3.2     0    17     986    (-,-) 
  g19123/z                     (u)     in_0->z R     unmapped_complex2      1   3.6     0    17    1002    (-,-) 
  g19122/z                     (u)     in_0->z F     unmapped_complex2      1   3.2     0    17    1019    (-,-) 
  g20775/z                     (u)     in_0->z R     unmapped_complex2      1   3.6     0    17    1036    (-,-) 
  g20776/z                     (u)     in_1->z F     unmapped_complex2      1   3.2     0    17    1052    (-,-) 
  g20777/z                     (u)     in_1->z R     unmapped_complex2      1   3.6     0    17    1069    (-,-) 
  g19118/z                     (u)     in_1->z F     unmapped_complex2      1   3.2     0    17    1085    (-,-) 
  g19117/z                     (u)     in_1->z R     unmapped_nand2         1   3.6     0    17    1102    (-,-) 
  g19116/z                     (u)     in_1->z F     unmapped_nand2         1   3.2     0    17    1119    (-,-) 
  g19115/z                     (u)     in_0->z R     unmapped_nand2         1   3.6     0    17    1135    (-,-) 
  g20778/z                     (u)     in_0->z F     unmapped_complex2      4  12.8     0    24    1160    (-,-) 
  g19111/z                     (u)     in_0->z F     unmapped_or2          48 153.6     0    59    1218    (-,-) 
  g19087/z                     (u)     in_0->z F     unmapped_complex2      1   3.2     0    17    1235    (-,-) 
  g18965/z                     (u)     in_1->z R     unmapped_nand2         1   3.6     0    17    1252    (-,-) 
  g20806/z                     (u)     in_0->z R     unmapped_complex2      1   3.6     0    17    1268    (-,-) 
  smaller_mantissa_l_reg[23]/d -       -       R     unmapped_d_flop        1     -     -     0    1268    (-,-) 
#----------------------------------------------------------------------------------------------------------------

(u) : Net has unmapped pin(s).

Capture clock path:
#-------------------------------------------------------------------------------------------------------------
#         Timing Point           Flags   Arc   Edge      Cell        Fanout Load Trans Delay Arrival Instance 
#                                                                           (fF)  (ps)  (ps)   (ps)  Location 
#-------------------------------------------------------------------------------------------------------------
  clk                            (i,u)   -     R     (arrival)          100  0.0     0     0    1562    (-,-) 
  smaller_mantissa_l_reg[23]/clk <<<     -     R     unmapped_d_flop    100    -     1     0    1562    (-,-) 
#-------------------------------------------------------------------------------------------------------------



Path 26: MET (256 ps) Setup Check with Pin smaller_mantissa_l_reg[22]/clk->d
           View: view_1p2_25
          Group: clock1
     Startpoint: (R) fp1_in[23]
          Clock: (R) clock1
       Endpoint: (R) smaller_mantissa_l_reg[22]/d
          Clock: (R) clock1

                     Capture       Launch     
        Clock Edge:+    1562            0     
        Drv Adjust:+       0            0     
       Src Latency:+       0            0     
       Net Latency:+       0 (I)        0 (I) 
           Arrival:=    1562            0     
                                              
             Setup:-      38                  
       Uncertainty:-       0                  
     Required Time:=    1525                  
      Launch Clock:-       0                  
       Input Delay:-       1                  
         Data Path:-    1267                  
             Slack:=     256                  

Exceptions/Constraints:
  input_delay              1              add_fp16.sdc_line_20_12_1   

#----------------------------------------------------------------------------------------------------------------
#        Timing Point          Flags    Arc    Edge       Cell         Fanout  Load Trans Delay Arrival Instance 
#                                                                              (fF)  (ps)  (ps)   (ps)  Location 
#----------------------------------------------------------------------------------------------------------------
  fp1_in[23]                   (u)     -       R     (arrival)              5  18.0     0     0       1    (-,-) 
  g20582/z                     (u)     in_1->z R     unmapped_or2           2   7.2     0    19      20    (-,-) 
  g20589/z                     (u)     in_0->z R     unmapped_complex2      1   3.6     0    17      37    (-,-) 
  g20245/z                     (u)     in_0->z F     unmapped_complex2      1   3.2     0    17      53    (-,-) 
  g20210/z                     (u)     in_1->z R     unmapped_nand2         1   3.6     0    17      70    (-,-) 
  g20197/z                     (u)     in_1->z F     unmapped_nand2         1   3.2     0    17      86    (-,-) 
  g20180/z                     (u)     in_0->z R     unmapped_nand2         1   3.6     0    17     103    (-,-) 
  g20161/z                     (u)     in_0->z F     unmapped_nand2         1   3.2     0    17     120    (-,-) 
  g20146/z                     (u)     in_0->z R     unmapped_nand2         2   7.2     0    19     139    (-,-) 
  g20140/z                     (u)     in_0->z F     unmapped_complex2      2   6.4     0    19     158    (-,-) 
  g20617/z                     (u)     in_0->z R     unmapped_complex2      1   3.6     0    17     174    (-,-) 
  g20119/z                     (u)     in_1->z R     unmapped_complex2      1   3.6     0    17     191    (-,-) 
  g20112/z                     (u)     in_0->z F     unmapped_complex2      1   3.2     0    17     208    (-,-) 
  g20107/z                     (u)     in_1->z R     unmapped_nand2         1   3.6     0    17     224    (-,-) 
  g20098/z                     (u)     in_1->z R     unmapped_complex2      1   3.6     0    17     241    (-,-) 
  g20090/z                     (u)     in_0->z F     unmapped_nand2         1   3.2     0    17     258    (-,-) 
  g20088/z                     (u)     in_0->z R     unmapped_nand2         1   3.6     0    17     274    (-,-) 
  g20080/z                     (u)     in_0->z F     unmapped_nand2        60 192.0     0    62     336    (-,-) 
  g20022/z                     (u)     in_0->z R     unmapped_nand2         1   3.6     0    17     353    (-,-) 
  g19981/z                     (u)     in_1->z F     unmapped_nand2         5  16.0     0    28     380    (-,-) 
  g19855/z                     (u)     in_0->z F     unmapped_or2           1   3.2     0    17     397    (-,-) 
  g19856/z                     (u)     in_1->z R     unmapped_nand2         4  14.4     0    24     422    (-,-) 
  g20641/z                     (u)     in_1->z F     unmapped_complex2      1   3.2     0    17     438    (-,-) 
  g19761/z                     (u)     in_0->z R     unmapped_nand2         3  10.8     0    22     460    (-,-) 
  g19751/z                     (u)     in_1->z F     unmapped_nand2         1   3.2     0    17     476    (-,-) 
  g19658/z                     (u)     in_0->z R     unmapped_nand2         3  10.8     0    22     498    (-,-) 
  g19589/z                     (u)     in_1->z F     unmapped_nand2         1   3.2     0    17     514    (-,-) 
  g19565/z                     (u)     in_0->z R     unmapped_nand2         3  10.8     0    22     536    (-,-) 
  g20681/z                     (u)     in_0->z R     unmapped_complex2      1   3.6     0    17     553    (-,-) 
  g19489/z                     (u)     in_0->z F     unmapped_nand2         1   3.2     0    17     569    (-,-) 
  g20699/z                     (u)     in_0->z F     unmapped_complex2      1   3.2     0    17     586    (-,-) 
  g19440/z                     (u)     in_0->z R     unmapped_nand2         1   3.6     0    17     602    (-,-) 
  g19434/z                     (u)     in_1->z F     unmapped_nand2         3   9.6     0    22     624    (-,-) 
  g19421/z                     (u)     in_1->z F     unmapped_or2           6  19.2     0    30     654    (-,-) 
  g19398/z                     (u)     in_0->z F     unmapped_or2          14  44.8     0    42     696    (-,-) 
  g19339/z                     (u)     in_0->z F     unmapped_or2           1   3.2     0    17     713    (-,-) 
  g19306/z                     (u)     in_1->z R     unmapped_nand2         1   3.6     0    17     729    (-,-) 
  g20730/z                     (u)     in_0->z R     unmapped_complex2      3  10.8     0    22     751    (-,-) 
  g19248/z                     (u)     in_1->z F     unmapped_complex2      2   6.4     0    19     770    (-,-) 
  g18721/z                     (u)     in_1->z F     unmapped_or2           1   3.2     0    17     787    (-,-) 
  g19222/z                     (u)     in_0->z R     unmapped_complex2      1   3.6     0    17     803    (-,-) 
  g19215/z                     (u)     in_1->z F     unmapped_nand2         1   3.2     0    17     820    (-,-) 
  g19207/z                     (u)     in_1->z R     unmapped_nand2         1   3.6     0    17     836    (-,-) 
  g19196/z                     (u)     in_0->z F     unmapped_nand2         1   3.2     0    17     853    (-,-) 
  g19178/z                     (u)     in_1->z R     unmapped_nand2         1   3.6     0    17     870    (-,-) 
  g19164/z                     (u)     in_0->z F     unmapped_nand2         1   3.2     0    17     886    (-,-) 
  g19151/z                     (u)     in_0->z R     unmapped_nand2         1   3.6     0    17     903    (-,-) 
  g19128/z                     (u)     in_0->z F     unmapped_complex2      1   3.2     0    17     919    (-,-) 
  g20772/z                     (u)     in_0->z R     unmapped_complex2      1   3.6     0    17     936    (-,-) 
  g20773/z                     (u)     in_1->z F     unmapped_complex2      1   3.2     0    17     953    (-,-) 
  g20774/z                     (u)     in_1->z R     unmapped_complex2      1   3.6     0    17     969    (-,-) 
  g19124/z                     (u)     in_1->z F     unmapped_complex2      1   3.2     0    17     986    (-,-) 
  g19123/z                     (u)     in_0->z R     unmapped_complex2      1   3.6     0    17    1002    (-,-) 
  g19122/z                     (u)     in_0->z F     unmapped_complex2      1   3.2     0    17    1019    (-,-) 
  g20775/z                     (u)     in_0->z R     unmapped_complex2      1   3.6     0    17    1036    (-,-) 
  g20776/z                     (u)     in_1->z F     unmapped_complex2      1   3.2     0    17    1052    (-,-) 
  g20777/z                     (u)     in_1->z R     unmapped_complex2      1   3.6     0    17    1069    (-,-) 
  g19118/z                     (u)     in_1->z F     unmapped_complex2      1   3.2     0    17    1085    (-,-) 
  g19117/z                     (u)     in_1->z R     unmapped_nand2         1   3.6     0    17    1102    (-,-) 
  g19116/z                     (u)     in_1->z F     unmapped_nand2         1   3.2     0    17    1119    (-,-) 
  g19115/z                     (u)     in_0->z R     unmapped_nand2         1   3.6     0    17    1135    (-,-) 
  g20778/z                     (u)     in_0->z F     unmapped_complex2      4  12.8     0    24    1160    (-,-) 
  g19111/z                     (u)     in_0->z F     unmapped_or2          48 153.6     0    59    1218    (-,-) 
  g19030/z                     (u)     in_0->z F     unmapped_complex2      1   3.2     0    17    1235    (-,-) 
  g18978/z                     (u)     in_1->z R     unmapped_nand2         1   3.6     0    17    1252    (-,-) 
  g20822/z                     (u)     in_0->z R     unmapped_complex2      1   3.6     0    17    1268    (-,-) 
  smaller_mantissa_l_reg[22]/d -       -       R     unmapped_d_flop        1     -     -     0    1268    (-,-) 
#----------------------------------------------------------------------------------------------------------------

(u) : Net has unmapped pin(s).

Capture clock path:
#-------------------------------------------------------------------------------------------------------------
#         Timing Point           Flags   Arc   Edge      Cell        Fanout Load Trans Delay Arrival Instance 
#                                                                           (fF)  (ps)  (ps)   (ps)  Location 
#-------------------------------------------------------------------------------------------------------------
  clk                            (i,u)   -     R     (arrival)          100  0.0     0     0    1562    (-,-) 
  smaller_mantissa_l_reg[22]/clk <<<     -     R     unmapped_d_flop    100    -     1     0    1562    (-,-) 
#-------------------------------------------------------------------------------------------------------------



Path 27: MET (256 ps) Setup Check with Pin smaller_mantissa_l_reg[21]/clk->d
           View: view_1p2_25
          Group: clock1
     Startpoint: (R) fp1_in[23]
          Clock: (R) clock1
       Endpoint: (R) smaller_mantissa_l_reg[21]/d
          Clock: (R) clock1

                     Capture       Launch     
        Clock Edge:+    1562            0     
        Drv Adjust:+       0            0     
       Src Latency:+       0            0     
       Net Latency:+       0 (I)        0 (I) 
           Arrival:=    1562            0     
                                              
             Setup:-      38                  
       Uncertainty:-       0                  
     Required Time:=    1525                  
      Launch Clock:-       0                  
       Input Delay:-       1                  
         Data Path:-    1267                  
             Slack:=     256                  

Exceptions/Constraints:
  input_delay              1              add_fp16.sdc_line_20_12_1   

#----------------------------------------------------------------------------------------------------------------
#        Timing Point          Flags    Arc    Edge       Cell         Fanout  Load Trans Delay Arrival Instance 
#                                                                              (fF)  (ps)  (ps)   (ps)  Location 
#----------------------------------------------------------------------------------------------------------------
  fp1_in[23]                   (u)     -       R     (arrival)              5  18.0     0     0       1    (-,-) 
  g20582/z                     (u)     in_1->z R     unmapped_or2           2   7.2     0    19      20    (-,-) 
  g20589/z                     (u)     in_0->z R     unmapped_complex2      1   3.6     0    17      37    (-,-) 
  g20245/z                     (u)     in_0->z F     unmapped_complex2      1   3.2     0    17      53    (-,-) 
  g20210/z                     (u)     in_1->z R     unmapped_nand2         1   3.6     0    17      70    (-,-) 
  g20197/z                     (u)     in_1->z F     unmapped_nand2         1   3.2     0    17      86    (-,-) 
  g20180/z                     (u)     in_0->z R     unmapped_nand2         1   3.6     0    17     103    (-,-) 
  g20161/z                     (u)     in_0->z F     unmapped_nand2         1   3.2     0    17     120    (-,-) 
  g20146/z                     (u)     in_0->z R     unmapped_nand2         2   7.2     0    19     139    (-,-) 
  g20140/z                     (u)     in_0->z F     unmapped_complex2      2   6.4     0    19     158    (-,-) 
  g20617/z                     (u)     in_0->z R     unmapped_complex2      1   3.6     0    17     174    (-,-) 
  g20119/z                     (u)     in_1->z R     unmapped_complex2      1   3.6     0    17     191    (-,-) 
  g20112/z                     (u)     in_0->z F     unmapped_complex2      1   3.2     0    17     208    (-,-) 
  g20107/z                     (u)     in_1->z R     unmapped_nand2         1   3.6     0    17     224    (-,-) 
  g20098/z                     (u)     in_1->z R     unmapped_complex2      1   3.6     0    17     241    (-,-) 
  g20090/z                     (u)     in_0->z F     unmapped_nand2         1   3.2     0    17     258    (-,-) 
  g20088/z                     (u)     in_0->z R     unmapped_nand2         1   3.6     0    17     274    (-,-) 
  g20080/z                     (u)     in_0->z F     unmapped_nand2        60 192.0     0    62     336    (-,-) 
  g20022/z                     (u)     in_0->z R     unmapped_nand2         1   3.6     0    17     353    (-,-) 
  g19981/z                     (u)     in_1->z F     unmapped_nand2         5  16.0     0    28     380    (-,-) 
  g19855/z                     (u)     in_0->z F     unmapped_or2           1   3.2     0    17     397    (-,-) 
  g19856/z                     (u)     in_1->z R     unmapped_nand2         4  14.4     0    24     422    (-,-) 
  g20641/z                     (u)     in_1->z F     unmapped_complex2      1   3.2     0    17     438    (-,-) 
  g19761/z                     (u)     in_0->z R     unmapped_nand2         3  10.8     0    22     460    (-,-) 
  g19751/z                     (u)     in_1->z F     unmapped_nand2         1   3.2     0    17     476    (-,-) 
  g19658/z                     (u)     in_0->z R     unmapped_nand2         3  10.8     0    22     498    (-,-) 
  g19589/z                     (u)     in_1->z F     unmapped_nand2         1   3.2     0    17     514    (-,-) 
  g19565/z                     (u)     in_0->z R     unmapped_nand2         3  10.8     0    22     536    (-,-) 
  g20681/z                     (u)     in_0->z R     unmapped_complex2      1   3.6     0    17     553    (-,-) 
  g19489/z                     (u)     in_0->z F     unmapped_nand2         1   3.2     0    17     569    (-,-) 
  g20699/z                     (u)     in_0->z F     unmapped_complex2      1   3.2     0    17     586    (-,-) 
  g19440/z                     (u)     in_0->z R     unmapped_nand2         1   3.6     0    17     602    (-,-) 
  g19434/z                     (u)     in_1->z F     unmapped_nand2         3   9.6     0    22     624    (-,-) 
  g19421/z                     (u)     in_1->z F     unmapped_or2           6  19.2     0    30     654    (-,-) 
  g19398/z                     (u)     in_0->z F     unmapped_or2          14  44.8     0    42     696    (-,-) 
  g19339/z                     (u)     in_0->z F     unmapped_or2           1   3.2     0    17     713    (-,-) 
  g19306/z                     (u)     in_1->z R     unmapped_nand2         1   3.6     0    17     729    (-,-) 
  g20730/z                     (u)     in_0->z R     unmapped_complex2      3  10.8     0    22     751    (-,-) 
  g19248/z                     (u)     in_1->z F     unmapped_complex2      2   6.4     0    19     770    (-,-) 
  g18721/z                     (u)     in_1->z F     unmapped_or2           1   3.2     0    17     787    (-,-) 
  g19222/z                     (u)     in_0->z R     unmapped_complex2      1   3.6     0    17     803    (-,-) 
  g19215/z                     (u)     in_1->z F     unmapped_nand2         1   3.2     0    17     820    (-,-) 
  g19207/z                     (u)     in_1->z R     unmapped_nand2         1   3.6     0    17     836    (-,-) 
  g19196/z                     (u)     in_0->z F     unmapped_nand2         1   3.2     0    17     853    (-,-) 
  g19178/z                     (u)     in_1->z R     unmapped_nand2         1   3.6     0    17     870    (-,-) 
  g19164/z                     (u)     in_0->z F     unmapped_nand2         1   3.2     0    17     886    (-,-) 
  g19151/z                     (u)     in_0->z R     unmapped_nand2         1   3.6     0    17     903    (-,-) 
  g19128/z                     (u)     in_0->z F     unmapped_complex2      1   3.2     0    17     919    (-,-) 
  g20772/z                     (u)     in_0->z R     unmapped_complex2      1   3.6     0    17     936    (-,-) 
  g20773/z                     (u)     in_1->z F     unmapped_complex2      1   3.2     0    17     953    (-,-) 
  g20774/z                     (u)     in_1->z R     unmapped_complex2      1   3.6     0    17     969    (-,-) 
  g19124/z                     (u)     in_1->z F     unmapped_complex2      1   3.2     0    17     986    (-,-) 
  g19123/z                     (u)     in_0->z R     unmapped_complex2      1   3.6     0    17    1002    (-,-) 
  g19122/z                     (u)     in_0->z F     unmapped_complex2      1   3.2     0    17    1019    (-,-) 
  g20775/z                     (u)     in_0->z R     unmapped_complex2      1   3.6     0    17    1036    (-,-) 
  g20776/z                     (u)     in_1->z F     unmapped_complex2      1   3.2     0    17    1052    (-,-) 
  g20777/z                     (u)     in_1->z R     unmapped_complex2      1   3.6     0    17    1069    (-,-) 
  g19118/z                     (u)     in_1->z F     unmapped_complex2      1   3.2     0    17    1085    (-,-) 
  g19117/z                     (u)     in_1->z R     unmapped_nand2         1   3.6     0    17    1102    (-,-) 
  g19116/z                     (u)     in_1->z F     unmapped_nand2         1   3.2     0    17    1119    (-,-) 
  g19115/z                     (u)     in_0->z R     unmapped_nand2         1   3.6     0    17    1135    (-,-) 
  g20778/z                     (u)     in_0->z F     unmapped_complex2      4  12.8     0    24    1160    (-,-) 
  g19111/z                     (u)     in_0->z F     unmapped_or2          48 153.6     0    59    1218    (-,-) 
  g19044/z                     (u)     in_0->z F     unmapped_complex2      1   3.2     0    17    1235    (-,-) 
  g19007/z                     (u)     in_1->z R     unmapped_nand2         1   3.6     0    17    1252    (-,-) 
  g20815/z                     (u)     in_0->z R     unmapped_complex2      1   3.6     0    17    1268    (-,-) 
  smaller_mantissa_l_reg[21]/d -       -       R     unmapped_d_flop        1     -     -     0    1268    (-,-) 
#----------------------------------------------------------------------------------------------------------------

(u) : Net has unmapped pin(s).

Capture clock path:
#-------------------------------------------------------------------------------------------------------------
#         Timing Point           Flags   Arc   Edge      Cell        Fanout Load Trans Delay Arrival Instance 
#                                                                           (fF)  (ps)  (ps)   (ps)  Location 
#-------------------------------------------------------------------------------------------------------------
  clk                            (i,u)   -     R     (arrival)          100  0.0     0     0    1562    (-,-) 
  smaller_mantissa_l_reg[21]/clk <<<     -     R     unmapped_d_flop    100    -     1     0    1562    (-,-) 
#-------------------------------------------------------------------------------------------------------------



Path 28: MET (256 ps) Setup Check with Pin smaller_mantissa_l_reg[20]/clk->d
           View: view_1p2_25
          Group: clock1
     Startpoint: (R) fp1_in[23]
          Clock: (R) clock1
       Endpoint: (R) smaller_mantissa_l_reg[20]/d
          Clock: (R) clock1

                     Capture       Launch     
        Clock Edge:+    1562            0     
        Drv Adjust:+       0            0     
       Src Latency:+       0            0     
       Net Latency:+       0 (I)        0 (I) 
           Arrival:=    1562            0     
                                              
             Setup:-      38                  
       Uncertainty:-       0                  
     Required Time:=    1525                  
      Launch Clock:-       0                  
       Input Delay:-       1                  
         Data Path:-    1267                  
             Slack:=     256                  

Exceptions/Constraints:
  input_delay              1              add_fp16.sdc_line_20_12_1   

#----------------------------------------------------------------------------------------------------------------
#        Timing Point          Flags    Arc    Edge       Cell         Fanout  Load Trans Delay Arrival Instance 
#                                                                              (fF)  (ps)  (ps)   (ps)  Location 
#----------------------------------------------------------------------------------------------------------------
  fp1_in[23]                   (u)     -       R     (arrival)              5  18.0     0     0       1    (-,-) 
  g20582/z                     (u)     in_1->z R     unmapped_or2           2   7.2     0    19      20    (-,-) 
  g20589/z                     (u)     in_0->z R     unmapped_complex2      1   3.6     0    17      37    (-,-) 
  g20245/z                     (u)     in_0->z F     unmapped_complex2      1   3.2     0    17      53    (-,-) 
  g20210/z                     (u)     in_1->z R     unmapped_nand2         1   3.6     0    17      70    (-,-) 
  g20197/z                     (u)     in_1->z F     unmapped_nand2         1   3.2     0    17      86    (-,-) 
  g20180/z                     (u)     in_0->z R     unmapped_nand2         1   3.6     0    17     103    (-,-) 
  g20161/z                     (u)     in_0->z F     unmapped_nand2         1   3.2     0    17     120    (-,-) 
  g20146/z                     (u)     in_0->z R     unmapped_nand2         2   7.2     0    19     139    (-,-) 
  g20140/z                     (u)     in_0->z F     unmapped_complex2      2   6.4     0    19     158    (-,-) 
  g20617/z                     (u)     in_0->z R     unmapped_complex2      1   3.6     0    17     174    (-,-) 
  g20119/z                     (u)     in_1->z R     unmapped_complex2      1   3.6     0    17     191    (-,-) 
  g20112/z                     (u)     in_0->z F     unmapped_complex2      1   3.2     0    17     208    (-,-) 
  g20107/z                     (u)     in_1->z R     unmapped_nand2         1   3.6     0    17     224    (-,-) 
  g20098/z                     (u)     in_1->z R     unmapped_complex2      1   3.6     0    17     241    (-,-) 
  g20090/z                     (u)     in_0->z F     unmapped_nand2         1   3.2     0    17     258    (-,-) 
  g20088/z                     (u)     in_0->z R     unmapped_nand2         1   3.6     0    17     274    (-,-) 
  g20080/z                     (u)     in_0->z F     unmapped_nand2        60 192.0     0    62     336    (-,-) 
  g20022/z                     (u)     in_0->z R     unmapped_nand2         1   3.6     0    17     353    (-,-) 
  g19981/z                     (u)     in_1->z F     unmapped_nand2         5  16.0     0    28     380    (-,-) 
  g19855/z                     (u)     in_0->z F     unmapped_or2           1   3.2     0    17     397    (-,-) 
  g19856/z                     (u)     in_1->z R     unmapped_nand2         4  14.4     0    24     422    (-,-) 
  g20641/z                     (u)     in_1->z F     unmapped_complex2      1   3.2     0    17     438    (-,-) 
  g19761/z                     (u)     in_0->z R     unmapped_nand2         3  10.8     0    22     460    (-,-) 
  g19751/z                     (u)     in_1->z F     unmapped_nand2         1   3.2     0    17     476    (-,-) 
  g19658/z                     (u)     in_0->z R     unmapped_nand2         3  10.8     0    22     498    (-,-) 
  g19589/z                     (u)     in_1->z F     unmapped_nand2         1   3.2     0    17     514    (-,-) 
  g19565/z                     (u)     in_0->z R     unmapped_nand2         3  10.8     0    22     536    (-,-) 
  g20681/z                     (u)     in_0->z R     unmapped_complex2      1   3.6     0    17     553    (-,-) 
  g19489/z                     (u)     in_0->z F     unmapped_nand2         1   3.2     0    17     569    (-,-) 
  g20699/z                     (u)     in_0->z F     unmapped_complex2      1   3.2     0    17     586    (-,-) 
  g19440/z                     (u)     in_0->z R     unmapped_nand2         1   3.6     0    17     602    (-,-) 
  g19434/z                     (u)     in_1->z F     unmapped_nand2         3   9.6     0    22     624    (-,-) 
  g19421/z                     (u)     in_1->z F     unmapped_or2           6  19.2     0    30     654    (-,-) 
  g19398/z                     (u)     in_0->z F     unmapped_or2          14  44.8     0    42     696    (-,-) 
  g19339/z                     (u)     in_0->z F     unmapped_or2           1   3.2     0    17     713    (-,-) 
  g19306/z                     (u)     in_1->z R     unmapped_nand2         1   3.6     0    17     729    (-,-) 
  g20730/z                     (u)     in_0->z R     unmapped_complex2      3  10.8     0    22     751    (-,-) 
  g19248/z                     (u)     in_1->z F     unmapped_complex2      2   6.4     0    19     770    (-,-) 
  g18721/z                     (u)     in_1->z F     unmapped_or2           1   3.2     0    17     787    (-,-) 
  g19222/z                     (u)     in_0->z R     unmapped_complex2      1   3.6     0    17     803    (-,-) 
  g19215/z                     (u)     in_1->z F     unmapped_nand2         1   3.2     0    17     820    (-,-) 
  g19207/z                     (u)     in_1->z R     unmapped_nand2         1   3.6     0    17     836    (-,-) 
  g19196/z                     (u)     in_0->z F     unmapped_nand2         1   3.2     0    17     853    (-,-) 
  g19178/z                     (u)     in_1->z R     unmapped_nand2         1   3.6     0    17     870    (-,-) 
  g19164/z                     (u)     in_0->z F     unmapped_nand2         1   3.2     0    17     886    (-,-) 
  g19151/z                     (u)     in_0->z R     unmapped_nand2         1   3.6     0    17     903    (-,-) 
  g19128/z                     (u)     in_0->z F     unmapped_complex2      1   3.2     0    17     919    (-,-) 
  g20772/z                     (u)     in_0->z R     unmapped_complex2      1   3.6     0    17     936    (-,-) 
  g20773/z                     (u)     in_1->z F     unmapped_complex2      1   3.2     0    17     953    (-,-) 
  g20774/z                     (u)     in_1->z R     unmapped_complex2      1   3.6     0    17     969    (-,-) 
  g19124/z                     (u)     in_1->z F     unmapped_complex2      1   3.2     0    17     986    (-,-) 
  g19123/z                     (u)     in_0->z R     unmapped_complex2      1   3.6     0    17    1002    (-,-) 
  g19122/z                     (u)     in_0->z F     unmapped_complex2      1   3.2     0    17    1019    (-,-) 
  g20775/z                     (u)     in_0->z R     unmapped_complex2      1   3.6     0    17    1036    (-,-) 
  g20776/z                     (u)     in_1->z F     unmapped_complex2      1   3.2     0    17    1052    (-,-) 
  g20777/z                     (u)     in_1->z R     unmapped_complex2      1   3.6     0    17    1069    (-,-) 
  g19118/z                     (u)     in_1->z F     unmapped_complex2      1   3.2     0    17    1085    (-,-) 
  g19117/z                     (u)     in_1->z R     unmapped_nand2         1   3.6     0    17    1102    (-,-) 
  g19116/z                     (u)     in_1->z F     unmapped_nand2         1   3.2     0    17    1119    (-,-) 
  g19115/z                     (u)     in_0->z R     unmapped_nand2         1   3.6     0    17    1135    (-,-) 
  g20778/z                     (u)     in_0->z F     unmapped_complex2      4  12.8     0    24    1160    (-,-) 
  g19111/z                     (u)     in_0->z F     unmapped_or2          48 153.6     0    59    1218    (-,-) 
  g19104/z                     (u)     in_0->z F     unmapped_complex2      1   3.2     0    17    1235    (-,-) 
  g18997/z                     (u)     in_1->z R     unmapped_nand2         1   3.6     0    17    1252    (-,-) 
  g20791/z                     (u)     in_0->z R     unmapped_complex2      1   3.6     0    17    1268    (-,-) 
  smaller_mantissa_l_reg[20]/d -       -       R     unmapped_d_flop        1     -     -     0    1268    (-,-) 
#----------------------------------------------------------------------------------------------------------------

(u) : Net has unmapped pin(s).

Capture clock path:
#-------------------------------------------------------------------------------------------------------------
#         Timing Point           Flags   Arc   Edge      Cell        Fanout Load Trans Delay Arrival Instance 
#                                                                           (fF)  (ps)  (ps)   (ps)  Location 
#-------------------------------------------------------------------------------------------------------------
  clk                            (i,u)   -     R     (arrival)          100  0.0     0     0    1562    (-,-) 
  smaller_mantissa_l_reg[20]/clk <<<     -     R     unmapped_d_flop    100    -     1     0    1562    (-,-) 
#-------------------------------------------------------------------------------------------------------------



Path 29: MET (256 ps) Setup Check with Pin smaller_mantissa_l_reg[19]/clk->d
           View: view_1p2_25
          Group: clock1
     Startpoint: (R) fp1_in[23]
          Clock: (R) clock1
       Endpoint: (R) smaller_mantissa_l_reg[19]/d
          Clock: (R) clock1

                     Capture       Launch     
        Clock Edge:+    1562            0     
        Drv Adjust:+       0            0     
       Src Latency:+       0            0     
       Net Latency:+       0 (I)        0 (I) 
           Arrival:=    1562            0     
                                              
             Setup:-      38                  
       Uncertainty:-       0                  
     Required Time:=    1525                  
      Launch Clock:-       0                  
       Input Delay:-       1                  
         Data Path:-    1267                  
             Slack:=     256                  

Exceptions/Constraints:
  input_delay              1              add_fp16.sdc_line_20_12_1   

#----------------------------------------------------------------------------------------------------------------
#        Timing Point          Flags    Arc    Edge       Cell         Fanout  Load Trans Delay Arrival Instance 
#                                                                              (fF)  (ps)  (ps)   (ps)  Location 
#----------------------------------------------------------------------------------------------------------------
  fp1_in[23]                   (u)     -       R     (arrival)              5  18.0     0     0       1    (-,-) 
  g20582/z                     (u)     in_1->z R     unmapped_or2           2   7.2     0    19      20    (-,-) 
  g20589/z                     (u)     in_0->z R     unmapped_complex2      1   3.6     0    17      37    (-,-) 
  g20245/z                     (u)     in_0->z F     unmapped_complex2      1   3.2     0    17      53    (-,-) 
  g20210/z                     (u)     in_1->z R     unmapped_nand2         1   3.6     0    17      70    (-,-) 
  g20197/z                     (u)     in_1->z F     unmapped_nand2         1   3.2     0    17      86    (-,-) 
  g20180/z                     (u)     in_0->z R     unmapped_nand2         1   3.6     0    17     103    (-,-) 
  g20161/z                     (u)     in_0->z F     unmapped_nand2         1   3.2     0    17     120    (-,-) 
  g20146/z                     (u)     in_0->z R     unmapped_nand2         2   7.2     0    19     139    (-,-) 
  g20140/z                     (u)     in_0->z F     unmapped_complex2      2   6.4     0    19     158    (-,-) 
  g20617/z                     (u)     in_0->z R     unmapped_complex2      1   3.6     0    17     174    (-,-) 
  g20119/z                     (u)     in_1->z R     unmapped_complex2      1   3.6     0    17     191    (-,-) 
  g20112/z                     (u)     in_0->z F     unmapped_complex2      1   3.2     0    17     208    (-,-) 
  g20107/z                     (u)     in_1->z R     unmapped_nand2         1   3.6     0    17     224    (-,-) 
  g20098/z                     (u)     in_1->z R     unmapped_complex2      1   3.6     0    17     241    (-,-) 
  g20090/z                     (u)     in_0->z F     unmapped_nand2         1   3.2     0    17     258    (-,-) 
  g20088/z                     (u)     in_0->z R     unmapped_nand2         1   3.6     0    17     274    (-,-) 
  g20080/z                     (u)     in_0->z F     unmapped_nand2        60 192.0     0    62     336    (-,-) 
  g20022/z                     (u)     in_0->z R     unmapped_nand2         1   3.6     0    17     353    (-,-) 
  g19981/z                     (u)     in_1->z F     unmapped_nand2         5  16.0     0    28     380    (-,-) 
  g19855/z                     (u)     in_0->z F     unmapped_or2           1   3.2     0    17     397    (-,-) 
  g19856/z                     (u)     in_1->z R     unmapped_nand2         4  14.4     0    24     422    (-,-) 
  g20641/z                     (u)     in_1->z F     unmapped_complex2      1   3.2     0    17     438    (-,-) 
  g19761/z                     (u)     in_0->z R     unmapped_nand2         3  10.8     0    22     460    (-,-) 
  g19751/z                     (u)     in_1->z F     unmapped_nand2         1   3.2     0    17     476    (-,-) 
  g19658/z                     (u)     in_0->z R     unmapped_nand2         3  10.8     0    22     498    (-,-) 
  g19589/z                     (u)     in_1->z F     unmapped_nand2         1   3.2     0    17     514    (-,-) 
  g19565/z                     (u)     in_0->z R     unmapped_nand2         3  10.8     0    22     536    (-,-) 
  g20681/z                     (u)     in_0->z R     unmapped_complex2      1   3.6     0    17     553    (-,-) 
  g19489/z                     (u)     in_0->z F     unmapped_nand2         1   3.2     0    17     569    (-,-) 
  g20699/z                     (u)     in_0->z F     unmapped_complex2      1   3.2     0    17     586    (-,-) 
  g19440/z                     (u)     in_0->z R     unmapped_nand2         1   3.6     0    17     602    (-,-) 
  g19434/z                     (u)     in_1->z F     unmapped_nand2         3   9.6     0    22     624    (-,-) 
  g19421/z                     (u)     in_1->z F     unmapped_or2           6  19.2     0    30     654    (-,-) 
  g19398/z                     (u)     in_0->z F     unmapped_or2          14  44.8     0    42     696    (-,-) 
  g19339/z                     (u)     in_0->z F     unmapped_or2           1   3.2     0    17     713    (-,-) 
  g19306/z                     (u)     in_1->z R     unmapped_nand2         1   3.6     0    17     729    (-,-) 
  g20730/z                     (u)     in_0->z R     unmapped_complex2      3  10.8     0    22     751    (-,-) 
  g19248/z                     (u)     in_1->z F     unmapped_complex2      2   6.4     0    19     770    (-,-) 
  g18721/z                     (u)     in_1->z F     unmapped_or2           1   3.2     0    17     787    (-,-) 
  g19222/z                     (u)     in_0->z R     unmapped_complex2      1   3.6     0    17     803    (-,-) 
  g19215/z                     (u)     in_1->z F     unmapped_nand2         1   3.2     0    17     820    (-,-) 
  g19207/z                     (u)     in_1->z R     unmapped_nand2         1   3.6     0    17     836    (-,-) 
  g19196/z                     (u)     in_0->z F     unmapped_nand2         1   3.2     0    17     853    (-,-) 
  g19178/z                     (u)     in_1->z R     unmapped_nand2         1   3.6     0    17     870    (-,-) 
  g19164/z                     (u)     in_0->z F     unmapped_nand2         1   3.2     0    17     886    (-,-) 
  g19151/z                     (u)     in_0->z R     unmapped_nand2         1   3.6     0    17     903    (-,-) 
  g19128/z                     (u)     in_0->z F     unmapped_complex2      1   3.2     0    17     919    (-,-) 
  g20772/z                     (u)     in_0->z R     unmapped_complex2      1   3.6     0    17     936    (-,-) 
  g20773/z                     (u)     in_1->z F     unmapped_complex2      1   3.2     0    17     953    (-,-) 
  g20774/z                     (u)     in_1->z R     unmapped_complex2      1   3.6     0    17     969    (-,-) 
  g19124/z                     (u)     in_1->z F     unmapped_complex2      1   3.2     0    17     986    (-,-) 
  g19123/z                     (u)     in_0->z R     unmapped_complex2      1   3.6     0    17    1002    (-,-) 
  g19122/z                     (u)     in_0->z F     unmapped_complex2      1   3.2     0    17    1019    (-,-) 
  g20775/z                     (u)     in_0->z R     unmapped_complex2      1   3.6     0    17    1036    (-,-) 
  g20776/z                     (u)     in_1->z F     unmapped_complex2      1   3.2     0    17    1052    (-,-) 
  g20777/z                     (u)     in_1->z R     unmapped_complex2      1   3.6     0    17    1069    (-,-) 
  g19118/z                     (u)     in_1->z F     unmapped_complex2      1   3.2     0    17    1085    (-,-) 
  g19117/z                     (u)     in_1->z R     unmapped_nand2         1   3.6     0    17    1102    (-,-) 
  g19116/z                     (u)     in_1->z F     unmapped_nand2         1   3.2     0    17    1119    (-,-) 
  g19115/z                     (u)     in_0->z R     unmapped_nand2         1   3.6     0    17    1135    (-,-) 
  g20778/z                     (u)     in_0->z F     unmapped_complex2      4  12.8     0    24    1160    (-,-) 
  g19111/z                     (u)     in_0->z F     unmapped_or2          48 153.6     0    59    1218    (-,-) 
  g19093/z                     (u)     in_0->z F     unmapped_complex2      1   3.2     0    17    1235    (-,-) 
  g18972/z                     (u)     in_1->z R     unmapped_nand2         1   3.6     0    17    1252    (-,-) 
  g20792/z                     (u)     in_0->z R     unmapped_complex2      1   3.6     0    17    1268    (-,-) 
  smaller_mantissa_l_reg[19]/d -       -       R     unmapped_d_flop        1     -     -     0    1268    (-,-) 
#----------------------------------------------------------------------------------------------------------------

(u) : Net has unmapped pin(s).

Capture clock path:
#-------------------------------------------------------------------------------------------------------------
#         Timing Point           Flags   Arc   Edge      Cell        Fanout Load Trans Delay Arrival Instance 
#                                                                           (fF)  (ps)  (ps)   (ps)  Location 
#-------------------------------------------------------------------------------------------------------------
  clk                            (i,u)   -     R     (arrival)          100  0.0     0     0    1562    (-,-) 
  smaller_mantissa_l_reg[19]/clk <<<     -     R     unmapped_d_flop    100    -     1     0    1562    (-,-) 
#-------------------------------------------------------------------------------------------------------------



Path 30: MET (256 ps) Setup Check with Pin smaller_mantissa_l_reg[18]/clk->d
           View: view_1p2_25
          Group: clock1
     Startpoint: (R) fp1_in[23]
          Clock: (R) clock1
       Endpoint: (R) smaller_mantissa_l_reg[18]/d
          Clock: (R) clock1

                     Capture       Launch     
        Clock Edge:+    1562            0     
        Drv Adjust:+       0            0     
       Src Latency:+       0            0     
       Net Latency:+       0 (I)        0 (I) 
           Arrival:=    1562            0     
                                              
             Setup:-      38                  
       Uncertainty:-       0                  
     Required Time:=    1525                  
      Launch Clock:-       0                  
       Input Delay:-       1                  
         Data Path:-    1267                  
             Slack:=     256                  

Exceptions/Constraints:
  input_delay              1              add_fp16.sdc_line_20_12_1   

#----------------------------------------------------------------------------------------------------------------
#        Timing Point          Flags    Arc    Edge       Cell         Fanout  Load Trans Delay Arrival Instance 
#                                                                              (fF)  (ps)  (ps)   (ps)  Location 
#----------------------------------------------------------------------------------------------------------------
  fp1_in[23]                   (u)     -       R     (arrival)              5  18.0     0     0       1    (-,-) 
  g20582/z                     (u)     in_1->z R     unmapped_or2           2   7.2     0    19      20    (-,-) 
  g20589/z                     (u)     in_0->z R     unmapped_complex2      1   3.6     0    17      37    (-,-) 
  g20245/z                     (u)     in_0->z F     unmapped_complex2      1   3.2     0    17      53    (-,-) 
  g20210/z                     (u)     in_1->z R     unmapped_nand2         1   3.6     0    17      70    (-,-) 
  g20197/z                     (u)     in_1->z F     unmapped_nand2         1   3.2     0    17      86    (-,-) 
  g20180/z                     (u)     in_0->z R     unmapped_nand2         1   3.6     0    17     103    (-,-) 
  g20161/z                     (u)     in_0->z F     unmapped_nand2         1   3.2     0    17     120    (-,-) 
  g20146/z                     (u)     in_0->z R     unmapped_nand2         2   7.2     0    19     139    (-,-) 
  g20140/z                     (u)     in_0->z F     unmapped_complex2      2   6.4     0    19     158    (-,-) 
  g20617/z                     (u)     in_0->z R     unmapped_complex2      1   3.6     0    17     174    (-,-) 
  g20119/z                     (u)     in_1->z R     unmapped_complex2      1   3.6     0    17     191    (-,-) 
  g20112/z                     (u)     in_0->z F     unmapped_complex2      1   3.2     0    17     208    (-,-) 
  g20107/z                     (u)     in_1->z R     unmapped_nand2         1   3.6     0    17     224    (-,-) 
  g20098/z                     (u)     in_1->z R     unmapped_complex2      1   3.6     0    17     241    (-,-) 
  g20090/z                     (u)     in_0->z F     unmapped_nand2         1   3.2     0    17     258    (-,-) 
  g20088/z                     (u)     in_0->z R     unmapped_nand2         1   3.6     0    17     274    (-,-) 
  g20080/z                     (u)     in_0->z F     unmapped_nand2        60 192.0     0    62     336    (-,-) 
  g20022/z                     (u)     in_0->z R     unmapped_nand2         1   3.6     0    17     353    (-,-) 
  g19981/z                     (u)     in_1->z F     unmapped_nand2         5  16.0     0    28     380    (-,-) 
  g19855/z                     (u)     in_0->z F     unmapped_or2           1   3.2     0    17     397    (-,-) 
  g19856/z                     (u)     in_1->z R     unmapped_nand2         4  14.4     0    24     422    (-,-) 
  g20641/z                     (u)     in_1->z F     unmapped_complex2      1   3.2     0    17     438    (-,-) 
  g19761/z                     (u)     in_0->z R     unmapped_nand2         3  10.8     0    22     460    (-,-) 
  g19751/z                     (u)     in_1->z F     unmapped_nand2         1   3.2     0    17     476    (-,-) 
  g19658/z                     (u)     in_0->z R     unmapped_nand2         3  10.8     0    22     498    (-,-) 
  g19589/z                     (u)     in_1->z F     unmapped_nand2         1   3.2     0    17     514    (-,-) 
  g19565/z                     (u)     in_0->z R     unmapped_nand2         3  10.8     0    22     536    (-,-) 
  g20681/z                     (u)     in_0->z R     unmapped_complex2      1   3.6     0    17     553    (-,-) 
  g19489/z                     (u)     in_0->z F     unmapped_nand2         1   3.2     0    17     569    (-,-) 
  g20699/z                     (u)     in_0->z F     unmapped_complex2      1   3.2     0    17     586    (-,-) 
  g19440/z                     (u)     in_0->z R     unmapped_nand2         1   3.6     0    17     602    (-,-) 
  g19434/z                     (u)     in_1->z F     unmapped_nand2         3   9.6     0    22     624    (-,-) 
  g19421/z                     (u)     in_1->z F     unmapped_or2           6  19.2     0    30     654    (-,-) 
  g19398/z                     (u)     in_0->z F     unmapped_or2          14  44.8     0    42     696    (-,-) 
  g19339/z                     (u)     in_0->z F     unmapped_or2           1   3.2     0    17     713    (-,-) 
  g19306/z                     (u)     in_1->z R     unmapped_nand2         1   3.6     0    17     729    (-,-) 
  g20730/z                     (u)     in_0->z R     unmapped_complex2      3  10.8     0    22     751    (-,-) 
  g19248/z                     (u)     in_1->z F     unmapped_complex2      2   6.4     0    19     770    (-,-) 
  g18721/z                     (u)     in_1->z F     unmapped_or2           1   3.2     0    17     787    (-,-) 
  g19222/z                     (u)     in_0->z R     unmapped_complex2      1   3.6     0    17     803    (-,-) 
  g19215/z                     (u)     in_1->z F     unmapped_nand2         1   3.2     0    17     820    (-,-) 
  g19207/z                     (u)     in_1->z R     unmapped_nand2         1   3.6     0    17     836    (-,-) 
  g19196/z                     (u)     in_0->z F     unmapped_nand2         1   3.2     0    17     853    (-,-) 
  g19178/z                     (u)     in_1->z R     unmapped_nand2         1   3.6     0    17     870    (-,-) 
  g19164/z                     (u)     in_0->z F     unmapped_nand2         1   3.2     0    17     886    (-,-) 
  g19151/z                     (u)     in_0->z R     unmapped_nand2         1   3.6     0    17     903    (-,-) 
  g19128/z                     (u)     in_0->z F     unmapped_complex2      1   3.2     0    17     919    (-,-) 
  g20772/z                     (u)     in_0->z R     unmapped_complex2      1   3.6     0    17     936    (-,-) 
  g20773/z                     (u)     in_1->z F     unmapped_complex2      1   3.2     0    17     953    (-,-) 
  g20774/z                     (u)     in_1->z R     unmapped_complex2      1   3.6     0    17     969    (-,-) 
  g19124/z                     (u)     in_1->z F     unmapped_complex2      1   3.2     0    17     986    (-,-) 
  g19123/z                     (u)     in_0->z R     unmapped_complex2      1   3.6     0    17    1002    (-,-) 
  g19122/z                     (u)     in_0->z F     unmapped_complex2      1   3.2     0    17    1019    (-,-) 
  g20775/z                     (u)     in_0->z R     unmapped_complex2      1   3.6     0    17    1036    (-,-) 
  g20776/z                     (u)     in_1->z F     unmapped_complex2      1   3.2     0    17    1052    (-,-) 
  g20777/z                     (u)     in_1->z R     unmapped_complex2      1   3.6     0    17    1069    (-,-) 
  g19118/z                     (u)     in_1->z F     unmapped_complex2      1   3.2     0    17    1085    (-,-) 
  g19117/z                     (u)     in_1->z R     unmapped_nand2         1   3.6     0    17    1102    (-,-) 
  g19116/z                     (u)     in_1->z F     unmapped_nand2         1   3.2     0    17    1119    (-,-) 
  g19115/z                     (u)     in_0->z R     unmapped_nand2         1   3.6     0    17    1135    (-,-) 
  g20778/z                     (u)     in_0->z F     unmapped_complex2      4  12.8     0    24    1160    (-,-) 
  g19111/z                     (u)     in_0->z F     unmapped_or2          48 153.6     0    59    1218    (-,-) 
  g19082/z                     (u)     in_0->z F     unmapped_complex2      1   3.2     0    17    1235    (-,-) 
  g19005/z                     (u)     in_1->z R     unmapped_nand2         1   3.6     0    17    1252    (-,-) 
  g20793/z                     (u)     in_0->z R     unmapped_complex2      1   3.6     0    17    1268    (-,-) 
  smaller_mantissa_l_reg[18]/d -       -       R     unmapped_d_flop        1     -     -     0    1268    (-,-) 
#----------------------------------------------------------------------------------------------------------------

(u) : Net has unmapped pin(s).

Capture clock path:
#-------------------------------------------------------------------------------------------------------------
#         Timing Point           Flags   Arc   Edge      Cell        Fanout Load Trans Delay Arrival Instance 
#                                                                           (fF)  (ps)  (ps)   (ps)  Location 
#-------------------------------------------------------------------------------------------------------------
  clk                            (i,u)   -     R     (arrival)          100  0.0     0     0    1562    (-,-) 
  smaller_mantissa_l_reg[18]/clk <<<     -     R     unmapped_d_flop    100    -     1     0    1562    (-,-) 
#-------------------------------------------------------------------------------------------------------------



Path 31: MET (256 ps) Setup Check with Pin smaller_mantissa_l_reg[17]/clk->d
           View: view_1p2_25
          Group: clock1
     Startpoint: (R) fp1_in[23]
          Clock: (R) clock1
       Endpoint: (R) smaller_mantissa_l_reg[17]/d
          Clock: (R) clock1

                     Capture       Launch     
        Clock Edge:+    1562            0     
        Drv Adjust:+       0            0     
       Src Latency:+       0            0     
       Net Latency:+       0 (I)        0 (I) 
           Arrival:=    1562            0     
                                              
             Setup:-      38                  
       Uncertainty:-       0                  
     Required Time:=    1525                  
      Launch Clock:-       0                  
       Input Delay:-       1                  
         Data Path:-    1267                  
             Slack:=     256                  

Exceptions/Constraints:
  input_delay              1              add_fp16.sdc_line_20_12_1   

#----------------------------------------------------------------------------------------------------------------
#        Timing Point          Flags    Arc    Edge       Cell         Fanout  Load Trans Delay Arrival Instance 
#                                                                              (fF)  (ps)  (ps)   (ps)  Location 
#----------------------------------------------------------------------------------------------------------------
  fp1_in[23]                   (u)     -       R     (arrival)              5  18.0     0     0       1    (-,-) 
  g20582/z                     (u)     in_1->z R     unmapped_or2           2   7.2     0    19      20    (-,-) 
  g20589/z                     (u)     in_0->z R     unmapped_complex2      1   3.6     0    17      37    (-,-) 
  g20245/z                     (u)     in_0->z F     unmapped_complex2      1   3.2     0    17      53    (-,-) 
  g20210/z                     (u)     in_1->z R     unmapped_nand2         1   3.6     0    17      70    (-,-) 
  g20197/z                     (u)     in_1->z F     unmapped_nand2         1   3.2     0    17      86    (-,-) 
  g20180/z                     (u)     in_0->z R     unmapped_nand2         1   3.6     0    17     103    (-,-) 
  g20161/z                     (u)     in_0->z F     unmapped_nand2         1   3.2     0    17     120    (-,-) 
  g20146/z                     (u)     in_0->z R     unmapped_nand2         2   7.2     0    19     139    (-,-) 
  g20140/z                     (u)     in_0->z F     unmapped_complex2      2   6.4     0    19     158    (-,-) 
  g20617/z                     (u)     in_0->z R     unmapped_complex2      1   3.6     0    17     174    (-,-) 
  g20119/z                     (u)     in_1->z R     unmapped_complex2      1   3.6     0    17     191    (-,-) 
  g20112/z                     (u)     in_0->z F     unmapped_complex2      1   3.2     0    17     208    (-,-) 
  g20107/z                     (u)     in_1->z R     unmapped_nand2         1   3.6     0    17     224    (-,-) 
  g20098/z                     (u)     in_1->z R     unmapped_complex2      1   3.6     0    17     241    (-,-) 
  g20090/z                     (u)     in_0->z F     unmapped_nand2         1   3.2     0    17     258    (-,-) 
  g20088/z                     (u)     in_0->z R     unmapped_nand2         1   3.6     0    17     274    (-,-) 
  g20080/z                     (u)     in_0->z F     unmapped_nand2        60 192.0     0    62     336    (-,-) 
  g20022/z                     (u)     in_0->z R     unmapped_nand2         1   3.6     0    17     353    (-,-) 
  g19981/z                     (u)     in_1->z F     unmapped_nand2         5  16.0     0    28     380    (-,-) 
  g19855/z                     (u)     in_0->z F     unmapped_or2           1   3.2     0    17     397    (-,-) 
  g19856/z                     (u)     in_1->z R     unmapped_nand2         4  14.4     0    24     422    (-,-) 
  g20641/z                     (u)     in_1->z F     unmapped_complex2      1   3.2     0    17     438    (-,-) 
  g19761/z                     (u)     in_0->z R     unmapped_nand2         3  10.8     0    22     460    (-,-) 
  g19751/z                     (u)     in_1->z F     unmapped_nand2         1   3.2     0    17     476    (-,-) 
  g19658/z                     (u)     in_0->z R     unmapped_nand2         3  10.8     0    22     498    (-,-) 
  g19589/z                     (u)     in_1->z F     unmapped_nand2         1   3.2     0    17     514    (-,-) 
  g19565/z                     (u)     in_0->z R     unmapped_nand2         3  10.8     0    22     536    (-,-) 
  g20681/z                     (u)     in_0->z R     unmapped_complex2      1   3.6     0    17     553    (-,-) 
  g19489/z                     (u)     in_0->z F     unmapped_nand2         1   3.2     0    17     569    (-,-) 
  g20699/z                     (u)     in_0->z F     unmapped_complex2      1   3.2     0    17     586    (-,-) 
  g19440/z                     (u)     in_0->z R     unmapped_nand2         1   3.6     0    17     602    (-,-) 
  g19434/z                     (u)     in_1->z F     unmapped_nand2         3   9.6     0    22     624    (-,-) 
  g19421/z                     (u)     in_1->z F     unmapped_or2           6  19.2     0    30     654    (-,-) 
  g19398/z                     (u)     in_0->z F     unmapped_or2          14  44.8     0    42     696    (-,-) 
  g19339/z                     (u)     in_0->z F     unmapped_or2           1   3.2     0    17     713    (-,-) 
  g19306/z                     (u)     in_1->z R     unmapped_nand2         1   3.6     0    17     729    (-,-) 
  g20730/z                     (u)     in_0->z R     unmapped_complex2      3  10.8     0    22     751    (-,-) 
  g19248/z                     (u)     in_1->z F     unmapped_complex2      2   6.4     0    19     770    (-,-) 
  g18721/z                     (u)     in_1->z F     unmapped_or2           1   3.2     0    17     787    (-,-) 
  g19222/z                     (u)     in_0->z R     unmapped_complex2      1   3.6     0    17     803    (-,-) 
  g19215/z                     (u)     in_1->z F     unmapped_nand2         1   3.2     0    17     820    (-,-) 
  g19207/z                     (u)     in_1->z R     unmapped_nand2         1   3.6     0    17     836    (-,-) 
  g19196/z                     (u)     in_0->z F     unmapped_nand2         1   3.2     0    17     853    (-,-) 
  g19178/z                     (u)     in_1->z R     unmapped_nand2         1   3.6     0    17     870    (-,-) 
  g19164/z                     (u)     in_0->z F     unmapped_nand2         1   3.2     0    17     886    (-,-) 
  g19151/z                     (u)     in_0->z R     unmapped_nand2         1   3.6     0    17     903    (-,-) 
  g19128/z                     (u)     in_0->z F     unmapped_complex2      1   3.2     0    17     919    (-,-) 
  g20772/z                     (u)     in_0->z R     unmapped_complex2      1   3.6     0    17     936    (-,-) 
  g20773/z                     (u)     in_1->z F     unmapped_complex2      1   3.2     0    17     953    (-,-) 
  g20774/z                     (u)     in_1->z R     unmapped_complex2      1   3.6     0    17     969    (-,-) 
  g19124/z                     (u)     in_1->z F     unmapped_complex2      1   3.2     0    17     986    (-,-) 
  g19123/z                     (u)     in_0->z R     unmapped_complex2      1   3.6     0    17    1002    (-,-) 
  g19122/z                     (u)     in_0->z F     unmapped_complex2      1   3.2     0    17    1019    (-,-) 
  g20775/z                     (u)     in_0->z R     unmapped_complex2      1   3.6     0    17    1036    (-,-) 
  g20776/z                     (u)     in_1->z F     unmapped_complex2      1   3.2     0    17    1052    (-,-) 
  g20777/z                     (u)     in_1->z R     unmapped_complex2      1   3.6     0    17    1069    (-,-) 
  g19118/z                     (u)     in_1->z F     unmapped_complex2      1   3.2     0    17    1085    (-,-) 
  g19117/z                     (u)     in_1->z R     unmapped_nand2         1   3.6     0    17    1102    (-,-) 
  g19116/z                     (u)     in_1->z F     unmapped_nand2         1   3.2     0    17    1119    (-,-) 
  g19115/z                     (u)     in_0->z R     unmapped_nand2         1   3.6     0    17    1135    (-,-) 
  g20778/z                     (u)     in_0->z F     unmapped_complex2      4  12.8     0    24    1160    (-,-) 
  g19111/z                     (u)     in_0->z F     unmapped_or2          48 153.6     0    59    1218    (-,-) 
  g19102/z                     (u)     in_0->z F     unmapped_complex2      1   3.2     0    17    1235    (-,-) 
  g19000/z                     (u)     in_1->z R     unmapped_nand2         1   3.6     0    17    1252    (-,-) 
  g20802/z                     (u)     in_0->z R     unmapped_complex2      1   3.6     0    17    1268    (-,-) 
  smaller_mantissa_l_reg[17]/d -       -       R     unmapped_d_flop        1     -     -     0    1268    (-,-) 
#----------------------------------------------------------------------------------------------------------------

(u) : Net has unmapped pin(s).

Capture clock path:
#-------------------------------------------------------------------------------------------------------------
#         Timing Point           Flags   Arc   Edge      Cell        Fanout Load Trans Delay Arrival Instance 
#                                                                           (fF)  (ps)  (ps)   (ps)  Location 
#-------------------------------------------------------------------------------------------------------------
  clk                            (i,u)   -     R     (arrival)          100  0.0     0     0    1562    (-,-) 
  smaller_mantissa_l_reg[17]/clk <<<     -     R     unmapped_d_flop    100    -     1     0    1562    (-,-) 
#-------------------------------------------------------------------------------------------------------------



Path 32: MET (256 ps) Setup Check with Pin smaller_mantissa_l_reg[16]/clk->d
           View: view_1p2_25
          Group: clock1
     Startpoint: (R) fp1_in[23]
          Clock: (R) clock1
       Endpoint: (R) smaller_mantissa_l_reg[16]/d
          Clock: (R) clock1

                     Capture       Launch     
        Clock Edge:+    1562            0     
        Drv Adjust:+       0            0     
       Src Latency:+       0            0     
       Net Latency:+       0 (I)        0 (I) 
           Arrival:=    1562            0     
                                              
             Setup:-      38                  
       Uncertainty:-       0                  
     Required Time:=    1525                  
      Launch Clock:-       0                  
       Input Delay:-       1                  
         Data Path:-    1267                  
             Slack:=     256                  

Exceptions/Constraints:
  input_delay              1              add_fp16.sdc_line_20_12_1   

#----------------------------------------------------------------------------------------------------------------
#        Timing Point          Flags    Arc    Edge       Cell         Fanout  Load Trans Delay Arrival Instance 
#                                                                              (fF)  (ps)  (ps)   (ps)  Location 
#----------------------------------------------------------------------------------------------------------------
  fp1_in[23]                   (u)     -       R     (arrival)              5  18.0     0     0       1    (-,-) 
  g20582/z                     (u)     in_1->z R     unmapped_or2           2   7.2     0    19      20    (-,-) 
  g20589/z                     (u)     in_0->z R     unmapped_complex2      1   3.6     0    17      37    (-,-) 
  g20245/z                     (u)     in_0->z F     unmapped_complex2      1   3.2     0    17      53    (-,-) 
  g20210/z                     (u)     in_1->z R     unmapped_nand2         1   3.6     0    17      70    (-,-) 
  g20197/z                     (u)     in_1->z F     unmapped_nand2         1   3.2     0    17      86    (-,-) 
  g20180/z                     (u)     in_0->z R     unmapped_nand2         1   3.6     0    17     103    (-,-) 
  g20161/z                     (u)     in_0->z F     unmapped_nand2         1   3.2     0    17     120    (-,-) 
  g20146/z                     (u)     in_0->z R     unmapped_nand2         2   7.2     0    19     139    (-,-) 
  g20140/z                     (u)     in_0->z F     unmapped_complex2      2   6.4     0    19     158    (-,-) 
  g20617/z                     (u)     in_0->z R     unmapped_complex2      1   3.6     0    17     174    (-,-) 
  g20119/z                     (u)     in_1->z R     unmapped_complex2      1   3.6     0    17     191    (-,-) 
  g20112/z                     (u)     in_0->z F     unmapped_complex2      1   3.2     0    17     208    (-,-) 
  g20107/z                     (u)     in_1->z R     unmapped_nand2         1   3.6     0    17     224    (-,-) 
  g20098/z                     (u)     in_1->z R     unmapped_complex2      1   3.6     0    17     241    (-,-) 
  g20090/z                     (u)     in_0->z F     unmapped_nand2         1   3.2     0    17     258    (-,-) 
  g20088/z                     (u)     in_0->z R     unmapped_nand2         1   3.6     0    17     274    (-,-) 
  g20080/z                     (u)     in_0->z F     unmapped_nand2        60 192.0     0    62     336    (-,-) 
  g20022/z                     (u)     in_0->z R     unmapped_nand2         1   3.6     0    17     353    (-,-) 
  g19981/z                     (u)     in_1->z F     unmapped_nand2         5  16.0     0    28     380    (-,-) 
  g19855/z                     (u)     in_0->z F     unmapped_or2           1   3.2     0    17     397    (-,-) 
  g19856/z                     (u)     in_1->z R     unmapped_nand2         4  14.4     0    24     422    (-,-) 
  g20641/z                     (u)     in_1->z F     unmapped_complex2      1   3.2     0    17     438    (-,-) 
  g19761/z                     (u)     in_0->z R     unmapped_nand2         3  10.8     0    22     460    (-,-) 
  g19751/z                     (u)     in_1->z F     unmapped_nand2         1   3.2     0    17     476    (-,-) 
  g19658/z                     (u)     in_0->z R     unmapped_nand2         3  10.8     0    22     498    (-,-) 
  g19589/z                     (u)     in_1->z F     unmapped_nand2         1   3.2     0    17     514    (-,-) 
  g19565/z                     (u)     in_0->z R     unmapped_nand2         3  10.8     0    22     536    (-,-) 
  g20681/z                     (u)     in_0->z R     unmapped_complex2      1   3.6     0    17     553    (-,-) 
  g19489/z                     (u)     in_0->z F     unmapped_nand2         1   3.2     0    17     569    (-,-) 
  g20699/z                     (u)     in_0->z F     unmapped_complex2      1   3.2     0    17     586    (-,-) 
  g19440/z                     (u)     in_0->z R     unmapped_nand2         1   3.6     0    17     602    (-,-) 
  g19434/z                     (u)     in_1->z F     unmapped_nand2         3   9.6     0    22     624    (-,-) 
  g19421/z                     (u)     in_1->z F     unmapped_or2           6  19.2     0    30     654    (-,-) 
  g19398/z                     (u)     in_0->z F     unmapped_or2          14  44.8     0    42     696    (-,-) 
  g19339/z                     (u)     in_0->z F     unmapped_or2           1   3.2     0    17     713    (-,-) 
  g19306/z                     (u)     in_1->z R     unmapped_nand2         1   3.6     0    17     729    (-,-) 
  g20730/z                     (u)     in_0->z R     unmapped_complex2      3  10.8     0    22     751    (-,-) 
  g19248/z                     (u)     in_1->z F     unmapped_complex2      2   6.4     0    19     770    (-,-) 
  g18721/z                     (u)     in_1->z F     unmapped_or2           1   3.2     0    17     787    (-,-) 
  g19222/z                     (u)     in_0->z R     unmapped_complex2      1   3.6     0    17     803    (-,-) 
  g19215/z                     (u)     in_1->z F     unmapped_nand2         1   3.2     0    17     820    (-,-) 
  g19207/z                     (u)     in_1->z R     unmapped_nand2         1   3.6     0    17     836    (-,-) 
  g19196/z                     (u)     in_0->z F     unmapped_nand2         1   3.2     0    17     853    (-,-) 
  g19178/z                     (u)     in_1->z R     unmapped_nand2         1   3.6     0    17     870    (-,-) 
  g19164/z                     (u)     in_0->z F     unmapped_nand2         1   3.2     0    17     886    (-,-) 
  g19151/z                     (u)     in_0->z R     unmapped_nand2         1   3.6     0    17     903    (-,-) 
  g19128/z                     (u)     in_0->z F     unmapped_complex2      1   3.2     0    17     919    (-,-) 
  g20772/z                     (u)     in_0->z R     unmapped_complex2      1   3.6     0    17     936    (-,-) 
  g20773/z                     (u)     in_1->z F     unmapped_complex2      1   3.2     0    17     953    (-,-) 
  g20774/z                     (u)     in_1->z R     unmapped_complex2      1   3.6     0    17     969    (-,-) 
  g19124/z                     (u)     in_1->z F     unmapped_complex2      1   3.2     0    17     986    (-,-) 
  g19123/z                     (u)     in_0->z R     unmapped_complex2      1   3.6     0    17    1002    (-,-) 
  g19122/z                     (u)     in_0->z F     unmapped_complex2      1   3.2     0    17    1019    (-,-) 
  g20775/z                     (u)     in_0->z R     unmapped_complex2      1   3.6     0    17    1036    (-,-) 
  g20776/z                     (u)     in_1->z F     unmapped_complex2      1   3.2     0    17    1052    (-,-) 
  g20777/z                     (u)     in_1->z R     unmapped_complex2      1   3.6     0    17    1069    (-,-) 
  g19118/z                     (u)     in_1->z F     unmapped_complex2      1   3.2     0    17    1085    (-,-) 
  g19117/z                     (u)     in_1->z R     unmapped_nand2         1   3.6     0    17    1102    (-,-) 
  g19116/z                     (u)     in_1->z F     unmapped_nand2         1   3.2     0    17    1119    (-,-) 
  g19115/z                     (u)     in_0->z R     unmapped_nand2         1   3.6     0    17    1135    (-,-) 
  g20778/z                     (u)     in_0->z F     unmapped_complex2      4  12.8     0    24    1160    (-,-) 
  g19111/z                     (u)     in_0->z F     unmapped_or2          48 153.6     0    59    1218    (-,-) 
  g19016/z                     (u)     in_0->z F     unmapped_complex2      1   3.2     0    17    1235    (-,-) 
  g18967/z                     (u)     in_1->z R     unmapped_nand2         1   3.6     0    17    1252    (-,-) 
  g20825/z                     (u)     in_0->z R     unmapped_complex2      1   3.6     0    17    1268    (-,-) 
  smaller_mantissa_l_reg[16]/d -       -       R     unmapped_d_flop        1     -     -     0    1268    (-,-) 
#----------------------------------------------------------------------------------------------------------------

(u) : Net has unmapped pin(s).

Capture clock path:
#-------------------------------------------------------------------------------------------------------------
#         Timing Point           Flags   Arc   Edge      Cell        Fanout Load Trans Delay Arrival Instance 
#                                                                           (fF)  (ps)  (ps)   (ps)  Location 
#-------------------------------------------------------------------------------------------------------------
  clk                            (i,u)   -     R     (arrival)          100  0.0     0     0    1562    (-,-) 
  smaller_mantissa_l_reg[16]/clk <<<     -     R     unmapped_d_flop    100    -     1     0    1562    (-,-) 
#-------------------------------------------------------------------------------------------------------------



Path 33: MET (256 ps) Setup Check with Pin smaller_mantissa_l_reg[15]/clk->d
           View: view_1p2_25
          Group: clock1
     Startpoint: (R) fp1_in[23]
          Clock: (R) clock1
       Endpoint: (R) smaller_mantissa_l_reg[15]/d
          Clock: (R) clock1

                     Capture       Launch     
        Clock Edge:+    1562            0     
        Drv Adjust:+       0            0     
       Src Latency:+       0            0     
       Net Latency:+       0 (I)        0 (I) 
           Arrival:=    1562            0     
                                              
             Setup:-      38                  
       Uncertainty:-       0                  
     Required Time:=    1525                  
      Launch Clock:-       0                  
       Input Delay:-       1                  
         Data Path:-    1267                  
             Slack:=     256                  

Exceptions/Constraints:
  input_delay              1              add_fp16.sdc_line_20_12_1   

#----------------------------------------------------------------------------------------------------------------
#        Timing Point          Flags    Arc    Edge       Cell         Fanout  Load Trans Delay Arrival Instance 
#                                                                              (fF)  (ps)  (ps)   (ps)  Location 
#----------------------------------------------------------------------------------------------------------------
  fp1_in[23]                   (u)     -       R     (arrival)              5  18.0     0     0       1    (-,-) 
  g20582/z                     (u)     in_1->z R     unmapped_or2           2   7.2     0    19      20    (-,-) 
  g20589/z                     (u)     in_0->z R     unmapped_complex2      1   3.6     0    17      37    (-,-) 
  g20245/z                     (u)     in_0->z F     unmapped_complex2      1   3.2     0    17      53    (-,-) 
  g20210/z                     (u)     in_1->z R     unmapped_nand2         1   3.6     0    17      70    (-,-) 
  g20197/z                     (u)     in_1->z F     unmapped_nand2         1   3.2     0    17      86    (-,-) 
  g20180/z                     (u)     in_0->z R     unmapped_nand2         1   3.6     0    17     103    (-,-) 
  g20161/z                     (u)     in_0->z F     unmapped_nand2         1   3.2     0    17     120    (-,-) 
  g20146/z                     (u)     in_0->z R     unmapped_nand2         2   7.2     0    19     139    (-,-) 
  g20140/z                     (u)     in_0->z F     unmapped_complex2      2   6.4     0    19     158    (-,-) 
  g20617/z                     (u)     in_0->z R     unmapped_complex2      1   3.6     0    17     174    (-,-) 
  g20119/z                     (u)     in_1->z R     unmapped_complex2      1   3.6     0    17     191    (-,-) 
  g20112/z                     (u)     in_0->z F     unmapped_complex2      1   3.2     0    17     208    (-,-) 
  g20107/z                     (u)     in_1->z R     unmapped_nand2         1   3.6     0    17     224    (-,-) 
  g20098/z                     (u)     in_1->z R     unmapped_complex2      1   3.6     0    17     241    (-,-) 
  g20090/z                     (u)     in_0->z F     unmapped_nand2         1   3.2     0    17     258    (-,-) 
  g20088/z                     (u)     in_0->z R     unmapped_nand2         1   3.6     0    17     274    (-,-) 
  g20080/z                     (u)     in_0->z F     unmapped_nand2        60 192.0     0    62     336    (-,-) 
  g20022/z                     (u)     in_0->z R     unmapped_nand2         1   3.6     0    17     353    (-,-) 
  g19981/z                     (u)     in_1->z F     unmapped_nand2         5  16.0     0    28     380    (-,-) 
  g19855/z                     (u)     in_0->z F     unmapped_or2           1   3.2     0    17     397    (-,-) 
  g19856/z                     (u)     in_1->z R     unmapped_nand2         4  14.4     0    24     422    (-,-) 
  g20641/z                     (u)     in_1->z F     unmapped_complex2      1   3.2     0    17     438    (-,-) 
  g19761/z                     (u)     in_0->z R     unmapped_nand2         3  10.8     0    22     460    (-,-) 
  g19751/z                     (u)     in_1->z F     unmapped_nand2         1   3.2     0    17     476    (-,-) 
  g19658/z                     (u)     in_0->z R     unmapped_nand2         3  10.8     0    22     498    (-,-) 
  g19589/z                     (u)     in_1->z F     unmapped_nand2         1   3.2     0    17     514    (-,-) 
  g19565/z                     (u)     in_0->z R     unmapped_nand2         3  10.8     0    22     536    (-,-) 
  g20681/z                     (u)     in_0->z R     unmapped_complex2      1   3.6     0    17     553    (-,-) 
  g19489/z                     (u)     in_0->z F     unmapped_nand2         1   3.2     0    17     569    (-,-) 
  g20699/z                     (u)     in_0->z F     unmapped_complex2      1   3.2     0    17     586    (-,-) 
  g19440/z                     (u)     in_0->z R     unmapped_nand2         1   3.6     0    17     602    (-,-) 
  g19434/z                     (u)     in_1->z F     unmapped_nand2         3   9.6     0    22     624    (-,-) 
  g19421/z                     (u)     in_1->z F     unmapped_or2           6  19.2     0    30     654    (-,-) 
  g19398/z                     (u)     in_0->z F     unmapped_or2          14  44.8     0    42     696    (-,-) 
  g19339/z                     (u)     in_0->z F     unmapped_or2           1   3.2     0    17     713    (-,-) 
  g19306/z                     (u)     in_1->z R     unmapped_nand2         1   3.6     0    17     729    (-,-) 
  g20730/z                     (u)     in_0->z R     unmapped_complex2      3  10.8     0    22     751    (-,-) 
  g19248/z                     (u)     in_1->z F     unmapped_complex2      2   6.4     0    19     770    (-,-) 
  g18721/z                     (u)     in_1->z F     unmapped_or2           1   3.2     0    17     787    (-,-) 
  g19222/z                     (u)     in_0->z R     unmapped_complex2      1   3.6     0    17     803    (-,-) 
  g19215/z                     (u)     in_1->z F     unmapped_nand2         1   3.2     0    17     820    (-,-) 
  g19207/z                     (u)     in_1->z R     unmapped_nand2         1   3.6     0    17     836    (-,-) 
  g19196/z                     (u)     in_0->z F     unmapped_nand2         1   3.2     0    17     853    (-,-) 
  g19178/z                     (u)     in_1->z R     unmapped_nand2         1   3.6     0    17     870    (-,-) 
  g19164/z                     (u)     in_0->z F     unmapped_nand2         1   3.2     0    17     886    (-,-) 
  g19151/z                     (u)     in_0->z R     unmapped_nand2         1   3.6     0    17     903    (-,-) 
  g19128/z                     (u)     in_0->z F     unmapped_complex2      1   3.2     0    17     919    (-,-) 
  g20772/z                     (u)     in_0->z R     unmapped_complex2      1   3.6     0    17     936    (-,-) 
  g20773/z                     (u)     in_1->z F     unmapped_complex2      1   3.2     0    17     953    (-,-) 
  g20774/z                     (u)     in_1->z R     unmapped_complex2      1   3.6     0    17     969    (-,-) 
  g19124/z                     (u)     in_1->z F     unmapped_complex2      1   3.2     0    17     986    (-,-) 
  g19123/z                     (u)     in_0->z R     unmapped_complex2      1   3.6     0    17    1002    (-,-) 
  g19122/z                     (u)     in_0->z F     unmapped_complex2      1   3.2     0    17    1019    (-,-) 
  g20775/z                     (u)     in_0->z R     unmapped_complex2      1   3.6     0    17    1036    (-,-) 
  g20776/z                     (u)     in_1->z F     unmapped_complex2      1   3.2     0    17    1052    (-,-) 
  g20777/z                     (u)     in_1->z R     unmapped_complex2      1   3.6     0    17    1069    (-,-) 
  g19118/z                     (u)     in_1->z F     unmapped_complex2      1   3.2     0    17    1085    (-,-) 
  g19117/z                     (u)     in_1->z R     unmapped_nand2         1   3.6     0    17    1102    (-,-) 
  g19116/z                     (u)     in_1->z F     unmapped_nand2         1   3.2     0    17    1119    (-,-) 
  g19115/z                     (u)     in_0->z R     unmapped_nand2         1   3.6     0    17    1135    (-,-) 
  g20778/z                     (u)     in_0->z F     unmapped_complex2      4  12.8     0    24    1160    (-,-) 
  g19111/z                     (u)     in_0->z F     unmapped_or2          48 153.6     0    59    1218    (-,-) 
  g19074/z                     (u)     in_0->z F     unmapped_complex2      1   3.2     0    17    1235    (-,-) 
  g18995/z                     (u)     in_1->z R     unmapped_nand2         1   3.6     0    17    1252    (-,-) 
  g20794/z                     (u)     in_0->z R     unmapped_complex2      1   3.6     0    17    1268    (-,-) 
  smaller_mantissa_l_reg[15]/d -       -       R     unmapped_d_flop        1     -     -     0    1268    (-,-) 
#----------------------------------------------------------------------------------------------------------------

(u) : Net has unmapped pin(s).

Capture clock path:
#-------------------------------------------------------------------------------------------------------------
#         Timing Point           Flags   Arc   Edge      Cell        Fanout Load Trans Delay Arrival Instance 
#                                                                           (fF)  (ps)  (ps)   (ps)  Location 
#-------------------------------------------------------------------------------------------------------------
  clk                            (i,u)   -     R     (arrival)          100  0.0     0     0    1562    (-,-) 
  smaller_mantissa_l_reg[15]/clk <<<     -     R     unmapped_d_flop    100    -     1     0    1562    (-,-) 
#-------------------------------------------------------------------------------------------------------------



Path 34: MET (256 ps) Setup Check with Pin smaller_mantissa_l_reg[14]/clk->d
           View: view_1p2_25
          Group: clock1
     Startpoint: (R) fp1_in[23]
          Clock: (R) clock1
       Endpoint: (R) smaller_mantissa_l_reg[14]/d
          Clock: (R) clock1

                     Capture       Launch     
        Clock Edge:+    1562            0     
        Drv Adjust:+       0            0     
       Src Latency:+       0            0     
       Net Latency:+       0 (I)        0 (I) 
           Arrival:=    1562            0     
                                              
             Setup:-      38                  
       Uncertainty:-       0                  
     Required Time:=    1525                  
      Launch Clock:-       0                  
       Input Delay:-       1                  
         Data Path:-    1267                  
             Slack:=     256                  

Exceptions/Constraints:
  input_delay              1              add_fp16.sdc_line_20_12_1   

#----------------------------------------------------------------------------------------------------------------
#        Timing Point          Flags    Arc    Edge       Cell         Fanout  Load Trans Delay Arrival Instance 
#                                                                              (fF)  (ps)  (ps)   (ps)  Location 
#----------------------------------------------------------------------------------------------------------------
  fp1_in[23]                   (u)     -       R     (arrival)              5  18.0     0     0       1    (-,-) 
  g20582/z                     (u)     in_1->z R     unmapped_or2           2   7.2     0    19      20    (-,-) 
  g20589/z                     (u)     in_0->z R     unmapped_complex2      1   3.6     0    17      37    (-,-) 
  g20245/z                     (u)     in_0->z F     unmapped_complex2      1   3.2     0    17      53    (-,-) 
  g20210/z                     (u)     in_1->z R     unmapped_nand2         1   3.6     0    17      70    (-,-) 
  g20197/z                     (u)     in_1->z F     unmapped_nand2         1   3.2     0    17      86    (-,-) 
  g20180/z                     (u)     in_0->z R     unmapped_nand2         1   3.6     0    17     103    (-,-) 
  g20161/z                     (u)     in_0->z F     unmapped_nand2         1   3.2     0    17     120    (-,-) 
  g20146/z                     (u)     in_0->z R     unmapped_nand2         2   7.2     0    19     139    (-,-) 
  g20140/z                     (u)     in_0->z F     unmapped_complex2      2   6.4     0    19     158    (-,-) 
  g20617/z                     (u)     in_0->z R     unmapped_complex2      1   3.6     0    17     174    (-,-) 
  g20119/z                     (u)     in_1->z R     unmapped_complex2      1   3.6     0    17     191    (-,-) 
  g20112/z                     (u)     in_0->z F     unmapped_complex2      1   3.2     0    17     208    (-,-) 
  g20107/z                     (u)     in_1->z R     unmapped_nand2         1   3.6     0    17     224    (-,-) 
  g20098/z                     (u)     in_1->z R     unmapped_complex2      1   3.6     0    17     241    (-,-) 
  g20090/z                     (u)     in_0->z F     unmapped_nand2         1   3.2     0    17     258    (-,-) 
  g20088/z                     (u)     in_0->z R     unmapped_nand2         1   3.6     0    17     274    (-,-) 
  g20080/z                     (u)     in_0->z F     unmapped_nand2        60 192.0     0    62     336    (-,-) 
  g20022/z                     (u)     in_0->z R     unmapped_nand2         1   3.6     0    17     353    (-,-) 
  g19981/z                     (u)     in_1->z F     unmapped_nand2         5  16.0     0    28     380    (-,-) 
  g19855/z                     (u)     in_0->z F     unmapped_or2           1   3.2     0    17     397    (-,-) 
  g19856/z                     (u)     in_1->z R     unmapped_nand2         4  14.4     0    24     422    (-,-) 
  g20641/z                     (u)     in_1->z F     unmapped_complex2      1   3.2     0    17     438    (-,-) 
  g19761/z                     (u)     in_0->z R     unmapped_nand2         3  10.8     0    22     460    (-,-) 
  g19751/z                     (u)     in_1->z F     unmapped_nand2         1   3.2     0    17     476    (-,-) 
  g19658/z                     (u)     in_0->z R     unmapped_nand2         3  10.8     0    22     498    (-,-) 
  g19589/z                     (u)     in_1->z F     unmapped_nand2         1   3.2     0    17     514    (-,-) 
  g19565/z                     (u)     in_0->z R     unmapped_nand2         3  10.8     0    22     536    (-,-) 
  g20681/z                     (u)     in_0->z R     unmapped_complex2      1   3.6     0    17     553    (-,-) 
  g19489/z                     (u)     in_0->z F     unmapped_nand2         1   3.2     0    17     569    (-,-) 
  g20699/z                     (u)     in_0->z F     unmapped_complex2      1   3.2     0    17     586    (-,-) 
  g19440/z                     (u)     in_0->z R     unmapped_nand2         1   3.6     0    17     602    (-,-) 
  g19434/z                     (u)     in_1->z F     unmapped_nand2         3   9.6     0    22     624    (-,-) 
  g19421/z                     (u)     in_1->z F     unmapped_or2           6  19.2     0    30     654    (-,-) 
  g19398/z                     (u)     in_0->z F     unmapped_or2          14  44.8     0    42     696    (-,-) 
  g19339/z                     (u)     in_0->z F     unmapped_or2           1   3.2     0    17     713    (-,-) 
  g19306/z                     (u)     in_1->z R     unmapped_nand2         1   3.6     0    17     729    (-,-) 
  g20730/z                     (u)     in_0->z R     unmapped_complex2      3  10.8     0    22     751    (-,-) 
  g19248/z                     (u)     in_1->z F     unmapped_complex2      2   6.4     0    19     770    (-,-) 
  g18721/z                     (u)     in_1->z F     unmapped_or2           1   3.2     0    17     787    (-,-) 
  g19222/z                     (u)     in_0->z R     unmapped_complex2      1   3.6     0    17     803    (-,-) 
  g19215/z                     (u)     in_1->z F     unmapped_nand2         1   3.2     0    17     820    (-,-) 
  g19207/z                     (u)     in_1->z R     unmapped_nand2         1   3.6     0    17     836    (-,-) 
  g19196/z                     (u)     in_0->z F     unmapped_nand2         1   3.2     0    17     853    (-,-) 
  g19178/z                     (u)     in_1->z R     unmapped_nand2         1   3.6     0    17     870    (-,-) 
  g19164/z                     (u)     in_0->z F     unmapped_nand2         1   3.2     0    17     886    (-,-) 
  g19151/z                     (u)     in_0->z R     unmapped_nand2         1   3.6     0    17     903    (-,-) 
  g19128/z                     (u)     in_0->z F     unmapped_complex2      1   3.2     0    17     919    (-,-) 
  g20772/z                     (u)     in_0->z R     unmapped_complex2      1   3.6     0    17     936    (-,-) 
  g20773/z                     (u)     in_1->z F     unmapped_complex2      1   3.2     0    17     953    (-,-) 
  g20774/z                     (u)     in_1->z R     unmapped_complex2      1   3.6     0    17     969    (-,-) 
  g19124/z                     (u)     in_1->z F     unmapped_complex2      1   3.2     0    17     986    (-,-) 
  g19123/z                     (u)     in_0->z R     unmapped_complex2      1   3.6     0    17    1002    (-,-) 
  g19122/z                     (u)     in_0->z F     unmapped_complex2      1   3.2     0    17    1019    (-,-) 
  g20775/z                     (u)     in_0->z R     unmapped_complex2      1   3.6     0    17    1036    (-,-) 
  g20776/z                     (u)     in_1->z F     unmapped_complex2      1   3.2     0    17    1052    (-,-) 
  g20777/z                     (u)     in_1->z R     unmapped_complex2      1   3.6     0    17    1069    (-,-) 
  g19118/z                     (u)     in_1->z F     unmapped_complex2      1   3.2     0    17    1085    (-,-) 
  g19117/z                     (u)     in_1->z R     unmapped_nand2         1   3.6     0    17    1102    (-,-) 
  g19116/z                     (u)     in_1->z F     unmapped_nand2         1   3.2     0    17    1119    (-,-) 
  g19115/z                     (u)     in_0->z R     unmapped_nand2         1   3.6     0    17    1135    (-,-) 
  g20778/z                     (u)     in_0->z F     unmapped_complex2      4  12.8     0    24    1160    (-,-) 
  g19111/z                     (u)     in_0->z F     unmapped_or2          48 153.6     0    59    1218    (-,-) 
  g19063/z                     (u)     in_0->z F     unmapped_complex2      1   3.2     0    17    1235    (-,-) 
  g18979/z                     (u)     in_1->z R     unmapped_nand2         1   3.6     0    17    1252    (-,-) 
  g20795/z                     (u)     in_0->z R     unmapped_complex2      1   3.6     0    17    1268    (-,-) 
  smaller_mantissa_l_reg[14]/d -       -       R     unmapped_d_flop        1     -     -     0    1268    (-,-) 
#----------------------------------------------------------------------------------------------------------------

(u) : Net has unmapped pin(s).

Capture clock path:
#-------------------------------------------------------------------------------------------------------------
#         Timing Point           Flags   Arc   Edge      Cell        Fanout Load Trans Delay Arrival Instance 
#                                                                           (fF)  (ps)  (ps)   (ps)  Location 
#-------------------------------------------------------------------------------------------------------------
  clk                            (i,u)   -     R     (arrival)          100  0.0     0     0    1562    (-,-) 
  smaller_mantissa_l_reg[14]/clk <<<     -     R     unmapped_d_flop    100    -     1     0    1562    (-,-) 
#-------------------------------------------------------------------------------------------------------------



Path 35: MET (256 ps) Setup Check with Pin smaller_mantissa_l_reg[13]/clk->d
           View: view_1p2_25
          Group: clock1
     Startpoint: (R) fp1_in[23]
          Clock: (R) clock1
       Endpoint: (R) smaller_mantissa_l_reg[13]/d
          Clock: (R) clock1

                     Capture       Launch     
        Clock Edge:+    1562            0     
        Drv Adjust:+       0            0     
       Src Latency:+       0            0     
       Net Latency:+       0 (I)        0 (I) 
           Arrival:=    1562            0     
                                              
             Setup:-      38                  
       Uncertainty:-       0                  
     Required Time:=    1525                  
      Launch Clock:-       0                  
       Input Delay:-       1                  
         Data Path:-    1267                  
             Slack:=     256                  

Exceptions/Constraints:
  input_delay              1              add_fp16.sdc_line_20_12_1   

#----------------------------------------------------------------------------------------------------------------
#        Timing Point          Flags    Arc    Edge       Cell         Fanout  Load Trans Delay Arrival Instance 
#                                                                              (fF)  (ps)  (ps)   (ps)  Location 
#----------------------------------------------------------------------------------------------------------------
  fp1_in[23]                   (u)     -       R     (arrival)              5  18.0     0     0       1    (-,-) 
  g20582/z                     (u)     in_1->z R     unmapped_or2           2   7.2     0    19      20    (-,-) 
  g20589/z                     (u)     in_0->z R     unmapped_complex2      1   3.6     0    17      37    (-,-) 
  g20245/z                     (u)     in_0->z F     unmapped_complex2      1   3.2     0    17      53    (-,-) 
  g20210/z                     (u)     in_1->z R     unmapped_nand2         1   3.6     0    17      70    (-,-) 
  g20197/z                     (u)     in_1->z F     unmapped_nand2         1   3.2     0    17      86    (-,-) 
  g20180/z                     (u)     in_0->z R     unmapped_nand2         1   3.6     0    17     103    (-,-) 
  g20161/z                     (u)     in_0->z F     unmapped_nand2         1   3.2     0    17     120    (-,-) 
  g20146/z                     (u)     in_0->z R     unmapped_nand2         2   7.2     0    19     139    (-,-) 
  g20140/z                     (u)     in_0->z F     unmapped_complex2      2   6.4     0    19     158    (-,-) 
  g20617/z                     (u)     in_0->z R     unmapped_complex2      1   3.6     0    17     174    (-,-) 
  g20119/z                     (u)     in_1->z R     unmapped_complex2      1   3.6     0    17     191    (-,-) 
  g20112/z                     (u)     in_0->z F     unmapped_complex2      1   3.2     0    17     208    (-,-) 
  g20107/z                     (u)     in_1->z R     unmapped_nand2         1   3.6     0    17     224    (-,-) 
  g20098/z                     (u)     in_1->z R     unmapped_complex2      1   3.6     0    17     241    (-,-) 
  g20090/z                     (u)     in_0->z F     unmapped_nand2         1   3.2     0    17     258    (-,-) 
  g20088/z                     (u)     in_0->z R     unmapped_nand2         1   3.6     0    17     274    (-,-) 
  g20080/z                     (u)     in_0->z F     unmapped_nand2        60 192.0     0    62     336    (-,-) 
  g20022/z                     (u)     in_0->z R     unmapped_nand2         1   3.6     0    17     353    (-,-) 
  g19981/z                     (u)     in_1->z F     unmapped_nand2         5  16.0     0    28     380    (-,-) 
  g19855/z                     (u)     in_0->z F     unmapped_or2           1   3.2     0    17     397    (-,-) 
  g19856/z                     (u)     in_1->z R     unmapped_nand2         4  14.4     0    24     422    (-,-) 
  g20641/z                     (u)     in_1->z F     unmapped_complex2      1   3.2     0    17     438    (-,-) 
  g19761/z                     (u)     in_0->z R     unmapped_nand2         3  10.8     0    22     460    (-,-) 
  g19751/z                     (u)     in_1->z F     unmapped_nand2         1   3.2     0    17     476    (-,-) 
  g19658/z                     (u)     in_0->z R     unmapped_nand2         3  10.8     0    22     498    (-,-) 
  g19589/z                     (u)     in_1->z F     unmapped_nand2         1   3.2     0    17     514    (-,-) 
  g19565/z                     (u)     in_0->z R     unmapped_nand2         3  10.8     0    22     536    (-,-) 
  g20681/z                     (u)     in_0->z R     unmapped_complex2      1   3.6     0    17     553    (-,-) 
  g19489/z                     (u)     in_0->z F     unmapped_nand2         1   3.2     0    17     569    (-,-) 
  g20699/z                     (u)     in_0->z F     unmapped_complex2      1   3.2     0    17     586    (-,-) 
  g19440/z                     (u)     in_0->z R     unmapped_nand2         1   3.6     0    17     602    (-,-) 
  g19434/z                     (u)     in_1->z F     unmapped_nand2         3   9.6     0    22     624    (-,-) 
  g19421/z                     (u)     in_1->z F     unmapped_or2           6  19.2     0    30     654    (-,-) 
  g19398/z                     (u)     in_0->z F     unmapped_or2          14  44.8     0    42     696    (-,-) 
  g19339/z                     (u)     in_0->z F     unmapped_or2           1   3.2     0    17     713    (-,-) 
  g19306/z                     (u)     in_1->z R     unmapped_nand2         1   3.6     0    17     729    (-,-) 
  g20730/z                     (u)     in_0->z R     unmapped_complex2      3  10.8     0    22     751    (-,-) 
  g19248/z                     (u)     in_1->z F     unmapped_complex2      2   6.4     0    19     770    (-,-) 
  g18721/z                     (u)     in_1->z F     unmapped_or2           1   3.2     0    17     787    (-,-) 
  g19222/z                     (u)     in_0->z R     unmapped_complex2      1   3.6     0    17     803    (-,-) 
  g19215/z                     (u)     in_1->z F     unmapped_nand2         1   3.2     0    17     820    (-,-) 
  g19207/z                     (u)     in_1->z R     unmapped_nand2         1   3.6     0    17     836    (-,-) 
  g19196/z                     (u)     in_0->z F     unmapped_nand2         1   3.2     0    17     853    (-,-) 
  g19178/z                     (u)     in_1->z R     unmapped_nand2         1   3.6     0    17     870    (-,-) 
  g19164/z                     (u)     in_0->z F     unmapped_nand2         1   3.2     0    17     886    (-,-) 
  g19151/z                     (u)     in_0->z R     unmapped_nand2         1   3.6     0    17     903    (-,-) 
  g19128/z                     (u)     in_0->z F     unmapped_complex2      1   3.2     0    17     919    (-,-) 
  g20772/z                     (u)     in_0->z R     unmapped_complex2      1   3.6     0    17     936    (-,-) 
  g20773/z                     (u)     in_1->z F     unmapped_complex2      1   3.2     0    17     953    (-,-) 
  g20774/z                     (u)     in_1->z R     unmapped_complex2      1   3.6     0    17     969    (-,-) 
  g19124/z                     (u)     in_1->z F     unmapped_complex2      1   3.2     0    17     986    (-,-) 
  g19123/z                     (u)     in_0->z R     unmapped_complex2      1   3.6     0    17    1002    (-,-) 
  g19122/z                     (u)     in_0->z F     unmapped_complex2      1   3.2     0    17    1019    (-,-) 
  g20775/z                     (u)     in_0->z R     unmapped_complex2      1   3.6     0    17    1036    (-,-) 
  g20776/z                     (u)     in_1->z F     unmapped_complex2      1   3.2     0    17    1052    (-,-) 
  g20777/z                     (u)     in_1->z R     unmapped_complex2      1   3.6     0    17    1069    (-,-) 
  g19118/z                     (u)     in_1->z F     unmapped_complex2      1   3.2     0    17    1085    (-,-) 
  g19117/z                     (u)     in_1->z R     unmapped_nand2         1   3.6     0    17    1102    (-,-) 
  g19116/z                     (u)     in_1->z F     unmapped_nand2         1   3.2     0    17    1119    (-,-) 
  g19115/z                     (u)     in_0->z R     unmapped_nand2         1   3.6     0    17    1135    (-,-) 
  g20778/z                     (u)     in_0->z F     unmapped_complex2      4  12.8     0    24    1160    (-,-) 
  g19111/z                     (u)     in_0->z F     unmapped_or2          48 153.6     0    59    1218    (-,-) 
  g19083/z                     (u)     in_0->z F     unmapped_complex2      1   3.2     0    17    1235    (-,-) 
  g19009/z                     (u)     in_1->z R     unmapped_nand2         1   3.6     0    17    1252    (-,-) 
  g20807/z                     (u)     in_0->z R     unmapped_complex2      1   3.6     0    17    1268    (-,-) 
  smaller_mantissa_l_reg[13]/d -       -       R     unmapped_d_flop        1     -     -     0    1268    (-,-) 
#----------------------------------------------------------------------------------------------------------------

(u) : Net has unmapped pin(s).

Capture clock path:
#-------------------------------------------------------------------------------------------------------------
#         Timing Point           Flags   Arc   Edge      Cell        Fanout Load Trans Delay Arrival Instance 
#                                                                           (fF)  (ps)  (ps)   (ps)  Location 
#-------------------------------------------------------------------------------------------------------------
  clk                            (i,u)   -     R     (arrival)          100  0.0     0     0    1562    (-,-) 
  smaller_mantissa_l_reg[13]/clk <<<     -     R     unmapped_d_flop    100    -     1     0    1562    (-,-) 
#-------------------------------------------------------------------------------------------------------------



Path 36: MET (256 ps) Setup Check with Pin smaller_mantissa_l_reg[12]/clk->d
           View: view_1p2_25
          Group: clock1
     Startpoint: (R) fp1_in[23]
          Clock: (R) clock1
       Endpoint: (R) smaller_mantissa_l_reg[12]/d
          Clock: (R) clock1

                     Capture       Launch     
        Clock Edge:+    1562            0     
        Drv Adjust:+       0            0     
       Src Latency:+       0            0     
       Net Latency:+       0 (I)        0 (I) 
           Arrival:=    1562            0     
                                              
             Setup:-      38                  
       Uncertainty:-       0                  
     Required Time:=    1525                  
      Launch Clock:-       0                  
       Input Delay:-       1                  
         Data Path:-    1267                  
             Slack:=     256                  

Exceptions/Constraints:
  input_delay              1              add_fp16.sdc_line_20_12_1   

#----------------------------------------------------------------------------------------------------------------
#        Timing Point          Flags    Arc    Edge       Cell         Fanout  Load Trans Delay Arrival Instance 
#                                                                              (fF)  (ps)  (ps)   (ps)  Location 
#----------------------------------------------------------------------------------------------------------------
  fp1_in[23]                   (u)     -       R     (arrival)              5  18.0     0     0       1    (-,-) 
  g20582/z                     (u)     in_1->z R     unmapped_or2           2   7.2     0    19      20    (-,-) 
  g20589/z                     (u)     in_0->z R     unmapped_complex2      1   3.6     0    17      37    (-,-) 
  g20245/z                     (u)     in_0->z F     unmapped_complex2      1   3.2     0    17      53    (-,-) 
  g20210/z                     (u)     in_1->z R     unmapped_nand2         1   3.6     0    17      70    (-,-) 
  g20197/z                     (u)     in_1->z F     unmapped_nand2         1   3.2     0    17      86    (-,-) 
  g20180/z                     (u)     in_0->z R     unmapped_nand2         1   3.6     0    17     103    (-,-) 
  g20161/z                     (u)     in_0->z F     unmapped_nand2         1   3.2     0    17     120    (-,-) 
  g20146/z                     (u)     in_0->z R     unmapped_nand2         2   7.2     0    19     139    (-,-) 
  g20140/z                     (u)     in_0->z F     unmapped_complex2      2   6.4     0    19     158    (-,-) 
  g20617/z                     (u)     in_0->z R     unmapped_complex2      1   3.6     0    17     174    (-,-) 
  g20119/z                     (u)     in_1->z R     unmapped_complex2      1   3.6     0    17     191    (-,-) 
  g20112/z                     (u)     in_0->z F     unmapped_complex2      1   3.2     0    17     208    (-,-) 
  g20107/z                     (u)     in_1->z R     unmapped_nand2         1   3.6     0    17     224    (-,-) 
  g20098/z                     (u)     in_1->z R     unmapped_complex2      1   3.6     0    17     241    (-,-) 
  g20090/z                     (u)     in_0->z F     unmapped_nand2         1   3.2     0    17     258    (-,-) 
  g20088/z                     (u)     in_0->z R     unmapped_nand2         1   3.6     0    17     274    (-,-) 
  g20080/z                     (u)     in_0->z F     unmapped_nand2        60 192.0     0    62     336    (-,-) 
  g20022/z                     (u)     in_0->z R     unmapped_nand2         1   3.6     0    17     353    (-,-) 
  g19981/z                     (u)     in_1->z F     unmapped_nand2         5  16.0     0    28     380    (-,-) 
  g19855/z                     (u)     in_0->z F     unmapped_or2           1   3.2     0    17     397    (-,-) 
  g19856/z                     (u)     in_1->z R     unmapped_nand2         4  14.4     0    24     422    (-,-) 
  g20641/z                     (u)     in_1->z F     unmapped_complex2      1   3.2     0    17     438    (-,-) 
  g19761/z                     (u)     in_0->z R     unmapped_nand2         3  10.8     0    22     460    (-,-) 
  g19751/z                     (u)     in_1->z F     unmapped_nand2         1   3.2     0    17     476    (-,-) 
  g19658/z                     (u)     in_0->z R     unmapped_nand2         3  10.8     0    22     498    (-,-) 
  g19589/z                     (u)     in_1->z F     unmapped_nand2         1   3.2     0    17     514    (-,-) 
  g19565/z                     (u)     in_0->z R     unmapped_nand2         3  10.8     0    22     536    (-,-) 
  g20681/z                     (u)     in_0->z R     unmapped_complex2      1   3.6     0    17     553    (-,-) 
  g19489/z                     (u)     in_0->z F     unmapped_nand2         1   3.2     0    17     569    (-,-) 
  g20699/z                     (u)     in_0->z F     unmapped_complex2      1   3.2     0    17     586    (-,-) 
  g19440/z                     (u)     in_0->z R     unmapped_nand2         1   3.6     0    17     602    (-,-) 
  g19434/z                     (u)     in_1->z F     unmapped_nand2         3   9.6     0    22     624    (-,-) 
  g19421/z                     (u)     in_1->z F     unmapped_or2           6  19.2     0    30     654    (-,-) 
  g19398/z                     (u)     in_0->z F     unmapped_or2          14  44.8     0    42     696    (-,-) 
  g19339/z                     (u)     in_0->z F     unmapped_or2           1   3.2     0    17     713    (-,-) 
  g19306/z                     (u)     in_1->z R     unmapped_nand2         1   3.6     0    17     729    (-,-) 
  g20730/z                     (u)     in_0->z R     unmapped_complex2      3  10.8     0    22     751    (-,-) 
  g19248/z                     (u)     in_1->z F     unmapped_complex2      2   6.4     0    19     770    (-,-) 
  g18721/z                     (u)     in_1->z F     unmapped_or2           1   3.2     0    17     787    (-,-) 
  g19222/z                     (u)     in_0->z R     unmapped_complex2      1   3.6     0    17     803    (-,-) 
  g19215/z                     (u)     in_1->z F     unmapped_nand2         1   3.2     0    17     820    (-,-) 
  g19207/z                     (u)     in_1->z R     unmapped_nand2         1   3.6     0    17     836    (-,-) 
  g19196/z                     (u)     in_0->z F     unmapped_nand2         1   3.2     0    17     853    (-,-) 
  g19178/z                     (u)     in_1->z R     unmapped_nand2         1   3.6     0    17     870    (-,-) 
  g19164/z                     (u)     in_0->z F     unmapped_nand2         1   3.2     0    17     886    (-,-) 
  g19151/z                     (u)     in_0->z R     unmapped_nand2         1   3.6     0    17     903    (-,-) 
  g19128/z                     (u)     in_0->z F     unmapped_complex2      1   3.2     0    17     919    (-,-) 
  g20772/z                     (u)     in_0->z R     unmapped_complex2      1   3.6     0    17     936    (-,-) 
  g20773/z                     (u)     in_1->z F     unmapped_complex2      1   3.2     0    17     953    (-,-) 
  g20774/z                     (u)     in_1->z R     unmapped_complex2      1   3.6     0    17     969    (-,-) 
  g19124/z                     (u)     in_1->z F     unmapped_complex2      1   3.2     0    17     986    (-,-) 
  g19123/z                     (u)     in_0->z R     unmapped_complex2      1   3.6     0    17    1002    (-,-) 
  g19122/z                     (u)     in_0->z F     unmapped_complex2      1   3.2     0    17    1019    (-,-) 
  g20775/z                     (u)     in_0->z R     unmapped_complex2      1   3.6     0    17    1036    (-,-) 
  g20776/z                     (u)     in_1->z F     unmapped_complex2      1   3.2     0    17    1052    (-,-) 
  g20777/z                     (u)     in_1->z R     unmapped_complex2      1   3.6     0    17    1069    (-,-) 
  g19118/z                     (u)     in_1->z F     unmapped_complex2      1   3.2     0    17    1085    (-,-) 
  g19117/z                     (u)     in_1->z R     unmapped_nand2         1   3.6     0    17    1102    (-,-) 
  g19116/z                     (u)     in_1->z F     unmapped_nand2         1   3.2     0    17    1119    (-,-) 
  g19115/z                     (u)     in_0->z R     unmapped_nand2         1   3.6     0    17    1135    (-,-) 
  g20778/z                     (u)     in_0->z F     unmapped_complex2      4  12.8     0    24    1160    (-,-) 
  g19111/z                     (u)     in_0->z F     unmapped_or2          48 153.6     0    59    1218    (-,-) 
  g19060/z                     (u)     in_0->z F     unmapped_complex2      1   3.2     0    17    1235    (-,-) 
  g18970/z                     (u)     in_1->z R     unmapped_nand2         1   3.6     0    17    1252    (-,-) 
  g20812/z                     (u)     in_0->z R     unmapped_complex2      1   3.6     0    17    1268    (-,-) 
  smaller_mantissa_l_reg[12]/d -       -       R     unmapped_d_flop        1     -     -     0    1268    (-,-) 
#----------------------------------------------------------------------------------------------------------------

(u) : Net has unmapped pin(s).

Capture clock path:
#-------------------------------------------------------------------------------------------------------------
#         Timing Point           Flags   Arc   Edge      Cell        Fanout Load Trans Delay Arrival Instance 
#                                                                           (fF)  (ps)  (ps)   (ps)  Location 
#-------------------------------------------------------------------------------------------------------------
  clk                            (i,u)   -     R     (arrival)          100  0.0     0     0    1562    (-,-) 
  smaller_mantissa_l_reg[12]/clk <<<     -     R     unmapped_d_flop    100    -     1     0    1562    (-,-) 
#-------------------------------------------------------------------------------------------------------------



Path 37: MET (256 ps) Setup Check with Pin smaller_mantissa_l_reg[11]/clk->d
           View: view_1p2_25
          Group: clock1
     Startpoint: (R) fp1_in[23]
          Clock: (R) clock1
       Endpoint: (R) smaller_mantissa_l_reg[11]/d
          Clock: (R) clock1

                     Capture       Launch     
        Clock Edge:+    1562            0     
        Drv Adjust:+       0            0     
       Src Latency:+       0            0     
       Net Latency:+       0 (I)        0 (I) 
           Arrival:=    1562            0     
                                              
             Setup:-      38                  
       Uncertainty:-       0                  
     Required Time:=    1525                  
      Launch Clock:-       0                  
       Input Delay:-       1                  
         Data Path:-    1267                  
             Slack:=     256                  

Exceptions/Constraints:
  input_delay              1              add_fp16.sdc_line_20_12_1   

#----------------------------------------------------------------------------------------------------------------
#        Timing Point          Flags    Arc    Edge       Cell         Fanout  Load Trans Delay Arrival Instance 
#                                                                              (fF)  (ps)  (ps)   (ps)  Location 
#----------------------------------------------------------------------------------------------------------------
  fp1_in[23]                   (u)     -       R     (arrival)              5  18.0     0     0       1    (-,-) 
  g20582/z                     (u)     in_1->z R     unmapped_or2           2   7.2     0    19      20    (-,-) 
  g20589/z                     (u)     in_0->z R     unmapped_complex2      1   3.6     0    17      37    (-,-) 
  g20245/z                     (u)     in_0->z F     unmapped_complex2      1   3.2     0    17      53    (-,-) 
  g20210/z                     (u)     in_1->z R     unmapped_nand2         1   3.6     0    17      70    (-,-) 
  g20197/z                     (u)     in_1->z F     unmapped_nand2         1   3.2     0    17      86    (-,-) 
  g20180/z                     (u)     in_0->z R     unmapped_nand2         1   3.6     0    17     103    (-,-) 
  g20161/z                     (u)     in_0->z F     unmapped_nand2         1   3.2     0    17     120    (-,-) 
  g20146/z                     (u)     in_0->z R     unmapped_nand2         2   7.2     0    19     139    (-,-) 
  g20140/z                     (u)     in_0->z F     unmapped_complex2      2   6.4     0    19     158    (-,-) 
  g20617/z                     (u)     in_0->z R     unmapped_complex2      1   3.6     0    17     174    (-,-) 
  g20119/z                     (u)     in_1->z R     unmapped_complex2      1   3.6     0    17     191    (-,-) 
  g20112/z                     (u)     in_0->z F     unmapped_complex2      1   3.2     0    17     208    (-,-) 
  g20107/z                     (u)     in_1->z R     unmapped_nand2         1   3.6     0    17     224    (-,-) 
  g20098/z                     (u)     in_1->z R     unmapped_complex2      1   3.6     0    17     241    (-,-) 
  g20090/z                     (u)     in_0->z F     unmapped_nand2         1   3.2     0    17     258    (-,-) 
  g20088/z                     (u)     in_0->z R     unmapped_nand2         1   3.6     0    17     274    (-,-) 
  g20080/z                     (u)     in_0->z F     unmapped_nand2        60 192.0     0    62     336    (-,-) 
  g20022/z                     (u)     in_0->z R     unmapped_nand2         1   3.6     0    17     353    (-,-) 
  g19981/z                     (u)     in_1->z F     unmapped_nand2         5  16.0     0    28     380    (-,-) 
  g19855/z                     (u)     in_0->z F     unmapped_or2           1   3.2     0    17     397    (-,-) 
  g19856/z                     (u)     in_1->z R     unmapped_nand2         4  14.4     0    24     422    (-,-) 
  g20641/z                     (u)     in_1->z F     unmapped_complex2      1   3.2     0    17     438    (-,-) 
  g19761/z                     (u)     in_0->z R     unmapped_nand2         3  10.8     0    22     460    (-,-) 
  g19751/z                     (u)     in_1->z F     unmapped_nand2         1   3.2     0    17     476    (-,-) 
  g19658/z                     (u)     in_0->z R     unmapped_nand2         3  10.8     0    22     498    (-,-) 
  g19589/z                     (u)     in_1->z F     unmapped_nand2         1   3.2     0    17     514    (-,-) 
  g19565/z                     (u)     in_0->z R     unmapped_nand2         3  10.8     0    22     536    (-,-) 
  g20681/z                     (u)     in_0->z R     unmapped_complex2      1   3.6     0    17     553    (-,-) 
  g19489/z                     (u)     in_0->z F     unmapped_nand2         1   3.2     0    17     569    (-,-) 
  g20699/z                     (u)     in_0->z F     unmapped_complex2      1   3.2     0    17     586    (-,-) 
  g19440/z                     (u)     in_0->z R     unmapped_nand2         1   3.6     0    17     602    (-,-) 
  g19434/z                     (u)     in_1->z F     unmapped_nand2         3   9.6     0    22     624    (-,-) 
  g19421/z                     (u)     in_1->z F     unmapped_or2           6  19.2     0    30     654    (-,-) 
  g19398/z                     (u)     in_0->z F     unmapped_or2          14  44.8     0    42     696    (-,-) 
  g19339/z                     (u)     in_0->z F     unmapped_or2           1   3.2     0    17     713    (-,-) 
  g19306/z                     (u)     in_1->z R     unmapped_nand2         1   3.6     0    17     729    (-,-) 
  g20730/z                     (u)     in_0->z R     unmapped_complex2      3  10.8     0    22     751    (-,-) 
  g19248/z                     (u)     in_1->z F     unmapped_complex2      2   6.4     0    19     770    (-,-) 
  g18721/z                     (u)     in_1->z F     unmapped_or2           1   3.2     0    17     787    (-,-) 
  g19222/z                     (u)     in_0->z R     unmapped_complex2      1   3.6     0    17     803    (-,-) 
  g19215/z                     (u)     in_1->z F     unmapped_nand2         1   3.2     0    17     820    (-,-) 
  g19207/z                     (u)     in_1->z R     unmapped_nand2         1   3.6     0    17     836    (-,-) 
  g19196/z                     (u)     in_0->z F     unmapped_nand2         1   3.2     0    17     853    (-,-) 
  g19178/z                     (u)     in_1->z R     unmapped_nand2         1   3.6     0    17     870    (-,-) 
  g19164/z                     (u)     in_0->z F     unmapped_nand2         1   3.2     0    17     886    (-,-) 
  g19151/z                     (u)     in_0->z R     unmapped_nand2         1   3.6     0    17     903    (-,-) 
  g19128/z                     (u)     in_0->z F     unmapped_complex2      1   3.2     0    17     919    (-,-) 
  g20772/z                     (u)     in_0->z R     unmapped_complex2      1   3.6     0    17     936    (-,-) 
  g20773/z                     (u)     in_1->z F     unmapped_complex2      1   3.2     0    17     953    (-,-) 
  g20774/z                     (u)     in_1->z R     unmapped_complex2      1   3.6     0    17     969    (-,-) 
  g19124/z                     (u)     in_1->z F     unmapped_complex2      1   3.2     0    17     986    (-,-) 
  g19123/z                     (u)     in_0->z R     unmapped_complex2      1   3.6     0    17    1002    (-,-) 
  g19122/z                     (u)     in_0->z F     unmapped_complex2      1   3.2     0    17    1019    (-,-) 
  g20775/z                     (u)     in_0->z R     unmapped_complex2      1   3.6     0    17    1036    (-,-) 
  g20776/z                     (u)     in_1->z F     unmapped_complex2      1   3.2     0    17    1052    (-,-) 
  g20777/z                     (u)     in_1->z R     unmapped_complex2      1   3.6     0    17    1069    (-,-) 
  g19118/z                     (u)     in_1->z F     unmapped_complex2      1   3.2     0    17    1085    (-,-) 
  g19117/z                     (u)     in_1->z R     unmapped_nand2         1   3.6     0    17    1102    (-,-) 
  g19116/z                     (u)     in_1->z F     unmapped_nand2         1   3.2     0    17    1119    (-,-) 
  g19115/z                     (u)     in_0->z R     unmapped_nand2         1   3.6     0    17    1135    (-,-) 
  g20778/z                     (u)     in_0->z F     unmapped_complex2      4  12.8     0    24    1160    (-,-) 
  g19111/z                     (u)     in_0->z F     unmapped_or2          48 153.6     0    59    1218    (-,-) 
  g19098/z                     (u)     in_0->z F     unmapped_complex2      1   3.2     0    17    1235    (-,-) 
  g18992/z                     (u)     in_1->z R     unmapped_nand2         1   3.6     0    17    1252    (-,-) 
  g20826/z                     (u)     in_0->z R     unmapped_complex2      1   3.6     0    17    1268    (-,-) 
  smaller_mantissa_l_reg[11]/d -       -       R     unmapped_d_flop        1     -     -     0    1268    (-,-) 
#----------------------------------------------------------------------------------------------------------------

(u) : Net has unmapped pin(s).

Capture clock path:
#-------------------------------------------------------------------------------------------------------------
#         Timing Point           Flags   Arc   Edge      Cell        Fanout Load Trans Delay Arrival Instance 
#                                                                           (fF)  (ps)  (ps)   (ps)  Location 
#-------------------------------------------------------------------------------------------------------------
  clk                            (i,u)   -     R     (arrival)          100  0.0     0     0    1562    (-,-) 
  smaller_mantissa_l_reg[11]/clk <<<     -     R     unmapped_d_flop    100    -     1     0    1562    (-,-) 
#-------------------------------------------------------------------------------------------------------------



Path 38: MET (256 ps) Setup Check with Pin smaller_mantissa_l_reg[10]/clk->d
           View: view_1p2_25
          Group: clock1
     Startpoint: (R) fp1_in[23]
          Clock: (R) clock1
       Endpoint: (R) smaller_mantissa_l_reg[10]/d
          Clock: (R) clock1

                     Capture       Launch     
        Clock Edge:+    1562            0     
        Drv Adjust:+       0            0     
       Src Latency:+       0            0     
       Net Latency:+       0 (I)        0 (I) 
           Arrival:=    1562            0     
                                              
             Setup:-      38                  
       Uncertainty:-       0                  
     Required Time:=    1525                  
      Launch Clock:-       0                  
       Input Delay:-       1                  
         Data Path:-    1267                  
             Slack:=     256                  

Exceptions/Constraints:
  input_delay              1              add_fp16.sdc_line_20_12_1   

#----------------------------------------------------------------------------------------------------------------
#        Timing Point          Flags    Arc    Edge       Cell         Fanout  Load Trans Delay Arrival Instance 
#                                                                              (fF)  (ps)  (ps)   (ps)  Location 
#----------------------------------------------------------------------------------------------------------------
  fp1_in[23]                   (u)     -       R     (arrival)              5  18.0     0     0       1    (-,-) 
  g20582/z                     (u)     in_1->z R     unmapped_or2           2   7.2     0    19      20    (-,-) 
  g20589/z                     (u)     in_0->z R     unmapped_complex2      1   3.6     0    17      37    (-,-) 
  g20245/z                     (u)     in_0->z F     unmapped_complex2      1   3.2     0    17      53    (-,-) 
  g20210/z                     (u)     in_1->z R     unmapped_nand2         1   3.6     0    17      70    (-,-) 
  g20197/z                     (u)     in_1->z F     unmapped_nand2         1   3.2     0    17      86    (-,-) 
  g20180/z                     (u)     in_0->z R     unmapped_nand2         1   3.6     0    17     103    (-,-) 
  g20161/z                     (u)     in_0->z F     unmapped_nand2         1   3.2     0    17     120    (-,-) 
  g20146/z                     (u)     in_0->z R     unmapped_nand2         2   7.2     0    19     139    (-,-) 
  g20140/z                     (u)     in_0->z F     unmapped_complex2      2   6.4     0    19     158    (-,-) 
  g20617/z                     (u)     in_0->z R     unmapped_complex2      1   3.6     0    17     174    (-,-) 
  g20119/z                     (u)     in_1->z R     unmapped_complex2      1   3.6     0    17     191    (-,-) 
  g20112/z                     (u)     in_0->z F     unmapped_complex2      1   3.2     0    17     208    (-,-) 
  g20107/z                     (u)     in_1->z R     unmapped_nand2         1   3.6     0    17     224    (-,-) 
  g20098/z                     (u)     in_1->z R     unmapped_complex2      1   3.6     0    17     241    (-,-) 
  g20090/z                     (u)     in_0->z F     unmapped_nand2         1   3.2     0    17     258    (-,-) 
  g20088/z                     (u)     in_0->z R     unmapped_nand2         1   3.6     0    17     274    (-,-) 
  g20080/z                     (u)     in_0->z F     unmapped_nand2        60 192.0     0    62     336    (-,-) 
  g20022/z                     (u)     in_0->z R     unmapped_nand2         1   3.6     0    17     353    (-,-) 
  g19981/z                     (u)     in_1->z F     unmapped_nand2         5  16.0     0    28     380    (-,-) 
  g19855/z                     (u)     in_0->z F     unmapped_or2           1   3.2     0    17     397    (-,-) 
  g19856/z                     (u)     in_1->z R     unmapped_nand2         4  14.4     0    24     422    (-,-) 
  g20641/z                     (u)     in_1->z F     unmapped_complex2      1   3.2     0    17     438    (-,-) 
  g19761/z                     (u)     in_0->z R     unmapped_nand2         3  10.8     0    22     460    (-,-) 
  g19751/z                     (u)     in_1->z F     unmapped_nand2         1   3.2     0    17     476    (-,-) 
  g19658/z                     (u)     in_0->z R     unmapped_nand2         3  10.8     0    22     498    (-,-) 
  g19589/z                     (u)     in_1->z F     unmapped_nand2         1   3.2     0    17     514    (-,-) 
  g19565/z                     (u)     in_0->z R     unmapped_nand2         3  10.8     0    22     536    (-,-) 
  g20681/z                     (u)     in_0->z R     unmapped_complex2      1   3.6     0    17     553    (-,-) 
  g19489/z                     (u)     in_0->z F     unmapped_nand2         1   3.2     0    17     569    (-,-) 
  g20699/z                     (u)     in_0->z F     unmapped_complex2      1   3.2     0    17     586    (-,-) 
  g19440/z                     (u)     in_0->z R     unmapped_nand2         1   3.6     0    17     602    (-,-) 
  g19434/z                     (u)     in_1->z F     unmapped_nand2         3   9.6     0    22     624    (-,-) 
  g19421/z                     (u)     in_1->z F     unmapped_or2           6  19.2     0    30     654    (-,-) 
  g19398/z                     (u)     in_0->z F     unmapped_or2          14  44.8     0    42     696    (-,-) 
  g19339/z                     (u)     in_0->z F     unmapped_or2           1   3.2     0    17     713    (-,-) 
  g19306/z                     (u)     in_1->z R     unmapped_nand2         1   3.6     0    17     729    (-,-) 
  g20730/z                     (u)     in_0->z R     unmapped_complex2      3  10.8     0    22     751    (-,-) 
  g19248/z                     (u)     in_1->z F     unmapped_complex2      2   6.4     0    19     770    (-,-) 
  g18721/z                     (u)     in_1->z F     unmapped_or2           1   3.2     0    17     787    (-,-) 
  g19222/z                     (u)     in_0->z R     unmapped_complex2      1   3.6     0    17     803    (-,-) 
  g19215/z                     (u)     in_1->z F     unmapped_nand2         1   3.2     0    17     820    (-,-) 
  g19207/z                     (u)     in_1->z R     unmapped_nand2         1   3.6     0    17     836    (-,-) 
  g19196/z                     (u)     in_0->z F     unmapped_nand2         1   3.2     0    17     853    (-,-) 
  g19178/z                     (u)     in_1->z R     unmapped_nand2         1   3.6     0    17     870    (-,-) 
  g19164/z                     (u)     in_0->z F     unmapped_nand2         1   3.2     0    17     886    (-,-) 
  g19151/z                     (u)     in_0->z R     unmapped_nand2         1   3.6     0    17     903    (-,-) 
  g19128/z                     (u)     in_0->z F     unmapped_complex2      1   3.2     0    17     919    (-,-) 
  g20772/z                     (u)     in_0->z R     unmapped_complex2      1   3.6     0    17     936    (-,-) 
  g20773/z                     (u)     in_1->z F     unmapped_complex2      1   3.2     0    17     953    (-,-) 
  g20774/z                     (u)     in_1->z R     unmapped_complex2      1   3.6     0    17     969    (-,-) 
  g19124/z                     (u)     in_1->z F     unmapped_complex2      1   3.2     0    17     986    (-,-) 
  g19123/z                     (u)     in_0->z R     unmapped_complex2      1   3.6     0    17    1002    (-,-) 
  g19122/z                     (u)     in_0->z F     unmapped_complex2      1   3.2     0    17    1019    (-,-) 
  g20775/z                     (u)     in_0->z R     unmapped_complex2      1   3.6     0    17    1036    (-,-) 
  g20776/z                     (u)     in_1->z F     unmapped_complex2      1   3.2     0    17    1052    (-,-) 
  g20777/z                     (u)     in_1->z R     unmapped_complex2      1   3.6     0    17    1069    (-,-) 
  g19118/z                     (u)     in_1->z F     unmapped_complex2      1   3.2     0    17    1085    (-,-) 
  g19117/z                     (u)     in_1->z R     unmapped_nand2         1   3.6     0    17    1102    (-,-) 
  g19116/z                     (u)     in_1->z F     unmapped_nand2         1   3.2     0    17    1119    (-,-) 
  g19115/z                     (u)     in_0->z R     unmapped_nand2         1   3.6     0    17    1135    (-,-) 
  g20778/z                     (u)     in_0->z F     unmapped_complex2      4  12.8     0    24    1160    (-,-) 
  g19111/z                     (u)     in_0->z F     unmapped_or2          48 153.6     0    59    1218    (-,-) 
  g19055/z                     (u)     in_0->z F     unmapped_complex2      1   3.2     0    17    1235    (-,-) 
  g18960/z                     (u)     in_1->z R     unmapped_nand2         1   3.6     0    17    1252    (-,-) 
  g20796/z                     (u)     in_0->z R     unmapped_complex2      1   3.6     0    17    1268    (-,-) 
  smaller_mantissa_l_reg[10]/d -       -       R     unmapped_d_flop        1     -     -     0    1268    (-,-) 
#----------------------------------------------------------------------------------------------------------------

(u) : Net has unmapped pin(s).

Capture clock path:
#-------------------------------------------------------------------------------------------------------------
#         Timing Point           Flags   Arc   Edge      Cell        Fanout Load Trans Delay Arrival Instance 
#                                                                           (fF)  (ps)  (ps)   (ps)  Location 
#-------------------------------------------------------------------------------------------------------------
  clk                            (i,u)   -     R     (arrival)          100  0.0     0     0    1562    (-,-) 
  smaller_mantissa_l_reg[10]/clk <<<     -     R     unmapped_d_flop    100    -     1     0    1562    (-,-) 
#-------------------------------------------------------------------------------------------------------------



Path 39: MET (256 ps) Setup Check with Pin smaller_mantissa_l_reg[9]/clk->d
           View: view_1p2_25
          Group: clock1
     Startpoint: (R) fp1_in[23]
          Clock: (R) clock1
       Endpoint: (R) smaller_mantissa_l_reg[9]/d
          Clock: (R) clock1

                     Capture       Launch     
        Clock Edge:+    1562            0     
        Drv Adjust:+       0            0     
       Src Latency:+       0            0     
       Net Latency:+       0 (I)        0 (I) 
           Arrival:=    1562            0     
                                              
             Setup:-      38                  
       Uncertainty:-       0                  
     Required Time:=    1525                  
      Launch Clock:-       0                  
       Input Delay:-       1                  
         Data Path:-    1267                  
             Slack:=     256                  

Exceptions/Constraints:
  input_delay              1              add_fp16.sdc_line_20_12_1   

#---------------------------------------------------------------------------------------------------------------
#        Timing Point         Flags    Arc    Edge       Cell         Fanout  Load Trans Delay Arrival Instance 
#                                                                             (fF)  (ps)  (ps)   (ps)  Location 
#---------------------------------------------------------------------------------------------------------------
  fp1_in[23]                  (u)     -       R     (arrival)              5  18.0     0     0       1    (-,-) 
  g20582/z                    (u)     in_1->z R     unmapped_or2           2   7.2     0    19      20    (-,-) 
  g20589/z                    (u)     in_0->z R     unmapped_complex2      1   3.6     0    17      37    (-,-) 
  g20245/z                    (u)     in_0->z F     unmapped_complex2      1   3.2     0    17      53    (-,-) 
  g20210/z                    (u)     in_1->z R     unmapped_nand2         1   3.6     0    17      70    (-,-) 
  g20197/z                    (u)     in_1->z F     unmapped_nand2         1   3.2     0    17      86    (-,-) 
  g20180/z                    (u)     in_0->z R     unmapped_nand2         1   3.6     0    17     103    (-,-) 
  g20161/z                    (u)     in_0->z F     unmapped_nand2         1   3.2     0    17     120    (-,-) 
  g20146/z                    (u)     in_0->z R     unmapped_nand2         2   7.2     0    19     139    (-,-) 
  g20140/z                    (u)     in_0->z F     unmapped_complex2      2   6.4     0    19     158    (-,-) 
  g20617/z                    (u)     in_0->z R     unmapped_complex2      1   3.6     0    17     174    (-,-) 
  g20119/z                    (u)     in_1->z R     unmapped_complex2      1   3.6     0    17     191    (-,-) 
  g20112/z                    (u)     in_0->z F     unmapped_complex2      1   3.2     0    17     208    (-,-) 
  g20107/z                    (u)     in_1->z R     unmapped_nand2         1   3.6     0    17     224    (-,-) 
  g20098/z                    (u)     in_1->z R     unmapped_complex2      1   3.6     0    17     241    (-,-) 
  g20090/z                    (u)     in_0->z F     unmapped_nand2         1   3.2     0    17     258    (-,-) 
  g20088/z                    (u)     in_0->z R     unmapped_nand2         1   3.6     0    17     274    (-,-) 
  g20080/z                    (u)     in_0->z F     unmapped_nand2        60 192.0     0    62     336    (-,-) 
  g20022/z                    (u)     in_0->z R     unmapped_nand2         1   3.6     0    17     353    (-,-) 
  g19981/z                    (u)     in_1->z F     unmapped_nand2         5  16.0     0    28     380    (-,-) 
  g19855/z                    (u)     in_0->z F     unmapped_or2           1   3.2     0    17     397    (-,-) 
  g19856/z                    (u)     in_1->z R     unmapped_nand2         4  14.4     0    24     422    (-,-) 
  g20641/z                    (u)     in_1->z F     unmapped_complex2      1   3.2     0    17     438    (-,-) 
  g19761/z                    (u)     in_0->z R     unmapped_nand2         3  10.8     0    22     460    (-,-) 
  g19751/z                    (u)     in_1->z F     unmapped_nand2         1   3.2     0    17     476    (-,-) 
  g19658/z                    (u)     in_0->z R     unmapped_nand2         3  10.8     0    22     498    (-,-) 
  g19589/z                    (u)     in_1->z F     unmapped_nand2         1   3.2     0    17     514    (-,-) 
  g19565/z                    (u)     in_0->z R     unmapped_nand2         3  10.8     0    22     536    (-,-) 
  g20681/z                    (u)     in_0->z R     unmapped_complex2      1   3.6     0    17     553    (-,-) 
  g19489/z                    (u)     in_0->z F     unmapped_nand2         1   3.2     0    17     569    (-,-) 
  g20699/z                    (u)     in_0->z F     unmapped_complex2      1   3.2     0    17     586    (-,-) 
  g19440/z                    (u)     in_0->z R     unmapped_nand2         1   3.6     0    17     602    (-,-) 
  g19434/z                    (u)     in_1->z F     unmapped_nand2         3   9.6     0    22     624    (-,-) 
  g19421/z                    (u)     in_1->z F     unmapped_or2           6  19.2     0    30     654    (-,-) 
  g19398/z                    (u)     in_0->z F     unmapped_or2          14  44.8     0    42     696    (-,-) 
  g19339/z                    (u)     in_0->z F     unmapped_or2           1   3.2     0    17     713    (-,-) 
  g19306/z                    (u)     in_1->z R     unmapped_nand2         1   3.6     0    17     729    (-,-) 
  g20730/z                    (u)     in_0->z R     unmapped_complex2      3  10.8     0    22     751    (-,-) 
  g19248/z                    (u)     in_1->z F     unmapped_complex2      2   6.4     0    19     770    (-,-) 
  g18721/z                    (u)     in_1->z F     unmapped_or2           1   3.2     0    17     787    (-,-) 
  g19222/z                    (u)     in_0->z R     unmapped_complex2      1   3.6     0    17     803    (-,-) 
  g19215/z                    (u)     in_1->z F     unmapped_nand2         1   3.2     0    17     820    (-,-) 
  g19207/z                    (u)     in_1->z R     unmapped_nand2         1   3.6     0    17     836    (-,-) 
  g19196/z                    (u)     in_0->z F     unmapped_nand2         1   3.2     0    17     853    (-,-) 
  g19178/z                    (u)     in_1->z R     unmapped_nand2         1   3.6     0    17     870    (-,-) 
  g19164/z                    (u)     in_0->z F     unmapped_nand2         1   3.2     0    17     886    (-,-) 
  g19151/z                    (u)     in_0->z R     unmapped_nand2         1   3.6     0    17     903    (-,-) 
  g19128/z                    (u)     in_0->z F     unmapped_complex2      1   3.2     0    17     919    (-,-) 
  g20772/z                    (u)     in_0->z R     unmapped_complex2      1   3.6     0    17     936    (-,-) 
  g20773/z                    (u)     in_1->z F     unmapped_complex2      1   3.2     0    17     953    (-,-) 
  g20774/z                    (u)     in_1->z R     unmapped_complex2      1   3.6     0    17     969    (-,-) 
  g19124/z                    (u)     in_1->z F     unmapped_complex2      1   3.2     0    17     986    (-,-) 
  g19123/z                    (u)     in_0->z R     unmapped_complex2      1   3.6     0    17    1002    (-,-) 
  g19122/z                    (u)     in_0->z F     unmapped_complex2      1   3.2     0    17    1019    (-,-) 
  g20775/z                    (u)     in_0->z R     unmapped_complex2      1   3.6     0    17    1036    (-,-) 
  g20776/z                    (u)     in_1->z F     unmapped_complex2      1   3.2     0    17    1052    (-,-) 
  g20777/z                    (u)     in_1->z R     unmapped_complex2      1   3.6     0    17    1069    (-,-) 
  g19118/z                    (u)     in_1->z F     unmapped_complex2      1   3.2     0    17    1085    (-,-) 
  g19117/z                    (u)     in_1->z R     unmapped_nand2         1   3.6     0    17    1102    (-,-) 
  g19116/z                    (u)     in_1->z F     unmapped_nand2         1   3.2     0    17    1119    (-,-) 
  g19115/z                    (u)     in_0->z R     unmapped_nand2         1   3.6     0    17    1135    (-,-) 
  g20778/z                    (u)     in_0->z F     unmapped_complex2      4  12.8     0    24    1160    (-,-) 
  g19111/z                    (u)     in_0->z F     unmapped_or2          48 153.6     0    59    1218    (-,-) 
  g19047/z                    (u)     in_0->z F     unmapped_complex2      1   3.2     0    17    1235    (-,-) 
  g18998/z                    (u)     in_1->z R     unmapped_nand2         1   3.6     0    17    1252    (-,-) 
  g20817/z                    (u)     in_0->z R     unmapped_complex2      1   3.6     0    17    1268    (-,-) 
  smaller_mantissa_l_reg[9]/d -       -       R     unmapped_d_flop        1     -     -     0    1268    (-,-) 
#---------------------------------------------------------------------------------------------------------------

(u) : Net has unmapped pin(s).

Capture clock path:
#------------------------------------------------------------------------------------------------------------
#         Timing Point          Flags   Arc   Edge      Cell        Fanout Load Trans Delay Arrival Instance 
#                                                                          (fF)  (ps)  (ps)   (ps)  Location 
#------------------------------------------------------------------------------------------------------------
  clk                           (i,u)   -     R     (arrival)          100  0.0     0     0    1562    (-,-) 
  smaller_mantissa_l_reg[9]/clk <<<     -     R     unmapped_d_flop    100    -     1     0    1562    (-,-) 
#------------------------------------------------------------------------------------------------------------



Path 40: MET (256 ps) Setup Check with Pin smaller_mantissa_l_reg[8]/clk->d
           View: view_1p2_25
          Group: clock1
     Startpoint: (R) fp1_in[23]
          Clock: (R) clock1
       Endpoint: (R) smaller_mantissa_l_reg[8]/d
          Clock: (R) clock1

                     Capture       Launch     
        Clock Edge:+    1562            0     
        Drv Adjust:+       0            0     
       Src Latency:+       0            0     
       Net Latency:+       0 (I)        0 (I) 
           Arrival:=    1562            0     
                                              
             Setup:-      38                  
       Uncertainty:-       0                  
     Required Time:=    1525                  
      Launch Clock:-       0                  
       Input Delay:-       1                  
         Data Path:-    1267                  
             Slack:=     256                  

Exceptions/Constraints:
  input_delay              1              add_fp16.sdc_line_20_12_1   

#---------------------------------------------------------------------------------------------------------------
#        Timing Point         Flags    Arc    Edge       Cell         Fanout  Load Trans Delay Arrival Instance 
#                                                                             (fF)  (ps)  (ps)   (ps)  Location 
#---------------------------------------------------------------------------------------------------------------
  fp1_in[23]                  (u)     -       R     (arrival)              5  18.0     0     0       1    (-,-) 
  g20582/z                    (u)     in_1->z R     unmapped_or2           2   7.2     0    19      20    (-,-) 
  g20589/z                    (u)     in_0->z R     unmapped_complex2      1   3.6     0    17      37    (-,-) 
  g20245/z                    (u)     in_0->z F     unmapped_complex2      1   3.2     0    17      53    (-,-) 
  g20210/z                    (u)     in_1->z R     unmapped_nand2         1   3.6     0    17      70    (-,-) 
  g20197/z                    (u)     in_1->z F     unmapped_nand2         1   3.2     0    17      86    (-,-) 
  g20180/z                    (u)     in_0->z R     unmapped_nand2         1   3.6     0    17     103    (-,-) 
  g20161/z                    (u)     in_0->z F     unmapped_nand2         1   3.2     0    17     120    (-,-) 
  g20146/z                    (u)     in_0->z R     unmapped_nand2         2   7.2     0    19     139    (-,-) 
  g20140/z                    (u)     in_0->z F     unmapped_complex2      2   6.4     0    19     158    (-,-) 
  g20617/z                    (u)     in_0->z R     unmapped_complex2      1   3.6     0    17     174    (-,-) 
  g20119/z                    (u)     in_1->z R     unmapped_complex2      1   3.6     0    17     191    (-,-) 
  g20112/z                    (u)     in_0->z F     unmapped_complex2      1   3.2     0    17     208    (-,-) 
  g20107/z                    (u)     in_1->z R     unmapped_nand2         1   3.6     0    17     224    (-,-) 
  g20098/z                    (u)     in_1->z R     unmapped_complex2      1   3.6     0    17     241    (-,-) 
  g20090/z                    (u)     in_0->z F     unmapped_nand2         1   3.2     0    17     258    (-,-) 
  g20088/z                    (u)     in_0->z R     unmapped_nand2         1   3.6     0    17     274    (-,-) 
  g20080/z                    (u)     in_0->z F     unmapped_nand2        60 192.0     0    62     336    (-,-) 
  g20022/z                    (u)     in_0->z R     unmapped_nand2         1   3.6     0    17     353    (-,-) 
  g19981/z                    (u)     in_1->z F     unmapped_nand2         5  16.0     0    28     380    (-,-) 
  g19855/z                    (u)     in_0->z F     unmapped_or2           1   3.2     0    17     397    (-,-) 
  g19856/z                    (u)     in_1->z R     unmapped_nand2         4  14.4     0    24     422    (-,-) 
  g20641/z                    (u)     in_1->z F     unmapped_complex2      1   3.2     0    17     438    (-,-) 
  g19761/z                    (u)     in_0->z R     unmapped_nand2         3  10.8     0    22     460    (-,-) 
  g19751/z                    (u)     in_1->z F     unmapped_nand2         1   3.2     0    17     476    (-,-) 
  g19658/z                    (u)     in_0->z R     unmapped_nand2         3  10.8     0    22     498    (-,-) 
  g19589/z                    (u)     in_1->z F     unmapped_nand2         1   3.2     0    17     514    (-,-) 
  g19565/z                    (u)     in_0->z R     unmapped_nand2         3  10.8     0    22     536    (-,-) 
  g20681/z                    (u)     in_0->z R     unmapped_complex2      1   3.6     0    17     553    (-,-) 
  g19489/z                    (u)     in_0->z F     unmapped_nand2         1   3.2     0    17     569    (-,-) 
  g20699/z                    (u)     in_0->z F     unmapped_complex2      1   3.2     0    17     586    (-,-) 
  g19440/z                    (u)     in_0->z R     unmapped_nand2         1   3.6     0    17     602    (-,-) 
  g19434/z                    (u)     in_1->z F     unmapped_nand2         3   9.6     0    22     624    (-,-) 
  g19421/z                    (u)     in_1->z F     unmapped_or2           6  19.2     0    30     654    (-,-) 
  g19398/z                    (u)     in_0->z F     unmapped_or2          14  44.8     0    42     696    (-,-) 
  g19339/z                    (u)     in_0->z F     unmapped_or2           1   3.2     0    17     713    (-,-) 
  g19306/z                    (u)     in_1->z R     unmapped_nand2         1   3.6     0    17     729    (-,-) 
  g20730/z                    (u)     in_0->z R     unmapped_complex2      3  10.8     0    22     751    (-,-) 
  g19248/z                    (u)     in_1->z F     unmapped_complex2      2   6.4     0    19     770    (-,-) 
  g18721/z                    (u)     in_1->z F     unmapped_or2           1   3.2     0    17     787    (-,-) 
  g19222/z                    (u)     in_0->z R     unmapped_complex2      1   3.6     0    17     803    (-,-) 
  g19215/z                    (u)     in_1->z F     unmapped_nand2         1   3.2     0    17     820    (-,-) 
  g19207/z                    (u)     in_1->z R     unmapped_nand2         1   3.6     0    17     836    (-,-) 
  g19196/z                    (u)     in_0->z F     unmapped_nand2         1   3.2     0    17     853    (-,-) 
  g19178/z                    (u)     in_1->z R     unmapped_nand2         1   3.6     0    17     870    (-,-) 
  g19164/z                    (u)     in_0->z F     unmapped_nand2         1   3.2     0    17     886    (-,-) 
  g19151/z                    (u)     in_0->z R     unmapped_nand2         1   3.6     0    17     903    (-,-) 
  g19128/z                    (u)     in_0->z F     unmapped_complex2      1   3.2     0    17     919    (-,-) 
  g20772/z                    (u)     in_0->z R     unmapped_complex2      1   3.6     0    17     936    (-,-) 
  g20773/z                    (u)     in_1->z F     unmapped_complex2      1   3.2     0    17     953    (-,-) 
  g20774/z                    (u)     in_1->z R     unmapped_complex2      1   3.6     0    17     969    (-,-) 
  g19124/z                    (u)     in_1->z F     unmapped_complex2      1   3.2     0    17     986    (-,-) 
  g19123/z                    (u)     in_0->z R     unmapped_complex2      1   3.6     0    17    1002    (-,-) 
  g19122/z                    (u)     in_0->z F     unmapped_complex2      1   3.2     0    17    1019    (-,-) 
  g20775/z                    (u)     in_0->z R     unmapped_complex2      1   3.6     0    17    1036    (-,-) 
  g20776/z                    (u)     in_1->z F     unmapped_complex2      1   3.2     0    17    1052    (-,-) 
  g20777/z                    (u)     in_1->z R     unmapped_complex2      1   3.6     0    17    1069    (-,-) 
  g19118/z                    (u)     in_1->z F     unmapped_complex2      1   3.2     0    17    1085    (-,-) 
  g19117/z                    (u)     in_1->z R     unmapped_nand2         1   3.6     0    17    1102    (-,-) 
  g19116/z                    (u)     in_1->z F     unmapped_nand2         1   3.2     0    17    1119    (-,-) 
  g19115/z                    (u)     in_0->z R     unmapped_nand2         1   3.6     0    17    1135    (-,-) 
  g20778/z                    (u)     in_0->z F     unmapped_complex2      4  12.8     0    24    1160    (-,-) 
  g19111/z                    (u)     in_0->z F     unmapped_or2          48 153.6     0    59    1218    (-,-) 
  g19028/z                    (u)     in_0->z F     unmapped_complex2      1   3.2     0    17    1235    (-,-) 
  g18977/z                    (u)     in_1->z R     unmapped_nand2         1   3.6     0    17    1252    (-,-) 
  g20799/z                    (u)     in_0->z R     unmapped_complex2      1   3.6     0    17    1268    (-,-) 
  smaller_mantissa_l_reg[8]/d -       -       R     unmapped_d_flop        1     -     -     0    1268    (-,-) 
#---------------------------------------------------------------------------------------------------------------

(u) : Net has unmapped pin(s).

Capture clock path:
#------------------------------------------------------------------------------------------------------------
#         Timing Point          Flags   Arc   Edge      Cell        Fanout Load Trans Delay Arrival Instance 
#                                                                          (fF)  (ps)  (ps)   (ps)  Location 
#------------------------------------------------------------------------------------------------------------
  clk                           (i,u)   -     R     (arrival)          100  0.0     0     0    1562    (-,-) 
  smaller_mantissa_l_reg[8]/clk <<<     -     R     unmapped_d_flop    100    -     1     0    1562    (-,-) 
#------------------------------------------------------------------------------------------------------------



Path 41: MET (256 ps) Setup Check with Pin smaller_mantissa_l_reg[7]/clk->d
           View: view_1p2_25
          Group: clock1
     Startpoint: (R) fp1_in[23]
          Clock: (R) clock1
       Endpoint: (R) smaller_mantissa_l_reg[7]/d
          Clock: (R) clock1

                     Capture       Launch     
        Clock Edge:+    1562            0     
        Drv Adjust:+       0            0     
       Src Latency:+       0            0     
       Net Latency:+       0 (I)        0 (I) 
           Arrival:=    1562            0     
                                              
             Setup:-      38                  
       Uncertainty:-       0                  
     Required Time:=    1525                  
      Launch Clock:-       0                  
       Input Delay:-       1                  
         Data Path:-    1267                  
             Slack:=     256                  

Exceptions/Constraints:
  input_delay              1              add_fp16.sdc_line_20_12_1   

#---------------------------------------------------------------------------------------------------------------
#        Timing Point         Flags    Arc    Edge       Cell         Fanout  Load Trans Delay Arrival Instance 
#                                                                             (fF)  (ps)  (ps)   (ps)  Location 
#---------------------------------------------------------------------------------------------------------------
  fp1_in[23]                  (u)     -       R     (arrival)              5  18.0     0     0       1    (-,-) 
  g20582/z                    (u)     in_1->z R     unmapped_or2           2   7.2     0    19      20    (-,-) 
  g20589/z                    (u)     in_0->z R     unmapped_complex2      1   3.6     0    17      37    (-,-) 
  g20245/z                    (u)     in_0->z F     unmapped_complex2      1   3.2     0    17      53    (-,-) 
  g20210/z                    (u)     in_1->z R     unmapped_nand2         1   3.6     0    17      70    (-,-) 
  g20197/z                    (u)     in_1->z F     unmapped_nand2         1   3.2     0    17      86    (-,-) 
  g20180/z                    (u)     in_0->z R     unmapped_nand2         1   3.6     0    17     103    (-,-) 
  g20161/z                    (u)     in_0->z F     unmapped_nand2         1   3.2     0    17     120    (-,-) 
  g20146/z                    (u)     in_0->z R     unmapped_nand2         2   7.2     0    19     139    (-,-) 
  g20140/z                    (u)     in_0->z F     unmapped_complex2      2   6.4     0    19     158    (-,-) 
  g20617/z                    (u)     in_0->z R     unmapped_complex2      1   3.6     0    17     174    (-,-) 
  g20119/z                    (u)     in_1->z R     unmapped_complex2      1   3.6     0    17     191    (-,-) 
  g20112/z                    (u)     in_0->z F     unmapped_complex2      1   3.2     0    17     208    (-,-) 
  g20107/z                    (u)     in_1->z R     unmapped_nand2         1   3.6     0    17     224    (-,-) 
  g20098/z                    (u)     in_1->z R     unmapped_complex2      1   3.6     0    17     241    (-,-) 
  g20090/z                    (u)     in_0->z F     unmapped_nand2         1   3.2     0    17     258    (-,-) 
  g20088/z                    (u)     in_0->z R     unmapped_nand2         1   3.6     0    17     274    (-,-) 
  g20080/z                    (u)     in_0->z F     unmapped_nand2        60 192.0     0    62     336    (-,-) 
  g20022/z                    (u)     in_0->z R     unmapped_nand2         1   3.6     0    17     353    (-,-) 
  g19981/z                    (u)     in_1->z F     unmapped_nand2         5  16.0     0    28     380    (-,-) 
  g19855/z                    (u)     in_0->z F     unmapped_or2           1   3.2     0    17     397    (-,-) 
  g19856/z                    (u)     in_1->z R     unmapped_nand2         4  14.4     0    24     422    (-,-) 
  g20641/z                    (u)     in_1->z F     unmapped_complex2      1   3.2     0    17     438    (-,-) 
  g19761/z                    (u)     in_0->z R     unmapped_nand2         3  10.8     0    22     460    (-,-) 
  g19751/z                    (u)     in_1->z F     unmapped_nand2         1   3.2     0    17     476    (-,-) 
  g19658/z                    (u)     in_0->z R     unmapped_nand2         3  10.8     0    22     498    (-,-) 
  g19589/z                    (u)     in_1->z F     unmapped_nand2         1   3.2     0    17     514    (-,-) 
  g19565/z                    (u)     in_0->z R     unmapped_nand2         3  10.8     0    22     536    (-,-) 
  g20681/z                    (u)     in_0->z R     unmapped_complex2      1   3.6     0    17     553    (-,-) 
  g19489/z                    (u)     in_0->z F     unmapped_nand2         1   3.2     0    17     569    (-,-) 
  g20699/z                    (u)     in_0->z F     unmapped_complex2      1   3.2     0    17     586    (-,-) 
  g19440/z                    (u)     in_0->z R     unmapped_nand2         1   3.6     0    17     602    (-,-) 
  g19434/z                    (u)     in_1->z F     unmapped_nand2         3   9.6     0    22     624    (-,-) 
  g19421/z                    (u)     in_1->z F     unmapped_or2           6  19.2     0    30     654    (-,-) 
  g19398/z                    (u)     in_0->z F     unmapped_or2          14  44.8     0    42     696    (-,-) 
  g19339/z                    (u)     in_0->z F     unmapped_or2           1   3.2     0    17     713    (-,-) 
  g19306/z                    (u)     in_1->z R     unmapped_nand2         1   3.6     0    17     729    (-,-) 
  g20730/z                    (u)     in_0->z R     unmapped_complex2      3  10.8     0    22     751    (-,-) 
  g19248/z                    (u)     in_1->z F     unmapped_complex2      2   6.4     0    19     770    (-,-) 
  g18721/z                    (u)     in_1->z F     unmapped_or2           1   3.2     0    17     787    (-,-) 
  g19222/z                    (u)     in_0->z R     unmapped_complex2      1   3.6     0    17     803    (-,-) 
  g19215/z                    (u)     in_1->z F     unmapped_nand2         1   3.2     0    17     820    (-,-) 
  g19207/z                    (u)     in_1->z R     unmapped_nand2         1   3.6     0    17     836    (-,-) 
  g19196/z                    (u)     in_0->z F     unmapped_nand2         1   3.2     0    17     853    (-,-) 
  g19178/z                    (u)     in_1->z R     unmapped_nand2         1   3.6     0    17     870    (-,-) 
  g19164/z                    (u)     in_0->z F     unmapped_nand2         1   3.2     0    17     886    (-,-) 
  g19151/z                    (u)     in_0->z R     unmapped_nand2         1   3.6     0    17     903    (-,-) 
  g19128/z                    (u)     in_0->z F     unmapped_complex2      1   3.2     0    17     919    (-,-) 
  g20772/z                    (u)     in_0->z R     unmapped_complex2      1   3.6     0    17     936    (-,-) 
  g20773/z                    (u)     in_1->z F     unmapped_complex2      1   3.2     0    17     953    (-,-) 
  g20774/z                    (u)     in_1->z R     unmapped_complex2      1   3.6     0    17     969    (-,-) 
  g19124/z                    (u)     in_1->z F     unmapped_complex2      1   3.2     0    17     986    (-,-) 
  g19123/z                    (u)     in_0->z R     unmapped_complex2      1   3.6     0    17    1002    (-,-) 
  g19122/z                    (u)     in_0->z F     unmapped_complex2      1   3.2     0    17    1019    (-,-) 
  g20775/z                    (u)     in_0->z R     unmapped_complex2      1   3.6     0    17    1036    (-,-) 
  g20776/z                    (u)     in_1->z F     unmapped_complex2      1   3.2     0    17    1052    (-,-) 
  g20777/z                    (u)     in_1->z R     unmapped_complex2      1   3.6     0    17    1069    (-,-) 
  g19118/z                    (u)     in_1->z F     unmapped_complex2      1   3.2     0    17    1085    (-,-) 
  g19117/z                    (u)     in_1->z R     unmapped_nand2         1   3.6     0    17    1102    (-,-) 
  g19116/z                    (u)     in_1->z F     unmapped_nand2         1   3.2     0    17    1119    (-,-) 
  g19115/z                    (u)     in_0->z R     unmapped_nand2         1   3.6     0    17    1135    (-,-) 
  g20778/z                    (u)     in_0->z F     unmapped_complex2      4  12.8     0    24    1160    (-,-) 
  g19111/z                    (u)     in_0->z F     unmapped_or2          48 153.6     0    59    1218    (-,-) 
  g19056/z                    (u)     in_0->z F     unmapped_complex2      1   3.2     0    17    1235    (-,-) 
  g18962/z                    (u)     in_1->z R     unmapped_nand2         1   3.6     0    17    1252    (-,-) 
  g20813/z                    (u)     in_0->z R     unmapped_complex2      1   3.6     0    17    1268    (-,-) 
  smaller_mantissa_l_reg[7]/d -       -       R     unmapped_d_flop        1     -     -     0    1268    (-,-) 
#---------------------------------------------------------------------------------------------------------------

(u) : Net has unmapped pin(s).

Capture clock path:
#------------------------------------------------------------------------------------------------------------
#         Timing Point          Flags   Arc   Edge      Cell        Fanout Load Trans Delay Arrival Instance 
#                                                                          (fF)  (ps)  (ps)   (ps)  Location 
#------------------------------------------------------------------------------------------------------------
  clk                           (i,u)   -     R     (arrival)          100  0.0     0     0    1562    (-,-) 
  smaller_mantissa_l_reg[7]/clk <<<     -     R     unmapped_d_flop    100    -     1     0    1562    (-,-) 
#------------------------------------------------------------------------------------------------------------



Path 42: MET (256 ps) Setup Check with Pin smaller_mantissa_l_reg[6]/clk->d
           View: view_1p2_25
          Group: clock1
     Startpoint: (R) fp1_in[23]
          Clock: (R) clock1
       Endpoint: (R) smaller_mantissa_l_reg[6]/d
          Clock: (R) clock1

                     Capture       Launch     
        Clock Edge:+    1562            0     
        Drv Adjust:+       0            0     
       Src Latency:+       0            0     
       Net Latency:+       0 (I)        0 (I) 
           Arrival:=    1562            0     
                                              
             Setup:-      38                  
       Uncertainty:-       0                  
     Required Time:=    1525                  
      Launch Clock:-       0                  
       Input Delay:-       1                  
         Data Path:-    1267                  
             Slack:=     256                  

Exceptions/Constraints:
  input_delay              1              add_fp16.sdc_line_20_12_1   

#---------------------------------------------------------------------------------------------------------------
#        Timing Point         Flags    Arc    Edge       Cell         Fanout  Load Trans Delay Arrival Instance 
#                                                                             (fF)  (ps)  (ps)   (ps)  Location 
#---------------------------------------------------------------------------------------------------------------
  fp1_in[23]                  (u)     -       R     (arrival)              5  18.0     0     0       1    (-,-) 
  g20582/z                    (u)     in_1->z R     unmapped_or2           2   7.2     0    19      20    (-,-) 
  g20589/z                    (u)     in_0->z R     unmapped_complex2      1   3.6     0    17      37    (-,-) 
  g20245/z                    (u)     in_0->z F     unmapped_complex2      1   3.2     0    17      53    (-,-) 
  g20210/z                    (u)     in_1->z R     unmapped_nand2         1   3.6     0    17      70    (-,-) 
  g20197/z                    (u)     in_1->z F     unmapped_nand2         1   3.2     0    17      86    (-,-) 
  g20180/z                    (u)     in_0->z R     unmapped_nand2         1   3.6     0    17     103    (-,-) 
  g20161/z                    (u)     in_0->z F     unmapped_nand2         1   3.2     0    17     120    (-,-) 
  g20146/z                    (u)     in_0->z R     unmapped_nand2         2   7.2     0    19     139    (-,-) 
  g20140/z                    (u)     in_0->z F     unmapped_complex2      2   6.4     0    19     158    (-,-) 
  g20617/z                    (u)     in_0->z R     unmapped_complex2      1   3.6     0    17     174    (-,-) 
  g20119/z                    (u)     in_1->z R     unmapped_complex2      1   3.6     0    17     191    (-,-) 
  g20112/z                    (u)     in_0->z F     unmapped_complex2      1   3.2     0    17     208    (-,-) 
  g20107/z                    (u)     in_1->z R     unmapped_nand2         1   3.6     0    17     224    (-,-) 
  g20098/z                    (u)     in_1->z R     unmapped_complex2      1   3.6     0    17     241    (-,-) 
  g20090/z                    (u)     in_0->z F     unmapped_nand2         1   3.2     0    17     258    (-,-) 
  g20088/z                    (u)     in_0->z R     unmapped_nand2         1   3.6     0    17     274    (-,-) 
  g20080/z                    (u)     in_0->z F     unmapped_nand2        60 192.0     0    62     336    (-,-) 
  g20022/z                    (u)     in_0->z R     unmapped_nand2         1   3.6     0    17     353    (-,-) 
  g19981/z                    (u)     in_1->z F     unmapped_nand2         5  16.0     0    28     380    (-,-) 
  g19855/z                    (u)     in_0->z F     unmapped_or2           1   3.2     0    17     397    (-,-) 
  g19856/z                    (u)     in_1->z R     unmapped_nand2         4  14.4     0    24     422    (-,-) 
  g20641/z                    (u)     in_1->z F     unmapped_complex2      1   3.2     0    17     438    (-,-) 
  g19761/z                    (u)     in_0->z R     unmapped_nand2         3  10.8     0    22     460    (-,-) 
  g19751/z                    (u)     in_1->z F     unmapped_nand2         1   3.2     0    17     476    (-,-) 
  g19658/z                    (u)     in_0->z R     unmapped_nand2         3  10.8     0    22     498    (-,-) 
  g19589/z                    (u)     in_1->z F     unmapped_nand2         1   3.2     0    17     514    (-,-) 
  g19565/z                    (u)     in_0->z R     unmapped_nand2         3  10.8     0    22     536    (-,-) 
  g20681/z                    (u)     in_0->z R     unmapped_complex2      1   3.6     0    17     553    (-,-) 
  g19489/z                    (u)     in_0->z F     unmapped_nand2         1   3.2     0    17     569    (-,-) 
  g20699/z                    (u)     in_0->z F     unmapped_complex2      1   3.2     0    17     586    (-,-) 
  g19440/z                    (u)     in_0->z R     unmapped_nand2         1   3.6     0    17     602    (-,-) 
  g19434/z                    (u)     in_1->z F     unmapped_nand2         3   9.6     0    22     624    (-,-) 
  g19421/z                    (u)     in_1->z F     unmapped_or2           6  19.2     0    30     654    (-,-) 
  g19398/z                    (u)     in_0->z F     unmapped_or2          14  44.8     0    42     696    (-,-) 
  g19339/z                    (u)     in_0->z F     unmapped_or2           1   3.2     0    17     713    (-,-) 
  g19306/z                    (u)     in_1->z R     unmapped_nand2         1   3.6     0    17     729    (-,-) 
  g20730/z                    (u)     in_0->z R     unmapped_complex2      3  10.8     0    22     751    (-,-) 
  g19248/z                    (u)     in_1->z F     unmapped_complex2      2   6.4     0    19     770    (-,-) 
  g18721/z                    (u)     in_1->z F     unmapped_or2           1   3.2     0    17     787    (-,-) 
  g19222/z                    (u)     in_0->z R     unmapped_complex2      1   3.6     0    17     803    (-,-) 
  g19215/z                    (u)     in_1->z F     unmapped_nand2         1   3.2     0    17     820    (-,-) 
  g19207/z                    (u)     in_1->z R     unmapped_nand2         1   3.6     0    17     836    (-,-) 
  g19196/z                    (u)     in_0->z F     unmapped_nand2         1   3.2     0    17     853    (-,-) 
  g19178/z                    (u)     in_1->z R     unmapped_nand2         1   3.6     0    17     870    (-,-) 
  g19164/z                    (u)     in_0->z F     unmapped_nand2         1   3.2     0    17     886    (-,-) 
  g19151/z                    (u)     in_0->z R     unmapped_nand2         1   3.6     0    17     903    (-,-) 
  g19128/z                    (u)     in_0->z F     unmapped_complex2      1   3.2     0    17     919    (-,-) 
  g20772/z                    (u)     in_0->z R     unmapped_complex2      1   3.6     0    17     936    (-,-) 
  g20773/z                    (u)     in_1->z F     unmapped_complex2      1   3.2     0    17     953    (-,-) 
  g20774/z                    (u)     in_1->z R     unmapped_complex2      1   3.6     0    17     969    (-,-) 
  g19124/z                    (u)     in_1->z F     unmapped_complex2      1   3.2     0    17     986    (-,-) 
  g19123/z                    (u)     in_0->z R     unmapped_complex2      1   3.6     0    17    1002    (-,-) 
  g19122/z                    (u)     in_0->z F     unmapped_complex2      1   3.2     0    17    1019    (-,-) 
  g20775/z                    (u)     in_0->z R     unmapped_complex2      1   3.6     0    17    1036    (-,-) 
  g20776/z                    (u)     in_1->z F     unmapped_complex2      1   3.2     0    17    1052    (-,-) 
  g20777/z                    (u)     in_1->z R     unmapped_complex2      1   3.6     0    17    1069    (-,-) 
  g19118/z                    (u)     in_1->z F     unmapped_complex2      1   3.2     0    17    1085    (-,-) 
  g19117/z                    (u)     in_1->z R     unmapped_nand2         1   3.6     0    17    1102    (-,-) 
  g19116/z                    (u)     in_1->z F     unmapped_nand2         1   3.2     0    17    1119    (-,-) 
  g19115/z                    (u)     in_0->z R     unmapped_nand2         1   3.6     0    17    1135    (-,-) 
  g20778/z                    (u)     in_0->z F     unmapped_complex2      4  12.8     0    24    1160    (-,-) 
  g19111/z                    (u)     in_0->z F     unmapped_or2          48 153.6     0    59    1218    (-,-) 
  g19046/z                    (u)     in_0->z F     unmapped_complex2      1   3.2     0    17    1235    (-,-) 
  g19001/z                    (u)     in_1->z R     unmapped_nand2         1   3.6     0    17    1252    (-,-) 
  g20797/z                    (u)     in_0->z R     unmapped_complex2      1   3.6     0    17    1268    (-,-) 
  smaller_mantissa_l_reg[6]/d -       -       R     unmapped_d_flop        1     -     -     0    1268    (-,-) 
#---------------------------------------------------------------------------------------------------------------

(u) : Net has unmapped pin(s).

Capture clock path:
#------------------------------------------------------------------------------------------------------------
#         Timing Point          Flags   Arc   Edge      Cell        Fanout Load Trans Delay Arrival Instance 
#                                                                          (fF)  (ps)  (ps)   (ps)  Location 
#------------------------------------------------------------------------------------------------------------
  clk                           (i,u)   -     R     (arrival)          100  0.0     0     0    1562    (-,-) 
  smaller_mantissa_l_reg[6]/clk <<<     -     R     unmapped_d_flop    100    -     1     0    1562    (-,-) 
#------------------------------------------------------------------------------------------------------------



Path 43: MET (256 ps) Setup Check with Pin smaller_mantissa_l_reg[5]/clk->d
           View: view_1p2_25
          Group: clock1
     Startpoint: (R) fp1_in[23]
          Clock: (R) clock1
       Endpoint: (R) smaller_mantissa_l_reg[5]/d
          Clock: (R) clock1

                     Capture       Launch     
        Clock Edge:+    1562            0     
        Drv Adjust:+       0            0     
       Src Latency:+       0            0     
       Net Latency:+       0 (I)        0 (I) 
           Arrival:=    1562            0     
                                              
             Setup:-      38                  
       Uncertainty:-       0                  
     Required Time:=    1525                  
      Launch Clock:-       0                  
       Input Delay:-       1                  
         Data Path:-    1267                  
             Slack:=     256                  

Exceptions/Constraints:
  input_delay              1              add_fp16.sdc_line_20_12_1   

#---------------------------------------------------------------------------------------------------------------
#        Timing Point         Flags    Arc    Edge       Cell         Fanout  Load Trans Delay Arrival Instance 
#                                                                             (fF)  (ps)  (ps)   (ps)  Location 
#---------------------------------------------------------------------------------------------------------------
  fp1_in[23]                  (u)     -       R     (arrival)              5  18.0     0     0       1    (-,-) 
  g20582/z                    (u)     in_1->z R     unmapped_or2           2   7.2     0    19      20    (-,-) 
  g20589/z                    (u)     in_0->z R     unmapped_complex2      1   3.6     0    17      37    (-,-) 
  g20245/z                    (u)     in_0->z F     unmapped_complex2      1   3.2     0    17      53    (-,-) 
  g20210/z                    (u)     in_1->z R     unmapped_nand2         1   3.6     0    17      70    (-,-) 
  g20197/z                    (u)     in_1->z F     unmapped_nand2         1   3.2     0    17      86    (-,-) 
  g20180/z                    (u)     in_0->z R     unmapped_nand2         1   3.6     0    17     103    (-,-) 
  g20161/z                    (u)     in_0->z F     unmapped_nand2         1   3.2     0    17     120    (-,-) 
  g20146/z                    (u)     in_0->z R     unmapped_nand2         2   7.2     0    19     139    (-,-) 
  g20140/z                    (u)     in_0->z F     unmapped_complex2      2   6.4     0    19     158    (-,-) 
  g20617/z                    (u)     in_0->z R     unmapped_complex2      1   3.6     0    17     174    (-,-) 
  g20119/z                    (u)     in_1->z R     unmapped_complex2      1   3.6     0    17     191    (-,-) 
  g20112/z                    (u)     in_0->z F     unmapped_complex2      1   3.2     0    17     208    (-,-) 
  g20107/z                    (u)     in_1->z R     unmapped_nand2         1   3.6     0    17     224    (-,-) 
  g20098/z                    (u)     in_1->z R     unmapped_complex2      1   3.6     0    17     241    (-,-) 
  g20090/z                    (u)     in_0->z F     unmapped_nand2         1   3.2     0    17     258    (-,-) 
  g20088/z                    (u)     in_0->z R     unmapped_nand2         1   3.6     0    17     274    (-,-) 
  g20080/z                    (u)     in_0->z F     unmapped_nand2        60 192.0     0    62     336    (-,-) 
  g20022/z                    (u)     in_0->z R     unmapped_nand2         1   3.6     0    17     353    (-,-) 
  g19981/z                    (u)     in_1->z F     unmapped_nand2         5  16.0     0    28     380    (-,-) 
  g19855/z                    (u)     in_0->z F     unmapped_or2           1   3.2     0    17     397    (-,-) 
  g19856/z                    (u)     in_1->z R     unmapped_nand2         4  14.4     0    24     422    (-,-) 
  g20641/z                    (u)     in_1->z F     unmapped_complex2      1   3.2     0    17     438    (-,-) 
  g19761/z                    (u)     in_0->z R     unmapped_nand2         3  10.8     0    22     460    (-,-) 
  g19751/z                    (u)     in_1->z F     unmapped_nand2         1   3.2     0    17     476    (-,-) 
  g19658/z                    (u)     in_0->z R     unmapped_nand2         3  10.8     0    22     498    (-,-) 
  g19589/z                    (u)     in_1->z F     unmapped_nand2         1   3.2     0    17     514    (-,-) 
  g19565/z                    (u)     in_0->z R     unmapped_nand2         3  10.8     0    22     536    (-,-) 
  g20681/z                    (u)     in_0->z R     unmapped_complex2      1   3.6     0    17     553    (-,-) 
  g19489/z                    (u)     in_0->z F     unmapped_nand2         1   3.2     0    17     569    (-,-) 
  g20699/z                    (u)     in_0->z F     unmapped_complex2      1   3.2     0    17     586    (-,-) 
  g19440/z                    (u)     in_0->z R     unmapped_nand2         1   3.6     0    17     602    (-,-) 
  g19434/z                    (u)     in_1->z F     unmapped_nand2         3   9.6     0    22     624    (-,-) 
  g19421/z                    (u)     in_1->z F     unmapped_or2           6  19.2     0    30     654    (-,-) 
  g19398/z                    (u)     in_0->z F     unmapped_or2          14  44.8     0    42     696    (-,-) 
  g19339/z                    (u)     in_0->z F     unmapped_or2           1   3.2     0    17     713    (-,-) 
  g19306/z                    (u)     in_1->z R     unmapped_nand2         1   3.6     0    17     729    (-,-) 
  g20730/z                    (u)     in_0->z R     unmapped_complex2      3  10.8     0    22     751    (-,-) 
  g19248/z                    (u)     in_1->z F     unmapped_complex2      2   6.4     0    19     770    (-,-) 
  g18721/z                    (u)     in_1->z F     unmapped_or2           1   3.2     0    17     787    (-,-) 
  g19222/z                    (u)     in_0->z R     unmapped_complex2      1   3.6     0    17     803    (-,-) 
  g19215/z                    (u)     in_1->z F     unmapped_nand2         1   3.2     0    17     820    (-,-) 
  g19207/z                    (u)     in_1->z R     unmapped_nand2         1   3.6     0    17     836    (-,-) 
  g19196/z                    (u)     in_0->z F     unmapped_nand2         1   3.2     0    17     853    (-,-) 
  g19178/z                    (u)     in_1->z R     unmapped_nand2         1   3.6     0    17     870    (-,-) 
  g19164/z                    (u)     in_0->z F     unmapped_nand2         1   3.2     0    17     886    (-,-) 
  g19151/z                    (u)     in_0->z R     unmapped_nand2         1   3.6     0    17     903    (-,-) 
  g19128/z                    (u)     in_0->z F     unmapped_complex2      1   3.2     0    17     919    (-,-) 
  g20772/z                    (u)     in_0->z R     unmapped_complex2      1   3.6     0    17     936    (-,-) 
  g20773/z                    (u)     in_1->z F     unmapped_complex2      1   3.2     0    17     953    (-,-) 
  g20774/z                    (u)     in_1->z R     unmapped_complex2      1   3.6     0    17     969    (-,-) 
  g19124/z                    (u)     in_1->z F     unmapped_complex2      1   3.2     0    17     986    (-,-) 
  g19123/z                    (u)     in_0->z R     unmapped_complex2      1   3.6     0    17    1002    (-,-) 
  g19122/z                    (u)     in_0->z F     unmapped_complex2      1   3.2     0    17    1019    (-,-) 
  g20775/z                    (u)     in_0->z R     unmapped_complex2      1   3.6     0    17    1036    (-,-) 
  g20776/z                    (u)     in_1->z F     unmapped_complex2      1   3.2     0    17    1052    (-,-) 
  g20777/z                    (u)     in_1->z R     unmapped_complex2      1   3.6     0    17    1069    (-,-) 
  g19118/z                    (u)     in_1->z F     unmapped_complex2      1   3.2     0    17    1085    (-,-) 
  g19117/z                    (u)     in_1->z R     unmapped_nand2         1   3.6     0    17    1102    (-,-) 
  g19116/z                    (u)     in_1->z F     unmapped_nand2         1   3.2     0    17    1119    (-,-) 
  g19115/z                    (u)     in_0->z R     unmapped_nand2         1   3.6     0    17    1135    (-,-) 
  g20778/z                    (u)     in_0->z F     unmapped_complex2      4  12.8     0    24    1160    (-,-) 
  g19111/z                    (u)     in_0->z F     unmapped_or2          48 153.6     0    59    1218    (-,-) 
  g19022/z                    (u)     in_0->z F     unmapped_complex2      1   3.2     0    17    1235    (-,-) 
  g18968/z                    (u)     in_1->z R     unmapped_nand2         1   3.6     0    17    1252    (-,-) 
  g20824/z                    (u)     in_0->z R     unmapped_complex2      1   3.6     0    17    1268    (-,-) 
  smaller_mantissa_l_reg[5]/d -       -       R     unmapped_d_flop        1     -     -     0    1268    (-,-) 
#---------------------------------------------------------------------------------------------------------------

(u) : Net has unmapped pin(s).

Capture clock path:
#------------------------------------------------------------------------------------------------------------
#         Timing Point          Flags   Arc   Edge      Cell        Fanout Load Trans Delay Arrival Instance 
#                                                                          (fF)  (ps)  (ps)   (ps)  Location 
#------------------------------------------------------------------------------------------------------------
  clk                           (i,u)   -     R     (arrival)          100  0.0     0     0    1562    (-,-) 
  smaller_mantissa_l_reg[5]/clk <<<     -     R     unmapped_d_flop    100    -     1     0    1562    (-,-) 
#------------------------------------------------------------------------------------------------------------



Path 44: MET (256 ps) Setup Check with Pin smaller_mantissa_l_reg[4]/clk->d
           View: view_1p2_25
          Group: clock1
     Startpoint: (R) fp1_in[23]
          Clock: (R) clock1
       Endpoint: (R) smaller_mantissa_l_reg[4]/d
          Clock: (R) clock1

                     Capture       Launch     
        Clock Edge:+    1562            0     
        Drv Adjust:+       0            0     
       Src Latency:+       0            0     
       Net Latency:+       0 (I)        0 (I) 
           Arrival:=    1562            0     
                                              
             Setup:-      38                  
       Uncertainty:-       0                  
     Required Time:=    1525                  
      Launch Clock:-       0                  
       Input Delay:-       1                  
         Data Path:-    1267                  
             Slack:=     256                  

Exceptions/Constraints:
  input_delay              1              add_fp16.sdc_line_20_12_1   

#---------------------------------------------------------------------------------------------------------------
#        Timing Point         Flags    Arc    Edge       Cell         Fanout  Load Trans Delay Arrival Instance 
#                                                                             (fF)  (ps)  (ps)   (ps)  Location 
#---------------------------------------------------------------------------------------------------------------
  fp1_in[23]                  (u)     -       R     (arrival)              5  18.0     0     0       1    (-,-) 
  g20582/z                    (u)     in_1->z R     unmapped_or2           2   7.2     0    19      20    (-,-) 
  g20589/z                    (u)     in_0->z R     unmapped_complex2      1   3.6     0    17      37    (-,-) 
  g20245/z                    (u)     in_0->z F     unmapped_complex2      1   3.2     0    17      53    (-,-) 
  g20210/z                    (u)     in_1->z R     unmapped_nand2         1   3.6     0    17      70    (-,-) 
  g20197/z                    (u)     in_1->z F     unmapped_nand2         1   3.2     0    17      86    (-,-) 
  g20180/z                    (u)     in_0->z R     unmapped_nand2         1   3.6     0    17     103    (-,-) 
  g20161/z                    (u)     in_0->z F     unmapped_nand2         1   3.2     0    17     120    (-,-) 
  g20146/z                    (u)     in_0->z R     unmapped_nand2         2   7.2     0    19     139    (-,-) 
  g20140/z                    (u)     in_0->z F     unmapped_complex2      2   6.4     0    19     158    (-,-) 
  g20617/z                    (u)     in_0->z R     unmapped_complex2      1   3.6     0    17     174    (-,-) 
  g20119/z                    (u)     in_1->z R     unmapped_complex2      1   3.6     0    17     191    (-,-) 
  g20112/z                    (u)     in_0->z F     unmapped_complex2      1   3.2     0    17     208    (-,-) 
  g20107/z                    (u)     in_1->z R     unmapped_nand2         1   3.6     0    17     224    (-,-) 
  g20098/z                    (u)     in_1->z R     unmapped_complex2      1   3.6     0    17     241    (-,-) 
  g20090/z                    (u)     in_0->z F     unmapped_nand2         1   3.2     0    17     258    (-,-) 
  g20088/z                    (u)     in_0->z R     unmapped_nand2         1   3.6     0    17     274    (-,-) 
  g20080/z                    (u)     in_0->z F     unmapped_nand2        60 192.0     0    62     336    (-,-) 
  g20022/z                    (u)     in_0->z R     unmapped_nand2         1   3.6     0    17     353    (-,-) 
  g19981/z                    (u)     in_1->z F     unmapped_nand2         5  16.0     0    28     380    (-,-) 
  g19855/z                    (u)     in_0->z F     unmapped_or2           1   3.2     0    17     397    (-,-) 
  g19856/z                    (u)     in_1->z R     unmapped_nand2         4  14.4     0    24     422    (-,-) 
  g20641/z                    (u)     in_1->z F     unmapped_complex2      1   3.2     0    17     438    (-,-) 
  g19761/z                    (u)     in_0->z R     unmapped_nand2         3  10.8     0    22     460    (-,-) 
  g19751/z                    (u)     in_1->z F     unmapped_nand2         1   3.2     0    17     476    (-,-) 
  g19658/z                    (u)     in_0->z R     unmapped_nand2         3  10.8     0    22     498    (-,-) 
  g19589/z                    (u)     in_1->z F     unmapped_nand2         1   3.2     0    17     514    (-,-) 
  g19565/z                    (u)     in_0->z R     unmapped_nand2         3  10.8     0    22     536    (-,-) 
  g20681/z                    (u)     in_0->z R     unmapped_complex2      1   3.6     0    17     553    (-,-) 
  g19489/z                    (u)     in_0->z F     unmapped_nand2         1   3.2     0    17     569    (-,-) 
  g20699/z                    (u)     in_0->z F     unmapped_complex2      1   3.2     0    17     586    (-,-) 
  g19440/z                    (u)     in_0->z R     unmapped_nand2         1   3.6     0    17     602    (-,-) 
  g19434/z                    (u)     in_1->z F     unmapped_nand2         3   9.6     0    22     624    (-,-) 
  g19421/z                    (u)     in_1->z F     unmapped_or2           6  19.2     0    30     654    (-,-) 
  g19398/z                    (u)     in_0->z F     unmapped_or2          14  44.8     0    42     696    (-,-) 
  g19339/z                    (u)     in_0->z F     unmapped_or2           1   3.2     0    17     713    (-,-) 
  g19306/z                    (u)     in_1->z R     unmapped_nand2         1   3.6     0    17     729    (-,-) 
  g20730/z                    (u)     in_0->z R     unmapped_complex2      3  10.8     0    22     751    (-,-) 
  g19248/z                    (u)     in_1->z F     unmapped_complex2      2   6.4     0    19     770    (-,-) 
  g18721/z                    (u)     in_1->z F     unmapped_or2           1   3.2     0    17     787    (-,-) 
  g19222/z                    (u)     in_0->z R     unmapped_complex2      1   3.6     0    17     803    (-,-) 
  g19215/z                    (u)     in_1->z F     unmapped_nand2         1   3.2     0    17     820    (-,-) 
  g19207/z                    (u)     in_1->z R     unmapped_nand2         1   3.6     0    17     836    (-,-) 
  g19196/z                    (u)     in_0->z F     unmapped_nand2         1   3.2     0    17     853    (-,-) 
  g19178/z                    (u)     in_1->z R     unmapped_nand2         1   3.6     0    17     870    (-,-) 
  g19164/z                    (u)     in_0->z F     unmapped_nand2         1   3.2     0    17     886    (-,-) 
  g19151/z                    (u)     in_0->z R     unmapped_nand2         1   3.6     0    17     903    (-,-) 
  g19128/z                    (u)     in_0->z F     unmapped_complex2      1   3.2     0    17     919    (-,-) 
  g20772/z                    (u)     in_0->z R     unmapped_complex2      1   3.6     0    17     936    (-,-) 
  g20773/z                    (u)     in_1->z F     unmapped_complex2      1   3.2     0    17     953    (-,-) 
  g20774/z                    (u)     in_1->z R     unmapped_complex2      1   3.6     0    17     969    (-,-) 
  g19124/z                    (u)     in_1->z F     unmapped_complex2      1   3.2     0    17     986    (-,-) 
  g19123/z                    (u)     in_0->z R     unmapped_complex2      1   3.6     0    17    1002    (-,-) 
  g19122/z                    (u)     in_0->z F     unmapped_complex2      1   3.2     0    17    1019    (-,-) 
  g20775/z                    (u)     in_0->z R     unmapped_complex2      1   3.6     0    17    1036    (-,-) 
  g20776/z                    (u)     in_1->z F     unmapped_complex2      1   3.2     0    17    1052    (-,-) 
  g20777/z                    (u)     in_1->z R     unmapped_complex2      1   3.6     0    17    1069    (-,-) 
  g19118/z                    (u)     in_1->z F     unmapped_complex2      1   3.2     0    17    1085    (-,-) 
  g19117/z                    (u)     in_1->z R     unmapped_nand2         1   3.6     0    17    1102    (-,-) 
  g19116/z                    (u)     in_1->z F     unmapped_nand2         1   3.2     0    17    1119    (-,-) 
  g19115/z                    (u)     in_0->z R     unmapped_nand2         1   3.6     0    17    1135    (-,-) 
  g20778/z                    (u)     in_0->z F     unmapped_complex2      4  12.8     0    24    1160    (-,-) 
  g19111/z                    (u)     in_0->z F     unmapped_or2          48 153.6     0    59    1218    (-,-) 
  g19033/z                    (u)     in_0->z F     unmapped_complex2      1   3.2     0    17    1235    (-,-) 
  g18991/z                    (u)     in_1->z R     unmapped_nand2         1   3.6     0    17    1252    (-,-) 
  g20798/z                    (u)     in_0->z R     unmapped_complex2      1   3.6     0    17    1268    (-,-) 
  smaller_mantissa_l_reg[4]/d -       -       R     unmapped_d_flop        1     -     -     0    1268    (-,-) 
#---------------------------------------------------------------------------------------------------------------

(u) : Net has unmapped pin(s).

Capture clock path:
#------------------------------------------------------------------------------------------------------------
#         Timing Point          Flags   Arc   Edge      Cell        Fanout Load Trans Delay Arrival Instance 
#                                                                          (fF)  (ps)  (ps)   (ps)  Location 
#------------------------------------------------------------------------------------------------------------
  clk                           (i,u)   -     R     (arrival)          100  0.0     0     0    1562    (-,-) 
  smaller_mantissa_l_reg[4]/clk <<<     -     R     unmapped_d_flop    100    -     1     0    1562    (-,-) 
#------------------------------------------------------------------------------------------------------------



Path 45: MET (256 ps) Setup Check with Pin smaller_mantissa_l_reg[3]/clk->d
           View: view_1p2_25
          Group: clock1
     Startpoint: (R) fp1_in[23]
          Clock: (R) clock1
       Endpoint: (R) smaller_mantissa_l_reg[3]/d
          Clock: (R) clock1

                     Capture       Launch     
        Clock Edge:+    1562            0     
        Drv Adjust:+       0            0     
       Src Latency:+       0            0     
       Net Latency:+       0 (I)        0 (I) 
           Arrival:=    1562            0     
                                              
             Setup:-      38                  
       Uncertainty:-       0                  
     Required Time:=    1525                  
      Launch Clock:-       0                  
       Input Delay:-       1                  
         Data Path:-    1267                  
             Slack:=     256                  

Exceptions/Constraints:
  input_delay              1              add_fp16.sdc_line_20_12_1   

#---------------------------------------------------------------------------------------------------------------
#        Timing Point         Flags    Arc    Edge       Cell         Fanout  Load Trans Delay Arrival Instance 
#                                                                             (fF)  (ps)  (ps)   (ps)  Location 
#---------------------------------------------------------------------------------------------------------------
  fp1_in[23]                  (u)     -       R     (arrival)              5  18.0     0     0       1    (-,-) 
  g20582/z                    (u)     in_1->z R     unmapped_or2           2   7.2     0    19      20    (-,-) 
  g20589/z                    (u)     in_0->z R     unmapped_complex2      1   3.6     0    17      37    (-,-) 
  g20245/z                    (u)     in_0->z F     unmapped_complex2      1   3.2     0    17      53    (-,-) 
  g20210/z                    (u)     in_1->z R     unmapped_nand2         1   3.6     0    17      70    (-,-) 
  g20197/z                    (u)     in_1->z F     unmapped_nand2         1   3.2     0    17      86    (-,-) 
  g20180/z                    (u)     in_0->z R     unmapped_nand2         1   3.6     0    17     103    (-,-) 
  g20161/z                    (u)     in_0->z F     unmapped_nand2         1   3.2     0    17     120    (-,-) 
  g20146/z                    (u)     in_0->z R     unmapped_nand2         2   7.2     0    19     139    (-,-) 
  g20140/z                    (u)     in_0->z F     unmapped_complex2      2   6.4     0    19     158    (-,-) 
  g20617/z                    (u)     in_0->z R     unmapped_complex2      1   3.6     0    17     174    (-,-) 
  g20119/z                    (u)     in_1->z R     unmapped_complex2      1   3.6     0    17     191    (-,-) 
  g20112/z                    (u)     in_0->z F     unmapped_complex2      1   3.2     0    17     208    (-,-) 
  g20107/z                    (u)     in_1->z R     unmapped_nand2         1   3.6     0    17     224    (-,-) 
  g20098/z                    (u)     in_1->z R     unmapped_complex2      1   3.6     0    17     241    (-,-) 
  g20090/z                    (u)     in_0->z F     unmapped_nand2         1   3.2     0    17     258    (-,-) 
  g20088/z                    (u)     in_0->z R     unmapped_nand2         1   3.6     0    17     274    (-,-) 
  g20080/z                    (u)     in_0->z F     unmapped_nand2        60 192.0     0    62     336    (-,-) 
  g20022/z                    (u)     in_0->z R     unmapped_nand2         1   3.6     0    17     353    (-,-) 
  g19981/z                    (u)     in_1->z F     unmapped_nand2         5  16.0     0    28     380    (-,-) 
  g19855/z                    (u)     in_0->z F     unmapped_or2           1   3.2     0    17     397    (-,-) 
  g19856/z                    (u)     in_1->z R     unmapped_nand2         4  14.4     0    24     422    (-,-) 
  g20641/z                    (u)     in_1->z F     unmapped_complex2      1   3.2     0    17     438    (-,-) 
  g19761/z                    (u)     in_0->z R     unmapped_nand2         3  10.8     0    22     460    (-,-) 
  g19751/z                    (u)     in_1->z F     unmapped_nand2         1   3.2     0    17     476    (-,-) 
  g19658/z                    (u)     in_0->z R     unmapped_nand2         3  10.8     0    22     498    (-,-) 
  g19589/z                    (u)     in_1->z F     unmapped_nand2         1   3.2     0    17     514    (-,-) 
  g19565/z                    (u)     in_0->z R     unmapped_nand2         3  10.8     0    22     536    (-,-) 
  g20681/z                    (u)     in_0->z R     unmapped_complex2      1   3.6     0    17     553    (-,-) 
  g19489/z                    (u)     in_0->z F     unmapped_nand2         1   3.2     0    17     569    (-,-) 
  g20699/z                    (u)     in_0->z F     unmapped_complex2      1   3.2     0    17     586    (-,-) 
  g19440/z                    (u)     in_0->z R     unmapped_nand2         1   3.6     0    17     602    (-,-) 
  g19434/z                    (u)     in_1->z F     unmapped_nand2         3   9.6     0    22     624    (-,-) 
  g19421/z                    (u)     in_1->z F     unmapped_or2           6  19.2     0    30     654    (-,-) 
  g19398/z                    (u)     in_0->z F     unmapped_or2          14  44.8     0    42     696    (-,-) 
  g19339/z                    (u)     in_0->z F     unmapped_or2           1   3.2     0    17     713    (-,-) 
  g19306/z                    (u)     in_1->z R     unmapped_nand2         1   3.6     0    17     729    (-,-) 
  g20730/z                    (u)     in_0->z R     unmapped_complex2      3  10.8     0    22     751    (-,-) 
  g19248/z                    (u)     in_1->z F     unmapped_complex2      2   6.4     0    19     770    (-,-) 
  g18721/z                    (u)     in_1->z F     unmapped_or2           1   3.2     0    17     787    (-,-) 
  g19222/z                    (u)     in_0->z R     unmapped_complex2      1   3.6     0    17     803    (-,-) 
  g19215/z                    (u)     in_1->z F     unmapped_nand2         1   3.2     0    17     820    (-,-) 
  g19207/z                    (u)     in_1->z R     unmapped_nand2         1   3.6     0    17     836    (-,-) 
  g19196/z                    (u)     in_0->z F     unmapped_nand2         1   3.2     0    17     853    (-,-) 
  g19178/z                    (u)     in_1->z R     unmapped_nand2         1   3.6     0    17     870    (-,-) 
  g19164/z                    (u)     in_0->z F     unmapped_nand2         1   3.2     0    17     886    (-,-) 
  g19151/z                    (u)     in_0->z R     unmapped_nand2         1   3.6     0    17     903    (-,-) 
  g19128/z                    (u)     in_0->z F     unmapped_complex2      1   3.2     0    17     919    (-,-) 
  g20772/z                    (u)     in_0->z R     unmapped_complex2      1   3.6     0    17     936    (-,-) 
  g20773/z                    (u)     in_1->z F     unmapped_complex2      1   3.2     0    17     953    (-,-) 
  g20774/z                    (u)     in_1->z R     unmapped_complex2      1   3.6     0    17     969    (-,-) 
  g19124/z                    (u)     in_1->z F     unmapped_complex2      1   3.2     0    17     986    (-,-) 
  g19123/z                    (u)     in_0->z R     unmapped_complex2      1   3.6     0    17    1002    (-,-) 
  g19122/z                    (u)     in_0->z F     unmapped_complex2      1   3.2     0    17    1019    (-,-) 
  g20775/z                    (u)     in_0->z R     unmapped_complex2      1   3.6     0    17    1036    (-,-) 
  g20776/z                    (u)     in_1->z F     unmapped_complex2      1   3.2     0    17    1052    (-,-) 
  g20777/z                    (u)     in_1->z R     unmapped_complex2      1   3.6     0    17    1069    (-,-) 
  g19118/z                    (u)     in_1->z F     unmapped_complex2      1   3.2     0    17    1085    (-,-) 
  g19117/z                    (u)     in_1->z R     unmapped_nand2         1   3.6     0    17    1102    (-,-) 
  g19116/z                    (u)     in_1->z F     unmapped_nand2         1   3.2     0    17    1119    (-,-) 
  g19115/z                    (u)     in_0->z R     unmapped_nand2         1   3.6     0    17    1135    (-,-) 
  g20778/z                    (u)     in_0->z F     unmapped_complex2      4  12.8     0    24    1160    (-,-) 
  g19111/z                    (u)     in_0->z F     unmapped_or2          48 153.6     0    59    1218    (-,-) 
  g19071/z                    (u)     in_0->z F     unmapped_complex2      1   3.2     0    17    1235    (-,-) 
  g18990/z                    (u)     in_1->z R     unmapped_nand2         1   3.6     0    17    1252    (-,-) 
  g20809/z                    (u)     in_0->z R     unmapped_complex2      1   3.6     0    17    1268    (-,-) 
  smaller_mantissa_l_reg[3]/d -       -       R     unmapped_d_flop        1     -     -     0    1268    (-,-) 
#---------------------------------------------------------------------------------------------------------------

(u) : Net has unmapped pin(s).

Capture clock path:
#------------------------------------------------------------------------------------------------------------
#         Timing Point          Flags   Arc   Edge      Cell        Fanout Load Trans Delay Arrival Instance 
#                                                                          (fF)  (ps)  (ps)   (ps)  Location 
#------------------------------------------------------------------------------------------------------------
  clk                           (i,u)   -     R     (arrival)          100  0.0     0     0    1562    (-,-) 
  smaller_mantissa_l_reg[3]/clk <<<     -     R     unmapped_d_flop    100    -     1     0    1562    (-,-) 
#------------------------------------------------------------------------------------------------------------



Path 46: MET (256 ps) Setup Check with Pin smaller_mantissa_l_reg[2]/clk->d
           View: view_1p2_25
          Group: clock1
     Startpoint: (R) fp1_in[23]
          Clock: (R) clock1
       Endpoint: (R) smaller_mantissa_l_reg[2]/d
          Clock: (R) clock1

                     Capture       Launch     
        Clock Edge:+    1562            0     
        Drv Adjust:+       0            0     
       Src Latency:+       0            0     
       Net Latency:+       0 (I)        0 (I) 
           Arrival:=    1562            0     
                                              
             Setup:-      38                  
       Uncertainty:-       0                  
     Required Time:=    1525                  
      Launch Clock:-       0                  
       Input Delay:-       1                  
         Data Path:-    1267                  
             Slack:=     256                  

Exceptions/Constraints:
  input_delay              1              add_fp16.sdc_line_20_12_1   

#---------------------------------------------------------------------------------------------------------------
#        Timing Point         Flags    Arc    Edge       Cell         Fanout  Load Trans Delay Arrival Instance 
#                                                                             (fF)  (ps)  (ps)   (ps)  Location 
#---------------------------------------------------------------------------------------------------------------
  fp1_in[23]                  (u)     -       R     (arrival)              5  18.0     0     0       1    (-,-) 
  g20582/z                    (u)     in_1->z R     unmapped_or2           2   7.2     0    19      20    (-,-) 
  g20589/z                    (u)     in_0->z R     unmapped_complex2      1   3.6     0    17      37    (-,-) 
  g20245/z                    (u)     in_0->z F     unmapped_complex2      1   3.2     0    17      53    (-,-) 
  g20210/z                    (u)     in_1->z R     unmapped_nand2         1   3.6     0    17      70    (-,-) 
  g20197/z                    (u)     in_1->z F     unmapped_nand2         1   3.2     0    17      86    (-,-) 
  g20180/z                    (u)     in_0->z R     unmapped_nand2         1   3.6     0    17     103    (-,-) 
  g20161/z                    (u)     in_0->z F     unmapped_nand2         1   3.2     0    17     120    (-,-) 
  g20146/z                    (u)     in_0->z R     unmapped_nand2         2   7.2     0    19     139    (-,-) 
  g20140/z                    (u)     in_0->z F     unmapped_complex2      2   6.4     0    19     158    (-,-) 
  g20617/z                    (u)     in_0->z R     unmapped_complex2      1   3.6     0    17     174    (-,-) 
  g20119/z                    (u)     in_1->z R     unmapped_complex2      1   3.6     0    17     191    (-,-) 
  g20112/z                    (u)     in_0->z F     unmapped_complex2      1   3.2     0    17     208    (-,-) 
  g20107/z                    (u)     in_1->z R     unmapped_nand2         1   3.6     0    17     224    (-,-) 
  g20098/z                    (u)     in_1->z R     unmapped_complex2      1   3.6     0    17     241    (-,-) 
  g20090/z                    (u)     in_0->z F     unmapped_nand2         1   3.2     0    17     258    (-,-) 
  g20088/z                    (u)     in_0->z R     unmapped_nand2         1   3.6     0    17     274    (-,-) 
  g20080/z                    (u)     in_0->z F     unmapped_nand2        60 192.0     0    62     336    (-,-) 
  g20022/z                    (u)     in_0->z R     unmapped_nand2         1   3.6     0    17     353    (-,-) 
  g19981/z                    (u)     in_1->z F     unmapped_nand2         5  16.0     0    28     380    (-,-) 
  g19855/z                    (u)     in_0->z F     unmapped_or2           1   3.2     0    17     397    (-,-) 
  g19856/z                    (u)     in_1->z R     unmapped_nand2         4  14.4     0    24     422    (-,-) 
  g20641/z                    (u)     in_1->z F     unmapped_complex2      1   3.2     0    17     438    (-,-) 
  g19761/z                    (u)     in_0->z R     unmapped_nand2         3  10.8     0    22     460    (-,-) 
  g19751/z                    (u)     in_1->z F     unmapped_nand2         1   3.2     0    17     476    (-,-) 
  g19658/z                    (u)     in_0->z R     unmapped_nand2         3  10.8     0    22     498    (-,-) 
  g19589/z                    (u)     in_1->z F     unmapped_nand2         1   3.2     0    17     514    (-,-) 
  g19565/z                    (u)     in_0->z R     unmapped_nand2         3  10.8     0    22     536    (-,-) 
  g20681/z                    (u)     in_0->z R     unmapped_complex2      1   3.6     0    17     553    (-,-) 
  g19489/z                    (u)     in_0->z F     unmapped_nand2         1   3.2     0    17     569    (-,-) 
  g20699/z                    (u)     in_0->z F     unmapped_complex2      1   3.2     0    17     586    (-,-) 
  g19440/z                    (u)     in_0->z R     unmapped_nand2         1   3.6     0    17     602    (-,-) 
  g19434/z                    (u)     in_1->z F     unmapped_nand2         3   9.6     0    22     624    (-,-) 
  g19421/z                    (u)     in_1->z F     unmapped_or2           6  19.2     0    30     654    (-,-) 
  g19398/z                    (u)     in_0->z F     unmapped_or2          14  44.8     0    42     696    (-,-) 
  g19339/z                    (u)     in_0->z F     unmapped_or2           1   3.2     0    17     713    (-,-) 
  g19306/z                    (u)     in_1->z R     unmapped_nand2         1   3.6     0    17     729    (-,-) 
  g20730/z                    (u)     in_0->z R     unmapped_complex2      3  10.8     0    22     751    (-,-) 
  g19248/z                    (u)     in_1->z F     unmapped_complex2      2   6.4     0    19     770    (-,-) 
  g18721/z                    (u)     in_1->z F     unmapped_or2           1   3.2     0    17     787    (-,-) 
  g19222/z                    (u)     in_0->z R     unmapped_complex2      1   3.6     0    17     803    (-,-) 
  g19215/z                    (u)     in_1->z F     unmapped_nand2         1   3.2     0    17     820    (-,-) 
  g19207/z                    (u)     in_1->z R     unmapped_nand2         1   3.6     0    17     836    (-,-) 
  g19196/z                    (u)     in_0->z F     unmapped_nand2         1   3.2     0    17     853    (-,-) 
  g19178/z                    (u)     in_1->z R     unmapped_nand2         1   3.6     0    17     870    (-,-) 
  g19164/z                    (u)     in_0->z F     unmapped_nand2         1   3.2     0    17     886    (-,-) 
  g19151/z                    (u)     in_0->z R     unmapped_nand2         1   3.6     0    17     903    (-,-) 
  g19128/z                    (u)     in_0->z F     unmapped_complex2      1   3.2     0    17     919    (-,-) 
  g20772/z                    (u)     in_0->z R     unmapped_complex2      1   3.6     0    17     936    (-,-) 
  g20773/z                    (u)     in_1->z F     unmapped_complex2      1   3.2     0    17     953    (-,-) 
  g20774/z                    (u)     in_1->z R     unmapped_complex2      1   3.6     0    17     969    (-,-) 
  g19124/z                    (u)     in_1->z F     unmapped_complex2      1   3.2     0    17     986    (-,-) 
  g19123/z                    (u)     in_0->z R     unmapped_complex2      1   3.6     0    17    1002    (-,-) 
  g19122/z                    (u)     in_0->z F     unmapped_complex2      1   3.2     0    17    1019    (-,-) 
  g20775/z                    (u)     in_0->z R     unmapped_complex2      1   3.6     0    17    1036    (-,-) 
  g20776/z                    (u)     in_1->z F     unmapped_complex2      1   3.2     0    17    1052    (-,-) 
  g20777/z                    (u)     in_1->z R     unmapped_complex2      1   3.6     0    17    1069    (-,-) 
  g19118/z                    (u)     in_1->z F     unmapped_complex2      1   3.2     0    17    1085    (-,-) 
  g19117/z                    (u)     in_1->z R     unmapped_nand2         1   3.6     0    17    1102    (-,-) 
  g19116/z                    (u)     in_1->z F     unmapped_nand2         1   3.2     0    17    1119    (-,-) 
  g19115/z                    (u)     in_0->z R     unmapped_nand2         1   3.6     0    17    1135    (-,-) 
  g20778/z                    (u)     in_0->z F     unmapped_complex2      4  12.8     0    24    1160    (-,-) 
  g19111/z                    (u)     in_0->z F     unmapped_or2          48 153.6     0    59    1218    (-,-) 
  g19049/z                    (u)     in_0->z F     unmapped_complex2      1   3.2     0    17    1235    (-,-) 
  g19003/z                    (u)     in_1->z R     unmapped_nand2         1   3.6     0    17    1252    (-,-) 
  g20816/z                    (u)     in_0->z R     unmapped_complex2      1   3.6     0    17    1268    (-,-) 
  smaller_mantissa_l_reg[2]/d -       -       R     unmapped_d_flop        1     -     -     0    1268    (-,-) 
#---------------------------------------------------------------------------------------------------------------

(u) : Net has unmapped pin(s).

Capture clock path:
#------------------------------------------------------------------------------------------------------------
#         Timing Point          Flags   Arc   Edge      Cell        Fanout Load Trans Delay Arrival Instance 
#                                                                          (fF)  (ps)  (ps)   (ps)  Location 
#------------------------------------------------------------------------------------------------------------
  clk                           (i,u)   -     R     (arrival)          100  0.0     0     0    1562    (-,-) 
  smaller_mantissa_l_reg[2]/clk <<<     -     R     unmapped_d_flop    100    -     1     0    1562    (-,-) 
#------------------------------------------------------------------------------------------------------------



Path 47: MET (256 ps) Setup Check with Pin larger_mantissa_l_reg[24]/clk->d
           View: view_1p2_25
          Group: clock1
     Startpoint: (R) fp1_in[23]
          Clock: (R) clock1
       Endpoint: (R) larger_mantissa_l_reg[24]/d
          Clock: (R) clock1

                     Capture       Launch     
        Clock Edge:+    1562            0     
        Drv Adjust:+       0            0     
       Src Latency:+       0            0     
       Net Latency:+       0 (I)        0 (I) 
           Arrival:=    1562            0     
                                              
             Setup:-      38                  
       Uncertainty:-       0                  
     Required Time:=    1525                  
      Launch Clock:-       0                  
       Input Delay:-       1                  
         Data Path:-    1267                  
             Slack:=     256                  

Exceptions/Constraints:
  input_delay              1              add_fp16.sdc_line_20_12_1   

#---------------------------------------------------------------------------------------------------------------
#        Timing Point         Flags    Arc    Edge       Cell         Fanout  Load Trans Delay Arrival Instance 
#                                                                             (fF)  (ps)  (ps)   (ps)  Location 
#---------------------------------------------------------------------------------------------------------------
  fp1_in[23]                  (u)     -       R     (arrival)              5  18.0     0     0       1    (-,-) 
  g20582/z                    (u)     in_1->z R     unmapped_or2           2   7.2     0    19      20    (-,-) 
  g20589/z                    (u)     in_0->z R     unmapped_complex2      1   3.6     0    17      37    (-,-) 
  g20245/z                    (u)     in_0->z F     unmapped_complex2      1   3.2     0    17      53    (-,-) 
  g20210/z                    (u)     in_1->z R     unmapped_nand2         1   3.6     0    17      70    (-,-) 
  g20197/z                    (u)     in_1->z F     unmapped_nand2         1   3.2     0    17      86    (-,-) 
  g20180/z                    (u)     in_0->z R     unmapped_nand2         1   3.6     0    17     103    (-,-) 
  g20161/z                    (u)     in_0->z F     unmapped_nand2         1   3.2     0    17     120    (-,-) 
  g20146/z                    (u)     in_0->z R     unmapped_nand2         2   7.2     0    19     139    (-,-) 
  g20140/z                    (u)     in_0->z F     unmapped_complex2      2   6.4     0    19     158    (-,-) 
  g20617/z                    (u)     in_0->z R     unmapped_complex2      1   3.6     0    17     174    (-,-) 
  g20119/z                    (u)     in_1->z R     unmapped_complex2      1   3.6     0    17     191    (-,-) 
  g20112/z                    (u)     in_0->z F     unmapped_complex2      1   3.2     0    17     208    (-,-) 
  g20107/z                    (u)     in_1->z R     unmapped_nand2         1   3.6     0    17     224    (-,-) 
  g20098/z                    (u)     in_1->z R     unmapped_complex2      1   3.6     0    17     241    (-,-) 
  g20090/z                    (u)     in_0->z F     unmapped_nand2         1   3.2     0    17     258    (-,-) 
  g20088/z                    (u)     in_0->z R     unmapped_nand2         1   3.6     0    17     274    (-,-) 
  g20080/z                    (u)     in_0->z F     unmapped_nand2        60 192.0     0    62     336    (-,-) 
  g20022/z                    (u)     in_0->z R     unmapped_nand2         1   3.6     0    17     353    (-,-) 
  g19981/z                    (u)     in_1->z F     unmapped_nand2         5  16.0     0    28     380    (-,-) 
  g19855/z                    (u)     in_0->z F     unmapped_or2           1   3.2     0    17     397    (-,-) 
  g19856/z                    (u)     in_1->z R     unmapped_nand2         4  14.4     0    24     422    (-,-) 
  g20641/z                    (u)     in_1->z F     unmapped_complex2      1   3.2     0    17     438    (-,-) 
  g19761/z                    (u)     in_0->z R     unmapped_nand2         3  10.8     0    22     460    (-,-) 
  g19751/z                    (u)     in_1->z F     unmapped_nand2         1   3.2     0    17     476    (-,-) 
  g19658/z                    (u)     in_0->z R     unmapped_nand2         3  10.8     0    22     498    (-,-) 
  g19589/z                    (u)     in_1->z F     unmapped_nand2         1   3.2     0    17     514    (-,-) 
  g19565/z                    (u)     in_0->z R     unmapped_nand2         3  10.8     0    22     536    (-,-) 
  g20681/z                    (u)     in_0->z R     unmapped_complex2      1   3.6     0    17     553    (-,-) 
  g19489/z                    (u)     in_0->z F     unmapped_nand2         1   3.2     0    17     569    (-,-) 
  g20699/z                    (u)     in_0->z F     unmapped_complex2      1   3.2     0    17     586    (-,-) 
  g19440/z                    (u)     in_0->z R     unmapped_nand2         1   3.6     0    17     602    (-,-) 
  g19434/z                    (u)     in_1->z F     unmapped_nand2         3   9.6     0    22     624    (-,-) 
  g19421/z                    (u)     in_1->z F     unmapped_or2           6  19.2     0    30     654    (-,-) 
  g19398/z                    (u)     in_0->z F     unmapped_or2          14  44.8     0    42     696    (-,-) 
  g19339/z                    (u)     in_0->z F     unmapped_or2           1   3.2     0    17     713    (-,-) 
  g19306/z                    (u)     in_1->z R     unmapped_nand2         1   3.6     0    17     729    (-,-) 
  g20730/z                    (u)     in_0->z R     unmapped_complex2      3  10.8     0    22     751    (-,-) 
  g19248/z                    (u)     in_1->z F     unmapped_complex2      2   6.4     0    19     770    (-,-) 
  g18721/z                    (u)     in_1->z F     unmapped_or2           1   3.2     0    17     787    (-,-) 
  g19222/z                    (u)     in_0->z R     unmapped_complex2      1   3.6     0    17     803    (-,-) 
  g19215/z                    (u)     in_1->z F     unmapped_nand2         1   3.2     0    17     820    (-,-) 
  g19207/z                    (u)     in_1->z R     unmapped_nand2         1   3.6     0    17     836    (-,-) 
  g19196/z                    (u)     in_0->z F     unmapped_nand2         1   3.2     0    17     853    (-,-) 
  g19178/z                    (u)     in_1->z R     unmapped_nand2         1   3.6     0    17     870    (-,-) 
  g19164/z                    (u)     in_0->z F     unmapped_nand2         1   3.2     0    17     886    (-,-) 
  g19151/z                    (u)     in_0->z R     unmapped_nand2         1   3.6     0    17     903    (-,-) 
  g19128/z                    (u)     in_0->z F     unmapped_complex2      1   3.2     0    17     919    (-,-) 
  g20772/z                    (u)     in_0->z R     unmapped_complex2      1   3.6     0    17     936    (-,-) 
  g20773/z                    (u)     in_1->z F     unmapped_complex2      1   3.2     0    17     953    (-,-) 
  g20774/z                    (u)     in_1->z R     unmapped_complex2      1   3.6     0    17     969    (-,-) 
  g19124/z                    (u)     in_1->z F     unmapped_complex2      1   3.2     0    17     986    (-,-) 
  g19123/z                    (u)     in_0->z R     unmapped_complex2      1   3.6     0    17    1002    (-,-) 
  g19122/z                    (u)     in_0->z F     unmapped_complex2      1   3.2     0    17    1019    (-,-) 
  g20775/z                    (u)     in_0->z R     unmapped_complex2      1   3.6     0    17    1036    (-,-) 
  g20776/z                    (u)     in_1->z F     unmapped_complex2      1   3.2     0    17    1052    (-,-) 
  g20777/z                    (u)     in_1->z R     unmapped_complex2      1   3.6     0    17    1069    (-,-) 
  g19118/z                    (u)     in_1->z F     unmapped_complex2      1   3.2     0    17    1085    (-,-) 
  g19117/z                    (u)     in_1->z R     unmapped_nand2         1   3.6     0    17    1102    (-,-) 
  g19116/z                    (u)     in_1->z F     unmapped_nand2         1   3.2     0    17    1119    (-,-) 
  g19115/z                    (u)     in_0->z R     unmapped_nand2         1   3.6     0    17    1135    (-,-) 
  g20778/z                    (u)     in_0->z F     unmapped_complex2      4  12.8     0    24    1160    (-,-) 
  g19111/z                    (u)     in_0->z F     unmapped_or2          48 153.6     0    59    1218    (-,-) 
  g19041/z                    (u)     in_0->z F     unmapped_or2           1   3.2     0    17    1235    (-,-) 
  g18993/z                    (u)     in_1->z R     unmapped_nand2         1   3.6     0    17    1252    (-,-) 
  g20818/z                    (u)     in_0->z R     unmapped_complex2      1   3.6     0    17    1268    (-,-) 
  larger_mantissa_l_reg[24]/d -       -       R     unmapped_d_flop        1     -     -     0    1268    (-,-) 
#---------------------------------------------------------------------------------------------------------------

(u) : Net has unmapped pin(s).

Capture clock path:
#------------------------------------------------------------------------------------------------------------
#         Timing Point          Flags   Arc   Edge      Cell        Fanout Load Trans Delay Arrival Instance 
#                                                                          (fF)  (ps)  (ps)   (ps)  Location 
#------------------------------------------------------------------------------------------------------------
  clk                           (i,u)   -     R     (arrival)          100  0.0     0     0    1562    (-,-) 
  larger_mantissa_l_reg[24]/clk <<<     -     R     unmapped_d_flop    100    -     1     0    1562    (-,-) 
#------------------------------------------------------------------------------------------------------------



Path 48: MET (256 ps) Setup Check with Pin larger_mantissa_l_reg[23]/clk->d
           View: view_1p2_25
          Group: clock1
     Startpoint: (R) fp1_in[23]
          Clock: (R) clock1
       Endpoint: (R) larger_mantissa_l_reg[23]/d
          Clock: (R) clock1

                     Capture       Launch     
        Clock Edge:+    1562            0     
        Drv Adjust:+       0            0     
       Src Latency:+       0            0     
       Net Latency:+       0 (I)        0 (I) 
           Arrival:=    1562            0     
                                              
             Setup:-      38                  
       Uncertainty:-       0                  
     Required Time:=    1525                  
      Launch Clock:-       0                  
       Input Delay:-       1                  
         Data Path:-    1267                  
             Slack:=     256                  

Exceptions/Constraints:
  input_delay              1              add_fp16.sdc_line_20_12_1   

#---------------------------------------------------------------------------------------------------------------
#        Timing Point         Flags    Arc    Edge       Cell         Fanout  Load Trans Delay Arrival Instance 
#                                                                             (fF)  (ps)  (ps)   (ps)  Location 
#---------------------------------------------------------------------------------------------------------------
  fp1_in[23]                  (u)     -       R     (arrival)              5  18.0     0     0       1    (-,-) 
  g20582/z                    (u)     in_1->z R     unmapped_or2           2   7.2     0    19      20    (-,-) 
  g20589/z                    (u)     in_0->z R     unmapped_complex2      1   3.6     0    17      37    (-,-) 
  g20245/z                    (u)     in_0->z F     unmapped_complex2      1   3.2     0    17      53    (-,-) 
  g20210/z                    (u)     in_1->z R     unmapped_nand2         1   3.6     0    17      70    (-,-) 
  g20197/z                    (u)     in_1->z F     unmapped_nand2         1   3.2     0    17      86    (-,-) 
  g20180/z                    (u)     in_0->z R     unmapped_nand2         1   3.6     0    17     103    (-,-) 
  g20161/z                    (u)     in_0->z F     unmapped_nand2         1   3.2     0    17     120    (-,-) 
  g20146/z                    (u)     in_0->z R     unmapped_nand2         2   7.2     0    19     139    (-,-) 
  g20140/z                    (u)     in_0->z F     unmapped_complex2      2   6.4     0    19     158    (-,-) 
  g20617/z                    (u)     in_0->z R     unmapped_complex2      1   3.6     0    17     174    (-,-) 
  g20119/z                    (u)     in_1->z R     unmapped_complex2      1   3.6     0    17     191    (-,-) 
  g20112/z                    (u)     in_0->z F     unmapped_complex2      1   3.2     0    17     208    (-,-) 
  g20107/z                    (u)     in_1->z R     unmapped_nand2         1   3.6     0    17     224    (-,-) 
  g20098/z                    (u)     in_1->z R     unmapped_complex2      1   3.6     0    17     241    (-,-) 
  g20090/z                    (u)     in_0->z F     unmapped_nand2         1   3.2     0    17     258    (-,-) 
  g20088/z                    (u)     in_0->z R     unmapped_nand2         1   3.6     0    17     274    (-,-) 
  g20080/z                    (u)     in_0->z F     unmapped_nand2        60 192.0     0    62     336    (-,-) 
  g20022/z                    (u)     in_0->z R     unmapped_nand2         1   3.6     0    17     353    (-,-) 
  g19981/z                    (u)     in_1->z F     unmapped_nand2         5  16.0     0    28     380    (-,-) 
  g19855/z                    (u)     in_0->z F     unmapped_or2           1   3.2     0    17     397    (-,-) 
  g19856/z                    (u)     in_1->z R     unmapped_nand2         4  14.4     0    24     422    (-,-) 
  g20641/z                    (u)     in_1->z F     unmapped_complex2      1   3.2     0    17     438    (-,-) 
  g19761/z                    (u)     in_0->z R     unmapped_nand2         3  10.8     0    22     460    (-,-) 
  g19751/z                    (u)     in_1->z F     unmapped_nand2         1   3.2     0    17     476    (-,-) 
  g19658/z                    (u)     in_0->z R     unmapped_nand2         3  10.8     0    22     498    (-,-) 
  g19589/z                    (u)     in_1->z F     unmapped_nand2         1   3.2     0    17     514    (-,-) 
  g19565/z                    (u)     in_0->z R     unmapped_nand2         3  10.8     0    22     536    (-,-) 
  g20681/z                    (u)     in_0->z R     unmapped_complex2      1   3.6     0    17     553    (-,-) 
  g19489/z                    (u)     in_0->z F     unmapped_nand2         1   3.2     0    17     569    (-,-) 
  g20699/z                    (u)     in_0->z F     unmapped_complex2      1   3.2     0    17     586    (-,-) 
  g19440/z                    (u)     in_0->z R     unmapped_nand2         1   3.6     0    17     602    (-,-) 
  g19434/z                    (u)     in_1->z F     unmapped_nand2         3   9.6     0    22     624    (-,-) 
  g19421/z                    (u)     in_1->z F     unmapped_or2           6  19.2     0    30     654    (-,-) 
  g19398/z                    (u)     in_0->z F     unmapped_or2          14  44.8     0    42     696    (-,-) 
  g19339/z                    (u)     in_0->z F     unmapped_or2           1   3.2     0    17     713    (-,-) 
  g19306/z                    (u)     in_1->z R     unmapped_nand2         1   3.6     0    17     729    (-,-) 
  g20730/z                    (u)     in_0->z R     unmapped_complex2      3  10.8     0    22     751    (-,-) 
  g19248/z                    (u)     in_1->z F     unmapped_complex2      2   6.4     0    19     770    (-,-) 
  g18721/z                    (u)     in_1->z F     unmapped_or2           1   3.2     0    17     787    (-,-) 
  g19222/z                    (u)     in_0->z R     unmapped_complex2      1   3.6     0    17     803    (-,-) 
  g19215/z                    (u)     in_1->z F     unmapped_nand2         1   3.2     0    17     820    (-,-) 
  g19207/z                    (u)     in_1->z R     unmapped_nand2         1   3.6     0    17     836    (-,-) 
  g19196/z                    (u)     in_0->z F     unmapped_nand2         1   3.2     0    17     853    (-,-) 
  g19178/z                    (u)     in_1->z R     unmapped_nand2         1   3.6     0    17     870    (-,-) 
  g19164/z                    (u)     in_0->z F     unmapped_nand2         1   3.2     0    17     886    (-,-) 
  g19151/z                    (u)     in_0->z R     unmapped_nand2         1   3.6     0    17     903    (-,-) 
  g19128/z                    (u)     in_0->z F     unmapped_complex2      1   3.2     0    17     919    (-,-) 
  g20772/z                    (u)     in_0->z R     unmapped_complex2      1   3.6     0    17     936    (-,-) 
  g20773/z                    (u)     in_1->z F     unmapped_complex2      1   3.2     0    17     953    (-,-) 
  g20774/z                    (u)     in_1->z R     unmapped_complex2      1   3.6     0    17     969    (-,-) 
  g19124/z                    (u)     in_1->z F     unmapped_complex2      1   3.2     0    17     986    (-,-) 
  g19123/z                    (u)     in_0->z R     unmapped_complex2      1   3.6     0    17    1002    (-,-) 
  g19122/z                    (u)     in_0->z F     unmapped_complex2      1   3.2     0    17    1019    (-,-) 
  g20775/z                    (u)     in_0->z R     unmapped_complex2      1   3.6     0    17    1036    (-,-) 
  g20776/z                    (u)     in_1->z F     unmapped_complex2      1   3.2     0    17    1052    (-,-) 
  g20777/z                    (u)     in_1->z R     unmapped_complex2      1   3.6     0    17    1069    (-,-) 
  g19118/z                    (u)     in_1->z F     unmapped_complex2      1   3.2     0    17    1085    (-,-) 
  g19117/z                    (u)     in_1->z R     unmapped_nand2         1   3.6     0    17    1102    (-,-) 
  g19116/z                    (u)     in_1->z F     unmapped_nand2         1   3.2     0    17    1119    (-,-) 
  g19115/z                    (u)     in_0->z R     unmapped_nand2         1   3.6     0    17    1135    (-,-) 
  g20778/z                    (u)     in_0->z F     unmapped_complex2      4  12.8     0    24    1160    (-,-) 
  g19111/z                    (u)     in_0->z F     unmapped_or2          48 153.6     0    59    1218    (-,-) 
  g19094/z                    (u)     in_0->z F     unmapped_or2           1   3.2     0    17    1235    (-,-) 
  g18981/z                    (u)     in_1->z R     unmapped_nand2         1   3.6     0    17    1252    (-,-) 
  g20804/z                    (u)     in_0->z R     unmapped_complex2      1   3.6     0    17    1268    (-,-) 
  larger_mantissa_l_reg[23]/d -       -       R     unmapped_d_flop        1     -     -     0    1268    (-,-) 
#---------------------------------------------------------------------------------------------------------------

(u) : Net has unmapped pin(s).

Capture clock path:
#------------------------------------------------------------------------------------------------------------
#         Timing Point          Flags   Arc   Edge      Cell        Fanout Load Trans Delay Arrival Instance 
#                                                                          (fF)  (ps)  (ps)   (ps)  Location 
#------------------------------------------------------------------------------------------------------------
  clk                           (i,u)   -     R     (arrival)          100  0.0     0     0    1562    (-,-) 
  larger_mantissa_l_reg[23]/clk <<<     -     R     unmapped_d_flop    100    -     1     0    1562    (-,-) 
#------------------------------------------------------------------------------------------------------------



Path 49: MET (256 ps) Setup Check with Pin larger_mantissa_l_reg[22]/clk->d
           View: view_1p2_25
          Group: clock1
     Startpoint: (R) fp1_in[23]
          Clock: (R) clock1
       Endpoint: (R) larger_mantissa_l_reg[22]/d
          Clock: (R) clock1

                     Capture       Launch     
        Clock Edge:+    1562            0     
        Drv Adjust:+       0            0     
       Src Latency:+       0            0     
       Net Latency:+       0 (I)        0 (I) 
           Arrival:=    1562            0     
                                              
             Setup:-      38                  
       Uncertainty:-       0                  
     Required Time:=    1525                  
      Launch Clock:-       0                  
       Input Delay:-       1                  
         Data Path:-    1267                  
             Slack:=     256                  

Exceptions/Constraints:
  input_delay              1              add_fp16.sdc_line_20_12_1   

#---------------------------------------------------------------------------------------------------------------
#        Timing Point         Flags    Arc    Edge       Cell         Fanout  Load Trans Delay Arrival Instance 
#                                                                             (fF)  (ps)  (ps)   (ps)  Location 
#---------------------------------------------------------------------------------------------------------------
  fp1_in[23]                  (u)     -       R     (arrival)              5  18.0     0     0       1    (-,-) 
  g20582/z                    (u)     in_1->z R     unmapped_or2           2   7.2     0    19      20    (-,-) 
  g20589/z                    (u)     in_0->z R     unmapped_complex2      1   3.6     0    17      37    (-,-) 
  g20245/z                    (u)     in_0->z F     unmapped_complex2      1   3.2     0    17      53    (-,-) 
  g20210/z                    (u)     in_1->z R     unmapped_nand2         1   3.6     0    17      70    (-,-) 
  g20197/z                    (u)     in_1->z F     unmapped_nand2         1   3.2     0    17      86    (-,-) 
  g20180/z                    (u)     in_0->z R     unmapped_nand2         1   3.6     0    17     103    (-,-) 
  g20161/z                    (u)     in_0->z F     unmapped_nand2         1   3.2     0    17     120    (-,-) 
  g20146/z                    (u)     in_0->z R     unmapped_nand2         2   7.2     0    19     139    (-,-) 
  g20140/z                    (u)     in_0->z F     unmapped_complex2      2   6.4     0    19     158    (-,-) 
  g20617/z                    (u)     in_0->z R     unmapped_complex2      1   3.6     0    17     174    (-,-) 
  g20119/z                    (u)     in_1->z R     unmapped_complex2      1   3.6     0    17     191    (-,-) 
  g20112/z                    (u)     in_0->z F     unmapped_complex2      1   3.2     0    17     208    (-,-) 
  g20107/z                    (u)     in_1->z R     unmapped_nand2         1   3.6     0    17     224    (-,-) 
  g20098/z                    (u)     in_1->z R     unmapped_complex2      1   3.6     0    17     241    (-,-) 
  g20090/z                    (u)     in_0->z F     unmapped_nand2         1   3.2     0    17     258    (-,-) 
  g20088/z                    (u)     in_0->z R     unmapped_nand2         1   3.6     0    17     274    (-,-) 
  g20080/z                    (u)     in_0->z F     unmapped_nand2        60 192.0     0    62     336    (-,-) 
  g20022/z                    (u)     in_0->z R     unmapped_nand2         1   3.6     0    17     353    (-,-) 
  g19981/z                    (u)     in_1->z F     unmapped_nand2         5  16.0     0    28     380    (-,-) 
  g19855/z                    (u)     in_0->z F     unmapped_or2           1   3.2     0    17     397    (-,-) 
  g19856/z                    (u)     in_1->z R     unmapped_nand2         4  14.4     0    24     422    (-,-) 
  g20641/z                    (u)     in_1->z F     unmapped_complex2      1   3.2     0    17     438    (-,-) 
  g19761/z                    (u)     in_0->z R     unmapped_nand2         3  10.8     0    22     460    (-,-) 
  g19751/z                    (u)     in_1->z F     unmapped_nand2         1   3.2     0    17     476    (-,-) 
  g19658/z                    (u)     in_0->z R     unmapped_nand2         3  10.8     0    22     498    (-,-) 
  g19589/z                    (u)     in_1->z F     unmapped_nand2         1   3.2     0    17     514    (-,-) 
  g19565/z                    (u)     in_0->z R     unmapped_nand2         3  10.8     0    22     536    (-,-) 
  g20681/z                    (u)     in_0->z R     unmapped_complex2      1   3.6     0    17     553    (-,-) 
  g19489/z                    (u)     in_0->z F     unmapped_nand2         1   3.2     0    17     569    (-,-) 
  g20699/z                    (u)     in_0->z F     unmapped_complex2      1   3.2     0    17     586    (-,-) 
  g19440/z                    (u)     in_0->z R     unmapped_nand2         1   3.6     0    17     602    (-,-) 
  g19434/z                    (u)     in_1->z F     unmapped_nand2         3   9.6     0    22     624    (-,-) 
  g19421/z                    (u)     in_1->z F     unmapped_or2           6  19.2     0    30     654    (-,-) 
  g19398/z                    (u)     in_0->z F     unmapped_or2          14  44.8     0    42     696    (-,-) 
  g19339/z                    (u)     in_0->z F     unmapped_or2           1   3.2     0    17     713    (-,-) 
  g19306/z                    (u)     in_1->z R     unmapped_nand2         1   3.6     0    17     729    (-,-) 
  g20730/z                    (u)     in_0->z R     unmapped_complex2      3  10.8     0    22     751    (-,-) 
  g19248/z                    (u)     in_1->z F     unmapped_complex2      2   6.4     0    19     770    (-,-) 
  g18721/z                    (u)     in_1->z F     unmapped_or2           1   3.2     0    17     787    (-,-) 
  g19222/z                    (u)     in_0->z R     unmapped_complex2      1   3.6     0    17     803    (-,-) 
  g19215/z                    (u)     in_1->z F     unmapped_nand2         1   3.2     0    17     820    (-,-) 
  g19207/z                    (u)     in_1->z R     unmapped_nand2         1   3.6     0    17     836    (-,-) 
  g19196/z                    (u)     in_0->z F     unmapped_nand2         1   3.2     0    17     853    (-,-) 
  g19178/z                    (u)     in_1->z R     unmapped_nand2         1   3.6     0    17     870    (-,-) 
  g19164/z                    (u)     in_0->z F     unmapped_nand2         1   3.2     0    17     886    (-,-) 
  g19151/z                    (u)     in_0->z R     unmapped_nand2         1   3.6     0    17     903    (-,-) 
  g19128/z                    (u)     in_0->z F     unmapped_complex2      1   3.2     0    17     919    (-,-) 
  g20772/z                    (u)     in_0->z R     unmapped_complex2      1   3.6     0    17     936    (-,-) 
  g20773/z                    (u)     in_1->z F     unmapped_complex2      1   3.2     0    17     953    (-,-) 
  g20774/z                    (u)     in_1->z R     unmapped_complex2      1   3.6     0    17     969    (-,-) 
  g19124/z                    (u)     in_1->z F     unmapped_complex2      1   3.2     0    17     986    (-,-) 
  g19123/z                    (u)     in_0->z R     unmapped_complex2      1   3.6     0    17    1002    (-,-) 
  g19122/z                    (u)     in_0->z F     unmapped_complex2      1   3.2     0    17    1019    (-,-) 
  g20775/z                    (u)     in_0->z R     unmapped_complex2      1   3.6     0    17    1036    (-,-) 
  g20776/z                    (u)     in_1->z F     unmapped_complex2      1   3.2     0    17    1052    (-,-) 
  g20777/z                    (u)     in_1->z R     unmapped_complex2      1   3.6     0    17    1069    (-,-) 
  g19118/z                    (u)     in_1->z F     unmapped_complex2      1   3.2     0    17    1085    (-,-) 
  g19117/z                    (u)     in_1->z R     unmapped_nand2         1   3.6     0    17    1102    (-,-) 
  g19116/z                    (u)     in_1->z F     unmapped_nand2         1   3.2     0    17    1119    (-,-) 
  g19115/z                    (u)     in_0->z R     unmapped_nand2         1   3.6     0    17    1135    (-,-) 
  g20778/z                    (u)     in_0->z F     unmapped_complex2      4  12.8     0    24    1160    (-,-) 
  g19111/z                    (u)     in_0->z F     unmapped_or2          48 153.6     0    59    1218    (-,-) 
  g19037/z                    (u)     in_0->z F     unmapped_or2           1   3.2     0    17    1235    (-,-) 
  g18988/z                    (u)     in_1->z R     unmapped_nand2         1   3.6     0    17    1252    (-,-) 
  g20819/z                    (u)     in_0->z R     unmapped_complex2      1   3.6     0    17    1268    (-,-) 
  larger_mantissa_l_reg[22]/d -       -       R     unmapped_d_flop        1     -     -     0    1268    (-,-) 
#---------------------------------------------------------------------------------------------------------------

(u) : Net has unmapped pin(s).

Capture clock path:
#------------------------------------------------------------------------------------------------------------
#         Timing Point          Flags   Arc   Edge      Cell        Fanout Load Trans Delay Arrival Instance 
#                                                                          (fF)  (ps)  (ps)   (ps)  Location 
#------------------------------------------------------------------------------------------------------------
  clk                           (i,u)   -     R     (arrival)          100  0.0     0     0    1562    (-,-) 
  larger_mantissa_l_reg[22]/clk <<<     -     R     unmapped_d_flop    100    -     1     0    1562    (-,-) 
#------------------------------------------------------------------------------------------------------------



Path 50: MET (256 ps) Setup Check with Pin larger_mantissa_l_reg[21]/clk->d
           View: view_1p2_25
          Group: clock1
     Startpoint: (R) fp1_in[23]
          Clock: (R) clock1
       Endpoint: (R) larger_mantissa_l_reg[21]/d
          Clock: (R) clock1

                     Capture       Launch     
        Clock Edge:+    1562            0     
        Drv Adjust:+       0            0     
       Src Latency:+       0            0     
       Net Latency:+       0 (I)        0 (I) 
           Arrival:=    1562            0     
                                              
             Setup:-      38                  
       Uncertainty:-       0                  
     Required Time:=    1525                  
      Launch Clock:-       0                  
       Input Delay:-       1                  
         Data Path:-    1267                  
             Slack:=     256                  

Exceptions/Constraints:
  input_delay              1              add_fp16.sdc_line_20_12_1   

#---------------------------------------------------------------------------------------------------------------
#        Timing Point         Flags    Arc    Edge       Cell         Fanout  Load Trans Delay Arrival Instance 
#                                                                             (fF)  (ps)  (ps)   (ps)  Location 
#---------------------------------------------------------------------------------------------------------------
  fp1_in[23]                  (u)     -       R     (arrival)              5  18.0     0     0       1    (-,-) 
  g20582/z                    (u)     in_1->z R     unmapped_or2           2   7.2     0    19      20    (-,-) 
  g20589/z                    (u)     in_0->z R     unmapped_complex2      1   3.6     0    17      37    (-,-) 
  g20245/z                    (u)     in_0->z F     unmapped_complex2      1   3.2     0    17      53    (-,-) 
  g20210/z                    (u)     in_1->z R     unmapped_nand2         1   3.6     0    17      70    (-,-) 
  g20197/z                    (u)     in_1->z F     unmapped_nand2         1   3.2     0    17      86    (-,-) 
  g20180/z                    (u)     in_0->z R     unmapped_nand2         1   3.6     0    17     103    (-,-) 
  g20161/z                    (u)     in_0->z F     unmapped_nand2         1   3.2     0    17     120    (-,-) 
  g20146/z                    (u)     in_0->z R     unmapped_nand2         2   7.2     0    19     139    (-,-) 
  g20140/z                    (u)     in_0->z F     unmapped_complex2      2   6.4     0    19     158    (-,-) 
  g20617/z                    (u)     in_0->z R     unmapped_complex2      1   3.6     0    17     174    (-,-) 
  g20119/z                    (u)     in_1->z R     unmapped_complex2      1   3.6     0    17     191    (-,-) 
  g20112/z                    (u)     in_0->z F     unmapped_complex2      1   3.2     0    17     208    (-,-) 
  g20107/z                    (u)     in_1->z R     unmapped_nand2         1   3.6     0    17     224    (-,-) 
  g20098/z                    (u)     in_1->z R     unmapped_complex2      1   3.6     0    17     241    (-,-) 
  g20090/z                    (u)     in_0->z F     unmapped_nand2         1   3.2     0    17     258    (-,-) 
  g20088/z                    (u)     in_0->z R     unmapped_nand2         1   3.6     0    17     274    (-,-) 
  g20080/z                    (u)     in_0->z F     unmapped_nand2        60 192.0     0    62     336    (-,-) 
  g20022/z                    (u)     in_0->z R     unmapped_nand2         1   3.6     0    17     353    (-,-) 
  g19981/z                    (u)     in_1->z F     unmapped_nand2         5  16.0     0    28     380    (-,-) 
  g19855/z                    (u)     in_0->z F     unmapped_or2           1   3.2     0    17     397    (-,-) 
  g19856/z                    (u)     in_1->z R     unmapped_nand2         4  14.4     0    24     422    (-,-) 
  g20641/z                    (u)     in_1->z F     unmapped_complex2      1   3.2     0    17     438    (-,-) 
  g19761/z                    (u)     in_0->z R     unmapped_nand2         3  10.8     0    22     460    (-,-) 
  g19751/z                    (u)     in_1->z F     unmapped_nand2         1   3.2     0    17     476    (-,-) 
  g19658/z                    (u)     in_0->z R     unmapped_nand2         3  10.8     0    22     498    (-,-) 
  g19589/z                    (u)     in_1->z F     unmapped_nand2         1   3.2     0    17     514    (-,-) 
  g19565/z                    (u)     in_0->z R     unmapped_nand2         3  10.8     0    22     536    (-,-) 
  g20681/z                    (u)     in_0->z R     unmapped_complex2      1   3.6     0    17     553    (-,-) 
  g19489/z                    (u)     in_0->z F     unmapped_nand2         1   3.2     0    17     569    (-,-) 
  g20699/z                    (u)     in_0->z F     unmapped_complex2      1   3.2     0    17     586    (-,-) 
  g19440/z                    (u)     in_0->z R     unmapped_nand2         1   3.6     0    17     602    (-,-) 
  g19434/z                    (u)     in_1->z F     unmapped_nand2         3   9.6     0    22     624    (-,-) 
  g19421/z                    (u)     in_1->z F     unmapped_or2           6  19.2     0    30     654    (-,-) 
  g19398/z                    (u)     in_0->z F     unmapped_or2          14  44.8     0    42     696    (-,-) 
  g19339/z                    (u)     in_0->z F     unmapped_or2           1   3.2     0    17     713    (-,-) 
  g19306/z                    (u)     in_1->z R     unmapped_nand2         1   3.6     0    17     729    (-,-) 
  g20730/z                    (u)     in_0->z R     unmapped_complex2      3  10.8     0    22     751    (-,-) 
  g19248/z                    (u)     in_1->z F     unmapped_complex2      2   6.4     0    19     770    (-,-) 
  g18721/z                    (u)     in_1->z F     unmapped_or2           1   3.2     0    17     787    (-,-) 
  g19222/z                    (u)     in_0->z R     unmapped_complex2      1   3.6     0    17     803    (-,-) 
  g19215/z                    (u)     in_1->z F     unmapped_nand2         1   3.2     0    17     820    (-,-) 
  g19207/z                    (u)     in_1->z R     unmapped_nand2         1   3.6     0    17     836    (-,-) 
  g19196/z                    (u)     in_0->z F     unmapped_nand2         1   3.2     0    17     853    (-,-) 
  g19178/z                    (u)     in_1->z R     unmapped_nand2         1   3.6     0    17     870    (-,-) 
  g19164/z                    (u)     in_0->z F     unmapped_nand2         1   3.2     0    17     886    (-,-) 
  g19151/z                    (u)     in_0->z R     unmapped_nand2         1   3.6     0    17     903    (-,-) 
  g19128/z                    (u)     in_0->z F     unmapped_complex2      1   3.2     0    17     919    (-,-) 
  g20772/z                    (u)     in_0->z R     unmapped_complex2      1   3.6     0    17     936    (-,-) 
  g20773/z                    (u)     in_1->z F     unmapped_complex2      1   3.2     0    17     953    (-,-) 
  g20774/z                    (u)     in_1->z R     unmapped_complex2      1   3.6     0    17     969    (-,-) 
  g19124/z                    (u)     in_1->z F     unmapped_complex2      1   3.2     0    17     986    (-,-) 
  g19123/z                    (u)     in_0->z R     unmapped_complex2      1   3.6     0    17    1002    (-,-) 
  g19122/z                    (u)     in_0->z F     unmapped_complex2      1   3.2     0    17    1019    (-,-) 
  g20775/z                    (u)     in_0->z R     unmapped_complex2      1   3.6     0    17    1036    (-,-) 
  g20776/z                    (u)     in_1->z F     unmapped_complex2      1   3.2     0    17    1052    (-,-) 
  g20777/z                    (u)     in_1->z R     unmapped_complex2      1   3.6     0    17    1069    (-,-) 
  g19118/z                    (u)     in_1->z F     unmapped_complex2      1   3.2     0    17    1085    (-,-) 
  g19117/z                    (u)     in_1->z R     unmapped_nand2         1   3.6     0    17    1102    (-,-) 
  g19116/z                    (u)     in_1->z F     unmapped_nand2         1   3.2     0    17    1119    (-,-) 
  g19115/z                    (u)     in_0->z R     unmapped_nand2         1   3.6     0    17    1135    (-,-) 
  g20778/z                    (u)     in_0->z F     unmapped_complex2      4  12.8     0    24    1160    (-,-) 
  g19111/z                    (u)     in_0->z F     unmapped_or2          48 153.6     0    59    1218    (-,-) 
  g19025/z                    (u)     in_0->z F     unmapped_or2           1   3.2     0    17    1235    (-,-) 
  g18987/z                    (u)     in_1->z R     unmapped_nand2         1   3.6     0    17    1252    (-,-) 
  g20820/z                    (u)     in_0->z R     unmapped_complex2      1   3.6     0    17    1268    (-,-) 
  larger_mantissa_l_reg[21]/d -       -       R     unmapped_d_flop        1     -     -     0    1268    (-,-) 
#---------------------------------------------------------------------------------------------------------------

(u) : Net has unmapped pin(s).

Capture clock path:
#------------------------------------------------------------------------------------------------------------
#         Timing Point          Flags   Arc   Edge      Cell        Fanout Load Trans Delay Arrival Instance 
#                                                                          (fF)  (ps)  (ps)   (ps)  Location 
#------------------------------------------------------------------------------------------------------------
  clk                           (i,u)   -     R     (arrival)          100  0.0     0     0    1562    (-,-) 
  larger_mantissa_l_reg[21]/clk <<<     -     R     unmapped_d_flop    100    -     1     0    1562    (-,-) 
#------------------------------------------------------------------------------------------------------------



Path 51: MET (256 ps) Setup Check with Pin larger_mantissa_l_reg[20]/clk->d
           View: view_1p2_25
          Group: clock1
     Startpoint: (R) fp1_in[23]
          Clock: (R) clock1
       Endpoint: (R) larger_mantissa_l_reg[20]/d
          Clock: (R) clock1

                     Capture       Launch     
        Clock Edge:+    1562            0     
        Drv Adjust:+       0            0     
       Src Latency:+       0            0     
       Net Latency:+       0 (I)        0 (I) 
           Arrival:=    1562            0     
                                              
             Setup:-      38                  
       Uncertainty:-       0                  
     Required Time:=    1525                  
      Launch Clock:-       0                  
       Input Delay:-       1                  
         Data Path:-    1267                  
             Slack:=     256                  

Exceptions/Constraints:
  input_delay              1              add_fp16.sdc_line_20_12_1   

#---------------------------------------------------------------------------------------------------------------
#        Timing Point         Flags    Arc    Edge       Cell         Fanout  Load Trans Delay Arrival Instance 
#                                                                             (fF)  (ps)  (ps)   (ps)  Location 
#---------------------------------------------------------------------------------------------------------------
  fp1_in[23]                  (u)     -       R     (arrival)              5  18.0     0     0       1    (-,-) 
  g20582/z                    (u)     in_1->z R     unmapped_or2           2   7.2     0    19      20    (-,-) 
  g20589/z                    (u)     in_0->z R     unmapped_complex2      1   3.6     0    17      37    (-,-) 
  g20245/z                    (u)     in_0->z F     unmapped_complex2      1   3.2     0    17      53    (-,-) 
  g20210/z                    (u)     in_1->z R     unmapped_nand2         1   3.6     0    17      70    (-,-) 
  g20197/z                    (u)     in_1->z F     unmapped_nand2         1   3.2     0    17      86    (-,-) 
  g20180/z                    (u)     in_0->z R     unmapped_nand2         1   3.6     0    17     103    (-,-) 
  g20161/z                    (u)     in_0->z F     unmapped_nand2         1   3.2     0    17     120    (-,-) 
  g20146/z                    (u)     in_0->z R     unmapped_nand2         2   7.2     0    19     139    (-,-) 
  g20140/z                    (u)     in_0->z F     unmapped_complex2      2   6.4     0    19     158    (-,-) 
  g20617/z                    (u)     in_0->z R     unmapped_complex2      1   3.6     0    17     174    (-,-) 
  g20119/z                    (u)     in_1->z R     unmapped_complex2      1   3.6     0    17     191    (-,-) 
  g20112/z                    (u)     in_0->z F     unmapped_complex2      1   3.2     0    17     208    (-,-) 
  g20107/z                    (u)     in_1->z R     unmapped_nand2         1   3.6     0    17     224    (-,-) 
  g20098/z                    (u)     in_1->z R     unmapped_complex2      1   3.6     0    17     241    (-,-) 
  g20090/z                    (u)     in_0->z F     unmapped_nand2         1   3.2     0    17     258    (-,-) 
  g20088/z                    (u)     in_0->z R     unmapped_nand2         1   3.6     0    17     274    (-,-) 
  g20080/z                    (u)     in_0->z F     unmapped_nand2        60 192.0     0    62     336    (-,-) 
  g20022/z                    (u)     in_0->z R     unmapped_nand2         1   3.6     0    17     353    (-,-) 
  g19981/z                    (u)     in_1->z F     unmapped_nand2         5  16.0     0    28     380    (-,-) 
  g19855/z                    (u)     in_0->z F     unmapped_or2           1   3.2     0    17     397    (-,-) 
  g19856/z                    (u)     in_1->z R     unmapped_nand2         4  14.4     0    24     422    (-,-) 
  g20641/z                    (u)     in_1->z F     unmapped_complex2      1   3.2     0    17     438    (-,-) 
  g19761/z                    (u)     in_0->z R     unmapped_nand2         3  10.8     0    22     460    (-,-) 
  g19751/z                    (u)     in_1->z F     unmapped_nand2         1   3.2     0    17     476    (-,-) 
  g19658/z                    (u)     in_0->z R     unmapped_nand2         3  10.8     0    22     498    (-,-) 
  g19589/z                    (u)     in_1->z F     unmapped_nand2         1   3.2     0    17     514    (-,-) 
  g19565/z                    (u)     in_0->z R     unmapped_nand2         3  10.8     0    22     536    (-,-) 
  g20681/z                    (u)     in_0->z R     unmapped_complex2      1   3.6     0    17     553    (-,-) 
  g19489/z                    (u)     in_0->z F     unmapped_nand2         1   3.2     0    17     569    (-,-) 
  g20699/z                    (u)     in_0->z F     unmapped_complex2      1   3.2     0    17     586    (-,-) 
  g19440/z                    (u)     in_0->z R     unmapped_nand2         1   3.6     0    17     602    (-,-) 
  g19434/z                    (u)     in_1->z F     unmapped_nand2         3   9.6     0    22     624    (-,-) 
  g19421/z                    (u)     in_1->z F     unmapped_or2           6  19.2     0    30     654    (-,-) 
  g19398/z                    (u)     in_0->z F     unmapped_or2          14  44.8     0    42     696    (-,-) 
  g19339/z                    (u)     in_0->z F     unmapped_or2           1   3.2     0    17     713    (-,-) 
  g19306/z                    (u)     in_1->z R     unmapped_nand2         1   3.6     0    17     729    (-,-) 
  g20730/z                    (u)     in_0->z R     unmapped_complex2      3  10.8     0    22     751    (-,-) 
  g19248/z                    (u)     in_1->z F     unmapped_complex2      2   6.4     0    19     770    (-,-) 
  g18721/z                    (u)     in_1->z F     unmapped_or2           1   3.2     0    17     787    (-,-) 
  g19222/z                    (u)     in_0->z R     unmapped_complex2      1   3.6     0    17     803    (-,-) 
  g19215/z                    (u)     in_1->z F     unmapped_nand2         1   3.2     0    17     820    (-,-) 
  g19207/z                    (u)     in_1->z R     unmapped_nand2         1   3.6     0    17     836    (-,-) 
  g19196/z                    (u)     in_0->z F     unmapped_nand2         1   3.2     0    17     853    (-,-) 
  g19178/z                    (u)     in_1->z R     unmapped_nand2         1   3.6     0    17     870    (-,-) 
  g19164/z                    (u)     in_0->z F     unmapped_nand2         1   3.2     0    17     886    (-,-) 
  g19151/z                    (u)     in_0->z R     unmapped_nand2         1   3.6     0    17     903    (-,-) 
  g19128/z                    (u)     in_0->z F     unmapped_complex2      1   3.2     0    17     919    (-,-) 
  g20772/z                    (u)     in_0->z R     unmapped_complex2      1   3.6     0    17     936    (-,-) 
  g20773/z                    (u)     in_1->z F     unmapped_complex2      1   3.2     0    17     953    (-,-) 
  g20774/z                    (u)     in_1->z R     unmapped_complex2      1   3.6     0    17     969    (-,-) 
  g19124/z                    (u)     in_1->z F     unmapped_complex2      1   3.2     0    17     986    (-,-) 
  g19123/z                    (u)     in_0->z R     unmapped_complex2      1   3.6     0    17    1002    (-,-) 
  g19122/z                    (u)     in_0->z F     unmapped_complex2      1   3.2     0    17    1019    (-,-) 
  g20775/z                    (u)     in_0->z R     unmapped_complex2      1   3.6     0    17    1036    (-,-) 
  g20776/z                    (u)     in_1->z F     unmapped_complex2      1   3.2     0    17    1052    (-,-) 
  g20777/z                    (u)     in_1->z R     unmapped_complex2      1   3.6     0    17    1069    (-,-) 
  g19118/z                    (u)     in_1->z F     unmapped_complex2      1   3.2     0    17    1085    (-,-) 
  g19117/z                    (u)     in_1->z R     unmapped_nand2         1   3.6     0    17    1102    (-,-) 
  g19116/z                    (u)     in_1->z F     unmapped_nand2         1   3.2     0    17    1119    (-,-) 
  g19115/z                    (u)     in_0->z R     unmapped_nand2         1   3.6     0    17    1135    (-,-) 
  g20778/z                    (u)     in_0->z F     unmapped_complex2      4  12.8     0    24    1160    (-,-) 
  g19111/z                    (u)     in_0->z F     unmapped_or2          48 153.6     0    59    1218    (-,-) 
  g19062/z                    (u)     in_1->z F     unmapped_or2           1   3.2     0    17    1235    (-,-) 
  g18984/z                    (u)     in_1->z R     unmapped_nand2         1   3.6     0    17    1252    (-,-) 
  g20783/z                    (u)     in_0->z R     unmapped_complex2      1   3.6     0    17    1268    (-,-) 
  larger_mantissa_l_reg[20]/d -       -       R     unmapped_d_flop        1     -     -     0    1268    (-,-) 
#---------------------------------------------------------------------------------------------------------------

(u) : Net has unmapped pin(s).

Capture clock path:
#------------------------------------------------------------------------------------------------------------
#         Timing Point          Flags   Arc   Edge      Cell        Fanout Load Trans Delay Arrival Instance 
#                                                                          (fF)  (ps)  (ps)   (ps)  Location 
#------------------------------------------------------------------------------------------------------------
  clk                           (i,u)   -     R     (arrival)          100  0.0     0     0    1562    (-,-) 
  larger_mantissa_l_reg[20]/clk <<<     -     R     unmapped_d_flop    100    -     1     0    1562    (-,-) 
#------------------------------------------------------------------------------------------------------------



Path 52: MET (256 ps) Setup Check with Pin larger_mantissa_l_reg[19]/clk->d
           View: view_1p2_25
          Group: clock1
     Startpoint: (R) fp1_in[23]
          Clock: (R) clock1
       Endpoint: (R) larger_mantissa_l_reg[19]/d
          Clock: (R) clock1

                     Capture       Launch     
        Clock Edge:+    1562            0     
        Drv Adjust:+       0            0     
       Src Latency:+       0            0     
       Net Latency:+       0 (I)        0 (I) 
           Arrival:=    1562            0     
                                              
             Setup:-      38                  
       Uncertainty:-       0                  
     Required Time:=    1525                  
      Launch Clock:-       0                  
       Input Delay:-       1                  
         Data Path:-    1267                  
             Slack:=     256                  

Exceptions/Constraints:
  input_delay              1              add_fp16.sdc_line_20_12_1   

#---------------------------------------------------------------------------------------------------------------
#        Timing Point         Flags    Arc    Edge       Cell         Fanout  Load Trans Delay Arrival Instance 
#                                                                             (fF)  (ps)  (ps)   (ps)  Location 
#---------------------------------------------------------------------------------------------------------------
  fp1_in[23]                  (u)     -       R     (arrival)              5  18.0     0     0       1    (-,-) 
  g20582/z                    (u)     in_1->z R     unmapped_or2           2   7.2     0    19      20    (-,-) 
  g20589/z                    (u)     in_0->z R     unmapped_complex2      1   3.6     0    17      37    (-,-) 
  g20245/z                    (u)     in_0->z F     unmapped_complex2      1   3.2     0    17      53    (-,-) 
  g20210/z                    (u)     in_1->z R     unmapped_nand2         1   3.6     0    17      70    (-,-) 
  g20197/z                    (u)     in_1->z F     unmapped_nand2         1   3.2     0    17      86    (-,-) 
  g20180/z                    (u)     in_0->z R     unmapped_nand2         1   3.6     0    17     103    (-,-) 
  g20161/z                    (u)     in_0->z F     unmapped_nand2         1   3.2     0    17     120    (-,-) 
  g20146/z                    (u)     in_0->z R     unmapped_nand2         2   7.2     0    19     139    (-,-) 
  g20140/z                    (u)     in_0->z F     unmapped_complex2      2   6.4     0    19     158    (-,-) 
  g20617/z                    (u)     in_0->z R     unmapped_complex2      1   3.6     0    17     174    (-,-) 
  g20119/z                    (u)     in_1->z R     unmapped_complex2      1   3.6     0    17     191    (-,-) 
  g20112/z                    (u)     in_0->z F     unmapped_complex2      1   3.2     0    17     208    (-,-) 
  g20107/z                    (u)     in_1->z R     unmapped_nand2         1   3.6     0    17     224    (-,-) 
  g20098/z                    (u)     in_1->z R     unmapped_complex2      1   3.6     0    17     241    (-,-) 
  g20090/z                    (u)     in_0->z F     unmapped_nand2         1   3.2     0    17     258    (-,-) 
  g20088/z                    (u)     in_0->z R     unmapped_nand2         1   3.6     0    17     274    (-,-) 
  g20080/z                    (u)     in_0->z F     unmapped_nand2        60 192.0     0    62     336    (-,-) 
  g20022/z                    (u)     in_0->z R     unmapped_nand2         1   3.6     0    17     353    (-,-) 
  g19981/z                    (u)     in_1->z F     unmapped_nand2         5  16.0     0    28     380    (-,-) 
  g19855/z                    (u)     in_0->z F     unmapped_or2           1   3.2     0    17     397    (-,-) 
  g19856/z                    (u)     in_1->z R     unmapped_nand2         4  14.4     0    24     422    (-,-) 
  g20641/z                    (u)     in_1->z F     unmapped_complex2      1   3.2     0    17     438    (-,-) 
  g19761/z                    (u)     in_0->z R     unmapped_nand2         3  10.8     0    22     460    (-,-) 
  g19751/z                    (u)     in_1->z F     unmapped_nand2         1   3.2     0    17     476    (-,-) 
  g19658/z                    (u)     in_0->z R     unmapped_nand2         3  10.8     0    22     498    (-,-) 
  g19589/z                    (u)     in_1->z F     unmapped_nand2         1   3.2     0    17     514    (-,-) 
  g19565/z                    (u)     in_0->z R     unmapped_nand2         3  10.8     0    22     536    (-,-) 
  g20681/z                    (u)     in_0->z R     unmapped_complex2      1   3.6     0    17     553    (-,-) 
  g19489/z                    (u)     in_0->z F     unmapped_nand2         1   3.2     0    17     569    (-,-) 
  g20699/z                    (u)     in_0->z F     unmapped_complex2      1   3.2     0    17     586    (-,-) 
  g19440/z                    (u)     in_0->z R     unmapped_nand2         1   3.6     0    17     602    (-,-) 
  g19434/z                    (u)     in_1->z F     unmapped_nand2         3   9.6     0    22     624    (-,-) 
  g19421/z                    (u)     in_1->z F     unmapped_or2           6  19.2     0    30     654    (-,-) 
  g19398/z                    (u)     in_0->z F     unmapped_or2          14  44.8     0    42     696    (-,-) 
  g19339/z                    (u)     in_0->z F     unmapped_or2           1   3.2     0    17     713    (-,-) 
  g19306/z                    (u)     in_1->z R     unmapped_nand2         1   3.6     0    17     729    (-,-) 
  g20730/z                    (u)     in_0->z R     unmapped_complex2      3  10.8     0    22     751    (-,-) 
  g19248/z                    (u)     in_1->z F     unmapped_complex2      2   6.4     0    19     770    (-,-) 
  g18721/z                    (u)     in_1->z F     unmapped_or2           1   3.2     0    17     787    (-,-) 
  g19222/z                    (u)     in_0->z R     unmapped_complex2      1   3.6     0    17     803    (-,-) 
  g19215/z                    (u)     in_1->z F     unmapped_nand2         1   3.2     0    17     820    (-,-) 
  g19207/z                    (u)     in_1->z R     unmapped_nand2         1   3.6     0    17     836    (-,-) 
  g19196/z                    (u)     in_0->z F     unmapped_nand2         1   3.2     0    17     853    (-,-) 
  g19178/z                    (u)     in_1->z R     unmapped_nand2         1   3.6     0    17     870    (-,-) 
  g19164/z                    (u)     in_0->z F     unmapped_nand2         1   3.2     0    17     886    (-,-) 
  g19151/z                    (u)     in_0->z R     unmapped_nand2         1   3.6     0    17     903    (-,-) 
  g19128/z                    (u)     in_0->z F     unmapped_complex2      1   3.2     0    17     919    (-,-) 
  g20772/z                    (u)     in_0->z R     unmapped_complex2      1   3.6     0    17     936    (-,-) 
  g20773/z                    (u)     in_1->z F     unmapped_complex2      1   3.2     0    17     953    (-,-) 
  g20774/z                    (u)     in_1->z R     unmapped_complex2      1   3.6     0    17     969    (-,-) 
  g19124/z                    (u)     in_1->z F     unmapped_complex2      1   3.2     0    17     986    (-,-) 
  g19123/z                    (u)     in_0->z R     unmapped_complex2      1   3.6     0    17    1002    (-,-) 
  g19122/z                    (u)     in_0->z F     unmapped_complex2      1   3.2     0    17    1019    (-,-) 
  g20775/z                    (u)     in_0->z R     unmapped_complex2      1   3.6     0    17    1036    (-,-) 
  g20776/z                    (u)     in_1->z F     unmapped_complex2      1   3.2     0    17    1052    (-,-) 
  g20777/z                    (u)     in_1->z R     unmapped_complex2      1   3.6     0    17    1069    (-,-) 
  g19118/z                    (u)     in_1->z F     unmapped_complex2      1   3.2     0    17    1085    (-,-) 
  g19117/z                    (u)     in_1->z R     unmapped_nand2         1   3.6     0    17    1102    (-,-) 
  g19116/z                    (u)     in_1->z F     unmapped_nand2         1   3.2     0    17    1119    (-,-) 
  g19115/z                    (u)     in_0->z R     unmapped_nand2         1   3.6     0    17    1135    (-,-) 
  g20778/z                    (u)     in_0->z F     unmapped_complex2      4  12.8     0    24    1160    (-,-) 
  g19111/z                    (u)     in_0->z F     unmapped_or2          48 153.6     0    59    1218    (-,-) 
  g19073/z                    (u)     in_1->z F     unmapped_or2           1   3.2     0    17    1235    (-,-) 
  g19002/z                    (u)     in_1->z R     unmapped_nand2         1   3.6     0    17    1252    (-,-) 
  g20784/z                    (u)     in_0->z R     unmapped_complex2      1   3.6     0    17    1268    (-,-) 
  larger_mantissa_l_reg[19]/d -       -       R     unmapped_d_flop        1     -     -     0    1268    (-,-) 
#---------------------------------------------------------------------------------------------------------------

(u) : Net has unmapped pin(s).

Capture clock path:
#------------------------------------------------------------------------------------------------------------
#         Timing Point          Flags   Arc   Edge      Cell        Fanout Load Trans Delay Arrival Instance 
#                                                                          (fF)  (ps)  (ps)   (ps)  Location 
#------------------------------------------------------------------------------------------------------------
  clk                           (i,u)   -     R     (arrival)          100  0.0     0     0    1562    (-,-) 
  larger_mantissa_l_reg[19]/clk <<<     -     R     unmapped_d_flop    100    -     1     0    1562    (-,-) 
#------------------------------------------------------------------------------------------------------------



Path 53: MET (256 ps) Setup Check with Pin larger_mantissa_l_reg[18]/clk->d
           View: view_1p2_25
          Group: clock1
     Startpoint: (R) fp1_in[23]
          Clock: (R) clock1
       Endpoint: (R) larger_mantissa_l_reg[18]/d
          Clock: (R) clock1

                     Capture       Launch     
        Clock Edge:+    1562            0     
        Drv Adjust:+       0            0     
       Src Latency:+       0            0     
       Net Latency:+       0 (I)        0 (I) 
           Arrival:=    1562            0     
                                              
             Setup:-      38                  
       Uncertainty:-       0                  
     Required Time:=    1525                  
      Launch Clock:-       0                  
       Input Delay:-       1                  
         Data Path:-    1267                  
             Slack:=     256                  

Exceptions/Constraints:
  input_delay              1              add_fp16.sdc_line_20_12_1   

#---------------------------------------------------------------------------------------------------------------
#        Timing Point         Flags    Arc    Edge       Cell         Fanout  Load Trans Delay Arrival Instance 
#                                                                             (fF)  (ps)  (ps)   (ps)  Location 
#---------------------------------------------------------------------------------------------------------------
  fp1_in[23]                  (u)     -       R     (arrival)              5  18.0     0     0       1    (-,-) 
  g20582/z                    (u)     in_1->z R     unmapped_or2           2   7.2     0    19      20    (-,-) 
  g20589/z                    (u)     in_0->z R     unmapped_complex2      1   3.6     0    17      37    (-,-) 
  g20245/z                    (u)     in_0->z F     unmapped_complex2      1   3.2     0    17      53    (-,-) 
  g20210/z                    (u)     in_1->z R     unmapped_nand2         1   3.6     0    17      70    (-,-) 
  g20197/z                    (u)     in_1->z F     unmapped_nand2         1   3.2     0    17      86    (-,-) 
  g20180/z                    (u)     in_0->z R     unmapped_nand2         1   3.6     0    17     103    (-,-) 
  g20161/z                    (u)     in_0->z F     unmapped_nand2         1   3.2     0    17     120    (-,-) 
  g20146/z                    (u)     in_0->z R     unmapped_nand2         2   7.2     0    19     139    (-,-) 
  g20140/z                    (u)     in_0->z F     unmapped_complex2      2   6.4     0    19     158    (-,-) 
  g20617/z                    (u)     in_0->z R     unmapped_complex2      1   3.6     0    17     174    (-,-) 
  g20119/z                    (u)     in_1->z R     unmapped_complex2      1   3.6     0    17     191    (-,-) 
  g20112/z                    (u)     in_0->z F     unmapped_complex2      1   3.2     0    17     208    (-,-) 
  g20107/z                    (u)     in_1->z R     unmapped_nand2         1   3.6     0    17     224    (-,-) 
  g20098/z                    (u)     in_1->z R     unmapped_complex2      1   3.6     0    17     241    (-,-) 
  g20090/z                    (u)     in_0->z F     unmapped_nand2         1   3.2     0    17     258    (-,-) 
  g20088/z                    (u)     in_0->z R     unmapped_nand2         1   3.6     0    17     274    (-,-) 
  g20080/z                    (u)     in_0->z F     unmapped_nand2        60 192.0     0    62     336    (-,-) 
  g20022/z                    (u)     in_0->z R     unmapped_nand2         1   3.6     0    17     353    (-,-) 
  g19981/z                    (u)     in_1->z F     unmapped_nand2         5  16.0     0    28     380    (-,-) 
  g19855/z                    (u)     in_0->z F     unmapped_or2           1   3.2     0    17     397    (-,-) 
  g19856/z                    (u)     in_1->z R     unmapped_nand2         4  14.4     0    24     422    (-,-) 
  g20641/z                    (u)     in_1->z F     unmapped_complex2      1   3.2     0    17     438    (-,-) 
  g19761/z                    (u)     in_0->z R     unmapped_nand2         3  10.8     0    22     460    (-,-) 
  g19751/z                    (u)     in_1->z F     unmapped_nand2         1   3.2     0    17     476    (-,-) 
  g19658/z                    (u)     in_0->z R     unmapped_nand2         3  10.8     0    22     498    (-,-) 
  g19589/z                    (u)     in_1->z F     unmapped_nand2         1   3.2     0    17     514    (-,-) 
  g19565/z                    (u)     in_0->z R     unmapped_nand2         3  10.8     0    22     536    (-,-) 
  g20681/z                    (u)     in_0->z R     unmapped_complex2      1   3.6     0    17     553    (-,-) 
  g19489/z                    (u)     in_0->z F     unmapped_nand2         1   3.2     0    17     569    (-,-) 
  g20699/z                    (u)     in_0->z F     unmapped_complex2      1   3.2     0    17     586    (-,-) 
  g19440/z                    (u)     in_0->z R     unmapped_nand2         1   3.6     0    17     602    (-,-) 
  g19434/z                    (u)     in_1->z F     unmapped_nand2         3   9.6     0    22     624    (-,-) 
  g19421/z                    (u)     in_1->z F     unmapped_or2           6  19.2     0    30     654    (-,-) 
  g19398/z                    (u)     in_0->z F     unmapped_or2          14  44.8     0    42     696    (-,-) 
  g19339/z                    (u)     in_0->z F     unmapped_or2           1   3.2     0    17     713    (-,-) 
  g19306/z                    (u)     in_1->z R     unmapped_nand2         1   3.6     0    17     729    (-,-) 
  g20730/z                    (u)     in_0->z R     unmapped_complex2      3  10.8     0    22     751    (-,-) 
  g19248/z                    (u)     in_1->z F     unmapped_complex2      2   6.4     0    19     770    (-,-) 
  g18721/z                    (u)     in_1->z F     unmapped_or2           1   3.2     0    17     787    (-,-) 
  g19222/z                    (u)     in_0->z R     unmapped_complex2      1   3.6     0    17     803    (-,-) 
  g19215/z                    (u)     in_1->z F     unmapped_nand2         1   3.2     0    17     820    (-,-) 
  g19207/z                    (u)     in_1->z R     unmapped_nand2         1   3.6     0    17     836    (-,-) 
  g19196/z                    (u)     in_0->z F     unmapped_nand2         1   3.2     0    17     853    (-,-) 
  g19178/z                    (u)     in_1->z R     unmapped_nand2         1   3.6     0    17     870    (-,-) 
  g19164/z                    (u)     in_0->z F     unmapped_nand2         1   3.2     0    17     886    (-,-) 
  g19151/z                    (u)     in_0->z R     unmapped_nand2         1   3.6     0    17     903    (-,-) 
  g19128/z                    (u)     in_0->z F     unmapped_complex2      1   3.2     0    17     919    (-,-) 
  g20772/z                    (u)     in_0->z R     unmapped_complex2      1   3.6     0    17     936    (-,-) 
  g20773/z                    (u)     in_1->z F     unmapped_complex2      1   3.2     0    17     953    (-,-) 
  g20774/z                    (u)     in_1->z R     unmapped_complex2      1   3.6     0    17     969    (-,-) 
  g19124/z                    (u)     in_1->z F     unmapped_complex2      1   3.2     0    17     986    (-,-) 
  g19123/z                    (u)     in_0->z R     unmapped_complex2      1   3.6     0    17    1002    (-,-) 
  g19122/z                    (u)     in_0->z F     unmapped_complex2      1   3.2     0    17    1019    (-,-) 
  g20775/z                    (u)     in_0->z R     unmapped_complex2      1   3.6     0    17    1036    (-,-) 
  g20776/z                    (u)     in_1->z F     unmapped_complex2      1   3.2     0    17    1052    (-,-) 
  g20777/z                    (u)     in_1->z R     unmapped_complex2      1   3.6     0    17    1069    (-,-) 
  g19118/z                    (u)     in_1->z F     unmapped_complex2      1   3.2     0    17    1085    (-,-) 
  g19117/z                    (u)     in_1->z R     unmapped_nand2         1   3.6     0    17    1102    (-,-) 
  g19116/z                    (u)     in_1->z F     unmapped_nand2         1   3.2     0    17    1119    (-,-) 
  g19115/z                    (u)     in_0->z R     unmapped_nand2         1   3.6     0    17    1135    (-,-) 
  g20778/z                    (u)     in_0->z F     unmapped_complex2      4  12.8     0    24    1160    (-,-) 
  g19111/z                    (u)     in_0->z F     unmapped_or2          48 153.6     0    59    1218    (-,-) 
  g19081/z                    (u)     in_1->z F     unmapped_or2           1   3.2     0    17    1235    (-,-) 
  g19004/z                    (u)     in_1->z R     unmapped_nand2         1   3.6     0    17    1252    (-,-) 
  g20785/z                    (u)     in_0->z R     unmapped_complex2      1   3.6     0    17    1268    (-,-) 
  larger_mantissa_l_reg[18]/d -       -       R     unmapped_d_flop        1     -     -     0    1268    (-,-) 
#---------------------------------------------------------------------------------------------------------------

(u) : Net has unmapped pin(s).

Capture clock path:
#------------------------------------------------------------------------------------------------------------
#         Timing Point          Flags   Arc   Edge      Cell        Fanout Load Trans Delay Arrival Instance 
#                                                                          (fF)  (ps)  (ps)   (ps)  Location 
#------------------------------------------------------------------------------------------------------------
  clk                           (i,u)   -     R     (arrival)          100  0.0     0     0    1562    (-,-) 
  larger_mantissa_l_reg[18]/clk <<<     -     R     unmapped_d_flop    100    -     1     0    1562    (-,-) 
#------------------------------------------------------------------------------------------------------------



Path 54: MET (256 ps) Setup Check with Pin larger_mantissa_l_reg[17]/clk->d
           View: view_1p2_25
          Group: clock1
     Startpoint: (R) fp1_in[23]
          Clock: (R) clock1
       Endpoint: (R) larger_mantissa_l_reg[17]/d
          Clock: (R) clock1

                     Capture       Launch     
        Clock Edge:+    1562            0     
        Drv Adjust:+       0            0     
       Src Latency:+       0            0     
       Net Latency:+       0 (I)        0 (I) 
           Arrival:=    1562            0     
                                              
             Setup:-      38                  
       Uncertainty:-       0                  
     Required Time:=    1525                  
      Launch Clock:-       0                  
       Input Delay:-       1                  
         Data Path:-    1267                  
             Slack:=     256                  

Exceptions/Constraints:
  input_delay              1              add_fp16.sdc_line_20_12_1   

#---------------------------------------------------------------------------------------------------------------
#        Timing Point         Flags    Arc    Edge       Cell         Fanout  Load Trans Delay Arrival Instance 
#                                                                             (fF)  (ps)  (ps)   (ps)  Location 
#---------------------------------------------------------------------------------------------------------------
  fp1_in[23]                  (u)     -       R     (arrival)              5  18.0     0     0       1    (-,-) 
  g20582/z                    (u)     in_1->z R     unmapped_or2           2   7.2     0    19      20    (-,-) 
  g20589/z                    (u)     in_0->z R     unmapped_complex2      1   3.6     0    17      37    (-,-) 
  g20245/z                    (u)     in_0->z F     unmapped_complex2      1   3.2     0    17      53    (-,-) 
  g20210/z                    (u)     in_1->z R     unmapped_nand2         1   3.6     0    17      70    (-,-) 
  g20197/z                    (u)     in_1->z F     unmapped_nand2         1   3.2     0    17      86    (-,-) 
  g20180/z                    (u)     in_0->z R     unmapped_nand2         1   3.6     0    17     103    (-,-) 
  g20161/z                    (u)     in_0->z F     unmapped_nand2         1   3.2     0    17     120    (-,-) 
  g20146/z                    (u)     in_0->z R     unmapped_nand2         2   7.2     0    19     139    (-,-) 
  g20140/z                    (u)     in_0->z F     unmapped_complex2      2   6.4     0    19     158    (-,-) 
  g20617/z                    (u)     in_0->z R     unmapped_complex2      1   3.6     0    17     174    (-,-) 
  g20119/z                    (u)     in_1->z R     unmapped_complex2      1   3.6     0    17     191    (-,-) 
  g20112/z                    (u)     in_0->z F     unmapped_complex2      1   3.2     0    17     208    (-,-) 
  g20107/z                    (u)     in_1->z R     unmapped_nand2         1   3.6     0    17     224    (-,-) 
  g20098/z                    (u)     in_1->z R     unmapped_complex2      1   3.6     0    17     241    (-,-) 
  g20090/z                    (u)     in_0->z F     unmapped_nand2         1   3.2     0    17     258    (-,-) 
  g20088/z                    (u)     in_0->z R     unmapped_nand2         1   3.6     0    17     274    (-,-) 
  g20080/z                    (u)     in_0->z F     unmapped_nand2        60 192.0     0    62     336    (-,-) 
  g20022/z                    (u)     in_0->z R     unmapped_nand2         1   3.6     0    17     353    (-,-) 
  g19981/z                    (u)     in_1->z F     unmapped_nand2         5  16.0     0    28     380    (-,-) 
  g19855/z                    (u)     in_0->z F     unmapped_or2           1   3.2     0    17     397    (-,-) 
  g19856/z                    (u)     in_1->z R     unmapped_nand2         4  14.4     0    24     422    (-,-) 
  g20641/z                    (u)     in_1->z F     unmapped_complex2      1   3.2     0    17     438    (-,-) 
  g19761/z                    (u)     in_0->z R     unmapped_nand2         3  10.8     0    22     460    (-,-) 
  g19751/z                    (u)     in_1->z F     unmapped_nand2         1   3.2     0    17     476    (-,-) 
  g19658/z                    (u)     in_0->z R     unmapped_nand2         3  10.8     0    22     498    (-,-) 
  g19589/z                    (u)     in_1->z F     unmapped_nand2         1   3.2     0    17     514    (-,-) 
  g19565/z                    (u)     in_0->z R     unmapped_nand2         3  10.8     0    22     536    (-,-) 
  g20681/z                    (u)     in_0->z R     unmapped_complex2      1   3.6     0    17     553    (-,-) 
  g19489/z                    (u)     in_0->z F     unmapped_nand2         1   3.2     0    17     569    (-,-) 
  g20699/z                    (u)     in_0->z F     unmapped_complex2      1   3.2     0    17     586    (-,-) 
  g19440/z                    (u)     in_0->z R     unmapped_nand2         1   3.6     0    17     602    (-,-) 
  g19434/z                    (u)     in_1->z F     unmapped_nand2         3   9.6     0    22     624    (-,-) 
  g19421/z                    (u)     in_1->z F     unmapped_or2           6  19.2     0    30     654    (-,-) 
  g19398/z                    (u)     in_0->z F     unmapped_or2          14  44.8     0    42     696    (-,-) 
  g19339/z                    (u)     in_0->z F     unmapped_or2           1   3.2     0    17     713    (-,-) 
  g19306/z                    (u)     in_1->z R     unmapped_nand2         1   3.6     0    17     729    (-,-) 
  g20730/z                    (u)     in_0->z R     unmapped_complex2      3  10.8     0    22     751    (-,-) 
  g19248/z                    (u)     in_1->z F     unmapped_complex2      2   6.4     0    19     770    (-,-) 
  g18721/z                    (u)     in_1->z F     unmapped_or2           1   3.2     0    17     787    (-,-) 
  g19222/z                    (u)     in_0->z R     unmapped_complex2      1   3.6     0    17     803    (-,-) 
  g19215/z                    (u)     in_1->z F     unmapped_nand2         1   3.2     0    17     820    (-,-) 
  g19207/z                    (u)     in_1->z R     unmapped_nand2         1   3.6     0    17     836    (-,-) 
  g19196/z                    (u)     in_0->z F     unmapped_nand2         1   3.2     0    17     853    (-,-) 
  g19178/z                    (u)     in_1->z R     unmapped_nand2         1   3.6     0    17     870    (-,-) 
  g19164/z                    (u)     in_0->z F     unmapped_nand2         1   3.2     0    17     886    (-,-) 
  g19151/z                    (u)     in_0->z R     unmapped_nand2         1   3.6     0    17     903    (-,-) 
  g19128/z                    (u)     in_0->z F     unmapped_complex2      1   3.2     0    17     919    (-,-) 
  g20772/z                    (u)     in_0->z R     unmapped_complex2      1   3.6     0    17     936    (-,-) 
  g20773/z                    (u)     in_1->z F     unmapped_complex2      1   3.2     0    17     953    (-,-) 
  g20774/z                    (u)     in_1->z R     unmapped_complex2      1   3.6     0    17     969    (-,-) 
  g19124/z                    (u)     in_1->z F     unmapped_complex2      1   3.2     0    17     986    (-,-) 
  g19123/z                    (u)     in_0->z R     unmapped_complex2      1   3.6     0    17    1002    (-,-) 
  g19122/z                    (u)     in_0->z F     unmapped_complex2      1   3.2     0    17    1019    (-,-) 
  g20775/z                    (u)     in_0->z R     unmapped_complex2      1   3.6     0    17    1036    (-,-) 
  g20776/z                    (u)     in_1->z F     unmapped_complex2      1   3.2     0    17    1052    (-,-) 
  g20777/z                    (u)     in_1->z R     unmapped_complex2      1   3.6     0    17    1069    (-,-) 
  g19118/z                    (u)     in_1->z F     unmapped_complex2      1   3.2     0    17    1085    (-,-) 
  g19117/z                    (u)     in_1->z R     unmapped_nand2         1   3.6     0    17    1102    (-,-) 
  g19116/z                    (u)     in_1->z F     unmapped_nand2         1   3.2     0    17    1119    (-,-) 
  g19115/z                    (u)     in_0->z R     unmapped_nand2         1   3.6     0    17    1135    (-,-) 
  g20778/z                    (u)     in_0->z F     unmapped_complex2      4  12.8     0    24    1160    (-,-) 
  g19111/z                    (u)     in_0->z F     unmapped_or2          48 153.6     0    59    1218    (-,-) 
  g19109/z                    (u)     in_0->z F     unmapped_or2           1   3.2     0    17    1235    (-,-) 
  g18966/z                    (u)     in_1->z R     unmapped_nand2         1   3.6     0    17    1252    (-,-) 
  g20800/z                    (u)     in_0->z R     unmapped_complex2      1   3.6     0    17    1268    (-,-) 
  larger_mantissa_l_reg[17]/d -       -       R     unmapped_d_flop        1     -     -     0    1268    (-,-) 
#---------------------------------------------------------------------------------------------------------------

(u) : Net has unmapped pin(s).

Capture clock path:
#------------------------------------------------------------------------------------------------------------
#         Timing Point          Flags   Arc   Edge      Cell        Fanout Load Trans Delay Arrival Instance 
#                                                                          (fF)  (ps)  (ps)   (ps)  Location 
#------------------------------------------------------------------------------------------------------------
  clk                           (i,u)   -     R     (arrival)          100  0.0     0     0    1562    (-,-) 
  larger_mantissa_l_reg[17]/clk <<<     -     R     unmapped_d_flop    100    -     1     0    1562    (-,-) 
#------------------------------------------------------------------------------------------------------------



Path 55: MET (256 ps) Setup Check with Pin larger_mantissa_l_reg[16]/clk->d
           View: view_1p2_25
          Group: clock1
     Startpoint: (R) fp1_in[23]
          Clock: (R) clock1
       Endpoint: (R) larger_mantissa_l_reg[16]/d
          Clock: (R) clock1

                     Capture       Launch     
        Clock Edge:+    1562            0     
        Drv Adjust:+       0            0     
       Src Latency:+       0            0     
       Net Latency:+       0 (I)        0 (I) 
           Arrival:=    1562            0     
                                              
             Setup:-      38                  
       Uncertainty:-       0                  
     Required Time:=    1525                  
      Launch Clock:-       0                  
       Input Delay:-       1                  
         Data Path:-    1267                  
             Slack:=     256                  

Exceptions/Constraints:
  input_delay              1              add_fp16.sdc_line_20_12_1   

#---------------------------------------------------------------------------------------------------------------
#        Timing Point         Flags    Arc    Edge       Cell         Fanout  Load Trans Delay Arrival Instance 
#                                                                             (fF)  (ps)  (ps)   (ps)  Location 
#---------------------------------------------------------------------------------------------------------------
  fp1_in[23]                  (u)     -       R     (arrival)              5  18.0     0     0       1    (-,-) 
  g20582/z                    (u)     in_1->z R     unmapped_or2           2   7.2     0    19      20    (-,-) 
  g20589/z                    (u)     in_0->z R     unmapped_complex2      1   3.6     0    17      37    (-,-) 
  g20245/z                    (u)     in_0->z F     unmapped_complex2      1   3.2     0    17      53    (-,-) 
  g20210/z                    (u)     in_1->z R     unmapped_nand2         1   3.6     0    17      70    (-,-) 
  g20197/z                    (u)     in_1->z F     unmapped_nand2         1   3.2     0    17      86    (-,-) 
  g20180/z                    (u)     in_0->z R     unmapped_nand2         1   3.6     0    17     103    (-,-) 
  g20161/z                    (u)     in_0->z F     unmapped_nand2         1   3.2     0    17     120    (-,-) 
  g20146/z                    (u)     in_0->z R     unmapped_nand2         2   7.2     0    19     139    (-,-) 
  g20140/z                    (u)     in_0->z F     unmapped_complex2      2   6.4     0    19     158    (-,-) 
  g20617/z                    (u)     in_0->z R     unmapped_complex2      1   3.6     0    17     174    (-,-) 
  g20119/z                    (u)     in_1->z R     unmapped_complex2      1   3.6     0    17     191    (-,-) 
  g20112/z                    (u)     in_0->z F     unmapped_complex2      1   3.2     0    17     208    (-,-) 
  g20107/z                    (u)     in_1->z R     unmapped_nand2         1   3.6     0    17     224    (-,-) 
  g20098/z                    (u)     in_1->z R     unmapped_complex2      1   3.6     0    17     241    (-,-) 
  g20090/z                    (u)     in_0->z F     unmapped_nand2         1   3.2     0    17     258    (-,-) 
  g20088/z                    (u)     in_0->z R     unmapped_nand2         1   3.6     0    17     274    (-,-) 
  g20080/z                    (u)     in_0->z F     unmapped_nand2        60 192.0     0    62     336    (-,-) 
  g20022/z                    (u)     in_0->z R     unmapped_nand2         1   3.6     0    17     353    (-,-) 
  g19981/z                    (u)     in_1->z F     unmapped_nand2         5  16.0     0    28     380    (-,-) 
  g19855/z                    (u)     in_0->z F     unmapped_or2           1   3.2     0    17     397    (-,-) 
  g19856/z                    (u)     in_1->z R     unmapped_nand2         4  14.4     0    24     422    (-,-) 
  g20641/z                    (u)     in_1->z F     unmapped_complex2      1   3.2     0    17     438    (-,-) 
  g19761/z                    (u)     in_0->z R     unmapped_nand2         3  10.8     0    22     460    (-,-) 
  g19751/z                    (u)     in_1->z F     unmapped_nand2         1   3.2     0    17     476    (-,-) 
  g19658/z                    (u)     in_0->z R     unmapped_nand2         3  10.8     0    22     498    (-,-) 
  g19589/z                    (u)     in_1->z F     unmapped_nand2         1   3.2     0    17     514    (-,-) 
  g19565/z                    (u)     in_0->z R     unmapped_nand2         3  10.8     0    22     536    (-,-) 
  g20681/z                    (u)     in_0->z R     unmapped_complex2      1   3.6     0    17     553    (-,-) 
  g19489/z                    (u)     in_0->z F     unmapped_nand2         1   3.2     0    17     569    (-,-) 
  g20699/z                    (u)     in_0->z F     unmapped_complex2      1   3.2     0    17     586    (-,-) 
  g19440/z                    (u)     in_0->z R     unmapped_nand2         1   3.6     0    17     602    (-,-) 
  g19434/z                    (u)     in_1->z F     unmapped_nand2         3   9.6     0    22     624    (-,-) 
  g19421/z                    (u)     in_1->z F     unmapped_or2           6  19.2     0    30     654    (-,-) 
  g19398/z                    (u)     in_0->z F     unmapped_or2          14  44.8     0    42     696    (-,-) 
  g19339/z                    (u)     in_0->z F     unmapped_or2           1   3.2     0    17     713    (-,-) 
  g19306/z                    (u)     in_1->z R     unmapped_nand2         1   3.6     0    17     729    (-,-) 
  g20730/z                    (u)     in_0->z R     unmapped_complex2      3  10.8     0    22     751    (-,-) 
  g19248/z                    (u)     in_1->z F     unmapped_complex2      2   6.4     0    19     770    (-,-) 
  g18721/z                    (u)     in_1->z F     unmapped_or2           1   3.2     0    17     787    (-,-) 
  g19222/z                    (u)     in_0->z R     unmapped_complex2      1   3.6     0    17     803    (-,-) 
  g19215/z                    (u)     in_1->z F     unmapped_nand2         1   3.2     0    17     820    (-,-) 
  g19207/z                    (u)     in_1->z R     unmapped_nand2         1   3.6     0    17     836    (-,-) 
  g19196/z                    (u)     in_0->z F     unmapped_nand2         1   3.2     0    17     853    (-,-) 
  g19178/z                    (u)     in_1->z R     unmapped_nand2         1   3.6     0    17     870    (-,-) 
  g19164/z                    (u)     in_0->z F     unmapped_nand2         1   3.2     0    17     886    (-,-) 
  g19151/z                    (u)     in_0->z R     unmapped_nand2         1   3.6     0    17     903    (-,-) 
  g19128/z                    (u)     in_0->z F     unmapped_complex2      1   3.2     0    17     919    (-,-) 
  g20772/z                    (u)     in_0->z R     unmapped_complex2      1   3.6     0    17     936    (-,-) 
  g20773/z                    (u)     in_1->z F     unmapped_complex2      1   3.2     0    17     953    (-,-) 
  g20774/z                    (u)     in_1->z R     unmapped_complex2      1   3.6     0    17     969    (-,-) 
  g19124/z                    (u)     in_1->z F     unmapped_complex2      1   3.2     0    17     986    (-,-) 
  g19123/z                    (u)     in_0->z R     unmapped_complex2      1   3.6     0    17    1002    (-,-) 
  g19122/z                    (u)     in_0->z F     unmapped_complex2      1   3.2     0    17    1019    (-,-) 
  g20775/z                    (u)     in_0->z R     unmapped_complex2      1   3.6     0    17    1036    (-,-) 
  g20776/z                    (u)     in_1->z F     unmapped_complex2      1   3.2     0    17    1052    (-,-) 
  g20777/z                    (u)     in_1->z R     unmapped_complex2      1   3.6     0    17    1069    (-,-) 
  g19118/z                    (u)     in_1->z F     unmapped_complex2      1   3.2     0    17    1085    (-,-) 
  g19117/z                    (u)     in_1->z R     unmapped_nand2         1   3.6     0    17    1102    (-,-) 
  g19116/z                    (u)     in_1->z F     unmapped_nand2         1   3.2     0    17    1119    (-,-) 
  g19115/z                    (u)     in_0->z R     unmapped_nand2         1   3.6     0    17    1135    (-,-) 
  g20778/z                    (u)     in_0->z F     unmapped_complex2      4  12.8     0    24    1160    (-,-) 
  g19111/z                    (u)     in_0->z F     unmapped_or2          48 153.6     0    59    1218    (-,-) 
  g19021/z                    (u)     in_0->z F     unmapped_or2           1   3.2     0    17    1235    (-,-) 
  g18963/z                    (u)     in_1->z R     unmapped_nand2         1   3.6     0    17    1252    (-,-) 
  g20803/z                    (u)     in_0->z R     unmapped_complex2      1   3.6     0    17    1268    (-,-) 
  larger_mantissa_l_reg[16]/d -       -       R     unmapped_d_flop        1     -     -     0    1268    (-,-) 
#---------------------------------------------------------------------------------------------------------------

(u) : Net has unmapped pin(s).

Capture clock path:
#------------------------------------------------------------------------------------------------------------
#         Timing Point          Flags   Arc   Edge      Cell        Fanout Load Trans Delay Arrival Instance 
#                                                                          (fF)  (ps)  (ps)   (ps)  Location 
#------------------------------------------------------------------------------------------------------------
  clk                           (i,u)   -     R     (arrival)          100  0.0     0     0    1562    (-,-) 
  larger_mantissa_l_reg[16]/clk <<<     -     R     unmapped_d_flop    100    -     1     0    1562    (-,-) 
#------------------------------------------------------------------------------------------------------------



Path 56: MET (256 ps) Setup Check with Pin larger_mantissa_l_reg[15]/clk->d
           View: view_1p2_25
          Group: clock1
     Startpoint: (R) fp1_in[23]
          Clock: (R) clock1
       Endpoint: (R) larger_mantissa_l_reg[15]/d
          Clock: (R) clock1

                     Capture       Launch     
        Clock Edge:+    1562            0     
        Drv Adjust:+       0            0     
       Src Latency:+       0            0     
       Net Latency:+       0 (I)        0 (I) 
           Arrival:=    1562            0     
                                              
             Setup:-      38                  
       Uncertainty:-       0                  
     Required Time:=    1525                  
      Launch Clock:-       0                  
       Input Delay:-       1                  
         Data Path:-    1267                  
             Slack:=     256                  

Exceptions/Constraints:
  input_delay              1              add_fp16.sdc_line_20_12_1   

#---------------------------------------------------------------------------------------------------------------
#        Timing Point         Flags    Arc    Edge       Cell         Fanout  Load Trans Delay Arrival Instance 
#                                                                             (fF)  (ps)  (ps)   (ps)  Location 
#---------------------------------------------------------------------------------------------------------------
  fp1_in[23]                  (u)     -       R     (arrival)              5  18.0     0     0       1    (-,-) 
  g20582/z                    (u)     in_1->z R     unmapped_or2           2   7.2     0    19      20    (-,-) 
  g20589/z                    (u)     in_0->z R     unmapped_complex2      1   3.6     0    17      37    (-,-) 
  g20245/z                    (u)     in_0->z F     unmapped_complex2      1   3.2     0    17      53    (-,-) 
  g20210/z                    (u)     in_1->z R     unmapped_nand2         1   3.6     0    17      70    (-,-) 
  g20197/z                    (u)     in_1->z F     unmapped_nand2         1   3.2     0    17      86    (-,-) 
  g20180/z                    (u)     in_0->z R     unmapped_nand2         1   3.6     0    17     103    (-,-) 
  g20161/z                    (u)     in_0->z F     unmapped_nand2         1   3.2     0    17     120    (-,-) 
  g20146/z                    (u)     in_0->z R     unmapped_nand2         2   7.2     0    19     139    (-,-) 
  g20140/z                    (u)     in_0->z F     unmapped_complex2      2   6.4     0    19     158    (-,-) 
  g20617/z                    (u)     in_0->z R     unmapped_complex2      1   3.6     0    17     174    (-,-) 
  g20119/z                    (u)     in_1->z R     unmapped_complex2      1   3.6     0    17     191    (-,-) 
  g20112/z                    (u)     in_0->z F     unmapped_complex2      1   3.2     0    17     208    (-,-) 
  g20107/z                    (u)     in_1->z R     unmapped_nand2         1   3.6     0    17     224    (-,-) 
  g20098/z                    (u)     in_1->z R     unmapped_complex2      1   3.6     0    17     241    (-,-) 
  g20090/z                    (u)     in_0->z F     unmapped_nand2         1   3.2     0    17     258    (-,-) 
  g20088/z                    (u)     in_0->z R     unmapped_nand2         1   3.6     0    17     274    (-,-) 
  g20080/z                    (u)     in_0->z F     unmapped_nand2        60 192.0     0    62     336    (-,-) 
  g20022/z                    (u)     in_0->z R     unmapped_nand2         1   3.6     0    17     353    (-,-) 
  g19981/z                    (u)     in_1->z F     unmapped_nand2         5  16.0     0    28     380    (-,-) 
  g19855/z                    (u)     in_0->z F     unmapped_or2           1   3.2     0    17     397    (-,-) 
  g19856/z                    (u)     in_1->z R     unmapped_nand2         4  14.4     0    24     422    (-,-) 
  g20641/z                    (u)     in_1->z F     unmapped_complex2      1   3.2     0    17     438    (-,-) 
  g19761/z                    (u)     in_0->z R     unmapped_nand2         3  10.8     0    22     460    (-,-) 
  g19751/z                    (u)     in_1->z F     unmapped_nand2         1   3.2     0    17     476    (-,-) 
  g19658/z                    (u)     in_0->z R     unmapped_nand2         3  10.8     0    22     498    (-,-) 
  g19589/z                    (u)     in_1->z F     unmapped_nand2         1   3.2     0    17     514    (-,-) 
  g19565/z                    (u)     in_0->z R     unmapped_nand2         3  10.8     0    22     536    (-,-) 
  g20681/z                    (u)     in_0->z R     unmapped_complex2      1   3.6     0    17     553    (-,-) 
  g19489/z                    (u)     in_0->z F     unmapped_nand2         1   3.2     0    17     569    (-,-) 
  g20699/z                    (u)     in_0->z F     unmapped_complex2      1   3.2     0    17     586    (-,-) 
  g19440/z                    (u)     in_0->z R     unmapped_nand2         1   3.6     0    17     602    (-,-) 
  g19434/z                    (u)     in_1->z F     unmapped_nand2         3   9.6     0    22     624    (-,-) 
  g19421/z                    (u)     in_1->z F     unmapped_or2           6  19.2     0    30     654    (-,-) 
  g19398/z                    (u)     in_0->z F     unmapped_or2          14  44.8     0    42     696    (-,-) 
  g19339/z                    (u)     in_0->z F     unmapped_or2           1   3.2     0    17     713    (-,-) 
  g19306/z                    (u)     in_1->z R     unmapped_nand2         1   3.6     0    17     729    (-,-) 
  g20730/z                    (u)     in_0->z R     unmapped_complex2      3  10.8     0    22     751    (-,-) 
  g19248/z                    (u)     in_1->z F     unmapped_complex2      2   6.4     0    19     770    (-,-) 
  g18721/z                    (u)     in_1->z F     unmapped_or2           1   3.2     0    17     787    (-,-) 
  g19222/z                    (u)     in_0->z R     unmapped_complex2      1   3.6     0    17     803    (-,-) 
  g19215/z                    (u)     in_1->z F     unmapped_nand2         1   3.2     0    17     820    (-,-) 
  g19207/z                    (u)     in_1->z R     unmapped_nand2         1   3.6     0    17     836    (-,-) 
  g19196/z                    (u)     in_0->z F     unmapped_nand2         1   3.2     0    17     853    (-,-) 
  g19178/z                    (u)     in_1->z R     unmapped_nand2         1   3.6     0    17     870    (-,-) 
  g19164/z                    (u)     in_0->z F     unmapped_nand2         1   3.2     0    17     886    (-,-) 
  g19151/z                    (u)     in_0->z R     unmapped_nand2         1   3.6     0    17     903    (-,-) 
  g19128/z                    (u)     in_0->z F     unmapped_complex2      1   3.2     0    17     919    (-,-) 
  g20772/z                    (u)     in_0->z R     unmapped_complex2      1   3.6     0    17     936    (-,-) 
  g20773/z                    (u)     in_1->z F     unmapped_complex2      1   3.2     0    17     953    (-,-) 
  g20774/z                    (u)     in_1->z R     unmapped_complex2      1   3.6     0    17     969    (-,-) 
  g19124/z                    (u)     in_1->z F     unmapped_complex2      1   3.2     0    17     986    (-,-) 
  g19123/z                    (u)     in_0->z R     unmapped_complex2      1   3.6     0    17    1002    (-,-) 
  g19122/z                    (u)     in_0->z F     unmapped_complex2      1   3.2     0    17    1019    (-,-) 
  g20775/z                    (u)     in_0->z R     unmapped_complex2      1   3.6     0    17    1036    (-,-) 
  g20776/z                    (u)     in_1->z F     unmapped_complex2      1   3.2     0    17    1052    (-,-) 
  g20777/z                    (u)     in_1->z R     unmapped_complex2      1   3.6     0    17    1069    (-,-) 
  g19118/z                    (u)     in_1->z F     unmapped_complex2      1   3.2     0    17    1085    (-,-) 
  g19117/z                    (u)     in_1->z R     unmapped_nand2         1   3.6     0    17    1102    (-,-) 
  g19116/z                    (u)     in_1->z F     unmapped_nand2         1   3.2     0    17    1119    (-,-) 
  g19115/z                    (u)     in_0->z R     unmapped_nand2         1   3.6     0    17    1135    (-,-) 
  g20778/z                    (u)     in_0->z F     unmapped_complex2      4  12.8     0    24    1160    (-,-) 
  g19111/z                    (u)     in_0->z F     unmapped_or2          48 153.6     0    59    1218    (-,-) 
  g19100/z                    (u)     in_0->z F     unmapped_or2           1   3.2     0    17    1235    (-,-) 
  g18971/z                    (u)     in_1->z R     unmapped_nand2         1   3.6     0    17    1252    (-,-) 
  g20786/z                    (u)     in_0->z R     unmapped_complex2      1   3.6     0    17    1268    (-,-) 
  larger_mantissa_l_reg[15]/d -       -       R     unmapped_d_flop        1     -     -     0    1268    (-,-) 
#---------------------------------------------------------------------------------------------------------------

(u) : Net has unmapped pin(s).

Capture clock path:
#------------------------------------------------------------------------------------------------------------
#         Timing Point          Flags   Arc   Edge      Cell        Fanout Load Trans Delay Arrival Instance 
#                                                                          (fF)  (ps)  (ps)   (ps)  Location 
#------------------------------------------------------------------------------------------------------------
  clk                           (i,u)   -     R     (arrival)          100  0.0     0     0    1562    (-,-) 
  larger_mantissa_l_reg[15]/clk <<<     -     R     unmapped_d_flop    100    -     1     0    1562    (-,-) 
#------------------------------------------------------------------------------------------------------------



Path 57: MET (256 ps) Setup Check with Pin larger_mantissa_l_reg[14]/clk->d
           View: view_1p2_25
          Group: clock1
     Startpoint: (R) fp1_in[23]
          Clock: (R) clock1
       Endpoint: (R) larger_mantissa_l_reg[14]/d
          Clock: (R) clock1

                     Capture       Launch     
        Clock Edge:+    1562            0     
        Drv Adjust:+       0            0     
       Src Latency:+       0            0     
       Net Latency:+       0 (I)        0 (I) 
           Arrival:=    1562            0     
                                              
             Setup:-      38                  
       Uncertainty:-       0                  
     Required Time:=    1525                  
      Launch Clock:-       0                  
       Input Delay:-       1                  
         Data Path:-    1267                  
             Slack:=     256                  

Exceptions/Constraints:
  input_delay              1              add_fp16.sdc_line_20_12_1   

#---------------------------------------------------------------------------------------------------------------
#        Timing Point         Flags    Arc    Edge       Cell         Fanout  Load Trans Delay Arrival Instance 
#                                                                             (fF)  (ps)  (ps)   (ps)  Location 
#---------------------------------------------------------------------------------------------------------------
  fp1_in[23]                  (u)     -       R     (arrival)              5  18.0     0     0       1    (-,-) 
  g20582/z                    (u)     in_1->z R     unmapped_or2           2   7.2     0    19      20    (-,-) 
  g20589/z                    (u)     in_0->z R     unmapped_complex2      1   3.6     0    17      37    (-,-) 
  g20245/z                    (u)     in_0->z F     unmapped_complex2      1   3.2     0    17      53    (-,-) 
  g20210/z                    (u)     in_1->z R     unmapped_nand2         1   3.6     0    17      70    (-,-) 
  g20197/z                    (u)     in_1->z F     unmapped_nand2         1   3.2     0    17      86    (-,-) 
  g20180/z                    (u)     in_0->z R     unmapped_nand2         1   3.6     0    17     103    (-,-) 
  g20161/z                    (u)     in_0->z F     unmapped_nand2         1   3.2     0    17     120    (-,-) 
  g20146/z                    (u)     in_0->z R     unmapped_nand2         2   7.2     0    19     139    (-,-) 
  g20140/z                    (u)     in_0->z F     unmapped_complex2      2   6.4     0    19     158    (-,-) 
  g20617/z                    (u)     in_0->z R     unmapped_complex2      1   3.6     0    17     174    (-,-) 
  g20119/z                    (u)     in_1->z R     unmapped_complex2      1   3.6     0    17     191    (-,-) 
  g20112/z                    (u)     in_0->z F     unmapped_complex2      1   3.2     0    17     208    (-,-) 
  g20107/z                    (u)     in_1->z R     unmapped_nand2         1   3.6     0    17     224    (-,-) 
  g20098/z                    (u)     in_1->z R     unmapped_complex2      1   3.6     0    17     241    (-,-) 
  g20090/z                    (u)     in_0->z F     unmapped_nand2         1   3.2     0    17     258    (-,-) 
  g20088/z                    (u)     in_0->z R     unmapped_nand2         1   3.6     0    17     274    (-,-) 
  g20080/z                    (u)     in_0->z F     unmapped_nand2        60 192.0     0    62     336    (-,-) 
  g20022/z                    (u)     in_0->z R     unmapped_nand2         1   3.6     0    17     353    (-,-) 
  g19981/z                    (u)     in_1->z F     unmapped_nand2         5  16.0     0    28     380    (-,-) 
  g19855/z                    (u)     in_0->z F     unmapped_or2           1   3.2     0    17     397    (-,-) 
  g19856/z                    (u)     in_1->z R     unmapped_nand2         4  14.4     0    24     422    (-,-) 
  g20641/z                    (u)     in_1->z F     unmapped_complex2      1   3.2     0    17     438    (-,-) 
  g19761/z                    (u)     in_0->z R     unmapped_nand2         3  10.8     0    22     460    (-,-) 
  g19751/z                    (u)     in_1->z F     unmapped_nand2         1   3.2     0    17     476    (-,-) 
  g19658/z                    (u)     in_0->z R     unmapped_nand2         3  10.8     0    22     498    (-,-) 
  g19589/z                    (u)     in_1->z F     unmapped_nand2         1   3.2     0    17     514    (-,-) 
  g19565/z                    (u)     in_0->z R     unmapped_nand2         3  10.8     0    22     536    (-,-) 
  g20681/z                    (u)     in_0->z R     unmapped_complex2      1   3.6     0    17     553    (-,-) 
  g19489/z                    (u)     in_0->z F     unmapped_nand2         1   3.2     0    17     569    (-,-) 
  g20699/z                    (u)     in_0->z F     unmapped_complex2      1   3.2     0    17     586    (-,-) 
  g19440/z                    (u)     in_0->z R     unmapped_nand2         1   3.6     0    17     602    (-,-) 
  g19434/z                    (u)     in_1->z F     unmapped_nand2         3   9.6     0    22     624    (-,-) 
  g19421/z                    (u)     in_1->z F     unmapped_or2           6  19.2     0    30     654    (-,-) 
  g19398/z                    (u)     in_0->z F     unmapped_or2          14  44.8     0    42     696    (-,-) 
  g19339/z                    (u)     in_0->z F     unmapped_or2           1   3.2     0    17     713    (-,-) 
  g19306/z                    (u)     in_1->z R     unmapped_nand2         1   3.6     0    17     729    (-,-) 
  g20730/z                    (u)     in_0->z R     unmapped_complex2      3  10.8     0    22     751    (-,-) 
  g19248/z                    (u)     in_1->z F     unmapped_complex2      2   6.4     0    19     770    (-,-) 
  g18721/z                    (u)     in_1->z F     unmapped_or2           1   3.2     0    17     787    (-,-) 
  g19222/z                    (u)     in_0->z R     unmapped_complex2      1   3.6     0    17     803    (-,-) 
  g19215/z                    (u)     in_1->z F     unmapped_nand2         1   3.2     0    17     820    (-,-) 
  g19207/z                    (u)     in_1->z R     unmapped_nand2         1   3.6     0    17     836    (-,-) 
  g19196/z                    (u)     in_0->z F     unmapped_nand2         1   3.2     0    17     853    (-,-) 
  g19178/z                    (u)     in_1->z R     unmapped_nand2         1   3.6     0    17     870    (-,-) 
  g19164/z                    (u)     in_0->z F     unmapped_nand2         1   3.2     0    17     886    (-,-) 
  g19151/z                    (u)     in_0->z R     unmapped_nand2         1   3.6     0    17     903    (-,-) 
  g19128/z                    (u)     in_0->z F     unmapped_complex2      1   3.2     0    17     919    (-,-) 
  g20772/z                    (u)     in_0->z R     unmapped_complex2      1   3.6     0    17     936    (-,-) 
  g20773/z                    (u)     in_1->z F     unmapped_complex2      1   3.2     0    17     953    (-,-) 
  g20774/z                    (u)     in_1->z R     unmapped_complex2      1   3.6     0    17     969    (-,-) 
  g19124/z                    (u)     in_1->z F     unmapped_complex2      1   3.2     0    17     986    (-,-) 
  g19123/z                    (u)     in_0->z R     unmapped_complex2      1   3.6     0    17    1002    (-,-) 
  g19122/z                    (u)     in_0->z F     unmapped_complex2      1   3.2     0    17    1019    (-,-) 
  g20775/z                    (u)     in_0->z R     unmapped_complex2      1   3.6     0    17    1036    (-,-) 
  g20776/z                    (u)     in_1->z F     unmapped_complex2      1   3.2     0    17    1052    (-,-) 
  g20777/z                    (u)     in_1->z R     unmapped_complex2      1   3.6     0    17    1069    (-,-) 
  g19118/z                    (u)     in_1->z F     unmapped_complex2      1   3.2     0    17    1085    (-,-) 
  g19117/z                    (u)     in_1->z R     unmapped_nand2         1   3.6     0    17    1102    (-,-) 
  g19116/z                    (u)     in_1->z F     unmapped_nand2         1   3.2     0    17    1119    (-,-) 
  g19115/z                    (u)     in_0->z R     unmapped_nand2         1   3.6     0    17    1135    (-,-) 
  g20778/z                    (u)     in_0->z F     unmapped_complex2      4  12.8     0    24    1160    (-,-) 
  g19111/z                    (u)     in_0->z F     unmapped_or2          48 153.6     0    59    1218    (-,-) 
  g19018/z                    (u)     in_0->z F     unmapped_complex2      1   3.2     0    17    1235    (-,-) 
  g18994/z                    (u)     in_1->z R     unmapped_nand2         1   3.6     0    17    1252    (-,-) 
  g20787/z                    (u)     in_0->z R     unmapped_complex2      1   3.6     0    17    1268    (-,-) 
  larger_mantissa_l_reg[14]/d -       -       R     unmapped_d_flop        1     -     -     0    1268    (-,-) 
#---------------------------------------------------------------------------------------------------------------

(u) : Net has unmapped pin(s).

Capture clock path:
#------------------------------------------------------------------------------------------------------------
#         Timing Point          Flags   Arc   Edge      Cell        Fanout Load Trans Delay Arrival Instance 
#                                                                          (fF)  (ps)  (ps)   (ps)  Location 
#------------------------------------------------------------------------------------------------------------
  clk                           (i,u)   -     R     (arrival)          100  0.0     0     0    1562    (-,-) 
  larger_mantissa_l_reg[14]/clk <<<     -     R     unmapped_d_flop    100    -     1     0    1562    (-,-) 
#------------------------------------------------------------------------------------------------------------



Path 58: MET (256 ps) Setup Check with Pin larger_mantissa_l_reg[13]/clk->d
           View: view_1p2_25
          Group: clock1
     Startpoint: (R) fp1_in[23]
          Clock: (R) clock1
       Endpoint: (R) larger_mantissa_l_reg[13]/d
          Clock: (R) clock1

                     Capture       Launch     
        Clock Edge:+    1562            0     
        Drv Adjust:+       0            0     
       Src Latency:+       0            0     
       Net Latency:+       0 (I)        0 (I) 
           Arrival:=    1562            0     
                                              
             Setup:-      38                  
       Uncertainty:-       0                  
     Required Time:=    1525                  
      Launch Clock:-       0                  
       Input Delay:-       1                  
         Data Path:-    1267                  
             Slack:=     256                  

Exceptions/Constraints:
  input_delay              1              add_fp16.sdc_line_20_12_1   

#---------------------------------------------------------------------------------------------------------------
#        Timing Point         Flags    Arc    Edge       Cell         Fanout  Load Trans Delay Arrival Instance 
#                                                                             (fF)  (ps)  (ps)   (ps)  Location 
#---------------------------------------------------------------------------------------------------------------
  fp1_in[23]                  (u)     -       R     (arrival)              5  18.0     0     0       1    (-,-) 
  g20582/z                    (u)     in_1->z R     unmapped_or2           2   7.2     0    19      20    (-,-) 
  g20589/z                    (u)     in_0->z R     unmapped_complex2      1   3.6     0    17      37    (-,-) 
  g20245/z                    (u)     in_0->z F     unmapped_complex2      1   3.2     0    17      53    (-,-) 
  g20210/z                    (u)     in_1->z R     unmapped_nand2         1   3.6     0    17      70    (-,-) 
  g20197/z                    (u)     in_1->z F     unmapped_nand2         1   3.2     0    17      86    (-,-) 
  g20180/z                    (u)     in_0->z R     unmapped_nand2         1   3.6     0    17     103    (-,-) 
  g20161/z                    (u)     in_0->z F     unmapped_nand2         1   3.2     0    17     120    (-,-) 
  g20146/z                    (u)     in_0->z R     unmapped_nand2         2   7.2     0    19     139    (-,-) 
  g20140/z                    (u)     in_0->z F     unmapped_complex2      2   6.4     0    19     158    (-,-) 
  g20617/z                    (u)     in_0->z R     unmapped_complex2      1   3.6     0    17     174    (-,-) 
  g20119/z                    (u)     in_1->z R     unmapped_complex2      1   3.6     0    17     191    (-,-) 
  g20112/z                    (u)     in_0->z F     unmapped_complex2      1   3.2     0    17     208    (-,-) 
  g20107/z                    (u)     in_1->z R     unmapped_nand2         1   3.6     0    17     224    (-,-) 
  g20098/z                    (u)     in_1->z R     unmapped_complex2      1   3.6     0    17     241    (-,-) 
  g20090/z                    (u)     in_0->z F     unmapped_nand2         1   3.2     0    17     258    (-,-) 
  g20088/z                    (u)     in_0->z R     unmapped_nand2         1   3.6     0    17     274    (-,-) 
  g20080/z                    (u)     in_0->z F     unmapped_nand2        60 192.0     0    62     336    (-,-) 
  g20022/z                    (u)     in_0->z R     unmapped_nand2         1   3.6     0    17     353    (-,-) 
  g19981/z                    (u)     in_1->z F     unmapped_nand2         5  16.0     0    28     380    (-,-) 
  g19855/z                    (u)     in_0->z F     unmapped_or2           1   3.2     0    17     397    (-,-) 
  g19856/z                    (u)     in_1->z R     unmapped_nand2         4  14.4     0    24     422    (-,-) 
  g20641/z                    (u)     in_1->z F     unmapped_complex2      1   3.2     0    17     438    (-,-) 
  g19761/z                    (u)     in_0->z R     unmapped_nand2         3  10.8     0    22     460    (-,-) 
  g19751/z                    (u)     in_1->z F     unmapped_nand2         1   3.2     0    17     476    (-,-) 
  g19658/z                    (u)     in_0->z R     unmapped_nand2         3  10.8     0    22     498    (-,-) 
  g19589/z                    (u)     in_1->z F     unmapped_nand2         1   3.2     0    17     514    (-,-) 
  g19565/z                    (u)     in_0->z R     unmapped_nand2         3  10.8     0    22     536    (-,-) 
  g20681/z                    (u)     in_0->z R     unmapped_complex2      1   3.6     0    17     553    (-,-) 
  g19489/z                    (u)     in_0->z F     unmapped_nand2         1   3.2     0    17     569    (-,-) 
  g20699/z                    (u)     in_0->z F     unmapped_complex2      1   3.2     0    17     586    (-,-) 
  g19440/z                    (u)     in_0->z R     unmapped_nand2         1   3.6     0    17     602    (-,-) 
  g19434/z                    (u)     in_1->z F     unmapped_nand2         3   9.6     0    22     624    (-,-) 
  g19421/z                    (u)     in_1->z F     unmapped_or2           6  19.2     0    30     654    (-,-) 
  g19398/z                    (u)     in_0->z F     unmapped_or2          14  44.8     0    42     696    (-,-) 
  g19339/z                    (u)     in_0->z F     unmapped_or2           1   3.2     0    17     713    (-,-) 
  g19306/z                    (u)     in_1->z R     unmapped_nand2         1   3.6     0    17     729    (-,-) 
  g20730/z                    (u)     in_0->z R     unmapped_complex2      3  10.8     0    22     751    (-,-) 
  g19248/z                    (u)     in_1->z F     unmapped_complex2      2   6.4     0    19     770    (-,-) 
  g18721/z                    (u)     in_1->z F     unmapped_or2           1   3.2     0    17     787    (-,-) 
  g19222/z                    (u)     in_0->z R     unmapped_complex2      1   3.6     0    17     803    (-,-) 
  g19215/z                    (u)     in_1->z F     unmapped_nand2         1   3.2     0    17     820    (-,-) 
  g19207/z                    (u)     in_1->z R     unmapped_nand2         1   3.6     0    17     836    (-,-) 
  g19196/z                    (u)     in_0->z F     unmapped_nand2         1   3.2     0    17     853    (-,-) 
  g19178/z                    (u)     in_1->z R     unmapped_nand2         1   3.6     0    17     870    (-,-) 
  g19164/z                    (u)     in_0->z F     unmapped_nand2         1   3.2     0    17     886    (-,-) 
  g19151/z                    (u)     in_0->z R     unmapped_nand2         1   3.6     0    17     903    (-,-) 
  g19128/z                    (u)     in_0->z F     unmapped_complex2      1   3.2     0    17     919    (-,-) 
  g20772/z                    (u)     in_0->z R     unmapped_complex2      1   3.6     0    17     936    (-,-) 
  g20773/z                    (u)     in_1->z F     unmapped_complex2      1   3.2     0    17     953    (-,-) 
  g20774/z                    (u)     in_1->z R     unmapped_complex2      1   3.6     0    17     969    (-,-) 
  g19124/z                    (u)     in_1->z F     unmapped_complex2      1   3.2     0    17     986    (-,-) 
  g19123/z                    (u)     in_0->z R     unmapped_complex2      1   3.6     0    17    1002    (-,-) 
  g19122/z                    (u)     in_0->z F     unmapped_complex2      1   3.2     0    17    1019    (-,-) 
  g20775/z                    (u)     in_0->z R     unmapped_complex2      1   3.6     0    17    1036    (-,-) 
  g20776/z                    (u)     in_1->z F     unmapped_complex2      1   3.2     0    17    1052    (-,-) 
  g20777/z                    (u)     in_1->z R     unmapped_complex2      1   3.6     0    17    1069    (-,-) 
  g19118/z                    (u)     in_1->z F     unmapped_complex2      1   3.2     0    17    1085    (-,-) 
  g19117/z                    (u)     in_1->z R     unmapped_nand2         1   3.6     0    17    1102    (-,-) 
  g19116/z                    (u)     in_1->z F     unmapped_nand2         1   3.2     0    17    1119    (-,-) 
  g19115/z                    (u)     in_0->z R     unmapped_nand2         1   3.6     0    17    1135    (-,-) 
  g20778/z                    (u)     in_0->z F     unmapped_complex2      4  12.8     0    24    1160    (-,-) 
  g19111/z                    (u)     in_0->z F     unmapped_or2          48 153.6     0    59    1218    (-,-) 
  g19091/z                    (u)     in_0->z F     unmapped_complex2      1   3.2     0    17    1235    (-,-) 
  g18974/z                    (u)     in_1->z R     unmapped_nand2         1   3.6     0    17    1252    (-,-) 
  g20805/z                    (u)     in_0->z R     unmapped_complex2      1   3.6     0    17    1268    (-,-) 
  larger_mantissa_l_reg[13]/d -       -       R     unmapped_d_flop        1     -     -     0    1268    (-,-) 
#---------------------------------------------------------------------------------------------------------------

(u) : Net has unmapped pin(s).

Capture clock path:
#------------------------------------------------------------------------------------------------------------
#         Timing Point          Flags   Arc   Edge      Cell        Fanout Load Trans Delay Arrival Instance 
#                                                                          (fF)  (ps)  (ps)   (ps)  Location 
#------------------------------------------------------------------------------------------------------------
  clk                           (i,u)   -     R     (arrival)          100  0.0     0     0    1562    (-,-) 
  larger_mantissa_l_reg[13]/clk <<<     -     R     unmapped_d_flop    100    -     1     0    1562    (-,-) 
#------------------------------------------------------------------------------------------------------------



Path 59: MET (256 ps) Setup Check with Pin larger_mantissa_l_reg[12]/clk->d
           View: view_1p2_25
          Group: clock1
     Startpoint: (R) fp1_in[23]
          Clock: (R) clock1
       Endpoint: (R) larger_mantissa_l_reg[12]/d
          Clock: (R) clock1

                     Capture       Launch     
        Clock Edge:+    1562            0     
        Drv Adjust:+       0            0     
       Src Latency:+       0            0     
       Net Latency:+       0 (I)        0 (I) 
           Arrival:=    1562            0     
                                              
             Setup:-      38                  
       Uncertainty:-       0                  
     Required Time:=    1525                  
      Launch Clock:-       0                  
       Input Delay:-       1                  
         Data Path:-    1267                  
             Slack:=     256                  

Exceptions/Constraints:
  input_delay              1              add_fp16.sdc_line_20_12_1   

#---------------------------------------------------------------------------------------------------------------
#        Timing Point         Flags    Arc    Edge       Cell         Fanout  Load Trans Delay Arrival Instance 
#                                                                             (fF)  (ps)  (ps)   (ps)  Location 
#---------------------------------------------------------------------------------------------------------------
  fp1_in[23]                  (u)     -       R     (arrival)              5  18.0     0     0       1    (-,-) 
  g20582/z                    (u)     in_1->z R     unmapped_or2           2   7.2     0    19      20    (-,-) 
  g20589/z                    (u)     in_0->z R     unmapped_complex2      1   3.6     0    17      37    (-,-) 
  g20245/z                    (u)     in_0->z F     unmapped_complex2      1   3.2     0    17      53    (-,-) 
  g20210/z                    (u)     in_1->z R     unmapped_nand2         1   3.6     0    17      70    (-,-) 
  g20197/z                    (u)     in_1->z F     unmapped_nand2         1   3.2     0    17      86    (-,-) 
  g20180/z                    (u)     in_0->z R     unmapped_nand2         1   3.6     0    17     103    (-,-) 
  g20161/z                    (u)     in_0->z F     unmapped_nand2         1   3.2     0    17     120    (-,-) 
  g20146/z                    (u)     in_0->z R     unmapped_nand2         2   7.2     0    19     139    (-,-) 
  g20140/z                    (u)     in_0->z F     unmapped_complex2      2   6.4     0    19     158    (-,-) 
  g20617/z                    (u)     in_0->z R     unmapped_complex2      1   3.6     0    17     174    (-,-) 
  g20119/z                    (u)     in_1->z R     unmapped_complex2      1   3.6     0    17     191    (-,-) 
  g20112/z                    (u)     in_0->z F     unmapped_complex2      1   3.2     0    17     208    (-,-) 
  g20107/z                    (u)     in_1->z R     unmapped_nand2         1   3.6     0    17     224    (-,-) 
  g20098/z                    (u)     in_1->z R     unmapped_complex2      1   3.6     0    17     241    (-,-) 
  g20090/z                    (u)     in_0->z F     unmapped_nand2         1   3.2     0    17     258    (-,-) 
  g20088/z                    (u)     in_0->z R     unmapped_nand2         1   3.6     0    17     274    (-,-) 
  g20080/z                    (u)     in_0->z F     unmapped_nand2        60 192.0     0    62     336    (-,-) 
  g20022/z                    (u)     in_0->z R     unmapped_nand2         1   3.6     0    17     353    (-,-) 
  g19981/z                    (u)     in_1->z F     unmapped_nand2         5  16.0     0    28     380    (-,-) 
  g19855/z                    (u)     in_0->z F     unmapped_or2           1   3.2     0    17     397    (-,-) 
  g19856/z                    (u)     in_1->z R     unmapped_nand2         4  14.4     0    24     422    (-,-) 
  g20641/z                    (u)     in_1->z F     unmapped_complex2      1   3.2     0    17     438    (-,-) 
  g19761/z                    (u)     in_0->z R     unmapped_nand2         3  10.8     0    22     460    (-,-) 
  g19751/z                    (u)     in_1->z F     unmapped_nand2         1   3.2     0    17     476    (-,-) 
  g19658/z                    (u)     in_0->z R     unmapped_nand2         3  10.8     0    22     498    (-,-) 
  g19589/z                    (u)     in_1->z F     unmapped_nand2         1   3.2     0    17     514    (-,-) 
  g19565/z                    (u)     in_0->z R     unmapped_nand2         3  10.8     0    22     536    (-,-) 
  g20681/z                    (u)     in_0->z R     unmapped_complex2      1   3.6     0    17     553    (-,-) 
  g19489/z                    (u)     in_0->z F     unmapped_nand2         1   3.2     0    17     569    (-,-) 
  g20699/z                    (u)     in_0->z F     unmapped_complex2      1   3.2     0    17     586    (-,-) 
  g19440/z                    (u)     in_0->z R     unmapped_nand2         1   3.6     0    17     602    (-,-) 
  g19434/z                    (u)     in_1->z F     unmapped_nand2         3   9.6     0    22     624    (-,-) 
  g19421/z                    (u)     in_1->z F     unmapped_or2           6  19.2     0    30     654    (-,-) 
  g19398/z                    (u)     in_0->z F     unmapped_or2          14  44.8     0    42     696    (-,-) 
  g19339/z                    (u)     in_0->z F     unmapped_or2           1   3.2     0    17     713    (-,-) 
  g19306/z                    (u)     in_1->z R     unmapped_nand2         1   3.6     0    17     729    (-,-) 
  g20730/z                    (u)     in_0->z R     unmapped_complex2      3  10.8     0    22     751    (-,-) 
  g19248/z                    (u)     in_1->z F     unmapped_complex2      2   6.4     0    19     770    (-,-) 
  g18721/z                    (u)     in_1->z F     unmapped_or2           1   3.2     0    17     787    (-,-) 
  g19222/z                    (u)     in_0->z R     unmapped_complex2      1   3.6     0    17     803    (-,-) 
  g19215/z                    (u)     in_1->z F     unmapped_nand2         1   3.2     0    17     820    (-,-) 
  g19207/z                    (u)     in_1->z R     unmapped_nand2         1   3.6     0    17     836    (-,-) 
  g19196/z                    (u)     in_0->z F     unmapped_nand2         1   3.2     0    17     853    (-,-) 
  g19178/z                    (u)     in_1->z R     unmapped_nand2         1   3.6     0    17     870    (-,-) 
  g19164/z                    (u)     in_0->z F     unmapped_nand2         1   3.2     0    17     886    (-,-) 
  g19151/z                    (u)     in_0->z R     unmapped_nand2         1   3.6     0    17     903    (-,-) 
  g19128/z                    (u)     in_0->z F     unmapped_complex2      1   3.2     0    17     919    (-,-) 
  g20772/z                    (u)     in_0->z R     unmapped_complex2      1   3.6     0    17     936    (-,-) 
  g20773/z                    (u)     in_1->z F     unmapped_complex2      1   3.2     0    17     953    (-,-) 
  g20774/z                    (u)     in_1->z R     unmapped_complex2      1   3.6     0    17     969    (-,-) 
  g19124/z                    (u)     in_1->z F     unmapped_complex2      1   3.2     0    17     986    (-,-) 
  g19123/z                    (u)     in_0->z R     unmapped_complex2      1   3.6     0    17    1002    (-,-) 
  g19122/z                    (u)     in_0->z F     unmapped_complex2      1   3.2     0    17    1019    (-,-) 
  g20775/z                    (u)     in_0->z R     unmapped_complex2      1   3.6     0    17    1036    (-,-) 
  g20776/z                    (u)     in_1->z F     unmapped_complex2      1   3.2     0    17    1052    (-,-) 
  g20777/z                    (u)     in_1->z R     unmapped_complex2      1   3.6     0    17    1069    (-,-) 
  g19118/z                    (u)     in_1->z F     unmapped_complex2      1   3.2     0    17    1085    (-,-) 
  g19117/z                    (u)     in_1->z R     unmapped_nand2         1   3.6     0    17    1102    (-,-) 
  g19116/z                    (u)     in_1->z F     unmapped_nand2         1   3.2     0    17    1119    (-,-) 
  g19115/z                    (u)     in_0->z R     unmapped_nand2         1   3.6     0    17    1135    (-,-) 
  g20778/z                    (u)     in_0->z F     unmapped_complex2      4  12.8     0    24    1160    (-,-) 
  g19111/z                    (u)     in_0->z F     unmapped_or2          48 153.6     0    59    1218    (-,-) 
  g19068/z                    (u)     in_0->z F     unmapped_complex2      1   3.2     0    17    1235    (-,-) 
  g18982/z                    (u)     in_1->z R     unmapped_nand2         1   3.6     0    17    1252    (-,-) 
  g20810/z                    (u)     in_0->z R     unmapped_complex2      1   3.6     0    17    1268    (-,-) 
  larger_mantissa_l_reg[12]/d -       -       R     unmapped_d_flop        1     -     -     0    1268    (-,-) 
#---------------------------------------------------------------------------------------------------------------

(u) : Net has unmapped pin(s).

Capture clock path:
#------------------------------------------------------------------------------------------------------------
#         Timing Point          Flags   Arc   Edge      Cell        Fanout Load Trans Delay Arrival Instance 
#                                                                          (fF)  (ps)  (ps)   (ps)  Location 
#------------------------------------------------------------------------------------------------------------
  clk                           (i,u)   -     R     (arrival)          100  0.0     0     0    1562    (-,-) 
  larger_mantissa_l_reg[12]/clk <<<     -     R     unmapped_d_flop    100    -     1     0    1562    (-,-) 
#------------------------------------------------------------------------------------------------------------



Path 60: MET (256 ps) Setup Check with Pin larger_mantissa_l_reg[11]/clk->d
           View: view_1p2_25
          Group: clock1
     Startpoint: (R) fp1_in[23]
          Clock: (R) clock1
       Endpoint: (R) larger_mantissa_l_reg[11]/d
          Clock: (R) clock1

                     Capture       Launch     
        Clock Edge:+    1562            0     
        Drv Adjust:+       0            0     
       Src Latency:+       0            0     
       Net Latency:+       0 (I)        0 (I) 
           Arrival:=    1562            0     
                                              
             Setup:-      38                  
       Uncertainty:-       0                  
     Required Time:=    1525                  
      Launch Clock:-       0                  
       Input Delay:-       1                  
         Data Path:-    1267                  
             Slack:=     256                  

Exceptions/Constraints:
  input_delay              1              add_fp16.sdc_line_20_12_1   

#---------------------------------------------------------------------------------------------------------------
#        Timing Point         Flags    Arc    Edge       Cell         Fanout  Load Trans Delay Arrival Instance 
#                                                                             (fF)  (ps)  (ps)   (ps)  Location 
#---------------------------------------------------------------------------------------------------------------
  fp1_in[23]                  (u)     -       R     (arrival)              5  18.0     0     0       1    (-,-) 
  g20582/z                    (u)     in_1->z R     unmapped_or2           2   7.2     0    19      20    (-,-) 
  g20589/z                    (u)     in_0->z R     unmapped_complex2      1   3.6     0    17      37    (-,-) 
  g20245/z                    (u)     in_0->z F     unmapped_complex2      1   3.2     0    17      53    (-,-) 
  g20210/z                    (u)     in_1->z R     unmapped_nand2         1   3.6     0    17      70    (-,-) 
  g20197/z                    (u)     in_1->z F     unmapped_nand2         1   3.2     0    17      86    (-,-) 
  g20180/z                    (u)     in_0->z R     unmapped_nand2         1   3.6     0    17     103    (-,-) 
  g20161/z                    (u)     in_0->z F     unmapped_nand2         1   3.2     0    17     120    (-,-) 
  g20146/z                    (u)     in_0->z R     unmapped_nand2         2   7.2     0    19     139    (-,-) 
  g20140/z                    (u)     in_0->z F     unmapped_complex2      2   6.4     0    19     158    (-,-) 
  g20617/z                    (u)     in_0->z R     unmapped_complex2      1   3.6     0    17     174    (-,-) 
  g20119/z                    (u)     in_1->z R     unmapped_complex2      1   3.6     0    17     191    (-,-) 
  g20112/z                    (u)     in_0->z F     unmapped_complex2      1   3.2     0    17     208    (-,-) 
  g20107/z                    (u)     in_1->z R     unmapped_nand2         1   3.6     0    17     224    (-,-) 
  g20098/z                    (u)     in_1->z R     unmapped_complex2      1   3.6     0    17     241    (-,-) 
  g20090/z                    (u)     in_0->z F     unmapped_nand2         1   3.2     0    17     258    (-,-) 
  g20088/z                    (u)     in_0->z R     unmapped_nand2         1   3.6     0    17     274    (-,-) 
  g20080/z                    (u)     in_0->z F     unmapped_nand2        60 192.0     0    62     336    (-,-) 
  g20022/z                    (u)     in_0->z R     unmapped_nand2         1   3.6     0    17     353    (-,-) 
  g19981/z                    (u)     in_1->z F     unmapped_nand2         5  16.0     0    28     380    (-,-) 
  g19855/z                    (u)     in_0->z F     unmapped_or2           1   3.2     0    17     397    (-,-) 
  g19856/z                    (u)     in_1->z R     unmapped_nand2         4  14.4     0    24     422    (-,-) 
  g20641/z                    (u)     in_1->z F     unmapped_complex2      1   3.2     0    17     438    (-,-) 
  g19761/z                    (u)     in_0->z R     unmapped_nand2         3  10.8     0    22     460    (-,-) 
  g19751/z                    (u)     in_1->z F     unmapped_nand2         1   3.2     0    17     476    (-,-) 
  g19658/z                    (u)     in_0->z R     unmapped_nand2         3  10.8     0    22     498    (-,-) 
  g19589/z                    (u)     in_1->z F     unmapped_nand2         1   3.2     0    17     514    (-,-) 
  g19565/z                    (u)     in_0->z R     unmapped_nand2         3  10.8     0    22     536    (-,-) 
  g20681/z                    (u)     in_0->z R     unmapped_complex2      1   3.6     0    17     553    (-,-) 
  g19489/z                    (u)     in_0->z F     unmapped_nand2         1   3.2     0    17     569    (-,-) 
  g20699/z                    (u)     in_0->z F     unmapped_complex2      1   3.2     0    17     586    (-,-) 
  g19440/z                    (u)     in_0->z R     unmapped_nand2         1   3.6     0    17     602    (-,-) 
  g19434/z                    (u)     in_1->z F     unmapped_nand2         3   9.6     0    22     624    (-,-) 
  g19421/z                    (u)     in_1->z F     unmapped_or2           6  19.2     0    30     654    (-,-) 
  g19398/z                    (u)     in_0->z F     unmapped_or2          14  44.8     0    42     696    (-,-) 
  g19339/z                    (u)     in_0->z F     unmapped_or2           1   3.2     0    17     713    (-,-) 
  g19306/z                    (u)     in_1->z R     unmapped_nand2         1   3.6     0    17     729    (-,-) 
  g20730/z                    (u)     in_0->z R     unmapped_complex2      3  10.8     0    22     751    (-,-) 
  g19248/z                    (u)     in_1->z F     unmapped_complex2      2   6.4     0    19     770    (-,-) 
  g18721/z                    (u)     in_1->z F     unmapped_or2           1   3.2     0    17     787    (-,-) 
  g19222/z                    (u)     in_0->z R     unmapped_complex2      1   3.6     0    17     803    (-,-) 
  g19215/z                    (u)     in_1->z F     unmapped_nand2         1   3.2     0    17     820    (-,-) 
  g19207/z                    (u)     in_1->z R     unmapped_nand2         1   3.6     0    17     836    (-,-) 
  g19196/z                    (u)     in_0->z F     unmapped_nand2         1   3.2     0    17     853    (-,-) 
  g19178/z                    (u)     in_1->z R     unmapped_nand2         1   3.6     0    17     870    (-,-) 
  g19164/z                    (u)     in_0->z F     unmapped_nand2         1   3.2     0    17     886    (-,-) 
  g19151/z                    (u)     in_0->z R     unmapped_nand2         1   3.6     0    17     903    (-,-) 
  g19128/z                    (u)     in_0->z F     unmapped_complex2      1   3.2     0    17     919    (-,-) 
  g20772/z                    (u)     in_0->z R     unmapped_complex2      1   3.6     0    17     936    (-,-) 
  g20773/z                    (u)     in_1->z F     unmapped_complex2      1   3.2     0    17     953    (-,-) 
  g20774/z                    (u)     in_1->z R     unmapped_complex2      1   3.6     0    17     969    (-,-) 
  g19124/z                    (u)     in_1->z F     unmapped_complex2      1   3.2     0    17     986    (-,-) 
  g19123/z                    (u)     in_0->z R     unmapped_complex2      1   3.6     0    17    1002    (-,-) 
  g19122/z                    (u)     in_0->z F     unmapped_complex2      1   3.2     0    17    1019    (-,-) 
  g20775/z                    (u)     in_0->z R     unmapped_complex2      1   3.6     0    17    1036    (-,-) 
  g20776/z                    (u)     in_1->z F     unmapped_complex2      1   3.2     0    17    1052    (-,-) 
  g20777/z                    (u)     in_1->z R     unmapped_complex2      1   3.6     0    17    1069    (-,-) 
  g19118/z                    (u)     in_1->z F     unmapped_complex2      1   3.2     0    17    1085    (-,-) 
  g19117/z                    (u)     in_1->z R     unmapped_nand2         1   3.6     0    17    1102    (-,-) 
  g19116/z                    (u)     in_1->z F     unmapped_nand2         1   3.2     0    17    1119    (-,-) 
  g19115/z                    (u)     in_0->z R     unmapped_nand2         1   3.6     0    17    1135    (-,-) 
  g20778/z                    (u)     in_0->z F     unmapped_complex2      4  12.8     0    24    1160    (-,-) 
  g19111/z                    (u)     in_0->z F     unmapped_or2          48 153.6     0    59    1218    (-,-) 
  g19106/z                    (u)     in_0->z F     unmapped_complex2      1   3.2     0    17    1235    (-,-) 
  g19006/z                    (u)     in_1->z R     unmapped_nand2         1   3.6     0    17    1252    (-,-) 
  g20801/z                    (u)     in_0->z R     unmapped_complex2      1   3.6     0    17    1268    (-,-) 
  larger_mantissa_l_reg[11]/d -       -       R     unmapped_d_flop        1     -     -     0    1268    (-,-) 
#---------------------------------------------------------------------------------------------------------------

(u) : Net has unmapped pin(s).

Capture clock path:
#------------------------------------------------------------------------------------------------------------
#         Timing Point          Flags   Arc   Edge      Cell        Fanout Load Trans Delay Arrival Instance 
#                                                                          (fF)  (ps)  (ps)   (ps)  Location 
#------------------------------------------------------------------------------------------------------------
  clk                           (i,u)   -     R     (arrival)          100  0.0     0     0    1562    (-,-) 
  larger_mantissa_l_reg[11]/clk <<<     -     R     unmapped_d_flop    100    -     1     0    1562    (-,-) 
#------------------------------------------------------------------------------------------------------------



Path 61: MET (256 ps) Setup Check with Pin larger_mantissa_l_reg[10]/clk->d
           View: view_1p2_25
          Group: clock1
     Startpoint: (R) fp1_in[23]
          Clock: (R) clock1
       Endpoint: (R) larger_mantissa_l_reg[10]/d
          Clock: (R) clock1

                     Capture       Launch     
        Clock Edge:+    1562            0     
        Drv Adjust:+       0            0     
       Src Latency:+       0            0     
       Net Latency:+       0 (I)        0 (I) 
           Arrival:=    1562            0     
                                              
             Setup:-      38                  
       Uncertainty:-       0                  
     Required Time:=    1525                  
      Launch Clock:-       0                  
       Input Delay:-       1                  
         Data Path:-    1267                  
             Slack:=     256                  

Exceptions/Constraints:
  input_delay              1              add_fp16.sdc_line_20_12_1   

#---------------------------------------------------------------------------------------------------------------
#        Timing Point         Flags    Arc    Edge       Cell         Fanout  Load Trans Delay Arrival Instance 
#                                                                             (fF)  (ps)  (ps)   (ps)  Location 
#---------------------------------------------------------------------------------------------------------------
  fp1_in[23]                  (u)     -       R     (arrival)              5  18.0     0     0       1    (-,-) 
  g20582/z                    (u)     in_1->z R     unmapped_or2           2   7.2     0    19      20    (-,-) 
  g20589/z                    (u)     in_0->z R     unmapped_complex2      1   3.6     0    17      37    (-,-) 
  g20245/z                    (u)     in_0->z F     unmapped_complex2      1   3.2     0    17      53    (-,-) 
  g20210/z                    (u)     in_1->z R     unmapped_nand2         1   3.6     0    17      70    (-,-) 
  g20197/z                    (u)     in_1->z F     unmapped_nand2         1   3.2     0    17      86    (-,-) 
  g20180/z                    (u)     in_0->z R     unmapped_nand2         1   3.6     0    17     103    (-,-) 
  g20161/z                    (u)     in_0->z F     unmapped_nand2         1   3.2     0    17     120    (-,-) 
  g20146/z                    (u)     in_0->z R     unmapped_nand2         2   7.2     0    19     139    (-,-) 
  g20140/z                    (u)     in_0->z F     unmapped_complex2      2   6.4     0    19     158    (-,-) 
  g20617/z                    (u)     in_0->z R     unmapped_complex2      1   3.6     0    17     174    (-,-) 
  g20119/z                    (u)     in_1->z R     unmapped_complex2      1   3.6     0    17     191    (-,-) 
  g20112/z                    (u)     in_0->z F     unmapped_complex2      1   3.2     0    17     208    (-,-) 
  g20107/z                    (u)     in_1->z R     unmapped_nand2         1   3.6     0    17     224    (-,-) 
  g20098/z                    (u)     in_1->z R     unmapped_complex2      1   3.6     0    17     241    (-,-) 
  g20090/z                    (u)     in_0->z F     unmapped_nand2         1   3.2     0    17     258    (-,-) 
  g20088/z                    (u)     in_0->z R     unmapped_nand2         1   3.6     0    17     274    (-,-) 
  g20080/z                    (u)     in_0->z F     unmapped_nand2        60 192.0     0    62     336    (-,-) 
  g20022/z                    (u)     in_0->z R     unmapped_nand2         1   3.6     0    17     353    (-,-) 
  g19981/z                    (u)     in_1->z F     unmapped_nand2         5  16.0     0    28     380    (-,-) 
  g19855/z                    (u)     in_0->z F     unmapped_or2           1   3.2     0    17     397    (-,-) 
  g19856/z                    (u)     in_1->z R     unmapped_nand2         4  14.4     0    24     422    (-,-) 
  g20641/z                    (u)     in_1->z F     unmapped_complex2      1   3.2     0    17     438    (-,-) 
  g19761/z                    (u)     in_0->z R     unmapped_nand2         3  10.8     0    22     460    (-,-) 
  g19751/z                    (u)     in_1->z F     unmapped_nand2         1   3.2     0    17     476    (-,-) 
  g19658/z                    (u)     in_0->z R     unmapped_nand2         3  10.8     0    22     498    (-,-) 
  g19589/z                    (u)     in_1->z F     unmapped_nand2         1   3.2     0    17     514    (-,-) 
  g19565/z                    (u)     in_0->z R     unmapped_nand2         3  10.8     0    22     536    (-,-) 
  g20681/z                    (u)     in_0->z R     unmapped_complex2      1   3.6     0    17     553    (-,-) 
  g19489/z                    (u)     in_0->z F     unmapped_nand2         1   3.2     0    17     569    (-,-) 
  g20699/z                    (u)     in_0->z F     unmapped_complex2      1   3.2     0    17     586    (-,-) 
  g19440/z                    (u)     in_0->z R     unmapped_nand2         1   3.6     0    17     602    (-,-) 
  g19434/z                    (u)     in_1->z F     unmapped_nand2         3   9.6     0    22     624    (-,-) 
  g19421/z                    (u)     in_1->z F     unmapped_or2           6  19.2     0    30     654    (-,-) 
  g19398/z                    (u)     in_0->z F     unmapped_or2          14  44.8     0    42     696    (-,-) 
  g19339/z                    (u)     in_0->z F     unmapped_or2           1   3.2     0    17     713    (-,-) 
  g19306/z                    (u)     in_1->z R     unmapped_nand2         1   3.6     0    17     729    (-,-) 
  g20730/z                    (u)     in_0->z R     unmapped_complex2      3  10.8     0    22     751    (-,-) 
  g19248/z                    (u)     in_1->z F     unmapped_complex2      2   6.4     0    19     770    (-,-) 
  g18721/z                    (u)     in_1->z F     unmapped_or2           1   3.2     0    17     787    (-,-) 
  g19222/z                    (u)     in_0->z R     unmapped_complex2      1   3.6     0    17     803    (-,-) 
  g19215/z                    (u)     in_1->z F     unmapped_nand2         1   3.2     0    17     820    (-,-) 
  g19207/z                    (u)     in_1->z R     unmapped_nand2         1   3.6     0    17     836    (-,-) 
  g19196/z                    (u)     in_0->z F     unmapped_nand2         1   3.2     0    17     853    (-,-) 
  g19178/z                    (u)     in_1->z R     unmapped_nand2         1   3.6     0    17     870    (-,-) 
  g19164/z                    (u)     in_0->z F     unmapped_nand2         1   3.2     0    17     886    (-,-) 
  g19151/z                    (u)     in_0->z R     unmapped_nand2         1   3.6     0    17     903    (-,-) 
  g19128/z                    (u)     in_0->z F     unmapped_complex2      1   3.2     0    17     919    (-,-) 
  g20772/z                    (u)     in_0->z R     unmapped_complex2      1   3.6     0    17     936    (-,-) 
  g20773/z                    (u)     in_1->z F     unmapped_complex2      1   3.2     0    17     953    (-,-) 
  g20774/z                    (u)     in_1->z R     unmapped_complex2      1   3.6     0    17     969    (-,-) 
  g19124/z                    (u)     in_1->z F     unmapped_complex2      1   3.2     0    17     986    (-,-) 
  g19123/z                    (u)     in_0->z R     unmapped_complex2      1   3.6     0    17    1002    (-,-) 
  g19122/z                    (u)     in_0->z F     unmapped_complex2      1   3.2     0    17    1019    (-,-) 
  g20775/z                    (u)     in_0->z R     unmapped_complex2      1   3.6     0    17    1036    (-,-) 
  g20776/z                    (u)     in_1->z F     unmapped_complex2      1   3.2     0    17    1052    (-,-) 
  g20777/z                    (u)     in_1->z R     unmapped_complex2      1   3.6     0    17    1069    (-,-) 
  g19118/z                    (u)     in_1->z F     unmapped_complex2      1   3.2     0    17    1085    (-,-) 
  g19117/z                    (u)     in_1->z R     unmapped_nand2         1   3.6     0    17    1102    (-,-) 
  g19116/z                    (u)     in_1->z F     unmapped_nand2         1   3.2     0    17    1119    (-,-) 
  g19115/z                    (u)     in_0->z R     unmapped_nand2         1   3.6     0    17    1135    (-,-) 
  g20778/z                    (u)     in_0->z F     unmapped_complex2      4  12.8     0    24    1160    (-,-) 
  g19111/z                    (u)     in_0->z F     unmapped_or2          48 153.6     0    59    1218    (-,-) 
  g19043/z                    (u)     in_0->z F     unmapped_complex2      1   3.2     0    17    1235    (-,-) 
  g19010/z                    (u)     in_1->z R     unmapped_nand2         1   3.6     0    17    1252    (-,-) 
  g20788/z                    (u)     in_0->z R     unmapped_complex2      1   3.6     0    17    1268    (-,-) 
  larger_mantissa_l_reg[10]/d -       -       R     unmapped_d_flop        1     -     -     0    1268    (-,-) 
#---------------------------------------------------------------------------------------------------------------

(u) : Net has unmapped pin(s).

Capture clock path:
#------------------------------------------------------------------------------------------------------------
#         Timing Point          Flags   Arc   Edge      Cell        Fanout Load Trans Delay Arrival Instance 
#                                                                          (fF)  (ps)  (ps)   (ps)  Location 
#------------------------------------------------------------------------------------------------------------
  clk                           (i,u)   -     R     (arrival)          100  0.0     0     0    1562    (-,-) 
  larger_mantissa_l_reg[10]/clk <<<     -     R     unmapped_d_flop    100    -     1     0    1562    (-,-) 
#------------------------------------------------------------------------------------------------------------



Path 62: MET (256 ps) Setup Check with Pin larger_mantissa_l_reg[9]/clk->d
           View: view_1p2_25
          Group: clock1
     Startpoint: (F) fp1_in[23]
          Clock: (R) clock1
       Endpoint: (R) larger_mantissa_l_reg[9]/d
          Clock: (R) clock1

                     Capture       Launch     
        Clock Edge:+    1562            0     
        Drv Adjust:+       0            0     
       Src Latency:+       0            0     
       Net Latency:+       0 (I)        0 (I) 
           Arrival:=    1562            0     
                                              
             Setup:-      38                  
       Uncertainty:-       0                  
     Required Time:=    1525                  
      Launch Clock:-       0                  
       Input Delay:-       1                  
         Data Path:-    1267                  
             Slack:=     256                  

Exceptions/Constraints:
  input_delay              1              add_fp16.sdc_line_20_12_1   

#--------------------------------------------------------------------------------------------------------------
#       Timing Point         Flags    Arc    Edge       Cell         Fanout  Load Trans Delay Arrival Instance 
#                                                                            (fF)  (ps)  (ps)   (ps)  Location 
#--------------------------------------------------------------------------------------------------------------
  fp1_in[23]                 (u)     -       F     (arrival)              5  16.0     0     0       1    (-,-) 
  g20582/z                   (u)     in_1->z F     unmapped_or2           2   6.4     0    19      20    (-,-) 
  g20589/z                   (u)     in_0->z F     unmapped_complex2      1   3.2     0    17      37    (-,-) 
  g20245/z                   (u)     in_0->z R     unmapped_complex2      1   3.6     0    17      53    (-,-) 
  g20210/z                   (u)     in_1->z F     unmapped_nand2         1   3.2     0    17      70    (-,-) 
  g20197/z                   (u)     in_1->z R     unmapped_nand2         1   3.6     0    17      86    (-,-) 
  g20180/z                   (u)     in_0->z F     unmapped_nand2         1   3.2     0    17     103    (-,-) 
  g20161/z                   (u)     in_0->z R     unmapped_nand2         1   3.6     0    17     120    (-,-) 
  g20146/z                   (u)     in_0->z F     unmapped_nand2         2   6.4     0    19     139    (-,-) 
  g20140/z                   (u)     in_0->z R     unmapped_complex2      2   7.2     0    19     158    (-,-) 
  g20617/z                   (u)     in_0->z F     unmapped_complex2      1   3.2     0    17     174    (-,-) 
  g20119/z                   (u)     in_1->z F     unmapped_complex2      1   3.2     0    17     191    (-,-) 
  g20112/z                   (u)     in_0->z R     unmapped_complex2      1   3.6     0    17     208    (-,-) 
  g20107/z                   (u)     in_1->z F     unmapped_nand2         1   3.2     0    17     224    (-,-) 
  g20098/z                   (u)     in_1->z F     unmapped_complex2      1   3.2     0    17     241    (-,-) 
  g20090/z                   (u)     in_0->z R     unmapped_nand2         1   3.6     0    17     258    (-,-) 
  g20088/z                   (u)     in_0->z F     unmapped_nand2         1   3.2     0    17     274    (-,-) 
  g20080/z                   (u)     in_0->z R     unmapped_nand2        60 216.0     0    62     336    (-,-) 
  g20022/z                   (u)     in_0->z F     unmapped_nand2         1   3.2     0    17     353    (-,-) 
  g19981/z                   (u)     in_1->z R     unmapped_nand2         5  18.0     0    28     380    (-,-) 
  g19855/z                   (u)     in_0->z R     unmapped_or2           1   3.6     0    17     397    (-,-) 
  g19856/z                   (u)     in_1->z F     unmapped_nand2         4  12.8     0    24     422    (-,-) 
  g20641/z                   (u)     in_1->z R     unmapped_complex2      1   3.6     0    17     438    (-,-) 
  g19761/z                   (u)     in_0->z F     unmapped_nand2         3   9.6     0    22     460    (-,-) 
  g19751/z                   (u)     in_1->z R     unmapped_nand2         1   3.6     0    17     476    (-,-) 
  g19658/z                   (u)     in_0->z F     unmapped_nand2         3   9.6     0    22     498    (-,-) 
  g19589/z                   (u)     in_1->z R     unmapped_nand2         1   3.6     0    17     514    (-,-) 
  g19565/z                   (u)     in_0->z F     unmapped_nand2         3   9.6     0    22     536    (-,-) 
  g20681/z                   (u)     in_0->z F     unmapped_complex2      1   3.2     0    17     553    (-,-) 
  g19489/z                   (u)     in_0->z R     unmapped_nand2         1   3.6     0    17     569    (-,-) 
  g20699/z                   (u)     in_0->z R     unmapped_complex2      1   3.6     0    17     586    (-,-) 
  g19440/z                   (u)     in_0->z F     unmapped_nand2         1   3.2     0    17     602    (-,-) 
  g19434/z                   (u)     in_1->z R     unmapped_nand2         3  10.8     0    22     624    (-,-) 
  g19421/z                   (u)     in_1->z R     unmapped_or2           6  21.6     0    30     654    (-,-) 
  g19398/z                   (u)     in_0->z R     unmapped_or2          14  50.4     0    42     696    (-,-) 
  g19339/z                   (u)     in_0->z R     unmapped_or2           1   3.6     0    17     713    (-,-) 
  g19306/z                   (u)     in_1->z F     unmapped_nand2         1   3.2     0    17     729    (-,-) 
  g20730/z                   (u)     in_0->z F     unmapped_complex2      3   9.6     0    22     751    (-,-) 
  g19248/z                   (u)     in_1->z R     unmapped_complex2      2   7.2     0    19     770    (-,-) 
  g18721/z                   (u)     in_1->z R     unmapped_or2           1   3.6     0    17     787    (-,-) 
  g19222/z                   (u)     in_0->z F     unmapped_complex2      1   3.2     0    17     803    (-,-) 
  g19215/z                   (u)     in_1->z R     unmapped_nand2         1   3.6     0    17     820    (-,-) 
  g19207/z                   (u)     in_1->z F     unmapped_nand2         1   3.2     0    17     836    (-,-) 
  g19196/z                   (u)     in_0->z R     unmapped_nand2         1   3.6     0    17     853    (-,-) 
  g19178/z                   (u)     in_1->z F     unmapped_nand2         1   3.2     0    17     870    (-,-) 
  g19164/z                   (u)     in_0->z R     unmapped_nand2         1   3.6     0    17     886    (-,-) 
  g19151/z                   (u)     in_0->z F     unmapped_nand2         1   3.2     0    17     903    (-,-) 
  g19128/z                   (u)     in_0->z R     unmapped_complex2      1   3.6     0    17     919    (-,-) 
  g20772/z                   (u)     in_0->z F     unmapped_complex2      1   3.2     0    17     936    (-,-) 
  g20773/z                   (u)     in_1->z R     unmapped_complex2      1   3.6     0    17     953    (-,-) 
  g20774/z                   (u)     in_1->z F     unmapped_complex2      1   3.2     0    17     969    (-,-) 
  g19124/z                   (u)     in_1->z R     unmapped_complex2      1   3.6     0    17     986    (-,-) 
  g19123/z                   (u)     in_0->z F     unmapped_complex2      1   3.2     0    17    1002    (-,-) 
  g19122/z                   (u)     in_0->z R     unmapped_complex2      1   3.6     0    17    1019    (-,-) 
  g20775/z                   (u)     in_0->z F     unmapped_complex2      1   3.2     0    17    1036    (-,-) 
  g20776/z                   (u)     in_1->z R     unmapped_complex2      1   3.6     0    17    1052    (-,-) 
  g20777/z                   (u)     in_1->z F     unmapped_complex2      1   3.2     0    17    1069    (-,-) 
  g19118/z                   (u)     in_1->z R     unmapped_complex2      1   3.6     0    17    1085    (-,-) 
  g19117/z                   (u)     in_1->z F     unmapped_nand2         1   3.2     0    17    1102    (-,-) 
  g19116/z                   (u)     in_1->z R     unmapped_nand2         1   3.6     0    17    1119    (-,-) 
  g19115/z                   (u)     in_0->z F     unmapped_nand2         1   3.2     0    17    1135    (-,-) 
  g20778/z                   (u)     in_0->z R     unmapped_complex2      4  14.4     0    24    1160    (-,-) 
  g19111/z                   (u)     in_0->z R     unmapped_or2          48 172.8     0    59    1218    (-,-) 
  g19014/z                   (u)     in_0->z R     unmapped_or2           1   3.6     0    17    1235    (-,-) 
  g18964/z                   (u)     in_1->z F     unmapped_nand2         1   3.2     0    17    1252    (-,-) 
  g20828/z                   (u)     in_0->z R     unmapped_complex2      1   3.6     0    17    1268    (-,-) 
  larger_mantissa_l_reg[9]/d -       -       R     unmapped_d_flop        1     -     -     0    1268    (-,-) 
#--------------------------------------------------------------------------------------------------------------

(u) : Net has unmapped pin(s).

Capture clock path:
#-----------------------------------------------------------------------------------------------------------
#        Timing Point          Flags   Arc   Edge      Cell        Fanout Load Trans Delay Arrival Instance 
#                                                                         (fF)  (ps)  (ps)   (ps)  Location 
#-----------------------------------------------------------------------------------------------------------
  clk                          (i,u)   -     R     (arrival)          100  0.0     0     0    1562    (-,-) 
  larger_mantissa_l_reg[9]/clk <<<     -     R     unmapped_d_flop    100    -     1     0    1562    (-,-) 
#-----------------------------------------------------------------------------------------------------------



Path 63: MET (256 ps) Setup Check with Pin larger_mantissa_l_reg[8]/clk->d
           View: view_1p2_25
          Group: clock1
     Startpoint: (F) fp1_in[23]
          Clock: (R) clock1
       Endpoint: (R) larger_mantissa_l_reg[8]/d
          Clock: (R) clock1

                     Capture       Launch     
        Clock Edge:+    1562            0     
        Drv Adjust:+       0            0     
       Src Latency:+       0            0     
       Net Latency:+       0 (I)        0 (I) 
           Arrival:=    1562            0     
                                              
             Setup:-      38                  
       Uncertainty:-       0                  
     Required Time:=    1525                  
      Launch Clock:-       0                  
       Input Delay:-       1                  
         Data Path:-    1267                  
             Slack:=     256                  

Exceptions/Constraints:
  input_delay              1              add_fp16.sdc_line_20_12_1   

#--------------------------------------------------------------------------------------------------------------
#       Timing Point         Flags    Arc    Edge       Cell         Fanout  Load Trans Delay Arrival Instance 
#                                                                            (fF)  (ps)  (ps)   (ps)  Location 
#--------------------------------------------------------------------------------------------------------------
  fp1_in[23]                 (u)     -       F     (arrival)              5  16.0     0     0       1    (-,-) 
  g20582/z                   (u)     in_1->z F     unmapped_or2           2   6.4     0    19      20    (-,-) 
  g20589/z                   (u)     in_0->z F     unmapped_complex2      1   3.2     0    17      37    (-,-) 
  g20245/z                   (u)     in_0->z R     unmapped_complex2      1   3.6     0    17      53    (-,-) 
  g20210/z                   (u)     in_1->z F     unmapped_nand2         1   3.2     0    17      70    (-,-) 
  g20197/z                   (u)     in_1->z R     unmapped_nand2         1   3.6     0    17      86    (-,-) 
  g20180/z                   (u)     in_0->z F     unmapped_nand2         1   3.2     0    17     103    (-,-) 
  g20161/z                   (u)     in_0->z R     unmapped_nand2         1   3.6     0    17     120    (-,-) 
  g20146/z                   (u)     in_0->z F     unmapped_nand2         2   6.4     0    19     139    (-,-) 
  g20140/z                   (u)     in_0->z R     unmapped_complex2      2   7.2     0    19     158    (-,-) 
  g20617/z                   (u)     in_0->z F     unmapped_complex2      1   3.2     0    17     174    (-,-) 
  g20119/z                   (u)     in_1->z F     unmapped_complex2      1   3.2     0    17     191    (-,-) 
  g20112/z                   (u)     in_0->z R     unmapped_complex2      1   3.6     0    17     208    (-,-) 
  g20107/z                   (u)     in_1->z F     unmapped_nand2         1   3.2     0    17     224    (-,-) 
  g20098/z                   (u)     in_1->z F     unmapped_complex2      1   3.2     0    17     241    (-,-) 
  g20090/z                   (u)     in_0->z R     unmapped_nand2         1   3.6     0    17     258    (-,-) 
  g20088/z                   (u)     in_0->z F     unmapped_nand2         1   3.2     0    17     274    (-,-) 
  g20080/z                   (u)     in_0->z R     unmapped_nand2        60 216.0     0    62     336    (-,-) 
  g20022/z                   (u)     in_0->z F     unmapped_nand2         1   3.2     0    17     353    (-,-) 
  g19981/z                   (u)     in_1->z R     unmapped_nand2         5  18.0     0    28     380    (-,-) 
  g19855/z                   (u)     in_0->z R     unmapped_or2           1   3.6     0    17     397    (-,-) 
  g19856/z                   (u)     in_1->z F     unmapped_nand2         4  12.8     0    24     422    (-,-) 
  g20641/z                   (u)     in_1->z R     unmapped_complex2      1   3.6     0    17     438    (-,-) 
  g19761/z                   (u)     in_0->z F     unmapped_nand2         3   9.6     0    22     460    (-,-) 
  g19751/z                   (u)     in_1->z R     unmapped_nand2         1   3.6     0    17     476    (-,-) 
  g19658/z                   (u)     in_0->z F     unmapped_nand2         3   9.6     0    22     498    (-,-) 
  g19589/z                   (u)     in_1->z R     unmapped_nand2         1   3.6     0    17     514    (-,-) 
  g19565/z                   (u)     in_0->z F     unmapped_nand2         3   9.6     0    22     536    (-,-) 
  g20681/z                   (u)     in_0->z F     unmapped_complex2      1   3.2     0    17     553    (-,-) 
  g19489/z                   (u)     in_0->z R     unmapped_nand2         1   3.6     0    17     569    (-,-) 
  g20699/z                   (u)     in_0->z R     unmapped_complex2      1   3.6     0    17     586    (-,-) 
  g19440/z                   (u)     in_0->z F     unmapped_nand2         1   3.2     0    17     602    (-,-) 
  g19434/z                   (u)     in_1->z R     unmapped_nand2         3  10.8     0    22     624    (-,-) 
  g19421/z                   (u)     in_1->z R     unmapped_or2           6  21.6     0    30     654    (-,-) 
  g19398/z                   (u)     in_0->z R     unmapped_or2          14  50.4     0    42     696    (-,-) 
  g19339/z                   (u)     in_0->z R     unmapped_or2           1   3.6     0    17     713    (-,-) 
  g19306/z                   (u)     in_1->z F     unmapped_nand2         1   3.2     0    17     729    (-,-) 
  g20730/z                   (u)     in_0->z F     unmapped_complex2      3   9.6     0    22     751    (-,-) 
  g19248/z                   (u)     in_1->z R     unmapped_complex2      2   7.2     0    19     770    (-,-) 
  g18721/z                   (u)     in_1->z R     unmapped_or2           1   3.6     0    17     787    (-,-) 
  g19222/z                   (u)     in_0->z F     unmapped_complex2      1   3.2     0    17     803    (-,-) 
  g19215/z                   (u)     in_1->z R     unmapped_nand2         1   3.6     0    17     820    (-,-) 
  g19207/z                   (u)     in_1->z F     unmapped_nand2         1   3.2     0    17     836    (-,-) 
  g19196/z                   (u)     in_0->z R     unmapped_nand2         1   3.6     0    17     853    (-,-) 
  g19178/z                   (u)     in_1->z F     unmapped_nand2         1   3.2     0    17     870    (-,-) 
  g19164/z                   (u)     in_0->z R     unmapped_nand2         1   3.6     0    17     886    (-,-) 
  g19151/z                   (u)     in_0->z F     unmapped_nand2         1   3.2     0    17     903    (-,-) 
  g19128/z                   (u)     in_0->z R     unmapped_complex2      1   3.6     0    17     919    (-,-) 
  g20772/z                   (u)     in_0->z F     unmapped_complex2      1   3.2     0    17     936    (-,-) 
  g20773/z                   (u)     in_1->z R     unmapped_complex2      1   3.6     0    17     953    (-,-) 
  g20774/z                   (u)     in_1->z F     unmapped_complex2      1   3.2     0    17     969    (-,-) 
  g19124/z                   (u)     in_1->z R     unmapped_complex2      1   3.6     0    17     986    (-,-) 
  g19123/z                   (u)     in_0->z F     unmapped_complex2      1   3.2     0    17    1002    (-,-) 
  g19122/z                   (u)     in_0->z R     unmapped_complex2      1   3.6     0    17    1019    (-,-) 
  g20775/z                   (u)     in_0->z F     unmapped_complex2      1   3.2     0    17    1036    (-,-) 
  g20776/z                   (u)     in_1->z R     unmapped_complex2      1   3.6     0    17    1052    (-,-) 
  g20777/z                   (u)     in_1->z F     unmapped_complex2      1   3.2     0    17    1069    (-,-) 
  g19118/z                   (u)     in_1->z R     unmapped_complex2      1   3.6     0    17    1085    (-,-) 
  g19117/z                   (u)     in_1->z F     unmapped_nand2         1   3.2     0    17    1102    (-,-) 
  g19116/z                   (u)     in_1->z R     unmapped_nand2         1   3.6     0    17    1119    (-,-) 
  g19115/z                   (u)     in_0->z F     unmapped_nand2         1   3.2     0    17    1135    (-,-) 
  g20778/z                   (u)     in_0->z R     unmapped_complex2      4  14.4     0    24    1160    (-,-) 
  g19111/z                   (u)     in_0->z R     unmapped_or2          48 172.8     0    59    1218    (-,-) 
  g19012/z                   (u)     in_0->z R     unmapped_or2           1   3.6     0    17    1235    (-,-) 
  g18975/z                   (u)     in_1->z F     unmapped_nand2         1   3.2     0    17    1252    (-,-) 
  g20827/z                   (u)     in_0->z R     unmapped_complex2      1   3.6     0    17    1268    (-,-) 
  larger_mantissa_l_reg[8]/d -       -       R     unmapped_d_flop        1     -     -     0    1268    (-,-) 
#--------------------------------------------------------------------------------------------------------------

(u) : Net has unmapped pin(s).

Capture clock path:
#-----------------------------------------------------------------------------------------------------------
#        Timing Point          Flags   Arc   Edge      Cell        Fanout Load Trans Delay Arrival Instance 
#                                                                         (fF)  (ps)  (ps)   (ps)  Location 
#-----------------------------------------------------------------------------------------------------------
  clk                          (i,u)   -     R     (arrival)          100  0.0     0     0    1562    (-,-) 
  larger_mantissa_l_reg[8]/clk <<<     -     R     unmapped_d_flop    100    -     1     0    1562    (-,-) 
#-----------------------------------------------------------------------------------------------------------



Path 64: MET (256 ps) Setup Check with Pin larger_mantissa_l_reg[7]/clk->d
           View: view_1p2_25
          Group: clock1
     Startpoint: (R) fp1_in[23]
          Clock: (R) clock1
       Endpoint: (R) larger_mantissa_l_reg[7]/d
          Clock: (R) clock1

                     Capture       Launch     
        Clock Edge:+    1562            0     
        Drv Adjust:+       0            0     
       Src Latency:+       0            0     
       Net Latency:+       0 (I)        0 (I) 
           Arrival:=    1562            0     
                                              
             Setup:-      38                  
       Uncertainty:-       0                  
     Required Time:=    1525                  
      Launch Clock:-       0                  
       Input Delay:-       1                  
         Data Path:-    1267                  
             Slack:=     256                  

Exceptions/Constraints:
  input_delay              1              add_fp16.sdc_line_20_12_1   

#--------------------------------------------------------------------------------------------------------------
#       Timing Point         Flags    Arc    Edge       Cell         Fanout  Load Trans Delay Arrival Instance 
#                                                                            (fF)  (ps)  (ps)   (ps)  Location 
#--------------------------------------------------------------------------------------------------------------
  fp1_in[23]                 (u)     -       R     (arrival)              5  18.0     0     0       1    (-,-) 
  g20582/z                   (u)     in_1->z R     unmapped_or2           2   7.2     0    19      20    (-,-) 
  g20589/z                   (u)     in_0->z R     unmapped_complex2      1   3.6     0    17      37    (-,-) 
  g20245/z                   (u)     in_0->z F     unmapped_complex2      1   3.2     0    17      53    (-,-) 
  g20210/z                   (u)     in_1->z R     unmapped_nand2         1   3.6     0    17      70    (-,-) 
  g20197/z                   (u)     in_1->z F     unmapped_nand2         1   3.2     0    17      86    (-,-) 
  g20180/z                   (u)     in_0->z R     unmapped_nand2         1   3.6     0    17     103    (-,-) 
  g20161/z                   (u)     in_0->z F     unmapped_nand2         1   3.2     0    17     120    (-,-) 
  g20146/z                   (u)     in_0->z R     unmapped_nand2         2   7.2     0    19     139    (-,-) 
  g20140/z                   (u)     in_0->z F     unmapped_complex2      2   6.4     0    19     158    (-,-) 
  g20617/z                   (u)     in_0->z R     unmapped_complex2      1   3.6     0    17     174    (-,-) 
  g20119/z                   (u)     in_1->z R     unmapped_complex2      1   3.6     0    17     191    (-,-) 
  g20112/z                   (u)     in_0->z F     unmapped_complex2      1   3.2     0    17     208    (-,-) 
  g20107/z                   (u)     in_1->z R     unmapped_nand2         1   3.6     0    17     224    (-,-) 
  g20098/z                   (u)     in_1->z R     unmapped_complex2      1   3.6     0    17     241    (-,-) 
  g20090/z                   (u)     in_0->z F     unmapped_nand2         1   3.2     0    17     258    (-,-) 
  g20088/z                   (u)     in_0->z R     unmapped_nand2         1   3.6     0    17     274    (-,-) 
  g20080/z                   (u)     in_0->z F     unmapped_nand2        60 192.0     0    62     336    (-,-) 
  g20022/z                   (u)     in_0->z R     unmapped_nand2         1   3.6     0    17     353    (-,-) 
  g19981/z                   (u)     in_1->z F     unmapped_nand2         5  16.0     0    28     380    (-,-) 
  g19855/z                   (u)     in_0->z F     unmapped_or2           1   3.2     0    17     397    (-,-) 
  g19856/z                   (u)     in_1->z R     unmapped_nand2         4  14.4     0    24     422    (-,-) 
  g20641/z                   (u)     in_1->z F     unmapped_complex2      1   3.2     0    17     438    (-,-) 
  g19761/z                   (u)     in_0->z R     unmapped_nand2         3  10.8     0    22     460    (-,-) 
  g19751/z                   (u)     in_1->z F     unmapped_nand2         1   3.2     0    17     476    (-,-) 
  g19658/z                   (u)     in_0->z R     unmapped_nand2         3  10.8     0    22     498    (-,-) 
  g19589/z                   (u)     in_1->z F     unmapped_nand2         1   3.2     0    17     514    (-,-) 
  g19565/z                   (u)     in_0->z R     unmapped_nand2         3  10.8     0    22     536    (-,-) 
  g20681/z                   (u)     in_0->z R     unmapped_complex2      1   3.6     0    17     553    (-,-) 
  g19489/z                   (u)     in_0->z F     unmapped_nand2         1   3.2     0    17     569    (-,-) 
  g20699/z                   (u)     in_0->z F     unmapped_complex2      1   3.2     0    17     586    (-,-) 
  g19440/z                   (u)     in_0->z R     unmapped_nand2         1   3.6     0    17     602    (-,-) 
  g19434/z                   (u)     in_1->z F     unmapped_nand2         3   9.6     0    22     624    (-,-) 
  g19421/z                   (u)     in_1->z F     unmapped_or2           6  19.2     0    30     654    (-,-) 
  g19398/z                   (u)     in_0->z F     unmapped_or2          14  44.8     0    42     696    (-,-) 
  g19339/z                   (u)     in_0->z F     unmapped_or2           1   3.2     0    17     713    (-,-) 
  g19306/z                   (u)     in_1->z R     unmapped_nand2         1   3.6     0    17     729    (-,-) 
  g20730/z                   (u)     in_0->z R     unmapped_complex2      3  10.8     0    22     751    (-,-) 
  g19248/z                   (u)     in_1->z F     unmapped_complex2      2   6.4     0    19     770    (-,-) 
  g18721/z                   (u)     in_1->z F     unmapped_or2           1   3.2     0    17     787    (-,-) 
  g19222/z                   (u)     in_0->z R     unmapped_complex2      1   3.6     0    17     803    (-,-) 
  g19215/z                   (u)     in_1->z F     unmapped_nand2         1   3.2     0    17     820    (-,-) 
  g19207/z                   (u)     in_1->z R     unmapped_nand2         1   3.6     0    17     836    (-,-) 
  g19196/z                   (u)     in_0->z F     unmapped_nand2         1   3.2     0    17     853    (-,-) 
  g19178/z                   (u)     in_1->z R     unmapped_nand2         1   3.6     0    17     870    (-,-) 
  g19164/z                   (u)     in_0->z F     unmapped_nand2         1   3.2     0    17     886    (-,-) 
  g19151/z                   (u)     in_0->z R     unmapped_nand2         1   3.6     0    17     903    (-,-) 
  g19128/z                   (u)     in_0->z F     unmapped_complex2      1   3.2     0    17     919    (-,-) 
  g20772/z                   (u)     in_0->z R     unmapped_complex2      1   3.6     0    17     936    (-,-) 
  g20773/z                   (u)     in_1->z F     unmapped_complex2      1   3.2     0    17     953    (-,-) 
  g20774/z                   (u)     in_1->z R     unmapped_complex2      1   3.6     0    17     969    (-,-) 
  g19124/z                   (u)     in_1->z F     unmapped_complex2      1   3.2     0    17     986    (-,-) 
  g19123/z                   (u)     in_0->z R     unmapped_complex2      1   3.6     0    17    1002    (-,-) 
  g19122/z                   (u)     in_0->z F     unmapped_complex2      1   3.2     0    17    1019    (-,-) 
  g20775/z                   (u)     in_0->z R     unmapped_complex2      1   3.6     0    17    1036    (-,-) 
  g20776/z                   (u)     in_1->z F     unmapped_complex2      1   3.2     0    17    1052    (-,-) 
  g20777/z                   (u)     in_1->z R     unmapped_complex2      1   3.6     0    17    1069    (-,-) 
  g19118/z                   (u)     in_1->z F     unmapped_complex2      1   3.2     0    17    1085    (-,-) 
  g19117/z                   (u)     in_1->z R     unmapped_nand2         1   3.6     0    17    1102    (-,-) 
  g19116/z                   (u)     in_1->z F     unmapped_nand2         1   3.2     0    17    1119    (-,-) 
  g19115/z                   (u)     in_0->z R     unmapped_nand2         1   3.6     0    17    1135    (-,-) 
  g20778/z                   (u)     in_0->z F     unmapped_complex2      4  12.8     0    24    1160    (-,-) 
  g19111/z                   (u)     in_0->z F     unmapped_or2          48 153.6     0    59    1218    (-,-) 
  g19064/z                   (u)     in_0->z F     unmapped_complex2      1   3.2     0    17    1235    (-,-) 
  g18976/z                   (u)     in_1->z R     unmapped_nand2         1   3.6     0    17    1252    (-,-) 
  g20811/z                   (u)     in_0->z R     unmapped_complex2      1   3.6     0    17    1268    (-,-) 
  larger_mantissa_l_reg[7]/d -       -       R     unmapped_d_flop        1     -     -     0    1268    (-,-) 
#--------------------------------------------------------------------------------------------------------------

(u) : Net has unmapped pin(s).

Capture clock path:
#-----------------------------------------------------------------------------------------------------------
#        Timing Point          Flags   Arc   Edge      Cell        Fanout Load Trans Delay Arrival Instance 
#                                                                         (fF)  (ps)  (ps)   (ps)  Location 
#-----------------------------------------------------------------------------------------------------------
  clk                          (i,u)   -     R     (arrival)          100  0.0     0     0    1562    (-,-) 
  larger_mantissa_l_reg[7]/clk <<<     -     R     unmapped_d_flop    100    -     1     0    1562    (-,-) 
#-----------------------------------------------------------------------------------------------------------



Path 65: MET (256 ps) Setup Check with Pin larger_mantissa_l_reg[6]/clk->d
           View: view_1p2_25
          Group: clock1
     Startpoint: (R) fp1_in[23]
          Clock: (R) clock1
       Endpoint: (R) larger_mantissa_l_reg[6]/d
          Clock: (R) clock1

                     Capture       Launch     
        Clock Edge:+    1562            0     
        Drv Adjust:+       0            0     
       Src Latency:+       0            0     
       Net Latency:+       0 (I)        0 (I) 
           Arrival:=    1562            0     
                                              
             Setup:-      38                  
       Uncertainty:-       0                  
     Required Time:=    1525                  
      Launch Clock:-       0                  
       Input Delay:-       1                  
         Data Path:-    1267                  
             Slack:=     256                  

Exceptions/Constraints:
  input_delay              1              add_fp16.sdc_line_20_12_1   

#--------------------------------------------------------------------------------------------------------------
#       Timing Point         Flags    Arc    Edge       Cell         Fanout  Load Trans Delay Arrival Instance 
#                                                                            (fF)  (ps)  (ps)   (ps)  Location 
#--------------------------------------------------------------------------------------------------------------
  fp1_in[23]                 (u)     -       R     (arrival)              5  18.0     0     0       1    (-,-) 
  g20582/z                   (u)     in_1->z R     unmapped_or2           2   7.2     0    19      20    (-,-) 
  g20589/z                   (u)     in_0->z R     unmapped_complex2      1   3.6     0    17      37    (-,-) 
  g20245/z                   (u)     in_0->z F     unmapped_complex2      1   3.2     0    17      53    (-,-) 
  g20210/z                   (u)     in_1->z R     unmapped_nand2         1   3.6     0    17      70    (-,-) 
  g20197/z                   (u)     in_1->z F     unmapped_nand2         1   3.2     0    17      86    (-,-) 
  g20180/z                   (u)     in_0->z R     unmapped_nand2         1   3.6     0    17     103    (-,-) 
  g20161/z                   (u)     in_0->z F     unmapped_nand2         1   3.2     0    17     120    (-,-) 
  g20146/z                   (u)     in_0->z R     unmapped_nand2         2   7.2     0    19     139    (-,-) 
  g20140/z                   (u)     in_0->z F     unmapped_complex2      2   6.4     0    19     158    (-,-) 
  g20617/z                   (u)     in_0->z R     unmapped_complex2      1   3.6     0    17     174    (-,-) 
  g20119/z                   (u)     in_1->z R     unmapped_complex2      1   3.6     0    17     191    (-,-) 
  g20112/z                   (u)     in_0->z F     unmapped_complex2      1   3.2     0    17     208    (-,-) 
  g20107/z                   (u)     in_1->z R     unmapped_nand2         1   3.6     0    17     224    (-,-) 
  g20098/z                   (u)     in_1->z R     unmapped_complex2      1   3.6     0    17     241    (-,-) 
  g20090/z                   (u)     in_0->z F     unmapped_nand2         1   3.2     0    17     258    (-,-) 
  g20088/z                   (u)     in_0->z R     unmapped_nand2         1   3.6     0    17     274    (-,-) 
  g20080/z                   (u)     in_0->z F     unmapped_nand2        60 192.0     0    62     336    (-,-) 
  g20022/z                   (u)     in_0->z R     unmapped_nand2         1   3.6     0    17     353    (-,-) 
  g19981/z                   (u)     in_1->z F     unmapped_nand2         5  16.0     0    28     380    (-,-) 
  g19855/z                   (u)     in_0->z F     unmapped_or2           1   3.2     0    17     397    (-,-) 
  g19856/z                   (u)     in_1->z R     unmapped_nand2         4  14.4     0    24     422    (-,-) 
  g20641/z                   (u)     in_1->z F     unmapped_complex2      1   3.2     0    17     438    (-,-) 
  g19761/z                   (u)     in_0->z R     unmapped_nand2         3  10.8     0    22     460    (-,-) 
  g19751/z                   (u)     in_1->z F     unmapped_nand2         1   3.2     0    17     476    (-,-) 
  g19658/z                   (u)     in_0->z R     unmapped_nand2         3  10.8     0    22     498    (-,-) 
  g19589/z                   (u)     in_1->z F     unmapped_nand2         1   3.2     0    17     514    (-,-) 
  g19565/z                   (u)     in_0->z R     unmapped_nand2         3  10.8     0    22     536    (-,-) 
  g20681/z                   (u)     in_0->z R     unmapped_complex2      1   3.6     0    17     553    (-,-) 
  g19489/z                   (u)     in_0->z F     unmapped_nand2         1   3.2     0    17     569    (-,-) 
  g20699/z                   (u)     in_0->z F     unmapped_complex2      1   3.2     0    17     586    (-,-) 
  g19440/z                   (u)     in_0->z R     unmapped_nand2         1   3.6     0    17     602    (-,-) 
  g19434/z                   (u)     in_1->z F     unmapped_nand2         3   9.6     0    22     624    (-,-) 
  g19421/z                   (u)     in_1->z F     unmapped_or2           6  19.2     0    30     654    (-,-) 
  g19398/z                   (u)     in_0->z F     unmapped_or2          14  44.8     0    42     696    (-,-) 
  g19339/z                   (u)     in_0->z F     unmapped_or2           1   3.2     0    17     713    (-,-) 
  g19306/z                   (u)     in_1->z R     unmapped_nand2         1   3.6     0    17     729    (-,-) 
  g20730/z                   (u)     in_0->z R     unmapped_complex2      3  10.8     0    22     751    (-,-) 
  g19248/z                   (u)     in_1->z F     unmapped_complex2      2   6.4     0    19     770    (-,-) 
  g18721/z                   (u)     in_1->z F     unmapped_or2           1   3.2     0    17     787    (-,-) 
  g19222/z                   (u)     in_0->z R     unmapped_complex2      1   3.6     0    17     803    (-,-) 
  g19215/z                   (u)     in_1->z F     unmapped_nand2         1   3.2     0    17     820    (-,-) 
  g19207/z                   (u)     in_1->z R     unmapped_nand2         1   3.6     0    17     836    (-,-) 
  g19196/z                   (u)     in_0->z F     unmapped_nand2         1   3.2     0    17     853    (-,-) 
  g19178/z                   (u)     in_1->z R     unmapped_nand2         1   3.6     0    17     870    (-,-) 
  g19164/z                   (u)     in_0->z F     unmapped_nand2         1   3.2     0    17     886    (-,-) 
  g19151/z                   (u)     in_0->z R     unmapped_nand2         1   3.6     0    17     903    (-,-) 
  g19128/z                   (u)     in_0->z F     unmapped_complex2      1   3.2     0    17     919    (-,-) 
  g20772/z                   (u)     in_0->z R     unmapped_complex2      1   3.6     0    17     936    (-,-) 
  g20773/z                   (u)     in_1->z F     unmapped_complex2      1   3.2     0    17     953    (-,-) 
  g20774/z                   (u)     in_1->z R     unmapped_complex2      1   3.6     0    17     969    (-,-) 
  g19124/z                   (u)     in_1->z F     unmapped_complex2      1   3.2     0    17     986    (-,-) 
  g19123/z                   (u)     in_0->z R     unmapped_complex2      1   3.6     0    17    1002    (-,-) 
  g19122/z                   (u)     in_0->z F     unmapped_complex2      1   3.2     0    17    1019    (-,-) 
  g20775/z                   (u)     in_0->z R     unmapped_complex2      1   3.6     0    17    1036    (-,-) 
  g20776/z                   (u)     in_1->z F     unmapped_complex2      1   3.2     0    17    1052    (-,-) 
  g20777/z                   (u)     in_1->z R     unmapped_complex2      1   3.6     0    17    1069    (-,-) 
  g19118/z                   (u)     in_1->z F     unmapped_complex2      1   3.2     0    17    1085    (-,-) 
  g19117/z                   (u)     in_1->z R     unmapped_nand2         1   3.6     0    17    1102    (-,-) 
  g19116/z                   (u)     in_1->z F     unmapped_nand2         1   3.2     0    17    1119    (-,-) 
  g19115/z                   (u)     in_0->z R     unmapped_nand2         1   3.6     0    17    1135    (-,-) 
  g20778/z                   (u)     in_0->z F     unmapped_complex2      4  12.8     0    24    1160    (-,-) 
  g19111/z                   (u)     in_0->z F     unmapped_or2          48 153.6     0    59    1218    (-,-) 
  g19011/z                   (u)     in_0->z F     unmapped_complex2      1   3.2     0    17    1235    (-,-) 
  g18986/z                   (u)     in_1->z R     unmapped_nand2         1   3.6     0    17    1252    (-,-) 
  g20789/z                   (u)     in_0->z R     unmapped_complex2      1   3.6     0    17    1268    (-,-) 
  larger_mantissa_l_reg[6]/d -       -       R     unmapped_d_flop        1     -     -     0    1268    (-,-) 
#--------------------------------------------------------------------------------------------------------------

(u) : Net has unmapped pin(s).

Capture clock path:
#-----------------------------------------------------------------------------------------------------------
#        Timing Point          Flags   Arc   Edge      Cell        Fanout Load Trans Delay Arrival Instance 
#                                                                         (fF)  (ps)  (ps)   (ps)  Location 
#-----------------------------------------------------------------------------------------------------------
  clk                          (i,u)   -     R     (arrival)          100  0.0     0     0    1562    (-,-) 
  larger_mantissa_l_reg[6]/clk <<<     -     R     unmapped_d_flop    100    -     1     0    1562    (-,-) 
#-----------------------------------------------------------------------------------------------------------



Path 66: MET (256 ps) Setup Check with Pin larger_mantissa_l_reg[5]/clk->d
           View: view_1p2_25
          Group: clock1
     Startpoint: (R) fp1_in[23]
          Clock: (R) clock1
       Endpoint: (R) larger_mantissa_l_reg[5]/d
          Clock: (R) clock1

                     Capture       Launch     
        Clock Edge:+    1562            0     
        Drv Adjust:+       0            0     
       Src Latency:+       0            0     
       Net Latency:+       0 (I)        0 (I) 
           Arrival:=    1562            0     
                                              
             Setup:-      38                  
       Uncertainty:-       0                  
     Required Time:=    1525                  
      Launch Clock:-       0                  
       Input Delay:-       1                  
         Data Path:-    1267                  
             Slack:=     256                  

Exceptions/Constraints:
  input_delay              1              add_fp16.sdc_line_20_12_1   

#--------------------------------------------------------------------------------------------------------------
#       Timing Point         Flags    Arc    Edge       Cell         Fanout  Load Trans Delay Arrival Instance 
#                                                                            (fF)  (ps)  (ps)   (ps)  Location 
#--------------------------------------------------------------------------------------------------------------
  fp1_in[23]                 (u)     -       R     (arrival)              5  18.0     0     0       1    (-,-) 
  g20582/z                   (u)     in_1->z R     unmapped_or2           2   7.2     0    19      20    (-,-) 
  g20589/z                   (u)     in_0->z R     unmapped_complex2      1   3.6     0    17      37    (-,-) 
  g20245/z                   (u)     in_0->z F     unmapped_complex2      1   3.2     0    17      53    (-,-) 
  g20210/z                   (u)     in_1->z R     unmapped_nand2         1   3.6     0    17      70    (-,-) 
  g20197/z                   (u)     in_1->z F     unmapped_nand2         1   3.2     0    17      86    (-,-) 
  g20180/z                   (u)     in_0->z R     unmapped_nand2         1   3.6     0    17     103    (-,-) 
  g20161/z                   (u)     in_0->z F     unmapped_nand2         1   3.2     0    17     120    (-,-) 
  g20146/z                   (u)     in_0->z R     unmapped_nand2         2   7.2     0    19     139    (-,-) 
  g20140/z                   (u)     in_0->z F     unmapped_complex2      2   6.4     0    19     158    (-,-) 
  g20617/z                   (u)     in_0->z R     unmapped_complex2      1   3.6     0    17     174    (-,-) 
  g20119/z                   (u)     in_1->z R     unmapped_complex2      1   3.6     0    17     191    (-,-) 
  g20112/z                   (u)     in_0->z F     unmapped_complex2      1   3.2     0    17     208    (-,-) 
  g20107/z                   (u)     in_1->z R     unmapped_nand2         1   3.6     0    17     224    (-,-) 
  g20098/z                   (u)     in_1->z R     unmapped_complex2      1   3.6     0    17     241    (-,-) 
  g20090/z                   (u)     in_0->z F     unmapped_nand2         1   3.2     0    17     258    (-,-) 
  g20088/z                   (u)     in_0->z R     unmapped_nand2         1   3.6     0    17     274    (-,-) 
  g20080/z                   (u)     in_0->z F     unmapped_nand2        60 192.0     0    62     336    (-,-) 
  g20022/z                   (u)     in_0->z R     unmapped_nand2         1   3.6     0    17     353    (-,-) 
  g19981/z                   (u)     in_1->z F     unmapped_nand2         5  16.0     0    28     380    (-,-) 
  g19855/z                   (u)     in_0->z F     unmapped_or2           1   3.2     0    17     397    (-,-) 
  g19856/z                   (u)     in_1->z R     unmapped_nand2         4  14.4     0    24     422    (-,-) 
  g20641/z                   (u)     in_1->z F     unmapped_complex2      1   3.2     0    17     438    (-,-) 
  g19761/z                   (u)     in_0->z R     unmapped_nand2         3  10.8     0    22     460    (-,-) 
  g19751/z                   (u)     in_1->z F     unmapped_nand2         1   3.2     0    17     476    (-,-) 
  g19658/z                   (u)     in_0->z R     unmapped_nand2         3  10.8     0    22     498    (-,-) 
  g19589/z                   (u)     in_1->z F     unmapped_nand2         1   3.2     0    17     514    (-,-) 
  g19565/z                   (u)     in_0->z R     unmapped_nand2         3  10.8     0    22     536    (-,-) 
  g20681/z                   (u)     in_0->z R     unmapped_complex2      1   3.6     0    17     553    (-,-) 
  g19489/z                   (u)     in_0->z F     unmapped_nand2         1   3.2     0    17     569    (-,-) 
  g20699/z                   (u)     in_0->z F     unmapped_complex2      1   3.2     0    17     586    (-,-) 
  g19440/z                   (u)     in_0->z R     unmapped_nand2         1   3.6     0    17     602    (-,-) 
  g19434/z                   (u)     in_1->z F     unmapped_nand2         3   9.6     0    22     624    (-,-) 
  g19421/z                   (u)     in_1->z F     unmapped_or2           6  19.2     0    30     654    (-,-) 
  g19398/z                   (u)     in_0->z F     unmapped_or2          14  44.8     0    42     696    (-,-) 
  g19339/z                   (u)     in_0->z F     unmapped_or2           1   3.2     0    17     713    (-,-) 
  g19306/z                   (u)     in_1->z R     unmapped_nand2         1   3.6     0    17     729    (-,-) 
  g20730/z                   (u)     in_0->z R     unmapped_complex2      3  10.8     0    22     751    (-,-) 
  g19248/z                   (u)     in_1->z F     unmapped_complex2      2   6.4     0    19     770    (-,-) 
  g18721/z                   (u)     in_1->z F     unmapped_or2           1   3.2     0    17     787    (-,-) 
  g19222/z                   (u)     in_0->z R     unmapped_complex2      1   3.6     0    17     803    (-,-) 
  g19215/z                   (u)     in_1->z F     unmapped_nand2         1   3.2     0    17     820    (-,-) 
  g19207/z                   (u)     in_1->z R     unmapped_nand2         1   3.6     0    17     836    (-,-) 
  g19196/z                   (u)     in_0->z F     unmapped_nand2         1   3.2     0    17     853    (-,-) 
  g19178/z                   (u)     in_1->z R     unmapped_nand2         1   3.6     0    17     870    (-,-) 
  g19164/z                   (u)     in_0->z F     unmapped_nand2         1   3.2     0    17     886    (-,-) 
  g19151/z                   (u)     in_0->z R     unmapped_nand2         1   3.6     0    17     903    (-,-) 
  g19128/z                   (u)     in_0->z F     unmapped_complex2      1   3.2     0    17     919    (-,-) 
  g20772/z                   (u)     in_0->z R     unmapped_complex2      1   3.6     0    17     936    (-,-) 
  g20773/z                   (u)     in_1->z F     unmapped_complex2      1   3.2     0    17     953    (-,-) 
  g20774/z                   (u)     in_1->z R     unmapped_complex2      1   3.6     0    17     969    (-,-) 
  g19124/z                   (u)     in_1->z F     unmapped_complex2      1   3.2     0    17     986    (-,-) 
  g19123/z                   (u)     in_0->z R     unmapped_complex2      1   3.6     0    17    1002    (-,-) 
  g19122/z                   (u)     in_0->z F     unmapped_complex2      1   3.2     0    17    1019    (-,-) 
  g20775/z                   (u)     in_0->z R     unmapped_complex2      1   3.6     0    17    1036    (-,-) 
  g20776/z                   (u)     in_1->z F     unmapped_complex2      1   3.2     0    17    1052    (-,-) 
  g20777/z                   (u)     in_1->z R     unmapped_complex2      1   3.6     0    17    1069    (-,-) 
  g19118/z                   (u)     in_1->z F     unmapped_complex2      1   3.2     0    17    1085    (-,-) 
  g19117/z                   (u)     in_1->z R     unmapped_nand2         1   3.6     0    17    1102    (-,-) 
  g19116/z                   (u)     in_1->z F     unmapped_nand2         1   3.2     0    17    1119    (-,-) 
  g19115/z                   (u)     in_0->z R     unmapped_nand2         1   3.6     0    17    1135    (-,-) 
  g20778/z                   (u)     in_0->z F     unmapped_complex2      4  12.8     0    24    1160    (-,-) 
  g19111/z                   (u)     in_0->z F     unmapped_or2          48 153.6     0    59    1218    (-,-) 
  g19026/z                   (u)     in_0->z F     unmapped_complex2      1   3.2     0    17    1235    (-,-) 
  g18973/z                   (u)     in_1->z R     unmapped_nand2         1   3.6     0    17    1252    (-,-) 
  g20823/z                   (u)     in_0->z R     unmapped_complex2      1   3.6     0    17    1268    (-,-) 
  larger_mantissa_l_reg[5]/d -       -       R     unmapped_d_flop        1     -     -     0    1268    (-,-) 
#--------------------------------------------------------------------------------------------------------------

(u) : Net has unmapped pin(s).

Capture clock path:
#-----------------------------------------------------------------------------------------------------------
#        Timing Point          Flags   Arc   Edge      Cell        Fanout Load Trans Delay Arrival Instance 
#                                                                         (fF)  (ps)  (ps)   (ps)  Location 
#-----------------------------------------------------------------------------------------------------------
  clk                          (i,u)   -     R     (arrival)          100  0.0     0     0    1562    (-,-) 
  larger_mantissa_l_reg[5]/clk <<<     -     R     unmapped_d_flop    100    -     1     0    1562    (-,-) 
#-----------------------------------------------------------------------------------------------------------



Path 67: MET (256 ps) Setup Check with Pin larger_mantissa_l_reg[4]/clk->d
           View: view_1p2_25
          Group: clock1
     Startpoint: (R) fp1_in[23]
          Clock: (R) clock1
       Endpoint: (R) larger_mantissa_l_reg[4]/d
          Clock: (R) clock1

                     Capture       Launch     
        Clock Edge:+    1562            0     
        Drv Adjust:+       0            0     
       Src Latency:+       0            0     
       Net Latency:+       0 (I)        0 (I) 
           Arrival:=    1562            0     
                                              
             Setup:-      38                  
       Uncertainty:-       0                  
     Required Time:=    1525                  
      Launch Clock:-       0                  
       Input Delay:-       1                  
         Data Path:-    1267                  
             Slack:=     256                  

Exceptions/Constraints:
  input_delay              1              add_fp16.sdc_line_20_12_1   

#--------------------------------------------------------------------------------------------------------------
#       Timing Point         Flags    Arc    Edge       Cell         Fanout  Load Trans Delay Arrival Instance 
#                                                                            (fF)  (ps)  (ps)   (ps)  Location 
#--------------------------------------------------------------------------------------------------------------
  fp1_in[23]                 (u)     -       R     (arrival)              5  18.0     0     0       1    (-,-) 
  g20582/z                   (u)     in_1->z R     unmapped_or2           2   7.2     0    19      20    (-,-) 
  g20589/z                   (u)     in_0->z R     unmapped_complex2      1   3.6     0    17      37    (-,-) 
  g20245/z                   (u)     in_0->z F     unmapped_complex2      1   3.2     0    17      53    (-,-) 
  g20210/z                   (u)     in_1->z R     unmapped_nand2         1   3.6     0    17      70    (-,-) 
  g20197/z                   (u)     in_1->z F     unmapped_nand2         1   3.2     0    17      86    (-,-) 
  g20180/z                   (u)     in_0->z R     unmapped_nand2         1   3.6     0    17     103    (-,-) 
  g20161/z                   (u)     in_0->z F     unmapped_nand2         1   3.2     0    17     120    (-,-) 
  g20146/z                   (u)     in_0->z R     unmapped_nand2         2   7.2     0    19     139    (-,-) 
  g20140/z                   (u)     in_0->z F     unmapped_complex2      2   6.4     0    19     158    (-,-) 
  g20617/z                   (u)     in_0->z R     unmapped_complex2      1   3.6     0    17     174    (-,-) 
  g20119/z                   (u)     in_1->z R     unmapped_complex2      1   3.6     0    17     191    (-,-) 
  g20112/z                   (u)     in_0->z F     unmapped_complex2      1   3.2     0    17     208    (-,-) 
  g20107/z                   (u)     in_1->z R     unmapped_nand2         1   3.6     0    17     224    (-,-) 
  g20098/z                   (u)     in_1->z R     unmapped_complex2      1   3.6     0    17     241    (-,-) 
  g20090/z                   (u)     in_0->z F     unmapped_nand2         1   3.2     0    17     258    (-,-) 
  g20088/z                   (u)     in_0->z R     unmapped_nand2         1   3.6     0    17     274    (-,-) 
  g20080/z                   (u)     in_0->z F     unmapped_nand2        60 192.0     0    62     336    (-,-) 
  g20022/z                   (u)     in_0->z R     unmapped_nand2         1   3.6     0    17     353    (-,-) 
  g19981/z                   (u)     in_1->z F     unmapped_nand2         5  16.0     0    28     380    (-,-) 
  g19855/z                   (u)     in_0->z F     unmapped_or2           1   3.2     0    17     397    (-,-) 
  g19856/z                   (u)     in_1->z R     unmapped_nand2         4  14.4     0    24     422    (-,-) 
  g20641/z                   (u)     in_1->z F     unmapped_complex2      1   3.2     0    17     438    (-,-) 
  g19761/z                   (u)     in_0->z R     unmapped_nand2         3  10.8     0    22     460    (-,-) 
  g19751/z                   (u)     in_1->z F     unmapped_nand2         1   3.2     0    17     476    (-,-) 
  g19658/z                   (u)     in_0->z R     unmapped_nand2         3  10.8     0    22     498    (-,-) 
  g19589/z                   (u)     in_1->z F     unmapped_nand2         1   3.2     0    17     514    (-,-) 
  g19565/z                   (u)     in_0->z R     unmapped_nand2         3  10.8     0    22     536    (-,-) 
  g20681/z                   (u)     in_0->z R     unmapped_complex2      1   3.6     0    17     553    (-,-) 
  g19489/z                   (u)     in_0->z F     unmapped_nand2         1   3.2     0    17     569    (-,-) 
  g20699/z                   (u)     in_0->z F     unmapped_complex2      1   3.2     0    17     586    (-,-) 
  g19440/z                   (u)     in_0->z R     unmapped_nand2         1   3.6     0    17     602    (-,-) 
  g19434/z                   (u)     in_1->z F     unmapped_nand2         3   9.6     0    22     624    (-,-) 
  g19421/z                   (u)     in_1->z F     unmapped_or2           6  19.2     0    30     654    (-,-) 
  g19398/z                   (u)     in_0->z F     unmapped_or2          14  44.8     0    42     696    (-,-) 
  g19339/z                   (u)     in_0->z F     unmapped_or2           1   3.2     0    17     713    (-,-) 
  g19306/z                   (u)     in_1->z R     unmapped_nand2         1   3.6     0    17     729    (-,-) 
  g20730/z                   (u)     in_0->z R     unmapped_complex2      3  10.8     0    22     751    (-,-) 
  g19248/z                   (u)     in_1->z F     unmapped_complex2      2   6.4     0    19     770    (-,-) 
  g18721/z                   (u)     in_1->z F     unmapped_or2           1   3.2     0    17     787    (-,-) 
  g19222/z                   (u)     in_0->z R     unmapped_complex2      1   3.6     0    17     803    (-,-) 
  g19215/z                   (u)     in_1->z F     unmapped_nand2         1   3.2     0    17     820    (-,-) 
  g19207/z                   (u)     in_1->z R     unmapped_nand2         1   3.6     0    17     836    (-,-) 
  g19196/z                   (u)     in_0->z F     unmapped_nand2         1   3.2     0    17     853    (-,-) 
  g19178/z                   (u)     in_1->z R     unmapped_nand2         1   3.6     0    17     870    (-,-) 
  g19164/z                   (u)     in_0->z F     unmapped_nand2         1   3.2     0    17     886    (-,-) 
  g19151/z                   (u)     in_0->z R     unmapped_nand2         1   3.6     0    17     903    (-,-) 
  g19128/z                   (u)     in_0->z F     unmapped_complex2      1   3.2     0    17     919    (-,-) 
  g20772/z                   (u)     in_0->z R     unmapped_complex2      1   3.6     0    17     936    (-,-) 
  g20773/z                   (u)     in_1->z F     unmapped_complex2      1   3.2     0    17     953    (-,-) 
  g20774/z                   (u)     in_1->z R     unmapped_complex2      1   3.6     0    17     969    (-,-) 
  g19124/z                   (u)     in_1->z F     unmapped_complex2      1   3.2     0    17     986    (-,-) 
  g19123/z                   (u)     in_0->z R     unmapped_complex2      1   3.6     0    17    1002    (-,-) 
  g19122/z                   (u)     in_0->z F     unmapped_complex2      1   3.2     0    17    1019    (-,-) 
  g20775/z                   (u)     in_0->z R     unmapped_complex2      1   3.6     0    17    1036    (-,-) 
  g20776/z                   (u)     in_1->z F     unmapped_complex2      1   3.2     0    17    1052    (-,-) 
  g20777/z                   (u)     in_1->z R     unmapped_complex2      1   3.6     0    17    1069    (-,-) 
  g19118/z                   (u)     in_1->z F     unmapped_complex2      1   3.2     0    17    1085    (-,-) 
  g19117/z                   (u)     in_1->z R     unmapped_nand2         1   3.6     0    17    1102    (-,-) 
  g19116/z                   (u)     in_1->z F     unmapped_nand2         1   3.2     0    17    1119    (-,-) 
  g19115/z                   (u)     in_0->z R     unmapped_nand2         1   3.6     0    17    1135    (-,-) 
  g20778/z                   (u)     in_0->z F     unmapped_complex2      4  12.8     0    24    1160    (-,-) 
  g19111/z                   (u)     in_0->z F     unmapped_or2          48 153.6     0    59    1218    (-,-) 
  g19032/z                   (u)     in_0->z F     unmapped_complex2      1   3.2     0    17    1235    (-,-) 
  g18961/z                   (u)     in_1->z R     unmapped_nand2         1   3.6     0    17    1252    (-,-) 
  g20790/z                   (u)     in_0->z R     unmapped_complex2      1   3.6     0    17    1268    (-,-) 
  larger_mantissa_l_reg[4]/d -       -       R     unmapped_d_flop        1     -     -     0    1268    (-,-) 
#--------------------------------------------------------------------------------------------------------------

(u) : Net has unmapped pin(s).

Capture clock path:
#-----------------------------------------------------------------------------------------------------------
#        Timing Point          Flags   Arc   Edge      Cell        Fanout Load Trans Delay Arrival Instance 
#                                                                         (fF)  (ps)  (ps)   (ps)  Location 
#-----------------------------------------------------------------------------------------------------------
  clk                          (i,u)   -     R     (arrival)          100  0.0     0     0    1562    (-,-) 
  larger_mantissa_l_reg[4]/clk <<<     -     R     unmapped_d_flop    100    -     1     0    1562    (-,-) 
#-----------------------------------------------------------------------------------------------------------



Path 68: MET (256 ps) Setup Check with Pin larger_mantissa_l_reg[3]/clk->d
           View: view_1p2_25
          Group: clock1
     Startpoint: (R) fp1_in[23]
          Clock: (R) clock1
       Endpoint: (R) larger_mantissa_l_reg[3]/d
          Clock: (R) clock1

                     Capture       Launch     
        Clock Edge:+    1562            0     
        Drv Adjust:+       0            0     
       Src Latency:+       0            0     
       Net Latency:+       0 (I)        0 (I) 
           Arrival:=    1562            0     
                                              
             Setup:-      38                  
       Uncertainty:-       0                  
     Required Time:=    1525                  
      Launch Clock:-       0                  
       Input Delay:-       1                  
         Data Path:-    1267                  
             Slack:=     256                  

Exceptions/Constraints:
  input_delay              1              add_fp16.sdc_line_20_12_1   

#--------------------------------------------------------------------------------------------------------------
#       Timing Point         Flags    Arc    Edge       Cell         Fanout  Load Trans Delay Arrival Instance 
#                                                                            (fF)  (ps)  (ps)   (ps)  Location 
#--------------------------------------------------------------------------------------------------------------
  fp1_in[23]                 (u)     -       R     (arrival)              5  18.0     0     0       1    (-,-) 
  g20582/z                   (u)     in_1->z R     unmapped_or2           2   7.2     0    19      20    (-,-) 
  g20589/z                   (u)     in_0->z R     unmapped_complex2      1   3.6     0    17      37    (-,-) 
  g20245/z                   (u)     in_0->z F     unmapped_complex2      1   3.2     0    17      53    (-,-) 
  g20210/z                   (u)     in_1->z R     unmapped_nand2         1   3.6     0    17      70    (-,-) 
  g20197/z                   (u)     in_1->z F     unmapped_nand2         1   3.2     0    17      86    (-,-) 
  g20180/z                   (u)     in_0->z R     unmapped_nand2         1   3.6     0    17     103    (-,-) 
  g20161/z                   (u)     in_0->z F     unmapped_nand2         1   3.2     0    17     120    (-,-) 
  g20146/z                   (u)     in_0->z R     unmapped_nand2         2   7.2     0    19     139    (-,-) 
  g20140/z                   (u)     in_0->z F     unmapped_complex2      2   6.4     0    19     158    (-,-) 
  g20617/z                   (u)     in_0->z R     unmapped_complex2      1   3.6     0    17     174    (-,-) 
  g20119/z                   (u)     in_1->z R     unmapped_complex2      1   3.6     0    17     191    (-,-) 
  g20112/z                   (u)     in_0->z F     unmapped_complex2      1   3.2     0    17     208    (-,-) 
  g20107/z                   (u)     in_1->z R     unmapped_nand2         1   3.6     0    17     224    (-,-) 
  g20098/z                   (u)     in_1->z R     unmapped_complex2      1   3.6     0    17     241    (-,-) 
  g20090/z                   (u)     in_0->z F     unmapped_nand2         1   3.2     0    17     258    (-,-) 
  g20088/z                   (u)     in_0->z R     unmapped_nand2         1   3.6     0    17     274    (-,-) 
  g20080/z                   (u)     in_0->z F     unmapped_nand2        60 192.0     0    62     336    (-,-) 
  g20022/z                   (u)     in_0->z R     unmapped_nand2         1   3.6     0    17     353    (-,-) 
  g19981/z                   (u)     in_1->z F     unmapped_nand2         5  16.0     0    28     380    (-,-) 
  g19855/z                   (u)     in_0->z F     unmapped_or2           1   3.2     0    17     397    (-,-) 
  g19856/z                   (u)     in_1->z R     unmapped_nand2         4  14.4     0    24     422    (-,-) 
  g20641/z                   (u)     in_1->z F     unmapped_complex2      1   3.2     0    17     438    (-,-) 
  g19761/z                   (u)     in_0->z R     unmapped_nand2         3  10.8     0    22     460    (-,-) 
  g19751/z                   (u)     in_1->z F     unmapped_nand2         1   3.2     0    17     476    (-,-) 
  g19658/z                   (u)     in_0->z R     unmapped_nand2         3  10.8     0    22     498    (-,-) 
  g19589/z                   (u)     in_1->z F     unmapped_nand2         1   3.2     0    17     514    (-,-) 
  g19565/z                   (u)     in_0->z R     unmapped_nand2         3  10.8     0    22     536    (-,-) 
  g20681/z                   (u)     in_0->z R     unmapped_complex2      1   3.6     0    17     553    (-,-) 
  g19489/z                   (u)     in_0->z F     unmapped_nand2         1   3.2     0    17     569    (-,-) 
  g20699/z                   (u)     in_0->z F     unmapped_complex2      1   3.2     0    17     586    (-,-) 
  g19440/z                   (u)     in_0->z R     unmapped_nand2         1   3.6     0    17     602    (-,-) 
  g19434/z                   (u)     in_1->z F     unmapped_nand2         3   9.6     0    22     624    (-,-) 
  g19421/z                   (u)     in_1->z F     unmapped_or2           6  19.2     0    30     654    (-,-) 
  g19398/z                   (u)     in_0->z F     unmapped_or2          14  44.8     0    42     696    (-,-) 
  g19339/z                   (u)     in_0->z F     unmapped_or2           1   3.2     0    17     713    (-,-) 
  g19306/z                   (u)     in_1->z R     unmapped_nand2         1   3.6     0    17     729    (-,-) 
  g20730/z                   (u)     in_0->z R     unmapped_complex2      3  10.8     0    22     751    (-,-) 
  g19248/z                   (u)     in_1->z F     unmapped_complex2      2   6.4     0    19     770    (-,-) 
  g18721/z                   (u)     in_1->z F     unmapped_or2           1   3.2     0    17     787    (-,-) 
  g19222/z                   (u)     in_0->z R     unmapped_complex2      1   3.6     0    17     803    (-,-) 
  g19215/z                   (u)     in_1->z F     unmapped_nand2         1   3.2     0    17     820    (-,-) 
  g19207/z                   (u)     in_1->z R     unmapped_nand2         1   3.6     0    17     836    (-,-) 
  g19196/z                   (u)     in_0->z F     unmapped_nand2         1   3.2     0    17     853    (-,-) 
  g19178/z                   (u)     in_1->z R     unmapped_nand2         1   3.6     0    17     870    (-,-) 
  g19164/z                   (u)     in_0->z F     unmapped_nand2         1   3.2     0    17     886    (-,-) 
  g19151/z                   (u)     in_0->z R     unmapped_nand2         1   3.6     0    17     903    (-,-) 
  g19128/z                   (u)     in_0->z F     unmapped_complex2      1   3.2     0    17     919    (-,-) 
  g20772/z                   (u)     in_0->z R     unmapped_complex2      1   3.6     0    17     936    (-,-) 
  g20773/z                   (u)     in_1->z F     unmapped_complex2      1   3.2     0    17     953    (-,-) 
  g20774/z                   (u)     in_1->z R     unmapped_complex2      1   3.6     0    17     969    (-,-) 
  g19124/z                   (u)     in_1->z F     unmapped_complex2      1   3.2     0    17     986    (-,-) 
  g19123/z                   (u)     in_0->z R     unmapped_complex2      1   3.6     0    17    1002    (-,-) 
  g19122/z                   (u)     in_0->z F     unmapped_complex2      1   3.2     0    17    1019    (-,-) 
  g20775/z                   (u)     in_0->z R     unmapped_complex2      1   3.6     0    17    1036    (-,-) 
  g20776/z                   (u)     in_1->z F     unmapped_complex2      1   3.2     0    17    1052    (-,-) 
  g20777/z                   (u)     in_1->z R     unmapped_complex2      1   3.6     0    17    1069    (-,-) 
  g19118/z                   (u)     in_1->z F     unmapped_complex2      1   3.2     0    17    1085    (-,-) 
  g19117/z                   (u)     in_1->z R     unmapped_nand2         1   3.6     0    17    1102    (-,-) 
  g19116/z                   (u)     in_1->z F     unmapped_nand2         1   3.2     0    17    1119    (-,-) 
  g19115/z                   (u)     in_0->z R     unmapped_nand2         1   3.6     0    17    1135    (-,-) 
  g20778/z                   (u)     in_0->z F     unmapped_complex2      4  12.8     0    24    1160    (-,-) 
  g19111/z                   (u)     in_0->z F     unmapped_or2          48 153.6     0    59    1218    (-,-) 
  g19075/z                   (u)     in_0->z F     unmapped_complex2      1   3.2     0    17    1235    (-,-) 
  g18996/z                   (u)     in_1->z R     unmapped_nand2         1   3.6     0    17    1252    (-,-) 
  g20808/z                   (u)     in_0->z R     unmapped_complex2      1   3.6     0    17    1268    (-,-) 
  larger_mantissa_l_reg[3]/d -       -       R     unmapped_d_flop        1     -     -     0    1268    (-,-) 
#--------------------------------------------------------------------------------------------------------------

(u) : Net has unmapped pin(s).

Capture clock path:
#-----------------------------------------------------------------------------------------------------------
#        Timing Point          Flags   Arc   Edge      Cell        Fanout Load Trans Delay Arrival Instance 
#                                                                         (fF)  (ps)  (ps)   (ps)  Location 
#-----------------------------------------------------------------------------------------------------------
  clk                          (i,u)   -     R     (arrival)          100  0.0     0     0    1562    (-,-) 
  larger_mantissa_l_reg[3]/clk <<<     -     R     unmapped_d_flop    100    -     1     0    1562    (-,-) 
#-----------------------------------------------------------------------------------------------------------



Path 69: MET (256 ps) Setup Check with Pin larger_mantissa_l_reg[2]/clk->d
           View: view_1p2_25
          Group: clock1
     Startpoint: (R) fp1_in[23]
          Clock: (R) clock1
       Endpoint: (R) larger_mantissa_l_reg[2]/d
          Clock: (R) clock1

                     Capture       Launch     
        Clock Edge:+    1562            0     
        Drv Adjust:+       0            0     
       Src Latency:+       0            0     
       Net Latency:+       0 (I)        0 (I) 
           Arrival:=    1562            0     
                                              
             Setup:-      38                  
       Uncertainty:-       0                  
     Required Time:=    1525                  
      Launch Clock:-       0                  
       Input Delay:-       1                  
         Data Path:-    1267                  
             Slack:=     256                  

Exceptions/Constraints:
  input_delay              1              add_fp16.sdc_line_20_12_1   

#--------------------------------------------------------------------------------------------------------------
#       Timing Point         Flags    Arc    Edge       Cell         Fanout  Load Trans Delay Arrival Instance 
#                                                                            (fF)  (ps)  (ps)   (ps)  Location 
#--------------------------------------------------------------------------------------------------------------
  fp1_in[23]                 (u)     -       R     (arrival)              5  18.0     0     0       1    (-,-) 
  g20582/z                   (u)     in_1->z R     unmapped_or2           2   7.2     0    19      20    (-,-) 
  g20589/z                   (u)     in_0->z R     unmapped_complex2      1   3.6     0    17      37    (-,-) 
  g20245/z                   (u)     in_0->z F     unmapped_complex2      1   3.2     0    17      53    (-,-) 
  g20210/z                   (u)     in_1->z R     unmapped_nand2         1   3.6     0    17      70    (-,-) 
  g20197/z                   (u)     in_1->z F     unmapped_nand2         1   3.2     0    17      86    (-,-) 
  g20180/z                   (u)     in_0->z R     unmapped_nand2         1   3.6     0    17     103    (-,-) 
  g20161/z                   (u)     in_0->z F     unmapped_nand2         1   3.2     0    17     120    (-,-) 
  g20146/z                   (u)     in_0->z R     unmapped_nand2         2   7.2     0    19     139    (-,-) 
  g20140/z                   (u)     in_0->z F     unmapped_complex2      2   6.4     0    19     158    (-,-) 
  g20617/z                   (u)     in_0->z R     unmapped_complex2      1   3.6     0    17     174    (-,-) 
  g20119/z                   (u)     in_1->z R     unmapped_complex2      1   3.6     0    17     191    (-,-) 
  g20112/z                   (u)     in_0->z F     unmapped_complex2      1   3.2     0    17     208    (-,-) 
  g20107/z                   (u)     in_1->z R     unmapped_nand2         1   3.6     0    17     224    (-,-) 
  g20098/z                   (u)     in_1->z R     unmapped_complex2      1   3.6     0    17     241    (-,-) 
  g20090/z                   (u)     in_0->z F     unmapped_nand2         1   3.2     0    17     258    (-,-) 
  g20088/z                   (u)     in_0->z R     unmapped_nand2         1   3.6     0    17     274    (-,-) 
  g20080/z                   (u)     in_0->z F     unmapped_nand2        60 192.0     0    62     336    (-,-) 
  g20022/z                   (u)     in_0->z R     unmapped_nand2         1   3.6     0    17     353    (-,-) 
  g19981/z                   (u)     in_1->z F     unmapped_nand2         5  16.0     0    28     380    (-,-) 
  g19855/z                   (u)     in_0->z F     unmapped_or2           1   3.2     0    17     397    (-,-) 
  g19856/z                   (u)     in_1->z R     unmapped_nand2         4  14.4     0    24     422    (-,-) 
  g20641/z                   (u)     in_1->z F     unmapped_complex2      1   3.2     0    17     438    (-,-) 
  g19761/z                   (u)     in_0->z R     unmapped_nand2         3  10.8     0    22     460    (-,-) 
  g19751/z                   (u)     in_1->z F     unmapped_nand2         1   3.2     0    17     476    (-,-) 
  g19658/z                   (u)     in_0->z R     unmapped_nand2         3  10.8     0    22     498    (-,-) 
  g19589/z                   (u)     in_1->z F     unmapped_nand2         1   3.2     0    17     514    (-,-) 
  g19565/z                   (u)     in_0->z R     unmapped_nand2         3  10.8     0    22     536    (-,-) 
  g20681/z                   (u)     in_0->z R     unmapped_complex2      1   3.6     0    17     553    (-,-) 
  g19489/z                   (u)     in_0->z F     unmapped_nand2         1   3.2     0    17     569    (-,-) 
  g20699/z                   (u)     in_0->z F     unmapped_complex2      1   3.2     0    17     586    (-,-) 
  g19440/z                   (u)     in_0->z R     unmapped_nand2         1   3.6     0    17     602    (-,-) 
  g19434/z                   (u)     in_1->z F     unmapped_nand2         3   9.6     0    22     624    (-,-) 
  g19421/z                   (u)     in_1->z F     unmapped_or2           6  19.2     0    30     654    (-,-) 
  g19398/z                   (u)     in_0->z F     unmapped_or2          14  44.8     0    42     696    (-,-) 
  g19339/z                   (u)     in_0->z F     unmapped_or2           1   3.2     0    17     713    (-,-) 
  g19306/z                   (u)     in_1->z R     unmapped_nand2         1   3.6     0    17     729    (-,-) 
  g20730/z                   (u)     in_0->z R     unmapped_complex2      3  10.8     0    22     751    (-,-) 
  g19248/z                   (u)     in_1->z F     unmapped_complex2      2   6.4     0    19     770    (-,-) 
  g18721/z                   (u)     in_1->z F     unmapped_or2           1   3.2     0    17     787    (-,-) 
  g19222/z                   (u)     in_0->z R     unmapped_complex2      1   3.6     0    17     803    (-,-) 
  g19215/z                   (u)     in_1->z F     unmapped_nand2         1   3.2     0    17     820    (-,-) 
  g19207/z                   (u)     in_1->z R     unmapped_nand2         1   3.6     0    17     836    (-,-) 
  g19196/z                   (u)     in_0->z F     unmapped_nand2         1   3.2     0    17     853    (-,-) 
  g19178/z                   (u)     in_1->z R     unmapped_nand2         1   3.6     0    17     870    (-,-) 
  g19164/z                   (u)     in_0->z F     unmapped_nand2         1   3.2     0    17     886    (-,-) 
  g19151/z                   (u)     in_0->z R     unmapped_nand2         1   3.6     0    17     903    (-,-) 
  g19128/z                   (u)     in_0->z F     unmapped_complex2      1   3.2     0    17     919    (-,-) 
  g20772/z                   (u)     in_0->z R     unmapped_complex2      1   3.6     0    17     936    (-,-) 
  g20773/z                   (u)     in_1->z F     unmapped_complex2      1   3.2     0    17     953    (-,-) 
  g20774/z                   (u)     in_1->z R     unmapped_complex2      1   3.6     0    17     969    (-,-) 
  g19124/z                   (u)     in_1->z F     unmapped_complex2      1   3.2     0    17     986    (-,-) 
  g19123/z                   (u)     in_0->z R     unmapped_complex2      1   3.6     0    17    1002    (-,-) 
  g19122/z                   (u)     in_0->z F     unmapped_complex2      1   3.2     0    17    1019    (-,-) 
  g20775/z                   (u)     in_0->z R     unmapped_complex2      1   3.6     0    17    1036    (-,-) 
  g20776/z                   (u)     in_1->z F     unmapped_complex2      1   3.2     0    17    1052    (-,-) 
  g20777/z                   (u)     in_1->z R     unmapped_complex2      1   3.6     0    17    1069    (-,-) 
  g19118/z                   (u)     in_1->z F     unmapped_complex2      1   3.2     0    17    1085    (-,-) 
  g19117/z                   (u)     in_1->z R     unmapped_nand2         1   3.6     0    17    1102    (-,-) 
  g19116/z                   (u)     in_1->z F     unmapped_nand2         1   3.2     0    17    1119    (-,-) 
  g19115/z                   (u)     in_0->z R     unmapped_nand2         1   3.6     0    17    1135    (-,-) 
  g20778/z                   (u)     in_0->z F     unmapped_complex2      4  12.8     0    24    1160    (-,-) 
  g19111/z                   (u)     in_0->z F     unmapped_or2          48 153.6     0    59    1218    (-,-) 
  g19052/z                   (u)     in_0->z F     unmapped_complex2      1   3.2     0    17    1235    (-,-) 
  g19008/z                   (u)     in_1->z R     unmapped_nand2         1   3.6     0    17    1252    (-,-) 
  g20814/z                   (u)     in_0->z R     unmapped_complex2      1   3.6     0    17    1268    (-,-) 
  larger_mantissa_l_reg[2]/d -       -       R     unmapped_d_flop        1     -     -     0    1268    (-,-) 
#--------------------------------------------------------------------------------------------------------------

(u) : Net has unmapped pin(s).

Capture clock path:
#-----------------------------------------------------------------------------------------------------------
#        Timing Point          Flags   Arc   Edge      Cell        Fanout Load Trans Delay Arrival Instance 
#                                                                         (fF)  (ps)  (ps)   (ps)  Location 
#-----------------------------------------------------------------------------------------------------------
  clk                          (i,u)   -     R     (arrival)          100  0.0     0     0    1562    (-,-) 
  larger_mantissa_l_reg[2]/clk <<<     -     R     unmapped_d_flop    100    -     1     0    1562    (-,-) 
#-----------------------------------------------------------------------------------------------------------



Path 70: MET (272 ps) Setup Check with Pin sub_has_lost_sticky_l_reg/clk->d
           View: view_1p2_25
          Group: clock1
     Startpoint: (F) fp1_in[23]
          Clock: (R) clock1
       Endpoint: (R) sub_has_lost_sticky_l_reg/d
          Clock: (R) clock1

                     Capture       Launch     
        Clock Edge:+    1562            0     
        Drv Adjust:+       0            0     
       Src Latency:+       0            0     
       Net Latency:+       0 (I)        0 (I) 
           Arrival:=    1562            0     
                                              
             Setup:-      38                  
       Uncertainty:-       0                  
     Required Time:=    1525                  
      Launch Clock:-       0                  
       Input Delay:-       1                  
         Data Path:-    1251                  
             Slack:=     272                  

Exceptions/Constraints:
  input_delay              1              add_fp16.sdc_line_20_12_1   

#---------------------------------------------------------------------------------------------------------------
#        Timing Point         Flags    Arc    Edge       Cell         Fanout  Load Trans Delay Arrival Instance 
#                                                                             (fF)  (ps)  (ps)   (ps)  Location 
#---------------------------------------------------------------------------------------------------------------
  fp1_in[23]                  (u)     -       F     (arrival)              5  16.0     0     0       1    (-,-) 
  g20582/z                    (u)     in_1->z F     unmapped_or2           2   6.4     0    19      20    (-,-) 
  g20589/z                    (u)     in_0->z F     unmapped_complex2      1   3.2     0    17      37    (-,-) 
  g20245/z                    (u)     in_0->z R     unmapped_complex2      1   3.6     0    17      53    (-,-) 
  g20210/z                    (u)     in_1->z F     unmapped_nand2         1   3.2     0    17      70    (-,-) 
  g20197/z                    (u)     in_1->z R     unmapped_nand2         1   3.6     0    17      86    (-,-) 
  g20180/z                    (u)     in_0->z F     unmapped_nand2         1   3.2     0    17     103    (-,-) 
  g20161/z                    (u)     in_0->z R     unmapped_nand2         1   3.6     0    17     120    (-,-) 
  g20146/z                    (u)     in_0->z F     unmapped_nand2         2   6.4     0    19     139    (-,-) 
  g20140/z                    (u)     in_0->z R     unmapped_complex2      2   7.2     0    19     158    (-,-) 
  g20617/z                    (u)     in_0->z F     unmapped_complex2      1   3.2     0    17     174    (-,-) 
  g20119/z                    (u)     in_1->z F     unmapped_complex2      1   3.2     0    17     191    (-,-) 
  g20112/z                    (u)     in_0->z R     unmapped_complex2      1   3.6     0    17     208    (-,-) 
  g20107/z                    (u)     in_1->z F     unmapped_nand2         1   3.2     0    17     224    (-,-) 
  g20098/z                    (u)     in_1->z F     unmapped_complex2      1   3.2     0    17     241    (-,-) 
  g20090/z                    (u)     in_0->z R     unmapped_nand2         1   3.6     0    17     258    (-,-) 
  g20088/z                    (u)     in_0->z F     unmapped_nand2         1   3.2     0    17     274    (-,-) 
  g20080/z                    (u)     in_0->z R     unmapped_nand2        60 216.0     0    62     336    (-,-) 
  g20022/z                    (u)     in_0->z F     unmapped_nand2         1   3.2     0    17     353    (-,-) 
  g19981/z                    (u)     in_1->z R     unmapped_nand2         5  18.0     0    28     380    (-,-) 
  g19855/z                    (u)     in_0->z R     unmapped_or2           1   3.6     0    17     397    (-,-) 
  g19856/z                    (u)     in_1->z F     unmapped_nand2         4  12.8     0    24     422    (-,-) 
  g20641/z                    (u)     in_1->z R     unmapped_complex2      1   3.6     0    17     438    (-,-) 
  g19761/z                    (u)     in_0->z F     unmapped_nand2         3   9.6     0    22     460    (-,-) 
  g19751/z                    (u)     in_1->z R     unmapped_nand2         1   3.6     0    17     476    (-,-) 
  g19658/z                    (u)     in_0->z F     unmapped_nand2         3   9.6     0    22     498    (-,-) 
  g19589/z                    (u)     in_1->z R     unmapped_nand2         1   3.6     0    17     514    (-,-) 
  g19565/z                    (u)     in_0->z F     unmapped_nand2         3   9.6     0    22     536    (-,-) 
  g20681/z                    (u)     in_0->z F     unmapped_complex2      1   3.2     0    17     553    (-,-) 
  g19489/z                    (u)     in_0->z R     unmapped_nand2         1   3.6     0    17     569    (-,-) 
  g20699/z                    (u)     in_0->z R     unmapped_complex2      1   3.6     0    17     586    (-,-) 
  g19440/z                    (u)     in_0->z F     unmapped_nand2         1   3.2     0    17     602    (-,-) 
  g19434/z                    (u)     in_1->z R     unmapped_nand2         3  10.8     0    22     624    (-,-) 
  g19421/z                    (u)     in_1->z R     unmapped_or2           6  21.6     0    30     654    (-,-) 
  g19398/z                    (u)     in_0->z R     unmapped_or2          14  50.4     0    42     696    (-,-) 
  g19339/z                    (u)     in_0->z R     unmapped_or2           1   3.6     0    17     713    (-,-) 
  g19306/z                    (u)     in_1->z F     unmapped_nand2         1   3.2     0    17     729    (-,-) 
  g20730/z                    (u)     in_0->z F     unmapped_complex2      3   9.6     0    22     751    (-,-) 
  g19248/z                    (u)     in_1->z R     unmapped_complex2      2   7.2     0    19     770    (-,-) 
  g18721/z                    (u)     in_1->z R     unmapped_or2           1   3.6     0    17     787    (-,-) 
  g19222/z                    (u)     in_0->z F     unmapped_complex2      1   3.2     0    17     803    (-,-) 
  g19215/z                    (u)     in_1->z R     unmapped_nand2         1   3.6     0    17     820    (-,-) 
  g19207/z                    (u)     in_1->z F     unmapped_nand2         1   3.2     0    17     836    (-,-) 
  g19196/z                    (u)     in_0->z R     unmapped_nand2         1   3.6     0    17     853    (-,-) 
  g19178/z                    (u)     in_1->z F     unmapped_nand2         1   3.2     0    17     870    (-,-) 
  g19164/z                    (u)     in_0->z R     unmapped_nand2         1   3.6     0    17     886    (-,-) 
  g19151/z                    (u)     in_0->z F     unmapped_nand2         1   3.2     0    17     903    (-,-) 
  g19128/z                    (u)     in_0->z R     unmapped_complex2      1   3.6     0    17     919    (-,-) 
  g20772/z                    (u)     in_0->z F     unmapped_complex2      1   3.2     0    17     936    (-,-) 
  g20773/z                    (u)     in_1->z R     unmapped_complex2      1   3.6     0    17     953    (-,-) 
  g20774/z                    (u)     in_1->z F     unmapped_complex2      1   3.2     0    17     969    (-,-) 
  g19124/z                    (u)     in_1->z R     unmapped_complex2      1   3.6     0    17     986    (-,-) 
  g19123/z                    (u)     in_0->z F     unmapped_complex2      1   3.2     0    17    1002    (-,-) 
  g19122/z                    (u)     in_0->z R     unmapped_complex2      1   3.6     0    17    1019    (-,-) 
  g20775/z                    (u)     in_0->z F     unmapped_complex2      1   3.2     0    17    1036    (-,-) 
  g20776/z                    (u)     in_1->z R     unmapped_complex2      1   3.6     0    17    1052    (-,-) 
  g20777/z                    (u)     in_1->z F     unmapped_complex2      1   3.2     0    17    1069    (-,-) 
  g19118/z                    (u)     in_1->z R     unmapped_complex2      1   3.6     0    17    1085    (-,-) 
  g19117/z                    (u)     in_1->z F     unmapped_nand2         1   3.2     0    17    1102    (-,-) 
  g19116/z                    (u)     in_1->z R     unmapped_nand2         1   3.6     0    17    1119    (-,-) 
  g19115/z                    (u)     in_0->z F     unmapped_nand2         1   3.2     0    17    1135    (-,-) 
  g20778/z                    (u)     in_0->z R     unmapped_complex2      4  14.4     0    24    1160    (-,-) 
  g19110/z                    (u)     in_0->z F     unmapped_complex2     50 160.0     0    59    1219    (-,-) 
  g19090/z                    (u)     in_1->z F     unmapped_or2           1   3.2     0    17    1236    (-,-) 
  g18980/z                    (u)     in_1->z R     unmapped_nand2         1   3.6     0    17    1252    (-,-) 
  sub_has_lost_sticky_l_reg/d -       -       R     unmapped_d_flop        1     -     -     0    1252    (-,-) 
#---------------------------------------------------------------------------------------------------------------

(u) : Net has unmapped pin(s).

Capture clock path:
#------------------------------------------------------------------------------------------------------------
#         Timing Point          Flags   Arc   Edge      Cell        Fanout Load Trans Delay Arrival Instance 
#                                                                          (fF)  (ps)  (ps)   (ps)  Location 
#------------------------------------------------------------------------------------------------------------
  clk                           (i,u)   -     R     (arrival)          100  0.0     0     0    1562    (-,-) 
  sub_has_lost_sticky_l_reg/clk <<<     -     R     unmapped_d_flop    100    -     1     0    1562    (-,-) 
#------------------------------------------------------------------------------------------------------------



Path 71: MET (272 ps) Setup Check with Pin sub_has_added_sticky_l_reg/clk->d
           View: view_1p2_25
          Group: clock1
     Startpoint: (F) fp1_in[23]
          Clock: (R) clock1
       Endpoint: (R) sub_has_added_sticky_l_reg/d
          Clock: (R) clock1

                     Capture       Launch     
        Clock Edge:+    1562            0     
        Drv Adjust:+       0            0     
       Src Latency:+       0            0     
       Net Latency:+       0 (I)        0 (I) 
           Arrival:=    1562            0     
                                              
             Setup:-      38                  
       Uncertainty:-       0                  
     Required Time:=    1525                  
      Launch Clock:-       0                  
       Input Delay:-       1                  
         Data Path:-    1251                  
             Slack:=     272                  

Exceptions/Constraints:
  input_delay              1              add_fp16.sdc_line_20_12_1   

#----------------------------------------------------------------------------------------------------------------
#        Timing Point          Flags    Arc    Edge       Cell         Fanout  Load Trans Delay Arrival Instance 
#                                                                              (fF)  (ps)  (ps)   (ps)  Location 
#----------------------------------------------------------------------------------------------------------------
  fp1_in[23]                   (u)     -       F     (arrival)              5  16.0     0     0       1    (-,-) 
  g20582/z                     (u)     in_1->z F     unmapped_or2           2   6.4     0    19      20    (-,-) 
  g20589/z                     (u)     in_0->z F     unmapped_complex2      1   3.2     0    17      37    (-,-) 
  g20245/z                     (u)     in_0->z R     unmapped_complex2      1   3.6     0    17      53    (-,-) 
  g20210/z                     (u)     in_1->z F     unmapped_nand2         1   3.2     0    17      70    (-,-) 
  g20197/z                     (u)     in_1->z R     unmapped_nand2         1   3.6     0    17      86    (-,-) 
  g20180/z                     (u)     in_0->z F     unmapped_nand2         1   3.2     0    17     103    (-,-) 
  g20161/z                     (u)     in_0->z R     unmapped_nand2         1   3.6     0    17     120    (-,-) 
  g20146/z                     (u)     in_0->z F     unmapped_nand2         2   6.4     0    19     139    (-,-) 
  g20140/z                     (u)     in_0->z R     unmapped_complex2      2   7.2     0    19     158    (-,-) 
  g20617/z                     (u)     in_0->z F     unmapped_complex2      1   3.2     0    17     174    (-,-) 
  g20119/z                     (u)     in_1->z F     unmapped_complex2      1   3.2     0    17     191    (-,-) 
  g20112/z                     (u)     in_0->z R     unmapped_complex2      1   3.6     0    17     208    (-,-) 
  g20107/z                     (u)     in_1->z F     unmapped_nand2         1   3.2     0    17     224    (-,-) 
  g20098/z                     (u)     in_1->z F     unmapped_complex2      1   3.2     0    17     241    (-,-) 
  g20090/z                     (u)     in_0->z R     unmapped_nand2         1   3.6     0    17     258    (-,-) 
  g20088/z                     (u)     in_0->z F     unmapped_nand2         1   3.2     0    17     274    (-,-) 
  g20080/z                     (u)     in_0->z R     unmapped_nand2        60 216.0     0    62     336    (-,-) 
  g20022/z                     (u)     in_0->z F     unmapped_nand2         1   3.2     0    17     353    (-,-) 
  g19981/z                     (u)     in_1->z R     unmapped_nand2         5  18.0     0    28     380    (-,-) 
  g19855/z                     (u)     in_0->z R     unmapped_or2           1   3.6     0    17     397    (-,-) 
  g19856/z                     (u)     in_1->z F     unmapped_nand2         4  12.8     0    24     422    (-,-) 
  g20641/z                     (u)     in_1->z R     unmapped_complex2      1   3.6     0    17     438    (-,-) 
  g19761/z                     (u)     in_0->z F     unmapped_nand2         3   9.6     0    22     460    (-,-) 
  g19751/z                     (u)     in_1->z R     unmapped_nand2         1   3.6     0    17     476    (-,-) 
  g19658/z                     (u)     in_0->z F     unmapped_nand2         3   9.6     0    22     498    (-,-) 
  g19589/z                     (u)     in_1->z R     unmapped_nand2         1   3.6     0    17     514    (-,-) 
  g19565/z                     (u)     in_0->z F     unmapped_nand2         3   9.6     0    22     536    (-,-) 
  g20681/z                     (u)     in_0->z F     unmapped_complex2      1   3.2     0    17     553    (-,-) 
  g19489/z                     (u)     in_0->z R     unmapped_nand2         1   3.6     0    17     569    (-,-) 
  g20699/z                     (u)     in_0->z R     unmapped_complex2      1   3.6     0    17     586    (-,-) 
  g19440/z                     (u)     in_0->z F     unmapped_nand2         1   3.2     0    17     602    (-,-) 
  g19434/z                     (u)     in_1->z R     unmapped_nand2         3  10.8     0    22     624    (-,-) 
  g19421/z                     (u)     in_1->z R     unmapped_or2           6  21.6     0    30     654    (-,-) 
  g19398/z                     (u)     in_0->z R     unmapped_or2          14  50.4     0    42     696    (-,-) 
  g19339/z                     (u)     in_0->z R     unmapped_or2           1   3.6     0    17     713    (-,-) 
  g19306/z                     (u)     in_1->z F     unmapped_nand2         1   3.2     0    17     729    (-,-) 
  g20730/z                     (u)     in_0->z F     unmapped_complex2      3   9.6     0    22     751    (-,-) 
  g19248/z                     (u)     in_1->z R     unmapped_complex2      2   7.2     0    19     770    (-,-) 
  g18721/z                     (u)     in_1->z R     unmapped_or2           1   3.6     0    17     787    (-,-) 
  g19222/z                     (u)     in_0->z F     unmapped_complex2      1   3.2     0    17     803    (-,-) 
  g19215/z                     (u)     in_1->z R     unmapped_nand2         1   3.6     0    17     820    (-,-) 
  g19207/z                     (u)     in_1->z F     unmapped_nand2         1   3.2     0    17     836    (-,-) 
  g19196/z                     (u)     in_0->z R     unmapped_nand2         1   3.6     0    17     853    (-,-) 
  g19178/z                     (u)     in_1->z F     unmapped_nand2         1   3.2     0    17     870    (-,-) 
  g19164/z                     (u)     in_0->z R     unmapped_nand2         1   3.6     0    17     886    (-,-) 
  g19151/z                     (u)     in_0->z F     unmapped_nand2         1   3.2     0    17     903    (-,-) 
  g19128/z                     (u)     in_0->z R     unmapped_complex2      1   3.6     0    17     919    (-,-) 
  g20772/z                     (u)     in_0->z F     unmapped_complex2      1   3.2     0    17     936    (-,-) 
  g20773/z                     (u)     in_1->z R     unmapped_complex2      1   3.6     0    17     953    (-,-) 
  g20774/z                     (u)     in_1->z F     unmapped_complex2      1   3.2     0    17     969    (-,-) 
  g19124/z                     (u)     in_1->z R     unmapped_complex2      1   3.6     0    17     986    (-,-) 
  g19123/z                     (u)     in_0->z F     unmapped_complex2      1   3.2     0    17    1002    (-,-) 
  g19122/z                     (u)     in_0->z R     unmapped_complex2      1   3.6     0    17    1019    (-,-) 
  g20775/z                     (u)     in_0->z F     unmapped_complex2      1   3.2     0    17    1036    (-,-) 
  g20776/z                     (u)     in_1->z R     unmapped_complex2      1   3.6     0    17    1052    (-,-) 
  g20777/z                     (u)     in_1->z F     unmapped_complex2      1   3.2     0    17    1069    (-,-) 
  g19118/z                     (u)     in_1->z R     unmapped_complex2      1   3.6     0    17    1085    (-,-) 
  g19117/z                     (u)     in_1->z F     unmapped_nand2         1   3.2     0    17    1102    (-,-) 
  g19116/z                     (u)     in_1->z R     unmapped_nand2         1   3.6     0    17    1119    (-,-) 
  g19115/z                     (u)     in_0->z F     unmapped_nand2         1   3.2     0    17    1135    (-,-) 
  g20778/z                     (u)     in_0->z R     unmapped_complex2      4  14.4     0    24    1160    (-,-) 
  g19110/z                     (u)     in_0->z F     unmapped_complex2     50 160.0     0    59    1219    (-,-) 
  g19067/z                     (u)     in_1->z F     unmapped_or2           1   3.2     0    17    1236    (-,-) 
  g18989/z                     (u)     in_1->z R     unmapped_nand2         1   3.6     0    17    1252    (-,-) 
  sub_has_added_sticky_l_reg/d -       -       R     unmapped_d_flop        1     -     -     0    1252    (-,-) 
#----------------------------------------------------------------------------------------------------------------

(u) : Net has unmapped pin(s).

Capture clock path:
#-------------------------------------------------------------------------------------------------------------
#         Timing Point           Flags   Arc   Edge      Cell        Fanout Load Trans Delay Arrival Instance 
#                                                                           (fF)  (ps)  (ps)   (ps)  Location 
#-------------------------------------------------------------------------------------------------------------
  clk                            (i,u)   -     R     (arrival)          100  0.0     0     0    1562    (-,-) 
  sub_has_added_sticky_l_reg/clk <<<     -     R     unmapped_d_flop    100    -     1     0    1562    (-,-) 
#-------------------------------------------------------------------------------------------------------------



Path 72: MET (272 ps) Setup Check with Pin smaller_mantissa_l_reg[25]/clk->d
           View: view_1p2_25
          Group: clock1
     Startpoint: (F) fp1_in[23]
          Clock: (R) clock1
       Endpoint: (R) smaller_mantissa_l_reg[25]/d
          Clock: (R) clock1

                     Capture       Launch     
        Clock Edge:+    1562            0     
        Drv Adjust:+       0            0     
       Src Latency:+       0            0     
       Net Latency:+       0 (I)        0 (I) 
           Arrival:=    1562            0     
                                              
             Setup:-      38                  
       Uncertainty:-       0                  
     Required Time:=    1525                  
      Launch Clock:-       0                  
       Input Delay:-       1                  
         Data Path:-    1251                  
             Slack:=     272                  

Exceptions/Constraints:
  input_delay              1              add_fp16.sdc_line_20_12_1   

#----------------------------------------------------------------------------------------------------------------
#        Timing Point          Flags    Arc    Edge       Cell         Fanout  Load Trans Delay Arrival Instance 
#                                                                              (fF)  (ps)  (ps)   (ps)  Location 
#----------------------------------------------------------------------------------------------------------------
  fp1_in[23]                   (u)     -       F     (arrival)              5  16.0     0     0       1    (-,-) 
  g20582/z                     (u)     in_1->z F     unmapped_or2           2   6.4     0    19      20    (-,-) 
  g20589/z                     (u)     in_0->z F     unmapped_complex2      1   3.2     0    17      37    (-,-) 
  g20245/z                     (u)     in_0->z R     unmapped_complex2      1   3.6     0    17      53    (-,-) 
  g20210/z                     (u)     in_1->z F     unmapped_nand2         1   3.2     0    17      70    (-,-) 
  g20197/z                     (u)     in_1->z R     unmapped_nand2         1   3.6     0    17      86    (-,-) 
  g20180/z                     (u)     in_0->z F     unmapped_nand2         1   3.2     0    17     103    (-,-) 
  g20161/z                     (u)     in_0->z R     unmapped_nand2         1   3.6     0    17     120    (-,-) 
  g20146/z                     (u)     in_0->z F     unmapped_nand2         2   6.4     0    19     139    (-,-) 
  g20140/z                     (u)     in_0->z R     unmapped_complex2      2   7.2     0    19     158    (-,-) 
  g20617/z                     (u)     in_0->z F     unmapped_complex2      1   3.2     0    17     174    (-,-) 
  g20119/z                     (u)     in_1->z F     unmapped_complex2      1   3.2     0    17     191    (-,-) 
  g20112/z                     (u)     in_0->z R     unmapped_complex2      1   3.6     0    17     208    (-,-) 
  g20107/z                     (u)     in_1->z F     unmapped_nand2         1   3.2     0    17     224    (-,-) 
  g20098/z                     (u)     in_1->z F     unmapped_complex2      1   3.2     0    17     241    (-,-) 
  g20090/z                     (u)     in_0->z R     unmapped_nand2         1   3.6     0    17     258    (-,-) 
  g20088/z                     (u)     in_0->z F     unmapped_nand2         1   3.2     0    17     274    (-,-) 
  g20080/z                     (u)     in_0->z R     unmapped_nand2        60 216.0     0    62     336    (-,-) 
  g20022/z                     (u)     in_0->z F     unmapped_nand2         1   3.2     0    17     353    (-,-) 
  g19981/z                     (u)     in_1->z R     unmapped_nand2         5  18.0     0    28     380    (-,-) 
  g19855/z                     (u)     in_0->z R     unmapped_or2           1   3.6     0    17     397    (-,-) 
  g19856/z                     (u)     in_1->z F     unmapped_nand2         4  12.8     0    24     422    (-,-) 
  g20641/z                     (u)     in_1->z R     unmapped_complex2      1   3.6     0    17     438    (-,-) 
  g19761/z                     (u)     in_0->z F     unmapped_nand2         3   9.6     0    22     460    (-,-) 
  g19751/z                     (u)     in_1->z R     unmapped_nand2         1   3.6     0    17     476    (-,-) 
  g19658/z                     (u)     in_0->z F     unmapped_nand2         3   9.6     0    22     498    (-,-) 
  g19589/z                     (u)     in_1->z R     unmapped_nand2         1   3.6     0    17     514    (-,-) 
  g19565/z                     (u)     in_0->z F     unmapped_nand2         3   9.6     0    22     536    (-,-) 
  g20681/z                     (u)     in_0->z F     unmapped_complex2      1   3.2     0    17     553    (-,-) 
  g19489/z                     (u)     in_0->z R     unmapped_nand2         1   3.6     0    17     569    (-,-) 
  g20699/z                     (u)     in_0->z R     unmapped_complex2      1   3.6     0    17     586    (-,-) 
  g19440/z                     (u)     in_0->z F     unmapped_nand2         1   3.2     0    17     602    (-,-) 
  g19434/z                     (u)     in_1->z R     unmapped_nand2         3  10.8     0    22     624    (-,-) 
  g19421/z                     (u)     in_1->z R     unmapped_or2           6  21.6     0    30     654    (-,-) 
  g19398/z                     (u)     in_0->z R     unmapped_or2          14  50.4     0    42     696    (-,-) 
  g19339/z                     (u)     in_0->z R     unmapped_or2           1   3.6     0    17     713    (-,-) 
  g19306/z                     (u)     in_1->z F     unmapped_nand2         1   3.2     0    17     729    (-,-) 
  g20730/z                     (u)     in_0->z F     unmapped_complex2      3   9.6     0    22     751    (-,-) 
  g19248/z                     (u)     in_1->z R     unmapped_complex2      2   7.2     0    19     770    (-,-) 
  g18721/z                     (u)     in_1->z R     unmapped_or2           1   3.6     0    17     787    (-,-) 
  g19222/z                     (u)     in_0->z F     unmapped_complex2      1   3.2     0    17     803    (-,-) 
  g19215/z                     (u)     in_1->z R     unmapped_nand2         1   3.6     0    17     820    (-,-) 
  g19207/z                     (u)     in_1->z F     unmapped_nand2         1   3.2     0    17     836    (-,-) 
  g19196/z                     (u)     in_0->z R     unmapped_nand2         1   3.6     0    17     853    (-,-) 
  g19178/z                     (u)     in_1->z F     unmapped_nand2         1   3.2     0    17     870    (-,-) 
  g19164/z                     (u)     in_0->z R     unmapped_nand2         1   3.6     0    17     886    (-,-) 
  g19151/z                     (u)     in_0->z F     unmapped_nand2         1   3.2     0    17     903    (-,-) 
  g19128/z                     (u)     in_0->z R     unmapped_complex2      1   3.6     0    17     919    (-,-) 
  g20772/z                     (u)     in_0->z F     unmapped_complex2      1   3.2     0    17     936    (-,-) 
  g20773/z                     (u)     in_1->z R     unmapped_complex2      1   3.6     0    17     953    (-,-) 
  g20774/z                     (u)     in_1->z F     unmapped_complex2      1   3.2     0    17     969    (-,-) 
  g19124/z                     (u)     in_1->z R     unmapped_complex2      1   3.6     0    17     986    (-,-) 
  g19123/z                     (u)     in_0->z F     unmapped_complex2      1   3.2     0    17    1002    (-,-) 
  g19122/z                     (u)     in_0->z R     unmapped_complex2      1   3.6     0    17    1019    (-,-) 
  g20775/z                     (u)     in_0->z F     unmapped_complex2      1   3.2     0    17    1036    (-,-) 
  g20776/z                     (u)     in_1->z R     unmapped_complex2      1   3.6     0    17    1052    (-,-) 
  g20777/z                     (u)     in_1->z F     unmapped_complex2      1   3.2     0    17    1069    (-,-) 
  g19118/z                     (u)     in_1->z R     unmapped_complex2      1   3.6     0    17    1085    (-,-) 
  g19117/z                     (u)     in_1->z F     unmapped_nand2         1   3.2     0    17    1102    (-,-) 
  g19116/z                     (u)     in_1->z R     unmapped_nand2         1   3.6     0    17    1119    (-,-) 
  g19115/z                     (u)     in_0->z F     unmapped_nand2         1   3.2     0    17    1135    (-,-) 
  g20778/z                     (u)     in_0->z R     unmapped_complex2      4  14.4     0    24    1160    (-,-) 
  g19110/z                     (u)     in_0->z F     unmapped_complex2     50 160.0     0    59    1219    (-,-) 
  g19079/z                     (u)     in_1->z F     unmapped_or2           1   3.2     0    17    1236    (-,-) 
  g20782/z                     (u)     in_1->z R     unmapped_complex2      1   3.6     0    17    1252    (-,-) 
  smaller_mantissa_l_reg[25]/d -       -       R     unmapped_d_flop        1     -     -     0    1252    (-,-) 
#----------------------------------------------------------------------------------------------------------------

(u) : Net has unmapped pin(s).

Capture clock path:
#-------------------------------------------------------------------------------------------------------------
#         Timing Point           Flags   Arc   Edge      Cell        Fanout Load Trans Delay Arrival Instance 
#                                                                           (fF)  (ps)  (ps)   (ps)  Location 
#-------------------------------------------------------------------------------------------------------------
  clk                            (i,u)   -     R     (arrival)          100  0.0     0     0    1562    (-,-) 
  smaller_mantissa_l_reg[25]/clk <<<     -     R     unmapped_d_flop    100    -     1     0    1562    (-,-) 
#-------------------------------------------------------------------------------------------------------------



Path 73: MET (272 ps) Setup Check with Pin larger_mantissa_l_reg[25]/clk->d
           View: view_1p2_25
          Group: clock1
     Startpoint: (F) fp1_in[23]
          Clock: (R) clock1
       Endpoint: (R) larger_mantissa_l_reg[25]/d
          Clock: (R) clock1

                     Capture       Launch     
        Clock Edge:+    1562            0     
        Drv Adjust:+       0            0     
       Src Latency:+       0            0     
       Net Latency:+       0 (I)        0 (I) 
           Arrival:=    1562            0     
                                              
             Setup:-      38                  
       Uncertainty:-       0                  
     Required Time:=    1525                  
      Launch Clock:-       0                  
       Input Delay:-       1                  
         Data Path:-    1251                  
             Slack:=     272                  

Exceptions/Constraints:
  input_delay              1              add_fp16.sdc_line_20_12_1   

#---------------------------------------------------------------------------------------------------------------
#        Timing Point         Flags    Arc    Edge       Cell         Fanout  Load Trans Delay Arrival Instance 
#                                                                             (fF)  (ps)  (ps)   (ps)  Location 
#---------------------------------------------------------------------------------------------------------------
  fp1_in[23]                  (u)     -       F     (arrival)              5  16.0     0     0       1    (-,-) 
  g20582/z                    (u)     in_1->z F     unmapped_or2           2   6.4     0    19      20    (-,-) 
  g20589/z                    (u)     in_0->z F     unmapped_complex2      1   3.2     0    17      37    (-,-) 
  g20245/z                    (u)     in_0->z R     unmapped_complex2      1   3.6     0    17      53    (-,-) 
  g20210/z                    (u)     in_1->z F     unmapped_nand2         1   3.2     0    17      70    (-,-) 
  g20197/z                    (u)     in_1->z R     unmapped_nand2         1   3.6     0    17      86    (-,-) 
  g20180/z                    (u)     in_0->z F     unmapped_nand2         1   3.2     0    17     103    (-,-) 
  g20161/z                    (u)     in_0->z R     unmapped_nand2         1   3.6     0    17     120    (-,-) 
  g20146/z                    (u)     in_0->z F     unmapped_nand2         2   6.4     0    19     139    (-,-) 
  g20140/z                    (u)     in_0->z R     unmapped_complex2      2   7.2     0    19     158    (-,-) 
  g20617/z                    (u)     in_0->z F     unmapped_complex2      1   3.2     0    17     174    (-,-) 
  g20119/z                    (u)     in_1->z F     unmapped_complex2      1   3.2     0    17     191    (-,-) 
  g20112/z                    (u)     in_0->z R     unmapped_complex2      1   3.6     0    17     208    (-,-) 
  g20107/z                    (u)     in_1->z F     unmapped_nand2         1   3.2     0    17     224    (-,-) 
  g20098/z                    (u)     in_1->z F     unmapped_complex2      1   3.2     0    17     241    (-,-) 
  g20090/z                    (u)     in_0->z R     unmapped_nand2         1   3.6     0    17     258    (-,-) 
  g20088/z                    (u)     in_0->z F     unmapped_nand2         1   3.2     0    17     274    (-,-) 
  g20080/z                    (u)     in_0->z R     unmapped_nand2        60 216.0     0    62     336    (-,-) 
  g20022/z                    (u)     in_0->z F     unmapped_nand2         1   3.2     0    17     353    (-,-) 
  g19981/z                    (u)     in_1->z R     unmapped_nand2         5  18.0     0    28     380    (-,-) 
  g19855/z                    (u)     in_0->z R     unmapped_or2           1   3.6     0    17     397    (-,-) 
  g19856/z                    (u)     in_1->z F     unmapped_nand2         4  12.8     0    24     422    (-,-) 
  g20641/z                    (u)     in_1->z R     unmapped_complex2      1   3.6     0    17     438    (-,-) 
  g19761/z                    (u)     in_0->z F     unmapped_nand2         3   9.6     0    22     460    (-,-) 
  g19751/z                    (u)     in_1->z R     unmapped_nand2         1   3.6     0    17     476    (-,-) 
  g19658/z                    (u)     in_0->z F     unmapped_nand2         3   9.6     0    22     498    (-,-) 
  g19589/z                    (u)     in_1->z R     unmapped_nand2         1   3.6     0    17     514    (-,-) 
  g19565/z                    (u)     in_0->z F     unmapped_nand2         3   9.6     0    22     536    (-,-) 
  g20681/z                    (u)     in_0->z F     unmapped_complex2      1   3.2     0    17     553    (-,-) 
  g19489/z                    (u)     in_0->z R     unmapped_nand2         1   3.6     0    17     569    (-,-) 
  g20699/z                    (u)     in_0->z R     unmapped_complex2      1   3.6     0    17     586    (-,-) 
  g19440/z                    (u)     in_0->z F     unmapped_nand2         1   3.2     0    17     602    (-,-) 
  g19434/z                    (u)     in_1->z R     unmapped_nand2         3  10.8     0    22     624    (-,-) 
  g19421/z                    (u)     in_1->z R     unmapped_or2           6  21.6     0    30     654    (-,-) 
  g19398/z                    (u)     in_0->z R     unmapped_or2          14  50.4     0    42     696    (-,-) 
  g19339/z                    (u)     in_0->z R     unmapped_or2           1   3.6     0    17     713    (-,-) 
  g19306/z                    (u)     in_1->z F     unmapped_nand2         1   3.2     0    17     729    (-,-) 
  g20730/z                    (u)     in_0->z F     unmapped_complex2      3   9.6     0    22     751    (-,-) 
  g19248/z                    (u)     in_1->z R     unmapped_complex2      2   7.2     0    19     770    (-,-) 
  g18721/z                    (u)     in_1->z R     unmapped_or2           1   3.6     0    17     787    (-,-) 
  g19222/z                    (u)     in_0->z F     unmapped_complex2      1   3.2     0    17     803    (-,-) 
  g19215/z                    (u)     in_1->z R     unmapped_nand2         1   3.6     0    17     820    (-,-) 
  g19207/z                    (u)     in_1->z F     unmapped_nand2         1   3.2     0    17     836    (-,-) 
  g19196/z                    (u)     in_0->z R     unmapped_nand2         1   3.6     0    17     853    (-,-) 
  g19178/z                    (u)     in_1->z F     unmapped_nand2         1   3.2     0    17     870    (-,-) 
  g19164/z                    (u)     in_0->z R     unmapped_nand2         1   3.6     0    17     886    (-,-) 
  g19151/z                    (u)     in_0->z F     unmapped_nand2         1   3.2     0    17     903    (-,-) 
  g19128/z                    (u)     in_0->z R     unmapped_complex2      1   3.6     0    17     919    (-,-) 
  g20772/z                    (u)     in_0->z F     unmapped_complex2      1   3.2     0    17     936    (-,-) 
  g20773/z                    (u)     in_1->z R     unmapped_complex2      1   3.6     0    17     953    (-,-) 
  g20774/z                    (u)     in_1->z F     unmapped_complex2      1   3.2     0    17     969    (-,-) 
  g19124/z                    (u)     in_1->z R     unmapped_complex2      1   3.6     0    17     986    (-,-) 
  g19123/z                    (u)     in_0->z F     unmapped_complex2      1   3.2     0    17    1002    (-,-) 
  g19122/z                    (u)     in_0->z R     unmapped_complex2      1   3.6     0    17    1019    (-,-) 
  g20775/z                    (u)     in_0->z F     unmapped_complex2      1   3.2     0    17    1036    (-,-) 
  g20776/z                    (u)     in_1->z R     unmapped_complex2      1   3.6     0    17    1052    (-,-) 
  g20777/z                    (u)     in_1->z F     unmapped_complex2      1   3.2     0    17    1069    (-,-) 
  g19118/z                    (u)     in_1->z R     unmapped_complex2      1   3.6     0    17    1085    (-,-) 
  g19117/z                    (u)     in_1->z F     unmapped_nand2         1   3.2     0    17    1102    (-,-) 
  g19116/z                    (u)     in_1->z R     unmapped_nand2         1   3.6     0    17    1119    (-,-) 
  g19115/z                    (u)     in_0->z F     unmapped_nand2         1   3.2     0    17    1135    (-,-) 
  g20778/z                    (u)     in_0->z R     unmapped_complex2      4  14.4     0    24    1160    (-,-) 
  g19110/z                    (u)     in_0->z F     unmapped_complex2     50 160.0     0    59    1219    (-,-) 
  g20779/z                    (u)     in_0->z F     unmapped_complex2      1   3.2     0    17    1236    (-,-) 
  g20781/z                    (u)     in_1->z R     unmapped_complex2      1   3.6     0    17    1252    (-,-) 
  larger_mantissa_l_reg[25]/d -       -       R     unmapped_d_flop        1     -     -     0    1252    (-,-) 
#---------------------------------------------------------------------------------------------------------------

(u) : Net has unmapped pin(s).

Capture clock path:
#------------------------------------------------------------------------------------------------------------
#         Timing Point          Flags   Arc   Edge      Cell        Fanout Load Trans Delay Arrival Instance 
#                                                                          (fF)  (ps)  (ps)   (ps)  Location 
#------------------------------------------------------------------------------------------------------------
  clk                           (i,u)   -     R     (arrival)          100  0.0     0     0    1562    (-,-) 
  larger_mantissa_l_reg[25]/clk <<<     -     R     unmapped_d_flop    100    -     1     0    1562    (-,-) 
#------------------------------------------------------------------------------------------------------------



Path 74: MET (291 ps) Setup Check with Pin fp_out_reg[29]/clk->d
           View: view_1p2_25
          Group: clock1
     Startpoint: (R) signs_differ_l_reg/clk
          Clock: (R) clock1
       Endpoint: (R) fp_out_reg[29]/d
          Clock: (R) clock1

                     Capture       Launch     
        Clock Edge:+    1562            0     
       Src Latency:+       0            0     
       Net Latency:+       0 (I)        0 (I) 
           Arrival:=    1562            0     
                                              
             Setup:-      38                  
       Uncertainty:-       0                  
     Required Time:=    1525                  
      Launch Clock:-       0                  
         Data Path:-    1233                  
             Slack:=     291                  

Launch clock path:
#-----------------------------------------------------------------------------------------------------
#     Timing Point       Flags   Arc   Edge      Cell        Fanout Load Trans Delay Arrival Instance 
#                                                                   (fF)  (ps)  (ps)   (ps)  Location 
#-----------------------------------------------------------------------------------------------------
  clk                    (i,u)   -     R     (arrival)          100  0.0     0     0       0    (-,-) 
  signs_differ_l_reg/clk <<<     -     R     unmapped_d_flop    100    -     1     0       0    (-,-) 
#-----------------------------------------------------------------------------------------------------

#-----------------------------------------------------------------------------------------------------------------
#         Timing Point          Flags    Arc    Edge       Cell         Fanout  Load Trans Delay Arrival Instance 
#                                                                               (fF)  (ps)  (ps)   (ps)  Location 
#-----------------------------------------------------------------------------------------------------------------
  signs_differ_l_reg/clk        -       -       R     (arrival)            100     -     1     0       0    (-,-) 
  signs_differ_l_reg/q          (u)     clk->q  F     unmapped_d_flop       97 310.4     0   164     164    (-,-) 
  g10193/z                      (u)     in_0->z R     unmapped_complex2      3  10.8     0    22     186    (-,-) 
  g10454/z                      (u)     in_0->z R     unmapped_or2           1   3.6     0    17     203    (-,-) 
  g10455/z                      (u)     in_1->z F     unmapped_nand2        23  73.6     0    49     252    (-,-) 
  mux_mantissa_sum_238_9_g700/z (u)     in_1->z F     unmapped_or2           3   9.6     0    22     273    (-,-) 
  mux_mantissa_sum_238_9_g676/z (u)     in_1->z R     unmapped_nand2         1   3.6     0    17     290    (-,-) 
  g20860/z                      (u)     in_1->z R     unmapped_or2           1   3.6     0    17     306    (-,-) 
  mux_mantissa_sum_238_9_g575/z (u)     in_1->z F     unmapped_complex2      5  16.0     0    28     334    (-,-) 
  mux_mantissa_sum_238_9_g555/z (u)     in_0->z R     unmapped_complex2      2   7.2     0    19     353    (-,-) 
  mux_mantissa_sum_238_9_g540/z (u)     in_1->z R     unmapped_or2           1   3.6     0    17     370    (-,-) 
  mux_mantissa_sum_238_9_g527/z (u)     in_0->z F     unmapped_complex2     10  32.0     0    38     407    (-,-) 
  mux_mantissa_sum_238_9_g519/z (u)     in_0->z R     unmapped_complex2      1   3.6     0    17     424    (-,-) 
  mux_mantissa_sum_238_9_g511/z (u)     in_0->z F     unmapped_complex2     12  38.4     0    40     464    (-,-) 
  mux_mantissa_sum_238_9_g435/z (u)     in_0->z R     unmapped_complex2      1   3.6     0    17     480    (-,-) 
  mux_mantissa_sum_238_9_g473/z (u)     in_0->z F     unmapped_complex2      2   6.4     0    19     500    (-,-) 
  mux_mantissa_sum_238_9_g468/z (u)     in_0->z F     unmapped_or2           1   3.2     0    17     516    (-,-) 
  mux_mantissa_sum_238_9_g469/z (u)     in_1->z R     unmapped_nand2         5  18.0     0    28     544    (-,-) 
  g11782/z                      (u)     in_0->z R     unmapped_or2           4  14.4     0    24     568    (-,-) 
  g11738/z                      (u)     in_0->z R     unmapped_or2           3  10.8     0    22     590    (-,-) 
  g11718/z                      (u)     in_1->z R     unmapped_or2           3  10.8     0    22     611    (-,-) 
  g11664/z                      (u)     in_1->z R     unmapped_or2           3  10.8     0    22     633    (-,-) 
  g11636/z                      (u)     in_1->z R     unmapped_or2           3  10.8     0    22     655    (-,-) 
  g11524/z                      (u)     in_1->z R     unmapped_or2           3  10.8     0    22     676    (-,-) 
  g11487/z                      (u)     in_1->z R     unmapped_or2           3  10.8     0    22     698    (-,-) 
  g11390/z                      (u)     in_1->z R     unmapped_or2           3  10.8     0    22     719    (-,-) 
  g11297/z                      (u)     in_1->z R     unmapped_or2           3  10.8     0    22     741    (-,-) 
  g11225/z                      (u)     in_1->z R     unmapped_or2           3  10.8     0    22     763    (-,-) 
  g11219/z                      (u)     in_1->z R     unmapped_or2           4  14.4     0    24     787    (-,-) 
  g11163/z                      (u)     in_1->z R     unmapped_or2           2   7.2     0    19     806    (-,-) 
  g11111/z                      (u)     in_1->z R     unmapped_or2           1   3.6     0    17     823    (-,-) 
  g11080/z                      (u)     in_0->z F     unmapped_complex2      2   6.4     0    19     842    (-,-) 
  g11067/z                      (u)     in_0->z R     unmapped_complex2     25  18.0     0    39     881    (-,-) 
  g11034/z                      (u)     in_0->z R     unmapped_complex2      1   3.6     0    17     897    (-,-) 
  g11017/z                      (u)     in_0->z F     unmapped_complex2      5  16.0     0    28     925    (-,-) 
  g11005/z                      (u)     in_1->z R     unmapped_nand2         1   3.6     0    17     942    (-,-) 
  g11003/z                      (u)     in_0->z F     unmapped_complex2      1   3.2     0    17     958    (-,-) 
  g11793/z                      (u)     in_0->z F     unmapped_and2          4  12.8     0    24     983    (-,-) 
  g20597/z                      (u)     in_0->z R     unmapped_complex2      1   3.6     0    17     999    (-,-) 
  g20214/z                      (u)     in_1->z R     unmapped_or2           1   3.6     0    17    1016    (-,-) 
  g20187/z                      (u)     in_0->z R     unmapped_or2           5  18.0     0    28    1043    (-,-) 
  g20700/z                      (u)     in_1->z R     unmapped_complex2      1   3.6     0    17    1060    (-,-) 
  g19436/z                      (u)     in_0->z F     unmapped_nand2         1   3.2     0    17    1077    (-,-) 
  g19427/z                      (u)     in_0->z R     unmapped_nand2         5  18.0     0    28    1104    (-,-) 
  g19271/z                      (u)     in_1->z R     unmapped_or2           3  10.8     0    22    1126    (-,-) 
  g19267/z                      (u)     in_0->z R     unmapped_complex2      4  14.4     0    24    1150    (-,-) 
  g19237/z                      (u)     in_0->z F     unmapped_nand2         1   3.2     0    17    1167    (-,-) 
  g19238/z                      (u)     in_1->z R     unmapped_nand2         1   3.6     0    17    1184    (-,-) 
  g20769/z                      (u)     in_1->z F     unmapped_complex2      1   3.2     0    17    1200    (-,-) 
  g19193/z                      (u)     in_1->z R     unmapped_nand2         1   3.6     0    17    1217    (-,-) 
  g19184/z                      (u)     in_1->z R     unmapped_or2           1   3.6     0    17    1233    (-,-) 
  fp_out_reg[29]/d              -       -       R     unmapped_d_flop        1     -     -     0    1233    (-,-) 
#-----------------------------------------------------------------------------------------------------------------

(u) : Net has unmapped pin(s).

Capture clock path:
#-------------------------------------------------------------------------------------------------
#   Timing Point     Flags   Arc   Edge      Cell        Fanout Load Trans Delay Arrival Instance 
#                                                               (fF)  (ps)  (ps)   (ps)  Location 
#-------------------------------------------------------------------------------------------------
  clk                (i,u)   -     R     (arrival)          100  0.0     0     0    1562    (-,-) 
  fp_out_reg[29]/clk <<<     -     R     unmapped_d_flop    100    -     1     0    1562    (-,-) 
#-------------------------------------------------------------------------------------------------



Path 75: MET (308 ps) Setup Check with Pin fp_out_reg[30]/clk->d
           View: view_1p2_25
          Group: clock1
     Startpoint: (R) signs_differ_l_reg/clk
          Clock: (R) clock1
       Endpoint: (R) fp_out_reg[30]/d
          Clock: (R) clock1

                     Capture       Launch     
        Clock Edge:+    1562            0     
       Src Latency:+       0            0     
       Net Latency:+       0 (I)        0 (I) 
           Arrival:=    1562            0     
                                              
             Setup:-      38                  
       Uncertainty:-       0                  
     Required Time:=    1525                  
      Launch Clock:-       0                  
         Data Path:-    1217                  
             Slack:=     308                  

Launch clock path:
#-----------------------------------------------------------------------------------------------------
#     Timing Point       Flags   Arc   Edge      Cell        Fanout Load Trans Delay Arrival Instance 
#                                                                   (fF)  (ps)  (ps)   (ps)  Location 
#-----------------------------------------------------------------------------------------------------
  clk                    (i,u)   -     R     (arrival)          100  0.0     0     0       0    (-,-) 
  signs_differ_l_reg/clk <<<     -     R     unmapped_d_flop    100    -     1     0       0    (-,-) 
#-----------------------------------------------------------------------------------------------------

#-----------------------------------------------------------------------------------------------------------------
#         Timing Point          Flags    Arc    Edge       Cell         Fanout  Load Trans Delay Arrival Instance 
#                                                                               (fF)  (ps)  (ps)   (ps)  Location 
#-----------------------------------------------------------------------------------------------------------------
  signs_differ_l_reg/clk        -       -       R     (arrival)            100     -     1     0       0    (-,-) 
  signs_differ_l_reg/q          (u)     clk->q  R     unmapped_d_flop       97 349.2     0   164     164    (-,-) 
  g10193/z                      (u)     in_0->z F     unmapped_complex2      3   9.6     0    22     186    (-,-) 
  g10454/z                      (u)     in_0->z F     unmapped_or2           1   3.2     0    17     203    (-,-) 
  g10455/z                      (u)     in_1->z R     unmapped_nand2        23  82.8     0    49     252    (-,-) 
  mux_mantissa_sum_238_9_g700/z (u)     in_1->z R     unmapped_or2           3  10.8     0    22     273    (-,-) 
  mux_mantissa_sum_238_9_g676/z (u)     in_1->z F     unmapped_nand2         1   3.2     0    17     290    (-,-) 
  g20860/z                      (u)     in_1->z F     unmapped_or2           1   3.2     0    17     306    (-,-) 
  mux_mantissa_sum_238_9_g575/z (u)     in_1->z R     unmapped_complex2      5  18.0     0    28     334    (-,-) 
  mux_mantissa_sum_238_9_g555/z (u)     in_0->z F     unmapped_complex2      2   6.4     0    19     353    (-,-) 
  mux_mantissa_sum_238_9_g540/z (u)     in_1->z F     unmapped_or2           1   3.2     0    17     370    (-,-) 
  mux_mantissa_sum_238_9_g527/z (u)     in_0->z R     unmapped_complex2     10  36.0     0    38     407    (-,-) 
  mux_mantissa_sum_238_9_g519/z (u)     in_0->z F     unmapped_complex2      1   3.2     0    17     424    (-,-) 
  mux_mantissa_sum_238_9_g511/z (u)     in_0->z R     unmapped_complex2     12  43.2     0    40     464    (-,-) 
  mux_mantissa_sum_238_9_g435/z (u)     in_0->z F     unmapped_complex2      1   3.2     0    17     480    (-,-) 
  mux_mantissa_sum_238_9_g473/z (u)     in_0->z R     unmapped_complex2      2   7.2     0    19     500    (-,-) 
  mux_mantissa_sum_238_9_g468/z (u)     in_0->z R     unmapped_or2           1   3.6     0    17     516    (-,-) 
  mux_mantissa_sum_238_9_g469/z (u)     in_1->z F     unmapped_nand2         5  16.0     0    28     544    (-,-) 
  g11782/z                      (u)     in_0->z F     unmapped_or2           4  12.8     0    24     568    (-,-) 
  g11738/z                      (u)     in_0->z F     unmapped_or2           3   9.6     0    22     590    (-,-) 
  g11718/z                      (u)     in_1->z F     unmapped_or2           3   9.6     0    22     611    (-,-) 
  g11664/z                      (u)     in_1->z F     unmapped_or2           3   9.6     0    22     633    (-,-) 
  g11636/z                      (u)     in_1->z F     unmapped_or2           3   9.6     0    22     655    (-,-) 
  g11524/z                      (u)     in_1->z F     unmapped_or2           3   9.6     0    22     676    (-,-) 
  g11487/z                      (u)     in_1->z F     unmapped_or2           3   9.6     0    22     698    (-,-) 
  g11390/z                      (u)     in_1->z F     unmapped_or2           3   9.6     0    22     719    (-,-) 
  g11297/z                      (u)     in_1->z F     unmapped_or2           3   9.6     0    22     741    (-,-) 
  g11225/z                      (u)     in_1->z F     unmapped_or2           3   9.6     0    22     763    (-,-) 
  g11219/z                      (u)     in_1->z F     unmapped_or2           4  12.8     0    24     787    (-,-) 
  g11163/z                      (u)     in_1->z F     unmapped_or2           2   6.4     0    19     806    (-,-) 
  g11111/z                      (u)     in_1->z F     unmapped_or2           1   3.2     0    17     823    (-,-) 
  g11080/z                      (u)     in_0->z R     unmapped_complex2      2   7.2     0    19     842    (-,-) 
  g11067/z                      (u)     in_0->z F     unmapped_complex2     25  16.0     0    39     881    (-,-) 
  g11034/z                      (u)     in_0->z F     unmapped_complex2      1   3.2     0    17     897    (-,-) 
  g11017/z                      (u)     in_0->z R     unmapped_complex2      5  18.0     0    28     925    (-,-) 
  g11005/z                      (u)     in_1->z F     unmapped_nand2         1   3.2     0    17     942    (-,-) 
  g11003/z                      (u)     in_0->z R     unmapped_complex2      1   3.6     0    17     958    (-,-) 
  g11793/z                      (u)     in_0->z R     unmapped_and2          4  14.4     0    24     983    (-,-) 
  g20597/z                      (u)     in_0->z F     unmapped_complex2      1   3.2     0    17     999    (-,-) 
  g20214/z                      (u)     in_1->z F     unmapped_or2           1   3.2     0    17    1016    (-,-) 
  g20187/z                      (u)     in_0->z F     unmapped_or2           5  16.0     0    28    1043    (-,-) 
  g20700/z                      (u)     in_1->z F     unmapped_complex2      1   3.2     0    17    1060    (-,-) 
  g19436/z                      (u)     in_0->z R     unmapped_nand2         1   3.6     0    17    1077    (-,-) 
  g19427/z                      (u)     in_0->z F     unmapped_nand2         5  16.0     0    28    1104    (-,-) 
  g19271/z                      (u)     in_1->z F     unmapped_or2           3   9.6     0    22    1126    (-,-) 
  g19267/z                      (u)     in_0->z F     unmapped_complex2      4  12.8     0    24    1150    (-,-) 
  g20756/z                      (u)     in_1->z F     unmapped_complex2      1   3.2     0    17    1167    (-,-) 
  g20762/z                      (u)     in_1->z R     unmapped_nand2         1   3.6     0    17    1184    (-,-) 
  g20770/z                      (u)     in_1->z F     unmapped_complex2      1   3.2     0    17    1200    (-,-) 
  g20771/z                      (u)     in_1->z R     unmapped_complex2      1   3.6     0    17    1217    (-,-) 
  fp_out_reg[30]/d              -       -       R     unmapped_d_flop        1     -     -     0    1217    (-,-) 
#-----------------------------------------------------------------------------------------------------------------

(u) : Net has unmapped pin(s).

Capture clock path:
#-------------------------------------------------------------------------------------------------
#   Timing Point     Flags   Arc   Edge      Cell        Fanout Load Trans Delay Arrival Instance 
#                                                               (fF)  (ps)  (ps)   (ps)  Location 
#-------------------------------------------------------------------------------------------------
  clk                (i,u)   -     R     (arrival)          100  0.0     0     0    1562    (-,-) 
  fp_out_reg[30]/clk <<<     -     R     unmapped_d_flop    100    -     1     0    1562    (-,-) 
#-------------------------------------------------------------------------------------------------



Path 76: MET (308 ps) Setup Check with Pin fp_out_reg[28]/clk->d
           View: view_1p2_25
          Group: clock1
     Startpoint: (R) signs_differ_l_reg/clk
          Clock: (R) clock1
       Endpoint: (R) fp_out_reg[28]/d
          Clock: (R) clock1

                     Capture       Launch     
        Clock Edge:+    1562            0     
       Src Latency:+       0            0     
       Net Latency:+       0 (I)        0 (I) 
           Arrival:=    1562            0     
                                              
             Setup:-      38                  
       Uncertainty:-       0                  
     Required Time:=    1525                  
      Launch Clock:-       0                  
         Data Path:-    1217                  
             Slack:=     308                  

Launch clock path:
#-----------------------------------------------------------------------------------------------------
#     Timing Point       Flags   Arc   Edge      Cell        Fanout Load Trans Delay Arrival Instance 
#                                                                   (fF)  (ps)  (ps)   (ps)  Location 
#-----------------------------------------------------------------------------------------------------
  clk                    (i,u)   -     R     (arrival)          100  0.0     0     0       0    (-,-) 
  signs_differ_l_reg/clk <<<     -     R     unmapped_d_flop    100    -     1     0       0    (-,-) 
#-----------------------------------------------------------------------------------------------------

#-----------------------------------------------------------------------------------------------------------------
#         Timing Point          Flags    Arc    Edge       Cell         Fanout  Load Trans Delay Arrival Instance 
#                                                                               (fF)  (ps)  (ps)   (ps)  Location 
#-----------------------------------------------------------------------------------------------------------------
  signs_differ_l_reg/clk        -       -       R     (arrival)            100     -     1     0       0    (-,-) 
  signs_differ_l_reg/q          (u)     clk->q  F     unmapped_d_flop       97 310.4     0   164     164    (-,-) 
  g10193/z                      (u)     in_0->z R     unmapped_complex2      3  10.8     0    22     186    (-,-) 
  g10454/z                      (u)     in_0->z R     unmapped_or2           1   3.6     0    17     203    (-,-) 
  g10455/z                      (u)     in_1->z F     unmapped_nand2        23  73.6     0    49     252    (-,-) 
  mux_mantissa_sum_238_9_g700/z (u)     in_1->z F     unmapped_or2           3   9.6     0    22     273    (-,-) 
  mux_mantissa_sum_238_9_g676/z (u)     in_1->z R     unmapped_nand2         1   3.6     0    17     290    (-,-) 
  g20860/z                      (u)     in_1->z R     unmapped_or2           1   3.6     0    17     306    (-,-) 
  mux_mantissa_sum_238_9_g575/z (u)     in_1->z F     unmapped_complex2      5  16.0     0    28     334    (-,-) 
  mux_mantissa_sum_238_9_g555/z (u)     in_0->z R     unmapped_complex2      2   7.2     0    19     353    (-,-) 
  mux_mantissa_sum_238_9_g540/z (u)     in_1->z R     unmapped_or2           1   3.6     0    17     370    (-,-) 
  mux_mantissa_sum_238_9_g527/z (u)     in_0->z F     unmapped_complex2     10  32.0     0    38     407    (-,-) 
  mux_mantissa_sum_238_9_g519/z (u)     in_0->z R     unmapped_complex2      1   3.6     0    17     424    (-,-) 
  mux_mantissa_sum_238_9_g511/z (u)     in_0->z F     unmapped_complex2     12  38.4     0    40     464    (-,-) 
  mux_mantissa_sum_238_9_g435/z (u)     in_0->z R     unmapped_complex2      1   3.6     0    17     480    (-,-) 
  mux_mantissa_sum_238_9_g473/z (u)     in_0->z F     unmapped_complex2      2   6.4     0    19     500    (-,-) 
  mux_mantissa_sum_238_9_g468/z (u)     in_0->z F     unmapped_or2           1   3.2     0    17     516    (-,-) 
  mux_mantissa_sum_238_9_g469/z (u)     in_1->z R     unmapped_nand2         5  18.0     0    28     544    (-,-) 
  g11782/z                      (u)     in_0->z R     unmapped_or2           4  14.4     0    24     568    (-,-) 
  g11738/z                      (u)     in_0->z R     unmapped_or2           3  10.8     0    22     590    (-,-) 
  g11718/z                      (u)     in_1->z R     unmapped_or2           3  10.8     0    22     611    (-,-) 
  g11664/z                      (u)     in_1->z R     unmapped_or2           3  10.8     0    22     633    (-,-) 
  g11636/z                      (u)     in_1->z R     unmapped_or2           3  10.8     0    22     655    (-,-) 
  g11524/z                      (u)     in_1->z R     unmapped_or2           3  10.8     0    22     676    (-,-) 
  g11487/z                      (u)     in_1->z R     unmapped_or2           3  10.8     0    22     698    (-,-) 
  g11390/z                      (u)     in_1->z R     unmapped_or2           3  10.8     0    22     719    (-,-) 
  g11297/z                      (u)     in_1->z R     unmapped_or2           3  10.8     0    22     741    (-,-) 
  g11225/z                      (u)     in_1->z R     unmapped_or2           3  10.8     0    22     763    (-,-) 
  g11219/z                      (u)     in_1->z R     unmapped_or2           4  14.4     0    24     787    (-,-) 
  g11163/z                      (u)     in_1->z R     unmapped_or2           2   7.2     0    19     806    (-,-) 
  g11111/z                      (u)     in_1->z R     unmapped_or2           1   3.6     0    17     823    (-,-) 
  g11080/z                      (u)     in_0->z F     unmapped_complex2      2   6.4     0    19     842    (-,-) 
  g11067/z                      (u)     in_0->z R     unmapped_complex2     25  18.0     0    39     881    (-,-) 
  g11034/z                      (u)     in_0->z R     unmapped_complex2      1   3.6     0    17     897    (-,-) 
  g11017/z                      (u)     in_0->z F     unmapped_complex2      5  16.0     0    28     925    (-,-) 
  g11005/z                      (u)     in_1->z R     unmapped_nand2         1   3.6     0    17     942    (-,-) 
  g11003/z                      (u)     in_0->z F     unmapped_complex2      1   3.2     0    17     958    (-,-) 
  g11793/z                      (u)     in_0->z F     unmapped_and2          4  12.8     0    24     983    (-,-) 
  g20597/z                      (u)     in_0->z R     unmapped_complex2      1   3.6     0    17     999    (-,-) 
  g20214/z                      (u)     in_1->z R     unmapped_or2           1   3.6     0    17    1016    (-,-) 
  g20187/z                      (u)     in_0->z R     unmapped_or2           5  18.0     0    28    1043    (-,-) 
  g20700/z                      (u)     in_1->z R     unmapped_complex2      1   3.6     0    17    1060    (-,-) 
  g19436/z                      (u)     in_0->z F     unmapped_nand2         1   3.2     0    17    1077    (-,-) 
  g19427/z                      (u)     in_0->z R     unmapped_nand2         5  18.0     0    28    1104    (-,-) 
  g19271/z                      (u)     in_1->z R     unmapped_or2           3  10.8     0    22    1126    (-,-) 
  g19267/z                      (u)     in_0->z R     unmapped_complex2      4  14.4     0    24    1150    (-,-) 
  g19230/z                      (u)     in_0->z F     unmapped_nand2         1   3.2     0    17    1167    (-,-) 
  g19199/z                      (u)     in_0->z F     unmapped_or2           1   3.2     0    17    1184    (-,-) 
  g19192/z                      (u)     in_1->z R     unmapped_nand2         1   3.6     0    17    1200    (-,-) 
  g19181/z                      (u)     in_1->z R     unmapped_or2           1   3.6     0    17    1217    (-,-) 
  fp_out_reg[28]/d              -       -       R     unmapped_d_flop        1     -     -     0    1217    (-,-) 
#-----------------------------------------------------------------------------------------------------------------

(u) : Net has unmapped pin(s).

Capture clock path:
#-------------------------------------------------------------------------------------------------
#   Timing Point     Flags   Arc   Edge      Cell        Fanout Load Trans Delay Arrival Instance 
#                                                               (fF)  (ps)  (ps)   (ps)  Location 
#-------------------------------------------------------------------------------------------------
  clk                (i,u)   -     R     (arrival)          100  0.0     0     0    1562    (-,-) 
  fp_out_reg[28]/clk <<<     -     R     unmapped_d_flop    100    -     1     0    1562    (-,-) 
#-------------------------------------------------------------------------------------------------



Path 77: MET (313 ps) Setup Check with Pin fp_out_reg[27]/clk->d
           View: view_1p2_25
          Group: clock1
     Startpoint: (R) signs_differ_l_reg/clk
          Clock: (R) clock1
       Endpoint: (R) fp_out_reg[27]/d
          Clock: (R) clock1

                     Capture       Launch     
        Clock Edge:+    1562            0     
       Src Latency:+       0            0     
       Net Latency:+       0 (I)        0 (I) 
           Arrival:=    1562            0     
                                              
             Setup:-      38                  
       Uncertainty:-       0                  
     Required Time:=    1525                  
      Launch Clock:-       0                  
         Data Path:-    1211                  
             Slack:=     313                  

Launch clock path:
#-----------------------------------------------------------------------------------------------------
#     Timing Point       Flags   Arc   Edge      Cell        Fanout Load Trans Delay Arrival Instance 
#                                                                   (fF)  (ps)  (ps)   (ps)  Location 
#-----------------------------------------------------------------------------------------------------
  clk                    (i,u)   -     R     (arrival)          100  0.0     0     0       0    (-,-) 
  signs_differ_l_reg/clk <<<     -     R     unmapped_d_flop    100    -     1     0       0    (-,-) 
#-----------------------------------------------------------------------------------------------------

#-----------------------------------------------------------------------------------------------------------------
#         Timing Point          Flags    Arc    Edge       Cell         Fanout  Load Trans Delay Arrival Instance 
#                                                                               (fF)  (ps)  (ps)   (ps)  Location 
#-----------------------------------------------------------------------------------------------------------------
  signs_differ_l_reg/clk        -       -       R     (arrival)            100     -     1     0       0    (-,-) 
  signs_differ_l_reg/q          (u)     clk->q  R     unmapped_d_flop       97 349.2     0   164     164    (-,-) 
  g10193/z                      (u)     in_0->z F     unmapped_complex2      3   9.6     0    22     186    (-,-) 
  g10454/z                      (u)     in_0->z F     unmapped_or2           1   3.2     0    17     203    (-,-) 
  g10455/z                      (u)     in_1->z R     unmapped_nand2        23  82.8     0    49     252    (-,-) 
  mux_mantissa_sum_238_9_g700/z (u)     in_1->z R     unmapped_or2           3  10.8     0    22     273    (-,-) 
  mux_mantissa_sum_238_9_g676/z (u)     in_1->z F     unmapped_nand2         1   3.2     0    17     290    (-,-) 
  g20860/z                      (u)     in_1->z F     unmapped_or2           1   3.2     0    17     306    (-,-) 
  mux_mantissa_sum_238_9_g575/z (u)     in_1->z R     unmapped_complex2      5  18.0     0    28     334    (-,-) 
  mux_mantissa_sum_238_9_g555/z (u)     in_0->z F     unmapped_complex2      2   6.4     0    19     353    (-,-) 
  mux_mantissa_sum_238_9_g540/z (u)     in_1->z F     unmapped_or2           1   3.2     0    17     370    (-,-) 
  mux_mantissa_sum_238_9_g527/z (u)     in_0->z R     unmapped_complex2     10  36.0     0    38     407    (-,-) 
  mux_mantissa_sum_238_9_g519/z (u)     in_0->z F     unmapped_complex2      1   3.2     0    17     424    (-,-) 
  mux_mantissa_sum_238_9_g511/z (u)     in_0->z R     unmapped_complex2     12  43.2     0    40     464    (-,-) 
  mux_mantissa_sum_238_9_g435/z (u)     in_0->z F     unmapped_complex2      1   3.2     0    17     480    (-,-) 
  mux_mantissa_sum_238_9_g473/z (u)     in_0->z R     unmapped_complex2      2   7.2     0    19     500    (-,-) 
  mux_mantissa_sum_238_9_g468/z (u)     in_0->z R     unmapped_or2           1   3.6     0    17     516    (-,-) 
  mux_mantissa_sum_238_9_g469/z (u)     in_1->z F     unmapped_nand2         5  16.0     0    28     544    (-,-) 
  g11782/z                      (u)     in_0->z F     unmapped_or2           4  12.8     0    24     568    (-,-) 
  g11738/z                      (u)     in_0->z F     unmapped_or2           3   9.6     0    22     590    (-,-) 
  g11718/z                      (u)     in_1->z F     unmapped_or2           3   9.6     0    22     611    (-,-) 
  g11664/z                      (u)     in_1->z F     unmapped_or2           3   9.6     0    22     633    (-,-) 
  g11636/z                      (u)     in_1->z F     unmapped_or2           3   9.6     0    22     655    (-,-) 
  g11524/z                      (u)     in_1->z F     unmapped_or2           3   9.6     0    22     676    (-,-) 
  g11487/z                      (u)     in_1->z F     unmapped_or2           3   9.6     0    22     698    (-,-) 
  g11390/z                      (u)     in_1->z F     unmapped_or2           3   9.6     0    22     719    (-,-) 
  g11297/z                      (u)     in_1->z F     unmapped_or2           3   9.6     0    22     741    (-,-) 
  g11225/z                      (u)     in_1->z F     unmapped_or2           3   9.6     0    22     763    (-,-) 
  g11219/z                      (u)     in_1->z F     unmapped_or2           4  12.8     0    24     787    (-,-) 
  g11163/z                      (u)     in_1->z F     unmapped_or2           2   6.4     0    19     806    (-,-) 
  g11111/z                      (u)     in_1->z F     unmapped_or2           1   3.2     0    17     823    (-,-) 
  g11080/z                      (u)     in_0->z R     unmapped_complex2      2   7.2     0    19     842    (-,-) 
  g11067/z                      (u)     in_0->z F     unmapped_complex2     25  16.0     0    39     881    (-,-) 
  g11034/z                      (u)     in_0->z F     unmapped_complex2      1   3.2     0    17     897    (-,-) 
  g11017/z                      (u)     in_0->z R     unmapped_complex2      5  18.0     0    28     925    (-,-) 
  g11005/z                      (u)     in_1->z F     unmapped_nand2         1   3.2     0    17     942    (-,-) 
  g11003/z                      (u)     in_0->z R     unmapped_complex2      1   3.6     0    17     958    (-,-) 
  g11793/z                      (u)     in_0->z R     unmapped_and2          4  14.4     0    24     983    (-,-) 
  g20597/z                      (u)     in_0->z F     unmapped_complex2      1   3.2     0    17     999    (-,-) 
  g20214/z                      (u)     in_1->z F     unmapped_or2           1   3.2     0    17    1016    (-,-) 
  g20187/z                      (u)     in_0->z F     unmapped_or2           5  16.0     0    28    1043    (-,-) 
  g19430/z                      (u)     in_0->z F     unmapped_complex2      1   3.2     0    17    1060    (-,-) 
  g19420/z                      (u)     in_1->z R     unmapped_nand2         1   3.6     0    17    1077    (-,-) 
  g19300/z                      (u)     in_0->z F     unmapped_complex2      1   3.2     0    17    1093    (-,-) 
  g19228/z                      (u)     in_1->z F     unmapped_complex2      1   3.2     0    17    1110    (-,-) 
  g20755/z                      (u)     in_0->z F     unmapped_complex2      1   3.2     0    17    1126    (-,-) 
  g20761/z                      (u)     in_1->z F     unmapped_or2           2   6.4     0    19    1146    (-,-) 
  g19205/z                      (u)     in_1->z F     unmapped_or2           1   3.2     0    17    1162    (-,-) 
  g19190/z                      (u)     in_1->z R     unmapped_nand2         7  25.2     0    33    1195    (-,-) 
  g19183/z                      (u)     in_0->z R     unmapped_or2           1   3.6     0    17    1211    (-,-) 
  fp_out_reg[27]/d              -       -       R     unmapped_d_flop        1     -     -     0    1211    (-,-) 
#-----------------------------------------------------------------------------------------------------------------

(u) : Net has unmapped pin(s).

Capture clock path:
#-------------------------------------------------------------------------------------------------
#   Timing Point     Flags   Arc   Edge      Cell        Fanout Load Trans Delay Arrival Instance 
#                                                               (fF)  (ps)  (ps)   (ps)  Location 
#-------------------------------------------------------------------------------------------------
  clk                (i,u)   -     R     (arrival)          100  0.0     0     0    1562    (-,-) 
  fp_out_reg[27]/clk <<<     -     R     unmapped_d_flop    100    -     1     0    1562    (-,-) 
#-------------------------------------------------------------------------------------------------



Path 78: MET (313 ps) Setup Check with Pin fp_out_reg[26]/clk->d
           View: view_1p2_25
          Group: clock1
     Startpoint: (R) signs_differ_l_reg/clk
          Clock: (R) clock1
       Endpoint: (R) fp_out_reg[26]/d
          Clock: (R) clock1

                     Capture       Launch     
        Clock Edge:+    1562            0     
       Src Latency:+       0            0     
       Net Latency:+       0 (I)        0 (I) 
           Arrival:=    1562            0     
                                              
             Setup:-      38                  
       Uncertainty:-       0                  
     Required Time:=    1525                  
      Launch Clock:-       0                  
         Data Path:-    1211                  
             Slack:=     313                  

Launch clock path:
#-----------------------------------------------------------------------------------------------------
#     Timing Point       Flags   Arc   Edge      Cell        Fanout Load Trans Delay Arrival Instance 
#                                                                   (fF)  (ps)  (ps)   (ps)  Location 
#-----------------------------------------------------------------------------------------------------
  clk                    (i,u)   -     R     (arrival)          100  0.0     0     0       0    (-,-) 
  signs_differ_l_reg/clk <<<     -     R     unmapped_d_flop    100    -     1     0       0    (-,-) 
#-----------------------------------------------------------------------------------------------------

#-----------------------------------------------------------------------------------------------------------------
#         Timing Point          Flags    Arc    Edge       Cell         Fanout  Load Trans Delay Arrival Instance 
#                                                                               (fF)  (ps)  (ps)   (ps)  Location 
#-----------------------------------------------------------------------------------------------------------------
  signs_differ_l_reg/clk        -       -       R     (arrival)            100     -     1     0       0    (-,-) 
  signs_differ_l_reg/q          (u)     clk->q  R     unmapped_d_flop       97 349.2     0   164     164    (-,-) 
  g10193/z                      (u)     in_0->z F     unmapped_complex2      3   9.6     0    22     186    (-,-) 
  g10454/z                      (u)     in_0->z F     unmapped_or2           1   3.2     0    17     203    (-,-) 
  g10455/z                      (u)     in_1->z R     unmapped_nand2        23  82.8     0    49     252    (-,-) 
  mux_mantissa_sum_238_9_g700/z (u)     in_1->z R     unmapped_or2           3  10.8     0    22     273    (-,-) 
  mux_mantissa_sum_238_9_g676/z (u)     in_1->z F     unmapped_nand2         1   3.2     0    17     290    (-,-) 
  g20860/z                      (u)     in_1->z F     unmapped_or2           1   3.2     0    17     306    (-,-) 
  mux_mantissa_sum_238_9_g575/z (u)     in_1->z R     unmapped_complex2      5  18.0     0    28     334    (-,-) 
  mux_mantissa_sum_238_9_g555/z (u)     in_0->z F     unmapped_complex2      2   6.4     0    19     353    (-,-) 
  mux_mantissa_sum_238_9_g540/z (u)     in_1->z F     unmapped_or2           1   3.2     0    17     370    (-,-) 
  mux_mantissa_sum_238_9_g527/z (u)     in_0->z R     unmapped_complex2     10  36.0     0    38     407    (-,-) 
  mux_mantissa_sum_238_9_g519/z (u)     in_0->z F     unmapped_complex2      1   3.2     0    17     424    (-,-) 
  mux_mantissa_sum_238_9_g511/z (u)     in_0->z R     unmapped_complex2     12  43.2     0    40     464    (-,-) 
  mux_mantissa_sum_238_9_g435/z (u)     in_0->z F     unmapped_complex2      1   3.2     0    17     480    (-,-) 
  mux_mantissa_sum_238_9_g473/z (u)     in_0->z R     unmapped_complex2      2   7.2     0    19     500    (-,-) 
  mux_mantissa_sum_238_9_g468/z (u)     in_0->z R     unmapped_or2           1   3.6     0    17     516    (-,-) 
  mux_mantissa_sum_238_9_g469/z (u)     in_1->z F     unmapped_nand2         5  16.0     0    28     544    (-,-) 
  g11782/z                      (u)     in_0->z F     unmapped_or2           4  12.8     0    24     568    (-,-) 
  g11738/z                      (u)     in_0->z F     unmapped_or2           3   9.6     0    22     590    (-,-) 
  g11718/z                      (u)     in_1->z F     unmapped_or2           3   9.6     0    22     611    (-,-) 
  g11664/z                      (u)     in_1->z F     unmapped_or2           3   9.6     0    22     633    (-,-) 
  g11636/z                      (u)     in_1->z F     unmapped_or2           3   9.6     0    22     655    (-,-) 
  g11524/z                      (u)     in_1->z F     unmapped_or2           3   9.6     0    22     676    (-,-) 
  g11487/z                      (u)     in_1->z F     unmapped_or2           3   9.6     0    22     698    (-,-) 
  g11390/z                      (u)     in_1->z F     unmapped_or2           3   9.6     0    22     719    (-,-) 
  g11297/z                      (u)     in_1->z F     unmapped_or2           3   9.6     0    22     741    (-,-) 
  g11225/z                      (u)     in_1->z F     unmapped_or2           3   9.6     0    22     763    (-,-) 
  g11219/z                      (u)     in_1->z F     unmapped_or2           4  12.8     0    24     787    (-,-) 
  g11163/z                      (u)     in_1->z F     unmapped_or2           2   6.4     0    19     806    (-,-) 
  g11111/z                      (u)     in_1->z F     unmapped_or2           1   3.2     0    17     823    (-,-) 
  g11080/z                      (u)     in_0->z R     unmapped_complex2      2   7.2     0    19     842    (-,-) 
  g11067/z                      (u)     in_0->z F     unmapped_complex2     25  16.0     0    39     881    (-,-) 
  g11034/z                      (u)     in_0->z F     unmapped_complex2      1   3.2     0    17     897    (-,-) 
  g11017/z                      (u)     in_0->z R     unmapped_complex2      5  18.0     0    28     925    (-,-) 
  g11005/z                      (u)     in_1->z F     unmapped_nand2         1   3.2     0    17     942    (-,-) 
  g11003/z                      (u)     in_0->z R     unmapped_complex2      1   3.6     0    17     958    (-,-) 
  g11793/z                      (u)     in_0->z R     unmapped_and2          4  14.4     0    24     983    (-,-) 
  g20597/z                      (u)     in_0->z F     unmapped_complex2      1   3.2     0    17     999    (-,-) 
  g20214/z                      (u)     in_1->z F     unmapped_or2           1   3.2     0    17    1016    (-,-) 
  g20187/z                      (u)     in_0->z F     unmapped_or2           5  16.0     0    28    1043    (-,-) 
  g19430/z                      (u)     in_0->z F     unmapped_complex2      1   3.2     0    17    1060    (-,-) 
  g19420/z                      (u)     in_1->z R     unmapped_nand2         1   3.6     0    17    1077    (-,-) 
  g19300/z                      (u)     in_0->z F     unmapped_complex2      1   3.2     0    17    1093    (-,-) 
  g19228/z                      (u)     in_1->z F     unmapped_complex2      1   3.2     0    17    1110    (-,-) 
  g20755/z                      (u)     in_0->z F     unmapped_complex2      1   3.2     0    17    1126    (-,-) 
  g20761/z                      (u)     in_1->z F     unmapped_or2           2   6.4     0    19    1146    (-,-) 
  g19205/z                      (u)     in_1->z F     unmapped_or2           1   3.2     0    17    1162    (-,-) 
  g19190/z                      (u)     in_1->z R     unmapped_nand2         7  25.2     0    33    1195    (-,-) 
  g19180/z                      (u)     in_0->z R     unmapped_or2           1   3.6     0    17    1211    (-,-) 
  fp_out_reg[26]/d              -       -       R     unmapped_d_flop        1     -     -     0    1211    (-,-) 
#-----------------------------------------------------------------------------------------------------------------

(u) : Net has unmapped pin(s).

Capture clock path:
#-------------------------------------------------------------------------------------------------
#   Timing Point     Flags   Arc   Edge      Cell        Fanout Load Trans Delay Arrival Instance 
#                                                               (fF)  (ps)  (ps)   (ps)  Location 
#-------------------------------------------------------------------------------------------------
  clk                (i,u)   -     R     (arrival)          100  0.0     0     0    1562    (-,-) 
  fp_out_reg[26]/clk <<<     -     R     unmapped_d_flop    100    -     1     0    1562    (-,-) 
#-------------------------------------------------------------------------------------------------



Path 79: MET (313 ps) Setup Check with Pin fp_out_reg[25]/clk->d
           View: view_1p2_25
          Group: clock1
     Startpoint: (R) signs_differ_l_reg/clk
          Clock: (R) clock1
       Endpoint: (R) fp_out_reg[25]/d
          Clock: (R) clock1

                     Capture       Launch     
        Clock Edge:+    1562            0     
       Src Latency:+       0            0     
       Net Latency:+       0 (I)        0 (I) 
           Arrival:=    1562            0     
                                              
             Setup:-      38                  
       Uncertainty:-       0                  
     Required Time:=    1525                  
      Launch Clock:-       0                  
         Data Path:-    1211                  
             Slack:=     313                  

Launch clock path:
#-----------------------------------------------------------------------------------------------------
#     Timing Point       Flags   Arc   Edge      Cell        Fanout Load Trans Delay Arrival Instance 
#                                                                   (fF)  (ps)  (ps)   (ps)  Location 
#-----------------------------------------------------------------------------------------------------
  clk                    (i,u)   -     R     (arrival)          100  0.0     0     0       0    (-,-) 
  signs_differ_l_reg/clk <<<     -     R     unmapped_d_flop    100    -     1     0       0    (-,-) 
#-----------------------------------------------------------------------------------------------------

#-----------------------------------------------------------------------------------------------------------------
#         Timing Point          Flags    Arc    Edge       Cell         Fanout  Load Trans Delay Arrival Instance 
#                                                                               (fF)  (ps)  (ps)   (ps)  Location 
#-----------------------------------------------------------------------------------------------------------------
  signs_differ_l_reg/clk        -       -       R     (arrival)            100     -     1     0       0    (-,-) 
  signs_differ_l_reg/q          (u)     clk->q  R     unmapped_d_flop       97 349.2     0   164     164    (-,-) 
  g10193/z                      (u)     in_0->z F     unmapped_complex2      3   9.6     0    22     186    (-,-) 
  g10454/z                      (u)     in_0->z F     unmapped_or2           1   3.2     0    17     203    (-,-) 
  g10455/z                      (u)     in_1->z R     unmapped_nand2        23  82.8     0    49     252    (-,-) 
  mux_mantissa_sum_238_9_g700/z (u)     in_1->z R     unmapped_or2           3  10.8     0    22     273    (-,-) 
  mux_mantissa_sum_238_9_g676/z (u)     in_1->z F     unmapped_nand2         1   3.2     0    17     290    (-,-) 
  g20860/z                      (u)     in_1->z F     unmapped_or2           1   3.2     0    17     306    (-,-) 
  mux_mantissa_sum_238_9_g575/z (u)     in_1->z R     unmapped_complex2      5  18.0     0    28     334    (-,-) 
  mux_mantissa_sum_238_9_g555/z (u)     in_0->z F     unmapped_complex2      2   6.4     0    19     353    (-,-) 
  mux_mantissa_sum_238_9_g540/z (u)     in_1->z F     unmapped_or2           1   3.2     0    17     370    (-,-) 
  mux_mantissa_sum_238_9_g527/z (u)     in_0->z R     unmapped_complex2     10  36.0     0    38     407    (-,-) 
  mux_mantissa_sum_238_9_g519/z (u)     in_0->z F     unmapped_complex2      1   3.2     0    17     424    (-,-) 
  mux_mantissa_sum_238_9_g511/z (u)     in_0->z R     unmapped_complex2     12  43.2     0    40     464    (-,-) 
  mux_mantissa_sum_238_9_g435/z (u)     in_0->z F     unmapped_complex2      1   3.2     0    17     480    (-,-) 
  mux_mantissa_sum_238_9_g473/z (u)     in_0->z R     unmapped_complex2      2   7.2     0    19     500    (-,-) 
  mux_mantissa_sum_238_9_g468/z (u)     in_0->z R     unmapped_or2           1   3.6     0    17     516    (-,-) 
  mux_mantissa_sum_238_9_g469/z (u)     in_1->z F     unmapped_nand2         5  16.0     0    28     544    (-,-) 
  g11782/z                      (u)     in_0->z F     unmapped_or2           4  12.8     0    24     568    (-,-) 
  g11738/z                      (u)     in_0->z F     unmapped_or2           3   9.6     0    22     590    (-,-) 
  g11718/z                      (u)     in_1->z F     unmapped_or2           3   9.6     0    22     611    (-,-) 
  g11664/z                      (u)     in_1->z F     unmapped_or2           3   9.6     0    22     633    (-,-) 
  g11636/z                      (u)     in_1->z F     unmapped_or2           3   9.6     0    22     655    (-,-) 
  g11524/z                      (u)     in_1->z F     unmapped_or2           3   9.6     0    22     676    (-,-) 
  g11487/z                      (u)     in_1->z F     unmapped_or2           3   9.6     0    22     698    (-,-) 
  g11390/z                      (u)     in_1->z F     unmapped_or2           3   9.6     0    22     719    (-,-) 
  g11297/z                      (u)     in_1->z F     unmapped_or2           3   9.6     0    22     741    (-,-) 
  g11225/z                      (u)     in_1->z F     unmapped_or2           3   9.6     0    22     763    (-,-) 
  g11219/z                      (u)     in_1->z F     unmapped_or2           4  12.8     0    24     787    (-,-) 
  g11163/z                      (u)     in_1->z F     unmapped_or2           2   6.4     0    19     806    (-,-) 
  g11111/z                      (u)     in_1->z F     unmapped_or2           1   3.2     0    17     823    (-,-) 
  g11080/z                      (u)     in_0->z R     unmapped_complex2      2   7.2     0    19     842    (-,-) 
  g11067/z                      (u)     in_0->z F     unmapped_complex2     25  16.0     0    39     881    (-,-) 
  g11034/z                      (u)     in_0->z F     unmapped_complex2      1   3.2     0    17     897    (-,-) 
  g11017/z                      (u)     in_0->z R     unmapped_complex2      5  18.0     0    28     925    (-,-) 
  g11005/z                      (u)     in_1->z F     unmapped_nand2         1   3.2     0    17     942    (-,-) 
  g11003/z                      (u)     in_0->z R     unmapped_complex2      1   3.6     0    17     958    (-,-) 
  g11793/z                      (u)     in_0->z R     unmapped_and2          4  14.4     0    24     983    (-,-) 
  g20597/z                      (u)     in_0->z F     unmapped_complex2      1   3.2     0    17     999    (-,-) 
  g20214/z                      (u)     in_1->z F     unmapped_or2           1   3.2     0    17    1016    (-,-) 
  g20187/z                      (u)     in_0->z F     unmapped_or2           5  16.0     0    28    1043    (-,-) 
  g19430/z                      (u)     in_0->z F     unmapped_complex2      1   3.2     0    17    1060    (-,-) 
  g19420/z                      (u)     in_1->z R     unmapped_nand2         1   3.6     0    17    1077    (-,-) 
  g19300/z                      (u)     in_0->z F     unmapped_complex2      1   3.2     0    17    1093    (-,-) 
  g19228/z                      (u)     in_1->z F     unmapped_complex2      1   3.2     0    17    1110    (-,-) 
  g20755/z                      (u)     in_0->z F     unmapped_complex2      1   3.2     0    17    1126    (-,-) 
  g20761/z                      (u)     in_1->z F     unmapped_or2           2   6.4     0    19    1146    (-,-) 
  g19205/z                      (u)     in_1->z F     unmapped_or2           1   3.2     0    17    1162    (-,-) 
  g19190/z                      (u)     in_1->z R     unmapped_nand2         7  25.2     0    33    1195    (-,-) 
  g19182/z                      (u)     in_0->z R     unmapped_or2           1   3.6     0    17    1211    (-,-) 
  fp_out_reg[25]/d              -       -       R     unmapped_d_flop        1     -     -     0    1211    (-,-) 
#-----------------------------------------------------------------------------------------------------------------

(u) : Net has unmapped pin(s).

Capture clock path:
#-------------------------------------------------------------------------------------------------
#   Timing Point     Flags   Arc   Edge      Cell        Fanout Load Trans Delay Arrival Instance 
#                                                               (fF)  (ps)  (ps)   (ps)  Location 
#-------------------------------------------------------------------------------------------------
  clk                (i,u)   -     R     (arrival)          100  0.0     0     0    1562    (-,-) 
  fp_out_reg[25]/clk <<<     -     R     unmapped_d_flop    100    -     1     0    1562    (-,-) 
#-------------------------------------------------------------------------------------------------



Path 80: MET (313 ps) Setup Check with Pin fp_out_reg[24]/clk->d
           View: view_1p2_25
          Group: clock1
     Startpoint: (R) signs_differ_l_reg/clk
          Clock: (R) clock1
       Endpoint: (R) fp_out_reg[24]/d
          Clock: (R) clock1

                     Capture       Launch     
        Clock Edge:+    1562            0     
       Src Latency:+       0            0     
       Net Latency:+       0 (I)        0 (I) 
           Arrival:=    1562            0     
                                              
             Setup:-      38                  
       Uncertainty:-       0                  
     Required Time:=    1525                  
      Launch Clock:-       0                  
         Data Path:-    1211                  
             Slack:=     313                  

Launch clock path:
#-----------------------------------------------------------------------------------------------------
#     Timing Point       Flags   Arc   Edge      Cell        Fanout Load Trans Delay Arrival Instance 
#                                                                   (fF)  (ps)  (ps)   (ps)  Location 
#-----------------------------------------------------------------------------------------------------
  clk                    (i,u)   -     R     (arrival)          100  0.0     0     0       0    (-,-) 
  signs_differ_l_reg/clk <<<     -     R     unmapped_d_flop    100    -     1     0       0    (-,-) 
#-----------------------------------------------------------------------------------------------------

#-----------------------------------------------------------------------------------------------------------------
#         Timing Point          Flags    Arc    Edge       Cell         Fanout  Load Trans Delay Arrival Instance 
#                                                                               (fF)  (ps)  (ps)   (ps)  Location 
#-----------------------------------------------------------------------------------------------------------------
  signs_differ_l_reg/clk        -       -       R     (arrival)            100     -     1     0       0    (-,-) 
  signs_differ_l_reg/q          (u)     clk->q  R     unmapped_d_flop       97 349.2     0   164     164    (-,-) 
  g10193/z                      (u)     in_0->z F     unmapped_complex2      3   9.6     0    22     186    (-,-) 
  g10454/z                      (u)     in_0->z F     unmapped_or2           1   3.2     0    17     203    (-,-) 
  g10455/z                      (u)     in_1->z R     unmapped_nand2        23  82.8     0    49     252    (-,-) 
  mux_mantissa_sum_238_9_g700/z (u)     in_1->z R     unmapped_or2           3  10.8     0    22     273    (-,-) 
  mux_mantissa_sum_238_9_g676/z (u)     in_1->z F     unmapped_nand2         1   3.2     0    17     290    (-,-) 
  g20860/z                      (u)     in_1->z F     unmapped_or2           1   3.2     0    17     306    (-,-) 
  mux_mantissa_sum_238_9_g575/z (u)     in_1->z R     unmapped_complex2      5  18.0     0    28     334    (-,-) 
  mux_mantissa_sum_238_9_g555/z (u)     in_0->z F     unmapped_complex2      2   6.4     0    19     353    (-,-) 
  mux_mantissa_sum_238_9_g540/z (u)     in_1->z F     unmapped_or2           1   3.2     0    17     370    (-,-) 
  mux_mantissa_sum_238_9_g527/z (u)     in_0->z R     unmapped_complex2     10  36.0     0    38     407    (-,-) 
  mux_mantissa_sum_238_9_g519/z (u)     in_0->z F     unmapped_complex2      1   3.2     0    17     424    (-,-) 
  mux_mantissa_sum_238_9_g511/z (u)     in_0->z R     unmapped_complex2     12  43.2     0    40     464    (-,-) 
  mux_mantissa_sum_238_9_g435/z (u)     in_0->z F     unmapped_complex2      1   3.2     0    17     480    (-,-) 
  mux_mantissa_sum_238_9_g473/z (u)     in_0->z R     unmapped_complex2      2   7.2     0    19     500    (-,-) 
  mux_mantissa_sum_238_9_g468/z (u)     in_0->z R     unmapped_or2           1   3.6     0    17     516    (-,-) 
  mux_mantissa_sum_238_9_g469/z (u)     in_1->z F     unmapped_nand2         5  16.0     0    28     544    (-,-) 
  g11782/z                      (u)     in_0->z F     unmapped_or2           4  12.8     0    24     568    (-,-) 
  g11738/z                      (u)     in_0->z F     unmapped_or2           3   9.6     0    22     590    (-,-) 
  g11718/z                      (u)     in_1->z F     unmapped_or2           3   9.6     0    22     611    (-,-) 
  g11664/z                      (u)     in_1->z F     unmapped_or2           3   9.6     0    22     633    (-,-) 
  g11636/z                      (u)     in_1->z F     unmapped_or2           3   9.6     0    22     655    (-,-) 
  g11524/z                      (u)     in_1->z F     unmapped_or2           3   9.6     0    22     676    (-,-) 
  g11487/z                      (u)     in_1->z F     unmapped_or2           3   9.6     0    22     698    (-,-) 
  g11390/z                      (u)     in_1->z F     unmapped_or2           3   9.6     0    22     719    (-,-) 
  g11297/z                      (u)     in_1->z F     unmapped_or2           3   9.6     0    22     741    (-,-) 
  g11225/z                      (u)     in_1->z F     unmapped_or2           3   9.6     0    22     763    (-,-) 
  g11219/z                      (u)     in_1->z F     unmapped_or2           4  12.8     0    24     787    (-,-) 
  g11163/z                      (u)     in_1->z F     unmapped_or2           2   6.4     0    19     806    (-,-) 
  g11111/z                      (u)     in_1->z F     unmapped_or2           1   3.2     0    17     823    (-,-) 
  g11080/z                      (u)     in_0->z R     unmapped_complex2      2   7.2     0    19     842    (-,-) 
  g11067/z                      (u)     in_0->z F     unmapped_complex2     25  16.0     0    39     881    (-,-) 
  g11034/z                      (u)     in_0->z F     unmapped_complex2      1   3.2     0    17     897    (-,-) 
  g11017/z                      (u)     in_0->z R     unmapped_complex2      5  18.0     0    28     925    (-,-) 
  g11005/z                      (u)     in_1->z F     unmapped_nand2         1   3.2     0    17     942    (-,-) 
  g11003/z                      (u)     in_0->z R     unmapped_complex2      1   3.6     0    17     958    (-,-) 
  g11793/z                      (u)     in_0->z R     unmapped_and2          4  14.4     0    24     983    (-,-) 
  g20597/z                      (u)     in_0->z F     unmapped_complex2      1   3.2     0    17     999    (-,-) 
  g20214/z                      (u)     in_1->z F     unmapped_or2           1   3.2     0    17    1016    (-,-) 
  g20187/z                      (u)     in_0->z F     unmapped_or2           5  16.0     0    28    1043    (-,-) 
  g19430/z                      (u)     in_0->z F     unmapped_complex2      1   3.2     0    17    1060    (-,-) 
  g19420/z                      (u)     in_1->z R     unmapped_nand2         1   3.6     0    17    1077    (-,-) 
  g19300/z                      (u)     in_0->z F     unmapped_complex2      1   3.2     0    17    1093    (-,-) 
  g19228/z                      (u)     in_1->z F     unmapped_complex2      1   3.2     0    17    1110    (-,-) 
  g20755/z                      (u)     in_0->z F     unmapped_complex2      1   3.2     0    17    1126    (-,-) 
  g20761/z                      (u)     in_1->z F     unmapped_or2           2   6.4     0    19    1146    (-,-) 
  g19205/z                      (u)     in_1->z F     unmapped_or2           1   3.2     0    17    1162    (-,-) 
  g19190/z                      (u)     in_1->z R     unmapped_nand2         7  25.2     0    33    1195    (-,-) 
  g19177/z                      (u)     in_0->z R     unmapped_or2           1   3.6     0    17    1211    (-,-) 
  fp_out_reg[24]/d              -       -       R     unmapped_d_flop        1     -     -     0    1211    (-,-) 
#-----------------------------------------------------------------------------------------------------------------

(u) : Net has unmapped pin(s).

Capture clock path:
#-------------------------------------------------------------------------------------------------
#   Timing Point     Flags   Arc   Edge      Cell        Fanout Load Trans Delay Arrival Instance 
#                                                               (fF)  (ps)  (ps)   (ps)  Location 
#-------------------------------------------------------------------------------------------------
  clk                (i,u)   -     R     (arrival)          100  0.0     0     0    1562    (-,-) 
  fp_out_reg[24]/clk <<<     -     R     unmapped_d_flop    100    -     1     0    1562    (-,-) 
#-------------------------------------------------------------------------------------------------



Path 81: MET (313 ps) Setup Check with Pin fp_out_reg[23]/clk->d
           View: view_1p2_25
          Group: clock1
     Startpoint: (R) signs_differ_l_reg/clk
          Clock: (R) clock1
       Endpoint: (R) fp_out_reg[23]/d
          Clock: (R) clock1

                     Capture       Launch     
        Clock Edge:+    1562            0     
       Src Latency:+       0            0     
       Net Latency:+       0 (I)        0 (I) 
           Arrival:=    1562            0     
                                              
             Setup:-      38                  
       Uncertainty:-       0                  
     Required Time:=    1525                  
      Launch Clock:-       0                  
         Data Path:-    1211                  
             Slack:=     313                  

Launch clock path:
#-----------------------------------------------------------------------------------------------------
#     Timing Point       Flags   Arc   Edge      Cell        Fanout Load Trans Delay Arrival Instance 
#                                                                   (fF)  (ps)  (ps)   (ps)  Location 
#-----------------------------------------------------------------------------------------------------
  clk                    (i,u)   -     R     (arrival)          100  0.0     0     0       0    (-,-) 
  signs_differ_l_reg/clk <<<     -     R     unmapped_d_flop    100    -     1     0       0    (-,-) 
#-----------------------------------------------------------------------------------------------------

#-----------------------------------------------------------------------------------------------------------------
#         Timing Point          Flags    Arc    Edge       Cell         Fanout  Load Trans Delay Arrival Instance 
#                                                                               (fF)  (ps)  (ps)   (ps)  Location 
#-----------------------------------------------------------------------------------------------------------------
  signs_differ_l_reg/clk        -       -       R     (arrival)            100     -     1     0       0    (-,-) 
  signs_differ_l_reg/q          (u)     clk->q  R     unmapped_d_flop       97 349.2     0   164     164    (-,-) 
  g10193/z                      (u)     in_0->z F     unmapped_complex2      3   9.6     0    22     186    (-,-) 
  g10454/z                      (u)     in_0->z F     unmapped_or2           1   3.2     0    17     203    (-,-) 
  g10455/z                      (u)     in_1->z R     unmapped_nand2        23  82.8     0    49     252    (-,-) 
  mux_mantissa_sum_238_9_g700/z (u)     in_1->z R     unmapped_or2           3  10.8     0    22     273    (-,-) 
  mux_mantissa_sum_238_9_g676/z (u)     in_1->z F     unmapped_nand2         1   3.2     0    17     290    (-,-) 
  g20860/z                      (u)     in_1->z F     unmapped_or2           1   3.2     0    17     306    (-,-) 
  mux_mantissa_sum_238_9_g575/z (u)     in_1->z R     unmapped_complex2      5  18.0     0    28     334    (-,-) 
  mux_mantissa_sum_238_9_g555/z (u)     in_0->z F     unmapped_complex2      2   6.4     0    19     353    (-,-) 
  mux_mantissa_sum_238_9_g540/z (u)     in_1->z F     unmapped_or2           1   3.2     0    17     370    (-,-) 
  mux_mantissa_sum_238_9_g527/z (u)     in_0->z R     unmapped_complex2     10  36.0     0    38     407    (-,-) 
  mux_mantissa_sum_238_9_g519/z (u)     in_0->z F     unmapped_complex2      1   3.2     0    17     424    (-,-) 
  mux_mantissa_sum_238_9_g511/z (u)     in_0->z R     unmapped_complex2     12  43.2     0    40     464    (-,-) 
  mux_mantissa_sum_238_9_g435/z (u)     in_0->z F     unmapped_complex2      1   3.2     0    17     480    (-,-) 
  mux_mantissa_sum_238_9_g473/z (u)     in_0->z R     unmapped_complex2      2   7.2     0    19     500    (-,-) 
  mux_mantissa_sum_238_9_g468/z (u)     in_0->z R     unmapped_or2           1   3.6     0    17     516    (-,-) 
  mux_mantissa_sum_238_9_g469/z (u)     in_1->z F     unmapped_nand2         5  16.0     0    28     544    (-,-) 
  g11782/z                      (u)     in_0->z F     unmapped_or2           4  12.8     0    24     568    (-,-) 
  g11738/z                      (u)     in_0->z F     unmapped_or2           3   9.6     0    22     590    (-,-) 
  g11718/z                      (u)     in_1->z F     unmapped_or2           3   9.6     0    22     611    (-,-) 
  g11664/z                      (u)     in_1->z F     unmapped_or2           3   9.6     0    22     633    (-,-) 
  g11636/z                      (u)     in_1->z F     unmapped_or2           3   9.6     0    22     655    (-,-) 
  g11524/z                      (u)     in_1->z F     unmapped_or2           3   9.6     0    22     676    (-,-) 
  g11487/z                      (u)     in_1->z F     unmapped_or2           3   9.6     0    22     698    (-,-) 
  g11390/z                      (u)     in_1->z F     unmapped_or2           3   9.6     0    22     719    (-,-) 
  g11297/z                      (u)     in_1->z F     unmapped_or2           3   9.6     0    22     741    (-,-) 
  g11225/z                      (u)     in_1->z F     unmapped_or2           3   9.6     0    22     763    (-,-) 
  g11219/z                      (u)     in_1->z F     unmapped_or2           4  12.8     0    24     787    (-,-) 
  g11163/z                      (u)     in_1->z F     unmapped_or2           2   6.4     0    19     806    (-,-) 
  g11111/z                      (u)     in_1->z F     unmapped_or2           1   3.2     0    17     823    (-,-) 
  g11080/z                      (u)     in_0->z R     unmapped_complex2      2   7.2     0    19     842    (-,-) 
  g11067/z                      (u)     in_0->z F     unmapped_complex2     25  16.0     0    39     881    (-,-) 
  g11034/z                      (u)     in_0->z F     unmapped_complex2      1   3.2     0    17     897    (-,-) 
  g11017/z                      (u)     in_0->z R     unmapped_complex2      5  18.0     0    28     925    (-,-) 
  g11005/z                      (u)     in_1->z F     unmapped_nand2         1   3.2     0    17     942    (-,-) 
  g11003/z                      (u)     in_0->z R     unmapped_complex2      1   3.6     0    17     958    (-,-) 
  g11793/z                      (u)     in_0->z R     unmapped_and2          4  14.4     0    24     983    (-,-) 
  g20597/z                      (u)     in_0->z F     unmapped_complex2      1   3.2     0    17     999    (-,-) 
  g20214/z                      (u)     in_1->z F     unmapped_or2           1   3.2     0    17    1016    (-,-) 
  g20187/z                      (u)     in_0->z F     unmapped_or2           5  16.0     0    28    1043    (-,-) 
  g19430/z                      (u)     in_0->z F     unmapped_complex2      1   3.2     0    17    1060    (-,-) 
  g19420/z                      (u)     in_1->z R     unmapped_nand2         1   3.6     0    17    1077    (-,-) 
  g19300/z                      (u)     in_0->z F     unmapped_complex2      1   3.2     0    17    1093    (-,-) 
  g19228/z                      (u)     in_1->z F     unmapped_complex2      1   3.2     0    17    1110    (-,-) 
  g20755/z                      (u)     in_0->z F     unmapped_complex2      1   3.2     0    17    1126    (-,-) 
  g20761/z                      (u)     in_1->z F     unmapped_or2           2   6.4     0    19    1146    (-,-) 
  g19205/z                      (u)     in_1->z F     unmapped_or2           1   3.2     0    17    1162    (-,-) 
  g19190/z                      (u)     in_1->z R     unmapped_nand2         7  25.2     0    33    1195    (-,-) 
  g19179/z                      (u)     in_0->z R     unmapped_or2           1   3.6     0    17    1211    (-,-) 
  fp_out_reg[23]/d              -       -       R     unmapped_d_flop        1     -     -     0    1211    (-,-) 
#-----------------------------------------------------------------------------------------------------------------

(u) : Net has unmapped pin(s).

Capture clock path:
#-------------------------------------------------------------------------------------------------
#   Timing Point     Flags   Arc   Edge      Cell        Fanout Load Trans Delay Arrival Instance 
#                                                               (fF)  (ps)  (ps)   (ps)  Location 
#-------------------------------------------------------------------------------------------------
  clk                (i,u)   -     R     (arrival)          100  0.0     0     0    1562    (-,-) 
  fp_out_reg[23]/clk <<<     -     R     unmapped_d_flop    100    -     1     0    1562    (-,-) 
#-------------------------------------------------------------------------------------------------



Path 82: MET (315 ps) Setup Check with Pin larger_mantissa_sign_l_reg/clk->d
           View: view_1p2_25
          Group: clock1
     Startpoint: (F) fp1_in[23]
          Clock: (R) clock1
       Endpoint: (R) larger_mantissa_sign_l_reg/d
          Clock: (R) clock1

                     Capture       Launch     
        Clock Edge:+    1562            0     
        Drv Adjust:+       0            0     
       Src Latency:+       0            0     
       Net Latency:+       0 (I)        0 (I) 
           Arrival:=    1562            0     
                                              
             Setup:-      38                  
       Uncertainty:-       0                  
     Required Time:=    1525                  
      Launch Clock:-       0                  
       Input Delay:-       1                  
         Data Path:-    1208                  
             Slack:=     315                  

Exceptions/Constraints:
  input_delay              1              add_fp16.sdc_line_20_12_1   

#----------------------------------------------------------------------------------------------------------------
#        Timing Point          Flags    Arc    Edge       Cell         Fanout  Load Trans Delay Arrival Instance 
#                                                                              (fF)  (ps)  (ps)   (ps)  Location 
#----------------------------------------------------------------------------------------------------------------
  fp1_in[23]                   (u)     -       F     (arrival)              5  16.0     0     0       1    (-,-) 
  g20582/z                     (u)     in_1->z F     unmapped_or2           2   6.4     0    19      20    (-,-) 
  g20589/z                     (u)     in_0->z F     unmapped_complex2      1   3.2     0    17      37    (-,-) 
  g20245/z                     (u)     in_0->z R     unmapped_complex2      1   3.6     0    17      53    (-,-) 
  g20210/z                     (u)     in_1->z F     unmapped_nand2         1   3.2     0    17      70    (-,-) 
  g20197/z                     (u)     in_1->z R     unmapped_nand2         1   3.6     0    17      86    (-,-) 
  g20180/z                     (u)     in_0->z F     unmapped_nand2         1   3.2     0    17     103    (-,-) 
  g20161/z                     (u)     in_0->z R     unmapped_nand2         1   3.6     0    17     120    (-,-) 
  g20146/z                     (u)     in_0->z F     unmapped_nand2         2   6.4     0    19     139    (-,-) 
  g20140/z                     (u)     in_0->z R     unmapped_complex2      2   7.2     0    19     158    (-,-) 
  g20617/z                     (u)     in_0->z F     unmapped_complex2      1   3.2     0    17     174    (-,-) 
  g20119/z                     (u)     in_1->z F     unmapped_complex2      1   3.2     0    17     191    (-,-) 
  g20112/z                     (u)     in_0->z R     unmapped_complex2      1   3.6     0    17     208    (-,-) 
  g20107/z                     (u)     in_1->z F     unmapped_nand2         1   3.2     0    17     224    (-,-) 
  g20098/z                     (u)     in_1->z F     unmapped_complex2      1   3.2     0    17     241    (-,-) 
  g20090/z                     (u)     in_0->z R     unmapped_nand2         1   3.6     0    17     258    (-,-) 
  g20088/z                     (u)     in_0->z F     unmapped_nand2         1   3.2     0    17     274    (-,-) 
  g20080/z                     (u)     in_0->z R     unmapped_nand2        60 216.0     0    62     336    (-,-) 
  g20022/z                     (u)     in_0->z F     unmapped_nand2         1   3.2     0    17     353    (-,-) 
  g19981/z                     (u)     in_1->z R     unmapped_nand2         5  18.0     0    28     380    (-,-) 
  g19855/z                     (u)     in_0->z R     unmapped_or2           1   3.6     0    17     397    (-,-) 
  g19856/z                     (u)     in_1->z F     unmapped_nand2         4  12.8     0    24     422    (-,-) 
  g20641/z                     (u)     in_1->z R     unmapped_complex2      1   3.6     0    17     438    (-,-) 
  g19761/z                     (u)     in_0->z F     unmapped_nand2         3   9.6     0    22     460    (-,-) 
  g19751/z                     (u)     in_1->z R     unmapped_nand2         1   3.6     0    17     476    (-,-) 
  g19658/z                     (u)     in_0->z F     unmapped_nand2         3   9.6     0    22     498    (-,-) 
  g19589/z                     (u)     in_1->z R     unmapped_nand2         1   3.6     0    17     514    (-,-) 
  g19565/z                     (u)     in_0->z F     unmapped_nand2         3   9.6     0    22     536    (-,-) 
  g20681/z                     (u)     in_0->z F     unmapped_complex2      1   3.2     0    17     553    (-,-) 
  g19489/z                     (u)     in_0->z R     unmapped_nand2         1   3.6     0    17     569    (-,-) 
  g20699/z                     (u)     in_0->z R     unmapped_complex2      1   3.6     0    17     586    (-,-) 
  g19440/z                     (u)     in_0->z F     unmapped_nand2         1   3.2     0    17     602    (-,-) 
  g19434/z                     (u)     in_1->z R     unmapped_nand2         3  10.8     0    22     624    (-,-) 
  g19421/z                     (u)     in_1->z R     unmapped_or2           6  21.6     0    30     654    (-,-) 
  g19398/z                     (u)     in_0->z R     unmapped_or2          14  50.4     0    42     696    (-,-) 
  g19339/z                     (u)     in_0->z R     unmapped_or2           1   3.6     0    17     713    (-,-) 
  g19306/z                     (u)     in_1->z F     unmapped_nand2         1   3.2     0    17     729    (-,-) 
  g20730/z                     (u)     in_0->z F     unmapped_complex2      3   9.6     0    22     751    (-,-) 
  g19248/z                     (u)     in_1->z R     unmapped_complex2      2   7.2     0    19     770    (-,-) 
  g18721/z                     (u)     in_1->z R     unmapped_or2           1   3.6     0    17     787    (-,-) 
  g19222/z                     (u)     in_0->z F     unmapped_complex2      1   3.2     0    17     803    (-,-) 
  g19215/z                     (u)     in_1->z R     unmapped_nand2         1   3.6     0    17     820    (-,-) 
  g19207/z                     (u)     in_1->z F     unmapped_nand2         1   3.2     0    17     836    (-,-) 
  g19196/z                     (u)     in_0->z R     unmapped_nand2         1   3.6     0    17     853    (-,-) 
  g19178/z                     (u)     in_1->z F     unmapped_nand2         1   3.2     0    17     870    (-,-) 
  g19164/z                     (u)     in_0->z R     unmapped_nand2         1   3.6     0    17     886    (-,-) 
  g19151/z                     (u)     in_0->z F     unmapped_nand2         1   3.2     0    17     903    (-,-) 
  g19128/z                     (u)     in_0->z R     unmapped_complex2      1   3.6     0    17     919    (-,-) 
  g20772/z                     (u)     in_0->z F     unmapped_complex2      1   3.2     0    17     936    (-,-) 
  g20773/z                     (u)     in_1->z R     unmapped_complex2      1   3.6     0    17     953    (-,-) 
  g20774/z                     (u)     in_1->z F     unmapped_complex2      1   3.2     0    17     969    (-,-) 
  g19124/z                     (u)     in_1->z R     unmapped_complex2      1   3.6     0    17     986    (-,-) 
  g19123/z                     (u)     in_0->z F     unmapped_complex2      1   3.2     0    17    1002    (-,-) 
  g19122/z                     (u)     in_0->z R     unmapped_complex2      1   3.6     0    17    1019    (-,-) 
  g20775/z                     (u)     in_0->z F     unmapped_complex2      1   3.2     0    17    1036    (-,-) 
  g20776/z                     (u)     in_1->z R     unmapped_complex2      1   3.6     0    17    1052    (-,-) 
  g20777/z                     (u)     in_1->z F     unmapped_complex2      1   3.2     0    17    1069    (-,-) 
  g19118/z                     (u)     in_1->z R     unmapped_complex2      1   3.6     0    17    1085    (-,-) 
  g19117/z                     (u)     in_1->z F     unmapped_nand2         1   3.2     0    17    1102    (-,-) 
  g19116/z                     (u)     in_1->z R     unmapped_nand2         1   3.6     0    17    1119    (-,-) 
  g19115/z                     (u)     in_0->z F     unmapped_nand2         1   3.2     0    17    1135    (-,-) 
  g20778/z                     (u)     in_0->z R     unmapped_complex2      4  14.4     0    24    1160    (-,-) 
  g19112/z                     (u)     in_1->z F     unmapped_complex2      1   3.2     0    17    1176    (-,-) 
  g19054/z                     (u)     in_1->z R     unmapped_nand2         1   3.6     0    17    1193    (-,-) 
  g20780/z                     (u)     in_0->z R     unmapped_complex2      1   3.6     0    17    1210    (-,-) 
  larger_mantissa_sign_l_reg/d -       -       R     unmapped_d_flop        1     -     -     0    1210    (-,-) 
#----------------------------------------------------------------------------------------------------------------

(u) : Net has unmapped pin(s).

Capture clock path:
#-------------------------------------------------------------------------------------------------------------
#         Timing Point           Flags   Arc   Edge      Cell        Fanout Load Trans Delay Arrival Instance 
#                                                                           (fF)  (ps)  (ps)   (ps)  Location 
#-------------------------------------------------------------------------------------------------------------
  clk                            (i,u)   -     R     (arrival)          100  0.0     0     0    1562    (-,-) 
  larger_mantissa_sign_l_reg/clk <<<     -     R     unmapped_d_flop    100    -     1     0    1562    (-,-) 
#-------------------------------------------------------------------------------------------------------------



Path 83: MET (746 ps) Setup Check with Pin smaller_mantissa_l_reg[1]/clk->d
           View: view_1p2_25
          Group: clock1
     Startpoint: (R) fp1_in[23]
          Clock: (R) clock1
       Endpoint: (R) smaller_mantissa_l_reg[1]/d
          Clock: (R) clock1

                     Capture       Launch     
        Clock Edge:+    1562            0     
        Drv Adjust:+       0            0     
       Src Latency:+       0            0     
       Net Latency:+       0 (I)        0 (I) 
           Arrival:=    1562            0     
                                              
             Setup:-      38                  
       Uncertainty:-       0                  
     Required Time:=    1525                  
      Launch Clock:-       0                  
       Input Delay:-       1                  
         Data Path:-     778                  
             Slack:=     746                  

Exceptions/Constraints:
  input_delay              1              add_fp16.sdc_line_20_12_1   

#---------------------------------------------------------------------------------------------------------------
#        Timing Point         Flags    Arc    Edge       Cell         Fanout  Load Trans Delay Arrival Instance 
#                                                                             (fF)  (ps)  (ps)   (ps)  Location 
#---------------------------------------------------------------------------------------------------------------
  fp1_in[23]                  (u)     -       R     (arrival)              5  18.0     0     0       1    (-,-) 
  g20582/z                    (u)     in_1->z R     unmapped_or2           2   7.2     0    19      20    (-,-) 
  g20589/z                    (u)     in_0->z R     unmapped_complex2      1   3.6     0    17      37    (-,-) 
  g20245/z                    (u)     in_0->z F     unmapped_complex2      1   3.2     0    17      53    (-,-) 
  g20210/z                    (u)     in_1->z R     unmapped_nand2         1   3.6     0    17      70    (-,-) 
  g20197/z                    (u)     in_1->z F     unmapped_nand2         1   3.2     0    17      86    (-,-) 
  g20180/z                    (u)     in_0->z R     unmapped_nand2         1   3.6     0    17     103    (-,-) 
  g20161/z                    (u)     in_0->z F     unmapped_nand2         1   3.2     0    17     120    (-,-) 
  g20146/z                    (u)     in_0->z R     unmapped_nand2         2   7.2     0    19     139    (-,-) 
  g20140/z                    (u)     in_0->z F     unmapped_complex2      2   6.4     0    19     158    (-,-) 
  g20617/z                    (u)     in_0->z R     unmapped_complex2      1   3.6     0    17     174    (-,-) 
  g20119/z                    (u)     in_1->z R     unmapped_complex2      1   3.6     0    17     191    (-,-) 
  g20112/z                    (u)     in_0->z F     unmapped_complex2      1   3.2     0    17     208    (-,-) 
  g20107/z                    (u)     in_1->z R     unmapped_nand2         1   3.6     0    17     224    (-,-) 
  g20098/z                    (u)     in_1->z R     unmapped_complex2      1   3.6     0    17     241    (-,-) 
  g20090/z                    (u)     in_0->z F     unmapped_nand2         1   3.2     0    17     258    (-,-) 
  g20088/z                    (u)     in_0->z R     unmapped_nand2         1   3.6     0    17     274    (-,-) 
  g20080/z                    (u)     in_0->z F     unmapped_nand2        60 192.0     0    62     336    (-,-) 
  g20022/z                    (u)     in_0->z R     unmapped_nand2         1   3.6     0    17     353    (-,-) 
  g19981/z                    (u)     in_1->z F     unmapped_nand2         5  16.0     0    28     380    (-,-) 
  g19855/z                    (u)     in_0->z F     unmapped_or2           1   3.2     0    17     397    (-,-) 
  g19856/z                    (u)     in_1->z R     unmapped_nand2         4  14.4     0    24     422    (-,-) 
  g20641/z                    (u)     in_1->z F     unmapped_complex2      1   3.2     0    17     438    (-,-) 
  g19761/z                    (u)     in_0->z R     unmapped_nand2         3  10.8     0    22     460    (-,-) 
  g19751/z                    (u)     in_1->z F     unmapped_nand2         1   3.2     0    17     476    (-,-) 
  g19658/z                    (u)     in_0->z R     unmapped_nand2         3  10.8     0    22     498    (-,-) 
  g19589/z                    (u)     in_1->z F     unmapped_nand2         1   3.2     0    17     514    (-,-) 
  g19565/z                    (u)     in_0->z R     unmapped_nand2         3  10.8     0    22     536    (-,-) 
  g20681/z                    (u)     in_0->z R     unmapped_complex2      1   3.6     0    17     553    (-,-) 
  g19489/z                    (u)     in_0->z F     unmapped_nand2         1   3.2     0    17     569    (-,-) 
  g20699/z                    (u)     in_0->z F     unmapped_complex2      1   3.2     0    17     586    (-,-) 
  g19440/z                    (u)     in_0->z R     unmapped_nand2         1   3.6     0    17     602    (-,-) 
  g19434/z                    (u)     in_1->z F     unmapped_nand2         3   9.6     0    22     624    (-,-) 
  g19421/z                    (u)     in_1->z F     unmapped_or2           6  19.2     0    30     654    (-,-) 
  g19398/z                    (u)     in_0->z F     unmapped_or2          14  44.8     0    42     696    (-,-) 
  g19360/z                    (u)     in_0->z F     unmapped_or2           1   3.2     0    17     713    (-,-) 
  g19328/z                    (u)     in_1->z R     unmapped_nand2         1   3.6     0    17     729    (-,-) 
  g20750/z                    (u)     in_0->z R     unmapped_complex2      1   3.6     0    17     746    (-,-) 
  g19250/z                    (u)     in_0->z F     unmapped_complex2      1   3.2     0    17     762    (-,-) 
  g19239/z                    (u)     in_0->z R     unmapped_nand2         1   3.6     0    17     779    (-,-) 
  smaller_mantissa_l_reg[1]/d -       -       R     unmapped_d_flop        1     -     -     0     779    (-,-) 
#---------------------------------------------------------------------------------------------------------------

(u) : Net has unmapped pin(s).

Capture clock path:
#------------------------------------------------------------------------------------------------------------
#         Timing Point          Flags   Arc   Edge      Cell        Fanout Load Trans Delay Arrival Instance 
#                                                                          (fF)  (ps)  (ps)   (ps)  Location 
#------------------------------------------------------------------------------------------------------------
  clk                           (i,u)   -     R     (arrival)          100  0.0     0     0    1562    (-,-) 
  smaller_mantissa_l_reg[1]/clk <<<     -     R     unmapped_d_flop    100    -     1     0    1562    (-,-) 
#------------------------------------------------------------------------------------------------------------



Path 84: MET (758 ps) Setup Check with Pin smaller_mantissa_l_reg[0]/clk->d
           View: view_1p2_25
          Group: clock1
     Startpoint: (R) fp1_in[23]
          Clock: (R) clock1
       Endpoint: (R) smaller_mantissa_l_reg[0]/d
          Clock: (R) clock1

                     Capture       Launch     
        Clock Edge:+    1562            0     
        Drv Adjust:+       0            0     
       Src Latency:+       0            0     
       Net Latency:+       0 (I)        0 (I) 
           Arrival:=    1562            0     
                                              
             Setup:-      38                  
       Uncertainty:-       0                  
     Required Time:=    1525                  
      Launch Clock:-       0                  
       Input Delay:-       1                  
         Data Path:-     766                  
             Slack:=     758                  

Exceptions/Constraints:
  input_delay              1              add_fp16.sdc_line_20_12_1   

#---------------------------------------------------------------------------------------------------------------
#        Timing Point         Flags    Arc    Edge       Cell         Fanout  Load Trans Delay Arrival Instance 
#                                                                             (fF)  (ps)  (ps)   (ps)  Location 
#---------------------------------------------------------------------------------------------------------------
  fp1_in[23]                  (u)     -       R     (arrival)              5  18.0     0     0       1    (-,-) 
  g20582/z                    (u)     in_1->z R     unmapped_or2           2   7.2     0    19      20    (-,-) 
  g20589/z                    (u)     in_0->z R     unmapped_complex2      1   3.6     0    17      37    (-,-) 
  g20245/z                    (u)     in_0->z F     unmapped_complex2      1   3.2     0    17      53    (-,-) 
  g20210/z                    (u)     in_1->z R     unmapped_nand2         1   3.6     0    17      70    (-,-) 
  g20197/z                    (u)     in_1->z F     unmapped_nand2         1   3.2     0    17      86    (-,-) 
  g20180/z                    (u)     in_0->z R     unmapped_nand2         1   3.6     0    17     103    (-,-) 
  g20161/z                    (u)     in_0->z F     unmapped_nand2         1   3.2     0    17     120    (-,-) 
  g20146/z                    (u)     in_0->z R     unmapped_nand2         2   7.2     0    19     139    (-,-) 
  g20140/z                    (u)     in_0->z F     unmapped_complex2      2   6.4     0    19     158    (-,-) 
  g20617/z                    (u)     in_0->z R     unmapped_complex2      1   3.6     0    17     174    (-,-) 
  g20119/z                    (u)     in_1->z R     unmapped_complex2      1   3.6     0    17     191    (-,-) 
  g20112/z                    (u)     in_0->z F     unmapped_complex2      1   3.2     0    17     208    (-,-) 
  g20107/z                    (u)     in_1->z R     unmapped_nand2         1   3.6     0    17     224    (-,-) 
  g20098/z                    (u)     in_1->z R     unmapped_complex2      1   3.6     0    17     241    (-,-) 
  g20090/z                    (u)     in_0->z F     unmapped_nand2         1   3.2     0    17     258    (-,-) 
  g20088/z                    (u)     in_0->z R     unmapped_nand2         1   3.6     0    17     274    (-,-) 
  g20080/z                    (u)     in_0->z F     unmapped_nand2        60 192.0     0    62     336    (-,-) 
  g20022/z                    (u)     in_0->z R     unmapped_nand2         1   3.6     0    17     353    (-,-) 
  g19981/z                    (u)     in_1->z F     unmapped_nand2         5  16.0     0    28     380    (-,-) 
  g19855/z                    (u)     in_0->z F     unmapped_or2           1   3.2     0    17     397    (-,-) 
  g19856/z                    (u)     in_1->z R     unmapped_nand2         4  14.4     0    24     422    (-,-) 
  g20641/z                    (u)     in_1->z F     unmapped_complex2      1   3.2     0    17     438    (-,-) 
  g19761/z                    (u)     in_0->z R     unmapped_nand2         3  10.8     0    22     460    (-,-) 
  g20654/z                    (u)     in_0->z F     unmapped_complex2      1   3.2     0    17     476    (-,-) 
  g19714/z                    (u)     in_1->z R     unmapped_nand2        47 169.2     0    58     535    (-,-) 
  g19627/z                    (u)     in_0->z R     unmapped_complex2      5  18.0     0    28     562    (-,-) 
  g19598/z                    (u)     in_0->z F     unmapped_nand2         1   3.2     0    17     579    (-,-) 
  g20694/z                    (u)     in_0->z R     unmapped_complex2      1   3.6     0    17     596    (-,-) 
  g19504/z                    (u)     in_1->z F     unmapped_nand2         1   3.2     0    17     612    (-,-) 
  g20706/z                    (u)     in_0->z R     unmapped_complex2      1   3.6     0    17     629    (-,-) 
  g19461/z                    (u)     in_1->z F     unmapped_nand2         1   3.2     0    17     645    (-,-) 
  g20713/z                    (u)     in_0->z R     unmapped_complex2      1   3.6     0    17     662    (-,-) 
  g20717/z                    (u)     in_1->z R     unmapped_complex2      1   3.6     0    17     678    (-,-) 
  g19417/z                    (u)     in_0->z F     unmapped_nand2         1   3.2     0    17     695    (-,-) 
  g19370/z                    (u)     in_1->z R     unmapped_complex2      3  10.8     0    22     717    (-,-) 
  g19321/z                    (u)     in_0->z R     unmapped_or2           1   3.6     0    17     733    (-,-) 
  g19296/z                    (u)     in_0->z F     unmapped_complex2      1   3.2     0    17     750    (-,-) 
  g19251/z                    (u)     in_0->z R     unmapped_nand2         1   3.6     0    17     766    (-,-) 
  smaller_mantissa_l_reg[0]/d -       -       R     unmapped_d_flop        1     -     -     0     766    (-,-) 
#---------------------------------------------------------------------------------------------------------------

(u) : Net has unmapped pin(s).

Capture clock path:
#------------------------------------------------------------------------------------------------------------
#         Timing Point          Flags   Arc   Edge      Cell        Fanout Load Trans Delay Arrival Instance 
#                                                                          (fF)  (ps)  (ps)   (ps)  Location 
#------------------------------------------------------------------------------------------------------------
  clk                           (i,u)   -     R     (arrival)          100  0.0     0     0    1562    (-,-) 
  smaller_mantissa_l_reg[0]/clk <<<     -     R     unmapped_d_flop    100    -     1     0    1562    (-,-) 
#------------------------------------------------------------------------------------------------------------



Path 85: MET (1081 ps) Setup Check with Pin signs_differ_l_reg/clk->d
           View: view_1p2_25
          Group: clock1
     Startpoint: (F) fp1_in[23]
          Clock: (R) clock1
       Endpoint: (R) signs_differ_l_reg/d
          Clock: (R) clock1

                     Capture       Launch     
        Clock Edge:+    1562            0     
        Drv Adjust:+       0            0     
       Src Latency:+       0            0     
       Net Latency:+       0 (I)        0 (I) 
           Arrival:=    1562            0     
                                              
             Setup:-      38                  
       Uncertainty:-       0                  
     Required Time:=    1525                  
      Launch Clock:-       0                  
       Input Delay:-       1                  
         Data Path:-     442                  
             Slack:=    1081                  

Exceptions/Constraints:
  input_delay              1              add_fp16.sdc_line_20_12_1   

#--------------------------------------------------------------------------------------------------------
#    Timing Point      Flags    Arc    Edge       Cell         Fanout  Load Trans Delay Arrival Instance 
#                                                                      (fF)  (ps)  (ps)   (ps)  Location 
#--------------------------------------------------------------------------------------------------------
  fp1_in[23]           (u)     -       F     (arrival)              5  16.0     0     0       1    (-,-) 
  g20582/z             (u)     in_1->z F     unmapped_or2           2   6.4     0    19      20    (-,-) 
  g20589/z             (u)     in_0->z F     unmapped_complex2      1   3.2     0    17      37    (-,-) 
  g20245/z             (u)     in_0->z R     unmapped_complex2      1   3.6     0    17      53    (-,-) 
  g20210/z             (u)     in_1->z F     unmapped_nand2         1   3.2     0    17      70    (-,-) 
  g20197/z             (u)     in_1->z R     unmapped_nand2         1   3.6     0    17      86    (-,-) 
  g20180/z             (u)     in_0->z F     unmapped_nand2         1   3.2     0    17     103    (-,-) 
  g20161/z             (u)     in_0->z R     unmapped_nand2         1   3.6     0    17     120    (-,-) 
  g20146/z             (u)     in_0->z F     unmapped_nand2         2   6.4     0    19     139    (-,-) 
  g20140/z             (u)     in_0->z R     unmapped_complex2      2   7.2     0    19     158    (-,-) 
  g20617/z             (u)     in_0->z F     unmapped_complex2      1   3.2     0    17     174    (-,-) 
  g20119/z             (u)     in_1->z F     unmapped_complex2      1   3.2     0    17     191    (-,-) 
  g20112/z             (u)     in_0->z R     unmapped_complex2      1   3.6     0    17     208    (-,-) 
  g20107/z             (u)     in_1->z F     unmapped_nand2         1   3.2     0    17     224    (-,-) 
  g20098/z             (u)     in_1->z F     unmapped_complex2      1   3.2     0    17     241    (-,-) 
  g20090/z             (u)     in_0->z R     unmapped_nand2         1   3.6     0    17     258    (-,-) 
  g20088/z             (u)     in_0->z F     unmapped_nand2         1   3.2     0    17     274    (-,-) 
  g20080/z             (u)     in_0->z R     unmapped_nand2        60 216.0     0    62     336    (-,-) 
  g20044/z             (u)     in_0->z F     unmapped_nand2         1   3.2     0    17     353    (-,-) 
  g19976/z             (u)     in_1->z R     unmapped_nand2         2   7.2     0    19     372    (-,-) 
  g19866/z             (u)     in_0->z F     unmapped_complex2      3   9.6     0    22     394    (-,-) 
  g19807/z             (u)     in_0->z F     unmapped_or2           1   3.2     0    17     410    (-,-) 
  g19757/z             (u)     in_1->z R     unmapped_nand2         1   3.6     0    17     427    (-,-) 
  g19686/z             (u)     in_0->z R     unmapped_complex2      1   3.6     0    17     443    (-,-) 
  signs_differ_l_reg/d -       -       R     unmapped_d_flop        1     -     -     0     443    (-,-) 
#--------------------------------------------------------------------------------------------------------

(u) : Net has unmapped pin(s).

Capture clock path:
#-----------------------------------------------------------------------------------------------------
#     Timing Point       Flags   Arc   Edge      Cell        Fanout Load Trans Delay Arrival Instance 
#                                                                   (fF)  (ps)  (ps)   (ps)  Location 
#-----------------------------------------------------------------------------------------------------
  clk                    (i,u)   -     R     (arrival)          100  0.0     0     0    1562    (-,-) 
  signs_differ_l_reg/clk <<<     -     R     unmapped_d_flop    100    -     1     0    1562    (-,-) 
#-----------------------------------------------------------------------------------------------------



Path 86: MET (1111 ps) Setup Check with Pin exp_max_l_reg[4]/clk->d
           View: view_1p2_25
          Group: clock1
     Startpoint: (F) fp1_in[23]
          Clock: (R) clock1
       Endpoint: (R) exp_max_l_reg[4]/d
          Clock: (R) clock1

                     Capture       Launch     
        Clock Edge:+    1562            0     
        Drv Adjust:+       0            0     
       Src Latency:+       0            0     
       Net Latency:+       0 (I)        0 (I) 
           Arrival:=    1562            0     
                                              
             Setup:-      38                  
       Uncertainty:-       0                  
     Required Time:=    1525                  
      Launch Clock:-       0                  
       Input Delay:-       1                  
         Data Path:-     413                  
             Slack:=    1111                  

Exceptions/Constraints:
  input_delay              1              add_fp16.sdc_line_20_12_1   

#------------------------------------------------------------------------------------------------------
#   Timing Point     Flags    Arc    Edge       Cell         Fanout  Load Trans Delay Arrival Instance 
#                                                                    (fF)  (ps)  (ps)   (ps)  Location 
#------------------------------------------------------------------------------------------------------
  fp1_in[23]         (u)     -       F     (arrival)              5  16.0     0     0       1    (-,-) 
  g20582/z           (u)     in_1->z F     unmapped_or2           2   6.4     0    19      20    (-,-) 
  g20589/z           (u)     in_0->z F     unmapped_complex2      1   3.2     0    17      37    (-,-) 
  g20245/z           (u)     in_0->z R     unmapped_complex2      1   3.6     0    17      53    (-,-) 
  g20210/z           (u)     in_1->z F     unmapped_nand2         1   3.2     0    17      70    (-,-) 
  g20197/z           (u)     in_1->z R     unmapped_nand2         1   3.6     0    17      86    (-,-) 
  g20180/z           (u)     in_0->z F     unmapped_nand2         1   3.2     0    17     103    (-,-) 
  g20161/z           (u)     in_0->z R     unmapped_nand2         1   3.6     0    17     120    (-,-) 
  g20146/z           (u)     in_0->z F     unmapped_nand2         2   6.4     0    19     139    (-,-) 
  g20140/z           (u)     in_0->z R     unmapped_complex2      2   7.2     0    19     158    (-,-) 
  g20617/z           (u)     in_0->z F     unmapped_complex2      1   3.2     0    17     174    (-,-) 
  g20119/z           (u)     in_1->z F     unmapped_complex2      1   3.2     0    17     191    (-,-) 
  g20112/z           (u)     in_0->z R     unmapped_complex2      1   3.6     0    17     208    (-,-) 
  g20107/z           (u)     in_1->z F     unmapped_nand2         1   3.2     0    17     224    (-,-) 
  g20098/z           (u)     in_1->z F     unmapped_complex2      1   3.2     0    17     241    (-,-) 
  g20090/z           (u)     in_0->z R     unmapped_nand2         1   3.6     0    17     258    (-,-) 
  g20088/z           (u)     in_0->z F     unmapped_nand2         1   3.2     0    17     274    (-,-) 
  g20080/z           (u)     in_0->z R     unmapped_nand2        60 216.0     0    62     336    (-,-) 
  g20031/z           (u)     in_0->z F     unmapped_nand2         1   3.2     0    17     353    (-,-) 
  g19967/z           (u)     in_1->z R     unmapped_nand2         5  18.0     0    28     380    (-,-) 
  g19897/z           (u)     in_0->z F     unmapped_complex2      1   3.2     0    17     397    (-,-) 
  g19830/z           (u)     in_0->z R     unmapped_nand2         1   3.6     0    17     414    (-,-) 
  exp_max_l_reg[4]/d -       -       R     unmapped_d_flop        1     -     -     0     414    (-,-) 
#------------------------------------------------------------------------------------------------------

(u) : Net has unmapped pin(s).

Capture clock path:
#---------------------------------------------------------------------------------------------------
#    Timing Point      Flags   Arc   Edge      Cell        Fanout Load Trans Delay Arrival Instance 
#                                                                 (fF)  (ps)  (ps)   (ps)  Location 
#---------------------------------------------------------------------------------------------------
  clk                  (i,u)   -     R     (arrival)          100  0.0     0     0    1562    (-,-) 
  exp_max_l_reg[4]/clk <<<     -     R     unmapped_d_flop    100    -     1     0    1562    (-,-) 
#---------------------------------------------------------------------------------------------------



Path 87: MET (1111 ps) Setup Check with Pin exp_max_l_reg[3]/clk->d
           View: view_1p2_25
          Group: clock1
     Startpoint: (F) fp1_in[23]
          Clock: (R) clock1
       Endpoint: (R) exp_max_l_reg[3]/d
          Clock: (R) clock1

                     Capture       Launch     
        Clock Edge:+    1562            0     
        Drv Adjust:+       0            0     
       Src Latency:+       0            0     
       Net Latency:+       0 (I)        0 (I) 
           Arrival:=    1562            0     
                                              
             Setup:-      38                  
       Uncertainty:-       0                  
     Required Time:=    1525                  
      Launch Clock:-       0                  
       Input Delay:-       1                  
         Data Path:-     413                  
             Slack:=    1111                  

Exceptions/Constraints:
  input_delay              1              add_fp16.sdc_line_20_12_1   

#------------------------------------------------------------------------------------------------------
#   Timing Point     Flags    Arc    Edge       Cell         Fanout  Load Trans Delay Arrival Instance 
#                                                                    (fF)  (ps)  (ps)   (ps)  Location 
#------------------------------------------------------------------------------------------------------
  fp1_in[23]         (u)     -       F     (arrival)              5  16.0     0     0       1    (-,-) 
  g20582/z           (u)     in_1->z F     unmapped_or2           2   6.4     0    19      20    (-,-) 
  g20589/z           (u)     in_0->z F     unmapped_complex2      1   3.2     0    17      37    (-,-) 
  g20245/z           (u)     in_0->z R     unmapped_complex2      1   3.6     0    17      53    (-,-) 
  g20210/z           (u)     in_1->z F     unmapped_nand2         1   3.2     0    17      70    (-,-) 
  g20197/z           (u)     in_1->z R     unmapped_nand2         1   3.6     0    17      86    (-,-) 
  g20180/z           (u)     in_0->z F     unmapped_nand2         1   3.2     0    17     103    (-,-) 
  g20161/z           (u)     in_0->z R     unmapped_nand2         1   3.6     0    17     120    (-,-) 
  g20146/z           (u)     in_0->z F     unmapped_nand2         2   6.4     0    19     139    (-,-) 
  g20140/z           (u)     in_0->z R     unmapped_complex2      2   7.2     0    19     158    (-,-) 
  g20617/z           (u)     in_0->z F     unmapped_complex2      1   3.2     0    17     174    (-,-) 
  g20119/z           (u)     in_1->z F     unmapped_complex2      1   3.2     0    17     191    (-,-) 
  g20112/z           (u)     in_0->z R     unmapped_complex2      1   3.6     0    17     208    (-,-) 
  g20107/z           (u)     in_1->z F     unmapped_nand2         1   3.2     0    17     224    (-,-) 
  g20098/z           (u)     in_1->z F     unmapped_complex2      1   3.2     0    17     241    (-,-) 
  g20090/z           (u)     in_0->z R     unmapped_nand2         1   3.6     0    17     258    (-,-) 
  g20088/z           (u)     in_0->z F     unmapped_nand2         1   3.2     0    17     274    (-,-) 
  g20080/z           (u)     in_0->z R     unmapped_nand2        60 216.0     0    62     336    (-,-) 
  g20039/z           (u)     in_0->z F     unmapped_nand2         1   3.2     0    17     353    (-,-) 
  g20009/z           (u)     in_1->z R     unmapped_nand2         5  18.0     0    28     380    (-,-) 
  g19899/z           (u)     in_0->z F     unmapped_complex2      1   3.2     0    17     397    (-,-) 
  g19784/z           (u)     in_0->z R     unmapped_nand2         1   3.6     0    17     414    (-,-) 
  exp_max_l_reg[3]/d -       -       R     unmapped_d_flop        1     -     -     0     414    (-,-) 
#------------------------------------------------------------------------------------------------------

(u) : Net has unmapped pin(s).

Capture clock path:
#---------------------------------------------------------------------------------------------------
#    Timing Point      Flags   Arc   Edge      Cell        Fanout Load Trans Delay Arrival Instance 
#                                                                 (fF)  (ps)  (ps)   (ps)  Location 
#---------------------------------------------------------------------------------------------------
  clk                  (i,u)   -     R     (arrival)          100  0.0     0     0    1562    (-,-) 
  exp_max_l_reg[3]/clk <<<     -     R     unmapped_d_flop    100    -     1     0    1562    (-,-) 
#---------------------------------------------------------------------------------------------------



Path 88: MET (1111 ps) Setup Check with Pin exp_max_l_reg[2]/clk->d
           View: view_1p2_25
          Group: clock1
     Startpoint: (F) fp1_in[23]
          Clock: (R) clock1
       Endpoint: (R) exp_max_l_reg[2]/d
          Clock: (R) clock1

                     Capture       Launch     
        Clock Edge:+    1562            0     
        Drv Adjust:+       0            0     
       Src Latency:+       0            0     
       Net Latency:+       0 (I)        0 (I) 
           Arrival:=    1562            0     
                                              
             Setup:-      38                  
       Uncertainty:-       0                  
     Required Time:=    1525                  
      Launch Clock:-       0                  
       Input Delay:-       1                  
         Data Path:-     413                  
             Slack:=    1111                  

Exceptions/Constraints:
  input_delay              1              add_fp16.sdc_line_20_12_1   

#------------------------------------------------------------------------------------------------------
#   Timing Point     Flags    Arc    Edge       Cell         Fanout  Load Trans Delay Arrival Instance 
#                                                                    (fF)  (ps)  (ps)   (ps)  Location 
#------------------------------------------------------------------------------------------------------
  fp1_in[23]         (u)     -       F     (arrival)              5  16.0     0     0       1    (-,-) 
  g20582/z           (u)     in_1->z F     unmapped_or2           2   6.4     0    19      20    (-,-) 
  g20589/z           (u)     in_0->z F     unmapped_complex2      1   3.2     0    17      37    (-,-) 
  g20245/z           (u)     in_0->z R     unmapped_complex2      1   3.6     0    17      53    (-,-) 
  g20210/z           (u)     in_1->z F     unmapped_nand2         1   3.2     0    17      70    (-,-) 
  g20197/z           (u)     in_1->z R     unmapped_nand2         1   3.6     0    17      86    (-,-) 
  g20180/z           (u)     in_0->z F     unmapped_nand2         1   3.2     0    17     103    (-,-) 
  g20161/z           (u)     in_0->z R     unmapped_nand2         1   3.6     0    17     120    (-,-) 
  g20146/z           (u)     in_0->z F     unmapped_nand2         2   6.4     0    19     139    (-,-) 
  g20140/z           (u)     in_0->z R     unmapped_complex2      2   7.2     0    19     158    (-,-) 
  g20617/z           (u)     in_0->z F     unmapped_complex2      1   3.2     0    17     174    (-,-) 
  g20119/z           (u)     in_1->z F     unmapped_complex2      1   3.2     0    17     191    (-,-) 
  g20112/z           (u)     in_0->z R     unmapped_complex2      1   3.6     0    17     208    (-,-) 
  g20107/z           (u)     in_1->z F     unmapped_nand2         1   3.2     0    17     224    (-,-) 
  g20098/z           (u)     in_1->z F     unmapped_complex2      1   3.2     0    17     241    (-,-) 
  g20090/z           (u)     in_0->z R     unmapped_nand2         1   3.6     0    17     258    (-,-) 
  g20088/z           (u)     in_0->z F     unmapped_nand2         1   3.2     0    17     274    (-,-) 
  g20080/z           (u)     in_0->z R     unmapped_nand2        60 216.0     0    62     336    (-,-) 
  g20066/z           (u)     in_0->z F     unmapped_nand2         1   3.2     0    17     353    (-,-) 
  g20007/z           (u)     in_1->z R     unmapped_nand2         5  18.0     0    28     380    (-,-) 
  g19902/z           (u)     in_0->z F     unmapped_complex2      1   3.2     0    17     397    (-,-) 
  g19788/z           (u)     in_0->z R     unmapped_nand2         1   3.6     0    17     414    (-,-) 
  exp_max_l_reg[2]/d -       -       R     unmapped_d_flop        1     -     -     0     414    (-,-) 
#------------------------------------------------------------------------------------------------------

(u) : Net has unmapped pin(s).

Capture clock path:
#---------------------------------------------------------------------------------------------------
#    Timing Point      Flags   Arc   Edge      Cell        Fanout Load Trans Delay Arrival Instance 
#                                                                 (fF)  (ps)  (ps)   (ps)  Location 
#---------------------------------------------------------------------------------------------------
  clk                  (i,u)   -     R     (arrival)          100  0.0     0     0    1562    (-,-) 
  exp_max_l_reg[2]/clk <<<     -     R     unmapped_d_flop    100    -     1     0    1562    (-,-) 
#---------------------------------------------------------------------------------------------------



Path 89: MET (1111 ps) Setup Check with Pin exp_max_l_reg[1]/clk->d
           View: view_1p2_25
          Group: clock1
     Startpoint: (F) fp1_in[23]
          Clock: (R) clock1
       Endpoint: (R) exp_max_l_reg[1]/d
          Clock: (R) clock1

                     Capture       Launch     
        Clock Edge:+    1562            0     
        Drv Adjust:+       0            0     
       Src Latency:+       0            0     
       Net Latency:+       0 (I)        0 (I) 
           Arrival:=    1562            0     
                                              
             Setup:-      38                  
       Uncertainty:-       0                  
     Required Time:=    1525                  
      Launch Clock:-       0                  
       Input Delay:-       1                  
         Data Path:-     413                  
             Slack:=    1111                  

Exceptions/Constraints:
  input_delay              1              add_fp16.sdc_line_20_12_1   

#------------------------------------------------------------------------------------------------------
#   Timing Point     Flags    Arc    Edge       Cell         Fanout  Load Trans Delay Arrival Instance 
#                                                                    (fF)  (ps)  (ps)   (ps)  Location 
#------------------------------------------------------------------------------------------------------
  fp1_in[23]         (u)     -       F     (arrival)              5  16.0     0     0       1    (-,-) 
  g20582/z           (u)     in_1->z F     unmapped_or2           2   6.4     0    19      20    (-,-) 
  g20589/z           (u)     in_0->z F     unmapped_complex2      1   3.2     0    17      37    (-,-) 
  g20245/z           (u)     in_0->z R     unmapped_complex2      1   3.6     0    17      53    (-,-) 
  g20210/z           (u)     in_1->z F     unmapped_nand2         1   3.2     0    17      70    (-,-) 
  g20197/z           (u)     in_1->z R     unmapped_nand2         1   3.6     0    17      86    (-,-) 
  g20180/z           (u)     in_0->z F     unmapped_nand2         1   3.2     0    17     103    (-,-) 
  g20161/z           (u)     in_0->z R     unmapped_nand2         1   3.6     0    17     120    (-,-) 
  g20146/z           (u)     in_0->z F     unmapped_nand2         2   6.4     0    19     139    (-,-) 
  g20140/z           (u)     in_0->z R     unmapped_complex2      2   7.2     0    19     158    (-,-) 
  g20617/z           (u)     in_0->z F     unmapped_complex2      1   3.2     0    17     174    (-,-) 
  g20119/z           (u)     in_1->z F     unmapped_complex2      1   3.2     0    17     191    (-,-) 
  g20112/z           (u)     in_0->z R     unmapped_complex2      1   3.6     0    17     208    (-,-) 
  g20107/z           (u)     in_1->z F     unmapped_nand2         1   3.2     0    17     224    (-,-) 
  g20098/z           (u)     in_1->z F     unmapped_complex2      1   3.2     0    17     241    (-,-) 
  g20090/z           (u)     in_0->z R     unmapped_nand2         1   3.6     0    17     258    (-,-) 
  g20088/z           (u)     in_0->z F     unmapped_nand2         1   3.2     0    17     274    (-,-) 
  g20080/z           (u)     in_0->z R     unmapped_nand2        60 216.0     0    62     336    (-,-) 
  g20022/z           (u)     in_0->z F     unmapped_nand2         1   3.2     0    17     353    (-,-) 
  g19981/z           (u)     in_1->z R     unmapped_nand2         5  18.0     0    28     380    (-,-) 
  g19903/z           (u)     in_0->z F     unmapped_complex2      1   3.2     0    17     397    (-,-) 
  g19797/z           (u)     in_0->z R     unmapped_nand2         1   3.6     0    17     414    (-,-) 
  exp_max_l_reg[1]/d -       -       R     unmapped_d_flop        1     -     -     0     414    (-,-) 
#------------------------------------------------------------------------------------------------------

(u) : Net has unmapped pin(s).

Capture clock path:
#---------------------------------------------------------------------------------------------------
#    Timing Point      Flags   Arc   Edge      Cell        Fanout Load Trans Delay Arrival Instance 
#                                                                 (fF)  (ps)  (ps)   (ps)  Location 
#---------------------------------------------------------------------------------------------------
  clk                  (i,u)   -     R     (arrival)          100  0.0     0     0    1562    (-,-) 
  exp_max_l_reg[1]/clk <<<     -     R     unmapped_d_flop    100    -     1     0    1562    (-,-) 
#---------------------------------------------------------------------------------------------------



Path 90: MET (1111 ps) Setup Check with Pin exp_max_l_reg[0]/clk->d
           View: view_1p2_25
          Group: clock1
     Startpoint: (F) fp1_in[23]
          Clock: (R) clock1
       Endpoint: (R) exp_max_l_reg[0]/d
          Clock: (R) clock1

                     Capture       Launch     
        Clock Edge:+    1562            0     
        Drv Adjust:+       0            0     
       Src Latency:+       0            0     
       Net Latency:+       0 (I)        0 (I) 
           Arrival:=    1562            0     
                                              
             Setup:-      38                  
       Uncertainty:-       0                  
     Required Time:=    1525                  
      Launch Clock:-       0                  
       Input Delay:-       1                  
         Data Path:-     413                  
             Slack:=    1111                  

Exceptions/Constraints:
  input_delay              1              add_fp16.sdc_line_20_12_1   

#------------------------------------------------------------------------------------------------------
#   Timing Point     Flags    Arc    Edge       Cell         Fanout  Load Trans Delay Arrival Instance 
#                                                                    (fF)  (ps)  (ps)   (ps)  Location 
#------------------------------------------------------------------------------------------------------
  fp1_in[23]         (u)     -       F     (arrival)              5  16.0     0     0       1    (-,-) 
  g20582/z           (u)     in_1->z F     unmapped_or2           2   6.4     0    19      20    (-,-) 
  g20589/z           (u)     in_0->z F     unmapped_complex2      1   3.2     0    17      37    (-,-) 
  g20245/z           (u)     in_0->z R     unmapped_complex2      1   3.6     0    17      53    (-,-) 
  g20210/z           (u)     in_1->z F     unmapped_nand2         1   3.2     0    17      70    (-,-) 
  g20197/z           (u)     in_1->z R     unmapped_nand2         1   3.6     0    17      86    (-,-) 
  g20180/z           (u)     in_0->z F     unmapped_nand2         1   3.2     0    17     103    (-,-) 
  g20161/z           (u)     in_0->z R     unmapped_nand2         1   3.6     0    17     120    (-,-) 
  g20146/z           (u)     in_0->z F     unmapped_nand2         2   6.4     0    19     139    (-,-) 
  g20140/z           (u)     in_0->z R     unmapped_complex2      2   7.2     0    19     158    (-,-) 
  g20617/z           (u)     in_0->z F     unmapped_complex2      1   3.2     0    17     174    (-,-) 
  g20119/z           (u)     in_1->z F     unmapped_complex2      1   3.2     0    17     191    (-,-) 
  g20112/z           (u)     in_0->z R     unmapped_complex2      1   3.6     0    17     208    (-,-) 
  g20107/z           (u)     in_1->z F     unmapped_nand2         1   3.2     0    17     224    (-,-) 
  g20098/z           (u)     in_1->z F     unmapped_complex2      1   3.2     0    17     241    (-,-) 
  g20090/z           (u)     in_0->z R     unmapped_nand2         1   3.6     0    17     258    (-,-) 
  g20088/z           (u)     in_0->z F     unmapped_nand2         1   3.2     0    17     274    (-,-) 
  g20080/z           (u)     in_0->z R     unmapped_nand2        60 216.0     0    62     336    (-,-) 
  g20077/z           (u)     in_0->z F     unmapped_nand2         1   3.2     0    17     353    (-,-) 
  g20006/z           (u)     in_1->z R     unmapped_nand2         5  18.0     0    28     380    (-,-) 
  g19904/z           (u)     in_0->z F     unmapped_complex2      1   3.2     0    17     397    (-,-) 
  g19806/z           (u)     in_0->z R     unmapped_nand2         1   3.6     0    17     414    (-,-) 
  exp_max_l_reg[0]/d -       -       R     unmapped_d_flop        1     -     -     0     414    (-,-) 
#------------------------------------------------------------------------------------------------------

(u) : Net has unmapped pin(s).

Capture clock path:
#---------------------------------------------------------------------------------------------------
#    Timing Point      Flags   Arc   Edge      Cell        Fanout Load Trans Delay Arrival Instance 
#                                                                 (fF)  (ps)  (ps)   (ps)  Location 
#---------------------------------------------------------------------------------------------------
  clk                  (i,u)   -     R     (arrival)          100  0.0     0     0    1562    (-,-) 
  exp_max_l_reg[0]/clk <<<     -     R     unmapped_d_flop    100    -     1     0    1562    (-,-) 
#---------------------------------------------------------------------------------------------------



Path 91: MET (1114 ps) Setup Check with Pin exp_max_l_reg[6]/clk->d
           View: view_1p2_25
          Group: clock1
     Startpoint: (F) fp1_in[23]
          Clock: (R) clock1
       Endpoint: (R) exp_max_l_reg[6]/d
          Clock: (R) clock1

                     Capture       Launch     
        Clock Edge:+    1562            0     
        Drv Adjust:+       0            0     
       Src Latency:+       0            0     
       Net Latency:+       0 (I)        0 (I) 
           Arrival:=    1562            0     
                                              
             Setup:-      38                  
       Uncertainty:-       0                  
     Required Time:=    1525                  
      Launch Clock:-       0                  
       Input Delay:-       1                  
         Data Path:-     410                  
             Slack:=    1114                  

Exceptions/Constraints:
  input_delay              1              add_fp16.sdc_line_20_12_1   

#------------------------------------------------------------------------------------------------------
#   Timing Point     Flags    Arc    Edge       Cell         Fanout  Load Trans Delay Arrival Instance 
#                                                                    (fF)  (ps)  (ps)   (ps)  Location 
#------------------------------------------------------------------------------------------------------
  fp1_in[23]         (u)     -       F     (arrival)              5  16.0     0     0       1    (-,-) 
  g20582/z           (u)     in_1->z F     unmapped_or2           2   6.4     0    19      20    (-,-) 
  g20589/z           (u)     in_0->z F     unmapped_complex2      1   3.2     0    17      37    (-,-) 
  g20245/z           (u)     in_0->z R     unmapped_complex2      1   3.6     0    17      53    (-,-) 
  g20210/z           (u)     in_1->z F     unmapped_nand2         1   3.2     0    17      70    (-,-) 
  g20197/z           (u)     in_1->z R     unmapped_nand2         1   3.6     0    17      86    (-,-) 
  g20180/z           (u)     in_0->z F     unmapped_nand2         1   3.2     0    17     103    (-,-) 
  g20161/z           (u)     in_0->z R     unmapped_nand2         1   3.6     0    17     120    (-,-) 
  g20146/z           (u)     in_0->z F     unmapped_nand2         2   6.4     0    19     139    (-,-) 
  g20140/z           (u)     in_0->z R     unmapped_complex2      2   7.2     0    19     158    (-,-) 
  g20617/z           (u)     in_0->z F     unmapped_complex2      1   3.2     0    17     174    (-,-) 
  g20119/z           (u)     in_1->z F     unmapped_complex2      1   3.2     0    17     191    (-,-) 
  g20112/z           (u)     in_0->z R     unmapped_complex2      1   3.6     0    17     208    (-,-) 
  g20107/z           (u)     in_1->z F     unmapped_nand2         1   3.2     0    17     224    (-,-) 
  g20098/z           (u)     in_1->z F     unmapped_complex2      1   3.2     0    17     241    (-,-) 
  g20090/z           (u)     in_0->z R     unmapped_nand2         1   3.6     0    17     258    (-,-) 
  g20088/z           (u)     in_0->z F     unmapped_nand2         1   3.2     0    17     274    (-,-) 
  g20080/z           (u)     in_0->z R     unmapped_nand2        60 216.0     0    62     336    (-,-) 
  g20076/z           (u)     in_0->z F     unmapped_nand2         1   3.2     0    17     353    (-,-) 
  g19955/z           (u)     in_1->z R     unmapped_nand2         4  14.4     0    24     377    (-,-) 
  g19883/z           (u)     in_0->z F     unmapped_complex2      1   3.2     0    17     394    (-,-) 
  g19812/z           (u)     in_0->z R     unmapped_nand2         1   3.6     0    17     410    (-,-) 
  exp_max_l_reg[6]/d -       -       R     unmapped_d_flop        1     -     -     0     410    (-,-) 
#------------------------------------------------------------------------------------------------------

(u) : Net has unmapped pin(s).

Capture clock path:
#---------------------------------------------------------------------------------------------------
#    Timing Point      Flags   Arc   Edge      Cell        Fanout Load Trans Delay Arrival Instance 
#                                                                 (fF)  (ps)  (ps)   (ps)  Location 
#---------------------------------------------------------------------------------------------------
  clk                  (i,u)   -     R     (arrival)          100  0.0     0     0    1562    (-,-) 
  exp_max_l_reg[6]/clk <<<     -     R     unmapped_d_flop    100    -     1     0    1562    (-,-) 
#---------------------------------------------------------------------------------------------------



Path 92: MET (1114 ps) Setup Check with Pin exp_max_l_reg[5]/clk->d
           View: view_1p2_25
          Group: clock1
     Startpoint: (F) fp1_in[23]
          Clock: (R) clock1
       Endpoint: (R) exp_max_l_reg[5]/d
          Clock: (R) clock1

                     Capture       Launch     
        Clock Edge:+    1562            0     
        Drv Adjust:+       0            0     
       Src Latency:+       0            0     
       Net Latency:+       0 (I)        0 (I) 
           Arrival:=    1562            0     
                                              
             Setup:-      38                  
       Uncertainty:-       0                  
     Required Time:=    1525                  
      Launch Clock:-       0                  
       Input Delay:-       1                  
         Data Path:-     410                  
             Slack:=    1114                  

Exceptions/Constraints:
  input_delay              1              add_fp16.sdc_line_20_12_1   

#------------------------------------------------------------------------------------------------------
#   Timing Point     Flags    Arc    Edge       Cell         Fanout  Load Trans Delay Arrival Instance 
#                                                                    (fF)  (ps)  (ps)   (ps)  Location 
#------------------------------------------------------------------------------------------------------
  fp1_in[23]         (u)     -       F     (arrival)              5  16.0     0     0       1    (-,-) 
  g20582/z           (u)     in_1->z F     unmapped_or2           2   6.4     0    19      20    (-,-) 
  g20589/z           (u)     in_0->z F     unmapped_complex2      1   3.2     0    17      37    (-,-) 
  g20245/z           (u)     in_0->z R     unmapped_complex2      1   3.6     0    17      53    (-,-) 
  g20210/z           (u)     in_1->z F     unmapped_nand2         1   3.2     0    17      70    (-,-) 
  g20197/z           (u)     in_1->z R     unmapped_nand2         1   3.6     0    17      86    (-,-) 
  g20180/z           (u)     in_0->z F     unmapped_nand2         1   3.2     0    17     103    (-,-) 
  g20161/z           (u)     in_0->z R     unmapped_nand2         1   3.6     0    17     120    (-,-) 
  g20146/z           (u)     in_0->z F     unmapped_nand2         2   6.4     0    19     139    (-,-) 
  g20140/z           (u)     in_0->z R     unmapped_complex2      2   7.2     0    19     158    (-,-) 
  g20617/z           (u)     in_0->z F     unmapped_complex2      1   3.2     0    17     174    (-,-) 
  g20119/z           (u)     in_1->z F     unmapped_complex2      1   3.2     0    17     191    (-,-) 
  g20112/z           (u)     in_0->z R     unmapped_complex2      1   3.6     0    17     208    (-,-) 
  g20107/z           (u)     in_1->z F     unmapped_nand2         1   3.2     0    17     224    (-,-) 
  g20098/z           (u)     in_1->z F     unmapped_complex2      1   3.2     0    17     241    (-,-) 
  g20090/z           (u)     in_0->z R     unmapped_nand2         1   3.6     0    17     258    (-,-) 
  g20088/z           (u)     in_0->z F     unmapped_nand2         1   3.2     0    17     274    (-,-) 
  g20080/z           (u)     in_0->z R     unmapped_nand2        60 216.0     0    62     336    (-,-) 
  g20038/z           (u)     in_0->z F     unmapped_nand2         1   3.2     0    17     353    (-,-) 
  g19960/z           (u)     in_1->z R     unmapped_nand2         4  14.4     0    24     377    (-,-) 
  g19891/z           (u)     in_0->z F     unmapped_complex2      1   3.2     0    17     394    (-,-) 
  g19825/z           (u)     in_0->z R     unmapped_nand2         1   3.6     0    17     410    (-,-) 
  exp_max_l_reg[5]/d -       -       R     unmapped_d_flop        1     -     -     0     410    (-,-) 
#------------------------------------------------------------------------------------------------------

(u) : Net has unmapped pin(s).

Capture clock path:
#---------------------------------------------------------------------------------------------------
#    Timing Point      Flags   Arc   Edge      Cell        Fanout Load Trans Delay Arrival Instance 
#                                                                 (fF)  (ps)  (ps)   (ps)  Location 
#---------------------------------------------------------------------------------------------------
  clk                  (i,u)   -     R     (arrival)          100  0.0     0     0    1562    (-,-) 
  exp_max_l_reg[5]/clk <<<     -     R     unmapped_d_flop    100    -     1     0    1562    (-,-) 
#---------------------------------------------------------------------------------------------------



Path 93: MET (1114 ps) Setup Check with Pin sign_shifted_l_reg/clk->d
           View: view_1p2_25
          Group: clock1
     Startpoint: (F) fp1_in[23]
          Clock: (R) clock1
       Endpoint: (R) sign_shifted_l_reg/d
          Clock: (R) clock1

                     Capture       Launch     
        Clock Edge:+    1562            0     
        Drv Adjust:+       0            0     
       Src Latency:+       0            0     
       Net Latency:+       0 (I)        0 (I) 
           Arrival:=    1562            0     
                                              
             Setup:-      38                  
       Uncertainty:-       0                  
     Required Time:=    1525                  
      Launch Clock:-       0                  
       Input Delay:-       1                  
         Data Path:-     409                  
             Slack:=    1114                  

Exceptions/Constraints:
  input_delay              1              add_fp16.sdc_line_20_12_1   

#--------------------------------------------------------------------------------------------------------
#    Timing Point      Flags    Arc    Edge       Cell         Fanout  Load Trans Delay Arrival Instance 
#                                                                      (fF)  (ps)  (ps)   (ps)  Location 
#--------------------------------------------------------------------------------------------------------
  fp1_in[23]           (u)     -       F     (arrival)              5  16.0     0     0       1    (-,-) 
  g20582/z             (u)     in_1->z F     unmapped_or2           2   6.4     0    19      20    (-,-) 
  g20589/z             (u)     in_0->z F     unmapped_complex2      1   3.2     0    17      37    (-,-) 
  g20245/z             (u)     in_0->z R     unmapped_complex2      1   3.6     0    17      53    (-,-) 
  g20210/z             (u)     in_1->z F     unmapped_nand2         1   3.2     0    17      70    (-,-) 
  g20197/z             (u)     in_1->z R     unmapped_nand2         1   3.6     0    17      86    (-,-) 
  g20180/z             (u)     in_0->z F     unmapped_nand2         1   3.2     0    17     103    (-,-) 
  g20161/z             (u)     in_0->z R     unmapped_nand2         1   3.6     0    17     120    (-,-) 
  g20146/z             (u)     in_0->z F     unmapped_nand2         2   6.4     0    19     139    (-,-) 
  g20140/z             (u)     in_0->z R     unmapped_complex2      2   7.2     0    19     158    (-,-) 
  g20617/z             (u)     in_0->z F     unmapped_complex2      1   3.2     0    17     174    (-,-) 
  g20119/z             (u)     in_1->z F     unmapped_complex2      1   3.2     0    17     191    (-,-) 
  g20112/z             (u)     in_0->z R     unmapped_complex2      1   3.6     0    17     208    (-,-) 
  g20107/z             (u)     in_1->z F     unmapped_nand2         1   3.2     0    17     224    (-,-) 
  g20098/z             (u)     in_1->z F     unmapped_complex2      1   3.2     0    17     241    (-,-) 
  g20090/z             (u)     in_0->z R     unmapped_nand2         1   3.6     0    17     258    (-,-) 
  g20088/z             (u)     in_0->z F     unmapped_nand2         1   3.2     0    17     274    (-,-) 
  g20080/z             (u)     in_0->z R     unmapped_nand2        60 216.0     0    62     336    (-,-) 
  g20044/z             (u)     in_0->z F     unmapped_nand2         1   3.2     0    17     353    (-,-) 
  g19976/z             (u)     in_1->z R     unmapped_nand2         2   7.2     0    19     372    (-,-) 
  g19866/z             (u)     in_0->z F     unmapped_complex2      3   9.6     0    22     394    (-,-) 
  g19811/z             (u)     in_0->z R     unmapped_nand2         1   3.6     0    17     410    (-,-) 
  sign_shifted_l_reg/d -       -       R     unmapped_d_flop        1     -     -     0     410    (-,-) 
#--------------------------------------------------------------------------------------------------------

(u) : Net has unmapped pin(s).

Capture clock path:
#-----------------------------------------------------------------------------------------------------
#     Timing Point       Flags   Arc   Edge      Cell        Fanout Load Trans Delay Arrival Instance 
#                                                                   (fF)  (ps)  (ps)   (ps)  Location 
#-----------------------------------------------------------------------------------------------------
  clk                    (i,u)   -     R     (arrival)          100  0.0     0     0    1562    (-,-) 
  sign_shifted_l_reg/clk <<<     -     R     unmapped_d_flop    100    -     1     0    1562    (-,-) 
#-----------------------------------------------------------------------------------------------------



Path 94: MET (1114 ps) Setup Check with Pin sign_not_shifted_l_reg/clk->d
           View: view_1p2_25
          Group: clock1
     Startpoint: (F) fp1_in[23]
          Clock: (R) clock1
       Endpoint: (R) sign_not_shifted_l_reg/d
          Clock: (R) clock1

                     Capture       Launch     
        Clock Edge:+    1562            0     
        Drv Adjust:+       0            0     
       Src Latency:+       0            0     
       Net Latency:+       0 (I)        0 (I) 
           Arrival:=    1562            0     
                                              
             Setup:-      38                  
       Uncertainty:-       0                  
     Required Time:=    1525                  
      Launch Clock:-       0                  
       Input Delay:-       1                  
         Data Path:-     409                  
             Slack:=    1114                  

Exceptions/Constraints:
  input_delay              1              add_fp16.sdc_line_20_12_1   

#------------------------------------------------------------------------------------------------------------
#      Timing Point        Flags    Arc    Edge       Cell         Fanout  Load Trans Delay Arrival Instance 
#                                                                          (fF)  (ps)  (ps)   (ps)  Location 
#------------------------------------------------------------------------------------------------------------
  fp1_in[23]               (u)     -       F     (arrival)              5  16.0     0     0       1    (-,-) 
  g20582/z                 (u)     in_1->z F     unmapped_or2           2   6.4     0    19      20    (-,-) 
  g20589/z                 (u)     in_0->z F     unmapped_complex2      1   3.2     0    17      37    (-,-) 
  g20245/z                 (u)     in_0->z R     unmapped_complex2      1   3.6     0    17      53    (-,-) 
  g20210/z                 (u)     in_1->z F     unmapped_nand2         1   3.2     0    17      70    (-,-) 
  g20197/z                 (u)     in_1->z R     unmapped_nand2         1   3.6     0    17      86    (-,-) 
  g20180/z                 (u)     in_0->z F     unmapped_nand2         1   3.2     0    17     103    (-,-) 
  g20161/z                 (u)     in_0->z R     unmapped_nand2         1   3.6     0    17     120    (-,-) 
  g20146/z                 (u)     in_0->z F     unmapped_nand2         2   6.4     0    19     139    (-,-) 
  g20140/z                 (u)     in_0->z R     unmapped_complex2      2   7.2     0    19     158    (-,-) 
  g20617/z                 (u)     in_0->z F     unmapped_complex2      1   3.2     0    17     174    (-,-) 
  g20119/z                 (u)     in_1->z F     unmapped_complex2      1   3.2     0    17     191    (-,-) 
  g20112/z                 (u)     in_0->z R     unmapped_complex2      1   3.6     0    17     208    (-,-) 
  g20107/z                 (u)     in_1->z F     unmapped_nand2         1   3.2     0    17     224    (-,-) 
  g20098/z                 (u)     in_1->z F     unmapped_complex2      1   3.2     0    17     241    (-,-) 
  g20090/z                 (u)     in_0->z R     unmapped_nand2         1   3.6     0    17     258    (-,-) 
  g20088/z                 (u)     in_0->z F     unmapped_nand2         1   3.2     0    17     274    (-,-) 
  g20080/z                 (u)     in_0->z R     unmapped_nand2        60 216.0     0    62     336    (-,-) 
  g20633/z                 (u)     in_0->z F     unmapped_complex2      1   3.2     0    17     353    (-,-) 
  g19957/z                 (u)     in_1->z R     unmapped_nand2         2   7.2     0    19     372    (-,-) 
  g19850/z                 (u)     in_0->z F     unmapped_complex2      3   9.6     0    22     394    (-,-) 
  g19783/z                 (u)     in_0->z R     unmapped_nand2         1   3.6     0    17     410    (-,-) 
  sign_not_shifted_l_reg/d -       -       R     unmapped_d_flop        1     -     -     0     410    (-,-) 
#------------------------------------------------------------------------------------------------------------

(u) : Net has unmapped pin(s).

Capture clock path:
#---------------------------------------------------------------------------------------------------------
#       Timing Point         Flags   Arc   Edge      Cell        Fanout Load Trans Delay Arrival Instance 
#                                                                       (fF)  (ps)  (ps)   (ps)  Location 
#---------------------------------------------------------------------------------------------------------
  clk                        (i,u)   -     R     (arrival)          100  0.0     0     0    1562    (-,-) 
  sign_not_shifted_l_reg/clk <<<     -     R     unmapped_d_flop    100    -     1     0    1562    (-,-) 
#---------------------------------------------------------------------------------------------------------



Path 95: MET (1277 ps) Setup Check with Pin fp_out_reg[31]/clk->d
           View: view_1p2_25
          Group: clock1
     Startpoint: (R) signs_differ_l_reg/clk
          Clock: (R) clock1
       Endpoint: (R) fp_out_reg[31]/d
          Clock: (R) clock1

                     Capture       Launch     
        Clock Edge:+    1562            0     
       Src Latency:+       0            0     
       Net Latency:+       0 (I)        0 (I) 
           Arrival:=    1562            0     
                                              
             Setup:-      38                  
       Uncertainty:-       0                  
     Required Time:=    1525                  
      Launch Clock:-       0                  
         Data Path:-     248                  
             Slack:=    1277                  

Launch clock path:
#-----------------------------------------------------------------------------------------------------
#     Timing Point       Flags   Arc   Edge      Cell        Fanout Load Trans Delay Arrival Instance 
#                                                                   (fF)  (ps)  (ps)   (ps)  Location 
#-----------------------------------------------------------------------------------------------------
  clk                    (i,u)   -     R     (arrival)          100  0.0     0     0       0    (-,-) 
  signs_differ_l_reg/clk <<<     -     R     unmapped_d_flop    100    -     1     0       0    (-,-) 
#-----------------------------------------------------------------------------------------------------

#----------------------------------------------------------------------------------------------------------
#     Timing Point       Flags    Arc    Edge       Cell         Fanout  Load Trans Delay Arrival Instance 
#                                                                        (fF)  (ps)  (ps)   (ps)  Location 
#----------------------------------------------------------------------------------------------------------
  signs_differ_l_reg/clk -       -       R     (arrival)            100     -     1     0       0    (-,-) 
  signs_differ_l_reg/q   (u)     clk->q  F     unmapped_d_flop       97 310.4     0   164     164    (-,-) 
  g20493/z               (u)     in_1->z F     unmapped_complex2      1   3.2     0    17     181    (-,-) 
  g20594/z               (u)     in_0->z F     unmapped_complex2      1   3.2     0    17     198    (-,-) 
  g20225/z               (u)     in_0->z R     unmapped_nand2         1   3.6     0    17     214    (-,-) 
  g20601/z               (u)     in_0->z F     unmapped_complex2      1   3.2     0    17     231    (-,-) 
  g20607/z               (u)     in_1->z R     unmapped_complex2      1   3.6     0    17     248    (-,-) 
  fp_out_reg[31]/d       -       -       R     unmapped_d_flop        1     -     -     0     248    (-,-) 
#----------------------------------------------------------------------------------------------------------

(u) : Net has unmapped pin(s).

Capture clock path:
#-------------------------------------------------------------------------------------------------
#   Timing Point     Flags   Arc   Edge      Cell        Fanout Load Trans Delay Arrival Instance 
#                                                               (fF)  (ps)  (ps)   (ps)  Location 
#-------------------------------------------------------------------------------------------------
  clk                (i,u)   -     R     (arrival)          100  0.0     0     0    1562    (-,-) 
  fp_out_reg[31]/clk <<<     -     R     unmapped_d_flop    100    -     1     0    1562    (-,-) 
#-------------------------------------------------------------------------------------------------



Path 96: MET (1355 ps) Setup Check with Pin special_result_l_reg[22]/clk->d
           View: view_1p2_25
          Group: clock1
     Startpoint: (R) fp2_in[16]
          Clock: (R) clock1
       Endpoint: (R) special_result_l_reg[22]/d
          Clock: (R) clock1

                     Capture       Launch     
        Clock Edge:+    1562            0     
        Drv Adjust:+       0            0     
       Src Latency:+       0            0     
       Net Latency:+       0 (I)        0 (I) 
           Arrival:=    1562            0     
                                              
             Setup:-      38                  
       Uncertainty:-       0                  
     Required Time:=    1525                  
      Launch Clock:-       0                  
       Input Delay:-       1                  
         Data Path:-     168                  
             Slack:=    1355                  

Exceptions/Constraints:
  input_delay              1              add_fp16.sdc_line_20_51_1   

#-------------------------------------------------------------------------------------------------------------
#       Timing Point         Flags    Arc    Edge       Cell         Fanout Load Trans Delay Arrival Instance 
#                                                                           (fF)  (ps)  (ps)   (ps)  Location 
#-------------------------------------------------------------------------------------------------------------
  fp2_in[16]                 (u)     -       R     (arrival)              3 10.8     0     0       1    (-,-) 
  g20499/z                   (u)     in_1->z R     unmapped_or2           1  3.6     0    17      18    (-,-) 
  g20336/z                   (u)     in_1->z R     unmapped_or2           1  3.6     0    17      34    (-,-) 
  g20219/z                   (u)     in_1->z R     unmapped_or2           1  3.6     0    17      51    (-,-) 
  g20215/z                   (u)     in_1->z R     unmapped_or2           1  3.6     0    17      67    (-,-) 
  g20195/z                   (u)     in_1->z R     unmapped_or2           1  3.6     0    17      84    (-,-) 
  g20610/z                   (u)     in_0->z F     unmapped_complex2      1  3.2     0    17     101    (-,-) 
  g20158/z                   (u)     in_1->z R     unmapped_nand2         2  7.2     0    19     120    (-,-) 
  g20143/z                   (u)     in_0->z F     unmapped_complex2      1  3.2     0    17     136    (-,-) 
  g20134/z                   (u)     in_0->z R     unmapped_nand2         1  3.6     0    17     153    (-,-) 
  g20619/z                   (u)     in_0->z R     unmapped_complex2      1  3.6     0    17     170    (-,-) 
  special_result_l_reg[22]/d -       -       R     unmapped_d_flop        1    -     -     0     170    (-,-) 
#-------------------------------------------------------------------------------------------------------------

(u) : Net has unmapped pin(s).

Capture clock path:
#-----------------------------------------------------------------------------------------------------------
#        Timing Point          Flags   Arc   Edge      Cell        Fanout Load Trans Delay Arrival Instance 
#                                                                         (fF)  (ps)  (ps)   (ps)  Location 
#-----------------------------------------------------------------------------------------------------------
  clk                          (i,u)   -     R     (arrival)          100  0.0     0     0    1562    (-,-) 
  special_result_l_reg[22]/clk <<<     -     R     unmapped_d_flop    100    -     1     0    1562    (-,-) 
#-----------------------------------------------------------------------------------------------------------



Path 97: MET (1364 ps) Setup Check with Pin special_result_l_reg[31]/clk->d
           View: view_1p2_25
          Group: clock1
     Startpoint: (R) fp1_in[27]
          Clock: (R) clock1
       Endpoint: (R) special_result_l_reg[31]/d
          Clock: (R) clock1

                     Capture       Launch     
        Clock Edge:+    1562            0     
        Drv Adjust:+       0            0     
       Src Latency:+       0            0     
       Net Latency:+       0 (I)        0 (I) 
           Arrival:=    1562            0     
                                              
             Setup:-      38                  
       Uncertainty:-       0                  
     Required Time:=    1525                  
      Launch Clock:-       0                  
       Input Delay:-       1                  
         Data Path:-     160                  
             Slack:=    1364                  

Exceptions/Constraints:
  input_delay              1              add_fp16.sdc_line_20_8_1   

#-------------------------------------------------------------------------------------------------------------
#       Timing Point         Flags    Arc    Edge       Cell         Fanout Load Trans Delay Arrival Instance 
#                                                                           (fF)  (ps)  (ps)   (ps)  Location 
#-------------------------------------------------------------------------------------------------------------
  fp1_in[27]                 (u)     -       R     (arrival)              5 18.0     0     0       1    (-,-) 
  g20473/z                   (u)     in_1->z F     unmapped_nand2         1  3.2     0    17      18    (-,-) 
  g20266/z                   (u)     in_1->z F     unmapped_or2           1  3.2     0    17      34    (-,-) 
  g20235/z                   (u)     in_1->z F     unmapped_or2           4 12.8     0    24      59    (-,-) 
  g20206/z                   (u)     in_0->z F     unmapped_or2           2  6.4     0    19      78    (-,-) 
  g20606/z                   (u)     in_0->z F     unmapped_complex2      1  3.2     0    17      94    (-,-) 
  g20173/z                   (u)     in_1->z F     unmapped_complex2      1  3.2     0    17     111    (-,-) 
  g20164/z                   (u)     in_1->z R     unmapped_nand2         1  3.6     0    17     128    (-,-) 
  g20614/z                   (u)     in_1->z F     unmapped_complex2      1  3.2     0    17     144    (-,-) 
  g20138/z                   (u)     in_0->z R     unmapped_nand2         1  3.6     0    17     161    (-,-) 
  special_result_l_reg[31]/d -       -       R     unmapped_d_flop        1    -     -     0     161    (-,-) 
#-------------------------------------------------------------------------------------------------------------

(u) : Net has unmapped pin(s).

Capture clock path:
#-----------------------------------------------------------------------------------------------------------
#        Timing Point          Flags   Arc   Edge      Cell        Fanout Load Trans Delay Arrival Instance 
#                                                                         (fF)  (ps)  (ps)   (ps)  Location 
#-----------------------------------------------------------------------------------------------------------
  clk                          (i,u)   -     R     (arrival)          100  0.0     0     0    1562    (-,-) 
  special_result_l_reg[31]/clk <<<     -     R     unmapped_d_flop    100    -     1     0    1562    (-,-) 
#-----------------------------------------------------------------------------------------------------------



Path 98: MET (1372 ps) Setup Check with Pin special_case_l_reg/clk->d
           View: view_1p2_25
          Group: clock1
     Startpoint: (R) special_case_l_reg/clk
          Clock: (R) clock1
       Endpoint: (R) special_case_l_reg/d
          Clock: (R) clock1

                     Capture       Launch     
        Clock Edge:+    1562            0     
       Src Latency:+       0            0     
       Net Latency:+       0 (I)        0 (I) 
           Arrival:=    1562            0     
                                              
             Setup:-      38                  
       Uncertainty:-       0                  
     Required Time:=    1525                  
      Launch Clock:-       0                  
         Data Path:-     152                  
             Slack:=    1372                  

Launch clock path:
#-----------------------------------------------------------------------------------------------------
#     Timing Point       Flags   Arc   Edge      Cell        Fanout Load Trans Delay Arrival Instance 
#                                                                   (fF)  (ps)  (ps)   (ps)  Location 
#-----------------------------------------------------------------------------------------------------
  clk                    (i,u)   -     R     (arrival)          100  0.0     0     0       0    (-,-) 
  special_case_l_reg/clk <<<     -     R     unmapped_d_flop    100    -     1     0       0    (-,-) 
#-----------------------------------------------------------------------------------------------------

#---------------------------------------------------------------------------------------------------------
#     Timing Point       Flags    Arc    Edge       Cell         Fanout Load Trans Delay Arrival Instance 
#                                                                       (fF)  (ps)  (ps)   (ps)  Location 
#---------------------------------------------------------------------------------------------------------
  special_case_l_reg/clk -       -       R     (arrival)            100    -     1     0       0    (-,-) 
  special_case_l_reg/q   (u)     clk->q  R     unmapped_d_flop        4 14.4     0   119     119    (-,-) 
  g20506/z               (u)     in_1->z F     unmapped_nand2         1  3.2     0    17     136    (-,-) 
  g20611/z               (u)     in_1->z R     unmapped_complex2      1  3.6     0    17     152    (-,-) 
  special_case_l_reg/d   -       -       R     unmapped_d_flop        1    -     -     0     152    (-,-) 
#---------------------------------------------------------------------------------------------------------

(u) : Net has unmapped pin(s).

Capture clock path:
#-----------------------------------------------------------------------------------------------------
#     Timing Point       Flags   Arc   Edge      Cell        Fanout Load Trans Delay Arrival Instance 
#                                                                   (fF)  (ps)  (ps)   (ps)  Location 
#-----------------------------------------------------------------------------------------------------
  clk                    (i,u)   -     R     (arrival)          100  0.0     0     0    1562    (-,-) 
  special_case_l_reg/clk <<<     -     R     unmapped_d_flop    100    -     1     0    1562    (-,-) 
#-----------------------------------------------------------------------------------------------------



Path 99: MET (1375 ps) Setup Check with Pin exp_max_l_reg[7]/clk->d
           View: view_1p2_25
          Group: clock1
     Startpoint: (R) exp_max_l_reg[7]/clk
          Clock: (R) clock1
       Endpoint: (R) exp_max_l_reg[7]/d
          Clock: (R) clock1

                     Capture       Launch     
        Clock Edge:+    1562            0     
       Src Latency:+       0            0     
       Net Latency:+       0 (I)        0 (I) 
           Arrival:=    1562            0     
                                              
             Setup:-      38                  
       Uncertainty:-       0                  
     Required Time:=    1525                  
      Launch Clock:-       0                  
         Data Path:-     150                  
             Slack:=    1375                  

Launch clock path:
#---------------------------------------------------------------------------------------------------
#    Timing Point      Flags   Arc   Edge      Cell        Fanout Load Trans Delay Arrival Instance 
#                                                                 (fF)  (ps)  (ps)   (ps)  Location 
#---------------------------------------------------------------------------------------------------
  clk                  (i,u)   -     R     (arrival)          100  0.0     0     0       0    (-,-) 
  exp_max_l_reg[7]/clk <<<     -     R     unmapped_d_flop    100    -     1     0       0    (-,-) 
#---------------------------------------------------------------------------------------------------

#-----------------------------------------------------------------------------------------------------
#    Timing Point      Flags    Arc    Edge      Cell        Fanout Load Trans Delay Arrival Instance 
#                                                                   (fF)  (ps)  (ps)   (ps)  Location 
#-----------------------------------------------------------------------------------------------------
  exp_max_l_reg[7]/clk -       -       R     (arrival)          100    -     1     0       0    (-,-) 
  exp_max_l_reg[7]/q   (u)     clk->q  R     unmapped_d_flop      3 10.8     0   116     116    (-,-) 
  g20509/z             (u)     in_1->z F     unmapped_nand2       1  3.2     0    17     133    (-,-) 
  g19791/z             (u)     in_1->z R     unmapped_nand2       1  3.6     0    17     150    (-,-) 
  exp_max_l_reg[7]/d   -       -       R     unmapped_d_flop      1    -     -     0     150    (-,-) 
#-----------------------------------------------------------------------------------------------------

(u) : Net has unmapped pin(s).

Capture clock path:
#---------------------------------------------------------------------------------------------------
#    Timing Point      Flags   Arc   Edge      Cell        Fanout Load Trans Delay Arrival Instance 
#                                                                 (fF)  (ps)  (ps)   (ps)  Location 
#---------------------------------------------------------------------------------------------------
  clk                  (i,u)   -     R     (arrival)          100  0.0     0     0    1562    (-,-) 
  exp_max_l_reg[7]/clk <<<     -     R     unmapped_d_flop    100    -     1     0    1562    (-,-) 
#---------------------------------------------------------------------------------------------------



Path 100: MET (1378 ps) Setup Check with Pin start_l_reg/clk->d
           View: view_1p2_25
          Group: clock1
     Startpoint: (R) start_l_reg/clk
          Clock: (R) clock1
       Endpoint: (R) start_l_reg/d
          Clock: (R) clock1

                     Capture       Launch     
        Clock Edge:+    1562            0     
       Src Latency:+       0            0     
       Net Latency:+       0 (I)        0 (I) 
           Arrival:=    1562            0     
                                              
             Setup:-      38                  
       Uncertainty:-       0                  
     Required Time:=    1525                  
      Launch Clock:-       0                  
         Data Path:-     147                  
             Slack:=    1378                  

Launch clock path:
#----------------------------------------------------------------------------------------------
#  Timing Point   Flags   Arc   Edge      Cell        Fanout Load Trans Delay Arrival Instance 
#                                                            (fF)  (ps)  (ps)   (ps)  Location 
#----------------------------------------------------------------------------------------------
  clk             (i,u)   -     R     (arrival)          100  0.0     0     0       0    (-,-) 
  start_l_reg/clk <<<     -     R     unmapped_d_flop    100    -     1     0       0    (-,-) 
#----------------------------------------------------------------------------------------------

#------------------------------------------------------------------------------------------------
#  Timing Point   Flags    Arc    Edge      Cell        Fanout Load Trans Delay Arrival Instance 
#                                                              (fF)  (ps)  (ps)   (ps)  Location 
#------------------------------------------------------------------------------------------------
  start_l_reg/clk -       -       R     (arrival)          100    -     1     0       0    (-,-) 
  start_l_reg/q   (u)     clk->q  R     unmapped_d_flop      2  7.2     0   114     114    (-,-) 
  g20492/z        (u)     in_1->z F     unmapped_nand2       1  3.2     0    17     130    (-,-) 
  g20333/z        (u)     in_1->z R     unmapped_nand2       1  3.6     0    17     147    (-,-) 
  start_l_reg/d   -       -       R     unmapped_d_flop      1    -     -     0     147    (-,-) 
#------------------------------------------------------------------------------------------------

(u) : Net has unmapped pin(s).

Capture clock path:
#----------------------------------------------------------------------------------------------
#  Timing Point   Flags   Arc   Edge      Cell        Fanout Load Trans Delay Arrival Instance 
#                                                            (fF)  (ps)  (ps)   (ps)  Location 
#----------------------------------------------------------------------------------------------
  clk             (i,u)   -     R     (arrival)          100  0.0     0     0    1562    (-,-) 
  start_l_reg/clk <<<     -     R     unmapped_d_flop    100    -     1     0    1562    (-,-) 
#----------------------------------------------------------------------------------------------



Path 101: MET (1434 ps) Late External Delay Assertion at pin done
           View: view_1p2_25
          Group: clock1
     Startpoint: (R) start_l_reg/clk
          Clock: (R) clock1
       Endpoint: (R) done
          Clock: (R) clock1

                     Capture       Launch     
        Clock Edge:+    1562            0     
       Src Latency:+       0            0     
       Net Latency:+       0 (I)        0 (I) 
           Arrival:=    1562            0     
                                              
      Output Delay:-       1                  
       Uncertainty:-       0                  
     Required Time:=    1561                  
      Launch Clock:-       0                  
         Data Path:-     127                  
             Slack:=    1434                  

Exceptions/Constraints:
  output_delay              1              add_fp16.sdc_line_21_98_1   

Launch clock path:
#----------------------------------------------------------------------------------------------
#  Timing Point   Flags   Arc   Edge      Cell        Fanout Load Trans Delay Arrival Instance 
#                                                            (fF)  (ps)  (ps)   (ps)  Location 
#----------------------------------------------------------------------------------------------
  clk             (i,u)   -     R     (arrival)          100  0.0     0     0       0    (-,-) 
  start_l_reg/clk <<<     -     R     unmapped_d_flop    100    -     1     0       0    (-,-) 
#----------------------------------------------------------------------------------------------

#--------------------------------------------------------------------------------------------------
#  Timing Point   Flags    Arc    Edge       Cell         Fanout Load Trans Delay Arrival Instance 
#                                                                (fF)  (ps)  (ps)   (ps)  Location 
#--------------------------------------------------------------------------------------------------
  start_l_reg/clk -       -       R     (arrival)            100    -     1     0       0    (-,-) 
  start_l_reg/q   (u)     clk->q  R     unmapped_d_flop        2  7.2     0   114     114    (-,-) 
  g20584/z        (u)     in_0->z R     unmapped_complex2      1  0.3     0    14     127    (-,-) 
  done            -       -       R     (port)                 -    -     -     0     127    (-,-) 
#--------------------------------------------------------------------------------------------------

(u) : Net has unmapped pin(s).



Path 102: MET (1450 ps) Late External Delay Assertion at pin fp_out[0]
           View: view_1p2_25
          Group: clock1
     Startpoint: (R) fp_out_reg[0]/clk
          Clock: (R) clock1
       Endpoint: (R) fp_out[0]
          Clock: (R) clock1

                     Capture       Launch     
        Clock Edge:+    1562            0     
       Src Latency:+       0            0     
       Net Latency:+       0 (I)        0 (I) 
           Arrival:=    1562            0     
                                              
      Output Delay:-       1                  
       Uncertainty:-       0                  
     Required Time:=    1561                  
      Launch Clock:-       0                  
         Data Path:-     111                  
             Slack:=    1450                  

Exceptions/Constraints:
  output_delay              1              add_fp16.sdc_line_21_97_1   

Launch clock path:
#------------------------------------------------------------------------------------------------
#   Timing Point    Flags   Arc   Edge      Cell        Fanout Load Trans Delay Arrival Instance 
#                                                              (fF)  (ps)  (ps)   (ps)  Location 
#------------------------------------------------------------------------------------------------
  clk               (i,u)   -     R     (arrival)          100  0.0     0     0       0    (-,-) 
  fp_out_reg[0]/clk <<<     -     R     unmapped_d_flop    100    -     1     0       0    (-,-) 
#------------------------------------------------------------------------------------------------

#-------------------------------------------------------------------------------------------------
#   Timing Point    Flags    Arc   Edge      Cell        Fanout Load Trans Delay Arrival Instance 
#                                                               (fF)  (ps)  (ps)   (ps)  Location 
#-------------------------------------------------------------------------------------------------
  fp_out_reg[0]/clk -       -      R     (arrival)          100    -     1     0       0    (-,-) 
  fp_out_reg[0]/q   (u)     clk->q R     unmapped_d_flop      2  3.9     0   111     111    (-,-) 
  fp_out[0]         -       -      R     (port)               -    -     -     0     111    (-,-) 
#-------------------------------------------------------------------------------------------------

(u) : Net has unmapped pin(s).



Path 103: MET (1450 ps) Late External Delay Assertion at pin fp_out[1]
           View: view_1p2_25
          Group: clock1
     Startpoint: (R) fp_out_reg[1]/clk
          Clock: (R) clock1
       Endpoint: (R) fp_out[1]
          Clock: (R) clock1

                     Capture       Launch     
        Clock Edge:+    1562            0     
       Src Latency:+       0            0     
       Net Latency:+       0 (I)        0 (I) 
           Arrival:=    1562            0     
                                              
      Output Delay:-       1                  
       Uncertainty:-       0                  
     Required Time:=    1561                  
      Launch Clock:-       0                  
         Data Path:-     111                  
             Slack:=    1450                  

Exceptions/Constraints:
  output_delay              1              add_fp16.sdc_line_21_96_1   

Launch clock path:
#------------------------------------------------------------------------------------------------
#   Timing Point    Flags   Arc   Edge      Cell        Fanout Load Trans Delay Arrival Instance 
#                                                              (fF)  (ps)  (ps)   (ps)  Location 
#------------------------------------------------------------------------------------------------
  clk               (i,u)   -     R     (arrival)          100  0.0     0     0       0    (-,-) 
  fp_out_reg[1]/clk <<<     -     R     unmapped_d_flop    100    -     1     0       0    (-,-) 
#------------------------------------------------------------------------------------------------

#-------------------------------------------------------------------------------------------------
#   Timing Point    Flags    Arc   Edge      Cell        Fanout Load Trans Delay Arrival Instance 
#                                                               (fF)  (ps)  (ps)   (ps)  Location 
#-------------------------------------------------------------------------------------------------
  fp_out_reg[1]/clk -       -      R     (arrival)          100    -     1     0       0    (-,-) 
  fp_out_reg[1]/q   (u)     clk->q R     unmapped_d_flop      2  3.9     0   111     111    (-,-) 
  fp_out[1]         -       -      R     (port)               -    -     -     0     111    (-,-) 
#-------------------------------------------------------------------------------------------------

(u) : Net has unmapped pin(s).



Path 104: MET (1450 ps) Late External Delay Assertion at pin fp_out[2]
           View: view_1p2_25
          Group: clock1
     Startpoint: (R) fp_out_reg[2]/clk
          Clock: (R) clock1
       Endpoint: (R) fp_out[2]
          Clock: (R) clock1

                     Capture       Launch     
        Clock Edge:+    1562            0     
       Src Latency:+       0            0     
       Net Latency:+       0 (I)        0 (I) 
           Arrival:=    1562            0     
                                              
      Output Delay:-       1                  
       Uncertainty:-       0                  
     Required Time:=    1561                  
      Launch Clock:-       0                  
         Data Path:-     111                  
             Slack:=    1450                  

Exceptions/Constraints:
  output_delay              1              add_fp16.sdc_line_21_95_1   

Launch clock path:
#------------------------------------------------------------------------------------------------
#   Timing Point    Flags   Arc   Edge      Cell        Fanout Load Trans Delay Arrival Instance 
#                                                              (fF)  (ps)  (ps)   (ps)  Location 
#------------------------------------------------------------------------------------------------
  clk               (i,u)   -     R     (arrival)          100  0.0     0     0       0    (-,-) 
  fp_out_reg[2]/clk <<<     -     R     unmapped_d_flop    100    -     1     0       0    (-,-) 
#------------------------------------------------------------------------------------------------

#-------------------------------------------------------------------------------------------------
#   Timing Point    Flags    Arc   Edge      Cell        Fanout Load Trans Delay Arrival Instance 
#                                                               (fF)  (ps)  (ps)   (ps)  Location 
#-------------------------------------------------------------------------------------------------
  fp_out_reg[2]/clk -       -      R     (arrival)          100    -     1     0       0    (-,-) 
  fp_out_reg[2]/q   (u)     clk->q R     unmapped_d_flop      2  3.9     0   111     111    (-,-) 
  fp_out[2]         -       -      R     (port)               -    -     -     0     111    (-,-) 
#-------------------------------------------------------------------------------------------------

(u) : Net has unmapped pin(s).



Path 105: MET (1450 ps) Late External Delay Assertion at pin fp_out[3]
           View: view_1p2_25
          Group: clock1
     Startpoint: (R) fp_out_reg[3]/clk
          Clock: (R) clock1
       Endpoint: (R) fp_out[3]
          Clock: (R) clock1

                     Capture       Launch     
        Clock Edge:+    1562            0     
       Src Latency:+       0            0     
       Net Latency:+       0 (I)        0 (I) 
           Arrival:=    1562            0     
                                              
      Output Delay:-       1                  
       Uncertainty:-       0                  
     Required Time:=    1561                  
      Launch Clock:-       0                  
         Data Path:-     111                  
             Slack:=    1450                  

Exceptions/Constraints:
  output_delay              1              add_fp16.sdc_line_21_94_1   

Launch clock path:
#------------------------------------------------------------------------------------------------
#   Timing Point    Flags   Arc   Edge      Cell        Fanout Load Trans Delay Arrival Instance 
#                                                              (fF)  (ps)  (ps)   (ps)  Location 
#------------------------------------------------------------------------------------------------
  clk               (i,u)   -     R     (arrival)          100  0.0     0     0       0    (-,-) 
  fp_out_reg[3]/clk <<<     -     R     unmapped_d_flop    100    -     1     0       0    (-,-) 
#------------------------------------------------------------------------------------------------

#-------------------------------------------------------------------------------------------------
#   Timing Point    Flags    Arc   Edge      Cell        Fanout Load Trans Delay Arrival Instance 
#                                                               (fF)  (ps)  (ps)   (ps)  Location 
#-------------------------------------------------------------------------------------------------
  fp_out_reg[3]/clk -       -      R     (arrival)          100    -     1     0       0    (-,-) 
  fp_out_reg[3]/q   (u)     clk->q R     unmapped_d_flop      2  3.9     0   111     111    (-,-) 
  fp_out[3]         -       -      R     (port)               -    -     -     0     111    (-,-) 
#-------------------------------------------------------------------------------------------------

(u) : Net has unmapped pin(s).



Path 106: MET (1450 ps) Late External Delay Assertion at pin fp_out[4]
           View: view_1p2_25
          Group: clock1
     Startpoint: (R) fp_out_reg[4]/clk
          Clock: (R) clock1
       Endpoint: (R) fp_out[4]
          Clock: (R) clock1

                     Capture       Launch     
        Clock Edge:+    1562            0     
       Src Latency:+       0            0     
       Net Latency:+       0 (I)        0 (I) 
           Arrival:=    1562            0     
                                              
      Output Delay:-       1                  
       Uncertainty:-       0                  
     Required Time:=    1561                  
      Launch Clock:-       0                  
         Data Path:-     111                  
             Slack:=    1450                  

Exceptions/Constraints:
  output_delay              1              add_fp16.sdc_line_21_93_1   

Launch clock path:
#------------------------------------------------------------------------------------------------
#   Timing Point    Flags   Arc   Edge      Cell        Fanout Load Trans Delay Arrival Instance 
#                                                              (fF)  (ps)  (ps)   (ps)  Location 
#------------------------------------------------------------------------------------------------
  clk               (i,u)   -     R     (arrival)          100  0.0     0     0       0    (-,-) 
  fp_out_reg[4]/clk <<<     -     R     unmapped_d_flop    100    -     1     0       0    (-,-) 
#------------------------------------------------------------------------------------------------

#-------------------------------------------------------------------------------------------------
#   Timing Point    Flags    Arc   Edge      Cell        Fanout Load Trans Delay Arrival Instance 
#                                                               (fF)  (ps)  (ps)   (ps)  Location 
#-------------------------------------------------------------------------------------------------
  fp_out_reg[4]/clk -       -      R     (arrival)          100    -     1     0       0    (-,-) 
  fp_out_reg[4]/q   (u)     clk->q R     unmapped_d_flop      2  3.9     0   111     111    (-,-) 
  fp_out[4]         -       -      R     (port)               -    -     -     0     111    (-,-) 
#-------------------------------------------------------------------------------------------------

(u) : Net has unmapped pin(s).



Path 107: MET (1450 ps) Late External Delay Assertion at pin fp_out[5]
           View: view_1p2_25
          Group: clock1
     Startpoint: (R) fp_out_reg[5]/clk
          Clock: (R) clock1
       Endpoint: (R) fp_out[5]
          Clock: (R) clock1

                     Capture       Launch     
        Clock Edge:+    1562            0     
       Src Latency:+       0            0     
       Net Latency:+       0 (I)        0 (I) 
           Arrival:=    1562            0     
                                              
      Output Delay:-       1                  
       Uncertainty:-       0                  
     Required Time:=    1561                  
      Launch Clock:-       0                  
         Data Path:-     111                  
             Slack:=    1450                  

Exceptions/Constraints:
  output_delay              1              add_fp16.sdc_line_21_92_1   

Launch clock path:
#------------------------------------------------------------------------------------------------
#   Timing Point    Flags   Arc   Edge      Cell        Fanout Load Trans Delay Arrival Instance 
#                                                              (fF)  (ps)  (ps)   (ps)  Location 
#------------------------------------------------------------------------------------------------
  clk               (i,u)   -     R     (arrival)          100  0.0     0     0       0    (-,-) 
  fp_out_reg[5]/clk <<<     -     R     unmapped_d_flop    100    -     1     0       0    (-,-) 
#------------------------------------------------------------------------------------------------

#-------------------------------------------------------------------------------------------------
#   Timing Point    Flags    Arc   Edge      Cell        Fanout Load Trans Delay Arrival Instance 
#                                                               (fF)  (ps)  (ps)   (ps)  Location 
#-------------------------------------------------------------------------------------------------
  fp_out_reg[5]/clk -       -      R     (arrival)          100    -     1     0       0    (-,-) 
  fp_out_reg[5]/q   (u)     clk->q R     unmapped_d_flop      2  3.9     0   111     111    (-,-) 
  fp_out[5]         -       -      R     (port)               -    -     -     0     111    (-,-) 
#-------------------------------------------------------------------------------------------------

(u) : Net has unmapped pin(s).



Path 108: MET (1450 ps) Late External Delay Assertion at pin fp_out[6]
           View: view_1p2_25
          Group: clock1
     Startpoint: (R) fp_out_reg[6]/clk
          Clock: (R) clock1
       Endpoint: (R) fp_out[6]
          Clock: (R) clock1

                     Capture       Launch     
        Clock Edge:+    1562            0     
       Src Latency:+       0            0     
       Net Latency:+       0 (I)        0 (I) 
           Arrival:=    1562            0     
                                              
      Output Delay:-       1                  
       Uncertainty:-       0                  
     Required Time:=    1561                  
      Launch Clock:-       0                  
         Data Path:-     111                  
             Slack:=    1450                  

Exceptions/Constraints:
  output_delay              1              add_fp16.sdc_line_21_91_1   

Launch clock path:
#------------------------------------------------------------------------------------------------
#   Timing Point    Flags   Arc   Edge      Cell        Fanout Load Trans Delay Arrival Instance 
#                                                              (fF)  (ps)  (ps)   (ps)  Location 
#------------------------------------------------------------------------------------------------
  clk               (i,u)   -     R     (arrival)          100  0.0     0     0       0    (-,-) 
  fp_out_reg[6]/clk <<<     -     R     unmapped_d_flop    100    -     1     0       0    (-,-) 
#------------------------------------------------------------------------------------------------

#-------------------------------------------------------------------------------------------------
#   Timing Point    Flags    Arc   Edge      Cell        Fanout Load Trans Delay Arrival Instance 
#                                                               (fF)  (ps)  (ps)   (ps)  Location 
#-------------------------------------------------------------------------------------------------
  fp_out_reg[6]/clk -       -      R     (arrival)          100    -     1     0       0    (-,-) 
  fp_out_reg[6]/q   (u)     clk->q R     unmapped_d_flop      2  3.9     0   111     111    (-,-) 
  fp_out[6]         -       -      R     (port)               -    -     -     0     111    (-,-) 
#-------------------------------------------------------------------------------------------------

(u) : Net has unmapped pin(s).



Path 109: MET (1450 ps) Late External Delay Assertion at pin fp_out[7]
           View: view_1p2_25
          Group: clock1
     Startpoint: (R) fp_out_reg[7]/clk
          Clock: (R) clock1
       Endpoint: (R) fp_out[7]
          Clock: (R) clock1

                     Capture       Launch     
        Clock Edge:+    1562            0     
       Src Latency:+       0            0     
       Net Latency:+       0 (I)        0 (I) 
           Arrival:=    1562            0     
                                              
      Output Delay:-       1                  
       Uncertainty:-       0                  
     Required Time:=    1561                  
      Launch Clock:-       0                  
         Data Path:-     111                  
             Slack:=    1450                  

Exceptions/Constraints:
  output_delay              1              add_fp16.sdc_line_21_90_1   

Launch clock path:
#------------------------------------------------------------------------------------------------
#   Timing Point    Flags   Arc   Edge      Cell        Fanout Load Trans Delay Arrival Instance 
#                                                              (fF)  (ps)  (ps)   (ps)  Location 
#------------------------------------------------------------------------------------------------
  clk               (i,u)   -     R     (arrival)          100  0.0     0     0       0    (-,-) 
  fp_out_reg[7]/clk <<<     -     R     unmapped_d_flop    100    -     1     0       0    (-,-) 
#------------------------------------------------------------------------------------------------

#-------------------------------------------------------------------------------------------------
#   Timing Point    Flags    Arc   Edge      Cell        Fanout Load Trans Delay Arrival Instance 
#                                                               (fF)  (ps)  (ps)   (ps)  Location 
#-------------------------------------------------------------------------------------------------
  fp_out_reg[7]/clk -       -      R     (arrival)          100    -     1     0       0    (-,-) 
  fp_out_reg[7]/q   (u)     clk->q R     unmapped_d_flop      2  3.9     0   111     111    (-,-) 
  fp_out[7]         -       -      R     (port)               -    -     -     0     111    (-,-) 
#-------------------------------------------------------------------------------------------------

(u) : Net has unmapped pin(s).



Path 110: MET (1450 ps) Late External Delay Assertion at pin fp_out[8]
           View: view_1p2_25
          Group: clock1
     Startpoint: (R) fp_out_reg[8]/clk
          Clock: (R) clock1
       Endpoint: (R) fp_out[8]
          Clock: (R) clock1

                     Capture       Launch     
        Clock Edge:+    1562            0     
       Src Latency:+       0            0     
       Net Latency:+       0 (I)        0 (I) 
           Arrival:=    1562            0     
                                              
      Output Delay:-       1                  
       Uncertainty:-       0                  
     Required Time:=    1561                  
      Launch Clock:-       0                  
         Data Path:-     111                  
             Slack:=    1450                  

Exceptions/Constraints:
  output_delay              1              add_fp16.sdc_line_21_89_1   

Launch clock path:
#------------------------------------------------------------------------------------------------
#   Timing Point    Flags   Arc   Edge      Cell        Fanout Load Trans Delay Arrival Instance 
#                                                              (fF)  (ps)  (ps)   (ps)  Location 
#------------------------------------------------------------------------------------------------
  clk               (i,u)   -     R     (arrival)          100  0.0     0     0       0    (-,-) 
  fp_out_reg[8]/clk <<<     -     R     unmapped_d_flop    100    -     1     0       0    (-,-) 
#------------------------------------------------------------------------------------------------

#-------------------------------------------------------------------------------------------------
#   Timing Point    Flags    Arc   Edge      Cell        Fanout Load Trans Delay Arrival Instance 
#                                                               (fF)  (ps)  (ps)   (ps)  Location 
#-------------------------------------------------------------------------------------------------
  fp_out_reg[8]/clk -       -      R     (arrival)          100    -     1     0       0    (-,-) 
  fp_out_reg[8]/q   (u)     clk->q R     unmapped_d_flop      2  3.9     0   111     111    (-,-) 
  fp_out[8]         -       -      R     (port)               -    -     -     0     111    (-,-) 
#-------------------------------------------------------------------------------------------------

(u) : Net has unmapped pin(s).



Path 111: MET (1450 ps) Late External Delay Assertion at pin fp_out[9]
           View: view_1p2_25
          Group: clock1
     Startpoint: (R) fp_out_reg[9]/clk
          Clock: (R) clock1
       Endpoint: (R) fp_out[9]
          Clock: (R) clock1

                     Capture       Launch     
        Clock Edge:+    1562            0     
       Src Latency:+       0            0     
       Net Latency:+       0 (I)        0 (I) 
           Arrival:=    1562            0     
                                              
      Output Delay:-       1                  
       Uncertainty:-       0                  
     Required Time:=    1561                  
      Launch Clock:-       0                  
         Data Path:-     111                  
             Slack:=    1450                  

Exceptions/Constraints:
  output_delay              1              add_fp16.sdc_line_21_88_1   

Launch clock path:
#------------------------------------------------------------------------------------------------
#   Timing Point    Flags   Arc   Edge      Cell        Fanout Load Trans Delay Arrival Instance 
#                                                              (fF)  (ps)  (ps)   (ps)  Location 
#------------------------------------------------------------------------------------------------
  clk               (i,u)   -     R     (arrival)          100  0.0     0     0       0    (-,-) 
  fp_out_reg[9]/clk <<<     -     R     unmapped_d_flop    100    -     1     0       0    (-,-) 
#------------------------------------------------------------------------------------------------

#-------------------------------------------------------------------------------------------------
#   Timing Point    Flags    Arc   Edge      Cell        Fanout Load Trans Delay Arrival Instance 
#                                                               (fF)  (ps)  (ps)   (ps)  Location 
#-------------------------------------------------------------------------------------------------
  fp_out_reg[9]/clk -       -      R     (arrival)          100    -     1     0       0    (-,-) 
  fp_out_reg[9]/q   (u)     clk->q R     unmapped_d_flop      2  3.9     0   111     111    (-,-) 
  fp_out[9]         -       -      R     (port)               -    -     -     0     111    (-,-) 
#-------------------------------------------------------------------------------------------------

(u) : Net has unmapped pin(s).



Path 112: MET (1450 ps) Late External Delay Assertion at pin fp_out[10]
           View: view_1p2_25
          Group: clock1
     Startpoint: (R) fp_out_reg[10]/clk
          Clock: (R) clock1
       Endpoint: (R) fp_out[10]
          Clock: (R) clock1

                     Capture       Launch     
        Clock Edge:+    1562            0     
       Src Latency:+       0            0     
       Net Latency:+       0 (I)        0 (I) 
           Arrival:=    1562            0     
                                              
      Output Delay:-       1                  
       Uncertainty:-       0                  
     Required Time:=    1561                  
      Launch Clock:-       0                  
         Data Path:-     111                  
             Slack:=    1450                  

Exceptions/Constraints:
  output_delay              1              add_fp16.sdc_line_21_87_1   

Launch clock path:
#-------------------------------------------------------------------------------------------------
#   Timing Point     Flags   Arc   Edge      Cell        Fanout Load Trans Delay Arrival Instance 
#                                                               (fF)  (ps)  (ps)   (ps)  Location 
#-------------------------------------------------------------------------------------------------
  clk                (i,u)   -     R     (arrival)          100  0.0     0     0       0    (-,-) 
  fp_out_reg[10]/clk <<<     -     R     unmapped_d_flop    100    -     1     0       0    (-,-) 
#-------------------------------------------------------------------------------------------------

#--------------------------------------------------------------------------------------------------
#   Timing Point     Flags    Arc   Edge      Cell        Fanout Load Trans Delay Arrival Instance 
#                                                                (fF)  (ps)  (ps)   (ps)  Location 
#--------------------------------------------------------------------------------------------------
  fp_out_reg[10]/clk -       -      R     (arrival)          100    -     1     0       0    (-,-) 
  fp_out_reg[10]/q   (u)     clk->q R     unmapped_d_flop      2  3.9     0   111     111    (-,-) 
  fp_out[10]         -       -      R     (port)               -    -     -     0     111    (-,-) 
#--------------------------------------------------------------------------------------------------

(u) : Net has unmapped pin(s).



Path 113: MET (1450 ps) Late External Delay Assertion at pin fp_out[11]
           View: view_1p2_25
          Group: clock1
     Startpoint: (R) fp_out_reg[11]/clk
          Clock: (R) clock1
       Endpoint: (R) fp_out[11]
          Clock: (R) clock1

                     Capture       Launch     
        Clock Edge:+    1562            0     
       Src Latency:+       0            0     
       Net Latency:+       0 (I)        0 (I) 
           Arrival:=    1562            0     
                                              
      Output Delay:-       1                  
       Uncertainty:-       0                  
     Required Time:=    1561                  
      Launch Clock:-       0                  
         Data Path:-     111                  
             Slack:=    1450                  

Exceptions/Constraints:
  output_delay              1              add_fp16.sdc_line_21_86_1   

Launch clock path:
#-------------------------------------------------------------------------------------------------
#   Timing Point     Flags   Arc   Edge      Cell        Fanout Load Trans Delay Arrival Instance 
#                                                               (fF)  (ps)  (ps)   (ps)  Location 
#-------------------------------------------------------------------------------------------------
  clk                (i,u)   -     R     (arrival)          100  0.0     0     0       0    (-,-) 
  fp_out_reg[11]/clk <<<     -     R     unmapped_d_flop    100    -     1     0       0    (-,-) 
#-------------------------------------------------------------------------------------------------

#--------------------------------------------------------------------------------------------------
#   Timing Point     Flags    Arc   Edge      Cell        Fanout Load Trans Delay Arrival Instance 
#                                                                (fF)  (ps)  (ps)   (ps)  Location 
#--------------------------------------------------------------------------------------------------
  fp_out_reg[11]/clk -       -      R     (arrival)          100    -     1     0       0    (-,-) 
  fp_out_reg[11]/q   (u)     clk->q R     unmapped_d_flop      2  3.9     0   111     111    (-,-) 
  fp_out[11]         -       -      R     (port)               -    -     -     0     111    (-,-) 
#--------------------------------------------------------------------------------------------------

(u) : Net has unmapped pin(s).



Path 114: MET (1450 ps) Late External Delay Assertion at pin fp_out[12]
           View: view_1p2_25
          Group: clock1
     Startpoint: (R) fp_out_reg[12]/clk
          Clock: (R) clock1
       Endpoint: (R) fp_out[12]
          Clock: (R) clock1

                     Capture       Launch     
        Clock Edge:+    1562            0     
       Src Latency:+       0            0     
       Net Latency:+       0 (I)        0 (I) 
           Arrival:=    1562            0     
                                              
      Output Delay:-       1                  
       Uncertainty:-       0                  
     Required Time:=    1561                  
      Launch Clock:-       0                  
         Data Path:-     111                  
             Slack:=    1450                  

Exceptions/Constraints:
  output_delay              1              add_fp16.sdc_line_21_85_1   

Launch clock path:
#-------------------------------------------------------------------------------------------------
#   Timing Point     Flags   Arc   Edge      Cell        Fanout Load Trans Delay Arrival Instance 
#                                                               (fF)  (ps)  (ps)   (ps)  Location 
#-------------------------------------------------------------------------------------------------
  clk                (i,u)   -     R     (arrival)          100  0.0     0     0       0    (-,-) 
  fp_out_reg[12]/clk <<<     -     R     unmapped_d_flop    100    -     1     0       0    (-,-) 
#-------------------------------------------------------------------------------------------------

#--------------------------------------------------------------------------------------------------
#   Timing Point     Flags    Arc   Edge      Cell        Fanout Load Trans Delay Arrival Instance 
#                                                                (fF)  (ps)  (ps)   (ps)  Location 
#--------------------------------------------------------------------------------------------------
  fp_out_reg[12]/clk -       -      R     (arrival)          100    -     1     0       0    (-,-) 
  fp_out_reg[12]/q   (u)     clk->q R     unmapped_d_flop      2  3.9     0   111     111    (-,-) 
  fp_out[12]         -       -      R     (port)               -    -     -     0     111    (-,-) 
#--------------------------------------------------------------------------------------------------

(u) : Net has unmapped pin(s).



Path 115: MET (1450 ps) Late External Delay Assertion at pin fp_out[13]
           View: view_1p2_25
          Group: clock1
     Startpoint: (R) fp_out_reg[13]/clk
          Clock: (R) clock1
       Endpoint: (R) fp_out[13]
          Clock: (R) clock1

                     Capture       Launch     
        Clock Edge:+    1562            0     
       Src Latency:+       0            0     
       Net Latency:+       0 (I)        0 (I) 
           Arrival:=    1562            0     
                                              
      Output Delay:-       1                  
       Uncertainty:-       0                  
     Required Time:=    1561                  
      Launch Clock:-       0                  
         Data Path:-     111                  
             Slack:=    1450                  

Exceptions/Constraints:
  output_delay              1              add_fp16.sdc_line_21_84_1   

Launch clock path:
#-------------------------------------------------------------------------------------------------
#   Timing Point     Flags   Arc   Edge      Cell        Fanout Load Trans Delay Arrival Instance 
#                                                               (fF)  (ps)  (ps)   (ps)  Location 
#-------------------------------------------------------------------------------------------------
  clk                (i,u)   -     R     (arrival)          100  0.0     0     0       0    (-,-) 
  fp_out_reg[13]/clk <<<     -     R     unmapped_d_flop    100    -     1     0       0    (-,-) 
#-------------------------------------------------------------------------------------------------

#--------------------------------------------------------------------------------------------------
#   Timing Point     Flags    Arc   Edge      Cell        Fanout Load Trans Delay Arrival Instance 
#                                                                (fF)  (ps)  (ps)   (ps)  Location 
#--------------------------------------------------------------------------------------------------
  fp_out_reg[13]/clk -       -      R     (arrival)          100    -     1     0       0    (-,-) 
  fp_out_reg[13]/q   (u)     clk->q R     unmapped_d_flop      2  3.9     0   111     111    (-,-) 
  fp_out[13]         -       -      R     (port)               -    -     -     0     111    (-,-) 
#--------------------------------------------------------------------------------------------------

(u) : Net has unmapped pin(s).



Path 116: MET (1450 ps) Late External Delay Assertion at pin fp_out[14]
           View: view_1p2_25
          Group: clock1
     Startpoint: (R) fp_out_reg[14]/clk
          Clock: (R) clock1
       Endpoint: (R) fp_out[14]
          Clock: (R) clock1

                     Capture       Launch     
        Clock Edge:+    1562            0     
       Src Latency:+       0            0     
       Net Latency:+       0 (I)        0 (I) 
           Arrival:=    1562            0     
                                              
      Output Delay:-       1                  
       Uncertainty:-       0                  
     Required Time:=    1561                  
      Launch Clock:-       0                  
         Data Path:-     111                  
             Slack:=    1450                  

Exceptions/Constraints:
  output_delay              1              add_fp16.sdc_line_21_83_1   

Launch clock path:
#-------------------------------------------------------------------------------------------------
#   Timing Point     Flags   Arc   Edge      Cell        Fanout Load Trans Delay Arrival Instance 
#                                                               (fF)  (ps)  (ps)   (ps)  Location 
#-------------------------------------------------------------------------------------------------
  clk                (i,u)   -     R     (arrival)          100  0.0     0     0       0    (-,-) 
  fp_out_reg[14]/clk <<<     -     R     unmapped_d_flop    100    -     1     0       0    (-,-) 
#-------------------------------------------------------------------------------------------------

#--------------------------------------------------------------------------------------------------
#   Timing Point     Flags    Arc   Edge      Cell        Fanout Load Trans Delay Arrival Instance 
#                                                                (fF)  (ps)  (ps)   (ps)  Location 
#--------------------------------------------------------------------------------------------------
  fp_out_reg[14]/clk -       -      R     (arrival)          100    -     1     0       0    (-,-) 
  fp_out_reg[14]/q   (u)     clk->q R     unmapped_d_flop      2  3.9     0   111     111    (-,-) 
  fp_out[14]         -       -      R     (port)               -    -     -     0     111    (-,-) 
#--------------------------------------------------------------------------------------------------

(u) : Net has unmapped pin(s).



Path 117: MET (1450 ps) Late External Delay Assertion at pin fp_out[15]
           View: view_1p2_25
          Group: clock1
     Startpoint: (R) fp_out_reg[15]/clk
          Clock: (R) clock1
       Endpoint: (R) fp_out[15]
          Clock: (R) clock1

                     Capture       Launch     
        Clock Edge:+    1562            0     
       Src Latency:+       0            0     
       Net Latency:+       0 (I)        0 (I) 
           Arrival:=    1562            0     
                                              
      Output Delay:-       1                  
       Uncertainty:-       0                  
     Required Time:=    1561                  
      Launch Clock:-       0                  
         Data Path:-     111                  
             Slack:=    1450                  

Exceptions/Constraints:
  output_delay              1              add_fp16.sdc_line_21_82_1   

Launch clock path:
#-------------------------------------------------------------------------------------------------
#   Timing Point     Flags   Arc   Edge      Cell        Fanout Load Trans Delay Arrival Instance 
#                                                               (fF)  (ps)  (ps)   (ps)  Location 
#-------------------------------------------------------------------------------------------------
  clk                (i,u)   -     R     (arrival)          100  0.0     0     0       0    (-,-) 
  fp_out_reg[15]/clk <<<     -     R     unmapped_d_flop    100    -     1     0       0    (-,-) 
#-------------------------------------------------------------------------------------------------

#--------------------------------------------------------------------------------------------------
#   Timing Point     Flags    Arc   Edge      Cell        Fanout Load Trans Delay Arrival Instance 
#                                                                (fF)  (ps)  (ps)   (ps)  Location 
#--------------------------------------------------------------------------------------------------
  fp_out_reg[15]/clk -       -      R     (arrival)          100    -     1     0       0    (-,-) 
  fp_out_reg[15]/q   (u)     clk->q R     unmapped_d_flop      2  3.9     0   111     111    (-,-) 
  fp_out[15]         -       -      R     (port)               -    -     -     0     111    (-,-) 
#--------------------------------------------------------------------------------------------------

(u) : Net has unmapped pin(s).



Path 118: MET (1450 ps) Late External Delay Assertion at pin fp_out[16]
           View: view_1p2_25
          Group: clock1
     Startpoint: (R) fp_out_reg[16]/clk
          Clock: (R) clock1
       Endpoint: (R) fp_out[16]
          Clock: (R) clock1

                     Capture       Launch     
        Clock Edge:+    1562            0     
       Src Latency:+       0            0     
       Net Latency:+       0 (I)        0 (I) 
           Arrival:=    1562            0     
                                              
      Output Delay:-       1                  
       Uncertainty:-       0                  
     Required Time:=    1561                  
      Launch Clock:-       0                  
         Data Path:-     111                  
             Slack:=    1450                  

Exceptions/Constraints:
  output_delay              1              add_fp16.sdc_line_21_81_1   

Launch clock path:
#-------------------------------------------------------------------------------------------------
#   Timing Point     Flags   Arc   Edge      Cell        Fanout Load Trans Delay Arrival Instance 
#                                                               (fF)  (ps)  (ps)   (ps)  Location 
#-------------------------------------------------------------------------------------------------
  clk                (i,u)   -     R     (arrival)          100  0.0     0     0       0    (-,-) 
  fp_out_reg[16]/clk <<<     -     R     unmapped_d_flop    100    -     1     0       0    (-,-) 
#-------------------------------------------------------------------------------------------------

#--------------------------------------------------------------------------------------------------
#   Timing Point     Flags    Arc   Edge      Cell        Fanout Load Trans Delay Arrival Instance 
#                                                                (fF)  (ps)  (ps)   (ps)  Location 
#--------------------------------------------------------------------------------------------------
  fp_out_reg[16]/clk -       -      R     (arrival)          100    -     1     0       0    (-,-) 
  fp_out_reg[16]/q   (u)     clk->q R     unmapped_d_flop      2  3.9     0   111     111    (-,-) 
  fp_out[16]         -       -      R     (port)               -    -     -     0     111    (-,-) 
#--------------------------------------------------------------------------------------------------

(u) : Net has unmapped pin(s).



Path 119: MET (1450 ps) Late External Delay Assertion at pin fp_out[17]
           View: view_1p2_25
          Group: clock1
     Startpoint: (R) fp_out_reg[17]/clk
          Clock: (R) clock1
       Endpoint: (R) fp_out[17]
          Clock: (R) clock1

                     Capture       Launch     
        Clock Edge:+    1562            0     
       Src Latency:+       0            0     
       Net Latency:+       0 (I)        0 (I) 
           Arrival:=    1562            0     
                                              
      Output Delay:-       1                  
       Uncertainty:-       0                  
     Required Time:=    1561                  
      Launch Clock:-       0                  
         Data Path:-     111                  
             Slack:=    1450                  

Exceptions/Constraints:
  output_delay              1              add_fp16.sdc_line_21_80_1   

Launch clock path:
#-------------------------------------------------------------------------------------------------
#   Timing Point     Flags   Arc   Edge      Cell        Fanout Load Trans Delay Arrival Instance 
#                                                               (fF)  (ps)  (ps)   (ps)  Location 
#-------------------------------------------------------------------------------------------------
  clk                (i,u)   -     R     (arrival)          100  0.0     0     0       0    (-,-) 
  fp_out_reg[17]/clk <<<     -     R     unmapped_d_flop    100    -     1     0       0    (-,-) 
#-------------------------------------------------------------------------------------------------

#--------------------------------------------------------------------------------------------------
#   Timing Point     Flags    Arc   Edge      Cell        Fanout Load Trans Delay Arrival Instance 
#                                                                (fF)  (ps)  (ps)   (ps)  Location 
#--------------------------------------------------------------------------------------------------
  fp_out_reg[17]/clk -       -      R     (arrival)          100    -     1     0       0    (-,-) 
  fp_out_reg[17]/q   (u)     clk->q R     unmapped_d_flop      2  3.9     0   111     111    (-,-) 
  fp_out[17]         -       -      R     (port)               -    -     -     0     111    (-,-) 
#--------------------------------------------------------------------------------------------------

(u) : Net has unmapped pin(s).



Path 120: MET (1450 ps) Late External Delay Assertion at pin fp_out[18]
           View: view_1p2_25
          Group: clock1
     Startpoint: (R) fp_out_reg[18]/clk
          Clock: (R) clock1
       Endpoint: (R) fp_out[18]
          Clock: (R) clock1

                     Capture       Launch     
        Clock Edge:+    1562            0     
       Src Latency:+       0            0     
       Net Latency:+       0 (I)        0 (I) 
           Arrival:=    1562            0     
                                              
      Output Delay:-       1                  
       Uncertainty:-       0                  
     Required Time:=    1561                  
      Launch Clock:-       0                  
         Data Path:-     111                  
             Slack:=    1450                  

Exceptions/Constraints:
  output_delay              1              add_fp16.sdc_line_21_79_1   

Launch clock path:
#-------------------------------------------------------------------------------------------------
#   Timing Point     Flags   Arc   Edge      Cell        Fanout Load Trans Delay Arrival Instance 
#                                                               (fF)  (ps)  (ps)   (ps)  Location 
#-------------------------------------------------------------------------------------------------
  clk                (i,u)   -     R     (arrival)          100  0.0     0     0       0    (-,-) 
  fp_out_reg[18]/clk <<<     -     R     unmapped_d_flop    100    -     1     0       0    (-,-) 
#-------------------------------------------------------------------------------------------------

#--------------------------------------------------------------------------------------------------
#   Timing Point     Flags    Arc   Edge      Cell        Fanout Load Trans Delay Arrival Instance 
#                                                                (fF)  (ps)  (ps)   (ps)  Location 
#--------------------------------------------------------------------------------------------------
  fp_out_reg[18]/clk -       -      R     (arrival)          100    -     1     0       0    (-,-) 
  fp_out_reg[18]/q   (u)     clk->q R     unmapped_d_flop      2  3.9     0   111     111    (-,-) 
  fp_out[18]         -       -      R     (port)               -    -     -     0     111    (-,-) 
#--------------------------------------------------------------------------------------------------

(u) : Net has unmapped pin(s).



Path 121: MET (1450 ps) Late External Delay Assertion at pin fp_out[19]
           View: view_1p2_25
          Group: clock1
     Startpoint: (R) fp_out_reg[19]/clk
          Clock: (R) clock1
       Endpoint: (R) fp_out[19]
          Clock: (R) clock1

                     Capture       Launch     
        Clock Edge:+    1562            0     
       Src Latency:+       0            0     
       Net Latency:+       0 (I)        0 (I) 
           Arrival:=    1562            0     
                                              
      Output Delay:-       1                  
       Uncertainty:-       0                  
     Required Time:=    1561                  
      Launch Clock:-       0                  
         Data Path:-     111                  
             Slack:=    1450                  

Exceptions/Constraints:
  output_delay              1              add_fp16.sdc_line_21_78_1   

Launch clock path:
#-------------------------------------------------------------------------------------------------
#   Timing Point     Flags   Arc   Edge      Cell        Fanout Load Trans Delay Arrival Instance 
#                                                               (fF)  (ps)  (ps)   (ps)  Location 
#-------------------------------------------------------------------------------------------------
  clk                (i,u)   -     R     (arrival)          100  0.0     0     0       0    (-,-) 
  fp_out_reg[19]/clk <<<     -     R     unmapped_d_flop    100    -     1     0       0    (-,-) 
#-------------------------------------------------------------------------------------------------

#--------------------------------------------------------------------------------------------------
#   Timing Point     Flags    Arc   Edge      Cell        Fanout Load Trans Delay Arrival Instance 
#                                                                (fF)  (ps)  (ps)   (ps)  Location 
#--------------------------------------------------------------------------------------------------
  fp_out_reg[19]/clk -       -      R     (arrival)          100    -     1     0       0    (-,-) 
  fp_out_reg[19]/q   (u)     clk->q R     unmapped_d_flop      2  3.9     0   111     111    (-,-) 
  fp_out[19]         -       -      R     (port)               -    -     -     0     111    (-,-) 
#--------------------------------------------------------------------------------------------------

(u) : Net has unmapped pin(s).



Path 122: MET (1450 ps) Late External Delay Assertion at pin fp_out[20]
           View: view_1p2_25
          Group: clock1
     Startpoint: (R) fp_out_reg[20]/clk
          Clock: (R) clock1
       Endpoint: (R) fp_out[20]
          Clock: (R) clock1

                     Capture       Launch     
        Clock Edge:+    1562            0     
       Src Latency:+       0            0     
       Net Latency:+       0 (I)        0 (I) 
           Arrival:=    1562            0     
                                              
      Output Delay:-       1                  
       Uncertainty:-       0                  
     Required Time:=    1561                  
      Launch Clock:-       0                  
         Data Path:-     111                  
             Slack:=    1450                  

Exceptions/Constraints:
  output_delay              1              add_fp16.sdc_line_21_77_1   

Launch clock path:
#-------------------------------------------------------------------------------------------------
#   Timing Point     Flags   Arc   Edge      Cell        Fanout Load Trans Delay Arrival Instance 
#                                                               (fF)  (ps)  (ps)   (ps)  Location 
#-------------------------------------------------------------------------------------------------
  clk                (i,u)   -     R     (arrival)          100  0.0     0     0       0    (-,-) 
  fp_out_reg[20]/clk <<<     -     R     unmapped_d_flop    100    -     1     0       0    (-,-) 
#-------------------------------------------------------------------------------------------------

#--------------------------------------------------------------------------------------------------
#   Timing Point     Flags    Arc   Edge      Cell        Fanout Load Trans Delay Arrival Instance 
#                                                                (fF)  (ps)  (ps)   (ps)  Location 
#--------------------------------------------------------------------------------------------------
  fp_out_reg[20]/clk -       -      R     (arrival)          100    -     1     0       0    (-,-) 
  fp_out_reg[20]/q   (u)     clk->q R     unmapped_d_flop      2  3.9     0   111     111    (-,-) 
  fp_out[20]         -       -      R     (port)               -    -     -     0     111    (-,-) 
#--------------------------------------------------------------------------------------------------

(u) : Net has unmapped pin(s).



Path 123: MET (1450 ps) Late External Delay Assertion at pin fp_out[21]
           View: view_1p2_25
          Group: clock1
     Startpoint: (R) fp_out_reg[21]/clk
          Clock: (R) clock1
       Endpoint: (R) fp_out[21]
          Clock: (R) clock1

                     Capture       Launch     
        Clock Edge:+    1562            0     
       Src Latency:+       0            0     
       Net Latency:+       0 (I)        0 (I) 
           Arrival:=    1562            0     
                                              
      Output Delay:-       1                  
       Uncertainty:-       0                  
     Required Time:=    1561                  
      Launch Clock:-       0                  
         Data Path:-     111                  
             Slack:=    1450                  

Exceptions/Constraints:
  output_delay              1              add_fp16.sdc_line_21_76_1   

Launch clock path:
#-------------------------------------------------------------------------------------------------
#   Timing Point     Flags   Arc   Edge      Cell        Fanout Load Trans Delay Arrival Instance 
#                                                               (fF)  (ps)  (ps)   (ps)  Location 
#-------------------------------------------------------------------------------------------------
  clk                (i,u)   -     R     (arrival)          100  0.0     0     0       0    (-,-) 
  fp_out_reg[21]/clk <<<     -     R     unmapped_d_flop    100    -     1     0       0    (-,-) 
#-------------------------------------------------------------------------------------------------

#--------------------------------------------------------------------------------------------------
#   Timing Point     Flags    Arc   Edge      Cell        Fanout Load Trans Delay Arrival Instance 
#                                                                (fF)  (ps)  (ps)   (ps)  Location 
#--------------------------------------------------------------------------------------------------
  fp_out_reg[21]/clk -       -      R     (arrival)          100    -     1     0       0    (-,-) 
  fp_out_reg[21]/q   (u)     clk->q R     unmapped_d_flop      2  3.9     0   111     111    (-,-) 
  fp_out[21]         -       -      R     (port)               -    -     -     0     111    (-,-) 
#--------------------------------------------------------------------------------------------------

(u) : Net has unmapped pin(s).



Path 124: MET (1450 ps) Late External Delay Assertion at pin fp_out[22]
           View: view_1p2_25
          Group: clock1
     Startpoint: (R) fp_out_reg[22]/clk
          Clock: (R) clock1
       Endpoint: (R) fp_out[22]
          Clock: (R) clock1

                     Capture       Launch     
        Clock Edge:+    1562            0     
       Src Latency:+       0            0     
       Net Latency:+       0 (I)        0 (I) 
           Arrival:=    1562            0     
                                              
      Output Delay:-       1                  
       Uncertainty:-       0                  
     Required Time:=    1561                  
      Launch Clock:-       0                  
         Data Path:-     111                  
             Slack:=    1450                  

Exceptions/Constraints:
  output_delay              1              add_fp16.sdc_line_21_75_1   

Launch clock path:
#-------------------------------------------------------------------------------------------------
#   Timing Point     Flags   Arc   Edge      Cell        Fanout Load Trans Delay Arrival Instance 
#                                                               (fF)  (ps)  (ps)   (ps)  Location 
#-------------------------------------------------------------------------------------------------
  clk                (i,u)   -     R     (arrival)          100  0.0     0     0       0    (-,-) 
  fp_out_reg[22]/clk <<<     -     R     unmapped_d_flop    100    -     1     0       0    (-,-) 
#-------------------------------------------------------------------------------------------------

#--------------------------------------------------------------------------------------------------
#   Timing Point     Flags    Arc   Edge      Cell        Fanout Load Trans Delay Arrival Instance 
#                                                                (fF)  (ps)  (ps)   (ps)  Location 
#--------------------------------------------------------------------------------------------------
  fp_out_reg[22]/clk -       -      R     (arrival)          100    -     1     0       0    (-,-) 
  fp_out_reg[22]/q   (u)     clk->q R     unmapped_d_flop      2  3.9     0   111     111    (-,-) 
  fp_out[22]         -       -      R     (port)               -    -     -     0     111    (-,-) 
#--------------------------------------------------------------------------------------------------

(u) : Net has unmapped pin(s).



Path 125: MET (1450 ps) Late External Delay Assertion at pin fp_out[23]
           View: view_1p2_25
          Group: clock1
     Startpoint: (R) fp_out_reg[23]/clk
          Clock: (R) clock1
       Endpoint: (R) fp_out[23]
          Clock: (R) clock1

                     Capture       Launch     
        Clock Edge:+    1562            0     
       Src Latency:+       0            0     
       Net Latency:+       0 (I)        0 (I) 
           Arrival:=    1562            0     
                                              
      Output Delay:-       1                  
       Uncertainty:-       0                  
     Required Time:=    1561                  
      Launch Clock:-       0                  
         Data Path:-     111                  
             Slack:=    1450                  

Exceptions/Constraints:
  output_delay              1              add_fp16.sdc_line_21_74_1   

Launch clock path:
#-------------------------------------------------------------------------------------------------
#   Timing Point     Flags   Arc   Edge      Cell        Fanout Load Trans Delay Arrival Instance 
#                                                               (fF)  (ps)  (ps)   (ps)  Location 
#-------------------------------------------------------------------------------------------------
  clk                (i,u)   -     R     (arrival)          100  0.0     0     0       0    (-,-) 
  fp_out_reg[23]/clk <<<     -     R     unmapped_d_flop    100    -     1     0       0    (-,-) 
#-------------------------------------------------------------------------------------------------

#--------------------------------------------------------------------------------------------------
#   Timing Point     Flags    Arc   Edge      Cell        Fanout Load Trans Delay Arrival Instance 
#                                                                (fF)  (ps)  (ps)   (ps)  Location 
#--------------------------------------------------------------------------------------------------
  fp_out_reg[23]/clk -       -      R     (arrival)          100    -     1     0       0    (-,-) 
  fp_out_reg[23]/q   (u)     clk->q R     unmapped_d_flop      2  3.9     0   111     111    (-,-) 
  fp_out[23]         -       -      R     (port)               -    -     -     0     111    (-,-) 
#--------------------------------------------------------------------------------------------------

(u) : Net has unmapped pin(s).



Path 126: MET (1450 ps) Late External Delay Assertion at pin fp_out[24]
           View: view_1p2_25
          Group: clock1
     Startpoint: (R) fp_out_reg[24]/clk
          Clock: (R) clock1
       Endpoint: (R) fp_out[24]
          Clock: (R) clock1

                     Capture       Launch     
        Clock Edge:+    1562            0     
       Src Latency:+       0            0     
       Net Latency:+       0 (I)        0 (I) 
           Arrival:=    1562            0     
                                              
      Output Delay:-       1                  
       Uncertainty:-       0                  
     Required Time:=    1561                  
      Launch Clock:-       0                  
         Data Path:-     111                  
             Slack:=    1450                  

Exceptions/Constraints:
  output_delay              1              add_fp16.sdc_line_21_73_1   

Launch clock path:
#-------------------------------------------------------------------------------------------------
#   Timing Point     Flags   Arc   Edge      Cell        Fanout Load Trans Delay Arrival Instance 
#                                                               (fF)  (ps)  (ps)   (ps)  Location 
#-------------------------------------------------------------------------------------------------
  clk                (i,u)   -     R     (arrival)          100  0.0     0     0       0    (-,-) 
  fp_out_reg[24]/clk <<<     -     R     unmapped_d_flop    100    -     1     0       0    (-,-) 
#-------------------------------------------------------------------------------------------------

#--------------------------------------------------------------------------------------------------
#   Timing Point     Flags    Arc   Edge      Cell        Fanout Load Trans Delay Arrival Instance 
#                                                                (fF)  (ps)  (ps)   (ps)  Location 
#--------------------------------------------------------------------------------------------------
  fp_out_reg[24]/clk -       -      R     (arrival)          100    -     1     0       0    (-,-) 
  fp_out_reg[24]/q   (u)     clk->q R     unmapped_d_flop      2  3.9     0   111     111    (-,-) 
  fp_out[24]         -       -      R     (port)               -    -     -     0     111    (-,-) 
#--------------------------------------------------------------------------------------------------

(u) : Net has unmapped pin(s).



Path 127: MET (1450 ps) Late External Delay Assertion at pin fp_out[25]
           View: view_1p2_25
          Group: clock1
     Startpoint: (R) fp_out_reg[25]/clk
          Clock: (R) clock1
       Endpoint: (R) fp_out[25]
          Clock: (R) clock1

                     Capture       Launch     
        Clock Edge:+    1562            0     
       Src Latency:+       0            0     
       Net Latency:+       0 (I)        0 (I) 
           Arrival:=    1562            0     
                                              
      Output Delay:-       1                  
       Uncertainty:-       0                  
     Required Time:=    1561                  
      Launch Clock:-       0                  
         Data Path:-     111                  
             Slack:=    1450                  

Exceptions/Constraints:
  output_delay              1              add_fp16.sdc_line_21_72_1   

Launch clock path:
#-------------------------------------------------------------------------------------------------
#   Timing Point     Flags   Arc   Edge      Cell        Fanout Load Trans Delay Arrival Instance 
#                                                               (fF)  (ps)  (ps)   (ps)  Location 
#-------------------------------------------------------------------------------------------------
  clk                (i,u)   -     R     (arrival)          100  0.0     0     0       0    (-,-) 
  fp_out_reg[25]/clk <<<     -     R     unmapped_d_flop    100    -     1     0       0    (-,-) 
#-------------------------------------------------------------------------------------------------

#--------------------------------------------------------------------------------------------------
#   Timing Point     Flags    Arc   Edge      Cell        Fanout Load Trans Delay Arrival Instance 
#                                                                (fF)  (ps)  (ps)   (ps)  Location 
#--------------------------------------------------------------------------------------------------
  fp_out_reg[25]/clk -       -      R     (arrival)          100    -     1     0       0    (-,-) 
  fp_out_reg[25]/q   (u)     clk->q R     unmapped_d_flop      2  3.9     0   111     111    (-,-) 
  fp_out[25]         -       -      R     (port)               -    -     -     0     111    (-,-) 
#--------------------------------------------------------------------------------------------------

(u) : Net has unmapped pin(s).



Path 128: MET (1450 ps) Late External Delay Assertion at pin fp_out[26]
           View: view_1p2_25
          Group: clock1
     Startpoint: (R) fp_out_reg[26]/clk
          Clock: (R) clock1
       Endpoint: (R) fp_out[26]
          Clock: (R) clock1

                     Capture       Launch     
        Clock Edge:+    1562            0     
       Src Latency:+       0            0     
       Net Latency:+       0 (I)        0 (I) 
           Arrival:=    1562            0     
                                              
      Output Delay:-       1                  
       Uncertainty:-       0                  
     Required Time:=    1561                  
      Launch Clock:-       0                  
         Data Path:-     111                  
             Slack:=    1450                  

Exceptions/Constraints:
  output_delay              1              add_fp16.sdc_line_21_71_1   

Launch clock path:
#-------------------------------------------------------------------------------------------------
#   Timing Point     Flags   Arc   Edge      Cell        Fanout Load Trans Delay Arrival Instance 
#                                                               (fF)  (ps)  (ps)   (ps)  Location 
#-------------------------------------------------------------------------------------------------
  clk                (i,u)   -     R     (arrival)          100  0.0     0     0       0    (-,-) 
  fp_out_reg[26]/clk <<<     -     R     unmapped_d_flop    100    -     1     0       0    (-,-) 
#-------------------------------------------------------------------------------------------------

#--------------------------------------------------------------------------------------------------
#   Timing Point     Flags    Arc   Edge      Cell        Fanout Load Trans Delay Arrival Instance 
#                                                                (fF)  (ps)  (ps)   (ps)  Location 
#--------------------------------------------------------------------------------------------------
  fp_out_reg[26]/clk -       -      R     (arrival)          100    -     1     0       0    (-,-) 
  fp_out_reg[26]/q   (u)     clk->q R     unmapped_d_flop      2  3.9     0   111     111    (-,-) 
  fp_out[26]         -       -      R     (port)               -    -     -     0     111    (-,-) 
#--------------------------------------------------------------------------------------------------

(u) : Net has unmapped pin(s).



Path 129: MET (1450 ps) Late External Delay Assertion at pin fp_out[27]
           View: view_1p2_25
          Group: clock1
     Startpoint: (R) fp_out_reg[27]/clk
          Clock: (R) clock1
       Endpoint: (R) fp_out[27]
          Clock: (R) clock1

                     Capture       Launch     
        Clock Edge:+    1562            0     
       Src Latency:+       0            0     
       Net Latency:+       0 (I)        0 (I) 
           Arrival:=    1562            0     
                                              
      Output Delay:-       1                  
       Uncertainty:-       0                  
     Required Time:=    1561                  
      Launch Clock:-       0                  
         Data Path:-     111                  
             Slack:=    1450                  

Exceptions/Constraints:
  output_delay              1              add_fp16.sdc_line_21_70_1   

Launch clock path:
#-------------------------------------------------------------------------------------------------
#   Timing Point     Flags   Arc   Edge      Cell        Fanout Load Trans Delay Arrival Instance 
#                                                               (fF)  (ps)  (ps)   (ps)  Location 
#-------------------------------------------------------------------------------------------------
  clk                (i,u)   -     R     (arrival)          100  0.0     0     0       0    (-,-) 
  fp_out_reg[27]/clk <<<     -     R     unmapped_d_flop    100    -     1     0       0    (-,-) 
#-------------------------------------------------------------------------------------------------

#--------------------------------------------------------------------------------------------------
#   Timing Point     Flags    Arc   Edge      Cell        Fanout Load Trans Delay Arrival Instance 
#                                                                (fF)  (ps)  (ps)   (ps)  Location 
#--------------------------------------------------------------------------------------------------
  fp_out_reg[27]/clk -       -      R     (arrival)          100    -     1     0       0    (-,-) 
  fp_out_reg[27]/q   (u)     clk->q R     unmapped_d_flop      2  3.9     0   111     111    (-,-) 
  fp_out[27]         -       -      R     (port)               -    -     -     0     111    (-,-) 
#--------------------------------------------------------------------------------------------------

(u) : Net has unmapped pin(s).



Path 130: MET (1450 ps) Late External Delay Assertion at pin fp_out[28]
           View: view_1p2_25
          Group: clock1
     Startpoint: (R) fp_out_reg[28]/clk
          Clock: (R) clock1
       Endpoint: (R) fp_out[28]
          Clock: (R) clock1

                     Capture       Launch     
        Clock Edge:+    1562            0     
       Src Latency:+       0            0     
       Net Latency:+       0 (I)        0 (I) 
           Arrival:=    1562            0     
                                              
      Output Delay:-       1                  
       Uncertainty:-       0                  
     Required Time:=    1561                  
      Launch Clock:-       0                  
         Data Path:-     111                  
             Slack:=    1450                  

Exceptions/Constraints:
  output_delay              1              add_fp16.sdc_line_21_69_1   

Launch clock path:
#-------------------------------------------------------------------------------------------------
#   Timing Point     Flags   Arc   Edge      Cell        Fanout Load Trans Delay Arrival Instance 
#                                                               (fF)  (ps)  (ps)   (ps)  Location 
#-------------------------------------------------------------------------------------------------
  clk                (i,u)   -     R     (arrival)          100  0.0     0     0       0    (-,-) 
  fp_out_reg[28]/clk <<<     -     R     unmapped_d_flop    100    -     1     0       0    (-,-) 
#-------------------------------------------------------------------------------------------------

#--------------------------------------------------------------------------------------------------
#   Timing Point     Flags    Arc   Edge      Cell        Fanout Load Trans Delay Arrival Instance 
#                                                                (fF)  (ps)  (ps)   (ps)  Location 
#--------------------------------------------------------------------------------------------------
  fp_out_reg[28]/clk -       -      R     (arrival)          100    -     1     0       0    (-,-) 
  fp_out_reg[28]/q   (u)     clk->q R     unmapped_d_flop      2  3.9     0   111     111    (-,-) 
  fp_out[28]         -       -      R     (port)               -    -     -     0     111    (-,-) 
#--------------------------------------------------------------------------------------------------

(u) : Net has unmapped pin(s).



Path 131: MET (1450 ps) Late External Delay Assertion at pin fp_out[29]
           View: view_1p2_25
          Group: clock1
     Startpoint: (R) fp_out_reg[29]/clk
          Clock: (R) clock1
       Endpoint: (R) fp_out[29]
          Clock: (R) clock1

                     Capture       Launch     
        Clock Edge:+    1562            0     
       Src Latency:+       0            0     
       Net Latency:+       0 (I)        0 (I) 
           Arrival:=    1562            0     
                                              
      Output Delay:-       1                  
       Uncertainty:-       0                  
     Required Time:=    1561                  
      Launch Clock:-       0                  
         Data Path:-     111                  
             Slack:=    1450                  

Exceptions/Constraints:
  output_delay              1              add_fp16.sdc_line_21_68_1   

Launch clock path:
#-------------------------------------------------------------------------------------------------
#   Timing Point     Flags   Arc   Edge      Cell        Fanout Load Trans Delay Arrival Instance 
#                                                               (fF)  (ps)  (ps)   (ps)  Location 
#-------------------------------------------------------------------------------------------------
  clk                (i,u)   -     R     (arrival)          100  0.0     0     0       0    (-,-) 
  fp_out_reg[29]/clk <<<     -     R     unmapped_d_flop    100    -     1     0       0    (-,-) 
#-------------------------------------------------------------------------------------------------

#--------------------------------------------------------------------------------------------------
#   Timing Point     Flags    Arc   Edge      Cell        Fanout Load Trans Delay Arrival Instance 
#                                                                (fF)  (ps)  (ps)   (ps)  Location 
#--------------------------------------------------------------------------------------------------
  fp_out_reg[29]/clk -       -      R     (arrival)          100    -     1     0       0    (-,-) 
  fp_out_reg[29]/q   (u)     clk->q R     unmapped_d_flop      2  3.9     0   111     111    (-,-) 
  fp_out[29]         -       -      R     (port)               -    -     -     0     111    (-,-) 
#--------------------------------------------------------------------------------------------------

(u) : Net has unmapped pin(s).



Path 132: MET (1450 ps) Late External Delay Assertion at pin fp_out[30]
           View: view_1p2_25
          Group: clock1
     Startpoint: (R) fp_out_reg[30]/clk
          Clock: (R) clock1
       Endpoint: (R) fp_out[30]
          Clock: (R) clock1

                     Capture       Launch     
        Clock Edge:+    1562            0     
       Src Latency:+       0            0     
       Net Latency:+       0 (I)        0 (I) 
           Arrival:=    1562            0     
                                              
      Output Delay:-       1                  
       Uncertainty:-       0                  
     Required Time:=    1561                  
      Launch Clock:-       0                  
         Data Path:-     111                  
             Slack:=    1450                  

Exceptions/Constraints:
  output_delay              1              add_fp16.sdc_line_21_67_1   

Launch clock path:
#-------------------------------------------------------------------------------------------------
#   Timing Point     Flags   Arc   Edge      Cell        Fanout Load Trans Delay Arrival Instance 
#                                                               (fF)  (ps)  (ps)   (ps)  Location 
#-------------------------------------------------------------------------------------------------
  clk                (i,u)   -     R     (arrival)          100  0.0     0     0       0    (-,-) 
  fp_out_reg[30]/clk <<<     -     R     unmapped_d_flop    100    -     1     0       0    (-,-) 
#-------------------------------------------------------------------------------------------------

#--------------------------------------------------------------------------------------------------
#   Timing Point     Flags    Arc   Edge      Cell        Fanout Load Trans Delay Arrival Instance 
#                                                                (fF)  (ps)  (ps)   (ps)  Location 
#--------------------------------------------------------------------------------------------------
  fp_out_reg[30]/clk -       -      R     (arrival)          100    -     1     0       0    (-,-) 
  fp_out_reg[30]/q   (u)     clk->q R     unmapped_d_flop      2  3.9     0   111     111    (-,-) 
  fp_out[30]         -       -      R     (port)               -    -     -     0     111    (-,-) 
#--------------------------------------------------------------------------------------------------

(u) : Net has unmapped pin(s).



Path 133: MET (1450 ps) Late External Delay Assertion at pin fp_out[31]
           View: view_1p2_25
          Group: clock1
     Startpoint: (R) fp_out_reg[31]/clk
          Clock: (R) clock1
       Endpoint: (R) fp_out[31]
          Clock: (R) clock1

                     Capture       Launch     
        Clock Edge:+    1562            0     
       Src Latency:+       0            0     
       Net Latency:+       0 (I)        0 (I) 
           Arrival:=    1562            0     
                                              
      Output Delay:-       1                  
       Uncertainty:-       0                  
     Required Time:=    1561                  
      Launch Clock:-       0                  
         Data Path:-     111                  
             Slack:=    1450                  

Exceptions/Constraints:
  output_delay              1              add_fp16.sdc_line_21   

Launch clock path:
#-------------------------------------------------------------------------------------------------
#   Timing Point     Flags   Arc   Edge      Cell        Fanout Load Trans Delay Arrival Instance 
#                                                               (fF)  (ps)  (ps)   (ps)  Location 
#-------------------------------------------------------------------------------------------------
  clk                (i,u)   -     R     (arrival)          100  0.0     0     0       0    (-,-) 
  fp_out_reg[31]/clk <<<     -     R     unmapped_d_flop    100    -     1     0       0    (-,-) 
#-------------------------------------------------------------------------------------------------

#--------------------------------------------------------------------------------------------------
#   Timing Point     Flags    Arc   Edge      Cell        Fanout Load Trans Delay Arrival Instance 
#                                                                (fF)  (ps)  (ps)   (ps)  Location 
#--------------------------------------------------------------------------------------------------
  fp_out_reg[31]/clk -       -      R     (arrival)          100    -     1     0       0    (-,-) 
  fp_out_reg[31]/q   (u)     clk->q R     unmapped_d_flop      2  3.9     0   111     111    (-,-) 
  fp_out[31]         -       -      R     (port)               -    -     -     0     111    (-,-) 
#--------------------------------------------------------------------------------------------------

(u) : Net has unmapped pin(s).


